ISO-10303-21;
HEADER;
/* Generated by software containing ST-Developer
 * from STEP Tools, Inc. (www.steptools.com) 
 */
/* OPTION: using custom renumber hook */

FILE_DESCRIPTION(
/* description */ ('STEP AP242',
'CAx-IF Rec.Pracs.---Representation and Presentation of Product Manufa
cturing Information (PMI)---4.0---2014-10-13',
'CAx-IF Rec.Pracs.---3D Tessellated Geometry---0.4---2014-09-14','2;1'),

/* implementation_level */ '2;1');

FILE_NAME(
/* name */ 'FTSH-113-01-L-DV-EJ-K',
/* time_stamp */ '2026-09-17T23:04:14+02:00',
/* author */ ('License CC BY-ND 4.0'),
/* organization */ ('CADENAS'),
/* preprocessor_version */ 'ST-DEVELOPER v20',
/* originating_system */ 'PARTsolutions',
/* authorisation */ '  ');

FILE_SCHEMA (('AP242_MANAGED_MODEL_BASED_3D_ENGINEERING_MIM_LF { 1 0 10303 442 1 1 4 }'));
ENDSEC;

DATA;
#10=CIRCLE('',#12628,0.0250000000000005);
#11=CIRCLE('',#12629,0.0250000000000005);
#12=CIRCLE('',#12631,0.0250000000000005);
#13=CIRCLE('',#12632,0.0250000000000005);
#14=CIRCLE('',#12634,0.0250000000000005);
#15=CIRCLE('',#12635,0.0250000000000005);
#16=CIRCLE('',#12637,0.0250000000000005);
#17=CIRCLE('',#12638,0.0250000000000005);
#18=CIRCLE('',#12640,0.0250000000000005);
#19=CIRCLE('',#12641,0.0250000000000005);
#20=CIRCLE('',#12643,0.0250000000000005);
#21=CIRCLE('',#12644,0.0250000000000005);
#22=CIRCLE('',#12646,0.0250000000000005);
#23=CIRCLE('',#12647,0.0250000000000005);
#24=CIRCLE('',#12649,0.0250000000000005);
#25=CIRCLE('',#12650,0.0250000000000005);
#26=CIRCLE('',#12652,0.0250000000000005);
#27=CIRCLE('',#12653,0.0250000000000005);
#28=CIRCLE('',#12655,0.0250000000000005);
#29=CIRCLE('',#12656,0.0250000000000005);
#30=CIRCLE('',#12658,0.0250000000000005);
#31=CIRCLE('',#12659,0.0250000000000005);
#32=CIRCLE('',#12661,0.0250000000000005);
#33=CIRCLE('',#12662,0.0250000000000005);
#34=CIRCLE('',#12688,0.0250000000000005);
#35=CIRCLE('',#12689,0.0250000000000005);
#36=CIRCLE('',#12691,0.0250000000000005);
#37=CIRCLE('',#12692,0.0250000000000005);
#38=CIRCLE('',#12694,0.0250000000000005);
#39=CIRCLE('',#12695,0.0250000000000005);
#40=CIRCLE('',#12697,0.0250000000000005);
#41=CIRCLE('',#12698,0.0250000000000005);
#42=CIRCLE('',#12700,0.0250000000000005);
#43=CIRCLE('',#12701,0.0250000000000005);
#44=CIRCLE('',#12703,0.0250000000000005);
#45=CIRCLE('',#12704,0.0250000000000005);
#46=CIRCLE('',#12706,0.0250000000000005);
#47=CIRCLE('',#12707,0.0250000000000005);
#48=CIRCLE('',#12709,0.0250000000000005);
#49=CIRCLE('',#12710,0.0250000000000005);
#50=CIRCLE('',#12712,0.0250000000000005);
#51=CIRCLE('',#12713,0.0250000000000005);
#52=CIRCLE('',#12715,0.0250000000000005);
#53=CIRCLE('',#12716,0.0250000000000005);
#54=CIRCLE('',#12718,0.0250000000000005);
#55=CIRCLE('',#12719,0.0250000000000005);
#56=CIRCLE('',#12721,0.0250000000000005);
#57=CIRCLE('',#12722,0.0250000000000005);
#58=CIRCLE('',#12763,0.0250000000000005);
#59=CIRCLE('',#12764,0.0250000000000005);
#60=CIRCLE('',#12769,0.0250000000000005);
#61=CIRCLE('',#12770,0.0250000000000005);
#62=CIRCLE('',#12829,0.025);
#63=CIRCLE('',#12830,0.025);
#64=CIRCLE('',#12856,0.025);
#65=CIRCLE('',#12859,0.025);
#66=CIRCLE('',#12864,0.0800000000000102);
#67=CIRCLE('',#12865,0.0800000000000102);
#68=CIRCLE('',#12875,0.0150000000000007);
#69=CIRCLE('',#12876,0.0150000000000007);
#70=CYLINDRICAL_SURFACE('',#12627,0.0250000000000005);
#71=CYLINDRICAL_SURFACE('',#12630,0.0250000000000005);
#72=CYLINDRICAL_SURFACE('',#12633,0.0250000000000005);
#73=CYLINDRICAL_SURFACE('',#12636,0.0250000000000005);
#74=CYLINDRICAL_SURFACE('',#12639,0.0250000000000005);
#75=CYLINDRICAL_SURFACE('',#12642,0.0250000000000005);
#76=CYLINDRICAL_SURFACE('',#12645,0.0250000000000005);
#77=CYLINDRICAL_SURFACE('',#12648,0.0250000000000005);
#78=CYLINDRICAL_SURFACE('',#12651,0.0250000000000005);
#79=CYLINDRICAL_SURFACE('',#12654,0.0250000000000005);
#80=CYLINDRICAL_SURFACE('',#12657,0.0250000000000005);
#81=CYLINDRICAL_SURFACE('',#12660,0.0250000000000005);
#82=CYLINDRICAL_SURFACE('',#12687,0.0250000000000005);
#83=CYLINDRICAL_SURFACE('',#12690,0.0250000000000005);
#84=CYLINDRICAL_SURFACE('',#12693,0.0250000000000005);
#85=CYLINDRICAL_SURFACE('',#12696,0.0250000000000005);
#86=CYLINDRICAL_SURFACE('',#12699,0.0250000000000005);
#87=CYLINDRICAL_SURFACE('',#12702,0.0250000000000005);
#88=CYLINDRICAL_SURFACE('',#12705,0.0250000000000005);
#89=CYLINDRICAL_SURFACE('',#12708,0.0250000000000005);
#90=CYLINDRICAL_SURFACE('',#12711,0.0250000000000005);
#91=CYLINDRICAL_SURFACE('',#12714,0.0250000000000005);
#92=CYLINDRICAL_SURFACE('',#12717,0.0250000000000005);
#93=CYLINDRICAL_SURFACE('',#12720,0.0250000000000005);
#94=CYLINDRICAL_SURFACE('',#12762,0.0250000000000005);
#95=CYLINDRICAL_SURFACE('',#12768,0.0250000000000005);
#96=CYLINDRICAL_SURFACE('',#12828,0.025);
#97=CYLINDRICAL_SURFACE('',#12858,0.025);
#98=CYLINDRICAL_SURFACE('',#12863,0.0800000000000102);
#99=CYLINDRICAL_SURFACE('',#12874,0.0150000000000007);
#100=CONTEXT_DEPENDENT_SHAPE_REPRESENTATION(#110,#19330);
#101=CONTEXT_DEPENDENT_SHAPE_REPRESENTATION(#111,#19332);
#102=CONTEXT_DEPENDENT_SHAPE_REPRESENTATION(#112,#19334);
#103=CONTEXT_DEPENDENT_SHAPE_REPRESENTATION(#113,#19336);
#104=CONTEXT_DEPENDENT_SHAPE_REPRESENTATION(#114,#19337);
#105=NEXT_ASSEMBLY_USAGE_OCCURRENCE('NAUO1',
'FTSH-113-01-L-DV-EJ-K_body','FTSH-113-01-L-DV-EJ-K_body',#19338,#19339,
'');
#106=NEXT_ASSEMBLY_USAGE_OCCURRENCE('NAUO2',
'FTSH-113-01-L-DV-EJ-K_pins1','FTSH-113-01-L-DV-EJ-K_pins1',#19338,#19340,
'');
#107=NEXT_ASSEMBLY_USAGE_OCCURRENCE('NAUO3',
'FTSH-113-01-L-DV-EJ-K_pins2','FTSH-113-01-L-DV-EJ-K_pins2',#19338,#19341,
'');
#108=NEXT_ASSEMBLY_USAGE_OCCURRENCE('NAUO4','FTSH-EJ_shrouds',
'FTSH-EJ_shrouds',#19338,#19342,'');
#109=NEXT_ASSEMBLY_USAGE_OCCURRENCE('NAUO5','FTSH-EJ_shrouds',
'FTSH-EJ_shrouds',#19338,#19342,'');
#110=(
REPRESENTATION_RELATIONSHIP(' ',' ',#12195,#12194)
REPRESENTATION_RELATIONSHIP_WITH_TRANSFORMATION(#115)
SHAPE_REPRESENTATION_RELATIONSHIP()
);
#111=(
REPRESENTATION_RELATIONSHIP(' ',' ',#12196,#12194)
REPRESENTATION_RELATIONSHIP_WITH_TRANSFORMATION(#116)
SHAPE_REPRESENTATION_RELATIONSHIP()
);
#112=(
REPRESENTATION_RELATIONSHIP(' ',' ',#12197,#12194)
REPRESENTATION_RELATIONSHIP_WITH_TRANSFORMATION(#117)
SHAPE_REPRESENTATION_RELATIONSHIP()
);
#113=(
REPRESENTATION_RELATIONSHIP(' ',' ',#12198,#12194)
REPRESENTATION_RELATIONSHIP_WITH_TRANSFORMATION(#118)
SHAPE_REPRESENTATION_RELATIONSHIP()
);
#114=(
REPRESENTATION_RELATIONSHIP(' ',' ',#12198,#12194)
REPRESENTATION_RELATIONSHIP_WITH_TRANSFORMATION(#119)
SHAPE_REPRESENTATION_RELATIONSHIP()
);
#115=ITEM_DEFINED_TRANSFORMATION(' ',' ',#12199,#12354);
#116=ITEM_DEFINED_TRANSFORMATION(' ',' ',#12199,#12590);
#117=ITEM_DEFINED_TRANSFORMATION(' ',' ',#12199,#12826);
#118=ITEM_DEFINED_TRANSFORMATION(' ',' ',#12199,#12881);
#119=ITEM_DEFINED_TRANSFORMATION(' ',' ',#12199,#12882);
#120=SHAPE_REPRESENTATION_RELATIONSHIP('','',#12195,#124);
#121=SHAPE_REPRESENTATION_RELATIONSHIP('','',#12196,#125);
#122=SHAPE_REPRESENTATION_RELATIONSHIP('','',#12197,#126);
#123=SHAPE_REPRESENTATION_RELATIONSHIP('','',#12198,#127);
#124=ADVANCED_BREP_SHAPE_REPRESENTATION('',(#12185),#19313);
#125=ADVANCED_BREP_SHAPE_REPRESENTATION('',(#12186),#19314);
#126=ADVANCED_BREP_SHAPE_REPRESENTATION('',(#12187),#19315);
#127=ADVANCED_BREP_SHAPE_REPRESENTATION('',(#12188),#19316);
#128=ORIENTED_EDGE('',*,*,#3528,.T.);
#129=ORIENTED_EDGE('',*,*,#3529,.T.);
#130=ORIENTED_EDGE('',*,*,#3530,.T.);
#131=ORIENTED_EDGE('',*,*,#3531,.T.);
#132=ORIENTED_EDGE('',*,*,#3532,.F.);
#133=ORIENTED_EDGE('',*,*,#3533,.F.);
#134=ORIENTED_EDGE('',*,*,#3534,.T.);
#135=ORIENTED_EDGE('',*,*,#3535,.T.);
#136=ORIENTED_EDGE('',*,*,#3536,.T.);
#137=ORIENTED_EDGE('',*,*,#3537,.T.);
#138=ORIENTED_EDGE('',*,*,#3538,.T.);
#139=ORIENTED_EDGE('',*,*,#3539,.T.);
#140=ORIENTED_EDGE('',*,*,#3540,.T.);
#141=ORIENTED_EDGE('',*,*,#3541,.T.);
#142=ORIENTED_EDGE('',*,*,#3542,.F.);
#143=ORIENTED_EDGE('',*,*,#3543,.T.);
#144=ORIENTED_EDGE('',*,*,#3544,.T.);
#145=ORIENTED_EDGE('',*,*,#3545,.T.);
#146=ORIENTED_EDGE('',*,*,#3546,.T.);
#147=ORIENTED_EDGE('',*,*,#3547,.T.);
#148=ORIENTED_EDGE('',*,*,#3548,.F.);
#149=ORIENTED_EDGE('',*,*,#3538,.F.);
#150=ORIENTED_EDGE('',*,*,#3549,.F.);
#151=ORIENTED_EDGE('',*,*,#3530,.F.);
#152=ORIENTED_EDGE('',*,*,#3550,.F.);
#153=ORIENTED_EDGE('',*,*,#3534,.F.);
#154=ORIENTED_EDGE('',*,*,#3551,.F.);
#155=ORIENTED_EDGE('',*,*,#3546,.F.);
#156=ORIENTED_EDGE('',*,*,#3552,.T.);
#157=ORIENTED_EDGE('',*,*,#3553,.T.);
#158=ORIENTED_EDGE('',*,*,#3554,.T.);
#159=ORIENTED_EDGE('',*,*,#3555,.T.);
#160=ORIENTED_EDGE('',*,*,#3556,.F.);
#161=ORIENTED_EDGE('',*,*,#3557,.F.);
#162=ORIENTED_EDGE('',*,*,#3558,.F.);
#163=ORIENTED_EDGE('',*,*,#3559,.T.);
#164=ORIENTED_EDGE('',*,*,#3560,.F.);
#165=ORIENTED_EDGE('',*,*,#3561,.T.);
#166=ORIENTED_EDGE('',*,*,#3562,.T.);
#167=ORIENTED_EDGE('',*,*,#3563,.F.);
#168=ORIENTED_EDGE('',*,*,#3564,.F.);
#169=ORIENTED_EDGE('',*,*,#3565,.T.);
#170=ORIENTED_EDGE('',*,*,#3566,.T.);
#171=ORIENTED_EDGE('',*,*,#3567,.F.);
#172=ORIENTED_EDGE('',*,*,#3568,.T.);
#173=ORIENTED_EDGE('',*,*,#3569,.T.);
#174=ORIENTED_EDGE('',*,*,#3570,.F.);
#175=ORIENTED_EDGE('',*,*,#3571,.T.);
#176=ORIENTED_EDGE('',*,*,#3572,.T.);
#177=ORIENTED_EDGE('',*,*,#3573,.T.);
#178=ORIENTED_EDGE('',*,*,#3574,.F.);
#179=ORIENTED_EDGE('',*,*,#3575,.T.);
#180=ORIENTED_EDGE('',*,*,#3576,.T.);
#181=ORIENTED_EDGE('',*,*,#3577,.T.);
#182=ORIENTED_EDGE('',*,*,#3578,.F.);
#183=ORIENTED_EDGE('',*,*,#3579,.T.);
#184=ORIENTED_EDGE('',*,*,#3578,.T.);
#185=ORIENTED_EDGE('',*,*,#3580,.T.);
#186=ORIENTED_EDGE('',*,*,#3581,.F.);
#187=ORIENTED_EDGE('',*,*,#3582,.T.);
#188=ORIENTED_EDGE('',*,*,#3581,.T.);
#189=ORIENTED_EDGE('',*,*,#3583,.T.);
#190=ORIENTED_EDGE('',*,*,#3584,.F.);
#191=ORIENTED_EDGE('',*,*,#3585,.T.);
#192=ORIENTED_EDGE('',*,*,#3586,.T.);
#193=ORIENTED_EDGE('',*,*,#3587,.T.);
#194=ORIENTED_EDGE('',*,*,#3588,.F.);
#195=ORIENTED_EDGE('',*,*,#3589,.T.);
#196=ORIENTED_EDGE('',*,*,#3588,.T.);
#197=ORIENTED_EDGE('',*,*,#3590,.T.);
#198=ORIENTED_EDGE('',*,*,#3591,.F.);
#199=ORIENTED_EDGE('',*,*,#3592,.T.);
#200=ORIENTED_EDGE('',*,*,#3591,.T.);
#201=ORIENTED_EDGE('',*,*,#3593,.T.);
#202=ORIENTED_EDGE('',*,*,#3594,.F.);
#203=ORIENTED_EDGE('',*,*,#3595,.T.);
#204=ORIENTED_EDGE('',*,*,#3596,.T.);
#205=ORIENTED_EDGE('',*,*,#3597,.T.);
#206=ORIENTED_EDGE('',*,*,#3598,.F.);
#207=ORIENTED_EDGE('',*,*,#3599,.T.);
#208=ORIENTED_EDGE('',*,*,#3598,.T.);
#209=ORIENTED_EDGE('',*,*,#3600,.T.);
#210=ORIENTED_EDGE('',*,*,#3601,.F.);
#211=ORIENTED_EDGE('',*,*,#3602,.T.);
#212=ORIENTED_EDGE('',*,*,#3601,.T.);
#213=ORIENTED_EDGE('',*,*,#3603,.T.);
#214=ORIENTED_EDGE('',*,*,#3604,.F.);
#215=ORIENTED_EDGE('',*,*,#3605,.T.);
#216=ORIENTED_EDGE('',*,*,#3606,.T.);
#217=ORIENTED_EDGE('',*,*,#3607,.T.);
#218=ORIENTED_EDGE('',*,*,#3608,.F.);
#219=ORIENTED_EDGE('',*,*,#3609,.T.);
#220=ORIENTED_EDGE('',*,*,#3608,.T.);
#221=ORIENTED_EDGE('',*,*,#3610,.T.);
#222=ORIENTED_EDGE('',*,*,#3611,.F.);
#223=ORIENTED_EDGE('',*,*,#3612,.T.);
#224=ORIENTED_EDGE('',*,*,#3611,.T.);
#225=ORIENTED_EDGE('',*,*,#3613,.T.);
#226=ORIENTED_EDGE('',*,*,#3614,.F.);
#227=ORIENTED_EDGE('',*,*,#3615,.T.);
#228=ORIENTED_EDGE('',*,*,#3616,.T.);
#229=ORIENTED_EDGE('',*,*,#3617,.T.);
#230=ORIENTED_EDGE('',*,*,#3618,.F.);
#231=ORIENTED_EDGE('',*,*,#3619,.T.);
#232=ORIENTED_EDGE('',*,*,#3618,.T.);
#233=ORIENTED_EDGE('',*,*,#3620,.T.);
#234=ORIENTED_EDGE('',*,*,#3621,.F.);
#235=ORIENTED_EDGE('',*,*,#3622,.T.);
#236=ORIENTED_EDGE('',*,*,#3621,.T.);
#237=ORIENTED_EDGE('',*,*,#3623,.T.);
#238=ORIENTED_EDGE('',*,*,#3624,.F.);
#239=ORIENTED_EDGE('',*,*,#3625,.T.);
#240=ORIENTED_EDGE('',*,*,#3626,.T.);
#241=ORIENTED_EDGE('',*,*,#3627,.T.);
#242=ORIENTED_EDGE('',*,*,#3628,.F.);
#243=ORIENTED_EDGE('',*,*,#3629,.T.);
#244=ORIENTED_EDGE('',*,*,#3628,.T.);
#245=ORIENTED_EDGE('',*,*,#3630,.T.);
#246=ORIENTED_EDGE('',*,*,#3631,.F.);
#247=ORIENTED_EDGE('',*,*,#3632,.T.);
#248=ORIENTED_EDGE('',*,*,#3631,.T.);
#249=ORIENTED_EDGE('',*,*,#3633,.T.);
#250=ORIENTED_EDGE('',*,*,#3634,.F.);
#251=ORIENTED_EDGE('',*,*,#3635,.T.);
#252=ORIENTED_EDGE('',*,*,#3636,.T.);
#253=ORIENTED_EDGE('',*,*,#3637,.T.);
#254=ORIENTED_EDGE('',*,*,#3638,.F.);
#255=ORIENTED_EDGE('',*,*,#3639,.T.);
#256=ORIENTED_EDGE('',*,*,#3640,.T.);
#257=ORIENTED_EDGE('',*,*,#3641,.T.);
#258=ORIENTED_EDGE('',*,*,#3642,.F.);
#259=ORIENTED_EDGE('',*,*,#3643,.T.);
#260=ORIENTED_EDGE('',*,*,#3584,.T.);
#261=ORIENTED_EDGE('',*,*,#3644,.T.);
#262=ORIENTED_EDGE('',*,*,#3576,.F.);
#263=ORIENTED_EDGE('',*,*,#3645,.T.);
#264=ORIENTED_EDGE('',*,*,#3594,.T.);
#265=ORIENTED_EDGE('',*,*,#3646,.T.);
#266=ORIENTED_EDGE('',*,*,#3586,.F.);
#267=ORIENTED_EDGE('',*,*,#3647,.T.);
#268=ORIENTED_EDGE('',*,*,#3604,.T.);
#269=ORIENTED_EDGE('',*,*,#3648,.T.);
#270=ORIENTED_EDGE('',*,*,#3596,.F.);
#271=ORIENTED_EDGE('',*,*,#3649,.T.);
#272=ORIENTED_EDGE('',*,*,#3614,.T.);
#273=ORIENTED_EDGE('',*,*,#3650,.T.);
#274=ORIENTED_EDGE('',*,*,#3606,.F.);
#275=ORIENTED_EDGE('',*,*,#3651,.T.);
#276=ORIENTED_EDGE('',*,*,#3624,.T.);
#277=ORIENTED_EDGE('',*,*,#3652,.T.);
#278=ORIENTED_EDGE('',*,*,#3616,.F.);
#279=ORIENTED_EDGE('',*,*,#3653,.T.);
#280=ORIENTED_EDGE('',*,*,#3634,.T.);
#281=ORIENTED_EDGE('',*,*,#3654,.T.);
#282=ORIENTED_EDGE('',*,*,#3626,.F.);
#283=ORIENTED_EDGE('',*,*,#3655,.T.);
#284=ORIENTED_EDGE('',*,*,#3656,.T.);
#285=ORIENTED_EDGE('',*,*,#3657,.F.);
#286=ORIENTED_EDGE('',*,*,#3658,.T.);
#287=ORIENTED_EDGE('',*,*,#3659,.T.);
#288=ORIENTED_EDGE('',*,*,#3660,.T.);
#289=ORIENTED_EDGE('',*,*,#3661,.T.);
#290=ORIENTED_EDGE('',*,*,#3662,.T.);
#291=ORIENTED_EDGE('',*,*,#3663,.F.);
#292=ORIENTED_EDGE('',*,*,#3664,.F.);
#293=ORIENTED_EDGE('',*,*,#3665,.F.);
#294=ORIENTED_EDGE('',*,*,#3563,.T.);
#295=ORIENTED_EDGE('',*,*,#3666,.T.);
#296=ORIENTED_EDGE('',*,*,#3554,.F.);
#297=ORIENTED_EDGE('',*,*,#3667,.F.);
#298=ORIENTED_EDGE('',*,*,#3668,.F.);
#299=ORIENTED_EDGE('',*,*,#3669,.F.);
#300=ORIENTED_EDGE('',*,*,#3559,.F.);
#301=ORIENTED_EDGE('',*,*,#3670,.F.);
#302=ORIENTED_EDGE('',*,*,#3567,.T.);
#303=ORIENTED_EDGE('',*,*,#3671,.F.);
#304=ORIENTED_EDGE('',*,*,#3672,.F.);
#305=ORIENTED_EDGE('',*,*,#3673,.T.);
#306=ORIENTED_EDGE('',*,*,#3674,.F.);
#307=ORIENTED_EDGE('',*,*,#3675,.F.);
#308=ORIENTED_EDGE('',*,*,#3658,.F.);
#309=ORIENTED_EDGE('',*,*,#3676,.T.);
#310=ORIENTED_EDGE('',*,*,#3677,.T.);
#311=ORIENTED_EDGE('',*,*,#3678,.T.);
#312=ORIENTED_EDGE('',*,*,#3679,.F.);
#313=ORIENTED_EDGE('',*,*,#3680,.F.);
#314=ORIENTED_EDGE('',*,*,#3675,.T.);
#315=ORIENTED_EDGE('',*,*,#3681,.T.);
#316=ORIENTED_EDGE('',*,*,#3682,.T.);
#317=ORIENTED_EDGE('',*,*,#3683,.T.);
#318=ORIENTED_EDGE('',*,*,#3663,.T.);
#319=ORIENTED_EDGE('',*,*,#3684,.T.);
#320=ORIENTED_EDGE('',*,*,#3685,.F.);
#321=ORIENTED_EDGE('',*,*,#3686,.F.);
#322=ORIENTED_EDGE('',*,*,#3687,.T.);
#323=ORIENTED_EDGE('',*,*,#3688,.T.);
#324=ORIENTED_EDGE('',*,*,#3689,.F.);
#325=ORIENTED_EDGE('',*,*,#3690,.F.);
#326=ORIENTED_EDGE('',*,*,#3691,.T.);
#327=ORIENTED_EDGE('',*,*,#3686,.T.);
#328=ORIENTED_EDGE('',*,*,#3692,.F.);
#329=ORIENTED_EDGE('',*,*,#3693,.F.);
#330=ORIENTED_EDGE('',*,*,#3694,.T.);
#331=ORIENTED_EDGE('',*,*,#3690,.T.);
#332=ORIENTED_EDGE('',*,*,#3695,.F.);
#333=ORIENTED_EDGE('',*,*,#3696,.F.);
#334=ORIENTED_EDGE('',*,*,#3697,.T.);
#335=ORIENTED_EDGE('',*,*,#3698,.T.);
#336=ORIENTED_EDGE('',*,*,#3699,.F.);
#337=ORIENTED_EDGE('',*,*,#3700,.F.);
#338=ORIENTED_EDGE('',*,*,#3701,.T.);
#339=ORIENTED_EDGE('',*,*,#3696,.T.);
#340=ORIENTED_EDGE('',*,*,#3702,.F.);
#341=ORIENTED_EDGE('',*,*,#3703,.F.);
#342=ORIENTED_EDGE('',*,*,#3704,.T.);
#343=ORIENTED_EDGE('',*,*,#3700,.T.);
#344=ORIENTED_EDGE('',*,*,#3705,.F.);
#345=ORIENTED_EDGE('',*,*,#3706,.F.);
#346=ORIENTED_EDGE('',*,*,#3707,.T.);
#347=ORIENTED_EDGE('',*,*,#3708,.T.);
#348=ORIENTED_EDGE('',*,*,#3709,.F.);
#349=ORIENTED_EDGE('',*,*,#3710,.F.);
#350=ORIENTED_EDGE('',*,*,#3711,.T.);
#351=ORIENTED_EDGE('',*,*,#3706,.T.);
#352=ORIENTED_EDGE('',*,*,#3712,.F.);
#353=ORIENTED_EDGE('',*,*,#3713,.F.);
#354=ORIENTED_EDGE('',*,*,#3714,.T.);
#355=ORIENTED_EDGE('',*,*,#3710,.T.);
#356=ORIENTED_EDGE('',*,*,#3715,.F.);
#357=ORIENTED_EDGE('',*,*,#3716,.F.);
#358=ORIENTED_EDGE('',*,*,#3717,.T.);
#359=ORIENTED_EDGE('',*,*,#3718,.T.);
#360=ORIENTED_EDGE('',*,*,#3719,.F.);
#361=ORIENTED_EDGE('',*,*,#3720,.F.);
#362=ORIENTED_EDGE('',*,*,#3721,.T.);
#363=ORIENTED_EDGE('',*,*,#3716,.T.);
#364=ORIENTED_EDGE('',*,*,#3722,.F.);
#365=ORIENTED_EDGE('',*,*,#3723,.F.);
#366=ORIENTED_EDGE('',*,*,#3724,.T.);
#367=ORIENTED_EDGE('',*,*,#3720,.T.);
#368=ORIENTED_EDGE('',*,*,#3725,.F.);
#369=ORIENTED_EDGE('',*,*,#3726,.F.);
#370=ORIENTED_EDGE('',*,*,#3727,.T.);
#371=ORIENTED_EDGE('',*,*,#3728,.T.);
#372=ORIENTED_EDGE('',*,*,#3729,.F.);
#373=ORIENTED_EDGE('',*,*,#3730,.F.);
#374=ORIENTED_EDGE('',*,*,#3731,.T.);
#375=ORIENTED_EDGE('',*,*,#3726,.T.);
#376=ORIENTED_EDGE('',*,*,#3732,.F.);
#377=ORIENTED_EDGE('',*,*,#3733,.F.);
#378=ORIENTED_EDGE('',*,*,#3734,.T.);
#379=ORIENTED_EDGE('',*,*,#3730,.T.);
#380=ORIENTED_EDGE('',*,*,#3735,.F.);
#381=ORIENTED_EDGE('',*,*,#3736,.F.);
#382=ORIENTED_EDGE('',*,*,#3737,.T.);
#383=ORIENTED_EDGE('',*,*,#3738,.T.);
#384=ORIENTED_EDGE('',*,*,#3739,.F.);
#385=ORIENTED_EDGE('',*,*,#3740,.F.);
#386=ORIENTED_EDGE('',*,*,#3741,.T.);
#387=ORIENTED_EDGE('',*,*,#3736,.T.);
#388=ORIENTED_EDGE('',*,*,#3742,.F.);
#389=ORIENTED_EDGE('',*,*,#3743,.F.);
#390=ORIENTED_EDGE('',*,*,#3744,.T.);
#391=ORIENTED_EDGE('',*,*,#3740,.T.);
#392=ORIENTED_EDGE('',*,*,#3745,.F.);
#393=ORIENTED_EDGE('',*,*,#3746,.F.);
#394=ORIENTED_EDGE('',*,*,#3747,.T.);
#395=ORIENTED_EDGE('',*,*,#3748,.T.);
#396=ORIENTED_EDGE('',*,*,#3749,.F.);
#397=ORIENTED_EDGE('',*,*,#3750,.F.);
#398=ORIENTED_EDGE('',*,*,#3751,.T.);
#399=ORIENTED_EDGE('',*,*,#3746,.T.);
#400=ORIENTED_EDGE('',*,*,#3752,.F.);
#401=ORIENTED_EDGE('',*,*,#3753,.F.);
#402=ORIENTED_EDGE('',*,*,#3754,.T.);
#403=ORIENTED_EDGE('',*,*,#3750,.T.);
#404=ORIENTED_EDGE('',*,*,#3755,.F.);
#405=ORIENTED_EDGE('',*,*,#3756,.F.);
#406=ORIENTED_EDGE('',*,*,#3757,.T.);
#407=ORIENTED_EDGE('',*,*,#3758,.T.);
#408=ORIENTED_EDGE('',*,*,#3759,.F.);
#409=ORIENTED_EDGE('',*,*,#3760,.F.);
#410=ORIENTED_EDGE('',*,*,#3761,.T.);
#411=ORIENTED_EDGE('',*,*,#3756,.T.);
#412=ORIENTED_EDGE('',*,*,#3762,.F.);
#413=ORIENTED_EDGE('',*,*,#3763,.F.);
#414=ORIENTED_EDGE('',*,*,#3764,.T.);
#415=ORIENTED_EDGE('',*,*,#3760,.T.);
#416=ORIENTED_EDGE('',*,*,#3765,.F.);
#417=ORIENTED_EDGE('',*,*,#3766,.F.);
#418=ORIENTED_EDGE('',*,*,#3767,.F.);
#419=ORIENTED_EDGE('',*,*,#3768,.T.);
#420=ORIENTED_EDGE('',*,*,#3570,.T.);
#421=ORIENTED_EDGE('',*,*,#3769,.T.);
#422=ORIENTED_EDGE('',*,*,#3770,.F.);
#423=ORIENTED_EDGE('',*,*,#3771,.F.);
#424=ORIENTED_EDGE('',*,*,#3772,.T.);
#425=ORIENTED_EDGE('',*,*,#3767,.T.);
#426=ORIENTED_EDGE('',*,*,#3773,.F.);
#427=ORIENTED_EDGE('',*,*,#3774,.F.);
#428=ORIENTED_EDGE('',*,*,#3775,.F.);
#429=ORIENTED_EDGE('',*,*,#3776,.T.);
#430=ORIENTED_EDGE('',*,*,#3574,.T.);
#431=ORIENTED_EDGE('',*,*,#3777,.T.);
#432=ORIENTED_EDGE('',*,*,#3778,.F.);
#433=ORIENTED_EDGE('',*,*,#3779,.F.);
#434=ORIENTED_EDGE('',*,*,#3780,.T.);
#435=ORIENTED_EDGE('',*,*,#3775,.T.);
#436=ORIENTED_EDGE('',*,*,#3781,.F.);
#437=ORIENTED_EDGE('',*,*,#3782,.F.);
#438=ORIENTED_EDGE('',*,*,#3783,.T.);
#439=ORIENTED_EDGE('',*,*,#3784,.T.);
#440=ORIENTED_EDGE('',*,*,#3785,.F.);
#441=ORIENTED_EDGE('',*,*,#3786,.T.);
#442=ORIENTED_EDGE('',*,*,#3636,.F.);
#443=ORIENTED_EDGE('',*,*,#3787,.T.);
#444=ORIENTED_EDGE('',*,*,#3782,.T.);
#445=ORIENTED_EDGE('',*,*,#3788,.F.);
#446=ORIENTED_EDGE('',*,*,#3789,.F.);
#447=ORIENTED_EDGE('',*,*,#3790,.F.);
#448=ORIENTED_EDGE('',*,*,#3791,.T.);
#449=ORIENTED_EDGE('',*,*,#3792,.T.);
#450=ORIENTED_EDGE('',*,*,#3793,.F.);
#451=ORIENTED_EDGE('',*,*,#3794,.T.);
#452=ORIENTED_EDGE('',*,*,#3640,.F.);
#453=ORIENTED_EDGE('',*,*,#3795,.T.);
#454=ORIENTED_EDGE('',*,*,#3790,.T.);
#455=ORIENTED_EDGE('',*,*,#3796,.F.);
#456=ORIENTED_EDGE('',*,*,#3797,.F.);
#457=ORIENTED_EDGE('',*,*,#3798,.F.);
#458=ORIENTED_EDGE('',*,*,#3799,.T.);
#459=ORIENTED_EDGE('',*,*,#3800,.T.);
#460=ORIENTED_EDGE('',*,*,#3801,.F.);
#461=ORIENTED_EDGE('',*,*,#3802,.F.);
#462=ORIENTED_EDGE('',*,*,#3803,.T.);
#463=ORIENTED_EDGE('',*,*,#3798,.T.);
#464=ORIENTED_EDGE('',*,*,#3804,.F.);
#465=ORIENTED_EDGE('',*,*,#3805,.F.);
#466=ORIENTED_EDGE('',*,*,#3806,.T.);
#467=ORIENTED_EDGE('',*,*,#3802,.T.);
#468=ORIENTED_EDGE('',*,*,#3807,.F.);
#469=ORIENTED_EDGE('',*,*,#3808,.F.);
#470=ORIENTED_EDGE('',*,*,#3809,.T.);
#471=ORIENTED_EDGE('',*,*,#3810,.T.);
#472=ORIENTED_EDGE('',*,*,#3811,.F.);
#473=ORIENTED_EDGE('',*,*,#3812,.F.);
#474=ORIENTED_EDGE('',*,*,#3813,.T.);
#475=ORIENTED_EDGE('',*,*,#3808,.T.);
#476=ORIENTED_EDGE('',*,*,#3814,.F.);
#477=ORIENTED_EDGE('',*,*,#3815,.F.);
#478=ORIENTED_EDGE('',*,*,#3816,.T.);
#479=ORIENTED_EDGE('',*,*,#3812,.T.);
#480=ORIENTED_EDGE('',*,*,#3817,.F.);
#481=ORIENTED_EDGE('',*,*,#3818,.F.);
#482=ORIENTED_EDGE('',*,*,#3819,.T.);
#483=ORIENTED_EDGE('',*,*,#3820,.T.);
#484=ORIENTED_EDGE('',*,*,#3821,.F.);
#485=ORIENTED_EDGE('',*,*,#3822,.F.);
#486=ORIENTED_EDGE('',*,*,#3823,.T.);
#487=ORIENTED_EDGE('',*,*,#3818,.T.);
#488=ORIENTED_EDGE('',*,*,#3824,.F.);
#489=ORIENTED_EDGE('',*,*,#3825,.F.);
#490=ORIENTED_EDGE('',*,*,#3826,.T.);
#491=ORIENTED_EDGE('',*,*,#3822,.T.);
#492=ORIENTED_EDGE('',*,*,#3827,.F.);
#493=ORIENTED_EDGE('',*,*,#3828,.F.);
#494=ORIENTED_EDGE('',*,*,#3829,.T.);
#495=ORIENTED_EDGE('',*,*,#3830,.T.);
#496=ORIENTED_EDGE('',*,*,#3831,.F.);
#497=ORIENTED_EDGE('',*,*,#3832,.F.);
#498=ORIENTED_EDGE('',*,*,#3833,.T.);
#499=ORIENTED_EDGE('',*,*,#3828,.T.);
#500=ORIENTED_EDGE('',*,*,#3834,.F.);
#501=ORIENTED_EDGE('',*,*,#3835,.F.);
#502=ORIENTED_EDGE('',*,*,#3836,.T.);
#503=ORIENTED_EDGE('',*,*,#3832,.T.);
#504=ORIENTED_EDGE('',*,*,#3837,.F.);
#505=ORIENTED_EDGE('',*,*,#3838,.F.);
#506=ORIENTED_EDGE('',*,*,#3839,.T.);
#507=ORIENTED_EDGE('',*,*,#3840,.T.);
#508=ORIENTED_EDGE('',*,*,#3841,.F.);
#509=ORIENTED_EDGE('',*,*,#3842,.F.);
#510=ORIENTED_EDGE('',*,*,#3843,.T.);
#511=ORIENTED_EDGE('',*,*,#3838,.T.);
#512=ORIENTED_EDGE('',*,*,#3844,.F.);
#513=ORIENTED_EDGE('',*,*,#3845,.F.);
#514=ORIENTED_EDGE('',*,*,#3846,.T.);
#515=ORIENTED_EDGE('',*,*,#3842,.T.);
#516=ORIENTED_EDGE('',*,*,#3847,.F.);
#517=ORIENTED_EDGE('',*,*,#3848,.F.);
#518=ORIENTED_EDGE('',*,*,#3849,.T.);
#519=ORIENTED_EDGE('',*,*,#3850,.T.);
#520=ORIENTED_EDGE('',*,*,#3851,.F.);
#521=ORIENTED_EDGE('',*,*,#3852,.F.);
#522=ORIENTED_EDGE('',*,*,#3853,.T.);
#523=ORIENTED_EDGE('',*,*,#3848,.T.);
#524=ORIENTED_EDGE('',*,*,#3854,.F.);
#525=ORIENTED_EDGE('',*,*,#3855,.F.);
#526=ORIENTED_EDGE('',*,*,#3856,.T.);
#527=ORIENTED_EDGE('',*,*,#3852,.T.);
#528=ORIENTED_EDGE('',*,*,#3857,.F.);
#529=ORIENTED_EDGE('',*,*,#3858,.F.);
#530=ORIENTED_EDGE('',*,*,#3859,.T.);
#531=ORIENTED_EDGE('',*,*,#3860,.T.);
#532=ORIENTED_EDGE('',*,*,#3861,.F.);
#533=ORIENTED_EDGE('',*,*,#3862,.F.);
#534=ORIENTED_EDGE('',*,*,#3863,.T.);
#535=ORIENTED_EDGE('',*,*,#3858,.T.);
#536=ORIENTED_EDGE('',*,*,#3864,.F.);
#537=ORIENTED_EDGE('',*,*,#3865,.F.);
#538=ORIENTED_EDGE('',*,*,#3866,.T.);
#539=ORIENTED_EDGE('',*,*,#3862,.T.);
#540=ORIENTED_EDGE('',*,*,#3867,.F.);
#541=ORIENTED_EDGE('',*,*,#3868,.F.);
#542=ORIENTED_EDGE('',*,*,#3869,.T.);
#543=ORIENTED_EDGE('',*,*,#3870,.T.);
#544=ORIENTED_EDGE('',*,*,#3871,.F.);
#545=ORIENTED_EDGE('',*,*,#3872,.F.);
#546=ORIENTED_EDGE('',*,*,#3873,.T.);
#547=ORIENTED_EDGE('',*,*,#3868,.T.);
#548=ORIENTED_EDGE('',*,*,#3874,.F.);
#549=ORIENTED_EDGE('',*,*,#3875,.F.);
#550=ORIENTED_EDGE('',*,*,#3876,.T.);
#551=ORIENTED_EDGE('',*,*,#3872,.T.);
#552=ORIENTED_EDGE('',*,*,#3877,.F.);
#553=ORIENTED_EDGE('',*,*,#3688,.F.);
#554=ORIENTED_EDGE('',*,*,#3878,.T.);
#555=ORIENTED_EDGE('',*,*,#3693,.T.);
#556=ORIENTED_EDGE('',*,*,#3879,.F.);
#557=ORIENTED_EDGE('',*,*,#3698,.F.);
#558=ORIENTED_EDGE('',*,*,#3880,.T.);
#559=ORIENTED_EDGE('',*,*,#3703,.T.);
#560=ORIENTED_EDGE('',*,*,#3881,.F.);
#561=ORIENTED_EDGE('',*,*,#3708,.F.);
#562=ORIENTED_EDGE('',*,*,#3882,.T.);
#563=ORIENTED_EDGE('',*,*,#3713,.T.);
#564=ORIENTED_EDGE('',*,*,#3883,.F.);
#565=ORIENTED_EDGE('',*,*,#3718,.F.);
#566=ORIENTED_EDGE('',*,*,#3884,.T.);
#567=ORIENTED_EDGE('',*,*,#3723,.T.);
#568=ORIENTED_EDGE('',*,*,#3885,.F.);
#569=ORIENTED_EDGE('',*,*,#3728,.F.);
#570=ORIENTED_EDGE('',*,*,#3886,.T.);
#571=ORIENTED_EDGE('',*,*,#3733,.T.);
#572=ORIENTED_EDGE('',*,*,#3887,.F.);
#573=ORIENTED_EDGE('',*,*,#3738,.F.);
#574=ORIENTED_EDGE('',*,*,#3888,.T.);
#575=ORIENTED_EDGE('',*,*,#3743,.T.);
#576=ORIENTED_EDGE('',*,*,#3889,.F.);
#577=ORIENTED_EDGE('',*,*,#3748,.F.);
#578=ORIENTED_EDGE('',*,*,#3890,.T.);
#579=ORIENTED_EDGE('',*,*,#3753,.T.);
#580=ORIENTED_EDGE('',*,*,#3891,.F.);
#581=ORIENTED_EDGE('',*,*,#3758,.F.);
#582=ORIENTED_EDGE('',*,*,#3892,.T.);
#583=ORIENTED_EDGE('',*,*,#3763,.T.);
#584=ORIENTED_EDGE('',*,*,#3893,.F.);
#585=ORIENTED_EDGE('',*,*,#3894,.T.);
#586=ORIENTED_EDGE('',*,*,#3568,.F.);
#587=ORIENTED_EDGE('',*,*,#3895,.T.);
#588=ORIENTED_EDGE('',*,*,#3771,.T.);
#589=ORIENTED_EDGE('',*,*,#3896,.F.);
#590=ORIENTED_EDGE('',*,*,#3897,.F.);
#591=ORIENTED_EDGE('',*,*,#3898,.T.);
#592=ORIENTED_EDGE('',*,*,#3572,.F.);
#593=ORIENTED_EDGE('',*,*,#3899,.T.);
#594=ORIENTED_EDGE('',*,*,#3779,.T.);
#595=ORIENTED_EDGE('',*,*,#3900,.F.);
#596=ORIENTED_EDGE('',*,*,#3901,.F.);
#597=ORIENTED_EDGE('',*,*,#3902,.F.);
#598=ORIENTED_EDGE('',*,*,#3784,.F.);
#599=ORIENTED_EDGE('',*,*,#3903,.T.);
#600=ORIENTED_EDGE('',*,*,#3638,.T.);
#601=ORIENTED_EDGE('',*,*,#3904,.T.);
#602=ORIENTED_EDGE('',*,*,#3905,.F.);
#603=ORIENTED_EDGE('',*,*,#3906,.F.);
#604=ORIENTED_EDGE('',*,*,#3792,.F.);
#605=ORIENTED_EDGE('',*,*,#3907,.T.);
#606=ORIENTED_EDGE('',*,*,#3642,.T.);
#607=ORIENTED_EDGE('',*,*,#3908,.T.);
#608=ORIENTED_EDGE('',*,*,#3909,.F.);
#609=ORIENTED_EDGE('',*,*,#3800,.F.);
#610=ORIENTED_EDGE('',*,*,#3910,.T.);
#611=ORIENTED_EDGE('',*,*,#3805,.T.);
#612=ORIENTED_EDGE('',*,*,#3911,.F.);
#613=ORIENTED_EDGE('',*,*,#3810,.F.);
#614=ORIENTED_EDGE('',*,*,#3912,.T.);
#615=ORIENTED_EDGE('',*,*,#3815,.T.);
#616=ORIENTED_EDGE('',*,*,#3913,.F.);
#617=ORIENTED_EDGE('',*,*,#3820,.F.);
#618=ORIENTED_EDGE('',*,*,#3914,.T.);
#619=ORIENTED_EDGE('',*,*,#3825,.T.);
#620=ORIENTED_EDGE('',*,*,#3915,.F.);
#621=ORIENTED_EDGE('',*,*,#3830,.F.);
#622=ORIENTED_EDGE('',*,*,#3916,.T.);
#623=ORIENTED_EDGE('',*,*,#3835,.T.);
#624=ORIENTED_EDGE('',*,*,#3917,.F.);
#625=ORIENTED_EDGE('',*,*,#3840,.F.);
#626=ORIENTED_EDGE('',*,*,#3918,.T.);
#627=ORIENTED_EDGE('',*,*,#3845,.T.);
#628=ORIENTED_EDGE('',*,*,#3919,.F.);
#629=ORIENTED_EDGE('',*,*,#3850,.F.);
#630=ORIENTED_EDGE('',*,*,#3920,.T.);
#631=ORIENTED_EDGE('',*,*,#3855,.T.);
#632=ORIENTED_EDGE('',*,*,#3921,.F.);
#633=ORIENTED_EDGE('',*,*,#3860,.F.);
#634=ORIENTED_EDGE('',*,*,#3922,.T.);
#635=ORIENTED_EDGE('',*,*,#3865,.T.);
#636=ORIENTED_EDGE('',*,*,#3923,.F.);
#637=ORIENTED_EDGE('',*,*,#3870,.F.);
#638=ORIENTED_EDGE('',*,*,#3924,.T.);
#639=ORIENTED_EDGE('',*,*,#3875,.T.);
#640=ORIENTED_EDGE('',*,*,#3925,.T.);
#641=ORIENTED_EDGE('',*,*,#3926,.F.);
#642=ORIENTED_EDGE('',*,*,#3927,.F.);
#643=ORIENTED_EDGE('',*,*,#3679,.T.);
#644=ORIENTED_EDGE('',*,*,#3869,.F.);
#645=ORIENTED_EDGE('',*,*,#3873,.F.);
#646=ORIENTED_EDGE('',*,*,#3876,.F.);
#647=ORIENTED_EDGE('',*,*,#3924,.F.);
#648=ORIENTED_EDGE('',*,*,#3859,.F.);
#649=ORIENTED_EDGE('',*,*,#3863,.F.);
#650=ORIENTED_EDGE('',*,*,#3866,.F.);
#651=ORIENTED_EDGE('',*,*,#3922,.F.);
#652=ORIENTED_EDGE('',*,*,#3849,.F.);
#653=ORIENTED_EDGE('',*,*,#3853,.F.);
#654=ORIENTED_EDGE('',*,*,#3856,.F.);
#655=ORIENTED_EDGE('',*,*,#3920,.F.);
#656=ORIENTED_EDGE('',*,*,#3839,.F.);
#657=ORIENTED_EDGE('',*,*,#3843,.F.);
#658=ORIENTED_EDGE('',*,*,#3846,.F.);
#659=ORIENTED_EDGE('',*,*,#3918,.F.);
#660=ORIENTED_EDGE('',*,*,#3829,.F.);
#661=ORIENTED_EDGE('',*,*,#3833,.F.);
#662=ORIENTED_EDGE('',*,*,#3836,.F.);
#663=ORIENTED_EDGE('',*,*,#3916,.F.);
#664=ORIENTED_EDGE('',*,*,#3819,.F.);
#665=ORIENTED_EDGE('',*,*,#3823,.F.);
#666=ORIENTED_EDGE('',*,*,#3826,.F.);
#667=ORIENTED_EDGE('',*,*,#3914,.F.);
#668=ORIENTED_EDGE('',*,*,#3809,.F.);
#669=ORIENTED_EDGE('',*,*,#3813,.F.);
#670=ORIENTED_EDGE('',*,*,#3816,.F.);
#671=ORIENTED_EDGE('',*,*,#3912,.F.);
#672=ORIENTED_EDGE('',*,*,#3799,.F.);
#673=ORIENTED_EDGE('',*,*,#3803,.F.);
#674=ORIENTED_EDGE('',*,*,#3806,.F.);
#675=ORIENTED_EDGE('',*,*,#3910,.F.);
#676=ORIENTED_EDGE('',*,*,#3791,.F.);
#677=ORIENTED_EDGE('',*,*,#3795,.F.);
#678=ORIENTED_EDGE('',*,*,#3643,.F.);
#679=ORIENTED_EDGE('',*,*,#3907,.F.);
#680=ORIENTED_EDGE('',*,*,#3783,.F.);
#681=ORIENTED_EDGE('',*,*,#3787,.F.);
#682=ORIENTED_EDGE('',*,*,#3639,.F.);
#683=ORIENTED_EDGE('',*,*,#3903,.F.);
#684=ORIENTED_EDGE('',*,*,#3629,.F.);
#685=ORIENTED_EDGE('',*,*,#3632,.F.);
#686=ORIENTED_EDGE('',*,*,#3635,.F.);
#687=ORIENTED_EDGE('',*,*,#3655,.F.);
#688=ORIENTED_EDGE('',*,*,#3619,.F.);
#689=ORIENTED_EDGE('',*,*,#3622,.F.);
#690=ORIENTED_EDGE('',*,*,#3625,.F.);
#691=ORIENTED_EDGE('',*,*,#3653,.F.);
#692=ORIENTED_EDGE('',*,*,#3609,.F.);
#693=ORIENTED_EDGE('',*,*,#3612,.F.);
#694=ORIENTED_EDGE('',*,*,#3615,.F.);
#695=ORIENTED_EDGE('',*,*,#3651,.F.);
#696=ORIENTED_EDGE('',*,*,#3599,.F.);
#697=ORIENTED_EDGE('',*,*,#3602,.F.);
#698=ORIENTED_EDGE('',*,*,#3605,.F.);
#699=ORIENTED_EDGE('',*,*,#3649,.F.);
#700=ORIENTED_EDGE('',*,*,#3589,.F.);
#701=ORIENTED_EDGE('',*,*,#3592,.F.);
#702=ORIENTED_EDGE('',*,*,#3595,.F.);
#703=ORIENTED_EDGE('',*,*,#3647,.F.);
#704=ORIENTED_EDGE('',*,*,#3579,.F.);
#705=ORIENTED_EDGE('',*,*,#3582,.F.);
#706=ORIENTED_EDGE('',*,*,#3585,.F.);
#707=ORIENTED_EDGE('',*,*,#3645,.F.);
#708=ORIENTED_EDGE('',*,*,#3575,.F.);
#709=ORIENTED_EDGE('',*,*,#3776,.F.);
#710=ORIENTED_EDGE('',*,*,#3780,.F.);
#711=ORIENTED_EDGE('',*,*,#3899,.F.);
#712=ORIENTED_EDGE('',*,*,#3571,.F.);
#713=ORIENTED_EDGE('',*,*,#3768,.F.);
#714=ORIENTED_EDGE('',*,*,#3772,.F.);
#715=ORIENTED_EDGE('',*,*,#3895,.F.);
#716=ORIENTED_EDGE('',*,*,#3757,.F.);
#717=ORIENTED_EDGE('',*,*,#3761,.F.);
#718=ORIENTED_EDGE('',*,*,#3764,.F.);
#719=ORIENTED_EDGE('',*,*,#3892,.F.);
#720=ORIENTED_EDGE('',*,*,#3747,.F.);
#721=ORIENTED_EDGE('',*,*,#3751,.F.);
#722=ORIENTED_EDGE('',*,*,#3754,.F.);
#723=ORIENTED_EDGE('',*,*,#3890,.F.);
#724=ORIENTED_EDGE('',*,*,#3737,.F.);
#725=ORIENTED_EDGE('',*,*,#3741,.F.);
#726=ORIENTED_EDGE('',*,*,#3744,.F.);
#727=ORIENTED_EDGE('',*,*,#3888,.F.);
#728=ORIENTED_EDGE('',*,*,#3727,.F.);
#729=ORIENTED_EDGE('',*,*,#3731,.F.);
#730=ORIENTED_EDGE('',*,*,#3734,.F.);
#731=ORIENTED_EDGE('',*,*,#3886,.F.);
#732=ORIENTED_EDGE('',*,*,#3717,.F.);
#733=ORIENTED_EDGE('',*,*,#3721,.F.);
#734=ORIENTED_EDGE('',*,*,#3724,.F.);
#735=ORIENTED_EDGE('',*,*,#3884,.F.);
#736=ORIENTED_EDGE('',*,*,#3707,.F.);
#737=ORIENTED_EDGE('',*,*,#3711,.F.);
#738=ORIENTED_EDGE('',*,*,#3714,.F.);
#739=ORIENTED_EDGE('',*,*,#3882,.F.);
#740=ORIENTED_EDGE('',*,*,#3697,.F.);
#741=ORIENTED_EDGE('',*,*,#3701,.F.);
#742=ORIENTED_EDGE('',*,*,#3704,.F.);
#743=ORIENTED_EDGE('',*,*,#3880,.F.);
#744=ORIENTED_EDGE('',*,*,#3687,.F.);
#745=ORIENTED_EDGE('',*,*,#3691,.F.);
#746=ORIENTED_EDGE('',*,*,#3694,.F.);
#747=ORIENTED_EDGE('',*,*,#3878,.F.);
#748=ORIENTED_EDGE('',*,*,#3670,.T.);
#749=ORIENTED_EDGE('',*,*,#3558,.T.);
#750=ORIENTED_EDGE('',*,*,#3541,.F.);
#751=ORIENTED_EDGE('',*,*,#3928,.F.);
#752=ORIENTED_EDGE('',*,*,#3537,.F.);
#753=ORIENTED_EDGE('',*,*,#3929,.T.);
#754=ORIENTED_EDGE('',*,*,#3543,.F.);
#755=ORIENTED_EDGE('',*,*,#3672,.T.);
#756=ORIENTED_EDGE('',*,*,#3680,.T.);
#757=ORIENTED_EDGE('',*,*,#3927,.T.);
#758=ORIENTED_EDGE('',*,*,#3930,.F.);
#759=ORIENTED_EDGE('',*,*,#3564,.T.);
#760=ORIENTED_EDGE('',*,*,#3931,.T.);
#761=ORIENTED_EDGE('',*,*,#3788,.T.);
#762=ORIENTED_EDGE('',*,*,#3781,.T.);
#763=ORIENTED_EDGE('',*,*,#3902,.T.);
#764=ORIENTED_EDGE('',*,*,#3932,.T.);
#765=ORIENTED_EDGE('',*,*,#3796,.T.);
#766=ORIENTED_EDGE('',*,*,#3789,.T.);
#767=ORIENTED_EDGE('',*,*,#3906,.T.);
#768=ORIENTED_EDGE('',*,*,#3774,.T.);
#769=ORIENTED_EDGE('',*,*,#3933,.T.);
#770=ORIENTED_EDGE('',*,*,#3900,.T.);
#771=ORIENTED_EDGE('',*,*,#3778,.T.);
#772=ORIENTED_EDGE('',*,*,#3766,.T.);
#773=ORIENTED_EDGE('',*,*,#3934,.T.);
#774=ORIENTED_EDGE('',*,*,#3896,.T.);
#775=ORIENTED_EDGE('',*,*,#3770,.T.);
#776=ORIENTED_EDGE('',*,*,#3662,.F.);
#777=ORIENTED_EDGE('',*,*,#3935,.T.);
#778=ORIENTED_EDGE('',*,*,#3532,.T.);
#779=ORIENTED_EDGE('',*,*,#3936,.T.);
#780=ORIENTED_EDGE('',*,*,#3555,.F.);
#781=ORIENTED_EDGE('',*,*,#3666,.F.);
#782=ORIENTED_EDGE('',*,*,#3562,.F.);
#783=ORIENTED_EDGE('',*,*,#3937,.T.);
#784=ORIENTED_EDGE('',*,*,#3938,.T.);
#785=ORIENTED_EDGE('',*,*,#3939,.T.);
#786=ORIENTED_EDGE('',*,*,#3659,.F.);
#787=ORIENTED_EDGE('',*,*,#3684,.F.);
#788=ORIENTED_EDGE('',*,*,#3755,.T.);
#789=ORIENTED_EDGE('',*,*,#3891,.T.);
#790=ORIENTED_EDGE('',*,*,#3762,.T.);
#791=ORIENTED_EDGE('',*,*,#3759,.T.);
#792=ORIENTED_EDGE('',*,*,#3745,.T.);
#793=ORIENTED_EDGE('',*,*,#3889,.T.);
#794=ORIENTED_EDGE('',*,*,#3752,.T.);
#795=ORIENTED_EDGE('',*,*,#3749,.T.);
#796=ORIENTED_EDGE('',*,*,#3735,.T.);
#797=ORIENTED_EDGE('',*,*,#3887,.T.);
#798=ORIENTED_EDGE('',*,*,#3742,.T.);
#799=ORIENTED_EDGE('',*,*,#3739,.T.);
#800=ORIENTED_EDGE('',*,*,#3725,.T.);
#801=ORIENTED_EDGE('',*,*,#3885,.T.);
#802=ORIENTED_EDGE('',*,*,#3732,.T.);
#803=ORIENTED_EDGE('',*,*,#3729,.T.);
#804=ORIENTED_EDGE('',*,*,#3715,.T.);
#805=ORIENTED_EDGE('',*,*,#3883,.T.);
#806=ORIENTED_EDGE('',*,*,#3722,.T.);
#807=ORIENTED_EDGE('',*,*,#3719,.T.);
#808=ORIENTED_EDGE('',*,*,#3705,.T.);
#809=ORIENTED_EDGE('',*,*,#3881,.T.);
#810=ORIENTED_EDGE('',*,*,#3712,.T.);
#811=ORIENTED_EDGE('',*,*,#3709,.T.);
#812=ORIENTED_EDGE('',*,*,#3695,.T.);
#813=ORIENTED_EDGE('',*,*,#3879,.T.);
#814=ORIENTED_EDGE('',*,*,#3702,.T.);
#815=ORIENTED_EDGE('',*,*,#3699,.T.);
#816=ORIENTED_EDGE('',*,*,#3685,.T.);
#817=ORIENTED_EDGE('',*,*,#3877,.T.);
#818=ORIENTED_EDGE('',*,*,#3692,.T.);
#819=ORIENTED_EDGE('',*,*,#3689,.T.);
#820=ORIENTED_EDGE('',*,*,#3797,.T.);
#821=ORIENTED_EDGE('',*,*,#3909,.T.);
#822=ORIENTED_EDGE('',*,*,#3804,.T.);
#823=ORIENTED_EDGE('',*,*,#3801,.T.);
#824=ORIENTED_EDGE('',*,*,#3807,.T.);
#825=ORIENTED_EDGE('',*,*,#3911,.T.);
#826=ORIENTED_EDGE('',*,*,#3814,.T.);
#827=ORIENTED_EDGE('',*,*,#3811,.T.);
#828=ORIENTED_EDGE('',*,*,#3817,.T.);
#829=ORIENTED_EDGE('',*,*,#3913,.T.);
#830=ORIENTED_EDGE('',*,*,#3824,.T.);
#831=ORIENTED_EDGE('',*,*,#3821,.T.);
#832=ORIENTED_EDGE('',*,*,#3827,.T.);
#833=ORIENTED_EDGE('',*,*,#3915,.T.);
#834=ORIENTED_EDGE('',*,*,#3834,.T.);
#835=ORIENTED_EDGE('',*,*,#3831,.T.);
#836=ORIENTED_EDGE('',*,*,#3837,.T.);
#837=ORIENTED_EDGE('',*,*,#3917,.T.);
#838=ORIENTED_EDGE('',*,*,#3844,.T.);
#839=ORIENTED_EDGE('',*,*,#3841,.T.);
#840=ORIENTED_EDGE('',*,*,#3847,.T.);
#841=ORIENTED_EDGE('',*,*,#3919,.T.);
#842=ORIENTED_EDGE('',*,*,#3854,.T.);
#843=ORIENTED_EDGE('',*,*,#3851,.T.);
#844=ORIENTED_EDGE('',*,*,#3857,.T.);
#845=ORIENTED_EDGE('',*,*,#3921,.T.);
#846=ORIENTED_EDGE('',*,*,#3864,.T.);
#847=ORIENTED_EDGE('',*,*,#3861,.T.);
#848=ORIENTED_EDGE('',*,*,#3867,.T.);
#849=ORIENTED_EDGE('',*,*,#3923,.T.);
#850=ORIENTED_EDGE('',*,*,#3874,.T.);
#851=ORIENTED_EDGE('',*,*,#3871,.T.);
#852=ORIENTED_EDGE('',*,*,#3668,.T.);
#853=ORIENTED_EDGE('',*,*,#3940,.F.);
#854=ORIENTED_EDGE('',*,*,#3682,.F.);
#855=ORIENTED_EDGE('',*,*,#3941,.T.);
#856=ORIENTED_EDGE('',*,*,#3667,.T.);
#857=ORIENTED_EDGE('',*,*,#3553,.F.);
#858=ORIENTED_EDGE('',*,*,#3942,.T.);
#859=ORIENTED_EDGE('',*,*,#3660,.F.);
#860=ORIENTED_EDGE('',*,*,#3683,.F.);
#861=ORIENTED_EDGE('',*,*,#3940,.T.);
#862=ORIENTED_EDGE('',*,*,#3669,.T.);
#863=ORIENTED_EDGE('',*,*,#3941,.F.);
#864=ORIENTED_EDGE('',*,*,#3681,.F.);
#865=ORIENTED_EDGE('',*,*,#3674,.T.);
#866=ORIENTED_EDGE('',*,*,#3943,.T.);
#867=ORIENTED_EDGE('',*,*,#3556,.T.);
#868=ORIENTED_EDGE('',*,*,#3665,.T.);
#869=ORIENTED_EDGE('',*,*,#3944,.F.);
#870=ORIENTED_EDGE('',*,*,#3676,.F.);
#871=ORIENTED_EDGE('',*,*,#3657,.T.);
#872=ORIENTED_EDGE('',*,*,#3945,.T.);
#873=ORIENTED_EDGE('',*,*,#3560,.T.);
#874=ORIENTED_EDGE('',*,*,#3664,.T.);
#875=ORIENTED_EDGE('',*,*,#3946,.F.);
#876=ORIENTED_EDGE('',*,*,#3677,.F.);
#877=ORIENTED_EDGE('',*,*,#3944,.T.);
#878=ORIENTED_EDGE('',*,*,#3671,.T.);
#879=ORIENTED_EDGE('',*,*,#3566,.F.);
#880=ORIENTED_EDGE('',*,*,#3947,.T.);
#881=ORIENTED_EDGE('',*,*,#3925,.F.);
#882=ORIENTED_EDGE('',*,*,#3678,.F.);
#883=ORIENTED_EDGE('',*,*,#3946,.T.);
#884=ORIENTED_EDGE('',*,*,#3794,.F.);
#885=ORIENTED_EDGE('',*,*,#3948,.F.);
#886=ORIENTED_EDGE('',*,*,#3908,.F.);
#887=ORIENTED_EDGE('',*,*,#3641,.F.);
#888=ORIENTED_EDGE('',*,*,#3948,.T.);
#889=ORIENTED_EDGE('',*,*,#3793,.T.);
#890=ORIENTED_EDGE('',*,*,#3932,.F.);
#891=ORIENTED_EDGE('',*,*,#3905,.T.);
#892=ORIENTED_EDGE('',*,*,#3786,.F.);
#893=ORIENTED_EDGE('',*,*,#3949,.F.);
#894=ORIENTED_EDGE('',*,*,#3904,.F.);
#895=ORIENTED_EDGE('',*,*,#3637,.F.);
#896=ORIENTED_EDGE('',*,*,#3949,.T.);
#897=ORIENTED_EDGE('',*,*,#3785,.T.);
#898=ORIENTED_EDGE('',*,*,#3931,.F.);
#899=ORIENTED_EDGE('',*,*,#3901,.T.);
#900=ORIENTED_EDGE('',*,*,#3627,.F.);
#901=ORIENTED_EDGE('',*,*,#3654,.F.);
#902=ORIENTED_EDGE('',*,*,#3633,.F.);
#903=ORIENTED_EDGE('',*,*,#3630,.F.);
#904=ORIENTED_EDGE('',*,*,#3617,.F.);
#905=ORIENTED_EDGE('',*,*,#3652,.F.);
#906=ORIENTED_EDGE('',*,*,#3623,.F.);
#907=ORIENTED_EDGE('',*,*,#3620,.F.);
#908=ORIENTED_EDGE('',*,*,#3607,.F.);
#909=ORIENTED_EDGE('',*,*,#3650,.F.);
#910=ORIENTED_EDGE('',*,*,#3613,.F.);
#911=ORIENTED_EDGE('',*,*,#3610,.F.);
#912=ORIENTED_EDGE('',*,*,#3597,.F.);
#913=ORIENTED_EDGE('',*,*,#3648,.F.);
#914=ORIENTED_EDGE('',*,*,#3603,.F.);
#915=ORIENTED_EDGE('',*,*,#3600,.F.);
#916=ORIENTED_EDGE('',*,*,#3587,.F.);
#917=ORIENTED_EDGE('',*,*,#3646,.F.);
#918=ORIENTED_EDGE('',*,*,#3593,.F.);
#919=ORIENTED_EDGE('',*,*,#3590,.F.);
#920=ORIENTED_EDGE('',*,*,#3577,.F.);
#921=ORIENTED_EDGE('',*,*,#3644,.F.);
#922=ORIENTED_EDGE('',*,*,#3583,.F.);
#923=ORIENTED_EDGE('',*,*,#3580,.F.);
#924=ORIENTED_EDGE('',*,*,#3777,.F.);
#925=ORIENTED_EDGE('',*,*,#3573,.F.);
#926=ORIENTED_EDGE('',*,*,#3898,.F.);
#927=ORIENTED_EDGE('',*,*,#3950,.F.);
#928=ORIENTED_EDGE('',*,*,#3933,.F.);
#929=ORIENTED_EDGE('',*,*,#3773,.T.);
#930=ORIENTED_EDGE('',*,*,#3950,.T.);
#931=ORIENTED_EDGE('',*,*,#3897,.T.);
#932=ORIENTED_EDGE('',*,*,#3769,.F.);
#933=ORIENTED_EDGE('',*,*,#3569,.F.);
#934=ORIENTED_EDGE('',*,*,#3894,.F.);
#935=ORIENTED_EDGE('',*,*,#3951,.F.);
#936=ORIENTED_EDGE('',*,*,#3934,.F.);
#937=ORIENTED_EDGE('',*,*,#3765,.T.);
#938=ORIENTED_EDGE('',*,*,#3951,.T.);
#939=ORIENTED_EDGE('',*,*,#3893,.T.);
#940=ORIENTED_EDGE('',*,*,#3661,.F.);
#941=ORIENTED_EDGE('',*,*,#3952,.F.);
#942=ORIENTED_EDGE('',*,*,#3673,.F.);
#943=ORIENTED_EDGE('',*,*,#3547,.F.);
#944=ORIENTED_EDGE('',*,*,#3551,.T.);
#945=ORIENTED_EDGE('',*,*,#3533,.T.);
#946=ORIENTED_EDGE('',*,*,#3935,.F.);
#947=ORIENTED_EDGE('',*,*,#3552,.F.);
#948=ORIENTED_EDGE('',*,*,#3936,.F.);
#949=ORIENTED_EDGE('',*,*,#3531,.F.);
#950=ORIENTED_EDGE('',*,*,#3549,.T.);
#951=ORIENTED_EDGE('',*,*,#3542,.T.);
#952=ORIENTED_EDGE('',*,*,#3557,.T.);
#953=ORIENTED_EDGE('',*,*,#3953,.T.);
#954=ORIENTED_EDGE('',*,*,#3561,.F.);
#955=ORIENTED_EDGE('',*,*,#3954,.F.);
#956=ORIENTED_EDGE('',*,*,#3565,.F.);
#957=ORIENTED_EDGE('',*,*,#3955,.F.);
#958=ORIENTED_EDGE('',*,*,#3956,.T.);
#959=ORIENTED_EDGE('',*,*,#3957,.T.);
#960=ORIENTED_EDGE('',*,*,#3937,.F.);
#961=ORIENTED_EDGE('',*,*,#3656,.F.);
#962=ORIENTED_EDGE('',*,*,#3939,.F.);
#963=ORIENTED_EDGE('',*,*,#3958,.F.);
#964=ORIENTED_EDGE('',*,*,#3959,.T.);
#965=ORIENTED_EDGE('',*,*,#3960,.T.);
#966=ORIENTED_EDGE('',*,*,#3926,.T.);
#967=ORIENTED_EDGE('',*,*,#3961,.T.);
#968=ORIENTED_EDGE('',*,*,#3938,.F.);
#969=ORIENTED_EDGE('',*,*,#3957,.F.);
#970=ORIENTED_EDGE('',*,*,#3962,.T.);
#971=ORIENTED_EDGE('',*,*,#3958,.T.);
#972=ORIENTED_EDGE('',*,*,#3945,.F.);
#973=ORIENTED_EDGE('',*,*,#3961,.F.);
#974=ORIENTED_EDGE('',*,*,#3947,.F.);
#975=ORIENTED_EDGE('',*,*,#3954,.T.);
#976=ORIENTED_EDGE('',*,*,#3955,.T.);
#977=ORIENTED_EDGE('',*,*,#3930,.T.);
#978=ORIENTED_EDGE('',*,*,#3960,.F.);
#979=ORIENTED_EDGE('',*,*,#3963,.T.);
#980=ORIENTED_EDGE('',*,*,#3963,.F.);
#981=ORIENTED_EDGE('',*,*,#3959,.F.);
#982=ORIENTED_EDGE('',*,*,#3962,.F.);
#983=ORIENTED_EDGE('',*,*,#3956,.F.);
#984=ORIENTED_EDGE('',*,*,#3942,.F.);
#985=ORIENTED_EDGE('',*,*,#3953,.F.);
#986=ORIENTED_EDGE('',*,*,#3943,.F.);
#987=ORIENTED_EDGE('',*,*,#3952,.T.);
#988=ORIENTED_EDGE('',*,*,#3964,.T.);
#989=ORIENTED_EDGE('',*,*,#3539,.F.);
#990=ORIENTED_EDGE('',*,*,#3548,.T.);
#991=ORIENTED_EDGE('',*,*,#3529,.F.);
#992=ORIENTED_EDGE('',*,*,#3928,.T.);
#993=ORIENTED_EDGE('',*,*,#3540,.F.);
#994=ORIENTED_EDGE('',*,*,#3964,.F.);
#995=ORIENTED_EDGE('',*,*,#3528,.F.);
#996=ORIENTED_EDGE('',*,*,#3965,.T.);
#997=ORIENTED_EDGE('',*,*,#3544,.F.);
#998=ORIENTED_EDGE('',*,*,#3929,.F.);
#999=ORIENTED_EDGE('',*,*,#3536,.F.);
#1000=ORIENTED_EDGE('',*,*,#3550,.T.);
#1001=ORIENTED_EDGE('',*,*,#3545,.F.);
#1002=ORIENTED_EDGE('',*,*,#3965,.F.);
#1003=ORIENTED_EDGE('',*,*,#3535,.F.);
#1004=ORIENTED_EDGE('',*,*,#3966,.F.);
#1005=ORIENTED_EDGE('',*,*,#3967,.T.);
#1006=ORIENTED_EDGE('',*,*,#3968,.F.);
#1007=ORIENTED_EDGE('',*,*,#3969,.F.);
#1008=ORIENTED_EDGE('',*,*,#3970,.F.);
#1009=ORIENTED_EDGE('',*,*,#3971,.F.);
#1010=ORIENTED_EDGE('',*,*,#3972,.F.);
#1011=ORIENTED_EDGE('',*,*,#3973,.T.);
#1012=ORIENTED_EDGE('',*,*,#3974,.F.);
#1013=ORIENTED_EDGE('',*,*,#3975,.F.);
#1014=ORIENTED_EDGE('',*,*,#3976,.F.);
#1015=ORIENTED_EDGE('',*,*,#3977,.T.);
#1016=ORIENTED_EDGE('',*,*,#3978,.F.);
#1017=ORIENTED_EDGE('',*,*,#3979,.F.);
#1018=ORIENTED_EDGE('',*,*,#3980,.F.);
#1019=ORIENTED_EDGE('',*,*,#3981,.T.);
#1020=ORIENTED_EDGE('',*,*,#3982,.F.);
#1021=ORIENTED_EDGE('',*,*,#3983,.F.);
#1022=ORIENTED_EDGE('',*,*,#3984,.F.);
#1023=ORIENTED_EDGE('',*,*,#3985,.T.);
#1024=ORIENTED_EDGE('',*,*,#3986,.F.);
#1025=ORIENTED_EDGE('',*,*,#3987,.F.);
#1026=ORIENTED_EDGE('',*,*,#3988,.F.);
#1027=ORIENTED_EDGE('',*,*,#3989,.T.);
#1028=ORIENTED_EDGE('',*,*,#3990,.F.);
#1029=ORIENTED_EDGE('',*,*,#3991,.F.);
#1030=ORIENTED_EDGE('',*,*,#3992,.F.);
#1031=ORIENTED_EDGE('',*,*,#3993,.T.);
#1032=ORIENTED_EDGE('',*,*,#3994,.F.);
#1033=ORIENTED_EDGE('',*,*,#3995,.F.);
#1034=ORIENTED_EDGE('',*,*,#3996,.F.);
#1035=ORIENTED_EDGE('',*,*,#3997,.T.);
#1036=ORIENTED_EDGE('',*,*,#3998,.F.);
#1037=ORIENTED_EDGE('',*,*,#3999,.F.);
#1038=ORIENTED_EDGE('',*,*,#4000,.F.);
#1039=ORIENTED_EDGE('',*,*,#4001,.T.);
#1040=ORIENTED_EDGE('',*,*,#4002,.F.);
#1041=ORIENTED_EDGE('',*,*,#4003,.F.);
#1042=ORIENTED_EDGE('',*,*,#4004,.F.);
#1043=ORIENTED_EDGE('',*,*,#4005,.T.);
#1044=ORIENTED_EDGE('',*,*,#4006,.F.);
#1045=ORIENTED_EDGE('',*,*,#4007,.F.);
#1046=ORIENTED_EDGE('',*,*,#4008,.F.);
#1047=ORIENTED_EDGE('',*,*,#4009,.T.);
#1048=ORIENTED_EDGE('',*,*,#4010,.F.);
#1049=ORIENTED_EDGE('',*,*,#4011,.F.);
#1050=ORIENTED_EDGE('',*,*,#4012,.F.);
#1051=ORIENTED_EDGE('',*,*,#4013,.T.);
#1052=ORIENTED_EDGE('',*,*,#4014,.F.);
#1053=ORIENTED_EDGE('',*,*,#4015,.T.);
#1054=ORIENTED_EDGE('',*,*,#4016,.F.);
#1055=ORIENTED_EDGE('',*,*,#4017,.F.);
#1056=ORIENTED_EDGE('',*,*,#4018,.F.);
#1057=ORIENTED_EDGE('',*,*,#4019,.F.);
#1058=ORIENTED_EDGE('',*,*,#4020,.F.);
#1059=ORIENTED_EDGE('',*,*,#4021,.T.);
#1060=ORIENTED_EDGE('',*,*,#4022,.F.);
#1061=ORIENTED_EDGE('',*,*,#4023,.F.);
#1062=ORIENTED_EDGE('',*,*,#4024,.F.);
#1063=ORIENTED_EDGE('',*,*,#4025,.T.);
#1064=ORIENTED_EDGE('',*,*,#4026,.F.);
#1065=ORIENTED_EDGE('',*,*,#4027,.F.);
#1066=ORIENTED_EDGE('',*,*,#4028,.F.);
#1067=ORIENTED_EDGE('',*,*,#4029,.T.);
#1068=ORIENTED_EDGE('',*,*,#4030,.F.);
#1069=ORIENTED_EDGE('',*,*,#4031,.F.);
#1070=ORIENTED_EDGE('',*,*,#4032,.F.);
#1071=ORIENTED_EDGE('',*,*,#4033,.T.);
#1072=ORIENTED_EDGE('',*,*,#4034,.F.);
#1073=ORIENTED_EDGE('',*,*,#4035,.F.);
#1074=ORIENTED_EDGE('',*,*,#4036,.F.);
#1075=ORIENTED_EDGE('',*,*,#4037,.T.);
#1076=ORIENTED_EDGE('',*,*,#4038,.F.);
#1077=ORIENTED_EDGE('',*,*,#4039,.F.);
#1078=ORIENTED_EDGE('',*,*,#4040,.F.);
#1079=ORIENTED_EDGE('',*,*,#4041,.T.);
#1080=ORIENTED_EDGE('',*,*,#4042,.F.);
#1081=ORIENTED_EDGE('',*,*,#4043,.F.);
#1082=ORIENTED_EDGE('',*,*,#4044,.F.);
#1083=ORIENTED_EDGE('',*,*,#4045,.T.);
#1084=ORIENTED_EDGE('',*,*,#4046,.F.);
#1085=ORIENTED_EDGE('',*,*,#4047,.F.);
#1086=ORIENTED_EDGE('',*,*,#4048,.F.);
#1087=ORIENTED_EDGE('',*,*,#4049,.T.);
#1088=ORIENTED_EDGE('',*,*,#4050,.F.);
#1089=ORIENTED_EDGE('',*,*,#4051,.F.);
#1090=ORIENTED_EDGE('',*,*,#4052,.F.);
#1091=ORIENTED_EDGE('',*,*,#4053,.T.);
#1092=ORIENTED_EDGE('',*,*,#4054,.F.);
#1093=ORIENTED_EDGE('',*,*,#4055,.F.);
#1094=ORIENTED_EDGE('',*,*,#4056,.F.);
#1095=ORIENTED_EDGE('',*,*,#4057,.T.);
#1096=ORIENTED_EDGE('',*,*,#4058,.F.);
#1097=ORIENTED_EDGE('',*,*,#4059,.F.);
#1098=ORIENTED_EDGE('',*,*,#4060,.F.);
#1099=ORIENTED_EDGE('',*,*,#4061,.T.);
#1100=ORIENTED_EDGE('',*,*,#4062,.F.);
#1101=ORIENTED_EDGE('',*,*,#4015,.F.);
#1102=ORIENTED_EDGE('',*,*,#4063,.F.);
#1103=ORIENTED_EDGE('',*,*,#4064,.T.);
#1104=ORIENTED_EDGE('',*,*,#4065,.F.);
#1105=ORIENTED_EDGE('',*,*,#4021,.F.);
#1106=ORIENTED_EDGE('',*,*,#4066,.F.);
#1107=ORIENTED_EDGE('',*,*,#4067,.T.);
#1108=ORIENTED_EDGE('',*,*,#4068,.F.);
#1109=ORIENTED_EDGE('',*,*,#4025,.F.);
#1110=ORIENTED_EDGE('',*,*,#4069,.F.);
#1111=ORIENTED_EDGE('',*,*,#4070,.T.);
#1112=ORIENTED_EDGE('',*,*,#4071,.F.);
#1113=ORIENTED_EDGE('',*,*,#4029,.F.);
#1114=ORIENTED_EDGE('',*,*,#4072,.F.);
#1115=ORIENTED_EDGE('',*,*,#4073,.T.);
#1116=ORIENTED_EDGE('',*,*,#4074,.F.);
#1117=ORIENTED_EDGE('',*,*,#4033,.F.);
#1118=ORIENTED_EDGE('',*,*,#4075,.F.);
#1119=ORIENTED_EDGE('',*,*,#4076,.T.);
#1120=ORIENTED_EDGE('',*,*,#4077,.F.);
#1121=ORIENTED_EDGE('',*,*,#4037,.F.);
#1122=ORIENTED_EDGE('',*,*,#4078,.F.);
#1123=ORIENTED_EDGE('',*,*,#4079,.T.);
#1124=ORIENTED_EDGE('',*,*,#4080,.F.);
#1125=ORIENTED_EDGE('',*,*,#4041,.F.);
#1126=ORIENTED_EDGE('',*,*,#4081,.F.);
#1127=ORIENTED_EDGE('',*,*,#4082,.T.);
#1128=ORIENTED_EDGE('',*,*,#4083,.F.);
#1129=ORIENTED_EDGE('',*,*,#4045,.F.);
#1130=ORIENTED_EDGE('',*,*,#4084,.F.);
#1131=ORIENTED_EDGE('',*,*,#4085,.T.);
#1132=ORIENTED_EDGE('',*,*,#4086,.F.);
#1133=ORIENTED_EDGE('',*,*,#4049,.F.);
#1134=ORIENTED_EDGE('',*,*,#4087,.F.);
#1135=ORIENTED_EDGE('',*,*,#4088,.T.);
#1136=ORIENTED_EDGE('',*,*,#4089,.F.);
#1137=ORIENTED_EDGE('',*,*,#4053,.F.);
#1138=ORIENTED_EDGE('',*,*,#4090,.F.);
#1139=ORIENTED_EDGE('',*,*,#4091,.T.);
#1140=ORIENTED_EDGE('',*,*,#4092,.F.);
#1141=ORIENTED_EDGE('',*,*,#4057,.F.);
#1142=ORIENTED_EDGE('',*,*,#4093,.F.);
#1143=ORIENTED_EDGE('',*,*,#4094,.T.);
#1144=ORIENTED_EDGE('',*,*,#4095,.F.);
#1145=ORIENTED_EDGE('',*,*,#4061,.F.);
#1146=ORIENTED_EDGE('',*,*,#4096,.F.);
#1147=ORIENTED_EDGE('',*,*,#4097,.T.);
#1148=ORIENTED_EDGE('',*,*,#4098,.F.);
#1149=ORIENTED_EDGE('',*,*,#4064,.F.);
#1150=ORIENTED_EDGE('',*,*,#4099,.T.);
#1151=ORIENTED_EDGE('',*,*,#4100,.T.);
#1152=ORIENTED_EDGE('',*,*,#4101,.F.);
#1153=ORIENTED_EDGE('',*,*,#4067,.F.);
#1154=ORIENTED_EDGE('',*,*,#4102,.T.);
#1155=ORIENTED_EDGE('',*,*,#4103,.T.);
#1156=ORIENTED_EDGE('',*,*,#4104,.F.);
#1157=ORIENTED_EDGE('',*,*,#4070,.F.);
#1158=ORIENTED_EDGE('',*,*,#4105,.T.);
#1159=ORIENTED_EDGE('',*,*,#4106,.T.);
#1160=ORIENTED_EDGE('',*,*,#4107,.F.);
#1161=ORIENTED_EDGE('',*,*,#4073,.F.);
#1162=ORIENTED_EDGE('',*,*,#4108,.T.);
#1163=ORIENTED_EDGE('',*,*,#4109,.T.);
#1164=ORIENTED_EDGE('',*,*,#4110,.F.);
#1165=ORIENTED_EDGE('',*,*,#4076,.F.);
#1166=ORIENTED_EDGE('',*,*,#4111,.T.);
#1167=ORIENTED_EDGE('',*,*,#4112,.T.);
#1168=ORIENTED_EDGE('',*,*,#4113,.F.);
#1169=ORIENTED_EDGE('',*,*,#4079,.F.);
#1170=ORIENTED_EDGE('',*,*,#4114,.T.);
#1171=ORIENTED_EDGE('',*,*,#4115,.T.);
#1172=ORIENTED_EDGE('',*,*,#4116,.F.);
#1173=ORIENTED_EDGE('',*,*,#4082,.F.);
#1174=ORIENTED_EDGE('',*,*,#4117,.T.);
#1175=ORIENTED_EDGE('',*,*,#4118,.T.);
#1176=ORIENTED_EDGE('',*,*,#4119,.F.);
#1177=ORIENTED_EDGE('',*,*,#4085,.F.);
#1178=ORIENTED_EDGE('',*,*,#4120,.T.);
#1179=ORIENTED_EDGE('',*,*,#4121,.T.);
#1180=ORIENTED_EDGE('',*,*,#4122,.F.);
#1181=ORIENTED_EDGE('',*,*,#4088,.F.);
#1182=ORIENTED_EDGE('',*,*,#4123,.T.);
#1183=ORIENTED_EDGE('',*,*,#4124,.T.);
#1184=ORIENTED_EDGE('',*,*,#4125,.F.);
#1185=ORIENTED_EDGE('',*,*,#4091,.F.);
#1186=ORIENTED_EDGE('',*,*,#4126,.T.);
#1187=ORIENTED_EDGE('',*,*,#4127,.T.);
#1188=ORIENTED_EDGE('',*,*,#4128,.F.);
#1189=ORIENTED_EDGE('',*,*,#4094,.F.);
#1190=ORIENTED_EDGE('',*,*,#4129,.T.);
#1191=ORIENTED_EDGE('',*,*,#4130,.T.);
#1192=ORIENTED_EDGE('',*,*,#4131,.F.);
#1193=ORIENTED_EDGE('',*,*,#4097,.F.);
#1194=ORIENTED_EDGE('',*,*,#4132,.T.);
#1195=ORIENTED_EDGE('',*,*,#4133,.T.);
#1196=ORIENTED_EDGE('',*,*,#4134,.F.);
#1197=ORIENTED_EDGE('',*,*,#4100,.F.);
#1198=ORIENTED_EDGE('',*,*,#4135,.F.);
#1199=ORIENTED_EDGE('',*,*,#4136,.T.);
#1200=ORIENTED_EDGE('',*,*,#4137,.F.);
#1201=ORIENTED_EDGE('',*,*,#4103,.F.);
#1202=ORIENTED_EDGE('',*,*,#4138,.F.);
#1203=ORIENTED_EDGE('',*,*,#4139,.T.);
#1204=ORIENTED_EDGE('',*,*,#4140,.F.);
#1205=ORIENTED_EDGE('',*,*,#4106,.F.);
#1206=ORIENTED_EDGE('',*,*,#4141,.F.);
#1207=ORIENTED_EDGE('',*,*,#4142,.T.);
#1208=ORIENTED_EDGE('',*,*,#4143,.F.);
#1209=ORIENTED_EDGE('',*,*,#4109,.F.);
#1210=ORIENTED_EDGE('',*,*,#4144,.F.);
#1211=ORIENTED_EDGE('',*,*,#4145,.T.);
#1212=ORIENTED_EDGE('',*,*,#4146,.F.);
#1213=ORIENTED_EDGE('',*,*,#4112,.F.);
#1214=ORIENTED_EDGE('',*,*,#4147,.F.);
#1215=ORIENTED_EDGE('',*,*,#4148,.T.);
#1216=ORIENTED_EDGE('',*,*,#4149,.F.);
#1217=ORIENTED_EDGE('',*,*,#4115,.F.);
#1218=ORIENTED_EDGE('',*,*,#4150,.F.);
#1219=ORIENTED_EDGE('',*,*,#4151,.T.);
#1220=ORIENTED_EDGE('',*,*,#4152,.F.);
#1221=ORIENTED_EDGE('',*,*,#4118,.F.);
#1222=ORIENTED_EDGE('',*,*,#4153,.F.);
#1223=ORIENTED_EDGE('',*,*,#4154,.T.);
#1224=ORIENTED_EDGE('',*,*,#4155,.F.);
#1225=ORIENTED_EDGE('',*,*,#4121,.F.);
#1226=ORIENTED_EDGE('',*,*,#4156,.F.);
#1227=ORIENTED_EDGE('',*,*,#4157,.T.);
#1228=ORIENTED_EDGE('',*,*,#4158,.F.);
#1229=ORIENTED_EDGE('',*,*,#4124,.F.);
#1230=ORIENTED_EDGE('',*,*,#4159,.F.);
#1231=ORIENTED_EDGE('',*,*,#4160,.T.);
#1232=ORIENTED_EDGE('',*,*,#4161,.F.);
#1233=ORIENTED_EDGE('',*,*,#4127,.F.);
#1234=ORIENTED_EDGE('',*,*,#4162,.F.);
#1235=ORIENTED_EDGE('',*,*,#4163,.T.);
#1236=ORIENTED_EDGE('',*,*,#4164,.F.);
#1237=ORIENTED_EDGE('',*,*,#4130,.F.);
#1238=ORIENTED_EDGE('',*,*,#4165,.F.);
#1239=ORIENTED_EDGE('',*,*,#4166,.T.);
#1240=ORIENTED_EDGE('',*,*,#4167,.F.);
#1241=ORIENTED_EDGE('',*,*,#4133,.F.);
#1242=ORIENTED_EDGE('',*,*,#4168,.F.);
#1243=ORIENTED_EDGE('',*,*,#4169,.T.);
#1244=ORIENTED_EDGE('',*,*,#4170,.F.);
#1245=ORIENTED_EDGE('',*,*,#4171,.T.);
#1246=ORIENTED_EDGE('',*,*,#4172,.F.);
#1247=ORIENTED_EDGE('',*,*,#4136,.F.);
#1248=ORIENTED_EDGE('',*,*,#4173,.F.);
#1249=ORIENTED_EDGE('',*,*,#4139,.F.);
#1250=ORIENTED_EDGE('',*,*,#4174,.F.);
#1251=ORIENTED_EDGE('',*,*,#4175,.T.);
#1252=ORIENTED_EDGE('',*,*,#4176,.F.);
#1253=ORIENTED_EDGE('',*,*,#4142,.F.);
#1254=ORIENTED_EDGE('',*,*,#4177,.F.);
#1255=ORIENTED_EDGE('',*,*,#4178,.T.);
#1256=ORIENTED_EDGE('',*,*,#4179,.F.);
#1257=ORIENTED_EDGE('',*,*,#4145,.F.);
#1258=ORIENTED_EDGE('',*,*,#4180,.F.);
#1259=ORIENTED_EDGE('',*,*,#4181,.T.);
#1260=ORIENTED_EDGE('',*,*,#4182,.F.);
#1261=ORIENTED_EDGE('',*,*,#4148,.F.);
#1262=ORIENTED_EDGE('',*,*,#4183,.F.);
#1263=ORIENTED_EDGE('',*,*,#4184,.T.);
#1264=ORIENTED_EDGE('',*,*,#4185,.F.);
#1265=ORIENTED_EDGE('',*,*,#4151,.F.);
#1266=ORIENTED_EDGE('',*,*,#4186,.F.);
#1267=ORIENTED_EDGE('',*,*,#4187,.T.);
#1268=ORIENTED_EDGE('',*,*,#4188,.F.);
#1269=ORIENTED_EDGE('',*,*,#4154,.F.);
#1270=ORIENTED_EDGE('',*,*,#4189,.F.);
#1271=ORIENTED_EDGE('',*,*,#4190,.T.);
#1272=ORIENTED_EDGE('',*,*,#4191,.F.);
#1273=ORIENTED_EDGE('',*,*,#4157,.F.);
#1274=ORIENTED_EDGE('',*,*,#4192,.F.);
#1275=ORIENTED_EDGE('',*,*,#4193,.T.);
#1276=ORIENTED_EDGE('',*,*,#4194,.F.);
#1277=ORIENTED_EDGE('',*,*,#4160,.F.);
#1278=ORIENTED_EDGE('',*,*,#4195,.F.);
#1279=ORIENTED_EDGE('',*,*,#4196,.T.);
#1280=ORIENTED_EDGE('',*,*,#4197,.F.);
#1281=ORIENTED_EDGE('',*,*,#4163,.F.);
#1282=ORIENTED_EDGE('',*,*,#4198,.F.);
#1283=ORIENTED_EDGE('',*,*,#4199,.T.);
#1284=ORIENTED_EDGE('',*,*,#4200,.F.);
#1285=ORIENTED_EDGE('',*,*,#4166,.F.);
#1286=ORIENTED_EDGE('',*,*,#4201,.F.);
#1287=ORIENTED_EDGE('',*,*,#4202,.T.);
#1288=ORIENTED_EDGE('',*,*,#4203,.F.);
#1289=ORIENTED_EDGE('',*,*,#4169,.F.);
#1290=ORIENTED_EDGE('',*,*,#4204,.F.);
#1291=ORIENTED_EDGE('',*,*,#4205,.T.);
#1292=ORIENTED_EDGE('',*,*,#4206,.F.);
#1293=ORIENTED_EDGE('',*,*,#4207,.T.);
#1294=ORIENTED_EDGE('',*,*,#4208,.F.);
#1295=ORIENTED_EDGE('',*,*,#4209,.F.);
#1296=ORIENTED_EDGE('',*,*,#4210,.F.);
#1297=ORIENTED_EDGE('',*,*,#4211,.F.);
#1298=ORIENTED_EDGE('',*,*,#4212,.F.);
#1299=ORIENTED_EDGE('',*,*,#4213,.T.);
#1300=ORIENTED_EDGE('',*,*,#4214,.F.);
#1301=ORIENTED_EDGE('',*,*,#4215,.F.);
#1302=ORIENTED_EDGE('',*,*,#4216,.F.);
#1303=ORIENTED_EDGE('',*,*,#4217,.T.);
#1304=ORIENTED_EDGE('',*,*,#4218,.F.);
#1305=ORIENTED_EDGE('',*,*,#4219,.F.);
#1306=ORIENTED_EDGE('',*,*,#4220,.F.);
#1307=ORIENTED_EDGE('',*,*,#4221,.T.);
#1308=ORIENTED_EDGE('',*,*,#4222,.F.);
#1309=ORIENTED_EDGE('',*,*,#4223,.F.);
#1310=ORIENTED_EDGE('',*,*,#4224,.F.);
#1311=ORIENTED_EDGE('',*,*,#4225,.T.);
#1312=ORIENTED_EDGE('',*,*,#4226,.F.);
#1313=ORIENTED_EDGE('',*,*,#4227,.F.);
#1314=ORIENTED_EDGE('',*,*,#4228,.F.);
#1315=ORIENTED_EDGE('',*,*,#4229,.T.);
#1316=ORIENTED_EDGE('',*,*,#4230,.F.);
#1317=ORIENTED_EDGE('',*,*,#4231,.F.);
#1318=ORIENTED_EDGE('',*,*,#4232,.F.);
#1319=ORIENTED_EDGE('',*,*,#4233,.T.);
#1320=ORIENTED_EDGE('',*,*,#4234,.F.);
#1321=ORIENTED_EDGE('',*,*,#4235,.F.);
#1322=ORIENTED_EDGE('',*,*,#4236,.F.);
#1323=ORIENTED_EDGE('',*,*,#4237,.T.);
#1324=ORIENTED_EDGE('',*,*,#4238,.F.);
#1325=ORIENTED_EDGE('',*,*,#4239,.F.);
#1326=ORIENTED_EDGE('',*,*,#4240,.F.);
#1327=ORIENTED_EDGE('',*,*,#4241,.T.);
#1328=ORIENTED_EDGE('',*,*,#4242,.F.);
#1329=ORIENTED_EDGE('',*,*,#4243,.F.);
#1330=ORIENTED_EDGE('',*,*,#4244,.F.);
#1331=ORIENTED_EDGE('',*,*,#4245,.T.);
#1332=ORIENTED_EDGE('',*,*,#4246,.F.);
#1333=ORIENTED_EDGE('',*,*,#4247,.F.);
#1334=ORIENTED_EDGE('',*,*,#4248,.F.);
#1335=ORIENTED_EDGE('',*,*,#4249,.T.);
#1336=ORIENTED_EDGE('',*,*,#4250,.F.);
#1337=ORIENTED_EDGE('',*,*,#4251,.F.);
#1338=ORIENTED_EDGE('',*,*,#4252,.F.);
#1339=ORIENTED_EDGE('',*,*,#4253,.T.);
#1340=ORIENTED_EDGE('',*,*,#4254,.F.);
#1341=ORIENTED_EDGE('',*,*,#4207,.F.);
#1342=ORIENTED_EDGE('',*,*,#4255,.F.);
#1343=ORIENTED_EDGE('',*,*,#4256,.T.);
#1344=ORIENTED_EDGE('',*,*,#4257,.F.);
#1345=ORIENTED_EDGE('',*,*,#4213,.F.);
#1346=ORIENTED_EDGE('',*,*,#4258,.F.);
#1347=ORIENTED_EDGE('',*,*,#4259,.T.);
#1348=ORIENTED_EDGE('',*,*,#4260,.F.);
#1349=ORIENTED_EDGE('',*,*,#4217,.F.);
#1350=ORIENTED_EDGE('',*,*,#4261,.F.);
#1351=ORIENTED_EDGE('',*,*,#4262,.T.);
#1352=ORIENTED_EDGE('',*,*,#4263,.F.);
#1353=ORIENTED_EDGE('',*,*,#4221,.F.);
#1354=ORIENTED_EDGE('',*,*,#4264,.F.);
#1355=ORIENTED_EDGE('',*,*,#4265,.T.);
#1356=ORIENTED_EDGE('',*,*,#4266,.F.);
#1357=ORIENTED_EDGE('',*,*,#4225,.F.);
#1358=ORIENTED_EDGE('',*,*,#4267,.F.);
#1359=ORIENTED_EDGE('',*,*,#4268,.T.);
#1360=ORIENTED_EDGE('',*,*,#4269,.F.);
#1361=ORIENTED_EDGE('',*,*,#4229,.F.);
#1362=ORIENTED_EDGE('',*,*,#4270,.F.);
#1363=ORIENTED_EDGE('',*,*,#4271,.T.);
#1364=ORIENTED_EDGE('',*,*,#4272,.F.);
#1365=ORIENTED_EDGE('',*,*,#4233,.F.);
#1366=ORIENTED_EDGE('',*,*,#4273,.F.);
#1367=ORIENTED_EDGE('',*,*,#4274,.T.);
#1368=ORIENTED_EDGE('',*,*,#4275,.F.);
#1369=ORIENTED_EDGE('',*,*,#4237,.F.);
#1370=ORIENTED_EDGE('',*,*,#4276,.F.);
#1371=ORIENTED_EDGE('',*,*,#4277,.T.);
#1372=ORIENTED_EDGE('',*,*,#4278,.F.);
#1373=ORIENTED_EDGE('',*,*,#4241,.F.);
#1374=ORIENTED_EDGE('',*,*,#4279,.F.);
#1375=ORIENTED_EDGE('',*,*,#4280,.T.);
#1376=ORIENTED_EDGE('',*,*,#4281,.F.);
#1377=ORIENTED_EDGE('',*,*,#4245,.F.);
#1378=ORIENTED_EDGE('',*,*,#4282,.F.);
#1379=ORIENTED_EDGE('',*,*,#4283,.T.);
#1380=ORIENTED_EDGE('',*,*,#4284,.F.);
#1381=ORIENTED_EDGE('',*,*,#4249,.F.);
#1382=ORIENTED_EDGE('',*,*,#4285,.F.);
#1383=ORIENTED_EDGE('',*,*,#4286,.T.);
#1384=ORIENTED_EDGE('',*,*,#4287,.F.);
#1385=ORIENTED_EDGE('',*,*,#4253,.F.);
#1386=ORIENTED_EDGE('',*,*,#4288,.F.);
#1387=ORIENTED_EDGE('',*,*,#4289,.T.);
#1388=ORIENTED_EDGE('',*,*,#4290,.F.);
#1389=ORIENTED_EDGE('',*,*,#4256,.F.);
#1390=ORIENTED_EDGE('',*,*,#4291,.T.);
#1391=ORIENTED_EDGE('',*,*,#4292,.T.);
#1392=ORIENTED_EDGE('',*,*,#4293,.F.);
#1393=ORIENTED_EDGE('',*,*,#4259,.F.);
#1394=ORIENTED_EDGE('',*,*,#4294,.T.);
#1395=ORIENTED_EDGE('',*,*,#4295,.T.);
#1396=ORIENTED_EDGE('',*,*,#4296,.F.);
#1397=ORIENTED_EDGE('',*,*,#4262,.F.);
#1398=ORIENTED_EDGE('',*,*,#4297,.T.);
#1399=ORIENTED_EDGE('',*,*,#4298,.T.);
#1400=ORIENTED_EDGE('',*,*,#4299,.F.);
#1401=ORIENTED_EDGE('',*,*,#4265,.F.);
#1402=ORIENTED_EDGE('',*,*,#4300,.T.);
#1403=ORIENTED_EDGE('',*,*,#4301,.T.);
#1404=ORIENTED_EDGE('',*,*,#4302,.F.);
#1405=ORIENTED_EDGE('',*,*,#4268,.F.);
#1406=ORIENTED_EDGE('',*,*,#4303,.T.);
#1407=ORIENTED_EDGE('',*,*,#4304,.T.);
#1408=ORIENTED_EDGE('',*,*,#4305,.F.);
#1409=ORIENTED_EDGE('',*,*,#4271,.F.);
#1410=ORIENTED_EDGE('',*,*,#4306,.T.);
#1411=ORIENTED_EDGE('',*,*,#4307,.T.);
#1412=ORIENTED_EDGE('',*,*,#4308,.F.);
#1413=ORIENTED_EDGE('',*,*,#4274,.F.);
#1414=ORIENTED_EDGE('',*,*,#4309,.T.);
#1415=ORIENTED_EDGE('',*,*,#4310,.T.);
#1416=ORIENTED_EDGE('',*,*,#4311,.F.);
#1417=ORIENTED_EDGE('',*,*,#4277,.F.);
#1418=ORIENTED_EDGE('',*,*,#4312,.T.);
#1419=ORIENTED_EDGE('',*,*,#4313,.T.);
#1420=ORIENTED_EDGE('',*,*,#4314,.F.);
#1421=ORIENTED_EDGE('',*,*,#4280,.F.);
#1422=ORIENTED_EDGE('',*,*,#4315,.T.);
#1423=ORIENTED_EDGE('',*,*,#4316,.T.);
#1424=ORIENTED_EDGE('',*,*,#4317,.F.);
#1425=ORIENTED_EDGE('',*,*,#4283,.F.);
#1426=ORIENTED_EDGE('',*,*,#4318,.T.);
#1427=ORIENTED_EDGE('',*,*,#4319,.T.);
#1428=ORIENTED_EDGE('',*,*,#4320,.F.);
#1429=ORIENTED_EDGE('',*,*,#4286,.F.);
#1430=ORIENTED_EDGE('',*,*,#4321,.T.);
#1431=ORIENTED_EDGE('',*,*,#4322,.T.);
#1432=ORIENTED_EDGE('',*,*,#4323,.F.);
#1433=ORIENTED_EDGE('',*,*,#4289,.F.);
#1434=ORIENTED_EDGE('',*,*,#4324,.T.);
#1435=ORIENTED_EDGE('',*,*,#4325,.T.);
#1436=ORIENTED_EDGE('',*,*,#4326,.F.);
#1437=ORIENTED_EDGE('',*,*,#4292,.F.);
#1438=ORIENTED_EDGE('',*,*,#4327,.F.);
#1439=ORIENTED_EDGE('',*,*,#3969,.T.);
#1440=ORIENTED_EDGE('',*,*,#4328,.F.);
#1441=ORIENTED_EDGE('',*,*,#4295,.F.);
#1442=ORIENTED_EDGE('',*,*,#4329,.F.);
#1443=ORIENTED_EDGE('',*,*,#3971,.T.);
#1444=ORIENTED_EDGE('',*,*,#4330,.F.);
#1445=ORIENTED_EDGE('',*,*,#4298,.F.);
#1446=ORIENTED_EDGE('',*,*,#4331,.F.);
#1447=ORIENTED_EDGE('',*,*,#3975,.T.);
#1448=ORIENTED_EDGE('',*,*,#4332,.F.);
#1449=ORIENTED_EDGE('',*,*,#4301,.F.);
#1450=ORIENTED_EDGE('',*,*,#4333,.F.);
#1451=ORIENTED_EDGE('',*,*,#3979,.T.);
#1452=ORIENTED_EDGE('',*,*,#4334,.F.);
#1453=ORIENTED_EDGE('',*,*,#4304,.F.);
#1454=ORIENTED_EDGE('',*,*,#4335,.F.);
#1455=ORIENTED_EDGE('',*,*,#3983,.T.);
#1456=ORIENTED_EDGE('',*,*,#4336,.F.);
#1457=ORIENTED_EDGE('',*,*,#4307,.F.);
#1458=ORIENTED_EDGE('',*,*,#4337,.F.);
#1459=ORIENTED_EDGE('',*,*,#3987,.T.);
#1460=ORIENTED_EDGE('',*,*,#4338,.F.);
#1461=ORIENTED_EDGE('',*,*,#4310,.F.);
#1462=ORIENTED_EDGE('',*,*,#4339,.F.);
#1463=ORIENTED_EDGE('',*,*,#3991,.T.);
#1464=ORIENTED_EDGE('',*,*,#4340,.F.);
#1465=ORIENTED_EDGE('',*,*,#4313,.F.);
#1466=ORIENTED_EDGE('',*,*,#4341,.F.);
#1467=ORIENTED_EDGE('',*,*,#3995,.T.);
#1468=ORIENTED_EDGE('',*,*,#4342,.F.);
#1469=ORIENTED_EDGE('',*,*,#4316,.F.);
#1470=ORIENTED_EDGE('',*,*,#4343,.F.);
#1471=ORIENTED_EDGE('',*,*,#3999,.T.);
#1472=ORIENTED_EDGE('',*,*,#4344,.F.);
#1473=ORIENTED_EDGE('',*,*,#4319,.F.);
#1474=ORIENTED_EDGE('',*,*,#4345,.F.);
#1475=ORIENTED_EDGE('',*,*,#4003,.T.);
#1476=ORIENTED_EDGE('',*,*,#4346,.F.);
#1477=ORIENTED_EDGE('',*,*,#4322,.F.);
#1478=ORIENTED_EDGE('',*,*,#4347,.F.);
#1479=ORIENTED_EDGE('',*,*,#4007,.T.);
#1480=ORIENTED_EDGE('',*,*,#4348,.F.);
#1481=ORIENTED_EDGE('',*,*,#4325,.F.);
#1482=ORIENTED_EDGE('',*,*,#4349,.F.);
#1483=ORIENTED_EDGE('',*,*,#4011,.T.);
#1484=ORIENTED_EDGE('',*,*,#4350,.F.);
#1485=ORIENTED_EDGE('',*,*,#4351,.F.);
#1486=ORIENTED_EDGE('',*,*,#4352,.T.);
#1487=ORIENTED_EDGE('',*,*,#4353,.T.);
#1488=ORIENTED_EDGE('',*,*,#4354,.F.);
#1489=ORIENTED_EDGE('',*,*,#4355,.F.);
#1490=ORIENTED_EDGE('',*,*,#4356,.F.);
#1491=ORIENTED_EDGE('',*,*,#3973,.F.);
#1492=ORIENTED_EDGE('',*,*,#4357,.F.);
#1493=ORIENTED_EDGE('',*,*,#4358,.F.);
#1494=ORIENTED_EDGE('',*,*,#4359,.F.);
#1495=ORIENTED_EDGE('',*,*,#3977,.F.);
#1496=ORIENTED_EDGE('',*,*,#4360,.F.);
#1497=ORIENTED_EDGE('',*,*,#4361,.F.);
#1498=ORIENTED_EDGE('',*,*,#4362,.F.);
#1499=ORIENTED_EDGE('',*,*,#3981,.F.);
#1500=ORIENTED_EDGE('',*,*,#4363,.F.);
#1501=ORIENTED_EDGE('',*,*,#4364,.F.);
#1502=ORIENTED_EDGE('',*,*,#4365,.F.);
#1503=ORIENTED_EDGE('',*,*,#3985,.F.);
#1504=ORIENTED_EDGE('',*,*,#4366,.F.);
#1505=ORIENTED_EDGE('',*,*,#4367,.F.);
#1506=ORIENTED_EDGE('',*,*,#4368,.F.);
#1507=ORIENTED_EDGE('',*,*,#3989,.F.);
#1508=ORIENTED_EDGE('',*,*,#4369,.F.);
#1509=ORIENTED_EDGE('',*,*,#4370,.F.);
#1510=ORIENTED_EDGE('',*,*,#4371,.F.);
#1511=ORIENTED_EDGE('',*,*,#3993,.F.);
#1512=ORIENTED_EDGE('',*,*,#4372,.F.);
#1513=ORIENTED_EDGE('',*,*,#4373,.F.);
#1514=ORIENTED_EDGE('',*,*,#4374,.F.);
#1515=ORIENTED_EDGE('',*,*,#3997,.F.);
#1516=ORIENTED_EDGE('',*,*,#4375,.F.);
#1517=ORIENTED_EDGE('',*,*,#4376,.F.);
#1518=ORIENTED_EDGE('',*,*,#4377,.F.);
#1519=ORIENTED_EDGE('',*,*,#4001,.F.);
#1520=ORIENTED_EDGE('',*,*,#4378,.F.);
#1521=ORIENTED_EDGE('',*,*,#4379,.F.);
#1522=ORIENTED_EDGE('',*,*,#4380,.F.);
#1523=ORIENTED_EDGE('',*,*,#4005,.F.);
#1524=ORIENTED_EDGE('',*,*,#4381,.F.);
#1525=ORIENTED_EDGE('',*,*,#4382,.F.);
#1526=ORIENTED_EDGE('',*,*,#4383,.F.);
#1527=ORIENTED_EDGE('',*,*,#4009,.F.);
#1528=ORIENTED_EDGE('',*,*,#4384,.F.);
#1529=ORIENTED_EDGE('',*,*,#4385,.F.);
#1530=ORIENTED_EDGE('',*,*,#4386,.F.);
#1531=ORIENTED_EDGE('',*,*,#4013,.F.);
#1532=ORIENTED_EDGE('',*,*,#4387,.F.);
#1533=ORIENTED_EDGE('',*,*,#4388,.F.);
#1534=ORIENTED_EDGE('',*,*,#4389,.F.);
#1535=ORIENTED_EDGE('',*,*,#4353,.F.);
#1536=ORIENTED_EDGE('',*,*,#4390,.T.);
#1537=ORIENTED_EDGE('',*,*,#4391,.T.);
#1538=ORIENTED_EDGE('',*,*,#4392,.F.);
#1539=ORIENTED_EDGE('',*,*,#3967,.F.);
#1540=ORIENTED_EDGE('',*,*,#4393,.F.);
#1541=ORIENTED_EDGE('',*,*,#4017,.T.);
#1542=ORIENTED_EDGE('',*,*,#4394,.F.);
#1543=ORIENTED_EDGE('',*,*,#4391,.F.);
#1544=ORIENTED_EDGE('',*,*,#4395,.T.);
#1545=ORIENTED_EDGE('',*,*,#4396,.T.);
#1546=ORIENTED_EDGE('',*,*,#4397,.F.);
#1547=ORIENTED_EDGE('',*,*,#4398,.F.);
#1548=ORIENTED_EDGE('',*,*,#4399,.F.);
#1549=ORIENTED_EDGE('',*,*,#4059,.T.);
#1550=ORIENTED_EDGE('',*,*,#4400,.F.);
#1551=ORIENTED_EDGE('',*,*,#4401,.F.);
#1552=ORIENTED_EDGE('',*,*,#4402,.F.);
#1553=ORIENTED_EDGE('',*,*,#4055,.T.);
#1554=ORIENTED_EDGE('',*,*,#4403,.F.);
#1555=ORIENTED_EDGE('',*,*,#4404,.F.);
#1556=ORIENTED_EDGE('',*,*,#4405,.F.);
#1557=ORIENTED_EDGE('',*,*,#4051,.T.);
#1558=ORIENTED_EDGE('',*,*,#4406,.F.);
#1559=ORIENTED_EDGE('',*,*,#4407,.F.);
#1560=ORIENTED_EDGE('',*,*,#4408,.F.);
#1561=ORIENTED_EDGE('',*,*,#4047,.T.);
#1562=ORIENTED_EDGE('',*,*,#4409,.F.);
#1563=ORIENTED_EDGE('',*,*,#4410,.F.);
#1564=ORIENTED_EDGE('',*,*,#4411,.F.);
#1565=ORIENTED_EDGE('',*,*,#4043,.T.);
#1566=ORIENTED_EDGE('',*,*,#4412,.F.);
#1567=ORIENTED_EDGE('',*,*,#4413,.F.);
#1568=ORIENTED_EDGE('',*,*,#4414,.F.);
#1569=ORIENTED_EDGE('',*,*,#4039,.T.);
#1570=ORIENTED_EDGE('',*,*,#4415,.F.);
#1571=ORIENTED_EDGE('',*,*,#4416,.F.);
#1572=ORIENTED_EDGE('',*,*,#4417,.F.);
#1573=ORIENTED_EDGE('',*,*,#4035,.T.);
#1574=ORIENTED_EDGE('',*,*,#4418,.F.);
#1575=ORIENTED_EDGE('',*,*,#4419,.F.);
#1576=ORIENTED_EDGE('',*,*,#4420,.F.);
#1577=ORIENTED_EDGE('',*,*,#4031,.T.);
#1578=ORIENTED_EDGE('',*,*,#4421,.F.);
#1579=ORIENTED_EDGE('',*,*,#4422,.F.);
#1580=ORIENTED_EDGE('',*,*,#4423,.F.);
#1581=ORIENTED_EDGE('',*,*,#4027,.T.);
#1582=ORIENTED_EDGE('',*,*,#4424,.F.);
#1583=ORIENTED_EDGE('',*,*,#4425,.F.);
#1584=ORIENTED_EDGE('',*,*,#4426,.F.);
#1585=ORIENTED_EDGE('',*,*,#4023,.T.);
#1586=ORIENTED_EDGE('',*,*,#4427,.F.);
#1587=ORIENTED_EDGE('',*,*,#4428,.F.);
#1588=ORIENTED_EDGE('',*,*,#4429,.F.);
#1589=ORIENTED_EDGE('',*,*,#4019,.T.);
#1590=ORIENTED_EDGE('',*,*,#4430,.F.);
#1591=ORIENTED_EDGE('',*,*,#4431,.F.);
#1592=ORIENTED_EDGE('',*,*,#4432,.F.);
#1593=ORIENTED_EDGE('',*,*,#4396,.F.);
#1594=ORIENTED_EDGE('',*,*,#4433,.T.);
#1595=ORIENTED_EDGE('',*,*,#4434,.T.);
#1596=ORIENTED_EDGE('',*,*,#4435,.F.);
#1597=ORIENTED_EDGE('',*,*,#4434,.F.);
#1598=ORIENTED_EDGE('',*,*,#4436,.F.);
#1599=ORIENTED_EDGE('',*,*,#4437,.T.);
#1600=ORIENTED_EDGE('',*,*,#4438,.F.);
#1601=ORIENTED_EDGE('',*,*,#4437,.F.);
#1602=ORIENTED_EDGE('',*,*,#4439,.T.);
#1603=ORIENTED_EDGE('',*,*,#4440,.T.);
#1604=ORIENTED_EDGE('',*,*,#4441,.F.);
#1605=ORIENTED_EDGE('',*,*,#4440,.F.);
#1606=ORIENTED_EDGE('',*,*,#4442,.F.);
#1607=ORIENTED_EDGE('',*,*,#4443,.T.);
#1608=ORIENTED_EDGE('',*,*,#4444,.F.);
#1609=ORIENTED_EDGE('',*,*,#4443,.F.);
#1610=ORIENTED_EDGE('',*,*,#4445,.T.);
#1611=ORIENTED_EDGE('',*,*,#4446,.T.);
#1612=ORIENTED_EDGE('',*,*,#4447,.T.);
#1613=ORIENTED_EDGE('',*,*,#4448,.T.);
#1614=ORIENTED_EDGE('',*,*,#4388,.T.);
#1615=ORIENTED_EDGE('',*,*,#4449,.F.);
#1616=ORIENTED_EDGE('',*,*,#4251,.T.);
#1617=ORIENTED_EDGE('',*,*,#4450,.T.);
#1618=ORIENTED_EDGE('',*,*,#4385,.T.);
#1619=ORIENTED_EDGE('',*,*,#4451,.F.);
#1620=ORIENTED_EDGE('',*,*,#4247,.T.);
#1621=ORIENTED_EDGE('',*,*,#4452,.T.);
#1622=ORIENTED_EDGE('',*,*,#4382,.T.);
#1623=ORIENTED_EDGE('',*,*,#4453,.F.);
#1624=ORIENTED_EDGE('',*,*,#4243,.T.);
#1625=ORIENTED_EDGE('',*,*,#4454,.T.);
#1626=ORIENTED_EDGE('',*,*,#4379,.T.);
#1627=ORIENTED_EDGE('',*,*,#4455,.F.);
#1628=ORIENTED_EDGE('',*,*,#4239,.T.);
#1629=ORIENTED_EDGE('',*,*,#4456,.T.);
#1630=ORIENTED_EDGE('',*,*,#4376,.T.);
#1631=ORIENTED_EDGE('',*,*,#4457,.F.);
#1632=ORIENTED_EDGE('',*,*,#4235,.T.);
#1633=ORIENTED_EDGE('',*,*,#4458,.T.);
#1634=ORIENTED_EDGE('',*,*,#4373,.T.);
#1635=ORIENTED_EDGE('',*,*,#4459,.F.);
#1636=ORIENTED_EDGE('',*,*,#4231,.T.);
#1637=ORIENTED_EDGE('',*,*,#4460,.T.);
#1638=ORIENTED_EDGE('',*,*,#4370,.T.);
#1639=ORIENTED_EDGE('',*,*,#4461,.F.);
#1640=ORIENTED_EDGE('',*,*,#4227,.T.);
#1641=ORIENTED_EDGE('',*,*,#4462,.T.);
#1642=ORIENTED_EDGE('',*,*,#4367,.T.);
#1643=ORIENTED_EDGE('',*,*,#4463,.F.);
#1644=ORIENTED_EDGE('',*,*,#4223,.T.);
#1645=ORIENTED_EDGE('',*,*,#4464,.T.);
#1646=ORIENTED_EDGE('',*,*,#4364,.T.);
#1647=ORIENTED_EDGE('',*,*,#4465,.F.);
#1648=ORIENTED_EDGE('',*,*,#4219,.T.);
#1649=ORIENTED_EDGE('',*,*,#4466,.T.);
#1650=ORIENTED_EDGE('',*,*,#4361,.T.);
#1651=ORIENTED_EDGE('',*,*,#4467,.F.);
#1652=ORIENTED_EDGE('',*,*,#4215,.T.);
#1653=ORIENTED_EDGE('',*,*,#4468,.T.);
#1654=ORIENTED_EDGE('',*,*,#4358,.T.);
#1655=ORIENTED_EDGE('',*,*,#4469,.F.);
#1656=ORIENTED_EDGE('',*,*,#4211,.T.);
#1657=ORIENTED_EDGE('',*,*,#4470,.T.);
#1658=ORIENTED_EDGE('',*,*,#4355,.T.);
#1659=ORIENTED_EDGE('',*,*,#4471,.F.);
#1660=ORIENTED_EDGE('',*,*,#4209,.T.);
#1661=ORIENTED_EDGE('',*,*,#4472,.F.);
#1662=ORIENTED_EDGE('',*,*,#4171,.F.);
#1663=ORIENTED_EDGE('',*,*,#4473,.F.);
#1664=ORIENTED_EDGE('',*,*,#4431,.T.);
#1665=ORIENTED_EDGE('',*,*,#4474,.T.);
#1666=ORIENTED_EDGE('',*,*,#4175,.F.);
#1667=ORIENTED_EDGE('',*,*,#4475,.F.);
#1668=ORIENTED_EDGE('',*,*,#4428,.T.);
#1669=ORIENTED_EDGE('',*,*,#4476,.T.);
#1670=ORIENTED_EDGE('',*,*,#4178,.F.);
#1671=ORIENTED_EDGE('',*,*,#4477,.F.);
#1672=ORIENTED_EDGE('',*,*,#4425,.T.);
#1673=ORIENTED_EDGE('',*,*,#4478,.T.);
#1674=ORIENTED_EDGE('',*,*,#4181,.F.);
#1675=ORIENTED_EDGE('',*,*,#4479,.F.);
#1676=ORIENTED_EDGE('',*,*,#4422,.T.);
#1677=ORIENTED_EDGE('',*,*,#4480,.T.);
#1678=ORIENTED_EDGE('',*,*,#4184,.F.);
#1679=ORIENTED_EDGE('',*,*,#4481,.F.);
#1680=ORIENTED_EDGE('',*,*,#4419,.T.);
#1681=ORIENTED_EDGE('',*,*,#4482,.T.);
#1682=ORIENTED_EDGE('',*,*,#4187,.F.);
#1683=ORIENTED_EDGE('',*,*,#4483,.F.);
#1684=ORIENTED_EDGE('',*,*,#4416,.T.);
#1685=ORIENTED_EDGE('',*,*,#4484,.T.);
#1686=ORIENTED_EDGE('',*,*,#4190,.F.);
#1687=ORIENTED_EDGE('',*,*,#4485,.F.);
#1688=ORIENTED_EDGE('',*,*,#4413,.T.);
#1689=ORIENTED_EDGE('',*,*,#4486,.T.);
#1690=ORIENTED_EDGE('',*,*,#4193,.F.);
#1691=ORIENTED_EDGE('',*,*,#4487,.F.);
#1692=ORIENTED_EDGE('',*,*,#4410,.T.);
#1693=ORIENTED_EDGE('',*,*,#4488,.T.);
#1694=ORIENTED_EDGE('',*,*,#4196,.F.);
#1695=ORIENTED_EDGE('',*,*,#4489,.F.);
#1696=ORIENTED_EDGE('',*,*,#4407,.T.);
#1697=ORIENTED_EDGE('',*,*,#4490,.T.);
#1698=ORIENTED_EDGE('',*,*,#4199,.F.);
#1699=ORIENTED_EDGE('',*,*,#4491,.F.);
#1700=ORIENTED_EDGE('',*,*,#4404,.T.);
#1701=ORIENTED_EDGE('',*,*,#4492,.T.);
#1702=ORIENTED_EDGE('',*,*,#4202,.F.);
#1703=ORIENTED_EDGE('',*,*,#4493,.F.);
#1704=ORIENTED_EDGE('',*,*,#4401,.T.);
#1705=ORIENTED_EDGE('',*,*,#4494,.T.);
#1706=ORIENTED_EDGE('',*,*,#4205,.F.);
#1707=ORIENTED_EDGE('',*,*,#4495,.F.);
#1708=ORIENTED_EDGE('',*,*,#4398,.T.);
#1709=ORIENTED_EDGE('',*,*,#4496,.T.);
#1710=ORIENTED_EDGE('',*,*,#4446,.F.);
#1711=ORIENTED_EDGE('',*,*,#4497,.T.);
#1712=ORIENTED_EDGE('',*,*,#4498,.F.);
#1713=ORIENTED_EDGE('',*,*,#4447,.F.);
#1714=ORIENTED_EDGE('',*,*,#4499,.T.);
#1715=ORIENTED_EDGE('',*,*,#4500,.T.);
#1716=ORIENTED_EDGE('',*,*,#4501,.F.);
#1717=ORIENTED_EDGE('',*,*,#4500,.F.);
#1718=ORIENTED_EDGE('',*,*,#4502,.F.);
#1719=ORIENTED_EDGE('',*,*,#4503,.T.);
#1720=ORIENTED_EDGE('',*,*,#4504,.F.);
#1721=ORIENTED_EDGE('',*,*,#4503,.F.);
#1722=ORIENTED_EDGE('',*,*,#4505,.T.);
#1723=ORIENTED_EDGE('',*,*,#4506,.T.);
#1724=ORIENTED_EDGE('',*,*,#4507,.F.);
#1725=ORIENTED_EDGE('',*,*,#4506,.F.);
#1726=ORIENTED_EDGE('',*,*,#4508,.F.);
#1727=ORIENTED_EDGE('',*,*,#4351,.T.);
#1728=ORIENTED_EDGE('',*,*,#4497,.F.);
#1729=ORIENTED_EDGE('',*,*,#4445,.F.);
#1730=ORIENTED_EDGE('',*,*,#4509,.F.);
#1731=ORIENTED_EDGE('',*,*,#4433,.F.);
#1732=ORIENTED_EDGE('',*,*,#4395,.F.);
#1733=ORIENTED_EDGE('',*,*,#4390,.F.);
#1734=ORIENTED_EDGE('',*,*,#4352,.F.);
#1735=ORIENTED_EDGE('',*,*,#4510,.F.);
#1736=ORIENTED_EDGE('',*,*,#4499,.F.);
#1737=ORIENTED_EDGE('',*,*,#4394,.T.);
#1738=ORIENTED_EDGE('',*,*,#4016,.T.);
#1739=ORIENTED_EDGE('',*,*,#4511,.T.);
#1740=ORIENTED_EDGE('',*,*,#4172,.T.);
#1741=ORIENTED_EDGE('',*,*,#4472,.T.);
#1742=ORIENTED_EDGE('',*,*,#4208,.T.);
#1743=ORIENTED_EDGE('',*,*,#4512,.T.);
#1744=ORIENTED_EDGE('',*,*,#3968,.T.);
#1745=ORIENTED_EDGE('',*,*,#4392,.T.);
#1746=ORIENTED_EDGE('',*,*,#4254,.T.);
#1747=ORIENTED_EDGE('',*,*,#4290,.T.);
#1748=ORIENTED_EDGE('',*,*,#4326,.T.);
#1749=ORIENTED_EDGE('',*,*,#4512,.F.);
#1750=ORIENTED_EDGE('',*,*,#4062,.T.);
#1751=ORIENTED_EDGE('',*,*,#4098,.T.);
#1752=ORIENTED_EDGE('',*,*,#4134,.T.);
#1753=ORIENTED_EDGE('',*,*,#4511,.F.);
#1754=ORIENTED_EDGE('',*,*,#4502,.T.);
#1755=ORIENTED_EDGE('',*,*,#4510,.T.);
#1756=ORIENTED_EDGE('',*,*,#4508,.T.);
#1757=ORIENTED_EDGE('',*,*,#4505,.F.);
#1758=ORIENTED_EDGE('',*,*,#4436,.T.);
#1759=ORIENTED_EDGE('',*,*,#4509,.T.);
#1760=ORIENTED_EDGE('',*,*,#4442,.T.);
#1761=ORIENTED_EDGE('',*,*,#4439,.F.);
#1762=ORIENTED_EDGE('',*,*,#4288,.T.);
#1763=ORIENTED_EDGE('',*,*,#4513,.T.);
#1764=ORIENTED_EDGE('',*,*,#4349,.T.);
#1765=ORIENTED_EDGE('',*,*,#4324,.F.);
#1766=ORIENTED_EDGE('',*,*,#4501,.T.);
#1767=ORIENTED_EDGE('',*,*,#4504,.T.);
#1768=ORIENTED_EDGE('',*,*,#4507,.T.);
#1769=ORIENTED_EDGE('',*,*,#4514,.F.);
#1770=ORIENTED_EDGE('',*,*,#4350,.T.);
#1771=ORIENTED_EDGE('',*,*,#4389,.T.);
#1772=ORIENTED_EDGE('',*,*,#4448,.F.);
#1773=ORIENTED_EDGE('',*,*,#4498,.T.);
#1774=ORIENTED_EDGE('',*,*,#4514,.T.);
#1775=ORIENTED_EDGE('',*,*,#4012,.T.);
#1776=ORIENTED_EDGE('',*,*,#4513,.F.);
#1777=ORIENTED_EDGE('',*,*,#4252,.T.);
#1778=ORIENTED_EDGE('',*,*,#4449,.T.);
#1779=ORIENTED_EDGE('',*,*,#4387,.T.);
#1780=ORIENTED_EDGE('',*,*,#4285,.T.);
#1781=ORIENTED_EDGE('',*,*,#4515,.T.);
#1782=ORIENTED_EDGE('',*,*,#4347,.T.);
#1783=ORIENTED_EDGE('',*,*,#4321,.F.);
#1784=ORIENTED_EDGE('',*,*,#4287,.T.);
#1785=ORIENTED_EDGE('',*,*,#4323,.T.);
#1786=ORIENTED_EDGE('',*,*,#4348,.T.);
#1787=ORIENTED_EDGE('',*,*,#4516,.F.);
#1788=ORIENTED_EDGE('',*,*,#4010,.T.);
#1789=ORIENTED_EDGE('',*,*,#4386,.T.);
#1790=ORIENTED_EDGE('',*,*,#4450,.F.);
#1791=ORIENTED_EDGE('',*,*,#4250,.T.);
#1792=ORIENTED_EDGE('',*,*,#4516,.T.);
#1793=ORIENTED_EDGE('',*,*,#4008,.T.);
#1794=ORIENTED_EDGE('',*,*,#4515,.F.);
#1795=ORIENTED_EDGE('',*,*,#4248,.T.);
#1796=ORIENTED_EDGE('',*,*,#4451,.T.);
#1797=ORIENTED_EDGE('',*,*,#4384,.T.);
#1798=ORIENTED_EDGE('',*,*,#4282,.T.);
#1799=ORIENTED_EDGE('',*,*,#4517,.T.);
#1800=ORIENTED_EDGE('',*,*,#4345,.T.);
#1801=ORIENTED_EDGE('',*,*,#4318,.F.);
#1802=ORIENTED_EDGE('',*,*,#4284,.T.);
#1803=ORIENTED_EDGE('',*,*,#4320,.T.);
#1804=ORIENTED_EDGE('',*,*,#4346,.T.);
#1805=ORIENTED_EDGE('',*,*,#4518,.F.);
#1806=ORIENTED_EDGE('',*,*,#4006,.T.);
#1807=ORIENTED_EDGE('',*,*,#4383,.T.);
#1808=ORIENTED_EDGE('',*,*,#4452,.F.);
#1809=ORIENTED_EDGE('',*,*,#4246,.T.);
#1810=ORIENTED_EDGE('',*,*,#4518,.T.);
#1811=ORIENTED_EDGE('',*,*,#4004,.T.);
#1812=ORIENTED_EDGE('',*,*,#4517,.F.);
#1813=ORIENTED_EDGE('',*,*,#4244,.T.);
#1814=ORIENTED_EDGE('',*,*,#4453,.T.);
#1815=ORIENTED_EDGE('',*,*,#4381,.T.);
#1816=ORIENTED_EDGE('',*,*,#4279,.T.);
#1817=ORIENTED_EDGE('',*,*,#4519,.T.);
#1818=ORIENTED_EDGE('',*,*,#4343,.T.);
#1819=ORIENTED_EDGE('',*,*,#4315,.F.);
#1820=ORIENTED_EDGE('',*,*,#4281,.T.);
#1821=ORIENTED_EDGE('',*,*,#4317,.T.);
#1822=ORIENTED_EDGE('',*,*,#4344,.T.);
#1823=ORIENTED_EDGE('',*,*,#4520,.F.);
#1824=ORIENTED_EDGE('',*,*,#4002,.T.);
#1825=ORIENTED_EDGE('',*,*,#4380,.T.);
#1826=ORIENTED_EDGE('',*,*,#4454,.F.);
#1827=ORIENTED_EDGE('',*,*,#4242,.T.);
#1828=ORIENTED_EDGE('',*,*,#4520,.T.);
#1829=ORIENTED_EDGE('',*,*,#4000,.T.);
#1830=ORIENTED_EDGE('',*,*,#4519,.F.);
#1831=ORIENTED_EDGE('',*,*,#4240,.T.);
#1832=ORIENTED_EDGE('',*,*,#4455,.T.);
#1833=ORIENTED_EDGE('',*,*,#4378,.T.);
#1834=ORIENTED_EDGE('',*,*,#4276,.T.);
#1835=ORIENTED_EDGE('',*,*,#4521,.T.);
#1836=ORIENTED_EDGE('',*,*,#4341,.T.);
#1837=ORIENTED_EDGE('',*,*,#4312,.F.);
#1838=ORIENTED_EDGE('',*,*,#4278,.T.);
#1839=ORIENTED_EDGE('',*,*,#4314,.T.);
#1840=ORIENTED_EDGE('',*,*,#4342,.T.);
#1841=ORIENTED_EDGE('',*,*,#4522,.F.);
#1842=ORIENTED_EDGE('',*,*,#3998,.T.);
#1843=ORIENTED_EDGE('',*,*,#4377,.T.);
#1844=ORIENTED_EDGE('',*,*,#4456,.F.);
#1845=ORIENTED_EDGE('',*,*,#4238,.T.);
#1846=ORIENTED_EDGE('',*,*,#4522,.T.);
#1847=ORIENTED_EDGE('',*,*,#3996,.T.);
#1848=ORIENTED_EDGE('',*,*,#4521,.F.);
#1849=ORIENTED_EDGE('',*,*,#4236,.T.);
#1850=ORIENTED_EDGE('',*,*,#4457,.T.);
#1851=ORIENTED_EDGE('',*,*,#4375,.T.);
#1852=ORIENTED_EDGE('',*,*,#4273,.T.);
#1853=ORIENTED_EDGE('',*,*,#4523,.T.);
#1854=ORIENTED_EDGE('',*,*,#4339,.T.);
#1855=ORIENTED_EDGE('',*,*,#4309,.F.);
#1856=ORIENTED_EDGE('',*,*,#4275,.T.);
#1857=ORIENTED_EDGE('',*,*,#4311,.T.);
#1858=ORIENTED_EDGE('',*,*,#4340,.T.);
#1859=ORIENTED_EDGE('',*,*,#4524,.F.);
#1860=ORIENTED_EDGE('',*,*,#3994,.T.);
#1861=ORIENTED_EDGE('',*,*,#4374,.T.);
#1862=ORIENTED_EDGE('',*,*,#4458,.F.);
#1863=ORIENTED_EDGE('',*,*,#4234,.T.);
#1864=ORIENTED_EDGE('',*,*,#4524,.T.);
#1865=ORIENTED_EDGE('',*,*,#3992,.T.);
#1866=ORIENTED_EDGE('',*,*,#4523,.F.);
#1867=ORIENTED_EDGE('',*,*,#4232,.T.);
#1868=ORIENTED_EDGE('',*,*,#4459,.T.);
#1869=ORIENTED_EDGE('',*,*,#4372,.T.);
#1870=ORIENTED_EDGE('',*,*,#4270,.T.);
#1871=ORIENTED_EDGE('',*,*,#4525,.T.);
#1872=ORIENTED_EDGE('',*,*,#4337,.T.);
#1873=ORIENTED_EDGE('',*,*,#4306,.F.);
#1874=ORIENTED_EDGE('',*,*,#4272,.T.);
#1875=ORIENTED_EDGE('',*,*,#4308,.T.);
#1876=ORIENTED_EDGE('',*,*,#4338,.T.);
#1877=ORIENTED_EDGE('',*,*,#4526,.F.);
#1878=ORIENTED_EDGE('',*,*,#3990,.T.);
#1879=ORIENTED_EDGE('',*,*,#4371,.T.);
#1880=ORIENTED_EDGE('',*,*,#4460,.F.);
#1881=ORIENTED_EDGE('',*,*,#4230,.T.);
#1882=ORIENTED_EDGE('',*,*,#4526,.T.);
#1883=ORIENTED_EDGE('',*,*,#3988,.T.);
#1884=ORIENTED_EDGE('',*,*,#4525,.F.);
#1885=ORIENTED_EDGE('',*,*,#4228,.T.);
#1886=ORIENTED_EDGE('',*,*,#4461,.T.);
#1887=ORIENTED_EDGE('',*,*,#4369,.T.);
#1888=ORIENTED_EDGE('',*,*,#4267,.T.);
#1889=ORIENTED_EDGE('',*,*,#4527,.T.);
#1890=ORIENTED_EDGE('',*,*,#4335,.T.);
#1891=ORIENTED_EDGE('',*,*,#4303,.F.);
#1892=ORIENTED_EDGE('',*,*,#4269,.T.);
#1893=ORIENTED_EDGE('',*,*,#4305,.T.);
#1894=ORIENTED_EDGE('',*,*,#4336,.T.);
#1895=ORIENTED_EDGE('',*,*,#4528,.F.);
#1896=ORIENTED_EDGE('',*,*,#3986,.T.);
#1897=ORIENTED_EDGE('',*,*,#4368,.T.);
#1898=ORIENTED_EDGE('',*,*,#4462,.F.);
#1899=ORIENTED_EDGE('',*,*,#4226,.T.);
#1900=ORIENTED_EDGE('',*,*,#4528,.T.);
#1901=ORIENTED_EDGE('',*,*,#3984,.T.);
#1902=ORIENTED_EDGE('',*,*,#4527,.F.);
#1903=ORIENTED_EDGE('',*,*,#4224,.T.);
#1904=ORIENTED_EDGE('',*,*,#4463,.T.);
#1905=ORIENTED_EDGE('',*,*,#4366,.T.);
#1906=ORIENTED_EDGE('',*,*,#4264,.T.);
#1907=ORIENTED_EDGE('',*,*,#4529,.T.);
#1908=ORIENTED_EDGE('',*,*,#4333,.T.);
#1909=ORIENTED_EDGE('',*,*,#4300,.F.);
#1910=ORIENTED_EDGE('',*,*,#4266,.T.);
#1911=ORIENTED_EDGE('',*,*,#4302,.T.);
#1912=ORIENTED_EDGE('',*,*,#4334,.T.);
#1913=ORIENTED_EDGE('',*,*,#4530,.F.);
#1914=ORIENTED_EDGE('',*,*,#3982,.T.);
#1915=ORIENTED_EDGE('',*,*,#4365,.T.);
#1916=ORIENTED_EDGE('',*,*,#4464,.F.);
#1917=ORIENTED_EDGE('',*,*,#4222,.T.);
#1918=ORIENTED_EDGE('',*,*,#4530,.T.);
#1919=ORIENTED_EDGE('',*,*,#3980,.T.);
#1920=ORIENTED_EDGE('',*,*,#4529,.F.);
#1921=ORIENTED_EDGE('',*,*,#4220,.T.);
#1922=ORIENTED_EDGE('',*,*,#4465,.T.);
#1923=ORIENTED_EDGE('',*,*,#4363,.T.);
#1924=ORIENTED_EDGE('',*,*,#4261,.T.);
#1925=ORIENTED_EDGE('',*,*,#4531,.T.);
#1926=ORIENTED_EDGE('',*,*,#4331,.T.);
#1927=ORIENTED_EDGE('',*,*,#4297,.F.);
#1928=ORIENTED_EDGE('',*,*,#4263,.T.);
#1929=ORIENTED_EDGE('',*,*,#4299,.T.);
#1930=ORIENTED_EDGE('',*,*,#4332,.T.);
#1931=ORIENTED_EDGE('',*,*,#4532,.F.);
#1932=ORIENTED_EDGE('',*,*,#3978,.T.);
#1933=ORIENTED_EDGE('',*,*,#4362,.T.);
#1934=ORIENTED_EDGE('',*,*,#4466,.F.);
#1935=ORIENTED_EDGE('',*,*,#4218,.T.);
#1936=ORIENTED_EDGE('',*,*,#4532,.T.);
#1937=ORIENTED_EDGE('',*,*,#3976,.T.);
#1938=ORIENTED_EDGE('',*,*,#4531,.F.);
#1939=ORIENTED_EDGE('',*,*,#4216,.T.);
#1940=ORIENTED_EDGE('',*,*,#4467,.T.);
#1941=ORIENTED_EDGE('',*,*,#4360,.T.);
#1942=ORIENTED_EDGE('',*,*,#4258,.T.);
#1943=ORIENTED_EDGE('',*,*,#4533,.T.);
#1944=ORIENTED_EDGE('',*,*,#4329,.T.);
#1945=ORIENTED_EDGE('',*,*,#4294,.F.);
#1946=ORIENTED_EDGE('',*,*,#4260,.T.);
#1947=ORIENTED_EDGE('',*,*,#4296,.T.);
#1948=ORIENTED_EDGE('',*,*,#4330,.T.);
#1949=ORIENTED_EDGE('',*,*,#4534,.F.);
#1950=ORIENTED_EDGE('',*,*,#3974,.T.);
#1951=ORIENTED_EDGE('',*,*,#4359,.T.);
#1952=ORIENTED_EDGE('',*,*,#4468,.F.);
#1953=ORIENTED_EDGE('',*,*,#4214,.T.);
#1954=ORIENTED_EDGE('',*,*,#4534,.T.);
#1955=ORIENTED_EDGE('',*,*,#3972,.T.);
#1956=ORIENTED_EDGE('',*,*,#4533,.F.);
#1957=ORIENTED_EDGE('',*,*,#4212,.T.);
#1958=ORIENTED_EDGE('',*,*,#4469,.T.);
#1959=ORIENTED_EDGE('',*,*,#4357,.T.);
#1960=ORIENTED_EDGE('',*,*,#4255,.T.);
#1961=ORIENTED_EDGE('',*,*,#4535,.T.);
#1962=ORIENTED_EDGE('',*,*,#4327,.T.);
#1963=ORIENTED_EDGE('',*,*,#4291,.F.);
#1964=ORIENTED_EDGE('',*,*,#4257,.T.);
#1965=ORIENTED_EDGE('',*,*,#4293,.T.);
#1966=ORIENTED_EDGE('',*,*,#4328,.T.);
#1967=ORIENTED_EDGE('',*,*,#4536,.F.);
#1968=ORIENTED_EDGE('',*,*,#3970,.T.);
#1969=ORIENTED_EDGE('',*,*,#4356,.T.);
#1970=ORIENTED_EDGE('',*,*,#4470,.F.);
#1971=ORIENTED_EDGE('',*,*,#4210,.T.);
#1972=ORIENTED_EDGE('',*,*,#4536,.T.);
#1973=ORIENTED_EDGE('',*,*,#3966,.T.);
#1974=ORIENTED_EDGE('',*,*,#4535,.F.);
#1975=ORIENTED_EDGE('',*,*,#4206,.T.);
#1976=ORIENTED_EDGE('',*,*,#4471,.T.);
#1977=ORIENTED_EDGE('',*,*,#4354,.T.);
#1978=ORIENTED_EDGE('',*,*,#4397,.T.);
#1979=ORIENTED_EDGE('',*,*,#4432,.T.);
#1980=ORIENTED_EDGE('',*,*,#4537,.T.);
#1981=ORIENTED_EDGE('',*,*,#4444,.T.);
#1982=ORIENTED_EDGE('',*,*,#4496,.F.);
#1983=ORIENTED_EDGE('',*,*,#4399,.T.);
#1984=ORIENTED_EDGE('',*,*,#4495,.T.);
#1985=ORIENTED_EDGE('',*,*,#4204,.T.);
#1986=ORIENTED_EDGE('',*,*,#4538,.F.);
#1987=ORIENTED_EDGE('',*,*,#4060,.T.);
#1988=ORIENTED_EDGE('',*,*,#4435,.T.);
#1989=ORIENTED_EDGE('',*,*,#4438,.T.);
#1990=ORIENTED_EDGE('',*,*,#4441,.T.);
#1991=ORIENTED_EDGE('',*,*,#4537,.F.);
#1992=ORIENTED_EDGE('',*,*,#4096,.T.);
#1993=ORIENTED_EDGE('',*,*,#4538,.T.);
#1994=ORIENTED_EDGE('',*,*,#4168,.T.);
#1995=ORIENTED_EDGE('',*,*,#4132,.F.);
#1996=ORIENTED_EDGE('',*,*,#4400,.T.);
#1997=ORIENTED_EDGE('',*,*,#4058,.T.);
#1998=ORIENTED_EDGE('',*,*,#4539,.T.);
#1999=ORIENTED_EDGE('',*,*,#4203,.T.);
#2000=ORIENTED_EDGE('',*,*,#4494,.F.);
#2001=ORIENTED_EDGE('',*,*,#4402,.T.);
#2002=ORIENTED_EDGE('',*,*,#4493,.T.);
#2003=ORIENTED_EDGE('',*,*,#4201,.T.);
#2004=ORIENTED_EDGE('',*,*,#4540,.F.);
#2005=ORIENTED_EDGE('',*,*,#4056,.T.);
#2006=ORIENTED_EDGE('',*,*,#4095,.T.);
#2007=ORIENTED_EDGE('',*,*,#4131,.T.);
#2008=ORIENTED_EDGE('',*,*,#4167,.T.);
#2009=ORIENTED_EDGE('',*,*,#4539,.F.);
#2010=ORIENTED_EDGE('',*,*,#4093,.T.);
#2011=ORIENTED_EDGE('',*,*,#4540,.T.);
#2012=ORIENTED_EDGE('',*,*,#4165,.T.);
#2013=ORIENTED_EDGE('',*,*,#4129,.F.);
#2014=ORIENTED_EDGE('',*,*,#4403,.T.);
#2015=ORIENTED_EDGE('',*,*,#4054,.T.);
#2016=ORIENTED_EDGE('',*,*,#4541,.T.);
#2017=ORIENTED_EDGE('',*,*,#4200,.T.);
#2018=ORIENTED_EDGE('',*,*,#4492,.F.);
#2019=ORIENTED_EDGE('',*,*,#4405,.T.);
#2020=ORIENTED_EDGE('',*,*,#4491,.T.);
#2021=ORIENTED_EDGE('',*,*,#4198,.T.);
#2022=ORIENTED_EDGE('',*,*,#4542,.F.);
#2023=ORIENTED_EDGE('',*,*,#4052,.T.);
#2024=ORIENTED_EDGE('',*,*,#4092,.T.);
#2025=ORIENTED_EDGE('',*,*,#4128,.T.);
#2026=ORIENTED_EDGE('',*,*,#4164,.T.);
#2027=ORIENTED_EDGE('',*,*,#4541,.F.);
#2028=ORIENTED_EDGE('',*,*,#4090,.T.);
#2029=ORIENTED_EDGE('',*,*,#4542,.T.);
#2030=ORIENTED_EDGE('',*,*,#4162,.T.);
#2031=ORIENTED_EDGE('',*,*,#4126,.F.);
#2032=ORIENTED_EDGE('',*,*,#4406,.T.);
#2033=ORIENTED_EDGE('',*,*,#4050,.T.);
#2034=ORIENTED_EDGE('',*,*,#4543,.T.);
#2035=ORIENTED_EDGE('',*,*,#4197,.T.);
#2036=ORIENTED_EDGE('',*,*,#4490,.F.);
#2037=ORIENTED_EDGE('',*,*,#4408,.T.);
#2038=ORIENTED_EDGE('',*,*,#4489,.T.);
#2039=ORIENTED_EDGE('',*,*,#4195,.T.);
#2040=ORIENTED_EDGE('',*,*,#4544,.F.);
#2041=ORIENTED_EDGE('',*,*,#4048,.T.);
#2042=ORIENTED_EDGE('',*,*,#4089,.T.);
#2043=ORIENTED_EDGE('',*,*,#4125,.T.);
#2044=ORIENTED_EDGE('',*,*,#4161,.T.);
#2045=ORIENTED_EDGE('',*,*,#4543,.F.);
#2046=ORIENTED_EDGE('',*,*,#4087,.T.);
#2047=ORIENTED_EDGE('',*,*,#4544,.T.);
#2048=ORIENTED_EDGE('',*,*,#4159,.T.);
#2049=ORIENTED_EDGE('',*,*,#4123,.F.);
#2050=ORIENTED_EDGE('',*,*,#4409,.T.);
#2051=ORIENTED_EDGE('',*,*,#4046,.T.);
#2052=ORIENTED_EDGE('',*,*,#4545,.T.);
#2053=ORIENTED_EDGE('',*,*,#4194,.T.);
#2054=ORIENTED_EDGE('',*,*,#4488,.F.);
#2055=ORIENTED_EDGE('',*,*,#4411,.T.);
#2056=ORIENTED_EDGE('',*,*,#4487,.T.);
#2057=ORIENTED_EDGE('',*,*,#4192,.T.);
#2058=ORIENTED_EDGE('',*,*,#4546,.F.);
#2059=ORIENTED_EDGE('',*,*,#4044,.T.);
#2060=ORIENTED_EDGE('',*,*,#4086,.T.);
#2061=ORIENTED_EDGE('',*,*,#4122,.T.);
#2062=ORIENTED_EDGE('',*,*,#4158,.T.);
#2063=ORIENTED_EDGE('',*,*,#4545,.F.);
#2064=ORIENTED_EDGE('',*,*,#4084,.T.);
#2065=ORIENTED_EDGE('',*,*,#4546,.T.);
#2066=ORIENTED_EDGE('',*,*,#4156,.T.);
#2067=ORIENTED_EDGE('',*,*,#4120,.F.);
#2068=ORIENTED_EDGE('',*,*,#4412,.T.);
#2069=ORIENTED_EDGE('',*,*,#4042,.T.);
#2070=ORIENTED_EDGE('',*,*,#4547,.T.);
#2071=ORIENTED_EDGE('',*,*,#4191,.T.);
#2072=ORIENTED_EDGE('',*,*,#4486,.F.);
#2073=ORIENTED_EDGE('',*,*,#4414,.T.);
#2074=ORIENTED_EDGE('',*,*,#4485,.T.);
#2075=ORIENTED_EDGE('',*,*,#4189,.T.);
#2076=ORIENTED_EDGE('',*,*,#4548,.F.);
#2077=ORIENTED_EDGE('',*,*,#4040,.T.);
#2078=ORIENTED_EDGE('',*,*,#4083,.T.);
#2079=ORIENTED_EDGE('',*,*,#4119,.T.);
#2080=ORIENTED_EDGE('',*,*,#4155,.T.);
#2081=ORIENTED_EDGE('',*,*,#4547,.F.);
#2082=ORIENTED_EDGE('',*,*,#4081,.T.);
#2083=ORIENTED_EDGE('',*,*,#4548,.T.);
#2084=ORIENTED_EDGE('',*,*,#4153,.T.);
#2085=ORIENTED_EDGE('',*,*,#4117,.F.);
#2086=ORIENTED_EDGE('',*,*,#4415,.T.);
#2087=ORIENTED_EDGE('',*,*,#4038,.T.);
#2088=ORIENTED_EDGE('',*,*,#4549,.T.);
#2089=ORIENTED_EDGE('',*,*,#4188,.T.);
#2090=ORIENTED_EDGE('',*,*,#4484,.F.);
#2091=ORIENTED_EDGE('',*,*,#4417,.T.);
#2092=ORIENTED_EDGE('',*,*,#4483,.T.);
#2093=ORIENTED_EDGE('',*,*,#4186,.T.);
#2094=ORIENTED_EDGE('',*,*,#4550,.F.);
#2095=ORIENTED_EDGE('',*,*,#4036,.T.);
#2096=ORIENTED_EDGE('',*,*,#4080,.T.);
#2097=ORIENTED_EDGE('',*,*,#4116,.T.);
#2098=ORIENTED_EDGE('',*,*,#4152,.T.);
#2099=ORIENTED_EDGE('',*,*,#4549,.F.);
#2100=ORIENTED_EDGE('',*,*,#4078,.T.);
#2101=ORIENTED_EDGE('',*,*,#4550,.T.);
#2102=ORIENTED_EDGE('',*,*,#4150,.T.);
#2103=ORIENTED_EDGE('',*,*,#4114,.F.);
#2104=ORIENTED_EDGE('',*,*,#4418,.T.);
#2105=ORIENTED_EDGE('',*,*,#4034,.T.);
#2106=ORIENTED_EDGE('',*,*,#4551,.T.);
#2107=ORIENTED_EDGE('',*,*,#4185,.T.);
#2108=ORIENTED_EDGE('',*,*,#4482,.F.);
#2109=ORIENTED_EDGE('',*,*,#4420,.T.);
#2110=ORIENTED_EDGE('',*,*,#4481,.T.);
#2111=ORIENTED_EDGE('',*,*,#4183,.T.);
#2112=ORIENTED_EDGE('',*,*,#4552,.F.);
#2113=ORIENTED_EDGE('',*,*,#4032,.T.);
#2114=ORIENTED_EDGE('',*,*,#4077,.T.);
#2115=ORIENTED_EDGE('',*,*,#4113,.T.);
#2116=ORIENTED_EDGE('',*,*,#4149,.T.);
#2117=ORIENTED_EDGE('',*,*,#4551,.F.);
#2118=ORIENTED_EDGE('',*,*,#4075,.T.);
#2119=ORIENTED_EDGE('',*,*,#4552,.T.);
#2120=ORIENTED_EDGE('',*,*,#4147,.T.);
#2121=ORIENTED_EDGE('',*,*,#4111,.F.);
#2122=ORIENTED_EDGE('',*,*,#4421,.T.);
#2123=ORIENTED_EDGE('',*,*,#4030,.T.);
#2124=ORIENTED_EDGE('',*,*,#4553,.T.);
#2125=ORIENTED_EDGE('',*,*,#4182,.T.);
#2126=ORIENTED_EDGE('',*,*,#4480,.F.);
#2127=ORIENTED_EDGE('',*,*,#4423,.T.);
#2128=ORIENTED_EDGE('',*,*,#4479,.T.);
#2129=ORIENTED_EDGE('',*,*,#4180,.T.);
#2130=ORIENTED_EDGE('',*,*,#4554,.F.);
#2131=ORIENTED_EDGE('',*,*,#4028,.T.);
#2132=ORIENTED_EDGE('',*,*,#4074,.T.);
#2133=ORIENTED_EDGE('',*,*,#4110,.T.);
#2134=ORIENTED_EDGE('',*,*,#4146,.T.);
#2135=ORIENTED_EDGE('',*,*,#4553,.F.);
#2136=ORIENTED_EDGE('',*,*,#4072,.T.);
#2137=ORIENTED_EDGE('',*,*,#4554,.T.);
#2138=ORIENTED_EDGE('',*,*,#4144,.T.);
#2139=ORIENTED_EDGE('',*,*,#4108,.F.);
#2140=ORIENTED_EDGE('',*,*,#4424,.T.);
#2141=ORIENTED_EDGE('',*,*,#4026,.T.);
#2142=ORIENTED_EDGE('',*,*,#4555,.T.);
#2143=ORIENTED_EDGE('',*,*,#4179,.T.);
#2144=ORIENTED_EDGE('',*,*,#4478,.F.);
#2145=ORIENTED_EDGE('',*,*,#4426,.T.);
#2146=ORIENTED_EDGE('',*,*,#4477,.T.);
#2147=ORIENTED_EDGE('',*,*,#4177,.T.);
#2148=ORIENTED_EDGE('',*,*,#4556,.F.);
#2149=ORIENTED_EDGE('',*,*,#4024,.T.);
#2150=ORIENTED_EDGE('',*,*,#4071,.T.);
#2151=ORIENTED_EDGE('',*,*,#4107,.T.);
#2152=ORIENTED_EDGE('',*,*,#4143,.T.);
#2153=ORIENTED_EDGE('',*,*,#4555,.F.);
#2154=ORIENTED_EDGE('',*,*,#4069,.T.);
#2155=ORIENTED_EDGE('',*,*,#4556,.T.);
#2156=ORIENTED_EDGE('',*,*,#4141,.T.);
#2157=ORIENTED_EDGE('',*,*,#4105,.F.);
#2158=ORIENTED_EDGE('',*,*,#4427,.T.);
#2159=ORIENTED_EDGE('',*,*,#4022,.T.);
#2160=ORIENTED_EDGE('',*,*,#4557,.T.);
#2161=ORIENTED_EDGE('',*,*,#4176,.T.);
#2162=ORIENTED_EDGE('',*,*,#4476,.F.);
#2163=ORIENTED_EDGE('',*,*,#4429,.T.);
#2164=ORIENTED_EDGE('',*,*,#4475,.T.);
#2165=ORIENTED_EDGE('',*,*,#4174,.T.);
#2166=ORIENTED_EDGE('',*,*,#4558,.F.);
#2167=ORIENTED_EDGE('',*,*,#4020,.T.);
#2168=ORIENTED_EDGE('',*,*,#4068,.T.);
#2169=ORIENTED_EDGE('',*,*,#4104,.T.);
#2170=ORIENTED_EDGE('',*,*,#4140,.T.);
#2171=ORIENTED_EDGE('',*,*,#4557,.F.);
#2172=ORIENTED_EDGE('',*,*,#4066,.T.);
#2173=ORIENTED_EDGE('',*,*,#4558,.T.);
#2174=ORIENTED_EDGE('',*,*,#4138,.T.);
#2175=ORIENTED_EDGE('',*,*,#4102,.F.);
#2176=ORIENTED_EDGE('',*,*,#4393,.T.);
#2177=ORIENTED_EDGE('',*,*,#4473,.T.);
#2178=ORIENTED_EDGE('',*,*,#4170,.T.);
#2179=ORIENTED_EDGE('',*,*,#4559,.F.);
#2180=ORIENTED_EDGE('',*,*,#4014,.T.);
#2181=ORIENTED_EDGE('',*,*,#4430,.T.);
#2182=ORIENTED_EDGE('',*,*,#4018,.T.);
#2183=ORIENTED_EDGE('',*,*,#4560,.T.);
#2184=ORIENTED_EDGE('',*,*,#4173,.T.);
#2185=ORIENTED_EDGE('',*,*,#4474,.F.);
#2186=ORIENTED_EDGE('',*,*,#4063,.T.);
#2187=ORIENTED_EDGE('',*,*,#4559,.T.);
#2188=ORIENTED_EDGE('',*,*,#4135,.T.);
#2189=ORIENTED_EDGE('',*,*,#4099,.F.);
#2190=ORIENTED_EDGE('',*,*,#4065,.T.);
#2191=ORIENTED_EDGE('',*,*,#4101,.T.);
#2192=ORIENTED_EDGE('',*,*,#4137,.T.);
#2193=ORIENTED_EDGE('',*,*,#4560,.F.);
#2194=ORIENTED_EDGE('',*,*,#4561,.F.);
#2195=ORIENTED_EDGE('',*,*,#4562,.F.);
#2196=ORIENTED_EDGE('',*,*,#4563,.T.);
#2197=ORIENTED_EDGE('',*,*,#4564,.T.);
#2198=ORIENTED_EDGE('',*,*,#4565,.F.);
#2199=ORIENTED_EDGE('',*,*,#4566,.T.);
#2200=ORIENTED_EDGE('',*,*,#4567,.F.);
#2201=ORIENTED_EDGE('',*,*,#4568,.F.);
#2202=ORIENTED_EDGE('',*,*,#4569,.F.);
#2203=ORIENTED_EDGE('',*,*,#4570,.T.);
#2204=ORIENTED_EDGE('',*,*,#4571,.F.);
#2205=ORIENTED_EDGE('',*,*,#4572,.F.);
#2206=ORIENTED_EDGE('',*,*,#4573,.F.);
#2207=ORIENTED_EDGE('',*,*,#4574,.T.);
#2208=ORIENTED_EDGE('',*,*,#4575,.F.);
#2209=ORIENTED_EDGE('',*,*,#4576,.F.);
#2210=ORIENTED_EDGE('',*,*,#4577,.F.);
#2211=ORIENTED_EDGE('',*,*,#4578,.T.);
#2212=ORIENTED_EDGE('',*,*,#4579,.F.);
#2213=ORIENTED_EDGE('',*,*,#4580,.F.);
#2214=ORIENTED_EDGE('',*,*,#4581,.F.);
#2215=ORIENTED_EDGE('',*,*,#4582,.T.);
#2216=ORIENTED_EDGE('',*,*,#4583,.F.);
#2217=ORIENTED_EDGE('',*,*,#4584,.F.);
#2218=ORIENTED_EDGE('',*,*,#4585,.F.);
#2219=ORIENTED_EDGE('',*,*,#4586,.T.);
#2220=ORIENTED_EDGE('',*,*,#4587,.F.);
#2221=ORIENTED_EDGE('',*,*,#4588,.F.);
#2222=ORIENTED_EDGE('',*,*,#4589,.F.);
#2223=ORIENTED_EDGE('',*,*,#4590,.T.);
#2224=ORIENTED_EDGE('',*,*,#4591,.F.);
#2225=ORIENTED_EDGE('',*,*,#4592,.F.);
#2226=ORIENTED_EDGE('',*,*,#4593,.F.);
#2227=ORIENTED_EDGE('',*,*,#4594,.T.);
#2228=ORIENTED_EDGE('',*,*,#4595,.F.);
#2229=ORIENTED_EDGE('',*,*,#4596,.F.);
#2230=ORIENTED_EDGE('',*,*,#4597,.F.);
#2231=ORIENTED_EDGE('',*,*,#4598,.T.);
#2232=ORIENTED_EDGE('',*,*,#4599,.F.);
#2233=ORIENTED_EDGE('',*,*,#4600,.F.);
#2234=ORIENTED_EDGE('',*,*,#4601,.F.);
#2235=ORIENTED_EDGE('',*,*,#4602,.T.);
#2236=ORIENTED_EDGE('',*,*,#4603,.F.);
#2237=ORIENTED_EDGE('',*,*,#4604,.F.);
#2238=ORIENTED_EDGE('',*,*,#4605,.F.);
#2239=ORIENTED_EDGE('',*,*,#4606,.T.);
#2240=ORIENTED_EDGE('',*,*,#4607,.F.);
#2241=ORIENTED_EDGE('',*,*,#4608,.F.);
#2242=ORIENTED_EDGE('',*,*,#4609,.F.);
#2243=ORIENTED_EDGE('',*,*,#4564,.F.);
#2244=ORIENTED_EDGE('',*,*,#4610,.T.);
#2245=ORIENTED_EDGE('',*,*,#4611,.T.);
#2246=ORIENTED_EDGE('',*,*,#4612,.F.);
#2247=ORIENTED_EDGE('',*,*,#4613,.T.);
#2248=ORIENTED_EDGE('',*,*,#4614,.F.);
#2249=ORIENTED_EDGE('',*,*,#4566,.F.);
#2250=ORIENTED_EDGE('',*,*,#4615,.F.);
#2251=ORIENTED_EDGE('',*,*,#4616,.T.);
#2252=ORIENTED_EDGE('',*,*,#4617,.F.);
#2253=ORIENTED_EDGE('',*,*,#4570,.F.);
#2254=ORIENTED_EDGE('',*,*,#4618,.F.);
#2255=ORIENTED_EDGE('',*,*,#4619,.T.);
#2256=ORIENTED_EDGE('',*,*,#4620,.F.);
#2257=ORIENTED_EDGE('',*,*,#4574,.F.);
#2258=ORIENTED_EDGE('',*,*,#4621,.F.);
#2259=ORIENTED_EDGE('',*,*,#4622,.T.);
#2260=ORIENTED_EDGE('',*,*,#4623,.F.);
#2261=ORIENTED_EDGE('',*,*,#4578,.F.);
#2262=ORIENTED_EDGE('',*,*,#4624,.F.);
#2263=ORIENTED_EDGE('',*,*,#4625,.T.);
#2264=ORIENTED_EDGE('',*,*,#4626,.F.);
#2265=ORIENTED_EDGE('',*,*,#4582,.F.);
#2266=ORIENTED_EDGE('',*,*,#4627,.F.);
#2267=ORIENTED_EDGE('',*,*,#4628,.T.);
#2268=ORIENTED_EDGE('',*,*,#4629,.F.);
#2269=ORIENTED_EDGE('',*,*,#4586,.F.);
#2270=ORIENTED_EDGE('',*,*,#4630,.F.);
#2271=ORIENTED_EDGE('',*,*,#4631,.T.);
#2272=ORIENTED_EDGE('',*,*,#4632,.F.);
#2273=ORIENTED_EDGE('',*,*,#4590,.F.);
#2274=ORIENTED_EDGE('',*,*,#4633,.F.);
#2275=ORIENTED_EDGE('',*,*,#4634,.T.);
#2276=ORIENTED_EDGE('',*,*,#4635,.F.);
#2277=ORIENTED_EDGE('',*,*,#4594,.F.);
#2278=ORIENTED_EDGE('',*,*,#4636,.F.);
#2279=ORIENTED_EDGE('',*,*,#4637,.T.);
#2280=ORIENTED_EDGE('',*,*,#4638,.F.);
#2281=ORIENTED_EDGE('',*,*,#4598,.F.);
#2282=ORIENTED_EDGE('',*,*,#4639,.F.);
#2283=ORIENTED_EDGE('',*,*,#4640,.T.);
#2284=ORIENTED_EDGE('',*,*,#4641,.F.);
#2285=ORIENTED_EDGE('',*,*,#4602,.F.);
#2286=ORIENTED_EDGE('',*,*,#4642,.F.);
#2287=ORIENTED_EDGE('',*,*,#4643,.T.);
#2288=ORIENTED_EDGE('',*,*,#4644,.F.);
#2289=ORIENTED_EDGE('',*,*,#4606,.F.);
#2290=ORIENTED_EDGE('',*,*,#4645,.F.);
#2291=ORIENTED_EDGE('',*,*,#4611,.F.);
#2292=ORIENTED_EDGE('',*,*,#4646,.T.);
#2293=ORIENTED_EDGE('',*,*,#4647,.T.);
#2294=ORIENTED_EDGE('',*,*,#4648,.F.);
#2295=ORIENTED_EDGE('',*,*,#4649,.T.);
#2296=ORIENTED_EDGE('',*,*,#4650,.F.);
#2297=ORIENTED_EDGE('',*,*,#4613,.F.);
#2298=ORIENTED_EDGE('',*,*,#4651,.F.);
#2299=ORIENTED_EDGE('',*,*,#4652,.T.);
#2300=ORIENTED_EDGE('',*,*,#4653,.F.);
#2301=ORIENTED_EDGE('',*,*,#4616,.F.);
#2302=ORIENTED_EDGE('',*,*,#4654,.F.);
#2303=ORIENTED_EDGE('',*,*,#4655,.T.);
#2304=ORIENTED_EDGE('',*,*,#4656,.F.);
#2305=ORIENTED_EDGE('',*,*,#4619,.F.);
#2306=ORIENTED_EDGE('',*,*,#4657,.F.);
#2307=ORIENTED_EDGE('',*,*,#4658,.T.);
#2308=ORIENTED_EDGE('',*,*,#4659,.F.);
#2309=ORIENTED_EDGE('',*,*,#4622,.F.);
#2310=ORIENTED_EDGE('',*,*,#4660,.F.);
#2311=ORIENTED_EDGE('',*,*,#4661,.T.);
#2312=ORIENTED_EDGE('',*,*,#4662,.F.);
#2313=ORIENTED_EDGE('',*,*,#4625,.F.);
#2314=ORIENTED_EDGE('',*,*,#4663,.F.);
#2315=ORIENTED_EDGE('',*,*,#4664,.T.);
#2316=ORIENTED_EDGE('',*,*,#4665,.F.);
#2317=ORIENTED_EDGE('',*,*,#4628,.F.);
#2318=ORIENTED_EDGE('',*,*,#4666,.F.);
#2319=ORIENTED_EDGE('',*,*,#4667,.T.);
#2320=ORIENTED_EDGE('',*,*,#4668,.F.);
#2321=ORIENTED_EDGE('',*,*,#4631,.F.);
#2322=ORIENTED_EDGE('',*,*,#4669,.F.);
#2323=ORIENTED_EDGE('',*,*,#4670,.T.);
#2324=ORIENTED_EDGE('',*,*,#4671,.F.);
#2325=ORIENTED_EDGE('',*,*,#4634,.F.);
#2326=ORIENTED_EDGE('',*,*,#4672,.F.);
#2327=ORIENTED_EDGE('',*,*,#4673,.T.);
#2328=ORIENTED_EDGE('',*,*,#4674,.F.);
#2329=ORIENTED_EDGE('',*,*,#4637,.F.);
#2330=ORIENTED_EDGE('',*,*,#4675,.F.);
#2331=ORIENTED_EDGE('',*,*,#4676,.T.);
#2332=ORIENTED_EDGE('',*,*,#4677,.F.);
#2333=ORIENTED_EDGE('',*,*,#4640,.F.);
#2334=ORIENTED_EDGE('',*,*,#4678,.F.);
#2335=ORIENTED_EDGE('',*,*,#4679,.T.);
#2336=ORIENTED_EDGE('',*,*,#4680,.F.);
#2337=ORIENTED_EDGE('',*,*,#4643,.F.);
#2338=ORIENTED_EDGE('',*,*,#4681,.F.);
#2339=ORIENTED_EDGE('',*,*,#4647,.F.);
#2340=ORIENTED_EDGE('',*,*,#4682,.T.);
#2341=ORIENTED_EDGE('',*,*,#4683,.T.);
#2342=ORIENTED_EDGE('',*,*,#4684,.F.);
#2343=ORIENTED_EDGE('',*,*,#4685,.T.);
#2344=ORIENTED_EDGE('',*,*,#4686,.F.);
#2345=ORIENTED_EDGE('',*,*,#4649,.F.);
#2346=ORIENTED_EDGE('',*,*,#4687,.F.);
#2347=ORIENTED_EDGE('',*,*,#4688,.T.);
#2348=ORIENTED_EDGE('',*,*,#4689,.F.);
#2349=ORIENTED_EDGE('',*,*,#4652,.F.);
#2350=ORIENTED_EDGE('',*,*,#4690,.F.);
#2351=ORIENTED_EDGE('',*,*,#4691,.T.);
#2352=ORIENTED_EDGE('',*,*,#4692,.F.);
#2353=ORIENTED_EDGE('',*,*,#4655,.F.);
#2354=ORIENTED_EDGE('',*,*,#4693,.F.);
#2355=ORIENTED_EDGE('',*,*,#4694,.T.);
#2356=ORIENTED_EDGE('',*,*,#4695,.F.);
#2357=ORIENTED_EDGE('',*,*,#4658,.F.);
#2358=ORIENTED_EDGE('',*,*,#4696,.F.);
#2359=ORIENTED_EDGE('',*,*,#4697,.T.);
#2360=ORIENTED_EDGE('',*,*,#4698,.F.);
#2361=ORIENTED_EDGE('',*,*,#4661,.F.);
#2362=ORIENTED_EDGE('',*,*,#4699,.F.);
#2363=ORIENTED_EDGE('',*,*,#4700,.T.);
#2364=ORIENTED_EDGE('',*,*,#4701,.F.);
#2365=ORIENTED_EDGE('',*,*,#4664,.F.);
#2366=ORIENTED_EDGE('',*,*,#4702,.F.);
#2367=ORIENTED_EDGE('',*,*,#4703,.T.);
#2368=ORIENTED_EDGE('',*,*,#4704,.F.);
#2369=ORIENTED_EDGE('',*,*,#4667,.F.);
#2370=ORIENTED_EDGE('',*,*,#4705,.F.);
#2371=ORIENTED_EDGE('',*,*,#4706,.T.);
#2372=ORIENTED_EDGE('',*,*,#4707,.F.);
#2373=ORIENTED_EDGE('',*,*,#4670,.F.);
#2374=ORIENTED_EDGE('',*,*,#4708,.F.);
#2375=ORIENTED_EDGE('',*,*,#4709,.T.);
#2376=ORIENTED_EDGE('',*,*,#4710,.F.);
#2377=ORIENTED_EDGE('',*,*,#4673,.F.);
#2378=ORIENTED_EDGE('',*,*,#4711,.F.);
#2379=ORIENTED_EDGE('',*,*,#4712,.T.);
#2380=ORIENTED_EDGE('',*,*,#4713,.F.);
#2381=ORIENTED_EDGE('',*,*,#4676,.F.);
#2382=ORIENTED_EDGE('',*,*,#4714,.F.);
#2383=ORIENTED_EDGE('',*,*,#4715,.T.);
#2384=ORIENTED_EDGE('',*,*,#4716,.F.);
#2385=ORIENTED_EDGE('',*,*,#4679,.F.);
#2386=ORIENTED_EDGE('',*,*,#4717,.F.);
#2387=ORIENTED_EDGE('',*,*,#4683,.F.);
#2388=ORIENTED_EDGE('',*,*,#4718,.T.);
#2389=ORIENTED_EDGE('',*,*,#4719,.T.);
#2390=ORIENTED_EDGE('',*,*,#4720,.F.);
#2391=ORIENTED_EDGE('',*,*,#4721,.T.);
#2392=ORIENTED_EDGE('',*,*,#4722,.F.);
#2393=ORIENTED_EDGE('',*,*,#4685,.F.);
#2394=ORIENTED_EDGE('',*,*,#4723,.F.);
#2395=ORIENTED_EDGE('',*,*,#4724,.T.);
#2396=ORIENTED_EDGE('',*,*,#4725,.F.);
#2397=ORIENTED_EDGE('',*,*,#4688,.F.);
#2398=ORIENTED_EDGE('',*,*,#4726,.F.);
#2399=ORIENTED_EDGE('',*,*,#4727,.T.);
#2400=ORIENTED_EDGE('',*,*,#4728,.F.);
#2401=ORIENTED_EDGE('',*,*,#4691,.F.);
#2402=ORIENTED_EDGE('',*,*,#4729,.F.);
#2403=ORIENTED_EDGE('',*,*,#4730,.T.);
#2404=ORIENTED_EDGE('',*,*,#4731,.F.);
#2405=ORIENTED_EDGE('',*,*,#4694,.F.);
#2406=ORIENTED_EDGE('',*,*,#4732,.F.);
#2407=ORIENTED_EDGE('',*,*,#4733,.T.);
#2408=ORIENTED_EDGE('',*,*,#4734,.F.);
#2409=ORIENTED_EDGE('',*,*,#4697,.F.);
#2410=ORIENTED_EDGE('',*,*,#4735,.F.);
#2411=ORIENTED_EDGE('',*,*,#4736,.T.);
#2412=ORIENTED_EDGE('',*,*,#4737,.F.);
#2413=ORIENTED_EDGE('',*,*,#4700,.F.);
#2414=ORIENTED_EDGE('',*,*,#4738,.F.);
#2415=ORIENTED_EDGE('',*,*,#4739,.T.);
#2416=ORIENTED_EDGE('',*,*,#4740,.F.);
#2417=ORIENTED_EDGE('',*,*,#4703,.F.);
#2418=ORIENTED_EDGE('',*,*,#4741,.F.);
#2419=ORIENTED_EDGE('',*,*,#4742,.T.);
#2420=ORIENTED_EDGE('',*,*,#4743,.F.);
#2421=ORIENTED_EDGE('',*,*,#4706,.F.);
#2422=ORIENTED_EDGE('',*,*,#4744,.F.);
#2423=ORIENTED_EDGE('',*,*,#4745,.T.);
#2424=ORIENTED_EDGE('',*,*,#4746,.F.);
#2425=ORIENTED_EDGE('',*,*,#4709,.F.);
#2426=ORIENTED_EDGE('',*,*,#4747,.F.);
#2427=ORIENTED_EDGE('',*,*,#4748,.T.);
#2428=ORIENTED_EDGE('',*,*,#4749,.F.);
#2429=ORIENTED_EDGE('',*,*,#4712,.F.);
#2430=ORIENTED_EDGE('',*,*,#4750,.F.);
#2431=ORIENTED_EDGE('',*,*,#4751,.T.);
#2432=ORIENTED_EDGE('',*,*,#4752,.F.);
#2433=ORIENTED_EDGE('',*,*,#4715,.F.);
#2434=ORIENTED_EDGE('',*,*,#4753,.F.);
#2435=ORIENTED_EDGE('',*,*,#4754,.F.);
#2436=ORIENTED_EDGE('',*,*,#4755,.T.);
#2437=ORIENTED_EDGE('',*,*,#4756,.T.);
#2438=ORIENTED_EDGE('',*,*,#4757,.F.);
#2439=ORIENTED_EDGE('',*,*,#4758,.T.);
#2440=ORIENTED_EDGE('',*,*,#4759,.F.);
#2441=ORIENTED_EDGE('',*,*,#4760,.F.);
#2442=ORIENTED_EDGE('',*,*,#4761,.F.);
#2443=ORIENTED_EDGE('',*,*,#4762,.T.);
#2444=ORIENTED_EDGE('',*,*,#4763,.F.);
#2445=ORIENTED_EDGE('',*,*,#4764,.F.);
#2446=ORIENTED_EDGE('',*,*,#4765,.F.);
#2447=ORIENTED_EDGE('',*,*,#4766,.T.);
#2448=ORIENTED_EDGE('',*,*,#4767,.F.);
#2449=ORIENTED_EDGE('',*,*,#4768,.F.);
#2450=ORIENTED_EDGE('',*,*,#4769,.F.);
#2451=ORIENTED_EDGE('',*,*,#4770,.T.);
#2452=ORIENTED_EDGE('',*,*,#4771,.F.);
#2453=ORIENTED_EDGE('',*,*,#4772,.F.);
#2454=ORIENTED_EDGE('',*,*,#4773,.F.);
#2455=ORIENTED_EDGE('',*,*,#4774,.T.);
#2456=ORIENTED_EDGE('',*,*,#4775,.F.);
#2457=ORIENTED_EDGE('',*,*,#4776,.F.);
#2458=ORIENTED_EDGE('',*,*,#4777,.F.);
#2459=ORIENTED_EDGE('',*,*,#4778,.T.);
#2460=ORIENTED_EDGE('',*,*,#4779,.F.);
#2461=ORIENTED_EDGE('',*,*,#4780,.F.);
#2462=ORIENTED_EDGE('',*,*,#4781,.F.);
#2463=ORIENTED_EDGE('',*,*,#4782,.T.);
#2464=ORIENTED_EDGE('',*,*,#4783,.F.);
#2465=ORIENTED_EDGE('',*,*,#4784,.F.);
#2466=ORIENTED_EDGE('',*,*,#4785,.F.);
#2467=ORIENTED_EDGE('',*,*,#4786,.T.);
#2468=ORIENTED_EDGE('',*,*,#4787,.F.);
#2469=ORIENTED_EDGE('',*,*,#4788,.F.);
#2470=ORIENTED_EDGE('',*,*,#4789,.F.);
#2471=ORIENTED_EDGE('',*,*,#4790,.T.);
#2472=ORIENTED_EDGE('',*,*,#4791,.F.);
#2473=ORIENTED_EDGE('',*,*,#4792,.F.);
#2474=ORIENTED_EDGE('',*,*,#4793,.F.);
#2475=ORIENTED_EDGE('',*,*,#4794,.T.);
#2476=ORIENTED_EDGE('',*,*,#4795,.F.);
#2477=ORIENTED_EDGE('',*,*,#4796,.F.);
#2478=ORIENTED_EDGE('',*,*,#4797,.F.);
#2479=ORIENTED_EDGE('',*,*,#4798,.T.);
#2480=ORIENTED_EDGE('',*,*,#4799,.F.);
#2481=ORIENTED_EDGE('',*,*,#4800,.F.);
#2482=ORIENTED_EDGE('',*,*,#4801,.F.);
#2483=ORIENTED_EDGE('',*,*,#4756,.F.);
#2484=ORIENTED_EDGE('',*,*,#4802,.T.);
#2485=ORIENTED_EDGE('',*,*,#4803,.T.);
#2486=ORIENTED_EDGE('',*,*,#4804,.F.);
#2487=ORIENTED_EDGE('',*,*,#4805,.T.);
#2488=ORIENTED_EDGE('',*,*,#4806,.F.);
#2489=ORIENTED_EDGE('',*,*,#4758,.F.);
#2490=ORIENTED_EDGE('',*,*,#4807,.F.);
#2491=ORIENTED_EDGE('',*,*,#4808,.T.);
#2492=ORIENTED_EDGE('',*,*,#4809,.F.);
#2493=ORIENTED_EDGE('',*,*,#4762,.F.);
#2494=ORIENTED_EDGE('',*,*,#4810,.F.);
#2495=ORIENTED_EDGE('',*,*,#4811,.T.);
#2496=ORIENTED_EDGE('',*,*,#4812,.F.);
#2497=ORIENTED_EDGE('',*,*,#4766,.F.);
#2498=ORIENTED_EDGE('',*,*,#4813,.F.);
#2499=ORIENTED_EDGE('',*,*,#4814,.T.);
#2500=ORIENTED_EDGE('',*,*,#4815,.F.);
#2501=ORIENTED_EDGE('',*,*,#4770,.F.);
#2502=ORIENTED_EDGE('',*,*,#4816,.F.);
#2503=ORIENTED_EDGE('',*,*,#4817,.T.);
#2504=ORIENTED_EDGE('',*,*,#4818,.F.);
#2505=ORIENTED_EDGE('',*,*,#4774,.F.);
#2506=ORIENTED_EDGE('',*,*,#4819,.F.);
#2507=ORIENTED_EDGE('',*,*,#4820,.T.);
#2508=ORIENTED_EDGE('',*,*,#4821,.F.);
#2509=ORIENTED_EDGE('',*,*,#4778,.F.);
#2510=ORIENTED_EDGE('',*,*,#4822,.F.);
#2511=ORIENTED_EDGE('',*,*,#4823,.T.);
#2512=ORIENTED_EDGE('',*,*,#4824,.F.);
#2513=ORIENTED_EDGE('',*,*,#4782,.F.);
#2514=ORIENTED_EDGE('',*,*,#4825,.F.);
#2515=ORIENTED_EDGE('',*,*,#4826,.T.);
#2516=ORIENTED_EDGE('',*,*,#4827,.F.);
#2517=ORIENTED_EDGE('',*,*,#4786,.F.);
#2518=ORIENTED_EDGE('',*,*,#4828,.F.);
#2519=ORIENTED_EDGE('',*,*,#4829,.T.);
#2520=ORIENTED_EDGE('',*,*,#4830,.F.);
#2521=ORIENTED_EDGE('',*,*,#4790,.F.);
#2522=ORIENTED_EDGE('',*,*,#4831,.F.);
#2523=ORIENTED_EDGE('',*,*,#4832,.T.);
#2524=ORIENTED_EDGE('',*,*,#4833,.F.);
#2525=ORIENTED_EDGE('',*,*,#4794,.F.);
#2526=ORIENTED_EDGE('',*,*,#4834,.F.);
#2527=ORIENTED_EDGE('',*,*,#4835,.T.);
#2528=ORIENTED_EDGE('',*,*,#4836,.F.);
#2529=ORIENTED_EDGE('',*,*,#4798,.F.);
#2530=ORIENTED_EDGE('',*,*,#4837,.F.);
#2531=ORIENTED_EDGE('',*,*,#4803,.F.);
#2532=ORIENTED_EDGE('',*,*,#4838,.T.);
#2533=ORIENTED_EDGE('',*,*,#4839,.T.);
#2534=ORIENTED_EDGE('',*,*,#4840,.F.);
#2535=ORIENTED_EDGE('',*,*,#4841,.T.);
#2536=ORIENTED_EDGE('',*,*,#4842,.F.);
#2537=ORIENTED_EDGE('',*,*,#4805,.F.);
#2538=ORIENTED_EDGE('',*,*,#4843,.F.);
#2539=ORIENTED_EDGE('',*,*,#4844,.T.);
#2540=ORIENTED_EDGE('',*,*,#4845,.F.);
#2541=ORIENTED_EDGE('',*,*,#4808,.F.);
#2542=ORIENTED_EDGE('',*,*,#4846,.F.);
#2543=ORIENTED_EDGE('',*,*,#4847,.T.);
#2544=ORIENTED_EDGE('',*,*,#4848,.F.);
#2545=ORIENTED_EDGE('',*,*,#4811,.F.);
#2546=ORIENTED_EDGE('',*,*,#4849,.F.);
#2547=ORIENTED_EDGE('',*,*,#4850,.T.);
#2548=ORIENTED_EDGE('',*,*,#4851,.F.);
#2549=ORIENTED_EDGE('',*,*,#4814,.F.);
#2550=ORIENTED_EDGE('',*,*,#4852,.F.);
#2551=ORIENTED_EDGE('',*,*,#4853,.T.);
#2552=ORIENTED_EDGE('',*,*,#4854,.F.);
#2553=ORIENTED_EDGE('',*,*,#4817,.F.);
#2554=ORIENTED_EDGE('',*,*,#4855,.F.);
#2555=ORIENTED_EDGE('',*,*,#4856,.T.);
#2556=ORIENTED_EDGE('',*,*,#4857,.F.);
#2557=ORIENTED_EDGE('',*,*,#4820,.F.);
#2558=ORIENTED_EDGE('',*,*,#4858,.F.);
#2559=ORIENTED_EDGE('',*,*,#4859,.T.);
#2560=ORIENTED_EDGE('',*,*,#4860,.F.);
#2561=ORIENTED_EDGE('',*,*,#4823,.F.);
#2562=ORIENTED_EDGE('',*,*,#4861,.F.);
#2563=ORIENTED_EDGE('',*,*,#4862,.T.);
#2564=ORIENTED_EDGE('',*,*,#4863,.F.);
#2565=ORIENTED_EDGE('',*,*,#4826,.F.);
#2566=ORIENTED_EDGE('',*,*,#4864,.F.);
#2567=ORIENTED_EDGE('',*,*,#4865,.T.);
#2568=ORIENTED_EDGE('',*,*,#4866,.F.);
#2569=ORIENTED_EDGE('',*,*,#4829,.F.);
#2570=ORIENTED_EDGE('',*,*,#4867,.F.);
#2571=ORIENTED_EDGE('',*,*,#4868,.T.);
#2572=ORIENTED_EDGE('',*,*,#4869,.F.);
#2573=ORIENTED_EDGE('',*,*,#4832,.F.);
#2574=ORIENTED_EDGE('',*,*,#4870,.F.);
#2575=ORIENTED_EDGE('',*,*,#4871,.T.);
#2576=ORIENTED_EDGE('',*,*,#4872,.F.);
#2577=ORIENTED_EDGE('',*,*,#4835,.F.);
#2578=ORIENTED_EDGE('',*,*,#4873,.F.);
#2579=ORIENTED_EDGE('',*,*,#4839,.F.);
#2580=ORIENTED_EDGE('',*,*,#4874,.T.);
#2581=ORIENTED_EDGE('',*,*,#4875,.T.);
#2582=ORIENTED_EDGE('',*,*,#4876,.F.);
#2583=ORIENTED_EDGE('',*,*,#4877,.T.);
#2584=ORIENTED_EDGE('',*,*,#4878,.F.);
#2585=ORIENTED_EDGE('',*,*,#4841,.F.);
#2586=ORIENTED_EDGE('',*,*,#4879,.F.);
#2587=ORIENTED_EDGE('',*,*,#4880,.T.);
#2588=ORIENTED_EDGE('',*,*,#4881,.F.);
#2589=ORIENTED_EDGE('',*,*,#4844,.F.);
#2590=ORIENTED_EDGE('',*,*,#4882,.F.);
#2591=ORIENTED_EDGE('',*,*,#4883,.T.);
#2592=ORIENTED_EDGE('',*,*,#4884,.F.);
#2593=ORIENTED_EDGE('',*,*,#4847,.F.);
#2594=ORIENTED_EDGE('',*,*,#4885,.F.);
#2595=ORIENTED_EDGE('',*,*,#4886,.T.);
#2596=ORIENTED_EDGE('',*,*,#4887,.F.);
#2597=ORIENTED_EDGE('',*,*,#4850,.F.);
#2598=ORIENTED_EDGE('',*,*,#4888,.F.);
#2599=ORIENTED_EDGE('',*,*,#4889,.T.);
#2600=ORIENTED_EDGE('',*,*,#4890,.F.);
#2601=ORIENTED_EDGE('',*,*,#4853,.F.);
#2602=ORIENTED_EDGE('',*,*,#4891,.F.);
#2603=ORIENTED_EDGE('',*,*,#4892,.T.);
#2604=ORIENTED_EDGE('',*,*,#4893,.F.);
#2605=ORIENTED_EDGE('',*,*,#4856,.F.);
#2606=ORIENTED_EDGE('',*,*,#4894,.F.);
#2607=ORIENTED_EDGE('',*,*,#4895,.T.);
#2608=ORIENTED_EDGE('',*,*,#4896,.F.);
#2609=ORIENTED_EDGE('',*,*,#4859,.F.);
#2610=ORIENTED_EDGE('',*,*,#4897,.F.);
#2611=ORIENTED_EDGE('',*,*,#4898,.T.);
#2612=ORIENTED_EDGE('',*,*,#4899,.F.);
#2613=ORIENTED_EDGE('',*,*,#4862,.F.);
#2614=ORIENTED_EDGE('',*,*,#4900,.F.);
#2615=ORIENTED_EDGE('',*,*,#4901,.T.);
#2616=ORIENTED_EDGE('',*,*,#4902,.F.);
#2617=ORIENTED_EDGE('',*,*,#4865,.F.);
#2618=ORIENTED_EDGE('',*,*,#4903,.F.);
#2619=ORIENTED_EDGE('',*,*,#4904,.T.);
#2620=ORIENTED_EDGE('',*,*,#4905,.F.);
#2621=ORIENTED_EDGE('',*,*,#4868,.F.);
#2622=ORIENTED_EDGE('',*,*,#4906,.F.);
#2623=ORIENTED_EDGE('',*,*,#4907,.T.);
#2624=ORIENTED_EDGE('',*,*,#4908,.F.);
#2625=ORIENTED_EDGE('',*,*,#4871,.F.);
#2626=ORIENTED_EDGE('',*,*,#4909,.F.);
#2627=ORIENTED_EDGE('',*,*,#4875,.F.);
#2628=ORIENTED_EDGE('',*,*,#4910,.T.);
#2629=ORIENTED_EDGE('',*,*,#4911,.T.);
#2630=ORIENTED_EDGE('',*,*,#4912,.F.);
#2631=ORIENTED_EDGE('',*,*,#4913,.T.);
#2632=ORIENTED_EDGE('',*,*,#4914,.F.);
#2633=ORIENTED_EDGE('',*,*,#4877,.F.);
#2634=ORIENTED_EDGE('',*,*,#4915,.F.);
#2635=ORIENTED_EDGE('',*,*,#4916,.T.);
#2636=ORIENTED_EDGE('',*,*,#4917,.F.);
#2637=ORIENTED_EDGE('',*,*,#4880,.F.);
#2638=ORIENTED_EDGE('',*,*,#4918,.F.);
#2639=ORIENTED_EDGE('',*,*,#4919,.T.);
#2640=ORIENTED_EDGE('',*,*,#4920,.F.);
#2641=ORIENTED_EDGE('',*,*,#4883,.F.);
#2642=ORIENTED_EDGE('',*,*,#4921,.F.);
#2643=ORIENTED_EDGE('',*,*,#4922,.T.);
#2644=ORIENTED_EDGE('',*,*,#4923,.F.);
#2645=ORIENTED_EDGE('',*,*,#4886,.F.);
#2646=ORIENTED_EDGE('',*,*,#4924,.F.);
#2647=ORIENTED_EDGE('',*,*,#4925,.T.);
#2648=ORIENTED_EDGE('',*,*,#4926,.F.);
#2649=ORIENTED_EDGE('',*,*,#4889,.F.);
#2650=ORIENTED_EDGE('',*,*,#4927,.F.);
#2651=ORIENTED_EDGE('',*,*,#4928,.T.);
#2652=ORIENTED_EDGE('',*,*,#4929,.F.);
#2653=ORIENTED_EDGE('',*,*,#4892,.F.);
#2654=ORIENTED_EDGE('',*,*,#4930,.F.);
#2655=ORIENTED_EDGE('',*,*,#4931,.T.);
#2656=ORIENTED_EDGE('',*,*,#4932,.F.);
#2657=ORIENTED_EDGE('',*,*,#4895,.F.);
#2658=ORIENTED_EDGE('',*,*,#4933,.F.);
#2659=ORIENTED_EDGE('',*,*,#4934,.T.);
#2660=ORIENTED_EDGE('',*,*,#4935,.F.);
#2661=ORIENTED_EDGE('',*,*,#4898,.F.);
#2662=ORIENTED_EDGE('',*,*,#4936,.F.);
#2663=ORIENTED_EDGE('',*,*,#4937,.T.);
#2664=ORIENTED_EDGE('',*,*,#4938,.F.);
#2665=ORIENTED_EDGE('',*,*,#4901,.F.);
#2666=ORIENTED_EDGE('',*,*,#4939,.F.);
#2667=ORIENTED_EDGE('',*,*,#4940,.T.);
#2668=ORIENTED_EDGE('',*,*,#4941,.F.);
#2669=ORIENTED_EDGE('',*,*,#4904,.F.);
#2670=ORIENTED_EDGE('',*,*,#4942,.F.);
#2671=ORIENTED_EDGE('',*,*,#4943,.T.);
#2672=ORIENTED_EDGE('',*,*,#4944,.F.);
#2673=ORIENTED_EDGE('',*,*,#4907,.F.);
#2674=ORIENTED_EDGE('',*,*,#4945,.F.);
#2675=ORIENTED_EDGE('',*,*,#4946,.T.);
#2676=ORIENTED_EDGE('',*,*,#4947,.F.);
#2677=ORIENTED_EDGE('',*,*,#4948,.F.);
#2678=ORIENTED_EDGE('',*,*,#4949,.F.);
#2679=ORIENTED_EDGE('',*,*,#4950,.T.);
#2680=ORIENTED_EDGE('',*,*,#4951,.F.);
#2681=ORIENTED_EDGE('',*,*,#4946,.F.);
#2682=ORIENTED_EDGE('',*,*,#4952,.F.);
#2683=ORIENTED_EDGE('',*,*,#4953,.T.);
#2684=ORIENTED_EDGE('',*,*,#4954,.F.);
#2685=ORIENTED_EDGE('',*,*,#4950,.F.);
#2686=ORIENTED_EDGE('',*,*,#4955,.F.);
#2687=ORIENTED_EDGE('',*,*,#4956,.T.);
#2688=ORIENTED_EDGE('',*,*,#4957,.F.);
#2689=ORIENTED_EDGE('',*,*,#4953,.F.);
#2690=ORIENTED_EDGE('',*,*,#4958,.F.);
#2691=ORIENTED_EDGE('',*,*,#4959,.T.);
#2692=ORIENTED_EDGE('',*,*,#4960,.F.);
#2693=ORIENTED_EDGE('',*,*,#4956,.F.);
#2694=ORIENTED_EDGE('',*,*,#4959,.F.);
#2695=ORIENTED_EDGE('',*,*,#4961,.T.);
#2696=ORIENTED_EDGE('',*,*,#4962,.T.);
#2697=ORIENTED_EDGE('',*,*,#4963,.F.);
#2698=ORIENTED_EDGE('',*,*,#4751,.F.);
#2699=ORIENTED_EDGE('',*,*,#4964,.T.);
#2700=ORIENTED_EDGE('',*,*,#4965,.T.);
#2701=ORIENTED_EDGE('',*,*,#4966,.F.);
#2702=ORIENTED_EDGE('',*,*,#4748,.F.);
#2703=ORIENTED_EDGE('',*,*,#4967,.T.);
#2704=ORIENTED_EDGE('',*,*,#4968,.T.);
#2705=ORIENTED_EDGE('',*,*,#4969,.F.);
#2706=ORIENTED_EDGE('',*,*,#4745,.F.);
#2707=ORIENTED_EDGE('',*,*,#4970,.T.);
#2708=ORIENTED_EDGE('',*,*,#4971,.T.);
#2709=ORIENTED_EDGE('',*,*,#4972,.F.);
#2710=ORIENTED_EDGE('',*,*,#4742,.F.);
#2711=ORIENTED_EDGE('',*,*,#4973,.T.);
#2712=ORIENTED_EDGE('',*,*,#4974,.T.);
#2713=ORIENTED_EDGE('',*,*,#4975,.F.);
#2714=ORIENTED_EDGE('',*,*,#4739,.F.);
#2715=ORIENTED_EDGE('',*,*,#4976,.T.);
#2716=ORIENTED_EDGE('',*,*,#4977,.T.);
#2717=ORIENTED_EDGE('',*,*,#4978,.F.);
#2718=ORIENTED_EDGE('',*,*,#4736,.F.);
#2719=ORIENTED_EDGE('',*,*,#4979,.T.);
#2720=ORIENTED_EDGE('',*,*,#4980,.T.);
#2721=ORIENTED_EDGE('',*,*,#4981,.F.);
#2722=ORIENTED_EDGE('',*,*,#4733,.F.);
#2723=ORIENTED_EDGE('',*,*,#4982,.T.);
#2724=ORIENTED_EDGE('',*,*,#4983,.T.);
#2725=ORIENTED_EDGE('',*,*,#4984,.F.);
#2726=ORIENTED_EDGE('',*,*,#4730,.F.);
#2727=ORIENTED_EDGE('',*,*,#4985,.T.);
#2728=ORIENTED_EDGE('',*,*,#4986,.T.);
#2729=ORIENTED_EDGE('',*,*,#4987,.F.);
#2730=ORIENTED_EDGE('',*,*,#4727,.F.);
#2731=ORIENTED_EDGE('',*,*,#4988,.T.);
#2732=ORIENTED_EDGE('',*,*,#4989,.T.);
#2733=ORIENTED_EDGE('',*,*,#4990,.F.);
#2734=ORIENTED_EDGE('',*,*,#4724,.F.);
#2735=ORIENTED_EDGE('',*,*,#4991,.T.);
#2736=ORIENTED_EDGE('',*,*,#4992,.T.);
#2737=ORIENTED_EDGE('',*,*,#4993,.F.);
#2738=ORIENTED_EDGE('',*,*,#4721,.F.);
#2739=ORIENTED_EDGE('',*,*,#4994,.T.);
#2740=ORIENTED_EDGE('',*,*,#4995,.T.);
#2741=ORIENTED_EDGE('',*,*,#4996,.F.);
#2742=ORIENTED_EDGE('',*,*,#4719,.F.);
#2743=ORIENTED_EDGE('',*,*,#4997,.T.);
#2744=ORIENTED_EDGE('',*,*,#4754,.T.);
#2745=ORIENTED_EDGE('',*,*,#4998,.F.);
#2746=ORIENTED_EDGE('',*,*,#4999,.T.);
#2747=ORIENTED_EDGE('',*,*,#5000,.T.);
#2748=ORIENTED_EDGE('',*,*,#4760,.T.);
#2749=ORIENTED_EDGE('',*,*,#5001,.F.);
#2750=ORIENTED_EDGE('',*,*,#5002,.T.);
#2751=ORIENTED_EDGE('',*,*,#5003,.T.);
#2752=ORIENTED_EDGE('',*,*,#4764,.T.);
#2753=ORIENTED_EDGE('',*,*,#5004,.F.);
#2754=ORIENTED_EDGE('',*,*,#5005,.T.);
#2755=ORIENTED_EDGE('',*,*,#5006,.T.);
#2756=ORIENTED_EDGE('',*,*,#4768,.T.);
#2757=ORIENTED_EDGE('',*,*,#5007,.F.);
#2758=ORIENTED_EDGE('',*,*,#5008,.T.);
#2759=ORIENTED_EDGE('',*,*,#5009,.T.);
#2760=ORIENTED_EDGE('',*,*,#4772,.T.);
#2761=ORIENTED_EDGE('',*,*,#5010,.F.);
#2762=ORIENTED_EDGE('',*,*,#5011,.T.);
#2763=ORIENTED_EDGE('',*,*,#5012,.T.);
#2764=ORIENTED_EDGE('',*,*,#4776,.T.);
#2765=ORIENTED_EDGE('',*,*,#5013,.F.);
#2766=ORIENTED_EDGE('',*,*,#5014,.T.);
#2767=ORIENTED_EDGE('',*,*,#5015,.T.);
#2768=ORIENTED_EDGE('',*,*,#4780,.T.);
#2769=ORIENTED_EDGE('',*,*,#5016,.F.);
#2770=ORIENTED_EDGE('',*,*,#5017,.T.);
#2771=ORIENTED_EDGE('',*,*,#5018,.T.);
#2772=ORIENTED_EDGE('',*,*,#4784,.T.);
#2773=ORIENTED_EDGE('',*,*,#5019,.F.);
#2774=ORIENTED_EDGE('',*,*,#5020,.T.);
#2775=ORIENTED_EDGE('',*,*,#5021,.T.);
#2776=ORIENTED_EDGE('',*,*,#4788,.T.);
#2777=ORIENTED_EDGE('',*,*,#5022,.F.);
#2778=ORIENTED_EDGE('',*,*,#5023,.T.);
#2779=ORIENTED_EDGE('',*,*,#5024,.T.);
#2780=ORIENTED_EDGE('',*,*,#4792,.T.);
#2781=ORIENTED_EDGE('',*,*,#5025,.F.);
#2782=ORIENTED_EDGE('',*,*,#5026,.T.);
#2783=ORIENTED_EDGE('',*,*,#5027,.T.);
#2784=ORIENTED_EDGE('',*,*,#4796,.T.);
#2785=ORIENTED_EDGE('',*,*,#5028,.F.);
#2786=ORIENTED_EDGE('',*,*,#5029,.T.);
#2787=ORIENTED_EDGE('',*,*,#5030,.T.);
#2788=ORIENTED_EDGE('',*,*,#4800,.T.);
#2789=ORIENTED_EDGE('',*,*,#5031,.F.);
#2790=ORIENTED_EDGE('',*,*,#5032,.T.);
#2791=ORIENTED_EDGE('',*,*,#5033,.T.);
#2792=ORIENTED_EDGE('',*,*,#5034,.T.);
#2793=ORIENTED_EDGE('',*,*,#5035,.F.);
#2794=ORIENTED_EDGE('',*,*,#5036,.F.);
#2795=ORIENTED_EDGE('',*,*,#5037,.T.);
#2796=ORIENTED_EDGE('',*,*,#5038,.F.);
#2797=ORIENTED_EDGE('',*,*,#5034,.F.);
#2798=ORIENTED_EDGE('',*,*,#5039,.F.);
#2799=ORIENTED_EDGE('',*,*,#5040,.T.);
#2800=ORIENTED_EDGE('',*,*,#5041,.F.);
#2801=ORIENTED_EDGE('',*,*,#5037,.F.);
#2802=ORIENTED_EDGE('',*,*,#5042,.F.);
#2803=ORIENTED_EDGE('',*,*,#5043,.T.);
#2804=ORIENTED_EDGE('',*,*,#5044,.F.);
#2805=ORIENTED_EDGE('',*,*,#5040,.F.);
#2806=ORIENTED_EDGE('',*,*,#5045,.F.);
#2807=ORIENTED_EDGE('',*,*,#5046,.T.);
#2808=ORIENTED_EDGE('',*,*,#5047,.F.);
#2809=ORIENTED_EDGE('',*,*,#5043,.F.);
#2810=ORIENTED_EDGE('',*,*,#5048,.F.);
#2811=ORIENTED_EDGE('',*,*,#5049,.T.);
#2812=ORIENTED_EDGE('',*,*,#5050,.F.);
#2813=ORIENTED_EDGE('',*,*,#5046,.F.);
#2814=ORIENTED_EDGE('',*,*,#5051,.F.);
#2815=ORIENTED_EDGE('',*,*,#4911,.F.);
#2816=ORIENTED_EDGE('',*,*,#5052,.T.);
#2817=ORIENTED_EDGE('',*,*,#5053,.T.);
#2818=ORIENTED_EDGE('',*,*,#5054,.F.);
#2819=ORIENTED_EDGE('',*,*,#5049,.F.);
#2820=ORIENTED_EDGE('',*,*,#5055,.F.);
#2821=ORIENTED_EDGE('',*,*,#5032,.F.);
#2822=ORIENTED_EDGE('',*,*,#5056,.F.);
#2823=ORIENTED_EDGE('',*,*,#4943,.F.);
#2824=ORIENTED_EDGE('',*,*,#5057,.F.);
#2825=ORIENTED_EDGE('',*,*,#5029,.F.);
#2826=ORIENTED_EDGE('',*,*,#5058,.F.);
#2827=ORIENTED_EDGE('',*,*,#4940,.F.);
#2828=ORIENTED_EDGE('',*,*,#5059,.F.);
#2829=ORIENTED_EDGE('',*,*,#5026,.F.);
#2830=ORIENTED_EDGE('',*,*,#5060,.F.);
#2831=ORIENTED_EDGE('',*,*,#4937,.F.);
#2832=ORIENTED_EDGE('',*,*,#5061,.F.);
#2833=ORIENTED_EDGE('',*,*,#5023,.F.);
#2834=ORIENTED_EDGE('',*,*,#5062,.F.);
#2835=ORIENTED_EDGE('',*,*,#4934,.F.);
#2836=ORIENTED_EDGE('',*,*,#5063,.F.);
#2837=ORIENTED_EDGE('',*,*,#5020,.F.);
#2838=ORIENTED_EDGE('',*,*,#5064,.F.);
#2839=ORIENTED_EDGE('',*,*,#4931,.F.);
#2840=ORIENTED_EDGE('',*,*,#5065,.F.);
#2841=ORIENTED_EDGE('',*,*,#5017,.F.);
#2842=ORIENTED_EDGE('',*,*,#5066,.F.);
#2843=ORIENTED_EDGE('',*,*,#4928,.F.);
#2844=ORIENTED_EDGE('',*,*,#5067,.F.);
#2845=ORIENTED_EDGE('',*,*,#5014,.F.);
#2846=ORIENTED_EDGE('',*,*,#5068,.F.);
#2847=ORIENTED_EDGE('',*,*,#4925,.F.);
#2848=ORIENTED_EDGE('',*,*,#5069,.F.);
#2849=ORIENTED_EDGE('',*,*,#5011,.F.);
#2850=ORIENTED_EDGE('',*,*,#5070,.F.);
#2851=ORIENTED_EDGE('',*,*,#4922,.F.);
#2852=ORIENTED_EDGE('',*,*,#5071,.F.);
#2853=ORIENTED_EDGE('',*,*,#5008,.F.);
#2854=ORIENTED_EDGE('',*,*,#5072,.F.);
#2855=ORIENTED_EDGE('',*,*,#4919,.F.);
#2856=ORIENTED_EDGE('',*,*,#5073,.F.);
#2857=ORIENTED_EDGE('',*,*,#5005,.F.);
#2858=ORIENTED_EDGE('',*,*,#5074,.F.);
#2859=ORIENTED_EDGE('',*,*,#4916,.F.);
#2860=ORIENTED_EDGE('',*,*,#5075,.F.);
#2861=ORIENTED_EDGE('',*,*,#5002,.F.);
#2862=ORIENTED_EDGE('',*,*,#5076,.F.);
#2863=ORIENTED_EDGE('',*,*,#4913,.F.);
#2864=ORIENTED_EDGE('',*,*,#5077,.F.);
#2865=ORIENTED_EDGE('',*,*,#4999,.F.);
#2866=ORIENTED_EDGE('',*,*,#5078,.F.);
#2867=ORIENTED_EDGE('',*,*,#4995,.F.);
#2868=ORIENTED_EDGE('',*,*,#5079,.F.);
#2869=ORIENTED_EDGE('',*,*,#4568,.T.);
#2870=ORIENTED_EDGE('',*,*,#5080,.F.);
#2871=ORIENTED_EDGE('',*,*,#4992,.F.);
#2872=ORIENTED_EDGE('',*,*,#5081,.F.);
#2873=ORIENTED_EDGE('',*,*,#4572,.T.);
#2874=ORIENTED_EDGE('',*,*,#5082,.F.);
#2875=ORIENTED_EDGE('',*,*,#4989,.F.);
#2876=ORIENTED_EDGE('',*,*,#5083,.F.);
#2877=ORIENTED_EDGE('',*,*,#4576,.T.);
#2878=ORIENTED_EDGE('',*,*,#5084,.F.);
#2879=ORIENTED_EDGE('',*,*,#4986,.F.);
#2880=ORIENTED_EDGE('',*,*,#5085,.F.);
#2881=ORIENTED_EDGE('',*,*,#4580,.T.);
#2882=ORIENTED_EDGE('',*,*,#5086,.F.);
#2883=ORIENTED_EDGE('',*,*,#4983,.F.);
#2884=ORIENTED_EDGE('',*,*,#5087,.F.);
#2885=ORIENTED_EDGE('',*,*,#4584,.T.);
#2886=ORIENTED_EDGE('',*,*,#5088,.F.);
#2887=ORIENTED_EDGE('',*,*,#4980,.F.);
#2888=ORIENTED_EDGE('',*,*,#5089,.F.);
#2889=ORIENTED_EDGE('',*,*,#4588,.T.);
#2890=ORIENTED_EDGE('',*,*,#5090,.F.);
#2891=ORIENTED_EDGE('',*,*,#4977,.F.);
#2892=ORIENTED_EDGE('',*,*,#5091,.F.);
#2893=ORIENTED_EDGE('',*,*,#4592,.T.);
#2894=ORIENTED_EDGE('',*,*,#5092,.F.);
#2895=ORIENTED_EDGE('',*,*,#4974,.F.);
#2896=ORIENTED_EDGE('',*,*,#5093,.F.);
#2897=ORIENTED_EDGE('',*,*,#4596,.T.);
#2898=ORIENTED_EDGE('',*,*,#5094,.F.);
#2899=ORIENTED_EDGE('',*,*,#4971,.F.);
#2900=ORIENTED_EDGE('',*,*,#5095,.F.);
#2901=ORIENTED_EDGE('',*,*,#4600,.T.);
#2902=ORIENTED_EDGE('',*,*,#5096,.F.);
#2903=ORIENTED_EDGE('',*,*,#4968,.F.);
#2904=ORIENTED_EDGE('',*,*,#5097,.F.);
#2905=ORIENTED_EDGE('',*,*,#4604,.T.);
#2906=ORIENTED_EDGE('',*,*,#5098,.F.);
#2907=ORIENTED_EDGE('',*,*,#4965,.F.);
#2908=ORIENTED_EDGE('',*,*,#5099,.F.);
#2909=ORIENTED_EDGE('',*,*,#4608,.T.);
#2910=ORIENTED_EDGE('',*,*,#5100,.F.);
#2911=ORIENTED_EDGE('',*,*,#4962,.F.);
#2912=ORIENTED_EDGE('',*,*,#5101,.F.);
#2913=ORIENTED_EDGE('',*,*,#4948,.T.);
#2914=ORIENTED_EDGE('',*,*,#5102,.F.);
#2915=ORIENTED_EDGE('',*,*,#5053,.F.);
#2916=ORIENTED_EDGE('',*,*,#5103,.T.);
#2917=ORIENTED_EDGE('',*,*,#4562,.T.);
#2918=ORIENTED_EDGE('',*,*,#5103,.F.);
#2919=ORIENTED_EDGE('',*,*,#5052,.F.);
#2920=ORIENTED_EDGE('',*,*,#4910,.F.);
#2921=ORIENTED_EDGE('',*,*,#4874,.F.);
#2922=ORIENTED_EDGE('',*,*,#4838,.F.);
#2923=ORIENTED_EDGE('',*,*,#4802,.F.);
#2924=ORIENTED_EDGE('',*,*,#4755,.F.);
#2925=ORIENTED_EDGE('',*,*,#4997,.F.);
#2926=ORIENTED_EDGE('',*,*,#4718,.F.);
#2927=ORIENTED_EDGE('',*,*,#4682,.F.);
#2928=ORIENTED_EDGE('',*,*,#4646,.F.);
#2929=ORIENTED_EDGE('',*,*,#4610,.F.);
#2930=ORIENTED_EDGE('',*,*,#4563,.F.);
#2931=ORIENTED_EDGE('',*,*,#5035,.T.);
#2932=ORIENTED_EDGE('',*,*,#5038,.T.);
#2933=ORIENTED_EDGE('',*,*,#5041,.T.);
#2934=ORIENTED_EDGE('',*,*,#5044,.T.);
#2935=ORIENTED_EDGE('',*,*,#5047,.T.);
#2936=ORIENTED_EDGE('',*,*,#5050,.T.);
#2937=ORIENTED_EDGE('',*,*,#5054,.T.);
#2938=ORIENTED_EDGE('',*,*,#5102,.T.);
#2939=ORIENTED_EDGE('',*,*,#4947,.T.);
#2940=ORIENTED_EDGE('',*,*,#4951,.T.);
#2941=ORIENTED_EDGE('',*,*,#4954,.T.);
#2942=ORIENTED_EDGE('',*,*,#4957,.T.);
#2943=ORIENTED_EDGE('',*,*,#4960,.T.);
#2944=ORIENTED_EDGE('',*,*,#4958,.T.);
#2945=ORIENTED_EDGE('',*,*,#4955,.T.);
#2946=ORIENTED_EDGE('',*,*,#4952,.T.);
#2947=ORIENTED_EDGE('',*,*,#4949,.T.);
#2948=ORIENTED_EDGE('',*,*,#4945,.T.);
#2949=ORIENTED_EDGE('',*,*,#5101,.T.);
#2950=ORIENTED_EDGE('',*,*,#4961,.F.);
#2951=ORIENTED_EDGE('',*,*,#4752,.T.);
#2952=ORIENTED_EDGE('',*,*,#4963,.T.);
#2953=ORIENTED_EDGE('',*,*,#5100,.T.);
#2954=ORIENTED_EDGE('',*,*,#4607,.T.);
#2955=ORIENTED_EDGE('',*,*,#4644,.T.);
#2956=ORIENTED_EDGE('',*,*,#4680,.T.);
#2957=ORIENTED_EDGE('',*,*,#4716,.T.);
#2958=ORIENTED_EDGE('',*,*,#4750,.T.);
#2959=ORIENTED_EDGE('',*,*,#4714,.T.);
#2960=ORIENTED_EDGE('',*,*,#4678,.T.);
#2961=ORIENTED_EDGE('',*,*,#4642,.T.);
#2962=ORIENTED_EDGE('',*,*,#4605,.T.);
#2963=ORIENTED_EDGE('',*,*,#5099,.T.);
#2964=ORIENTED_EDGE('',*,*,#4964,.F.);
#2965=ORIENTED_EDGE('',*,*,#4749,.T.);
#2966=ORIENTED_EDGE('',*,*,#4966,.T.);
#2967=ORIENTED_EDGE('',*,*,#5098,.T.);
#2968=ORIENTED_EDGE('',*,*,#4603,.T.);
#2969=ORIENTED_EDGE('',*,*,#4641,.T.);
#2970=ORIENTED_EDGE('',*,*,#4677,.T.);
#2971=ORIENTED_EDGE('',*,*,#4713,.T.);
#2972=ORIENTED_EDGE('',*,*,#4747,.T.);
#2973=ORIENTED_EDGE('',*,*,#4711,.T.);
#2974=ORIENTED_EDGE('',*,*,#4675,.T.);
#2975=ORIENTED_EDGE('',*,*,#4639,.T.);
#2976=ORIENTED_EDGE('',*,*,#4601,.T.);
#2977=ORIENTED_EDGE('',*,*,#5097,.T.);
#2978=ORIENTED_EDGE('',*,*,#4967,.F.);
#2979=ORIENTED_EDGE('',*,*,#4746,.T.);
#2980=ORIENTED_EDGE('',*,*,#4969,.T.);
#2981=ORIENTED_EDGE('',*,*,#5096,.T.);
#2982=ORIENTED_EDGE('',*,*,#4599,.T.);
#2983=ORIENTED_EDGE('',*,*,#4638,.T.);
#2984=ORIENTED_EDGE('',*,*,#4674,.T.);
#2985=ORIENTED_EDGE('',*,*,#4710,.T.);
#2986=ORIENTED_EDGE('',*,*,#4744,.T.);
#2987=ORIENTED_EDGE('',*,*,#4708,.T.);
#2988=ORIENTED_EDGE('',*,*,#4672,.T.);
#2989=ORIENTED_EDGE('',*,*,#4636,.T.);
#2990=ORIENTED_EDGE('',*,*,#4597,.T.);
#2991=ORIENTED_EDGE('',*,*,#5095,.T.);
#2992=ORIENTED_EDGE('',*,*,#4970,.F.);
#2993=ORIENTED_EDGE('',*,*,#4743,.T.);
#2994=ORIENTED_EDGE('',*,*,#4972,.T.);
#2995=ORIENTED_EDGE('',*,*,#5094,.T.);
#2996=ORIENTED_EDGE('',*,*,#4595,.T.);
#2997=ORIENTED_EDGE('',*,*,#4635,.T.);
#2998=ORIENTED_EDGE('',*,*,#4671,.T.);
#2999=ORIENTED_EDGE('',*,*,#4707,.T.);
#3000=ORIENTED_EDGE('',*,*,#4741,.T.);
#3001=ORIENTED_EDGE('',*,*,#4705,.T.);
#3002=ORIENTED_EDGE('',*,*,#4669,.T.);
#3003=ORIENTED_EDGE('',*,*,#4633,.T.);
#3004=ORIENTED_EDGE('',*,*,#4593,.T.);
#3005=ORIENTED_EDGE('',*,*,#5093,.T.);
#3006=ORIENTED_EDGE('',*,*,#4973,.F.);
#3007=ORIENTED_EDGE('',*,*,#4740,.T.);
#3008=ORIENTED_EDGE('',*,*,#4975,.T.);
#3009=ORIENTED_EDGE('',*,*,#5092,.T.);
#3010=ORIENTED_EDGE('',*,*,#4591,.T.);
#3011=ORIENTED_EDGE('',*,*,#4632,.T.);
#3012=ORIENTED_EDGE('',*,*,#4668,.T.);
#3013=ORIENTED_EDGE('',*,*,#4704,.T.);
#3014=ORIENTED_EDGE('',*,*,#4738,.T.);
#3015=ORIENTED_EDGE('',*,*,#4702,.T.);
#3016=ORIENTED_EDGE('',*,*,#4666,.T.);
#3017=ORIENTED_EDGE('',*,*,#4630,.T.);
#3018=ORIENTED_EDGE('',*,*,#4589,.T.);
#3019=ORIENTED_EDGE('',*,*,#5091,.T.);
#3020=ORIENTED_EDGE('',*,*,#4976,.F.);
#3021=ORIENTED_EDGE('',*,*,#4737,.T.);
#3022=ORIENTED_EDGE('',*,*,#4978,.T.);
#3023=ORIENTED_EDGE('',*,*,#5090,.T.);
#3024=ORIENTED_EDGE('',*,*,#4587,.T.);
#3025=ORIENTED_EDGE('',*,*,#4629,.T.);
#3026=ORIENTED_EDGE('',*,*,#4665,.T.);
#3027=ORIENTED_EDGE('',*,*,#4701,.T.);
#3028=ORIENTED_EDGE('',*,*,#4735,.T.);
#3029=ORIENTED_EDGE('',*,*,#4699,.T.);
#3030=ORIENTED_EDGE('',*,*,#4663,.T.);
#3031=ORIENTED_EDGE('',*,*,#4627,.T.);
#3032=ORIENTED_EDGE('',*,*,#4585,.T.);
#3033=ORIENTED_EDGE('',*,*,#5089,.T.);
#3034=ORIENTED_EDGE('',*,*,#4979,.F.);
#3035=ORIENTED_EDGE('',*,*,#4734,.T.);
#3036=ORIENTED_EDGE('',*,*,#4981,.T.);
#3037=ORIENTED_EDGE('',*,*,#5088,.T.);
#3038=ORIENTED_EDGE('',*,*,#4583,.T.);
#3039=ORIENTED_EDGE('',*,*,#4626,.T.);
#3040=ORIENTED_EDGE('',*,*,#4662,.T.);
#3041=ORIENTED_EDGE('',*,*,#4698,.T.);
#3042=ORIENTED_EDGE('',*,*,#4732,.T.);
#3043=ORIENTED_EDGE('',*,*,#4696,.T.);
#3044=ORIENTED_EDGE('',*,*,#4660,.T.);
#3045=ORIENTED_EDGE('',*,*,#4624,.T.);
#3046=ORIENTED_EDGE('',*,*,#4581,.T.);
#3047=ORIENTED_EDGE('',*,*,#5087,.T.);
#3048=ORIENTED_EDGE('',*,*,#4982,.F.);
#3049=ORIENTED_EDGE('',*,*,#4731,.T.);
#3050=ORIENTED_EDGE('',*,*,#4984,.T.);
#3051=ORIENTED_EDGE('',*,*,#5086,.T.);
#3052=ORIENTED_EDGE('',*,*,#4579,.T.);
#3053=ORIENTED_EDGE('',*,*,#4623,.T.);
#3054=ORIENTED_EDGE('',*,*,#4659,.T.);
#3055=ORIENTED_EDGE('',*,*,#4695,.T.);
#3056=ORIENTED_EDGE('',*,*,#4729,.T.);
#3057=ORIENTED_EDGE('',*,*,#4693,.T.);
#3058=ORIENTED_EDGE('',*,*,#4657,.T.);
#3059=ORIENTED_EDGE('',*,*,#4621,.T.);
#3060=ORIENTED_EDGE('',*,*,#4577,.T.);
#3061=ORIENTED_EDGE('',*,*,#5085,.T.);
#3062=ORIENTED_EDGE('',*,*,#4985,.F.);
#3063=ORIENTED_EDGE('',*,*,#4728,.T.);
#3064=ORIENTED_EDGE('',*,*,#4987,.T.);
#3065=ORIENTED_EDGE('',*,*,#5084,.T.);
#3066=ORIENTED_EDGE('',*,*,#4575,.T.);
#3067=ORIENTED_EDGE('',*,*,#4620,.T.);
#3068=ORIENTED_EDGE('',*,*,#4656,.T.);
#3069=ORIENTED_EDGE('',*,*,#4692,.T.);
#3070=ORIENTED_EDGE('',*,*,#4726,.T.);
#3071=ORIENTED_EDGE('',*,*,#4690,.T.);
#3072=ORIENTED_EDGE('',*,*,#4654,.T.);
#3073=ORIENTED_EDGE('',*,*,#4618,.T.);
#3074=ORIENTED_EDGE('',*,*,#4573,.T.);
#3075=ORIENTED_EDGE('',*,*,#5083,.T.);
#3076=ORIENTED_EDGE('',*,*,#4988,.F.);
#3077=ORIENTED_EDGE('',*,*,#4725,.T.);
#3078=ORIENTED_EDGE('',*,*,#4990,.T.);
#3079=ORIENTED_EDGE('',*,*,#5082,.T.);
#3080=ORIENTED_EDGE('',*,*,#4571,.T.);
#3081=ORIENTED_EDGE('',*,*,#4617,.T.);
#3082=ORIENTED_EDGE('',*,*,#4653,.T.);
#3083=ORIENTED_EDGE('',*,*,#4689,.T.);
#3084=ORIENTED_EDGE('',*,*,#4723,.T.);
#3085=ORIENTED_EDGE('',*,*,#4687,.T.);
#3086=ORIENTED_EDGE('',*,*,#4651,.T.);
#3087=ORIENTED_EDGE('',*,*,#4615,.T.);
#3088=ORIENTED_EDGE('',*,*,#4569,.T.);
#3089=ORIENTED_EDGE('',*,*,#5081,.T.);
#3090=ORIENTED_EDGE('',*,*,#4991,.F.);
#3091=ORIENTED_EDGE('',*,*,#4722,.T.);
#3092=ORIENTED_EDGE('',*,*,#4993,.T.);
#3093=ORIENTED_EDGE('',*,*,#5080,.T.);
#3094=ORIENTED_EDGE('',*,*,#4567,.T.);
#3095=ORIENTED_EDGE('',*,*,#4614,.T.);
#3096=ORIENTED_EDGE('',*,*,#4650,.T.);
#3097=ORIENTED_EDGE('',*,*,#4686,.T.);
#3098=ORIENTED_EDGE('',*,*,#4720,.T.);
#3099=ORIENTED_EDGE('',*,*,#4684,.T.);
#3100=ORIENTED_EDGE('',*,*,#4648,.T.);
#3101=ORIENTED_EDGE('',*,*,#4612,.T.);
#3102=ORIENTED_EDGE('',*,*,#4565,.T.);
#3103=ORIENTED_EDGE('',*,*,#5079,.T.);
#3104=ORIENTED_EDGE('',*,*,#4994,.F.);
#3105=ORIENTED_EDGE('',*,*,#4717,.T.);
#3106=ORIENTED_EDGE('',*,*,#4996,.T.);
#3107=ORIENTED_EDGE('',*,*,#5078,.T.);
#3108=ORIENTED_EDGE('',*,*,#4561,.T.);
#3109=ORIENTED_EDGE('',*,*,#4609,.T.);
#3110=ORIENTED_EDGE('',*,*,#4645,.T.);
#3111=ORIENTED_EDGE('',*,*,#4681,.T.);
#3112=ORIENTED_EDGE('',*,*,#5036,.T.);
#3113=ORIENTED_EDGE('',*,*,#5033,.F.);
#3114=ORIENTED_EDGE('',*,*,#5055,.T.);
#3115=ORIENTED_EDGE('',*,*,#5048,.T.);
#3116=ORIENTED_EDGE('',*,*,#5045,.T.);
#3117=ORIENTED_EDGE('',*,*,#5042,.T.);
#3118=ORIENTED_EDGE('',*,*,#5039,.T.);
#3119=ORIENTED_EDGE('',*,*,#4799,.T.);
#3120=ORIENTED_EDGE('',*,*,#4836,.T.);
#3121=ORIENTED_EDGE('',*,*,#4872,.T.);
#3122=ORIENTED_EDGE('',*,*,#4908,.T.);
#3123=ORIENTED_EDGE('',*,*,#4944,.T.);
#3124=ORIENTED_EDGE('',*,*,#5056,.T.);
#3125=ORIENTED_EDGE('',*,*,#5031,.T.);
#3126=ORIENTED_EDGE('',*,*,#4797,.T.);
#3127=ORIENTED_EDGE('',*,*,#5030,.F.);
#3128=ORIENTED_EDGE('',*,*,#5057,.T.);
#3129=ORIENTED_EDGE('',*,*,#4942,.T.);
#3130=ORIENTED_EDGE('',*,*,#4906,.T.);
#3131=ORIENTED_EDGE('',*,*,#4870,.T.);
#3132=ORIENTED_EDGE('',*,*,#4834,.T.);
#3133=ORIENTED_EDGE('',*,*,#4795,.T.);
#3134=ORIENTED_EDGE('',*,*,#4833,.T.);
#3135=ORIENTED_EDGE('',*,*,#4869,.T.);
#3136=ORIENTED_EDGE('',*,*,#4905,.T.);
#3137=ORIENTED_EDGE('',*,*,#4941,.T.);
#3138=ORIENTED_EDGE('',*,*,#5058,.T.);
#3139=ORIENTED_EDGE('',*,*,#5028,.T.);
#3140=ORIENTED_EDGE('',*,*,#4793,.T.);
#3141=ORIENTED_EDGE('',*,*,#5027,.F.);
#3142=ORIENTED_EDGE('',*,*,#5059,.T.);
#3143=ORIENTED_EDGE('',*,*,#4939,.T.);
#3144=ORIENTED_EDGE('',*,*,#4903,.T.);
#3145=ORIENTED_EDGE('',*,*,#4867,.T.);
#3146=ORIENTED_EDGE('',*,*,#4831,.T.);
#3147=ORIENTED_EDGE('',*,*,#4791,.T.);
#3148=ORIENTED_EDGE('',*,*,#4830,.T.);
#3149=ORIENTED_EDGE('',*,*,#4866,.T.);
#3150=ORIENTED_EDGE('',*,*,#4902,.T.);
#3151=ORIENTED_EDGE('',*,*,#4938,.T.);
#3152=ORIENTED_EDGE('',*,*,#5060,.T.);
#3153=ORIENTED_EDGE('',*,*,#5025,.T.);
#3154=ORIENTED_EDGE('',*,*,#4789,.T.);
#3155=ORIENTED_EDGE('',*,*,#5024,.F.);
#3156=ORIENTED_EDGE('',*,*,#5061,.T.);
#3157=ORIENTED_EDGE('',*,*,#4936,.T.);
#3158=ORIENTED_EDGE('',*,*,#4900,.T.);
#3159=ORIENTED_EDGE('',*,*,#4864,.T.);
#3160=ORIENTED_EDGE('',*,*,#4828,.T.);
#3161=ORIENTED_EDGE('',*,*,#4787,.T.);
#3162=ORIENTED_EDGE('',*,*,#4827,.T.);
#3163=ORIENTED_EDGE('',*,*,#4863,.T.);
#3164=ORIENTED_EDGE('',*,*,#4899,.T.);
#3165=ORIENTED_EDGE('',*,*,#4935,.T.);
#3166=ORIENTED_EDGE('',*,*,#5062,.T.);
#3167=ORIENTED_EDGE('',*,*,#5022,.T.);
#3168=ORIENTED_EDGE('',*,*,#4785,.T.);
#3169=ORIENTED_EDGE('',*,*,#5021,.F.);
#3170=ORIENTED_EDGE('',*,*,#5063,.T.);
#3171=ORIENTED_EDGE('',*,*,#4933,.T.);
#3172=ORIENTED_EDGE('',*,*,#4897,.T.);
#3173=ORIENTED_EDGE('',*,*,#4861,.T.);
#3174=ORIENTED_EDGE('',*,*,#4825,.T.);
#3175=ORIENTED_EDGE('',*,*,#4783,.T.);
#3176=ORIENTED_EDGE('',*,*,#4824,.T.);
#3177=ORIENTED_EDGE('',*,*,#4860,.T.);
#3178=ORIENTED_EDGE('',*,*,#4896,.T.);
#3179=ORIENTED_EDGE('',*,*,#4932,.T.);
#3180=ORIENTED_EDGE('',*,*,#5064,.T.);
#3181=ORIENTED_EDGE('',*,*,#5019,.T.);
#3182=ORIENTED_EDGE('',*,*,#4781,.T.);
#3183=ORIENTED_EDGE('',*,*,#5018,.F.);
#3184=ORIENTED_EDGE('',*,*,#5065,.T.);
#3185=ORIENTED_EDGE('',*,*,#4930,.T.);
#3186=ORIENTED_EDGE('',*,*,#4894,.T.);
#3187=ORIENTED_EDGE('',*,*,#4858,.T.);
#3188=ORIENTED_EDGE('',*,*,#4822,.T.);
#3189=ORIENTED_EDGE('',*,*,#4779,.T.);
#3190=ORIENTED_EDGE('',*,*,#4821,.T.);
#3191=ORIENTED_EDGE('',*,*,#4857,.T.);
#3192=ORIENTED_EDGE('',*,*,#4893,.T.);
#3193=ORIENTED_EDGE('',*,*,#4929,.T.);
#3194=ORIENTED_EDGE('',*,*,#5066,.T.);
#3195=ORIENTED_EDGE('',*,*,#5016,.T.);
#3196=ORIENTED_EDGE('',*,*,#4777,.T.);
#3197=ORIENTED_EDGE('',*,*,#5015,.F.);
#3198=ORIENTED_EDGE('',*,*,#5067,.T.);
#3199=ORIENTED_EDGE('',*,*,#4927,.T.);
#3200=ORIENTED_EDGE('',*,*,#4891,.T.);
#3201=ORIENTED_EDGE('',*,*,#4855,.T.);
#3202=ORIENTED_EDGE('',*,*,#4819,.T.);
#3203=ORIENTED_EDGE('',*,*,#4775,.T.);
#3204=ORIENTED_EDGE('',*,*,#4818,.T.);
#3205=ORIENTED_EDGE('',*,*,#4854,.T.);
#3206=ORIENTED_EDGE('',*,*,#4890,.T.);
#3207=ORIENTED_EDGE('',*,*,#4926,.T.);
#3208=ORIENTED_EDGE('',*,*,#5068,.T.);
#3209=ORIENTED_EDGE('',*,*,#5013,.T.);
#3210=ORIENTED_EDGE('',*,*,#4773,.T.);
#3211=ORIENTED_EDGE('',*,*,#5012,.F.);
#3212=ORIENTED_EDGE('',*,*,#5069,.T.);
#3213=ORIENTED_EDGE('',*,*,#4924,.T.);
#3214=ORIENTED_EDGE('',*,*,#4888,.T.);
#3215=ORIENTED_EDGE('',*,*,#4852,.T.);
#3216=ORIENTED_EDGE('',*,*,#4816,.T.);
#3217=ORIENTED_EDGE('',*,*,#4771,.T.);
#3218=ORIENTED_EDGE('',*,*,#4815,.T.);
#3219=ORIENTED_EDGE('',*,*,#4851,.T.);
#3220=ORIENTED_EDGE('',*,*,#4887,.T.);
#3221=ORIENTED_EDGE('',*,*,#4923,.T.);
#3222=ORIENTED_EDGE('',*,*,#5070,.T.);
#3223=ORIENTED_EDGE('',*,*,#5010,.T.);
#3224=ORIENTED_EDGE('',*,*,#4769,.T.);
#3225=ORIENTED_EDGE('',*,*,#5009,.F.);
#3226=ORIENTED_EDGE('',*,*,#5071,.T.);
#3227=ORIENTED_EDGE('',*,*,#4921,.T.);
#3228=ORIENTED_EDGE('',*,*,#4885,.T.);
#3229=ORIENTED_EDGE('',*,*,#4849,.T.);
#3230=ORIENTED_EDGE('',*,*,#4813,.T.);
#3231=ORIENTED_EDGE('',*,*,#4767,.T.);
#3232=ORIENTED_EDGE('',*,*,#4812,.T.);
#3233=ORIENTED_EDGE('',*,*,#4848,.T.);
#3234=ORIENTED_EDGE('',*,*,#4884,.T.);
#3235=ORIENTED_EDGE('',*,*,#4920,.T.);
#3236=ORIENTED_EDGE('',*,*,#5072,.T.);
#3237=ORIENTED_EDGE('',*,*,#5007,.T.);
#3238=ORIENTED_EDGE('',*,*,#4765,.T.);
#3239=ORIENTED_EDGE('',*,*,#5006,.F.);
#3240=ORIENTED_EDGE('',*,*,#5073,.T.);
#3241=ORIENTED_EDGE('',*,*,#4918,.T.);
#3242=ORIENTED_EDGE('',*,*,#4882,.T.);
#3243=ORIENTED_EDGE('',*,*,#4846,.T.);
#3244=ORIENTED_EDGE('',*,*,#4810,.T.);
#3245=ORIENTED_EDGE('',*,*,#4763,.T.);
#3246=ORIENTED_EDGE('',*,*,#4809,.T.);
#3247=ORIENTED_EDGE('',*,*,#4845,.T.);
#3248=ORIENTED_EDGE('',*,*,#4881,.T.);
#3249=ORIENTED_EDGE('',*,*,#4917,.T.);
#3250=ORIENTED_EDGE('',*,*,#5074,.T.);
#3251=ORIENTED_EDGE('',*,*,#5004,.T.);
#3252=ORIENTED_EDGE('',*,*,#4761,.T.);
#3253=ORIENTED_EDGE('',*,*,#5003,.F.);
#3254=ORIENTED_EDGE('',*,*,#5075,.T.);
#3255=ORIENTED_EDGE('',*,*,#4915,.T.);
#3256=ORIENTED_EDGE('',*,*,#4879,.T.);
#3257=ORIENTED_EDGE('',*,*,#4843,.T.);
#3258=ORIENTED_EDGE('',*,*,#4807,.T.);
#3259=ORIENTED_EDGE('',*,*,#4759,.T.);
#3260=ORIENTED_EDGE('',*,*,#4806,.T.);
#3261=ORIENTED_EDGE('',*,*,#4842,.T.);
#3262=ORIENTED_EDGE('',*,*,#4878,.T.);
#3263=ORIENTED_EDGE('',*,*,#4914,.T.);
#3264=ORIENTED_EDGE('',*,*,#5076,.T.);
#3265=ORIENTED_EDGE('',*,*,#5001,.T.);
#3266=ORIENTED_EDGE('',*,*,#4753,.T.);
#3267=ORIENTED_EDGE('',*,*,#4801,.T.);
#3268=ORIENTED_EDGE('',*,*,#4837,.T.);
#3269=ORIENTED_EDGE('',*,*,#4873,.T.);
#3270=ORIENTED_EDGE('',*,*,#4909,.T.);
#3271=ORIENTED_EDGE('',*,*,#5051,.T.);
#3272=ORIENTED_EDGE('',*,*,#4998,.T.);
#3273=ORIENTED_EDGE('',*,*,#4757,.T.);
#3274=ORIENTED_EDGE('',*,*,#5000,.F.);
#3275=ORIENTED_EDGE('',*,*,#5077,.T.);
#3276=ORIENTED_EDGE('',*,*,#4912,.T.);
#3277=ORIENTED_EDGE('',*,*,#4876,.T.);
#3278=ORIENTED_EDGE('',*,*,#4840,.T.);
#3279=ORIENTED_EDGE('',*,*,#4804,.T.);
#3280=ORIENTED_EDGE('',*,*,#5104,.T.);
#3281=ORIENTED_EDGE('',*,*,#5105,.T.);
#3282=ORIENTED_EDGE('',*,*,#5106,.F.);
#3283=ORIENTED_EDGE('',*,*,#5107,.F.);
#3284=ORIENTED_EDGE('',*,*,#5108,.T.);
#3285=ORIENTED_EDGE('',*,*,#5109,.F.);
#3286=ORIENTED_EDGE('',*,*,#5110,.T.);
#3287=ORIENTED_EDGE('',*,*,#5111,.F.);
#3288=ORIENTED_EDGE('',*,*,#5112,.F.);
#3289=ORIENTED_EDGE('',*,*,#5113,.T.);
#3290=ORIENTED_EDGE('',*,*,#5114,.T.);
#3291=ORIENTED_EDGE('',*,*,#5115,.F.);
#3292=ORIENTED_EDGE('',*,*,#5110,.F.);
#3293=ORIENTED_EDGE('',*,*,#5116,.T.);
#3294=ORIENTED_EDGE('',*,*,#5117,.T.);
#3295=ORIENTED_EDGE('',*,*,#5118,.F.);
#3296=ORIENTED_EDGE('',*,*,#5114,.F.);
#3297=ORIENTED_EDGE('',*,*,#5119,.T.);
#3298=ORIENTED_EDGE('',*,*,#5120,.T.);
#3299=ORIENTED_EDGE('',*,*,#5121,.F.);
#3300=ORIENTED_EDGE('',*,*,#5117,.F.);
#3301=ORIENTED_EDGE('',*,*,#5122,.T.);
#3302=ORIENTED_EDGE('',*,*,#5123,.T.);
#3303=ORIENTED_EDGE('',*,*,#5124,.F.);
#3304=ORIENTED_EDGE('',*,*,#5120,.F.);
#3305=ORIENTED_EDGE('',*,*,#5125,.T.);
#3306=ORIENTED_EDGE('',*,*,#5126,.F.);
#3307=ORIENTED_EDGE('',*,*,#5127,.F.);
#3308=ORIENTED_EDGE('',*,*,#5123,.F.);
#3309=ORIENTED_EDGE('',*,*,#5128,.T.);
#3310=ORIENTED_EDGE('',*,*,#5129,.T.);
#3311=ORIENTED_EDGE('',*,*,#5130,.F.);
#3312=ORIENTED_EDGE('',*,*,#5131,.F.);
#3313=ORIENTED_EDGE('',*,*,#5132,.T.);
#3314=ORIENTED_EDGE('',*,*,#5133,.T.);
#3315=ORIENTED_EDGE('',*,*,#5134,.F.);
#3316=ORIENTED_EDGE('',*,*,#5135,.F.);
#3317=ORIENTED_EDGE('',*,*,#5136,.T.);
#3318=ORIENTED_EDGE('',*,*,#5137,.T.);
#3319=ORIENTED_EDGE('',*,*,#5138,.F.);
#3320=ORIENTED_EDGE('',*,*,#5133,.F.);
#3321=ORIENTED_EDGE('',*,*,#5139,.T.);
#3322=ORIENTED_EDGE('',*,*,#5140,.T.);
#3323=ORIENTED_EDGE('',*,*,#5141,.F.);
#3324=ORIENTED_EDGE('',*,*,#5137,.F.);
#3325=ORIENTED_EDGE('',*,*,#5142,.T.);
#3326=ORIENTED_EDGE('',*,*,#5112,.T.);
#3327=ORIENTED_EDGE('',*,*,#5143,.F.);
#3328=ORIENTED_EDGE('',*,*,#5140,.F.);
#3329=ORIENTED_EDGE('',*,*,#5144,.T.);
#3330=ORIENTED_EDGE('',*,*,#5145,.T.);
#3331=ORIENTED_EDGE('',*,*,#5146,.T.);
#3332=ORIENTED_EDGE('',*,*,#5147,.F.);
#3333=ORIENTED_EDGE('',*,*,#5148,.F.);
#3334=ORIENTED_EDGE('',*,*,#5149,.T.);
#3335=ORIENTED_EDGE('',*,*,#5150,.T.);
#3336=ORIENTED_EDGE('',*,*,#5151,.F.);
#3337=ORIENTED_EDGE('',*,*,#5146,.F.);
#3338=ORIENTED_EDGE('',*,*,#5152,.T.);
#3339=ORIENTED_EDGE('',*,*,#5153,.T.);
#3340=ORIENTED_EDGE('',*,*,#5154,.F.);
#3341=ORIENTED_EDGE('',*,*,#5150,.F.);
#3342=ORIENTED_EDGE('',*,*,#5155,.T.);
#3343=ORIENTED_EDGE('',*,*,#5156,.T.);
#3344=ORIENTED_EDGE('',*,*,#5157,.F.);
#3345=ORIENTED_EDGE('',*,*,#5153,.F.);
#3346=ORIENTED_EDGE('',*,*,#5158,.T.);
#3347=ORIENTED_EDGE('',*,*,#5131,.T.);
#3348=ORIENTED_EDGE('',*,*,#5159,.F.);
#3349=ORIENTED_EDGE('',*,*,#5156,.F.);
#3350=ORIENTED_EDGE('',*,*,#5160,.F.);
#3351=ORIENTED_EDGE('',*,*,#5129,.F.);
#3352=ORIENTED_EDGE('',*,*,#5161,.T.);
#3353=ORIENTED_EDGE('',*,*,#5162,.T.);
#3354=ORIENTED_EDGE('',*,*,#5163,.F.);
#3355=ORIENTED_EDGE('',*,*,#5162,.F.);
#3356=ORIENTED_EDGE('',*,*,#5164,.T.);
#3357=ORIENTED_EDGE('',*,*,#5135,.T.);
#3358=ORIENTED_EDGE('',*,*,#5165,.F.);
#3359=ORIENTED_EDGE('',*,*,#5166,.T.);
#3360=ORIENTED_EDGE('',*,*,#5167,.T.);
#3361=ORIENTED_EDGE('',*,*,#5168,.T.);
#3362=ORIENTED_EDGE('',*,*,#5169,.T.);
#3363=ORIENTED_EDGE('',*,*,#5170,.T.);
#3364=ORIENTED_EDGE('',*,*,#5171,.F.);
#3365=ORIENTED_EDGE('',*,*,#5168,.F.);
#3366=ORIENTED_EDGE('',*,*,#5172,.T.);
#3367=ORIENTED_EDGE('',*,*,#5173,.T.);
#3368=ORIENTED_EDGE('',*,*,#5174,.F.);
#3369=ORIENTED_EDGE('',*,*,#5170,.F.);
#3370=ORIENTED_EDGE('',*,*,#5175,.T.);
#3371=ORIENTED_EDGE('',*,*,#5176,.T.);
#3372=ORIENTED_EDGE('',*,*,#5177,.F.);
#3373=ORIENTED_EDGE('',*,*,#5173,.F.);
#3374=ORIENTED_EDGE('',*,*,#5178,.T.);
#3375=ORIENTED_EDGE('',*,*,#5148,.T.);
#3376=ORIENTED_EDGE('',*,*,#5179,.F.);
#3377=ORIENTED_EDGE('',*,*,#5176,.F.);
#3378=ORIENTED_EDGE('',*,*,#5113,.F.);
#3379=ORIENTED_EDGE('',*,*,#5144,.F.);
#3380=ORIENTED_EDGE('',*,*,#5142,.F.);
#3381=ORIENTED_EDGE('',*,*,#5139,.F.);
#3382=ORIENTED_EDGE('',*,*,#5136,.F.);
#3383=ORIENTED_EDGE('',*,*,#5164,.F.);
#3384=ORIENTED_EDGE('',*,*,#5161,.F.);
#3385=ORIENTED_EDGE('',*,*,#5128,.F.);
#3386=ORIENTED_EDGE('',*,*,#5125,.F.);
#3387=ORIENTED_EDGE('',*,*,#5122,.F.);
#3388=ORIENTED_EDGE('',*,*,#5119,.F.);
#3389=ORIENTED_EDGE('',*,*,#5116,.F.);
#3390=ORIENTED_EDGE('',*,*,#5147,.T.);
#3391=ORIENTED_EDGE('',*,*,#5151,.T.);
#3392=ORIENTED_EDGE('',*,*,#5154,.T.);
#3393=ORIENTED_EDGE('',*,*,#5157,.T.);
#3394=ORIENTED_EDGE('',*,*,#5159,.T.);
#3395=ORIENTED_EDGE('',*,*,#5130,.T.);
#3396=ORIENTED_EDGE('',*,*,#5160,.T.);
#3397=ORIENTED_EDGE('',*,*,#5163,.T.);
#3398=ORIENTED_EDGE('',*,*,#5171,.T.);
#3399=ORIENTED_EDGE('',*,*,#5174,.T.);
#3400=ORIENTED_EDGE('',*,*,#5177,.T.);
#3401=ORIENTED_EDGE('',*,*,#5179,.T.);
#3402=ORIENTED_EDGE('',*,*,#5180,.T.);
#3403=ORIENTED_EDGE('',*,*,#5166,.F.);
#3404=ORIENTED_EDGE('',*,*,#5181,.F.);
#3405=ORIENTED_EDGE('',*,*,#5126,.T.);
#3406=ORIENTED_EDGE('',*,*,#5182,.T.);
#3407=ORIENTED_EDGE('',*,*,#5111,.T.);
#3408=ORIENTED_EDGE('',*,*,#5115,.T.);
#3409=ORIENTED_EDGE('',*,*,#5118,.T.);
#3410=ORIENTED_EDGE('',*,*,#5121,.T.);
#3411=ORIENTED_EDGE('',*,*,#5124,.T.);
#3412=ORIENTED_EDGE('',*,*,#5127,.T.);
#3413=ORIENTED_EDGE('',*,*,#5181,.T.);
#3414=ORIENTED_EDGE('',*,*,#5165,.T.);
#3415=ORIENTED_EDGE('',*,*,#5134,.T.);
#3416=ORIENTED_EDGE('',*,*,#5138,.T.);
#3417=ORIENTED_EDGE('',*,*,#5141,.T.);
#3418=ORIENTED_EDGE('',*,*,#5143,.T.);
#3419=ORIENTED_EDGE('',*,*,#5108,.F.);
#3420=ORIENTED_EDGE('',*,*,#5145,.F.);
#3421=ORIENTED_EDGE('',*,*,#5178,.F.);
#3422=ORIENTED_EDGE('',*,*,#5175,.F.);
#3423=ORIENTED_EDGE('',*,*,#5172,.F.);
#3424=ORIENTED_EDGE('',*,*,#5169,.F.);
#3425=ORIENTED_EDGE('',*,*,#5167,.F.);
#3426=ORIENTED_EDGE('',*,*,#5180,.F.);
#3427=ORIENTED_EDGE('',*,*,#5132,.F.);
#3428=ORIENTED_EDGE('',*,*,#5158,.F.);
#3429=ORIENTED_EDGE('',*,*,#5155,.F.);
#3430=ORIENTED_EDGE('',*,*,#5152,.F.);
#3431=ORIENTED_EDGE('',*,*,#5149,.F.);
#3432=ORIENTED_EDGE('',*,*,#5183,.T.);
#3433=ORIENTED_EDGE('',*,*,#5182,.F.);
#3434=ORIENTED_EDGE('',*,*,#5184,.F.);
#3435=ORIENTED_EDGE('',*,*,#5185,.F.);
#3436=ORIENTED_EDGE('',*,*,#5186,.T.);
#3437=ORIENTED_EDGE('',*,*,#5187,.T.);
#3438=ORIENTED_EDGE('',*,*,#5188,.F.);
#3439=ORIENTED_EDGE('',*,*,#5189,.F.);
#3440=ORIENTED_EDGE('',*,*,#5190,.T.);
#3441=ORIENTED_EDGE('',*,*,#5191,.F.);
#3442=ORIENTED_EDGE('',*,*,#5192,.T.);
#3443=ORIENTED_EDGE('',*,*,#5193,.F.);
#3444=ORIENTED_EDGE('',*,*,#5194,.F.);
#3445=ORIENTED_EDGE('',*,*,#5191,.T.);
#3446=ORIENTED_EDGE('',*,*,#5195,.T.);
#3447=ORIENTED_EDGE('',*,*,#5196,.F.);
#3448=ORIENTED_EDGE('',*,*,#5197,.F.);
#3449=ORIENTED_EDGE('',*,*,#5193,.T.);
#3450=ORIENTED_EDGE('',*,*,#5198,.T.);
#3451=ORIENTED_EDGE('',*,*,#5199,.F.);
#3452=ORIENTED_EDGE('',*,*,#5200,.F.);
#3453=ORIENTED_EDGE('',*,*,#5196,.T.);
#3454=ORIENTED_EDGE('',*,*,#5201,.T.);
#3455=ORIENTED_EDGE('',*,*,#5202,.F.);
#3456=ORIENTED_EDGE('',*,*,#5203,.F.);
#3457=ORIENTED_EDGE('',*,*,#5199,.T.);
#3458=ORIENTED_EDGE('',*,*,#5204,.T.);
#3459=ORIENTED_EDGE('',*,*,#5205,.F.);
#3460=ORIENTED_EDGE('',*,*,#5206,.F.);
#3461=ORIENTED_EDGE('',*,*,#5202,.T.);
#3462=ORIENTED_EDGE('',*,*,#5207,.F.);
#3463=ORIENTED_EDGE('',*,*,#5208,.F.);
#3464=ORIENTED_EDGE('',*,*,#5209,.T.);
#3465=ORIENTED_EDGE('',*,*,#5185,.T.);
#3466=ORIENTED_EDGE('',*,*,#5210,.T.);
#3467=ORIENTED_EDGE('',*,*,#5205,.T.);
#3468=ORIENTED_EDGE('',*,*,#5211,.F.);
#3469=ORIENTED_EDGE('',*,*,#5189,.T.);
#3470=ORIENTED_EDGE('',*,*,#5212,.F.);
#3471=ORIENTED_EDGE('',*,*,#5105,.F.);
#3472=ORIENTED_EDGE('',*,*,#5213,.T.);
#3473=ORIENTED_EDGE('',*,*,#5214,.F.);
#3474=ORIENTED_EDGE('',*,*,#5208,.T.);
#3475=ORIENTED_EDGE('',*,*,#5215,.F.);
#3476=ORIENTED_EDGE('',*,*,#5216,.F.);
#3477=ORIENTED_EDGE('',*,*,#5217,.T.);
#3478=ORIENTED_EDGE('',*,*,#5218,.T.);
#3479=ORIENTED_EDGE('',*,*,#5107,.T.);
#3480=ORIENTED_EDGE('',*,*,#5219,.F.);
#3481=ORIENTED_EDGE('',*,*,#5220,.F.);
#3482=ORIENTED_EDGE('',*,*,#5221,.T.);
#3483=ORIENTED_EDGE('',*,*,#5216,.T.);
#3484=ORIENTED_EDGE('',*,*,#5222,.F.);
#3485=ORIENTED_EDGE('',*,*,#5223,.T.);
#3486=ORIENTED_EDGE('',*,*,#5220,.T.);
#3487=ORIENTED_EDGE('',*,*,#5224,.F.);
#3488=ORIENTED_EDGE('',*,*,#5187,.F.);
#3489=ORIENTED_EDGE('',*,*,#5225,.T.);
#3490=ORIENTED_EDGE('',*,*,#5210,.F.);
#3491=ORIENTED_EDGE('',*,*,#5184,.T.);
#3492=ORIENTED_EDGE('',*,*,#5194,.T.);
#3493=ORIENTED_EDGE('',*,*,#5197,.T.);
#3494=ORIENTED_EDGE('',*,*,#5200,.T.);
#3495=ORIENTED_EDGE('',*,*,#5203,.T.);
#3496=ORIENTED_EDGE('',*,*,#5206,.T.);
#3497=ORIENTED_EDGE('',*,*,#5183,.F.);
#3498=ORIENTED_EDGE('',*,*,#5109,.T.);
#3499=ORIENTED_EDGE('',*,*,#5190,.F.);
#3500=ORIENTED_EDGE('',*,*,#5211,.T.);
#3501=ORIENTED_EDGE('',*,*,#5204,.F.);
#3502=ORIENTED_EDGE('',*,*,#5201,.F.);
#3503=ORIENTED_EDGE('',*,*,#5198,.F.);
#3504=ORIENTED_EDGE('',*,*,#5195,.F.);
#3505=ORIENTED_EDGE('',*,*,#5192,.F.);
#3506=ORIENTED_EDGE('',*,*,#5226,.T.);
#3507=ORIENTED_EDGE('',*,*,#5223,.F.);
#3508=ORIENTED_EDGE('',*,*,#5227,.F.);
#3509=ORIENTED_EDGE('',*,*,#5214,.T.);
#3510=ORIENTED_EDGE('',*,*,#5215,.T.);
#3511=ORIENTED_EDGE('',*,*,#5207,.T.);
#3512=ORIENTED_EDGE('',*,*,#5227,.T.);
#3513=ORIENTED_EDGE('',*,*,#5222,.T.);
#3514=ORIENTED_EDGE('',*,*,#5104,.F.);
#3515=ORIENTED_EDGE('',*,*,#5218,.F.);
#3516=ORIENTED_EDGE('',*,*,#5226,.F.);
#3517=ORIENTED_EDGE('',*,*,#5213,.F.);
#3518=ORIENTED_EDGE('',*,*,#5219,.T.);
#3519=ORIENTED_EDGE('',*,*,#5106,.T.);
#3520=ORIENTED_EDGE('',*,*,#5212,.T.);
#3521=ORIENTED_EDGE('',*,*,#5188,.T.);
#3522=ORIENTED_EDGE('',*,*,#5224,.T.);
#3523=ORIENTED_EDGE('',*,*,#5221,.F.);
#3524=ORIENTED_EDGE('',*,*,#5225,.F.);
#3525=ORIENTED_EDGE('',*,*,#5186,.F.);
#3526=ORIENTED_EDGE('',*,*,#5209,.F.);
#3527=ORIENTED_EDGE('',*,*,#5217,.F.);
#3528=EDGE_CURVE('',#5228,#5229,#6324,.T.);
#3529=EDGE_CURVE('',#5229,#5230,#6325,.T.);
#3530=EDGE_CURVE('',#5230,#5231,#6326,.T.);
#3531=EDGE_CURVE('',#5231,#5232,#6327,.T.);
#3532=EDGE_CURVE('',#5233,#5232,#6328,.T.);
#3533=EDGE_CURVE('',#5234,#5233,#6329,.T.);
#3534=EDGE_CURVE('',#5234,#5235,#6330,.T.);
#3535=EDGE_CURVE('',#5235,#5236,#6331,.T.);
#3536=EDGE_CURVE('',#5236,#5237,#6332,.T.);
#3537=EDGE_CURVE('',#5237,#5228,#6333,.T.);
#3538=EDGE_CURVE('',#5238,#5239,#6334,.T.);
#3539=EDGE_CURVE('',#5239,#5240,#6335,.T.);
#3540=EDGE_CURVE('',#5240,#5241,#6336,.T.);
#3541=EDGE_CURVE('',#5241,#5242,#6337,.T.);
#3542=EDGE_CURVE('',#5238,#5242,#6338,.T.);
#3543=EDGE_CURVE('',#5243,#5244,#6339,.T.);
#3544=EDGE_CURVE('',#5244,#5245,#6340,.T.);
#3545=EDGE_CURVE('',#5245,#5246,#6341,.T.);
#3546=EDGE_CURVE('',#5246,#5247,#6342,.T.);
#3547=EDGE_CURVE('',#5247,#5243,#6343,.T.);
#3548=EDGE_CURVE('',#5239,#5230,#6344,.T.);
#3549=EDGE_CURVE('',#5231,#5238,#6345,.T.);
#3550=EDGE_CURVE('',#5235,#5246,#6346,.T.);
#3551=EDGE_CURVE('',#5247,#5234,#6347,.T.);
#3552=EDGE_CURVE('',#5248,#5249,#6348,.T.);
#3553=EDGE_CURVE('',#5249,#5250,#6349,.T.);
#3554=EDGE_CURVE('',#5250,#5251,#6350,.T.);
#3555=EDGE_CURVE('',#5251,#5248,#6351,.T.);
#3556=EDGE_CURVE('',#5252,#5253,#6352,.T.);
#3557=EDGE_CURVE('',#5242,#5252,#6353,.T.);
#3558=EDGE_CURVE('',#5254,#5242,#6354,.T.);
#3559=EDGE_CURVE('',#5254,#5253,#6355,.T.);
#3560=EDGE_CURVE('',#5255,#5256,#6356,.T.);
#3561=EDGE_CURVE('',#5255,#5257,#6357,.T.);
#3562=EDGE_CURVE('',#5257,#5258,#6358,.T.);
#3563=EDGE_CURVE('',#5256,#5258,#6359,.T.);
#3564=EDGE_CURVE('',#5259,#5260,#6360,.T.);
#3565=EDGE_CURVE('',#5259,#5261,#6361,.T.);
#3566=EDGE_CURVE('',#5261,#5262,#6362,.T.);
#3567=EDGE_CURVE('',#5260,#5262,#6363,.T.);
#3568=EDGE_CURVE('',#5263,#5264,#6364,.T.);
#3569=EDGE_CURVE('',#5264,#5265,#6365,.T.);
#3570=EDGE_CURVE('',#5266,#5265,#6366,.T.);
#3571=EDGE_CURVE('',#5266,#5263,#6367,.T.);
#3572=EDGE_CURVE('',#5267,#5268,#6368,.T.);
#3573=EDGE_CURVE('',#5268,#5269,#6369,.T.);
#3574=EDGE_CURVE('',#5270,#5269,#6370,.T.);
#3575=EDGE_CURVE('',#5270,#5267,#6371,.T.);
#3576=EDGE_CURVE('',#5271,#5272,#6372,.T.);
#3577=EDGE_CURVE('',#5272,#5273,#6373,.T.);
#3578=EDGE_CURVE('',#5274,#5273,#6374,.T.);
#3579=EDGE_CURVE('',#5274,#5271,#6375,.T.);
#3580=EDGE_CURVE('',#5273,#5275,#6376,.T.);
#3581=EDGE_CURVE('',#5276,#5275,#6377,.T.);
#3582=EDGE_CURVE('',#5276,#5274,#6378,.T.);
#3583=EDGE_CURVE('',#5275,#5277,#6379,.T.);
#3584=EDGE_CURVE('',#5278,#5277,#6380,.T.);
#3585=EDGE_CURVE('',#5278,#5276,#6381,.T.);
#3586=EDGE_CURVE('',#5279,#5280,#6382,.T.);
#3587=EDGE_CURVE('',#5280,#5281,#6383,.T.);
#3588=EDGE_CURVE('',#5282,#5281,#6384,.T.);
#3589=EDGE_CURVE('',#5282,#5279,#6385,.T.);
#3590=EDGE_CURVE('',#5281,#5283,#6386,.T.);
#3591=EDGE_CURVE('',#5284,#5283,#6387,.T.);
#3592=EDGE_CURVE('',#5284,#5282,#6388,.T.);
#3593=EDGE_CURVE('',#5283,#5285,#6389,.T.);
#3594=EDGE_CURVE('',#5286,#5285,#6390,.T.);
#3595=EDGE_CURVE('',#5286,#5284,#6391,.T.);
#3596=EDGE_CURVE('',#5287,#5288,#6392,.T.);
#3597=EDGE_CURVE('',#5288,#5289,#6393,.T.);
#3598=EDGE_CURVE('',#5290,#5289,#6394,.T.);
#3599=EDGE_CURVE('',#5290,#5287,#6395,.T.);
#3600=EDGE_CURVE('',#5289,#5291,#6396,.T.);
#3601=EDGE_CURVE('',#5292,#5291,#6397,.T.);
#3602=EDGE_CURVE('',#5292,#5290,#6398,.T.);
#3603=EDGE_CURVE('',#5291,#5293,#6399,.T.);
#3604=EDGE_CURVE('',#5294,#5293,#6400,.T.);
#3605=EDGE_CURVE('',#5294,#5292,#6401,.T.);
#3606=EDGE_CURVE('',#5295,#5296,#6402,.T.);
#3607=EDGE_CURVE('',#5296,#5297,#6403,.T.);
#3608=EDGE_CURVE('',#5298,#5297,#6404,.T.);
#3609=EDGE_CURVE('',#5298,#5295,#6405,.T.);
#3610=EDGE_CURVE('',#5297,#5299,#6406,.T.);
#3611=EDGE_CURVE('',#5300,#5299,#6407,.T.);
#3612=EDGE_CURVE('',#5300,#5298,#6408,.T.);
#3613=EDGE_CURVE('',#5299,#5301,#6409,.T.);
#3614=EDGE_CURVE('',#5302,#5301,#6410,.T.);
#3615=EDGE_CURVE('',#5302,#5300,#6411,.T.);
#3616=EDGE_CURVE('',#5303,#5304,#6412,.T.);
#3617=EDGE_CURVE('',#5304,#5305,#6413,.T.);
#3618=EDGE_CURVE('',#5306,#5305,#6414,.T.);
#3619=EDGE_CURVE('',#5306,#5303,#6415,.T.);
#3620=EDGE_CURVE('',#5305,#5307,#6416,.T.);
#3621=EDGE_CURVE('',#5308,#5307,#6417,.T.);
#3622=EDGE_CURVE('',#5308,#5306,#6418,.T.);
#3623=EDGE_CURVE('',#5307,#5309,#6419,.T.);
#3624=EDGE_CURVE('',#5310,#5309,#6420,.T.);
#3625=EDGE_CURVE('',#5310,#5308,#6421,.T.);
#3626=EDGE_CURVE('',#5311,#5312,#6422,.T.);
#3627=EDGE_CURVE('',#5312,#5313,#6423,.T.);
#3628=EDGE_CURVE('',#5314,#5313,#6424,.T.);
#3629=EDGE_CURVE('',#5314,#5311,#6425,.T.);
#3630=EDGE_CURVE('',#5313,#5315,#6426,.T.);
#3631=EDGE_CURVE('',#5316,#5315,#6427,.T.);
#3632=EDGE_CURVE('',#5316,#5314,#6428,.T.);
#3633=EDGE_CURVE('',#5315,#5317,#6429,.T.);
#3634=EDGE_CURVE('',#5318,#5317,#6430,.T.);
#3635=EDGE_CURVE('',#5318,#5316,#6431,.T.);
#3636=EDGE_CURVE('',#5319,#5320,#6432,.T.);
#3637=EDGE_CURVE('',#5320,#5321,#6433,.T.);
#3638=EDGE_CURVE('',#5322,#5321,#6434,.T.);
#3639=EDGE_CURVE('',#5322,#5319,#6435,.T.);
#3640=EDGE_CURVE('',#5323,#5324,#6436,.T.);
#3641=EDGE_CURVE('',#5324,#5325,#6437,.T.);
#3642=EDGE_CURVE('',#5326,#5325,#6438,.T.);
#3643=EDGE_CURVE('',#5326,#5323,#6439,.T.);
#3644=EDGE_CURVE('',#5277,#5272,#6440,.T.);
#3645=EDGE_CURVE('',#5271,#5278,#6441,.T.);
#3646=EDGE_CURVE('',#5285,#5280,#6442,.T.);
#3647=EDGE_CURVE('',#5279,#5286,#6443,.T.);
#3648=EDGE_CURVE('',#5293,#5288,#6444,.T.);
#3649=EDGE_CURVE('',#5287,#5294,#6445,.T.);
#3650=EDGE_CURVE('',#5301,#5296,#6446,.T.);
#3651=EDGE_CURVE('',#5295,#5302,#6447,.T.);
#3652=EDGE_CURVE('',#5309,#5304,#6448,.T.);
#3653=EDGE_CURVE('',#5303,#5310,#6449,.T.);
#3654=EDGE_CURVE('',#5317,#5312,#6450,.T.);
#3655=EDGE_CURVE('',#5311,#5318,#6451,.T.);
#3656=EDGE_CURVE('',#5327,#5328,#6452,.T.);
#3657=EDGE_CURVE('',#5329,#5328,#6453,.T.);
#3658=EDGE_CURVE('',#5329,#5330,#6454,.T.);
#3659=EDGE_CURVE('',#5330,#5327,#6455,.T.);
#3660=EDGE_CURVE('',#5331,#5332,#6456,.T.);
#3661=EDGE_CURVE('',#5332,#5333,#6457,.T.);
#3662=EDGE_CURVE('',#5333,#5334,#6458,.T.);
#3663=EDGE_CURVE('',#5331,#5334,#6459,.T.);
#3664=EDGE_CURVE('',#5335,#5336,#6460,.T.);
#3665=EDGE_CURVE('',#5256,#5335,#6461,.T.);
#3666=EDGE_CURVE('',#5258,#5251,#6462,.T.);
#3667=EDGE_CURVE('',#5337,#5250,#6463,.T.);
#3668=EDGE_CURVE('',#5338,#5337,#6464,.T.);
#3669=EDGE_CURVE('',#5253,#5338,#6465,.T.);
#3670=EDGE_CURVE('',#5260,#5254,#6466,.T.);
#3671=EDGE_CURVE('',#5336,#5262,#6467,.T.);
#3672=EDGE_CURVE('',#5243,#5339,#6468,.T.);
#3673=EDGE_CURVE('',#5243,#5340,#6469,.T.);
#3674=EDGE_CURVE('',#5341,#5340,#6470,.T.);
#3675=EDGE_CURVE('',#5339,#5341,#6471,.T.);
#3676=EDGE_CURVE('',#5329,#5342,#6472,.T.);
#3677=EDGE_CURVE('',#5342,#5343,#6473,.T.);
#3678=EDGE_CURVE('',#5343,#5344,#6474,.T.);
#3679=EDGE_CURVE('',#5345,#5344,#6475,.T.);
#3680=EDGE_CURVE('',#5339,#5345,#6476,.T.);
#3681=EDGE_CURVE('',#5341,#5346,#6477,.T.);
#3682=EDGE_CURVE('',#5346,#5347,#6478,.T.);
#3683=EDGE_CURVE('',#5347,#5331,#6479,.T.);
#3684=EDGE_CURVE('',#5334,#5330,#6480,.T.);
#3685=EDGE_CURVE('',#5348,#5349,#6481,.T.);
#3686=EDGE_CURVE('',#5350,#5348,#6482,.T.);
#3687=EDGE_CURVE('',#5350,#5351,#6483,.T.);
#3688=EDGE_CURVE('',#5351,#5349,#6484,.T.);
#3689=EDGE_CURVE('',#5352,#5348,#6485,.T.);
#3690=EDGE_CURVE('',#5353,#5352,#6486,.T.);
#3691=EDGE_CURVE('',#5353,#5350,#6487,.T.);
#3692=EDGE_CURVE('',#5354,#5352,#6488,.T.);
#3693=EDGE_CURVE('',#5355,#5354,#6489,.T.);
#3694=EDGE_CURVE('',#5355,#5353,#6490,.T.);
#3695=EDGE_CURVE('',#5356,#5357,#6491,.T.);
#3696=EDGE_CURVE('',#5358,#5356,#6492,.T.);
#3697=EDGE_CURVE('',#5358,#5359,#6493,.T.);
#3698=EDGE_CURVE('',#5359,#5357,#6494,.T.);
#3699=EDGE_CURVE('',#5360,#5356,#6495,.T.);
#3700=EDGE_CURVE('',#5361,#5360,#6496,.T.);
#3701=EDGE_CURVE('',#5361,#5358,#6497,.T.);
#3702=EDGE_CURVE('',#5362,#5360,#6498,.T.);
#3703=EDGE_CURVE('',#5363,#5362,#6499,.T.);
#3704=EDGE_CURVE('',#5363,#5361,#6500,.T.);
#3705=EDGE_CURVE('',#5364,#5365,#6501,.T.);
#3706=EDGE_CURVE('',#5366,#5364,#6502,.T.);
#3707=EDGE_CURVE('',#5366,#5367,#6503,.T.);
#3708=EDGE_CURVE('',#5367,#5365,#6504,.T.);
#3709=EDGE_CURVE('',#5368,#5364,#6505,.T.);
#3710=EDGE_CURVE('',#5369,#5368,#6506,.T.);
#3711=EDGE_CURVE('',#5369,#5366,#6507,.T.);
#3712=EDGE_CURVE('',#5370,#5368,#6508,.T.);
#3713=EDGE_CURVE('',#5371,#5370,#6509,.T.);
#3714=EDGE_CURVE('',#5371,#5369,#6510,.T.);
#3715=EDGE_CURVE('',#5372,#5373,#6511,.T.);
#3716=EDGE_CURVE('',#5374,#5372,#6512,.T.);
#3717=EDGE_CURVE('',#5374,#5375,#6513,.T.);
#3718=EDGE_CURVE('',#5375,#5373,#6514,.T.);
#3719=EDGE_CURVE('',#5376,#5372,#6515,.T.);
#3720=EDGE_CURVE('',#5377,#5376,#6516,.T.);
#3721=EDGE_CURVE('',#5377,#5374,#6517,.T.);
#3722=EDGE_CURVE('',#5378,#5376,#6518,.T.);
#3723=EDGE_CURVE('',#5379,#5378,#6519,.T.);
#3724=EDGE_CURVE('',#5379,#5377,#6520,.T.);
#3725=EDGE_CURVE('',#5380,#5381,#6521,.T.);
#3726=EDGE_CURVE('',#5382,#5380,#6522,.T.);
#3727=EDGE_CURVE('',#5382,#5383,#6523,.T.);
#3728=EDGE_CURVE('',#5383,#5381,#6524,.T.);
#3729=EDGE_CURVE('',#5384,#5380,#6525,.T.);
#3730=EDGE_CURVE('',#5385,#5384,#6526,.T.);
#3731=EDGE_CURVE('',#5385,#5382,#6527,.T.);
#3732=EDGE_CURVE('',#5386,#5384,#6528,.T.);
#3733=EDGE_CURVE('',#5387,#5386,#6529,.T.);
#3734=EDGE_CURVE('',#5387,#5385,#6530,.T.);
#3735=EDGE_CURVE('',#5388,#5389,#6531,.T.);
#3736=EDGE_CURVE('',#5390,#5388,#6532,.T.);
#3737=EDGE_CURVE('',#5390,#5391,#6533,.T.);
#3738=EDGE_CURVE('',#5391,#5389,#6534,.T.);
#3739=EDGE_CURVE('',#5392,#5388,#6535,.T.);
#3740=EDGE_CURVE('',#5393,#5392,#6536,.T.);
#3741=EDGE_CURVE('',#5393,#5390,#6537,.T.);
#3742=EDGE_CURVE('',#5394,#5392,#6538,.T.);
#3743=EDGE_CURVE('',#5395,#5394,#6539,.T.);
#3744=EDGE_CURVE('',#5395,#5393,#6540,.T.);
#3745=EDGE_CURVE('',#5396,#5397,#6541,.T.);
#3746=EDGE_CURVE('',#5398,#5396,#6542,.T.);
#3747=EDGE_CURVE('',#5398,#5399,#6543,.T.);
#3748=EDGE_CURVE('',#5399,#5397,#6544,.T.);
#3749=EDGE_CURVE('',#5400,#5396,#6545,.T.);
#3750=EDGE_CURVE('',#5401,#5400,#6546,.T.);
#3751=EDGE_CURVE('',#5401,#5398,#6547,.T.);
#3752=EDGE_CURVE('',#5402,#5400,#6548,.T.);
#3753=EDGE_CURVE('',#5403,#5402,#6549,.T.);
#3754=EDGE_CURVE('',#5403,#5401,#6550,.T.);
#3755=EDGE_CURVE('',#5404,#5405,#6551,.T.);
#3756=EDGE_CURVE('',#5406,#5404,#6552,.T.);
#3757=EDGE_CURVE('',#5406,#5407,#6553,.T.);
#3758=EDGE_CURVE('',#5407,#5405,#6554,.T.);
#3759=EDGE_CURVE('',#5408,#5404,#6555,.T.);
#3760=EDGE_CURVE('',#5409,#5408,#6556,.T.);
#3761=EDGE_CURVE('',#5409,#5406,#6557,.T.);
#3762=EDGE_CURVE('',#5410,#5408,#6558,.T.);
#3763=EDGE_CURVE('',#5411,#5410,#6559,.T.);
#3764=EDGE_CURVE('',#5411,#5409,#6560,.T.);
#3765=EDGE_CURVE('',#5412,#5413,#6561,.T.);
#3766=EDGE_CURVE('',#5414,#5412,#6562,.T.);
#3767=EDGE_CURVE('',#5415,#5414,#6563,.T.);
#3768=EDGE_CURVE('',#5415,#5266,#6564,.T.);
#3769=EDGE_CURVE('',#5265,#5413,#6565,.T.);
#3770=EDGE_CURVE('',#5416,#5414,#6566,.T.);
#3771=EDGE_CURVE('',#5417,#5416,#6567,.T.);
#3772=EDGE_CURVE('',#5417,#5415,#6568,.T.);
#3773=EDGE_CURVE('',#5418,#5419,#6569,.T.);
#3774=EDGE_CURVE('',#5420,#5418,#6570,.T.);
#3775=EDGE_CURVE('',#5421,#5420,#6571,.T.);
#3776=EDGE_CURVE('',#5421,#5270,#6572,.T.);
#3777=EDGE_CURVE('',#5269,#5419,#6573,.T.);
#3778=EDGE_CURVE('',#5422,#5420,#6574,.T.);
#3779=EDGE_CURVE('',#5423,#5422,#6575,.T.);
#3780=EDGE_CURVE('',#5423,#5421,#6576,.T.);
#3781=EDGE_CURVE('',#5424,#5425,#6577,.T.);
#3782=EDGE_CURVE('',#5426,#5424,#6578,.T.);
#3783=EDGE_CURVE('',#5426,#5427,#6579,.T.);
#3784=EDGE_CURVE('',#5427,#5425,#6580,.T.);
#3785=EDGE_CURVE('',#5428,#5429,#6581,.T.);
#3786=EDGE_CURVE('',#5428,#5320,#6582,.T.);
#3787=EDGE_CURVE('',#5319,#5426,#6583,.T.);
#3788=EDGE_CURVE('',#5429,#5424,#6584,.T.);
#3789=EDGE_CURVE('',#5430,#5431,#6585,.T.);
#3790=EDGE_CURVE('',#5432,#5430,#6586,.T.);
#3791=EDGE_CURVE('',#5432,#5433,#6587,.T.);
#3792=EDGE_CURVE('',#5433,#5431,#6588,.T.);
#3793=EDGE_CURVE('',#5434,#5435,#6589,.T.);
#3794=EDGE_CURVE('',#5434,#5324,#6590,.T.);
#3795=EDGE_CURVE('',#5323,#5432,#6591,.T.);
#3796=EDGE_CURVE('',#5435,#5430,#6592,.T.);
#3797=EDGE_CURVE('',#5436,#5437,#6593,.T.);
#3798=EDGE_CURVE('',#5438,#5436,#6594,.T.);
#3799=EDGE_CURVE('',#5438,#5439,#6595,.T.);
#3800=EDGE_CURVE('',#5439,#5437,#6596,.T.);
#3801=EDGE_CURVE('',#5440,#5436,#6597,.T.);
#3802=EDGE_CURVE('',#5441,#5440,#6598,.T.);
#3803=EDGE_CURVE('',#5441,#5438,#6599,.T.);
#3804=EDGE_CURVE('',#5442,#5440,#6600,.T.);
#3805=EDGE_CURVE('',#5443,#5442,#6601,.T.);
#3806=EDGE_CURVE('',#5443,#5441,#6602,.T.);
#3807=EDGE_CURVE('',#5444,#5445,#6603,.T.);
#3808=EDGE_CURVE('',#5446,#5444,#6604,.T.);
#3809=EDGE_CURVE('',#5446,#5447,#6605,.T.);
#3810=EDGE_CURVE('',#5447,#5445,#6606,.T.);
#3811=EDGE_CURVE('',#5448,#5444,#6607,.T.);
#3812=EDGE_CURVE('',#5449,#5448,#6608,.T.);
#3813=EDGE_CURVE('',#5449,#5446,#6609,.T.);
#3814=EDGE_CURVE('',#5450,#5448,#6610,.T.);
#3815=EDGE_CURVE('',#5451,#5450,#6611,.T.);
#3816=EDGE_CURVE('',#5451,#5449,#6612,.T.);
#3817=EDGE_CURVE('',#5452,#5453,#6613,.T.);
#3818=EDGE_CURVE('',#5454,#5452,#6614,.T.);
#3819=EDGE_CURVE('',#5454,#5455,#6615,.T.);
#3820=EDGE_CURVE('',#5455,#5453,#6616,.T.);
#3821=EDGE_CURVE('',#5456,#5452,#6617,.T.);
#3822=EDGE_CURVE('',#5457,#5456,#6618,.T.);
#3823=EDGE_CURVE('',#5457,#5454,#6619,.T.);
#3824=EDGE_CURVE('',#5458,#5456,#6620,.T.);
#3825=EDGE_CURVE('',#5459,#5458,#6621,.T.);
#3826=EDGE_CURVE('',#5459,#5457,#6622,.T.);
#3827=EDGE_CURVE('',#5460,#5461,#6623,.T.);
#3828=EDGE_CURVE('',#5462,#5460,#6624,.T.);
#3829=EDGE_CURVE('',#5462,#5463,#6625,.T.);
#3830=EDGE_CURVE('',#5463,#5461,#6626,.T.);
#3831=EDGE_CURVE('',#5464,#5460,#6627,.T.);
#3832=EDGE_CURVE('',#5465,#5464,#6628,.T.);
#3833=EDGE_CURVE('',#5465,#5462,#6629,.T.);
#3834=EDGE_CURVE('',#5466,#5464,#6630,.T.);
#3835=EDGE_CURVE('',#5467,#5466,#6631,.T.);
#3836=EDGE_CURVE('',#5467,#5465,#6632,.T.);
#3837=EDGE_CURVE('',#5468,#5469,#6633,.T.);
#3838=EDGE_CURVE('',#5470,#5468,#6634,.T.);
#3839=EDGE_CURVE('',#5470,#5471,#6635,.T.);
#3840=EDGE_CURVE('',#5471,#5469,#6636,.T.);
#3841=EDGE_CURVE('',#5472,#5468,#6637,.T.);
#3842=EDGE_CURVE('',#5473,#5472,#6638,.T.);
#3843=EDGE_CURVE('',#5473,#5470,#6639,.T.);
#3844=EDGE_CURVE('',#5474,#5472,#6640,.T.);
#3845=EDGE_CURVE('',#5475,#5474,#6641,.T.);
#3846=EDGE_CURVE('',#5475,#5473,#6642,.T.);
#3847=EDGE_CURVE('',#5476,#5477,#6643,.T.);
#3848=EDGE_CURVE('',#5478,#5476,#6644,.T.);
#3849=EDGE_CURVE('',#5478,#5479,#6645,.T.);
#3850=EDGE_CURVE('',#5479,#5477,#6646,.T.);
#3851=EDGE_CURVE('',#5480,#5476,#6647,.T.);
#3852=EDGE_CURVE('',#5481,#5480,#6648,.T.);
#3853=EDGE_CURVE('',#5481,#5478,#6649,.T.);
#3854=EDGE_CURVE('',#5482,#5480,#6650,.T.);
#3855=EDGE_CURVE('',#5483,#5482,#6651,.T.);
#3856=EDGE_CURVE('',#5483,#5481,#6652,.T.);
#3857=EDGE_CURVE('',#5484,#5485,#6653,.T.);
#3858=EDGE_CURVE('',#5486,#5484,#6654,.T.);
#3859=EDGE_CURVE('',#5486,#5487,#6655,.T.);
#3860=EDGE_CURVE('',#5487,#5485,#6656,.T.);
#3861=EDGE_CURVE('',#5488,#5484,#6657,.T.);
#3862=EDGE_CURVE('',#5489,#5488,#6658,.T.);
#3863=EDGE_CURVE('',#5489,#5486,#6659,.T.);
#3864=EDGE_CURVE('',#5490,#5488,#6660,.T.);
#3865=EDGE_CURVE('',#5491,#5490,#6661,.T.);
#3866=EDGE_CURVE('',#5491,#5489,#6662,.T.);
#3867=EDGE_CURVE('',#5492,#5493,#6663,.T.);
#3868=EDGE_CURVE('',#5494,#5492,#6664,.T.);
#3869=EDGE_CURVE('',#5494,#5495,#6665,.T.);
#3870=EDGE_CURVE('',#5495,#5493,#6666,.T.);
#3871=EDGE_CURVE('',#5496,#5492,#6667,.T.);
#3872=EDGE_CURVE('',#5497,#5496,#6668,.T.);
#3873=EDGE_CURVE('',#5497,#5494,#6669,.T.);
#3874=EDGE_CURVE('',#5498,#5496,#6670,.T.);
#3875=EDGE_CURVE('',#5499,#5498,#6671,.T.);
#3876=EDGE_CURVE('',#5499,#5497,#6672,.T.);
#3877=EDGE_CURVE('',#5349,#5354,#6673,.T.);
#3878=EDGE_CURVE('',#5351,#5355,#6674,.T.);
#3879=EDGE_CURVE('',#5357,#5362,#6675,.T.);
#3880=EDGE_CURVE('',#5359,#5363,#6676,.T.);
#3881=EDGE_CURVE('',#5365,#5370,#6677,.T.);
#3882=EDGE_CURVE('',#5367,#5371,#6678,.T.);
#3883=EDGE_CURVE('',#5373,#5378,#6679,.T.);
#3884=EDGE_CURVE('',#5375,#5379,#6680,.T.);
#3885=EDGE_CURVE('',#5381,#5386,#6681,.T.);
#3886=EDGE_CURVE('',#5383,#5387,#6682,.T.);
#3887=EDGE_CURVE('',#5389,#5394,#6683,.T.);
#3888=EDGE_CURVE('',#5391,#5395,#6684,.T.);
#3889=EDGE_CURVE('',#5397,#5402,#6685,.T.);
#3890=EDGE_CURVE('',#5399,#5403,#6686,.T.);
#3891=EDGE_CURVE('',#5405,#5410,#6687,.T.);
#3892=EDGE_CURVE('',#5407,#5411,#6688,.T.);
#3893=EDGE_CURVE('',#5500,#5501,#6689,.T.);
#3894=EDGE_CURVE('',#5500,#5264,#6690,.T.);
#3895=EDGE_CURVE('',#5263,#5417,#6691,.T.);
#3896=EDGE_CURVE('',#5501,#5416,#6692,.T.);
#3897=EDGE_CURVE('',#5502,#5503,#6693,.T.);
#3898=EDGE_CURVE('',#5502,#5268,#6694,.T.);
#3899=EDGE_CURVE('',#5267,#5423,#6695,.T.);
#3900=EDGE_CURVE('',#5503,#5422,#6696,.T.);
#3901=EDGE_CURVE('',#5504,#5505,#6697,.T.);
#3902=EDGE_CURVE('',#5425,#5504,#6698,.T.);
#3903=EDGE_CURVE('',#5427,#5322,#6699,.T.);
#3904=EDGE_CURVE('',#5321,#5505,#6700,.T.);
#3905=EDGE_CURVE('',#5506,#5507,#6701,.T.);
#3906=EDGE_CURVE('',#5431,#5506,#6702,.T.);
#3907=EDGE_CURVE('',#5433,#5326,#6703,.T.);
#3908=EDGE_CURVE('',#5325,#5507,#6704,.T.);
#3909=EDGE_CURVE('',#5437,#5442,#6705,.T.);
#3910=EDGE_CURVE('',#5439,#5443,#6706,.T.);
#3911=EDGE_CURVE('',#5445,#5450,#6707,.T.);
#3912=EDGE_CURVE('',#5447,#5451,#6708,.T.);
#3913=EDGE_CURVE('',#5453,#5458,#6709,.T.);
#3914=EDGE_CURVE('',#5455,#5459,#6710,.T.);
#3915=EDGE_CURVE('',#5461,#5466,#6711,.T.);
#3916=EDGE_CURVE('',#5463,#5467,#6712,.T.);
#3917=EDGE_CURVE('',#5469,#5474,#6713,.T.);
#3918=EDGE_CURVE('',#5471,#5475,#6714,.T.);
#3919=EDGE_CURVE('',#5477,#5482,#6715,.T.);
#3920=EDGE_CURVE('',#5479,#5483,#6716,.T.);
#3921=EDGE_CURVE('',#5485,#5490,#6717,.T.);
#3922=EDGE_CURVE('',#5487,#5491,#6718,.T.);
#3923=EDGE_CURVE('',#5493,#5498,#6719,.T.);
#3924=EDGE_CURVE('',#5495,#5499,#6720,.T.);
#3925=EDGE_CURVE('',#5344,#5508,#6721,.T.);
#3926=EDGE_CURVE('',#5509,#5508,#6722,.T.);
#3927=EDGE_CURVE('',#5345,#5509,#6723,.T.);
#3928=EDGE_CURVE('',#5228,#5241,#6724,.T.);
#3929=EDGE_CURVE('',#5237,#5244,#6725,.T.);
#3930=EDGE_CURVE('',#5259,#5509,#6726,.T.);
#3931=EDGE_CURVE('',#5504,#5429,#6727,.T.);
#3932=EDGE_CURVE('',#5506,#5435,#6728,.T.);
#3933=EDGE_CURVE('',#5418,#5503,#6729,.T.);
#3934=EDGE_CURVE('',#5412,#5501,#6730,.T.);
#3935=EDGE_CURVE('',#5333,#5233,#6731,.T.);
#3936=EDGE_CURVE('',#5232,#5248,#6732,.T.);
#3937=EDGE_CURVE('',#5257,#5510,#6733,.T.);
#3938=EDGE_CURVE('',#5510,#5511,#6734,.T.);
#3939=EDGE_CURVE('',#5511,#5327,#6735,.T.);
#3940=EDGE_CURVE('',#5347,#5337,#6736,.T.);
#3941=EDGE_CURVE('',#5346,#5338,#6737,.T.);
#3942=EDGE_CURVE('',#5249,#5332,#6738,.T.);
#3943=EDGE_CURVE('',#5340,#5252,#6739,.T.);
#3944=EDGE_CURVE('',#5342,#5335,#6740,.T.);
#3945=EDGE_CURVE('',#5328,#5255,#6741,.T.);
#3946=EDGE_CURVE('',#5343,#5336,#6742,.T.);
#3947=EDGE_CURVE('',#5261,#5508,#6743,.T.);
#3948=EDGE_CURVE('',#5507,#5434,#6744,.T.);
#3949=EDGE_CURVE('',#5505,#5428,#6745,.T.);
#3950=EDGE_CURVE('',#5419,#5502,#6746,.T.);
#3951=EDGE_CURVE('',#5413,#5500,#6747,.T.);
#3952=EDGE_CURVE('',#5340,#5332,#6748,.T.);
#3953=EDGE_CURVE('',#5252,#5249,#6749,.T.);
#3954=EDGE_CURVE('',#5261,#5255,#6750,.T.);
#3955=EDGE_CURVE('',#5512,#5259,#6751,.T.);
#3956=EDGE_CURVE('',#5512,#5513,#6752,.T.);
#3957=EDGE_CURVE('',#5513,#5510,#6753,.T.);
#3958=EDGE_CURVE('',#5514,#5511,#6754,.T.);
#3959=EDGE_CURVE('',#5514,#5515,#6755,.T.);
#3960=EDGE_CURVE('',#5515,#5509,#6756,.T.);
#3961=EDGE_CURVE('',#5508,#5328,#6757,.T.);
#3962=EDGE_CURVE('',#5513,#5514,#6758,.T.);
#3963=EDGE_CURVE('',#5515,#5512,#6759,.T.);
#3964=EDGE_CURVE('',#5229,#5240,#6760,.T.);
#3965=EDGE_CURVE('',#5236,#5245,#6761,.T.);
#3966=EDGE_CURVE('',#5516,#5517,#6762,.T.);
#3967=EDGE_CURVE('',#5516,#5518,#6763,.T.);
#3968=EDGE_CURVE('',#5519,#5518,#6764,.T.);
#3969=EDGE_CURVE('',#5517,#5519,#6765,.T.);
#3970=EDGE_CURVE('',#5520,#5521,#6766,.T.);
#3971=EDGE_CURVE('',#5522,#5520,#6767,.T.);
#3972=EDGE_CURVE('',#5523,#5522,#6768,.T.);
#3973=EDGE_CURVE('',#5523,#5521,#6769,.T.);
#3974=EDGE_CURVE('',#5524,#5525,#6770,.T.);
#3975=EDGE_CURVE('',#5526,#5524,#6771,.T.);
#3976=EDGE_CURVE('',#5527,#5526,#6772,.T.);
#3977=EDGE_CURVE('',#5527,#5525,#6773,.T.);
#3978=EDGE_CURVE('',#5528,#5529,#6774,.T.);
#3979=EDGE_CURVE('',#5530,#5528,#6775,.T.);
#3980=EDGE_CURVE('',#5531,#5530,#6776,.T.);
#3981=EDGE_CURVE('',#5531,#5529,#6777,.T.);
#3982=EDGE_CURVE('',#5532,#5533,#6778,.T.);
#3983=EDGE_CURVE('',#5534,#5532,#6779,.T.);
#3984=EDGE_CURVE('',#5535,#5534,#6780,.T.);
#3985=EDGE_CURVE('',#5535,#5533,#6781,.T.);
#3986=EDGE_CURVE('',#5536,#5537,#6782,.T.);
#3987=EDGE_CURVE('',#5538,#5536,#6783,.T.);
#3988=EDGE_CURVE('',#5539,#5538,#6784,.T.);
#3989=EDGE_CURVE('',#5539,#5537,#6785,.T.);
#3990=EDGE_CURVE('',#5540,#5541,#6786,.T.);
#3991=EDGE_CURVE('',#5542,#5540,#6787,.T.);
#3992=EDGE_CURVE('',#5543,#5542,#6788,.T.);
#3993=EDGE_CURVE('',#5543,#5541,#6789,.T.);
#3994=EDGE_CURVE('',#5544,#5545,#6790,.T.);
#3995=EDGE_CURVE('',#5546,#5544,#6791,.T.);
#3996=EDGE_CURVE('',#5547,#5546,#6792,.T.);
#3997=EDGE_CURVE('',#5547,#5545,#6793,.T.);
#3998=EDGE_CURVE('',#5548,#5549,#6794,.T.);
#3999=EDGE_CURVE('',#5550,#5548,#6795,.T.);
#4000=EDGE_CURVE('',#5551,#5550,#6796,.T.);
#4001=EDGE_CURVE('',#5551,#5549,#6797,.T.);
#4002=EDGE_CURVE('',#5552,#5553,#6798,.T.);
#4003=EDGE_CURVE('',#5554,#5552,#6799,.T.);
#4004=EDGE_CURVE('',#5555,#5554,#6800,.T.);
#4005=EDGE_CURVE('',#5555,#5553,#6801,.T.);
#4006=EDGE_CURVE('',#5556,#5557,#6802,.T.);
#4007=EDGE_CURVE('',#5558,#5556,#6803,.T.);
#4008=EDGE_CURVE('',#5559,#5558,#6804,.T.);
#4009=EDGE_CURVE('',#5559,#5557,#6805,.T.);
#4010=EDGE_CURVE('',#5560,#5561,#6806,.T.);
#4011=EDGE_CURVE('',#5562,#5560,#6807,.T.);
#4012=EDGE_CURVE('',#5563,#5562,#6808,.T.);
#4013=EDGE_CURVE('',#5563,#5561,#6809,.T.);
#4014=EDGE_CURVE('',#5564,#5565,#6810,.T.);
#4015=EDGE_CURVE('',#5564,#5566,#6811,.T.);
#4016=EDGE_CURVE('',#5567,#5566,#6812,.T.);
#4017=EDGE_CURVE('',#5565,#5567,#6813,.T.);
#4018=EDGE_CURVE('',#5568,#5569,#6814,.T.);
#4019=EDGE_CURVE('',#5570,#5568,#6815,.T.);
#4020=EDGE_CURVE('',#5571,#5570,#6816,.T.);
#4021=EDGE_CURVE('',#5571,#5569,#6817,.T.);
#4022=EDGE_CURVE('',#5572,#5573,#6818,.T.);
#4023=EDGE_CURVE('',#5574,#5572,#6819,.T.);
#4024=EDGE_CURVE('',#5575,#5574,#6820,.T.);
#4025=EDGE_CURVE('',#5575,#5573,#6821,.T.);
#4026=EDGE_CURVE('',#5576,#5577,#6822,.T.);
#4027=EDGE_CURVE('',#5578,#5576,#6823,.T.);
#4028=EDGE_CURVE('',#5579,#5578,#6824,.T.);
#4029=EDGE_CURVE('',#5579,#5577,#6825,.T.);
#4030=EDGE_CURVE('',#5580,#5581,#6826,.T.);
#4031=EDGE_CURVE('',#5582,#5580,#6827,.T.);
#4032=EDGE_CURVE('',#5583,#5582,#6828,.T.);
#4033=EDGE_CURVE('',#5583,#5581,#6829,.T.);
#4034=EDGE_CURVE('',#5584,#5585,#6830,.T.);
#4035=EDGE_CURVE('',#5586,#5584,#6831,.T.);
#4036=EDGE_CURVE('',#5587,#5586,#6832,.T.);
#4037=EDGE_CURVE('',#5587,#5585,#6833,.T.);
#4038=EDGE_CURVE('',#5588,#5589,#6834,.T.);
#4039=EDGE_CURVE('',#5590,#5588,#6835,.T.);
#4040=EDGE_CURVE('',#5591,#5590,#6836,.T.);
#4041=EDGE_CURVE('',#5591,#5589,#6837,.T.);
#4042=EDGE_CURVE('',#5592,#5593,#6838,.T.);
#4043=EDGE_CURVE('',#5594,#5592,#6839,.T.);
#4044=EDGE_CURVE('',#5595,#5594,#6840,.T.);
#4045=EDGE_CURVE('',#5595,#5593,#6841,.T.);
#4046=EDGE_CURVE('',#5596,#5597,#6842,.T.);
#4047=EDGE_CURVE('',#5598,#5596,#6843,.T.);
#4048=EDGE_CURVE('',#5599,#5598,#6844,.T.);
#4049=EDGE_CURVE('',#5599,#5597,#6845,.T.);
#4050=EDGE_CURVE('',#5600,#5601,#6846,.T.);
#4051=EDGE_CURVE('',#5602,#5600,#6847,.T.);
#4052=EDGE_CURVE('',#5603,#5602,#6848,.T.);
#4053=EDGE_CURVE('',#5603,#5601,#6849,.T.);
#4054=EDGE_CURVE('',#5604,#5605,#6850,.T.);
#4055=EDGE_CURVE('',#5606,#5604,#6851,.T.);
#4056=EDGE_CURVE('',#5607,#5606,#6852,.T.);
#4057=EDGE_CURVE('',#5607,#5605,#6853,.T.);
#4058=EDGE_CURVE('',#5608,#5609,#6854,.T.);
#4059=EDGE_CURVE('',#5610,#5608,#6855,.T.);
#4060=EDGE_CURVE('',#5611,#5610,#6856,.T.);
#4061=EDGE_CURVE('',#5611,#5609,#6857,.T.);
#4062=EDGE_CURVE('',#5566,#5612,#6858,.T.);
#4063=EDGE_CURVE('',#5613,#5564,#6859,.T.);
#4064=EDGE_CURVE('',#5613,#5612,#6860,.T.);
#4065=EDGE_CURVE('',#5569,#5614,#6861,.T.);
#4066=EDGE_CURVE('',#5615,#5571,#6862,.T.);
#4067=EDGE_CURVE('',#5615,#5614,#6863,.T.);
#4068=EDGE_CURVE('',#5573,#5616,#6864,.T.);
#4069=EDGE_CURVE('',#5617,#5575,#6865,.T.);
#4070=EDGE_CURVE('',#5617,#5616,#6866,.T.);
#4071=EDGE_CURVE('',#5577,#5618,#6867,.T.);
#4072=EDGE_CURVE('',#5619,#5579,#6868,.T.);
#4073=EDGE_CURVE('',#5619,#5618,#6869,.T.);
#4074=EDGE_CURVE('',#5581,#5620,#6870,.T.);
#4075=EDGE_CURVE('',#5621,#5583,#6871,.T.);
#4076=EDGE_CURVE('',#5621,#5620,#6872,.T.);
#4077=EDGE_CURVE('',#5585,#5622,#6873,.T.);
#4078=EDGE_CURVE('',#5623,#5587,#6874,.T.);
#4079=EDGE_CURVE('',#5623,#5622,#6875,.T.);
#4080=EDGE_CURVE('',#5589,#5624,#6876,.T.);
#4081=EDGE_CURVE('',#5625,#5591,#6877,.T.);
#4082=EDGE_CURVE('',#5625,#5624,#6878,.T.);
#4083=EDGE_CURVE('',#5593,#5626,#6879,.T.);
#4084=EDGE_CURVE('',#5627,#5595,#6880,.T.);
#4085=EDGE_CURVE('',#5627,#5626,#6881,.T.);
#4086=EDGE_CURVE('',#5597,#5628,#6882,.T.);
#4087=EDGE_CURVE('',#5629,#5599,#6883,.T.);
#4088=EDGE_CURVE('',#5629,#5628,#6884,.T.);
#4089=EDGE_CURVE('',#5601,#5630,#6885,.T.);
#4090=EDGE_CURVE('',#5631,#5603,#6886,.T.);
#4091=EDGE_CURVE('',#5631,#5630,#6887,.T.);
#4092=EDGE_CURVE('',#5605,#5632,#6888,.T.);
#4093=EDGE_CURVE('',#5633,#5607,#6889,.T.);
#4094=EDGE_CURVE('',#5633,#5632,#6890,.T.);
#4095=EDGE_CURVE('',#5609,#5634,#6891,.T.);
#4096=EDGE_CURVE('',#5635,#5611,#6892,.T.);
#4097=EDGE_CURVE('',#5635,#5634,#6893,.T.);
#4098=EDGE_CURVE('',#5612,#5636,#6894,.T.);
#4099=EDGE_CURVE('',#5613,#5637,#6895,.T.);
#4100=EDGE_CURVE('',#5637,#5636,#6896,.T.);
#4101=EDGE_CURVE('',#5614,#5638,#6897,.T.);
#4102=EDGE_CURVE('',#5615,#5639,#6898,.T.);
#4103=EDGE_CURVE('',#5639,#5638,#6899,.T.);
#4104=EDGE_CURVE('',#5616,#5640,#6900,.T.);
#4105=EDGE_CURVE('',#5617,#5641,#6901,.T.);
#4106=EDGE_CURVE('',#5641,#5640,#6902,.T.);
#4107=EDGE_CURVE('',#5618,#5642,#6903,.T.);
#4108=EDGE_CURVE('',#5619,#5643,#6904,.T.);
#4109=EDGE_CURVE('',#5643,#5642,#6905,.T.);
#4110=EDGE_CURVE('',#5620,#5644,#6906,.T.);
#4111=EDGE_CURVE('',#5621,#5645,#6907,.T.);
#4112=EDGE_CURVE('',#5645,#5644,#6908,.T.);
#4113=EDGE_CURVE('',#5622,#5646,#6909,.T.);
#4114=EDGE_CURVE('',#5623,#5647,#6910,.T.);
#4115=EDGE_CURVE('',#5647,#5646,#6911,.T.);
#4116=EDGE_CURVE('',#5624,#5648,#6912,.T.);
#4117=EDGE_CURVE('',#5625,#5649,#6913,.T.);
#4118=EDGE_CURVE('',#5649,#5648,#6914,.T.);
#4119=EDGE_CURVE('',#5626,#5650,#6915,.T.);
#4120=EDGE_CURVE('',#5627,#5651,#6916,.T.);
#4121=EDGE_CURVE('',#5651,#5650,#6917,.T.);
#4122=EDGE_CURVE('',#5628,#5652,#6918,.T.);
#4123=EDGE_CURVE('',#5629,#5653,#6919,.T.);
#4124=EDGE_CURVE('',#5653,#5652,#6920,.T.);
#4125=EDGE_CURVE('',#5630,#5654,#6921,.T.);
#4126=EDGE_CURVE('',#5631,#5655,#6922,.T.);
#4127=EDGE_CURVE('',#5655,#5654,#6923,.T.);
#4128=EDGE_CURVE('',#5632,#5656,#6924,.T.);
#4129=EDGE_CURVE('',#5633,#5657,#6925,.T.);
#4130=EDGE_CURVE('',#5657,#5656,#6926,.T.);
#4131=EDGE_CURVE('',#5634,#5658,#6927,.T.);
#4132=EDGE_CURVE('',#5635,#5659,#6928,.T.);
#4133=EDGE_CURVE('',#5659,#5658,#6929,.T.);
#4134=EDGE_CURVE('',#5636,#5660,#6930,.T.);
#4135=EDGE_CURVE('',#5661,#5637,#6931,.T.);
#4136=EDGE_CURVE('',#5661,#5660,#6932,.T.);
#4137=EDGE_CURVE('',#5638,#5662,#6933,.T.);
#4138=EDGE_CURVE('',#5663,#5639,#6934,.T.);
#4139=EDGE_CURVE('',#5663,#5662,#6935,.T.);
#4140=EDGE_CURVE('',#5640,#5664,#6936,.T.);
#4141=EDGE_CURVE('',#5665,#5641,#6937,.T.);
#4142=EDGE_CURVE('',#5665,#5664,#6938,.T.);
#4143=EDGE_CURVE('',#5642,#5666,#6939,.T.);
#4144=EDGE_CURVE('',#5667,#5643,#6940,.T.);
#4145=EDGE_CURVE('',#5667,#5666,#6941,.T.);
#4146=EDGE_CURVE('',#5644,#5668,#6942,.T.);
#4147=EDGE_CURVE('',#5669,#5645,#6943,.T.);
#4148=EDGE_CURVE('',#5669,#5668,#6944,.T.);
#4149=EDGE_CURVE('',#5646,#5670,#6945,.T.);
#4150=EDGE_CURVE('',#5671,#5647,#6946,.T.);
#4151=EDGE_CURVE('',#5671,#5670,#6947,.T.);
#4152=EDGE_CURVE('',#5648,#5672,#6948,.T.);
#4153=EDGE_CURVE('',#5673,#5649,#6949,.T.);
#4154=EDGE_CURVE('',#5673,#5672,#6950,.T.);
#4155=EDGE_CURVE('',#5650,#5674,#6951,.T.);
#4156=EDGE_CURVE('',#5675,#5651,#6952,.T.);
#4157=EDGE_CURVE('',#5675,#5674,#6953,.T.);
#4158=EDGE_CURVE('',#5652,#5676,#6954,.T.);
#4159=EDGE_CURVE('',#5677,#5653,#6955,.T.);
#4160=EDGE_CURVE('',#5677,#5676,#6956,.T.);
#4161=EDGE_CURVE('',#5654,#5678,#6957,.T.);
#4162=EDGE_CURVE('',#5679,#5655,#6958,.T.);
#4163=EDGE_CURVE('',#5679,#5678,#6959,.T.);
#4164=EDGE_CURVE('',#5656,#5680,#6960,.T.);
#4165=EDGE_CURVE('',#5681,#5657,#6961,.T.);
#4166=EDGE_CURVE('',#5681,#5680,#6962,.T.);
#4167=EDGE_CURVE('',#5658,#5682,#6963,.T.);
#4168=EDGE_CURVE('',#5683,#5659,#6964,.T.);
#4169=EDGE_CURVE('',#5683,#5682,#6965,.T.);
#4170=EDGE_CURVE('',#5684,#5661,#6966,.T.);
#4171=EDGE_CURVE('',#5684,#5685,#6967,.T.);
#4172=EDGE_CURVE('',#5660,#5685,#6968,.T.);
#4173=EDGE_CURVE('',#5662,#5686,#6969,.T.);
#4174=EDGE_CURVE('',#5687,#5663,#6970,.T.);
#4175=EDGE_CURVE('',#5687,#5686,#6971,.T.);
#4176=EDGE_CURVE('',#5664,#5688,#6972,.T.);
#4177=EDGE_CURVE('',#5689,#5665,#6973,.T.);
#4178=EDGE_CURVE('',#5689,#5688,#6974,.T.);
#4179=EDGE_CURVE('',#5666,#5690,#6975,.T.);
#4180=EDGE_CURVE('',#5691,#5667,#6976,.T.);
#4181=EDGE_CURVE('',#5691,#5690,#6977,.T.);
#4182=EDGE_CURVE('',#5668,#5692,#6978,.T.);
#4183=EDGE_CURVE('',#5693,#5669,#6979,.T.);
#4184=EDGE_CURVE('',#5693,#5692,#6980,.T.);
#4185=EDGE_CURVE('',#5670,#5694,#6981,.T.);
#4186=EDGE_CURVE('',#5695,#5671,#6982,.T.);
#4187=EDGE_CURVE('',#5695,#5694,#6983,.T.);
#4188=EDGE_CURVE('',#5672,#5696,#6984,.T.);
#4189=EDGE_CURVE('',#5697,#5673,#6985,.T.);
#4190=EDGE_CURVE('',#5697,#5696,#6986,.T.);
#4191=EDGE_CURVE('',#5674,#5698,#6987,.T.);
#4192=EDGE_CURVE('',#5699,#5675,#6988,.T.);
#4193=EDGE_CURVE('',#5699,#5698,#6989,.T.);
#4194=EDGE_CURVE('',#5676,#5700,#6990,.T.);
#4195=EDGE_CURVE('',#5701,#5677,#6991,.T.);
#4196=EDGE_CURVE('',#5701,#5700,#6992,.T.);
#4197=EDGE_CURVE('',#5678,#5702,#6993,.T.);
#4198=EDGE_CURVE('',#5703,#5679,#6994,.T.);
#4199=EDGE_CURVE('',#5703,#5702,#6995,.T.);
#4200=EDGE_CURVE('',#5680,#5704,#6996,.T.);
#4201=EDGE_CURVE('',#5705,#5681,#6997,.T.);
#4202=EDGE_CURVE('',#5705,#5704,#6998,.T.);
#4203=EDGE_CURVE('',#5682,#5706,#6999,.T.);
#4204=EDGE_CURVE('',#5707,#5683,#7000,.T.);
#4205=EDGE_CURVE('',#5707,#5706,#7001,.T.);
#4206=EDGE_CURVE('',#5708,#5709,#7002,.T.);
#4207=EDGE_CURVE('',#5708,#5710,#7003,.T.);
#4208=EDGE_CURVE('',#5711,#5710,#7004,.T.);
#4209=EDGE_CURVE('',#5709,#5711,#7005,.T.);
#4210=EDGE_CURVE('',#5712,#5713,#7006,.T.);
#4211=EDGE_CURVE('',#5714,#5712,#7007,.T.);
#4212=EDGE_CURVE('',#5715,#5714,#7008,.T.);
#4213=EDGE_CURVE('',#5715,#5713,#7009,.T.);
#4214=EDGE_CURVE('',#5716,#5717,#7010,.T.);
#4215=EDGE_CURVE('',#5718,#5716,#7011,.T.);
#4216=EDGE_CURVE('',#5719,#5718,#7012,.T.);
#4217=EDGE_CURVE('',#5719,#5717,#7013,.T.);
#4218=EDGE_CURVE('',#5720,#5721,#7014,.T.);
#4219=EDGE_CURVE('',#5722,#5720,#7015,.T.);
#4220=EDGE_CURVE('',#5723,#5722,#7016,.T.);
#4221=EDGE_CURVE('',#5723,#5721,#7017,.T.);
#4222=EDGE_CURVE('',#5724,#5725,#7018,.T.);
#4223=EDGE_CURVE('',#5726,#5724,#7019,.T.);
#4224=EDGE_CURVE('',#5727,#5726,#7020,.T.);
#4225=EDGE_CURVE('',#5727,#5725,#7021,.T.);
#4226=EDGE_CURVE('',#5728,#5729,#7022,.T.);
#4227=EDGE_CURVE('',#5730,#5728,#7023,.T.);
#4228=EDGE_CURVE('',#5731,#5730,#7024,.T.);
#4229=EDGE_CURVE('',#5731,#5729,#7025,.T.);
#4230=EDGE_CURVE('',#5732,#5733,#7026,.T.);
#4231=EDGE_CURVE('',#5734,#5732,#7027,.T.);
#4232=EDGE_CURVE('',#5735,#5734,#7028,.T.);
#4233=EDGE_CURVE('',#5735,#5733,#7029,.T.);
#4234=EDGE_CURVE('',#5736,#5737,#7030,.T.);
#4235=EDGE_CURVE('',#5738,#5736,#7031,.T.);
#4236=EDGE_CURVE('',#5739,#5738,#7032,.T.);
#4237=EDGE_CURVE('',#5739,#5737,#7033,.T.);
#4238=EDGE_CURVE('',#5740,#5741,#7034,.T.);
#4239=EDGE_CURVE('',#5742,#5740,#7035,.T.);
#4240=EDGE_CURVE('',#5743,#5742,#7036,.T.);
#4241=EDGE_CURVE('',#5743,#5741,#7037,.T.);
#4242=EDGE_CURVE('',#5744,#5745,#7038,.T.);
#4243=EDGE_CURVE('',#5746,#5744,#7039,.T.);
#4244=EDGE_CURVE('',#5747,#5746,#7040,.T.);
#4245=EDGE_CURVE('',#5747,#5745,#7041,.T.);
#4246=EDGE_CURVE('',#5748,#5749,#7042,.T.);
#4247=EDGE_CURVE('',#5750,#5748,#7043,.T.);
#4248=EDGE_CURVE('',#5751,#5750,#7044,.T.);
#4249=EDGE_CURVE('',#5751,#5749,#7045,.T.);
#4250=EDGE_CURVE('',#5752,#5753,#7046,.T.);
#4251=EDGE_CURVE('',#5754,#5752,#7047,.T.);
#4252=EDGE_CURVE('',#5755,#5754,#7048,.T.);
#4253=EDGE_CURVE('',#5755,#5753,#7049,.T.);
#4254=EDGE_CURVE('',#5710,#5756,#7050,.T.);
#4255=EDGE_CURVE('',#5757,#5708,#7051,.T.);
#4256=EDGE_CURVE('',#5757,#5756,#7052,.T.);
#4257=EDGE_CURVE('',#5713,#5758,#7053,.T.);
#4258=EDGE_CURVE('',#5759,#5715,#7054,.T.);
#4259=EDGE_CURVE('',#5759,#5758,#7055,.T.);
#4260=EDGE_CURVE('',#5717,#5760,#7056,.T.);
#4261=EDGE_CURVE('',#5761,#5719,#7057,.T.);
#4262=EDGE_CURVE('',#5761,#5760,#7058,.T.);
#4263=EDGE_CURVE('',#5721,#5762,#7059,.T.);
#4264=EDGE_CURVE('',#5763,#5723,#7060,.T.);
#4265=EDGE_CURVE('',#5763,#5762,#7061,.T.);
#4266=EDGE_CURVE('',#5725,#5764,#7062,.T.);
#4267=EDGE_CURVE('',#5765,#5727,#7063,.T.);
#4268=EDGE_CURVE('',#5765,#5764,#7064,.T.);
#4269=EDGE_CURVE('',#5729,#5766,#7065,.T.);
#4270=EDGE_CURVE('',#5767,#5731,#7066,.T.);
#4271=EDGE_CURVE('',#5767,#5766,#7067,.T.);
#4272=EDGE_CURVE('',#5733,#5768,#7068,.T.);
#4273=EDGE_CURVE('',#5769,#5735,#7069,.T.);
#4274=EDGE_CURVE('',#5769,#5768,#7070,.T.);
#4275=EDGE_CURVE('',#5737,#5770,#7071,.T.);
#4276=EDGE_CURVE('',#5771,#5739,#7072,.T.);
#4277=EDGE_CURVE('',#5771,#5770,#7073,.T.);
#4278=EDGE_CURVE('',#5741,#5772,#7074,.T.);
#4279=EDGE_CURVE('',#5773,#5743,#7075,.T.);
#4280=EDGE_CURVE('',#5773,#5772,#7076,.T.);
#4281=EDGE_CURVE('',#5745,#5774,#7077,.T.);
#4282=EDGE_CURVE('',#5775,#5747,#7078,.T.);
#4283=EDGE_CURVE('',#5775,#5774,#7079,.T.);
#4284=EDGE_CURVE('',#5749,#5776,#7080,.T.);
#4285=EDGE_CURVE('',#5777,#5751,#7081,.T.);
#4286=EDGE_CURVE('',#5777,#5776,#7082,.T.);
#4287=EDGE_CURVE('',#5753,#5778,#7083,.T.);
#4288=EDGE_CURVE('',#5779,#5755,#7084,.T.);
#4289=EDGE_CURVE('',#5779,#5778,#7085,.T.);
#4290=EDGE_CURVE('',#5756,#5780,#7086,.T.);
#4291=EDGE_CURVE('',#5757,#5781,#7087,.T.);
#4292=EDGE_CURVE('',#5781,#5780,#7088,.T.);
#4293=EDGE_CURVE('',#5758,#5782,#7089,.T.);
#4294=EDGE_CURVE('',#5759,#5783,#7090,.T.);
#4295=EDGE_CURVE('',#5783,#5782,#7091,.T.);
#4296=EDGE_CURVE('',#5760,#5784,#7092,.T.);
#4297=EDGE_CURVE('',#5761,#5785,#7093,.T.);
#4298=EDGE_CURVE('',#5785,#5784,#7094,.T.);
#4299=EDGE_CURVE('',#5762,#5786,#7095,.T.);
#4300=EDGE_CURVE('',#5763,#5787,#7096,.T.);
#4301=EDGE_CURVE('',#5787,#5786,#7097,.T.);
#4302=EDGE_CURVE('',#5764,#5788,#7098,.T.);
#4303=EDGE_CURVE('',#5765,#5789,#7099,.T.);
#4304=EDGE_CURVE('',#5789,#5788,#7100,.T.);
#4305=EDGE_CURVE('',#5766,#5790,#7101,.T.);
#4306=EDGE_CURVE('',#5767,#5791,#7102,.T.);
#4307=EDGE_CURVE('',#5791,#5790,#7103,.T.);
#4308=EDGE_CURVE('',#5768,#5792,#7104,.T.);
#4309=EDGE_CURVE('',#5769,#5793,#7105,.T.);
#4310=EDGE_CURVE('',#5793,#5792,#7106,.T.);
#4311=EDGE_CURVE('',#5770,#5794,#7107,.T.);
#4312=EDGE_CURVE('',#5771,#5795,#7108,.T.);
#4313=EDGE_CURVE('',#5795,#5794,#7109,.T.);
#4314=EDGE_CURVE('',#5772,#5796,#7110,.T.);
#4315=EDGE_CURVE('',#5773,#5797,#7111,.T.);
#4316=EDGE_CURVE('',#5797,#5796,#7112,.T.);
#4317=EDGE_CURVE('',#5774,#5798,#7113,.T.);
#4318=EDGE_CURVE('',#5775,#5799,#7114,.T.);
#4319=EDGE_CURVE('',#5799,#5798,#7115,.T.);
#4320=EDGE_CURVE('',#5776,#5800,#7116,.T.);
#4321=EDGE_CURVE('',#5777,#5801,#7117,.T.);
#4322=EDGE_CURVE('',#5801,#5800,#7118,.T.);
#4323=EDGE_CURVE('',#5778,#5802,#7119,.T.);
#4324=EDGE_CURVE('',#5779,#5803,#7120,.T.);
#4325=EDGE_CURVE('',#5803,#5802,#7121,.T.);
#4326=EDGE_CURVE('',#5780,#5519,#7122,.T.);
#4327=EDGE_CURVE('',#5517,#5781,#7123,.T.);
#4328=EDGE_CURVE('',#5782,#5520,#7124,.T.);
#4329=EDGE_CURVE('',#5522,#5783,#7125,.T.);
#4330=EDGE_CURVE('',#5784,#5524,#7126,.T.);
#4331=EDGE_CURVE('',#5526,#5785,#7127,.T.);
#4332=EDGE_CURVE('',#5786,#5528,#7128,.T.);
#4333=EDGE_CURVE('',#5530,#5787,#7129,.T.);
#4334=EDGE_CURVE('',#5788,#5532,#7130,.T.);
#4335=EDGE_CURVE('',#5534,#5789,#7131,.T.);
#4336=EDGE_CURVE('',#5790,#5536,#7132,.T.);
#4337=EDGE_CURVE('',#5538,#5791,#7133,.T.);
#4338=EDGE_CURVE('',#5792,#5540,#7134,.T.);
#4339=EDGE_CURVE('',#5542,#5793,#7135,.T.);
#4340=EDGE_CURVE('',#5794,#5544,#7136,.T.);
#4341=EDGE_CURVE('',#5546,#5795,#7137,.T.);
#4342=EDGE_CURVE('',#5796,#5548,#7138,.T.);
#4343=EDGE_CURVE('',#5550,#5797,#7139,.T.);
#4344=EDGE_CURVE('',#5798,#5552,#7140,.T.);
#4345=EDGE_CURVE('',#5554,#5799,#7141,.T.);
#4346=EDGE_CURVE('',#5800,#5556,#7142,.T.);
#4347=EDGE_CURVE('',#5558,#5801,#7143,.T.);
#4348=EDGE_CURVE('',#5802,#5560,#7144,.T.);
#4349=EDGE_CURVE('',#5562,#5803,#7145,.T.);
#4350=EDGE_CURVE('',#5804,#5805,#7146,.T.);
#4351=EDGE_CURVE('',#5806,#5804,#7147,.T.);
#4352=EDGE_CURVE('',#5806,#5807,#7148,.T.);
#4353=EDGE_CURVE('',#5807,#5805,#7149,.T.);
#4354=EDGE_CURVE('',#5808,#5516,#7150,.T.);
#4355=EDGE_CURVE('',#5809,#5808,#7151,.T.);
#4356=EDGE_CURVE('',#5521,#5809,#7152,.T.);
#4357=EDGE_CURVE('',#5810,#5523,#7153,.T.);
#4358=EDGE_CURVE('',#5811,#5810,#7154,.T.);
#4359=EDGE_CURVE('',#5525,#5811,#7155,.T.);
#4360=EDGE_CURVE('',#5812,#5527,#7156,.T.);
#4361=EDGE_CURVE('',#5813,#5812,#7157,.T.);
#4362=EDGE_CURVE('',#5529,#5813,#7158,.T.);
#4363=EDGE_CURVE('',#5814,#5531,#7159,.T.);
#4364=EDGE_CURVE('',#5815,#5814,#7160,.T.);
#4365=EDGE_CURVE('',#5533,#5815,#7161,.T.);
#4366=EDGE_CURVE('',#5816,#5535,#7162,.T.);
#4367=EDGE_CURVE('',#5817,#5816,#7163,.T.);
#4368=EDGE_CURVE('',#5537,#5817,#7164,.T.);
#4369=EDGE_CURVE('',#5818,#5539,#7165,.T.);
#4370=EDGE_CURVE('',#5819,#5818,#7166,.T.);
#4371=EDGE_CURVE('',#5541,#5819,#7167,.T.);
#4372=EDGE_CURVE('',#5820,#5543,#7168,.T.);
#4373=EDGE_CURVE('',#5821,#5820,#7169,.T.);
#4374=EDGE_CURVE('',#5545,#5821,#7170,.T.);
#4375=EDGE_CURVE('',#5822,#5547,#7171,.T.);
#4376=EDGE_CURVE('',#5823,#5822,#7172,.T.);
#4377=EDGE_CURVE('',#5549,#5823,#7173,.T.);
#4378=EDGE_CURVE('',#5824,#5551,#7174,.T.);
#4379=EDGE_CURVE('',#5825,#5824,#7175,.T.);
#4380=EDGE_CURVE('',#5553,#5825,#7176,.T.);
#4381=EDGE_CURVE('',#5826,#5555,#7177,.T.);
#4382=EDGE_CURVE('',#5827,#5826,#7178,.T.);
#4383=EDGE_CURVE('',#5557,#5827,#7179,.T.);
#4384=EDGE_CURVE('',#5828,#5559,#7180,.T.);
#4385=EDGE_CURVE('',#5829,#5828,#7181,.T.);
#4386=EDGE_CURVE('',#5561,#5829,#7182,.T.);
#4387=EDGE_CURVE('',#5830,#5563,#7183,.T.);
#4388=EDGE_CURVE('',#5831,#5830,#7184,.T.);
#4389=EDGE_CURVE('',#5805,#5831,#7185,.T.);
#4390=EDGE_CURVE('',#5807,#5832,#7186,.T.);
#4391=EDGE_CURVE('',#5832,#5833,#7187,.T.);
#4392=EDGE_CURVE('',#5518,#5833,#7188,.T.);
#4393=EDGE_CURVE('',#5565,#5834,#7189,.T.);
#4394=EDGE_CURVE('',#5833,#5567,#7190,.T.);
#4395=EDGE_CURVE('',#5832,#5835,#7191,.T.);
#4396=EDGE_CURVE('',#5835,#5836,#7192,.T.);
#4397=EDGE_CURVE('',#5837,#5836,#7193,.T.);
#4398=EDGE_CURVE('',#5838,#5837,#7194,.T.);
#4399=EDGE_CURVE('',#5610,#5838,#7195,.T.);
#4400=EDGE_CURVE('',#5839,#5608,#7196,.T.);
#4401=EDGE_CURVE('',#5840,#5839,#7197,.T.);
#4402=EDGE_CURVE('',#5606,#5840,#7198,.T.);
#4403=EDGE_CURVE('',#5841,#5604,#7199,.T.);
#4404=EDGE_CURVE('',#5842,#5841,#7200,.T.);
#4405=EDGE_CURVE('',#5602,#5842,#7201,.T.);
#4406=EDGE_CURVE('',#5843,#5600,#7202,.T.);
#4407=EDGE_CURVE('',#5844,#5843,#7203,.T.);
#4408=EDGE_CURVE('',#5598,#5844,#7204,.T.);
#4409=EDGE_CURVE('',#5845,#5596,#7205,.T.);
#4410=EDGE_CURVE('',#5846,#5845,#7206,.T.);
#4411=EDGE_CURVE('',#5594,#5846,#7207,.T.);
#4412=EDGE_CURVE('',#5847,#5592,#7208,.T.);
#4413=EDGE_CURVE('',#5848,#5847,#7209,.T.);
#4414=EDGE_CURVE('',#5590,#5848,#7210,.T.);
#4415=EDGE_CURVE('',#5849,#5588,#7211,.T.);
#4416=EDGE_CURVE('',#5850,#5849,#7212,.T.);
#4417=EDGE_CURVE('',#5586,#5850,#7213,.T.);
#4418=EDGE_CURVE('',#5851,#5584,#7214,.T.);
#4419=EDGE_CURVE('',#5852,#5851,#7215,.T.);
#4420=EDGE_CURVE('',#5582,#5852,#7216,.T.);
#4421=EDGE_CURVE('',#5853,#5580,#7217,.T.);
#4422=EDGE_CURVE('',#5854,#5853,#7218,.T.);
#4423=EDGE_CURVE('',#5578,#5854,#7219,.T.);
#4424=EDGE_CURVE('',#5855,#5576,#7220,.T.);
#4425=EDGE_CURVE('',#5856,#5855,#7221,.T.);
#4426=EDGE_CURVE('',#5574,#5856,#7222,.T.);
#4427=EDGE_CURVE('',#5857,#5572,#7223,.T.);
#4428=EDGE_CURVE('',#5858,#5857,#7224,.T.);
#4429=EDGE_CURVE('',#5570,#5858,#7225,.T.);
#4430=EDGE_CURVE('',#5859,#5568,#7226,.T.);
#4431=EDGE_CURVE('',#5834,#5859,#7227,.T.);
#4432=EDGE_CURVE('',#5836,#5860,#7228,.T.);
#4433=EDGE_CURVE('',#5835,#5861,#7229,.T.);
#4434=EDGE_CURVE('',#5861,#5860,#7230,.T.);
#4435=EDGE_CURVE('',#5860,#5862,#7231,.T.);
#4436=EDGE_CURVE('',#5863,#5861,#7232,.T.);
#4437=EDGE_CURVE('',#5863,#5862,#7233,.T.);
#4438=EDGE_CURVE('',#5862,#5864,#7234,.T.);
#4439=EDGE_CURVE('',#5863,#5865,#7235,.T.);
#4440=EDGE_CURVE('',#5865,#5864,#7236,.T.);
#4441=EDGE_CURVE('',#5864,#5866,#7237,.T.);
#4442=EDGE_CURVE('',#5867,#5865,#7238,.T.);
#4443=EDGE_CURVE('',#5867,#5866,#7239,.T.);
#4444=EDGE_CURVE('',#5866,#5868,#7240,.T.);
#4445=EDGE_CURVE('',#5867,#5869,#7241,.T.);
#4446=EDGE_CURVE('',#5869,#5868,#7242,.T.);
#4447=EDGE_CURVE('',#5870,#5871,#7243,.T.);
#4448=EDGE_CURVE('',#5871,#5831,#7244,.T.);
#4449=EDGE_CURVE('',#5754,#5830,#7245,.T.);
#4450=EDGE_CURVE('',#5752,#5829,#7246,.T.);
#4451=EDGE_CURVE('',#5750,#5828,#7247,.T.);
#4452=EDGE_CURVE('',#5748,#5827,#7248,.T.);
#4453=EDGE_CURVE('',#5746,#5826,#7249,.T.);
#4454=EDGE_CURVE('',#5744,#5825,#7250,.T.);
#4455=EDGE_CURVE('',#5742,#5824,#7251,.T.);
#4456=EDGE_CURVE('',#5740,#5823,#7252,.T.);
#4457=EDGE_CURVE('',#5738,#5822,#7253,.T.);
#4458=EDGE_CURVE('',#5736,#5821,#7254,.T.);
#4459=EDGE_CURVE('',#5734,#5820,#7255,.T.);
#4460=EDGE_CURVE('',#5732,#5819,#7256,.T.);
#4461=EDGE_CURVE('',#5730,#5818,#7257,.T.);
#4462=EDGE_CURVE('',#5728,#5817,#7258,.T.);
#4463=EDGE_CURVE('',#5726,#5816,#7259,.T.);
#4464=EDGE_CURVE('',#5724,#5815,#7260,.T.);
#4465=EDGE_CURVE('',#5722,#5814,#7261,.T.);
#4466=EDGE_CURVE('',#5720,#5813,#7262,.T.);
#4467=EDGE_CURVE('',#5718,#5812,#7263,.T.);
#4468=EDGE_CURVE('',#5716,#5811,#7264,.T.);
#4469=EDGE_CURVE('',#5714,#5810,#7265,.T.);
#4470=EDGE_CURVE('',#5712,#5809,#7266,.T.);
#4471=EDGE_CURVE('',#5709,#5808,#7267,.T.);
#4472=EDGE_CURVE('',#5685,#5711,#7268,.T.);
#4473=EDGE_CURVE('',#5834,#5684,#7269,.T.);
#4474=EDGE_CURVE('',#5859,#5686,#7270,.T.);
#4475=EDGE_CURVE('',#5858,#5687,#7271,.T.);
#4476=EDGE_CURVE('',#5857,#5688,#7272,.T.);
#4477=EDGE_CURVE('',#5856,#5689,#7273,.T.);
#4478=EDGE_CURVE('',#5855,#5690,#7274,.T.);
#4479=EDGE_CURVE('',#5854,#5691,#7275,.T.);
#4480=EDGE_CURVE('',#5853,#5692,#7276,.T.);
#4481=EDGE_CURVE('',#5852,#5693,#7277,.T.);
#4482=EDGE_CURVE('',#5851,#5694,#7278,.T.);
#4483=EDGE_CURVE('',#5850,#5695,#7279,.T.);
#4484=EDGE_CURVE('',#5849,#5696,#7280,.T.);
#4485=EDGE_CURVE('',#5848,#5697,#7281,.T.);
#4486=EDGE_CURVE('',#5847,#5698,#7282,.T.);
#4487=EDGE_CURVE('',#5846,#5699,#7283,.T.);
#4488=EDGE_CURVE('',#5845,#5700,#7284,.T.);
#4489=EDGE_CURVE('',#5844,#5701,#7285,.T.);
#4490=EDGE_CURVE('',#5843,#5702,#7286,.T.);
#4491=EDGE_CURVE('',#5842,#5703,#7287,.T.);
#4492=EDGE_CURVE('',#5841,#5704,#7288,.T.);
#4493=EDGE_CURVE('',#5840,#5705,#7289,.T.);
#4494=EDGE_CURVE('',#5839,#5706,#7290,.T.);
#4495=EDGE_CURVE('',#5838,#5707,#7291,.T.);
#4496=EDGE_CURVE('',#5837,#5868,#7292,.T.);
#4497=EDGE_CURVE('',#5869,#5870,#7293,.T.);
#4498=EDGE_CURVE('',#5871,#5872,#7294,.T.);
#4499=EDGE_CURVE('',#5870,#5873,#7295,.T.);
#4500=EDGE_CURVE('',#5873,#5872,#7296,.T.);
#4501=EDGE_CURVE('',#5872,#5874,#7297,.T.);
#4502=EDGE_CURVE('',#5875,#5873,#7298,.T.);
#4503=EDGE_CURVE('',#5875,#5874,#7299,.T.);
#4504=EDGE_CURVE('',#5874,#5876,#7300,.T.);
#4505=EDGE_CURVE('',#5875,#5877,#7301,.T.);
#4506=EDGE_CURVE('',#5877,#5876,#7302,.T.);
#4507=EDGE_CURVE('',#5876,#5804,#7303,.T.);
#4508=EDGE_CURVE('',#5806,#5877,#7304,.T.);
#4509=EDGE_CURVE('',#5861,#5867,#7305,.T.);
#4510=EDGE_CURVE('',#5873,#5806,#7306,.T.);
#4511=EDGE_CURVE('',#5566,#5660,#7307,.T.);
#4512=EDGE_CURVE('',#5710,#5519,#7308,.T.);
#4513=EDGE_CURVE('',#5755,#5562,#7309,.T.);
#4514=EDGE_CURVE('',#5872,#5804,#7310,.T.);
#4515=EDGE_CURVE('',#5751,#5558,#7311,.T.);
#4516=EDGE_CURVE('',#5753,#5560,#7312,.T.);
#4517=EDGE_CURVE('',#5747,#5554,#7313,.T.);
#4518=EDGE_CURVE('',#5749,#5556,#7314,.T.);
#4519=EDGE_CURVE('',#5743,#5550,#7315,.T.);
#4520=EDGE_CURVE('',#5745,#5552,#7316,.T.);
#4521=EDGE_CURVE('',#5739,#5546,#7317,.T.);
#4522=EDGE_CURVE('',#5741,#5548,#7318,.T.);
#4523=EDGE_CURVE('',#5735,#5542,#7319,.T.);
#4524=EDGE_CURVE('',#5737,#5544,#7320,.T.);
#4525=EDGE_CURVE('',#5731,#5538,#7321,.T.);
#4526=EDGE_CURVE('',#5733,#5540,#7322,.T.);
#4527=EDGE_CURVE('',#5727,#5534,#7323,.T.);
#4528=EDGE_CURVE('',#5729,#5536,#7324,.T.);
#4529=EDGE_CURVE('',#5723,#5530,#7325,.T.);
#4530=EDGE_CURVE('',#5725,#5532,#7326,.T.);
#4531=EDGE_CURVE('',#5719,#5526,#7327,.T.);
#4532=EDGE_CURVE('',#5721,#5528,#7328,.T.);
#4533=EDGE_CURVE('',#5715,#5522,#7329,.T.);
#4534=EDGE_CURVE('',#5717,#5524,#7330,.T.);
#4535=EDGE_CURVE('',#5708,#5517,#7331,.T.);
#4536=EDGE_CURVE('',#5713,#5520,#7332,.T.);
#4537=EDGE_CURVE('',#5860,#5866,#7333,.T.);
#4538=EDGE_CURVE('',#5611,#5683,#7334,.T.);
#4539=EDGE_CURVE('',#5609,#5682,#7335,.T.);
#4540=EDGE_CURVE('',#5607,#5681,#7336,.T.);
#4541=EDGE_CURVE('',#5605,#5680,#7337,.T.);
#4542=EDGE_CURVE('',#5603,#5679,#7338,.T.);
#4543=EDGE_CURVE('',#5601,#5678,#7339,.T.);
#4544=EDGE_CURVE('',#5599,#5677,#7340,.T.);
#4545=EDGE_CURVE('',#5597,#5676,#7341,.T.);
#4546=EDGE_CURVE('',#5595,#5675,#7342,.T.);
#4547=EDGE_CURVE('',#5593,#5674,#7343,.T.);
#4548=EDGE_CURVE('',#5591,#5673,#7344,.T.);
#4549=EDGE_CURVE('',#5589,#5672,#7345,.T.);
#4550=EDGE_CURVE('',#5587,#5671,#7346,.T.);
#4551=EDGE_CURVE('',#5585,#5670,#7347,.T.);
#4552=EDGE_CURVE('',#5583,#5669,#7348,.T.);
#4553=EDGE_CURVE('',#5581,#5668,#7349,.T.);
#4554=EDGE_CURVE('',#5579,#5667,#7350,.T.);
#4555=EDGE_CURVE('',#5577,#5666,#7351,.T.);
#4556=EDGE_CURVE('',#5575,#5665,#7352,.T.);
#4557=EDGE_CURVE('',#5573,#5664,#7353,.T.);
#4558=EDGE_CURVE('',#5571,#5663,#7354,.T.);
#4559=EDGE_CURVE('',#5564,#5661,#7355,.T.);
#4560=EDGE_CURVE('',#5569,#5662,#7356,.T.);
#4561=EDGE_CURVE('',#5878,#5879,#7357,.T.);
#4562=EDGE_CURVE('',#5880,#5878,#7358,.T.);
#4563=EDGE_CURVE('',#5880,#5881,#7359,.T.);
#4564=EDGE_CURVE('',#5881,#5879,#7360,.T.);
#4565=EDGE_CURVE('',#5882,#5883,#7361,.T.);
#4566=EDGE_CURVE('',#5882,#5884,#7362,.T.);
#4567=EDGE_CURVE('',#5885,#5884,#7363,.T.);
#4568=EDGE_CURVE('',#5883,#5885,#7364,.T.);
#4569=EDGE_CURVE('',#5886,#5887,#7365,.T.);
#4570=EDGE_CURVE('',#5886,#5888,#7366,.T.);
#4571=EDGE_CURVE('',#5889,#5888,#7367,.T.);
#4572=EDGE_CURVE('',#5887,#5889,#7368,.T.);
#4573=EDGE_CURVE('',#5890,#5891,#7369,.T.);
#4574=EDGE_CURVE('',#5890,#5892,#7370,.T.);
#4575=EDGE_CURVE('',#5893,#5892,#7371,.T.);
#4576=EDGE_CURVE('',#5891,#5893,#7372,.T.);
#4577=EDGE_CURVE('',#5894,#5895,#7373,.T.);
#4578=EDGE_CURVE('',#5894,#5896,#7374,.T.);
#4579=EDGE_CURVE('',#5897,#5896,#7375,.T.);
#4580=EDGE_CURVE('',#5895,#5897,#7376,.T.);
#4581=EDGE_CURVE('',#5898,#5899,#7377,.T.);
#4582=EDGE_CURVE('',#5898,#5900,#7378,.T.);
#4583=EDGE_CURVE('',#5901,#5900,#7379,.T.);
#4584=EDGE_CURVE('',#5899,#5901,#7380,.T.);
#4585=EDGE_CURVE('',#5902,#5903,#7381,.T.);
#4586=EDGE_CURVE('',#5902,#5904,#7382,.T.);
#4587=EDGE_CURVE('',#5905,#5904,#7383,.T.);
#4588=EDGE_CURVE('',#5903,#5905,#7384,.T.);
#4589=EDGE_CURVE('',#5906,#5907,#7385,.T.);
#4590=EDGE_CURVE('',#5906,#5908,#7386,.T.);
#4591=EDGE_CURVE('',#5909,#5908,#7387,.T.);
#4592=EDGE_CURVE('',#5907,#5909,#7388,.T.);
#4593=EDGE_CURVE('',#5910,#5911,#7389,.T.);
#4594=EDGE_CURVE('',#5910,#5912,#7390,.T.);
#4595=EDGE_CURVE('',#5913,#5912,#7391,.T.);
#4596=EDGE_CURVE('',#5911,#5913,#7392,.T.);
#4597=EDGE_CURVE('',#5914,#5915,#7393,.T.);
#4598=EDGE_CURVE('',#5914,#5916,#7394,.T.);
#4599=EDGE_CURVE('',#5917,#5916,#7395,.T.);
#4600=EDGE_CURVE('',#5915,#5917,#7396,.T.);
#4601=EDGE_CURVE('',#5918,#5919,#7397,.T.);
#4602=EDGE_CURVE('',#5918,#5920,#7398,.T.);
#4603=EDGE_CURVE('',#5921,#5920,#7399,.T.);
#4604=EDGE_CURVE('',#5919,#5921,#7400,.T.);
#4605=EDGE_CURVE('',#5922,#5923,#7401,.T.);
#4606=EDGE_CURVE('',#5922,#5924,#7402,.T.);
#4607=EDGE_CURVE('',#5925,#5924,#7403,.T.);
#4608=EDGE_CURVE('',#5923,#5925,#7404,.T.);
#4609=EDGE_CURVE('',#5879,#5926,#7405,.T.);
#4610=EDGE_CURVE('',#5881,#5927,#7406,.T.);
#4611=EDGE_CURVE('',#5927,#5926,#7407,.T.);
#4612=EDGE_CURVE('',#5928,#5882,#7408,.T.);
#4613=EDGE_CURVE('',#5928,#5929,#7409,.T.);
#4614=EDGE_CURVE('',#5884,#5929,#7410,.T.);
#4615=EDGE_CURVE('',#5930,#5886,#7411,.T.);
#4616=EDGE_CURVE('',#5930,#5931,#7412,.T.);
#4617=EDGE_CURVE('',#5888,#5931,#7413,.T.);
#4618=EDGE_CURVE('',#5932,#5890,#7414,.T.);
#4619=EDGE_CURVE('',#5932,#5933,#7415,.T.);
#4620=EDGE_CURVE('',#5892,#5933,#7416,.T.);
#4621=EDGE_CURVE('',#5934,#5894,#7417,.T.);
#4622=EDGE_CURVE('',#5934,#5935,#7418,.T.);
#4623=EDGE_CURVE('',#5896,#5935,#7419,.T.);
#4624=EDGE_CURVE('',#5936,#5898,#7420,.T.);
#4625=EDGE_CURVE('',#5936,#5937,#7421,.T.);
#4626=EDGE_CURVE('',#5900,#5937,#7422,.T.);
#4627=EDGE_CURVE('',#5938,#5902,#7423,.T.);
#4628=EDGE_CURVE('',#5938,#5939,#7424,.T.);
#4629=EDGE_CURVE('',#5904,#5939,#7425,.T.);
#4630=EDGE_CURVE('',#5940,#5906,#7426,.T.);
#4631=EDGE_CURVE('',#5940,#5941,#7427,.T.);
#4632=EDGE_CURVE('',#5908,#5941,#7428,.T.);
#4633=EDGE_CURVE('',#5942,#5910,#7429,.T.);
#4634=EDGE_CURVE('',#5942,#5943,#7430,.T.);
#4635=EDGE_CURVE('',#5912,#5943,#7431,.T.);
#4636=EDGE_CURVE('',#5944,#5914,#7432,.T.);
#4637=EDGE_CURVE('',#5944,#5945,#7433,.T.);
#4638=EDGE_CURVE('',#5916,#5945,#7434,.T.);
#4639=EDGE_CURVE('',#5946,#5918,#7435,.T.);
#4640=EDGE_CURVE('',#5946,#5947,#7436,.T.);
#4641=EDGE_CURVE('',#5920,#5947,#7437,.T.);
#4642=EDGE_CURVE('',#5948,#5922,#7438,.T.);
#4643=EDGE_CURVE('',#5948,#5949,#7439,.T.);
#4644=EDGE_CURVE('',#5924,#5949,#7440,.T.);
#4645=EDGE_CURVE('',#5926,#5950,#7441,.T.);
#4646=EDGE_CURVE('',#5927,#5951,#7442,.T.);
#4647=EDGE_CURVE('',#5951,#5950,#7443,.T.);
#4648=EDGE_CURVE('',#5952,#5928,#7444,.T.);
#4649=EDGE_CURVE('',#5952,#5953,#7445,.T.);
#4650=EDGE_CURVE('',#5929,#5953,#7446,.T.);
#4651=EDGE_CURVE('',#5954,#5930,#7447,.T.);
#4652=EDGE_CURVE('',#5954,#5955,#7448,.T.);
#4653=EDGE_CURVE('',#5931,#5955,#7449,.T.);
#4654=EDGE_CURVE('',#5956,#5932,#7450,.T.);
#4655=EDGE_CURVE('',#5956,#5957,#7451,.T.);
#4656=EDGE_CURVE('',#5933,#5957,#7452,.T.);
#4657=EDGE_CURVE('',#5958,#5934,#7453,.T.);
#4658=EDGE_CURVE('',#5958,#5959,#7454,.T.);
#4659=EDGE_CURVE('',#5935,#5959,#7455,.T.);
#4660=EDGE_CURVE('',#5960,#5936,#7456,.T.);
#4661=EDGE_CURVE('',#5960,#5961,#7457,.T.);
#4662=EDGE_CURVE('',#5937,#5961,#7458,.T.);
#4663=EDGE_CURVE('',#5962,#5938,#7459,.T.);
#4664=EDGE_CURVE('',#5962,#5963,#7460,.T.);
#4665=EDGE_CURVE('',#5939,#5963,#7461,.T.);
#4666=EDGE_CURVE('',#5964,#5940,#7462,.T.);
#4667=EDGE_CURVE('',#5964,#5965,#7463,.T.);
#4668=EDGE_CURVE('',#5941,#5965,#7464,.T.);
#4669=EDGE_CURVE('',#5966,#5942,#7465,.T.);
#4670=EDGE_CURVE('',#5966,#5967,#7466,.T.);
#4671=EDGE_CURVE('',#5943,#5967,#7467,.T.);
#4672=EDGE_CURVE('',#5968,#5944,#7468,.T.);
#4673=EDGE_CURVE('',#5968,#5969,#7469,.T.);
#4674=EDGE_CURVE('',#5945,#5969,#7470,.T.);
#4675=EDGE_CURVE('',#5970,#5946,#7471,.T.);
#4676=EDGE_CURVE('',#5970,#5971,#7472,.T.);
#4677=EDGE_CURVE('',#5947,#5971,#7473,.T.);
#4678=EDGE_CURVE('',#5972,#5948,#7474,.T.);
#4679=EDGE_CURVE('',#5972,#5973,#7475,.T.);
#4680=EDGE_CURVE('',#5949,#5973,#7476,.T.);
#4681=EDGE_CURVE('',#5950,#5974,#10,.F.);
#4682=EDGE_CURVE('',#5951,#5975,#11,.T.);
#4683=EDGE_CURVE('',#5975,#5974,#7477,.T.);
#4684=EDGE_CURVE('',#5976,#5952,#12,.F.);
#4685=EDGE_CURVE('',#5976,#5977,#7478,.T.);
#4686=EDGE_CURVE('',#5953,#5977,#13,.F.);
#4687=EDGE_CURVE('',#5978,#5954,#14,.F.);
#4688=EDGE_CURVE('',#5978,#5979,#7479,.T.);
#4689=EDGE_CURVE('',#5955,#5979,#15,.F.);
#4690=EDGE_CURVE('',#5980,#5956,#16,.F.);
#4691=EDGE_CURVE('',#5980,#5981,#7480,.T.);
#4692=EDGE_CURVE('',#5957,#5981,#17,.F.);
#4693=EDGE_CURVE('',#5982,#5958,#18,.F.);
#4694=EDGE_CURVE('',#5982,#5983,#7481,.T.);
#4695=EDGE_CURVE('',#5959,#5983,#19,.F.);
#4696=EDGE_CURVE('',#5984,#5960,#20,.F.);
#4697=EDGE_CURVE('',#5984,#5985,#7482,.T.);
#4698=EDGE_CURVE('',#5961,#5985,#21,.F.);
#4699=EDGE_CURVE('',#5986,#5962,#22,.F.);
#4700=EDGE_CURVE('',#5986,#5987,#7483,.T.);
#4701=EDGE_CURVE('',#5963,#5987,#23,.F.);
#4702=EDGE_CURVE('',#5988,#5964,#24,.F.);
#4703=EDGE_CURVE('',#5988,#5989,#7484,.T.);
#4704=EDGE_CURVE('',#5965,#5989,#25,.F.);
#4705=EDGE_CURVE('',#5990,#5966,#26,.F.);
#4706=EDGE_CURVE('',#5990,#5991,#7485,.T.);
#4707=EDGE_CURVE('',#5967,#5991,#27,.F.);
#4708=EDGE_CURVE('',#5992,#5968,#28,.F.);
#4709=EDGE_CURVE('',#5992,#5993,#7486,.T.);
#4710=EDGE_CURVE('',#5969,#5993,#29,.F.);
#4711=EDGE_CURVE('',#5994,#5970,#30,.F.);
#4712=EDGE_CURVE('',#5994,#5995,#7487,.T.);
#4713=EDGE_CURVE('',#5971,#5995,#31,.F.);
#4714=EDGE_CURVE('',#5996,#5972,#32,.F.);
#4715=EDGE_CURVE('',#5996,#5997,#7488,.T.);
#4716=EDGE_CURVE('',#5973,#5997,#33,.F.);
#4717=EDGE_CURVE('',#5974,#5998,#7489,.T.);
#4718=EDGE_CURVE('',#5975,#5999,#7490,.T.);
#4719=EDGE_CURVE('',#5999,#5998,#7491,.T.);
#4720=EDGE_CURVE('',#6000,#5976,#7492,.T.);
#4721=EDGE_CURVE('',#6000,#6001,#7493,.T.);
#4722=EDGE_CURVE('',#5977,#6001,#7494,.T.);
#4723=EDGE_CURVE('',#6002,#5978,#7495,.T.);
#4724=EDGE_CURVE('',#6002,#6003,#7496,.T.);
#4725=EDGE_CURVE('',#5979,#6003,#7497,.T.);
#4726=EDGE_CURVE('',#6004,#5980,#7498,.T.);
#4727=EDGE_CURVE('',#6004,#6005,#7499,.T.);
#4728=EDGE_CURVE('',#5981,#6005,#7500,.T.);
#4729=EDGE_CURVE('',#6006,#5982,#7501,.T.);
#4730=EDGE_CURVE('',#6006,#6007,#7502,.T.);
#4731=EDGE_CURVE('',#5983,#6007,#7503,.T.);
#4732=EDGE_CURVE('',#6008,#5984,#7504,.T.);
#4733=EDGE_CURVE('',#6008,#6009,#7505,.T.);
#4734=EDGE_CURVE('',#5985,#6009,#7506,.T.);
#4735=EDGE_CURVE('',#6010,#5986,#7507,.T.);
#4736=EDGE_CURVE('',#6010,#6011,#7508,.T.);
#4737=EDGE_CURVE('',#5987,#6011,#7509,.T.);
#4738=EDGE_CURVE('',#6012,#5988,#7510,.T.);
#4739=EDGE_CURVE('',#6012,#6013,#7511,.T.);
#4740=EDGE_CURVE('',#5989,#6013,#7512,.T.);
#4741=EDGE_CURVE('',#6014,#5990,#7513,.T.);
#4742=EDGE_CURVE('',#6014,#6015,#7514,.T.);
#4743=EDGE_CURVE('',#5991,#6015,#7515,.T.);
#4744=EDGE_CURVE('',#6016,#5992,#7516,.T.);
#4745=EDGE_CURVE('',#6016,#6017,#7517,.T.);
#4746=EDGE_CURVE('',#5993,#6017,#7518,.T.);
#4747=EDGE_CURVE('',#6018,#5994,#7519,.T.);
#4748=EDGE_CURVE('',#6018,#6019,#7520,.T.);
#4749=EDGE_CURVE('',#5995,#6019,#7521,.T.);
#4750=EDGE_CURVE('',#6020,#5996,#7522,.T.);
#4751=EDGE_CURVE('',#6020,#6021,#7523,.T.);
#4752=EDGE_CURVE('',#5997,#6021,#7524,.T.);
#4753=EDGE_CURVE('',#6022,#6023,#7525,.T.);
#4754=EDGE_CURVE('',#6024,#6022,#7526,.T.);
#4755=EDGE_CURVE('',#6024,#6025,#7527,.T.);
#4756=EDGE_CURVE('',#6025,#6023,#7528,.T.);
#4757=EDGE_CURVE('',#6026,#6027,#7529,.T.);
#4758=EDGE_CURVE('',#6026,#6028,#7530,.T.);
#4759=EDGE_CURVE('',#6029,#6028,#7531,.T.);
#4760=EDGE_CURVE('',#6027,#6029,#7532,.T.);
#4761=EDGE_CURVE('',#6030,#6031,#7533,.T.);
#4762=EDGE_CURVE('',#6030,#6032,#7534,.T.);
#4763=EDGE_CURVE('',#6033,#6032,#7535,.T.);
#4764=EDGE_CURVE('',#6031,#6033,#7536,.T.);
#4765=EDGE_CURVE('',#6034,#6035,#7537,.T.);
#4766=EDGE_CURVE('',#6034,#6036,#7538,.T.);
#4767=EDGE_CURVE('',#6037,#6036,#7539,.T.);
#4768=EDGE_CURVE('',#6035,#6037,#7540,.T.);
#4769=EDGE_CURVE('',#6038,#6039,#7541,.T.);
#4770=EDGE_CURVE('',#6038,#6040,#7542,.T.);
#4771=EDGE_CURVE('',#6041,#6040,#7543,.T.);
#4772=EDGE_CURVE('',#6039,#6041,#7544,.T.);
#4773=EDGE_CURVE('',#6042,#6043,#7545,.T.);
#4774=EDGE_CURVE('',#6042,#6044,#7546,.T.);
#4775=EDGE_CURVE('',#6045,#6044,#7547,.T.);
#4776=EDGE_CURVE('',#6043,#6045,#7548,.T.);
#4777=EDGE_CURVE('',#6046,#6047,#7549,.T.);
#4778=EDGE_CURVE('',#6046,#6048,#7550,.T.);
#4779=EDGE_CURVE('',#6049,#6048,#7551,.T.);
#4780=EDGE_CURVE('',#6047,#6049,#7552,.T.);
#4781=EDGE_CURVE('',#6050,#6051,#7553,.T.);
#4782=EDGE_CURVE('',#6050,#6052,#7554,.T.);
#4783=EDGE_CURVE('',#6053,#6052,#7555,.T.);
#4784=EDGE_CURVE('',#6051,#6053,#7556,.T.);
#4785=EDGE_CURVE('',#6054,#6055,#7557,.T.);
#4786=EDGE_CURVE('',#6054,#6056,#7558,.T.);
#4787=EDGE_CURVE('',#6057,#6056,#7559,.T.);
#4788=EDGE_CURVE('',#6055,#6057,#7560,.T.);
#4789=EDGE_CURVE('',#6058,#6059,#7561,.T.);
#4790=EDGE_CURVE('',#6058,#6060,#7562,.T.);
#4791=EDGE_CURVE('',#6061,#6060,#7563,.T.);
#4792=EDGE_CURVE('',#6059,#6061,#7564,.T.);
#4793=EDGE_CURVE('',#6062,#6063,#7565,.T.);
#4794=EDGE_CURVE('',#6062,#6064,#7566,.T.);
#4795=EDGE_CURVE('',#6065,#6064,#7567,.T.);
#4796=EDGE_CURVE('',#6063,#6065,#7568,.T.);
#4797=EDGE_CURVE('',#6066,#6067,#7569,.T.);
#4798=EDGE_CURVE('',#6066,#6068,#7570,.T.);
#4799=EDGE_CURVE('',#6069,#6068,#7571,.T.);
#4800=EDGE_CURVE('',#6067,#6069,#7572,.T.);
#4801=EDGE_CURVE('',#6023,#6070,#34,.F.);
#4802=EDGE_CURVE('',#6025,#6071,#35,.T.);
#4803=EDGE_CURVE('',#6071,#6070,#7573,.T.);
#4804=EDGE_CURVE('',#6072,#6026,#36,.F.);
#4805=EDGE_CURVE('',#6072,#6073,#7574,.T.);
#4806=EDGE_CURVE('',#6028,#6073,#37,.F.);
#4807=EDGE_CURVE('',#6074,#6030,#38,.F.);
#4808=EDGE_CURVE('',#6074,#6075,#7575,.T.);
#4809=EDGE_CURVE('',#6032,#6075,#39,.F.);
#4810=EDGE_CURVE('',#6076,#6034,#40,.F.);
#4811=EDGE_CURVE('',#6076,#6077,#7576,.T.);
#4812=EDGE_CURVE('',#6036,#6077,#41,.F.);
#4813=EDGE_CURVE('',#6078,#6038,#42,.F.);
#4814=EDGE_CURVE('',#6078,#6079,#7577,.T.);
#4815=EDGE_CURVE('',#6040,#6079,#43,.F.);
#4816=EDGE_CURVE('',#6080,#6042,#44,.F.);
#4817=EDGE_CURVE('',#6080,#6081,#7578,.T.);
#4818=EDGE_CURVE('',#6044,#6081,#45,.F.);
#4819=EDGE_CURVE('',#6082,#6046,#46,.F.);
#4820=EDGE_CURVE('',#6082,#6083,#7579,.T.);
#4821=EDGE_CURVE('',#6048,#6083,#47,.F.);
#4822=EDGE_CURVE('',#6084,#6050,#48,.F.);
#4823=EDGE_CURVE('',#6084,#6085,#7580,.T.);
#4824=EDGE_CURVE('',#6052,#6085,#49,.F.);
#4825=EDGE_CURVE('',#6086,#6054,#50,.F.);
#4826=EDGE_CURVE('',#6086,#6087,#7581,.T.);
#4827=EDGE_CURVE('',#6056,#6087,#51,.F.);
#4828=EDGE_CURVE('',#6088,#6058,#52,.F.);
#4829=EDGE_CURVE('',#6088,#6089,#7582,.T.);
#4830=EDGE_CURVE('',#6060,#6089,#53,.F.);
#4831=EDGE_CURVE('',#6090,#6062,#54,.F.);
#4832=EDGE_CURVE('',#6090,#6091,#7583,.T.);
#4833=EDGE_CURVE('',#6064,#6091,#55,.F.);
#4834=EDGE_CURVE('',#6092,#6066,#56,.F.);
#4835=EDGE_CURVE('',#6092,#6093,#7584,.T.);
#4836=EDGE_CURVE('',#6068,#6093,#57,.F.);
#4837=EDGE_CURVE('',#6070,#6094,#7585,.T.);
#4838=EDGE_CURVE('',#6071,#6095,#7586,.T.);
#4839=EDGE_CURVE('',#6095,#6094,#7587,.T.);
#4840=EDGE_CURVE('',#6096,#6072,#7588,.T.);
#4841=EDGE_CURVE('',#6096,#6097,#7589,.T.);
#4842=EDGE_CURVE('',#6073,#6097,#7590,.T.);
#4843=EDGE_CURVE('',#6098,#6074,#7591,.T.);
#4844=EDGE_CURVE('',#6098,#6099,#7592,.T.);
#4845=EDGE_CURVE('',#6075,#6099,#7593,.T.);
#4846=EDGE_CURVE('',#6100,#6076,#7594,.T.);
#4847=EDGE_CURVE('',#6100,#6101,#7595,.T.);
#4848=EDGE_CURVE('',#6077,#6101,#7596,.T.);
#4849=EDGE_CURVE('',#6102,#6078,#7597,.T.);
#4850=EDGE_CURVE('',#6102,#6103,#7598,.T.);
#4851=EDGE_CURVE('',#6079,#6103,#7599,.T.);
#4852=EDGE_CURVE('',#6104,#6080,#7600,.T.);
#4853=EDGE_CURVE('',#6104,#6105,#7601,.T.);
#4854=EDGE_CURVE('',#6081,#6105,#7602,.T.);
#4855=EDGE_CURVE('',#6106,#6082,#7603,.T.);
#4856=EDGE_CURVE('',#6106,#6107,#7604,.T.);
#4857=EDGE_CURVE('',#6083,#6107,#7605,.T.);
#4858=EDGE_CURVE('',#6108,#6084,#7606,.T.);
#4859=EDGE_CURVE('',#6108,#6109,#7607,.T.);
#4860=EDGE_CURVE('',#6085,#6109,#7608,.T.);
#4861=EDGE_CURVE('',#6110,#6086,#7609,.T.);
#4862=EDGE_CURVE('',#6110,#6111,#7610,.T.);
#4863=EDGE_CURVE('',#6087,#6111,#7611,.T.);
#4864=EDGE_CURVE('',#6112,#6088,#7612,.T.);
#4865=EDGE_CURVE('',#6112,#6113,#7613,.T.);
#4866=EDGE_CURVE('',#6089,#6113,#7614,.T.);
#4867=EDGE_CURVE('',#6114,#6090,#7615,.T.);
#4868=EDGE_CURVE('',#6114,#6115,#7616,.T.);
#4869=EDGE_CURVE('',#6091,#6115,#7617,.T.);
#4870=EDGE_CURVE('',#6116,#6092,#7618,.T.);
#4871=EDGE_CURVE('',#6116,#6117,#7619,.T.);
#4872=EDGE_CURVE('',#6093,#6117,#7620,.T.);
#4873=EDGE_CURVE('',#6094,#6118,#7621,.T.);
#4874=EDGE_CURVE('',#6095,#6119,#7622,.T.);
#4875=EDGE_CURVE('',#6119,#6118,#7623,.T.);
#4876=EDGE_CURVE('',#6120,#6096,#7624,.T.);
#4877=EDGE_CURVE('',#6120,#6121,#7625,.T.);
#4878=EDGE_CURVE('',#6097,#6121,#7626,.T.);
#4879=EDGE_CURVE('',#6122,#6098,#7627,.T.);
#4880=EDGE_CURVE('',#6122,#6123,#7628,.T.);
#4881=EDGE_CURVE('',#6099,#6123,#7629,.T.);
#4882=EDGE_CURVE('',#6124,#6100,#7630,.T.);
#4883=EDGE_CURVE('',#6124,#6125,#7631,.T.);
#4884=EDGE_CURVE('',#6101,#6125,#7632,.T.);
#4885=EDGE_CURVE('',#6126,#6102,#7633,.T.);
#4886=EDGE_CURVE('',#6126,#6127,#7634,.T.);
#4887=EDGE_CURVE('',#6103,#6127,#7635,.T.);
#4888=EDGE_CURVE('',#6128,#6104,#7636,.T.);
#4889=EDGE_CURVE('',#6128,#6129,#7637,.T.);
#4890=EDGE_CURVE('',#6105,#6129,#7638,.T.);
#4891=EDGE_CURVE('',#6130,#6106,#7639,.T.);
#4892=EDGE_CURVE('',#6130,#6131,#7640,.T.);
#4893=EDGE_CURVE('',#6107,#6131,#7641,.T.);
#4894=EDGE_CURVE('',#6132,#6108,#7642,.T.);
#4895=EDGE_CURVE('',#6132,#6133,#7643,.T.);
#4896=EDGE_CURVE('',#6109,#6133,#7644,.T.);
#4897=EDGE_CURVE('',#6134,#6110,#7645,.T.);
#4898=EDGE_CURVE('',#6134,#6135,#7646,.T.);
#4899=EDGE_CURVE('',#6111,#6135,#7647,.T.);
#4900=EDGE_CURVE('',#6136,#6112,#7648,.T.);
#4901=EDGE_CURVE('',#6136,#6137,#7649,.T.);
#4902=EDGE_CURVE('',#6113,#6137,#7650,.T.);
#4903=EDGE_CURVE('',#6138,#6114,#7651,.T.);
#4904=EDGE_CURVE('',#6138,#6139,#7652,.T.);
#4905=EDGE_CURVE('',#6115,#6139,#7653,.T.);
#4906=EDGE_CURVE('',#6140,#6116,#7654,.T.);
#4907=EDGE_CURVE('',#6140,#6141,#7655,.T.);
#4908=EDGE_CURVE('',#6117,#6141,#7656,.T.);
#4909=EDGE_CURVE('',#6118,#6142,#7657,.T.);
#4910=EDGE_CURVE('',#6119,#6143,#7658,.T.);
#4911=EDGE_CURVE('',#6143,#6142,#7659,.T.);
#4912=EDGE_CURVE('',#6144,#6120,#7660,.T.);
#4913=EDGE_CURVE('',#6144,#6145,#7661,.T.);
#4914=EDGE_CURVE('',#6121,#6145,#7662,.T.);
#4915=EDGE_CURVE('',#6146,#6122,#7663,.T.);
#4916=EDGE_CURVE('',#6146,#6147,#7664,.T.);
#4917=EDGE_CURVE('',#6123,#6147,#7665,.T.);
#4918=EDGE_CURVE('',#6148,#6124,#7666,.T.);
#4919=EDGE_CURVE('',#6148,#6149,#7667,.T.);
#4920=EDGE_CURVE('',#6125,#6149,#7668,.T.);
#4921=EDGE_CURVE('',#6150,#6126,#7669,.T.);
#4922=EDGE_CURVE('',#6150,#6151,#7670,.T.);
#4923=EDGE_CURVE('',#6127,#6151,#7671,.T.);
#4924=EDGE_CURVE('',#6152,#6128,#7672,.T.);
#4925=EDGE_CURVE('',#6152,#6153,#7673,.T.);
#4926=EDGE_CURVE('',#6129,#6153,#7674,.T.);
#4927=EDGE_CURVE('',#6154,#6130,#7675,.T.);
#4928=EDGE_CURVE('',#6154,#6155,#7676,.T.);
#4929=EDGE_CURVE('',#6131,#6155,#7677,.T.);
#4930=EDGE_CURVE('',#6156,#6132,#7678,.T.);
#4931=EDGE_CURVE('',#6156,#6157,#7679,.T.);
#4932=EDGE_CURVE('',#6133,#6157,#7680,.T.);
#4933=EDGE_CURVE('',#6158,#6134,#7681,.T.);
#4934=EDGE_CURVE('',#6158,#6159,#7682,.T.);
#4935=EDGE_CURVE('',#6135,#6159,#7683,.T.);
#4936=EDGE_CURVE('',#6160,#6136,#7684,.T.);
#4937=EDGE_CURVE('',#6160,#6161,#7685,.T.);
#4938=EDGE_CURVE('',#6137,#6161,#7686,.T.);
#4939=EDGE_CURVE('',#6162,#6138,#7687,.T.);
#4940=EDGE_CURVE('',#6162,#6163,#7688,.T.);
#4941=EDGE_CURVE('',#6139,#6163,#7689,.T.);
#4942=EDGE_CURVE('',#6164,#6140,#7690,.T.);
#4943=EDGE_CURVE('',#6164,#6165,#7691,.T.);
#4944=EDGE_CURVE('',#6141,#6165,#7692,.T.);
#4945=EDGE_CURVE('',#6166,#6167,#7693,.T.);
#4946=EDGE_CURVE('',#6166,#6168,#7694,.T.);
#4947=EDGE_CURVE('',#6169,#6168,#7695,.T.);
#4948=EDGE_CURVE('',#6167,#6169,#7696,.T.);
#4949=EDGE_CURVE('',#6170,#6166,#7697,.T.);
#4950=EDGE_CURVE('',#6170,#6171,#7698,.T.);
#4951=EDGE_CURVE('',#6168,#6171,#7699,.T.);
#4952=EDGE_CURVE('',#6172,#6170,#7700,.T.);
#4953=EDGE_CURVE('',#6172,#6173,#7701,.T.);
#4954=EDGE_CURVE('',#6171,#6173,#7702,.T.);
#4955=EDGE_CURVE('',#6174,#6172,#58,.F.);
#4956=EDGE_CURVE('',#6174,#6175,#7703,.T.);
#4957=EDGE_CURVE('',#6173,#6175,#59,.T.);
#4958=EDGE_CURVE('',#6176,#6174,#7704,.T.);
#4959=EDGE_CURVE('',#6176,#6177,#7705,.T.);
#4960=EDGE_CURVE('',#6175,#6177,#7706,.T.);
#4961=EDGE_CURVE('',#6176,#6178,#7707,.T.);
#4962=EDGE_CURVE('',#6178,#6179,#7708,.T.);
#4963=EDGE_CURVE('',#6021,#6179,#7709,.T.);
#4964=EDGE_CURVE('',#6020,#6180,#7710,.T.);
#4965=EDGE_CURVE('',#6180,#6181,#7711,.T.);
#4966=EDGE_CURVE('',#6019,#6181,#7712,.T.);
#4967=EDGE_CURVE('',#6018,#6182,#7713,.T.);
#4968=EDGE_CURVE('',#6182,#6183,#7714,.T.);
#4969=EDGE_CURVE('',#6017,#6183,#7715,.T.);
#4970=EDGE_CURVE('',#6016,#6184,#7716,.T.);
#4971=EDGE_CURVE('',#6184,#6185,#7717,.T.);
#4972=EDGE_CURVE('',#6015,#6185,#7718,.T.);
#4973=EDGE_CURVE('',#6014,#6186,#7719,.T.);
#4974=EDGE_CURVE('',#6186,#6187,#7720,.T.);
#4975=EDGE_CURVE('',#6013,#6187,#7721,.T.);
#4976=EDGE_CURVE('',#6012,#6188,#7722,.T.);
#4977=EDGE_CURVE('',#6188,#6189,#7723,.T.);
#4978=EDGE_CURVE('',#6011,#6189,#7724,.T.);
#4979=EDGE_CURVE('',#6010,#6190,#7725,.T.);
#4980=EDGE_CURVE('',#6190,#6191,#7726,.T.);
#4981=EDGE_CURVE('',#6009,#6191,#7727,.T.);
#4982=EDGE_CURVE('',#6008,#6192,#7728,.T.);
#4983=EDGE_CURVE('',#6192,#6193,#7729,.T.);
#4984=EDGE_CURVE('',#6007,#6193,#7730,.T.);
#4985=EDGE_CURVE('',#6006,#6194,#7731,.T.);
#4986=EDGE_CURVE('',#6194,#6195,#7732,.T.);
#4987=EDGE_CURVE('',#6005,#6195,#7733,.T.);
#4988=EDGE_CURVE('',#6004,#6196,#7734,.T.);
#4989=EDGE_CURVE('',#6196,#6197,#7735,.T.);
#4990=EDGE_CURVE('',#6003,#6197,#7736,.T.);
#4991=EDGE_CURVE('',#6002,#6198,#7737,.T.);
#4992=EDGE_CURVE('',#6198,#6199,#7738,.T.);
#4993=EDGE_CURVE('',#6001,#6199,#7739,.T.);
#4994=EDGE_CURVE('',#6000,#6200,#7740,.T.);
#4995=EDGE_CURVE('',#6200,#6201,#7741,.T.);
#4996=EDGE_CURVE('',#5998,#6201,#7742,.T.);
#4997=EDGE_CURVE('',#5999,#6024,#7743,.T.);
#4998=EDGE_CURVE('',#6202,#6022,#7744,.T.);
#4999=EDGE_CURVE('',#6202,#6203,#7745,.T.);
#5000=EDGE_CURVE('',#6203,#6027,#7746,.T.);
#5001=EDGE_CURVE('',#6204,#6029,#7747,.T.);
#5002=EDGE_CURVE('',#6204,#6205,#7748,.T.);
#5003=EDGE_CURVE('',#6205,#6031,#7749,.T.);
#5004=EDGE_CURVE('',#6206,#6033,#7750,.T.);
#5005=EDGE_CURVE('',#6206,#6207,#7751,.T.);
#5006=EDGE_CURVE('',#6207,#6035,#7752,.T.);
#5007=EDGE_CURVE('',#6208,#6037,#7753,.T.);
#5008=EDGE_CURVE('',#6208,#6209,#7754,.T.);
#5009=EDGE_CURVE('',#6209,#6039,#7755,.T.);
#5010=EDGE_CURVE('',#6210,#6041,#7756,.T.);
#5011=EDGE_CURVE('',#6210,#6211,#7757,.T.);
#5012=EDGE_CURVE('',#6211,#6043,#7758,.T.);
#5013=EDGE_CURVE('',#6212,#6045,#7759,.T.);
#5014=EDGE_CURVE('',#6212,#6213,#7760,.T.);
#5015=EDGE_CURVE('',#6213,#6047,#7761,.T.);
#5016=EDGE_CURVE('',#6214,#6049,#7762,.T.);
#5017=EDGE_CURVE('',#6214,#6215,#7763,.T.);
#5018=EDGE_CURVE('',#6215,#6051,#7764,.T.);
#5019=EDGE_CURVE('',#6216,#6053,#7765,.T.);
#5020=EDGE_CURVE('',#6216,#6217,#7766,.T.);
#5021=EDGE_CURVE('',#6217,#6055,#7767,.T.);
#5022=EDGE_CURVE('',#6218,#6057,#7768,.T.);
#5023=EDGE_CURVE('',#6218,#6219,#7769,.T.);
#5024=EDGE_CURVE('',#6219,#6059,#7770,.T.);
#5025=EDGE_CURVE('',#6220,#6061,#7771,.T.);
#5026=EDGE_CURVE('',#6220,#6221,#7772,.T.);
#5027=EDGE_CURVE('',#6221,#6063,#7773,.T.);
#5028=EDGE_CURVE('',#6222,#6065,#7774,.T.);
#5029=EDGE_CURVE('',#6222,#6223,#7775,.T.);
#5030=EDGE_CURVE('',#6223,#6067,#7776,.T.);
#5031=EDGE_CURVE('',#6224,#6069,#7777,.T.);
#5032=EDGE_CURVE('',#6224,#6225,#7778,.T.);
#5033=EDGE_CURVE('',#6225,#6226,#7779,.T.);
#5034=EDGE_CURVE('',#6226,#6227,#7780,.T.);
#5035=EDGE_CURVE('',#6177,#6227,#7781,.T.);
#5036=EDGE_CURVE('',#6228,#6226,#7782,.T.);
#5037=EDGE_CURVE('',#6228,#6229,#7783,.T.);
#5038=EDGE_CURVE('',#6227,#6229,#7784,.T.);
#5039=EDGE_CURVE('',#6230,#6228,#60,.F.);
#5040=EDGE_CURVE('',#6230,#6231,#7785,.T.);
#5041=EDGE_CURVE('',#6229,#6231,#61,.T.);
#5042=EDGE_CURVE('',#6232,#6230,#7786,.T.);
#5043=EDGE_CURVE('',#6232,#6233,#7787,.T.);
#5044=EDGE_CURVE('',#6231,#6233,#7788,.T.);
#5045=EDGE_CURVE('',#6234,#6232,#7789,.T.);
#5046=EDGE_CURVE('',#6234,#6235,#7790,.T.);
#5047=EDGE_CURVE('',#6233,#6235,#7791,.T.);
#5048=EDGE_CURVE('',#6236,#6234,#7792,.T.);
#5049=EDGE_CURVE('',#6236,#6237,#7793,.T.);
#5050=EDGE_CURVE('',#6235,#6237,#7794,.T.);
#5051=EDGE_CURVE('',#6142,#6202,#7795,.T.);
#5052=EDGE_CURVE('',#6143,#6238,#7796,.T.);
#5053=EDGE_CURVE('',#6238,#6239,#7797,.T.);
#5054=EDGE_CURVE('',#6237,#6239,#7798,.T.);
#5055=EDGE_CURVE('',#6225,#6236,#7799,.T.);
#5056=EDGE_CURVE('',#6165,#6224,#7800,.T.);
#5057=EDGE_CURVE('',#6223,#6164,#7801,.T.);
#5058=EDGE_CURVE('',#6163,#6222,#7802,.T.);
#5059=EDGE_CURVE('',#6221,#6162,#7803,.T.);
#5060=EDGE_CURVE('',#6161,#6220,#7804,.T.);
#5061=EDGE_CURVE('',#6219,#6160,#7805,.T.);
#5062=EDGE_CURVE('',#6159,#6218,#7806,.T.);
#5063=EDGE_CURVE('',#6217,#6158,#7807,.T.);
#5064=EDGE_CURVE('',#6157,#6216,#7808,.T.);
#5065=EDGE_CURVE('',#6215,#6156,#7809,.T.);
#5066=EDGE_CURVE('',#6155,#6214,#7810,.T.);
#5067=EDGE_CURVE('',#6213,#6154,#7811,.T.);
#5068=EDGE_CURVE('',#6153,#6212,#7812,.T.);
#5069=EDGE_CURVE('',#6211,#6152,#7813,.T.);
#5070=EDGE_CURVE('',#6151,#6210,#7814,.T.);
#5071=EDGE_CURVE('',#6209,#6150,#7815,.T.);
#5072=EDGE_CURVE('',#6149,#6208,#7816,.T.);
#5073=EDGE_CURVE('',#6207,#6148,#7817,.T.);
#5074=EDGE_CURVE('',#6147,#6206,#7818,.T.);
#5075=EDGE_CURVE('',#6205,#6146,#7819,.T.);
#5076=EDGE_CURVE('',#6145,#6204,#7820,.T.);
#5077=EDGE_CURVE('',#6203,#6144,#7821,.T.);
#5078=EDGE_CURVE('',#6201,#5878,#7822,.T.);
#5079=EDGE_CURVE('',#5883,#6200,#7823,.T.);
#5080=EDGE_CURVE('',#6199,#5885,#7824,.T.);
#5081=EDGE_CURVE('',#5887,#6198,#7825,.T.);
#5082=EDGE_CURVE('',#6197,#5889,#7826,.T.);
#5083=EDGE_CURVE('',#5891,#6196,#7827,.T.);
#5084=EDGE_CURVE('',#6195,#5893,#7828,.T.);
#5085=EDGE_CURVE('',#5895,#6194,#7829,.T.);
#5086=EDGE_CURVE('',#6193,#5897,#7830,.T.);
#5087=EDGE_CURVE('',#5899,#6192,#7831,.T.);
#5088=EDGE_CURVE('',#6191,#5901,#7832,.T.);
#5089=EDGE_CURVE('',#5903,#6190,#7833,.T.);
#5090=EDGE_CURVE('',#6189,#5905,#7834,.T.);
#5091=EDGE_CURVE('',#5907,#6188,#7835,.T.);
#5092=EDGE_CURVE('',#6187,#5909,#7836,.T.);
#5093=EDGE_CURVE('',#5911,#6186,#7837,.T.);
#5094=EDGE_CURVE('',#6185,#5913,#7838,.T.);
#5095=EDGE_CURVE('',#5915,#6184,#7839,.T.);
#5096=EDGE_CURVE('',#6183,#5917,#7840,.T.);
#5097=EDGE_CURVE('',#5919,#6182,#7841,.T.);
#5098=EDGE_CURVE('',#6181,#5921,#7842,.T.);
#5099=EDGE_CURVE('',#5923,#6180,#7843,.T.);
#5100=EDGE_CURVE('',#6179,#5925,#7844,.T.);
#5101=EDGE_CURVE('',#6167,#6178,#7845,.T.);
#5102=EDGE_CURVE('',#6239,#6169,#7846,.T.);
#5103=EDGE_CURVE('',#6238,#5880,#7847,.T.);
#5104=EDGE_CURVE('',#6240,#6241,#7848,.T.);
#5105=EDGE_CURVE('',#6241,#6242,#7849,.T.);
#5106=EDGE_CURVE('',#6243,#6242,#7850,.T.);
#5107=EDGE_CURVE('',#6240,#6243,#7851,.T.);
#5108=EDGE_CURVE('',#6244,#6244,#62,.F.);
#5109=EDGE_CURVE('',#6245,#6245,#63,.T.);
#5110=EDGE_CURVE('',#6246,#6247,#7852,.T.);
#5111=EDGE_CURVE('',#6248,#6247,#7853,.T.);
#5112=EDGE_CURVE('',#6249,#6248,#7854,.T.);
#5113=EDGE_CURVE('',#6249,#6246,#7855,.T.);
#5114=EDGE_CURVE('',#6250,#6251,#7856,.T.);
#5115=EDGE_CURVE('',#6247,#6251,#7857,.T.);
#5116=EDGE_CURVE('',#6246,#6250,#7858,.T.);
#5117=EDGE_CURVE('',#6252,#6253,#7859,.T.);
#5118=EDGE_CURVE('',#6251,#6253,#7860,.T.);
#5119=EDGE_CURVE('',#6250,#6252,#7861,.T.);
#5120=EDGE_CURVE('',#6254,#6255,#7862,.T.);
#5121=EDGE_CURVE('',#6253,#6255,#7863,.T.);
#5122=EDGE_CURVE('',#6252,#6254,#7864,.T.);
#5123=EDGE_CURVE('',#6256,#6257,#7865,.T.);
#5124=EDGE_CURVE('',#6255,#6257,#7866,.T.);
#5125=EDGE_CURVE('',#6254,#6256,#7867,.T.);
#5126=EDGE_CURVE('',#6258,#6259,#7868,.T.);
#5127=EDGE_CURVE('',#6257,#6258,#7869,.T.);
#5128=EDGE_CURVE('',#6256,#6260,#7870,.T.);
#5129=EDGE_CURVE('',#6260,#6261,#7871,.T.);
#5130=EDGE_CURVE('',#6262,#6261,#7872,.T.);
#5131=EDGE_CURVE('',#6263,#6262,#7873,.T.);
#5132=EDGE_CURVE('',#6263,#6259,#7874,.T.);
#5133=EDGE_CURVE('',#6264,#6265,#7875,.T.);
#5134=EDGE_CURVE('',#6266,#6265,#7876,.T.);
#5135=EDGE_CURVE('',#6267,#6266,#7877,.T.);
#5136=EDGE_CURVE('',#6267,#6264,#7878,.T.);
#5137=EDGE_CURVE('',#6268,#6269,#7879,.T.);
#5138=EDGE_CURVE('',#6265,#6269,#7880,.T.);
#5139=EDGE_CURVE('',#6264,#6268,#7881,.T.);
#5140=EDGE_CURVE('',#6270,#6271,#7882,.T.);
#5141=EDGE_CURVE('',#6269,#6271,#7883,.T.);
#5142=EDGE_CURVE('',#6268,#6270,#7884,.T.);
#5143=EDGE_CURVE('',#6271,#6248,#7885,.T.);
#5144=EDGE_CURVE('',#6270,#6249,#7886,.T.);
#5145=EDGE_CURVE('',#6272,#6273,#7887,.T.);
#5146=EDGE_CURVE('',#6273,#6274,#7888,.T.);
#5147=EDGE_CURVE('',#6275,#6274,#7889,.T.);
#5148=EDGE_CURVE('',#6272,#6275,#7890,.T.);
#5149=EDGE_CURVE('',#6273,#6276,#7891,.T.);
#5150=EDGE_CURVE('',#6276,#6277,#7892,.T.);
#5151=EDGE_CURVE('',#6274,#6277,#7893,.T.);
#5152=EDGE_CURVE('',#6276,#6278,#7894,.T.);
#5153=EDGE_CURVE('',#6278,#6279,#7895,.T.);
#5154=EDGE_CURVE('',#6277,#6279,#7896,.T.);
#5155=EDGE_CURVE('',#6278,#6280,#7897,.T.);
#5156=EDGE_CURVE('',#6280,#6281,#7898,.T.);
#5157=EDGE_CURVE('',#6279,#6281,#7899,.T.);
#5158=EDGE_CURVE('',#6280,#6263,#7900,.T.);
#5159=EDGE_CURVE('',#6281,#6262,#7901,.T.);
#5160=EDGE_CURVE('',#6261,#6282,#7902,.T.);
#5161=EDGE_CURVE('',#6260,#6283,#7903,.T.);
#5162=EDGE_CURVE('',#6283,#6282,#7904,.T.);
#5163=EDGE_CURVE('',#6282,#6284,#7905,.T.);
#5164=EDGE_CURVE('',#6283,#6267,#7906,.T.);
#5165=EDGE_CURVE('',#6285,#6266,#7907,.T.);
#5166=EDGE_CURVE('',#6285,#6286,#7908,.T.);
#5167=EDGE_CURVE('',#6286,#6287,#7909,.T.);
#5168=EDGE_CURVE('',#6287,#6284,#7910,.T.);
#5169=EDGE_CURVE('',#6287,#6288,#7911,.T.);
#5170=EDGE_CURVE('',#6288,#6289,#7912,.T.);
#5171=EDGE_CURVE('',#6284,#6289,#7913,.T.);
#5172=EDGE_CURVE('',#6288,#6290,#7914,.T.);
#5173=EDGE_CURVE('',#6290,#6291,#7915,.T.);
#5174=EDGE_CURVE('',#6289,#6291,#7916,.T.);
#5175=EDGE_CURVE('',#6290,#6292,#7917,.T.);
#5176=EDGE_CURVE('',#6292,#6293,#7918,.T.);
#5177=EDGE_CURVE('',#6291,#6293,#7919,.T.);
#5178=EDGE_CURVE('',#6292,#6272,#7920,.T.);
#5179=EDGE_CURVE('',#6293,#6275,#7921,.T.);
#5180=EDGE_CURVE('',#6259,#6286,#7922,.T.);
#5181=EDGE_CURVE('',#6258,#6285,#7923,.T.);
#5182=EDGE_CURVE('',#6294,#6294,#64,.T.);
#5183=EDGE_CURVE('',#6295,#6295,#65,.T.);
#5184=EDGE_CURVE('',#6296,#6297,#7924,.T.);
#5185=EDGE_CURVE('',#6298,#6296,#7925,.T.);
#5186=EDGE_CURVE('',#6298,#6299,#7926,.T.);
#5187=EDGE_CURVE('',#6299,#6300,#7927,.T.);
#5188=EDGE_CURVE('',#6301,#6300,#7928,.T.);
#5189=EDGE_CURVE('',#6302,#6301,#7929,.T.);
#5190=EDGE_CURVE('',#6302,#6303,#7930,.T.);
#5191=EDGE_CURVE('',#6297,#6303,#7931,.T.);
#5192=EDGE_CURVE('',#6303,#6304,#7932,.T.);
#5193=EDGE_CURVE('',#6305,#6304,#7933,.T.);
#5194=EDGE_CURVE('',#6297,#6305,#7934,.T.);
#5195=EDGE_CURVE('',#6304,#6306,#7935,.T.);
#5196=EDGE_CURVE('',#6307,#6306,#7936,.T.);
#5197=EDGE_CURVE('',#6305,#6307,#7937,.T.);
#5198=EDGE_CURVE('',#6306,#6308,#66,.T.);
#5199=EDGE_CURVE('',#6309,#6308,#7938,.T.);
#5200=EDGE_CURVE('',#6307,#6309,#67,.T.);
#5201=EDGE_CURVE('',#6308,#6310,#7939,.T.);
#5202=EDGE_CURVE('',#6311,#6310,#7940,.T.);
#5203=EDGE_CURVE('',#6309,#6311,#7941,.T.);
#5204=EDGE_CURVE('',#6310,#6312,#7942,.T.);
#5205=EDGE_CURVE('',#6313,#6312,#7943,.T.);
#5206=EDGE_CURVE('',#6311,#6313,#7944,.T.);
#5207=EDGE_CURVE('',#6314,#6315,#7945,.T.);
#5208=EDGE_CURVE('',#6316,#6314,#7946,.T.);
#5209=EDGE_CURVE('',#6316,#6298,#7947,.T.);
#5210=EDGE_CURVE('',#6296,#6313,#7948,.T.);
#5211=EDGE_CURVE('',#6302,#6312,#7949,.T.);
#5212=EDGE_CURVE('',#6242,#6301,#7950,.T.);
#5213=EDGE_CURVE('',#6241,#6317,#7951,.T.);
#5214=EDGE_CURVE('',#6315,#6317,#7952,.T.);
#5215=EDGE_CURVE('',#6318,#6314,#7953,.T.);
#5216=EDGE_CURVE('',#6319,#6318,#7954,.T.);
#5217=EDGE_CURVE('',#6319,#6316,#7955,.T.);
#5218=EDGE_CURVE('',#6320,#6240,#7956,.T.);
#5219=EDGE_CURVE('',#6321,#6243,#7957,.T.);
#5220=EDGE_CURVE('',#6322,#6321,#7958,.T.);
#5221=EDGE_CURVE('',#6322,#6319,#7959,.T.);
#5222=EDGE_CURVE('',#6323,#6318,#7960,.T.);
#5223=EDGE_CURVE('',#6323,#6320,#7961,.T.);
#5224=EDGE_CURVE('',#6300,#6321,#7962,.T.);
#5225=EDGE_CURVE('',#6299,#6322,#7963,.T.);
#5226=EDGE_CURVE('',#6317,#6320,#68,.T.);
#5227=EDGE_CURVE('',#6315,#6323,#69,.T.);
#5228=VERTEX_POINT('',#15894);
#5229=VERTEX_POINT('',#15895);
#5230=VERTEX_POINT('',#15897);
#5231=VERTEX_POINT('',#15899);
#5232=VERTEX_POINT('',#15901);
#5233=VERTEX_POINT('',#15903);
#5234=VERTEX_POINT('',#15905);
#5235=VERTEX_POINT('',#15907);
#5236=VERTEX_POINT('',#15909);
#5237=VERTEX_POINT('',#15911);
#5238=VERTEX_POINT('',#15915);
#5239=VERTEX_POINT('',#15916);
#5240=VERTEX_POINT('',#15918);
#5241=VERTEX_POINT('',#15920);
#5242=VERTEX_POINT('',#15922);
#5243=VERTEX_POINT('',#15926);
#5244=VERTEX_POINT('',#15927);
#5245=VERTEX_POINT('',#15929);
#5246=VERTEX_POINT('',#15931);
#5247=VERTEX_POINT('',#15933);
#5248=VERTEX_POINT('',#15943);
#5249=VERTEX_POINT('',#15944);
#5250=VERTEX_POINT('',#15946);
#5251=VERTEX_POINT('',#15948);
#5252=VERTEX_POINT('',#15952);
#5253=VERTEX_POINT('',#15953);
#5254=VERTEX_POINT('',#15956);
#5255=VERTEX_POINT('',#15960);
#5256=VERTEX_POINT('',#15961);
#5257=VERTEX_POINT('',#15963);
#5258=VERTEX_POINT('',#15965);
#5259=VERTEX_POINT('',#15969);
#5260=VERTEX_POINT('',#15970);
#5261=VERTEX_POINT('',#15972);
#5262=VERTEX_POINT('',#15974);
#5263=VERTEX_POINT('',#15978);
#5264=VERTEX_POINT('',#15979);
#5265=VERTEX_POINT('',#15981);
#5266=VERTEX_POINT('',#15983);
#5267=VERTEX_POINT('',#15987);
#5268=VERTEX_POINT('',#15988);
#5269=VERTEX_POINT('',#15990);
#5270=VERTEX_POINT('',#15992);
#5271=VERTEX_POINT('',#15996);
#5272=VERTEX_POINT('',#15997);
#5273=VERTEX_POINT('',#15999);
#5274=VERTEX_POINT('',#16001);
#5275=VERTEX_POINT('',#16005);
#5276=VERTEX_POINT('',#16007);
#5277=VERTEX_POINT('',#16011);
#5278=VERTEX_POINT('',#16013);
#5279=VERTEX_POINT('',#16017);
#5280=VERTEX_POINT('',#16018);
#5281=VERTEX_POINT('',#16020);
#5282=VERTEX_POINT('',#16022);
#5283=VERTEX_POINT('',#16026);
#5284=VERTEX_POINT('',#16028);
#5285=VERTEX_POINT('',#16032);
#5286=VERTEX_POINT('',#16034);
#5287=VERTEX_POINT('',#16038);
#5288=VERTEX_POINT('',#16039);
#5289=VERTEX_POINT('',#16041);
#5290=VERTEX_POINT('',#16043);
#5291=VERTEX_POINT('',#16047);
#5292=VERTEX_POINT('',#16049);
#5293=VERTEX_POINT('',#16053);
#5294=VERTEX_POINT('',#16055);
#5295=VERTEX_POINT('',#16059);
#5296=VERTEX_POINT('',#16060);
#5297=VERTEX_POINT('',#16062);
#5298=VERTEX_POINT('',#16064);
#5299=VERTEX_POINT('',#16068);
#5300=VERTEX_POINT('',#16070);
#5301=VERTEX_POINT('',#16074);
#5302=VERTEX_POINT('',#16076);
#5303=VERTEX_POINT('',#16080);
#5304=VERTEX_POINT('',#16081);
#5305=VERTEX_POINT('',#16083);
#5306=VERTEX_POINT('',#16085);
#5307=VERTEX_POINT('',#16089);
#5308=VERTEX_POINT('',#16091);
#5309=VERTEX_POINT('',#16095);
#5310=VERTEX_POINT('',#16097);
#5311=VERTEX_POINT('',#16101);
#5312=VERTEX_POINT('',#16102);
#5313=VERTEX_POINT('',#16104);
#5314=VERTEX_POINT('',#16106);
#5315=VERTEX_POINT('',#16110);
#5316=VERTEX_POINT('',#16112);
#5317=VERTEX_POINT('',#16116);
#5318=VERTEX_POINT('',#16118);
#5319=VERTEX_POINT('',#16122);
#5320=VERTEX_POINT('',#16123);
#5321=VERTEX_POINT('',#16125);
#5322=VERTEX_POINT('',#16127);
#5323=VERTEX_POINT('',#16131);
#5324=VERTEX_POINT('',#16132);
#5325=VERTEX_POINT('',#16134);
#5326=VERTEX_POINT('',#16136);
#5327=VERTEX_POINT('',#16158);
#5328=VERTEX_POINT('',#16159);
#5329=VERTEX_POINT('',#16161);
#5330=VERTEX_POINT('',#16163);
#5331=VERTEX_POINT('',#16167);
#5332=VERTEX_POINT('',#16168);
#5333=VERTEX_POINT('',#16170);
#5334=VERTEX_POINT('',#16172);
#5335=VERTEX_POINT('',#16176);
#5336=VERTEX_POINT('',#16177);
#5337=VERTEX_POINT('',#16181);
#5338=VERTEX_POINT('',#16183);
#5339=VERTEX_POINT('',#16189);
#5340=VERTEX_POINT('',#16191);
#5341=VERTEX_POINT('',#16193);
#5342=VERTEX_POINT('',#16197);
#5343=VERTEX_POINT('',#16199);
#5344=VERTEX_POINT('',#16201);
#5345=VERTEX_POINT('',#16203);
#5346=VERTEX_POINT('',#16206);
#5347=VERTEX_POINT('',#16208);
#5348=VERTEX_POINT('',#16213);
#5349=VERTEX_POINT('',#16214);
#5350=VERTEX_POINT('',#16216);
#5351=VERTEX_POINT('',#16218);
#5352=VERTEX_POINT('',#16222);
#5353=VERTEX_POINT('',#16224);
#5354=VERTEX_POINT('',#16228);
#5355=VERTEX_POINT('',#16230);
#5356=VERTEX_POINT('',#16234);
#5357=VERTEX_POINT('',#16235);
#5358=VERTEX_POINT('',#16237);
#5359=VERTEX_POINT('',#16239);
#5360=VERTEX_POINT('',#16243);
#5361=VERTEX_POINT('',#16245);
#5362=VERTEX_POINT('',#16249);
#5363=VERTEX_POINT('',#16251);
#5364=VERTEX_POINT('',#16255);
#5365=VERTEX_POINT('',#16256);
#5366=VERTEX_POINT('',#16258);
#5367=VERTEX_POINT('',#16260);
#5368=VERTEX_POINT('',#16264);
#5369=VERTEX_POINT('',#16266);
#5370=VERTEX_POINT('',#16270);
#5371=VERTEX_POINT('',#16272);
#5372=VERTEX_POINT('',#16276);
#5373=VERTEX_POINT('',#16277);
#5374=VERTEX_POINT('',#16279);
#5375=VERTEX_POINT('',#16281);
#5376=VERTEX_POINT('',#16285);
#5377=VERTEX_POINT('',#16287);
#5378=VERTEX_POINT('',#16291);
#5379=VERTEX_POINT('',#16293);
#5380=VERTEX_POINT('',#16297);
#5381=VERTEX_POINT('',#16298);
#5382=VERTEX_POINT('',#16300);
#5383=VERTEX_POINT('',#16302);
#5384=VERTEX_POINT('',#16306);
#5385=VERTEX_POINT('',#16308);
#5386=VERTEX_POINT('',#16312);
#5387=VERTEX_POINT('',#16314);
#5388=VERTEX_POINT('',#16318);
#5389=VERTEX_POINT('',#16319);
#5390=VERTEX_POINT('',#16321);
#5391=VERTEX_POINT('',#16323);
#5392=VERTEX_POINT('',#16327);
#5393=VERTEX_POINT('',#16329);
#5394=VERTEX_POINT('',#16333);
#5395=VERTEX_POINT('',#16335);
#5396=VERTEX_POINT('',#16339);
#5397=VERTEX_POINT('',#16340);
#5398=VERTEX_POINT('',#16342);
#5399=VERTEX_POINT('',#16344);
#5400=VERTEX_POINT('',#16348);
#5401=VERTEX_POINT('',#16350);
#5402=VERTEX_POINT('',#16354);
#5403=VERTEX_POINT('',#16356);
#5404=VERTEX_POINT('',#16360);
#5405=VERTEX_POINT('',#16361);
#5406=VERTEX_POINT('',#16363);
#5407=VERTEX_POINT('',#16365);
#5408=VERTEX_POINT('',#16369);
#5409=VERTEX_POINT('',#16371);
#5410=VERTEX_POINT('',#16375);
#5411=VERTEX_POINT('',#16377);
#5412=VERTEX_POINT('',#16381);
#5413=VERTEX_POINT('',#16382);
#5414=VERTEX_POINT('',#16384);
#5415=VERTEX_POINT('',#16386);
#5416=VERTEX_POINT('',#16391);
#5417=VERTEX_POINT('',#16393);
#5418=VERTEX_POINT('',#16397);
#5419=VERTEX_POINT('',#16398);
#5420=VERTEX_POINT('',#16400);
#5421=VERTEX_POINT('',#16402);
#5422=VERTEX_POINT('',#16407);
#5423=VERTEX_POINT('',#16409);
#5424=VERTEX_POINT('',#16413);
#5425=VERTEX_POINT('',#16414);
#5426=VERTEX_POINT('',#16416);
#5427=VERTEX_POINT('',#16418);
#5428=VERTEX_POINT('',#16422);
#5429=VERTEX_POINT('',#16423);
#5430=VERTEX_POINT('',#16429);
#5431=VERTEX_POINT('',#16430);
#5432=VERTEX_POINT('',#16432);
#5433=VERTEX_POINT('',#16434);
#5434=VERTEX_POINT('',#16438);
#5435=VERTEX_POINT('',#16439);
#5436=VERTEX_POINT('',#16445);
#5437=VERTEX_POINT('',#16446);
#5438=VERTEX_POINT('',#16448);
#5439=VERTEX_POINT('',#16450);
#5440=VERTEX_POINT('',#16454);
#5441=VERTEX_POINT('',#16456);
#5442=VERTEX_POINT('',#16460);
#5443=VERTEX_POINT('',#16462);
#5444=VERTEX_POINT('',#16466);
#5445=VERTEX_POINT('',#16467);
#5446=VERTEX_POINT('',#16469);
#5447=VERTEX_POINT('',#16471);
#5448=VERTEX_POINT('',#16475);
#5449=VERTEX_POINT('',#16477);
#5450=VERTEX_POINT('',#16481);
#5451=VERTEX_POINT('',#16483);
#5452=VERTEX_POINT('',#16487);
#5453=VERTEX_POINT('',#16488);
#5454=VERTEX_POINT('',#16490);
#5455=VERTEX_POINT('',#16492);
#5456=VERTEX_POINT('',#16496);
#5457=VERTEX_POINT('',#16498);
#5458=VERTEX_POINT('',#16502);
#5459=VERTEX_POINT('',#16504);
#5460=VERTEX_POINT('',#16508);
#5461=VERTEX_POINT('',#16509);
#5462=VERTEX_POINT('',#16511);
#5463=VERTEX_POINT('',#16513);
#5464=VERTEX_POINT('',#16517);
#5465=VERTEX_POINT('',#16519);
#5466=VERTEX_POINT('',#16523);
#5467=VERTEX_POINT('',#16525);
#5468=VERTEX_POINT('',#16529);
#5469=VERTEX_POINT('',#16530);
#5470=VERTEX_POINT('',#16532);
#5471=VERTEX_POINT('',#16534);
#5472=VERTEX_POINT('',#16538);
#5473=VERTEX_POINT('',#16540);
#5474=VERTEX_POINT('',#16544);
#5475=VERTEX_POINT('',#16546);
#5476=VERTEX_POINT('',#16550);
#5477=VERTEX_POINT('',#16551);
#5478=VERTEX_POINT('',#16553);
#5479=VERTEX_POINT('',#16555);
#5480=VERTEX_POINT('',#16559);
#5481=VERTEX_POINT('',#16561);
#5482=VERTEX_POINT('',#16565);
#5483=VERTEX_POINT('',#16567);
#5484=VERTEX_POINT('',#16571);
#5485=VERTEX_POINT('',#16572);
#5486=VERTEX_POINT('',#16574);
#5487=VERTEX_POINT('',#16576);
#5488=VERTEX_POINT('',#16580);
#5489=VERTEX_POINT('',#16582);
#5490=VERTEX_POINT('',#16586);
#5491=VERTEX_POINT('',#16588);
#5492=VERTEX_POINT('',#16592);
#5493=VERTEX_POINT('',#16593);
#5494=VERTEX_POINT('',#16595);
#5495=VERTEX_POINT('',#16597);
#5496=VERTEX_POINT('',#16601);
#5497=VERTEX_POINT('',#16603);
#5498=VERTEX_POINT('',#16607);
#5499=VERTEX_POINT('',#16609);
#5500=VERTEX_POINT('',#16637);
#5501=VERTEX_POINT('',#16638);
#5502=VERTEX_POINT('',#16644);
#5503=VERTEX_POINT('',#16645);
#5504=VERTEX_POINT('',#16651);
#5505=VERTEX_POINT('',#16652);
#5506=VERTEX_POINT('',#16658);
#5507=VERTEX_POINT('',#16659);
#5508=VERTEX_POINT('',#16689);
#5509=VERTEX_POINT('',#16691);
#5510=VERTEX_POINT('',#16705);
#5511=VERTEX_POINT('',#16707);
#5512=VERTEX_POINT('',#16748);
#5513=VERTEX_POINT('',#16750);
#5514=VERTEX_POINT('',#16754);
#5515=VERTEX_POINT('',#16756);
#5516=VERTEX_POINT('',#16775);
#5517=VERTEX_POINT('',#16776);
#5518=VERTEX_POINT('',#16778);
#5519=VERTEX_POINT('',#16780);
#5520=VERTEX_POINT('',#16784);
#5521=VERTEX_POINT('',#16785);
#5522=VERTEX_POINT('',#16787);
#5523=VERTEX_POINT('',#16789);
#5524=VERTEX_POINT('',#16793);
#5525=VERTEX_POINT('',#16794);
#5526=VERTEX_POINT('',#16796);
#5527=VERTEX_POINT('',#16798);
#5528=VERTEX_POINT('',#16802);
#5529=VERTEX_POINT('',#16803);
#5530=VERTEX_POINT('',#16805);
#5531=VERTEX_POINT('',#16807);
#5532=VERTEX_POINT('',#16811);
#5533=VERTEX_POINT('',#16812);
#5534=VERTEX_POINT('',#16814);
#5535=VERTEX_POINT('',#16816);
#5536=VERTEX_POINT('',#16820);
#5537=VERTEX_POINT('',#16821);
#5538=VERTEX_POINT('',#16823);
#5539=VERTEX_POINT('',#16825);
#5540=VERTEX_POINT('',#16829);
#5541=VERTEX_POINT('',#16830);
#5542=VERTEX_POINT('',#16832);
#5543=VERTEX_POINT('',#16834);
#5544=VERTEX_POINT('',#16838);
#5545=VERTEX_POINT('',#16839);
#5546=VERTEX_POINT('',#16841);
#5547=VERTEX_POINT('',#16843);
#5548=VERTEX_POINT('',#16847);
#5549=VERTEX_POINT('',#16848);
#5550=VERTEX_POINT('',#16850);
#5551=VERTEX_POINT('',#16852);
#5552=VERTEX_POINT('',#16856);
#5553=VERTEX_POINT('',#16857);
#5554=VERTEX_POINT('',#16859);
#5555=VERTEX_POINT('',#16861);
#5556=VERTEX_POINT('',#16865);
#5557=VERTEX_POINT('',#16866);
#5558=VERTEX_POINT('',#16868);
#5559=VERTEX_POINT('',#16870);
#5560=VERTEX_POINT('',#16874);
#5561=VERTEX_POINT('',#16875);
#5562=VERTEX_POINT('',#16877);
#5563=VERTEX_POINT('',#16879);
#5564=VERTEX_POINT('',#16883);
#5565=VERTEX_POINT('',#16884);
#5566=VERTEX_POINT('',#16886);
#5567=VERTEX_POINT('',#16888);
#5568=VERTEX_POINT('',#16892);
#5569=VERTEX_POINT('',#16893);
#5570=VERTEX_POINT('',#16895);
#5571=VERTEX_POINT('',#16897);
#5572=VERTEX_POINT('',#16901);
#5573=VERTEX_POINT('',#16902);
#5574=VERTEX_POINT('',#16904);
#5575=VERTEX_POINT('',#16906);
#5576=VERTEX_POINT('',#16910);
#5577=VERTEX_POINT('',#16911);
#5578=VERTEX_POINT('',#16913);
#5579=VERTEX_POINT('',#16915);
#5580=VERTEX_POINT('',#16919);
#5581=VERTEX_POINT('',#16920);
#5582=VERTEX_POINT('',#16922);
#5583=VERTEX_POINT('',#16924);
#5584=VERTEX_POINT('',#16928);
#5585=VERTEX_POINT('',#16929);
#5586=VERTEX_POINT('',#16931);
#5587=VERTEX_POINT('',#16933);
#5588=VERTEX_POINT('',#16937);
#5589=VERTEX_POINT('',#16938);
#5590=VERTEX_POINT('',#16940);
#5591=VERTEX_POINT('',#16942);
#5592=VERTEX_POINT('',#16946);
#5593=VERTEX_POINT('',#16947);
#5594=VERTEX_POINT('',#16949);
#5595=VERTEX_POINT('',#16951);
#5596=VERTEX_POINT('',#16955);
#5597=VERTEX_POINT('',#16956);
#5598=VERTEX_POINT('',#16958);
#5599=VERTEX_POINT('',#16960);
#5600=VERTEX_POINT('',#16964);
#5601=VERTEX_POINT('',#16965);
#5602=VERTEX_POINT('',#16967);
#5603=VERTEX_POINT('',#16969);
#5604=VERTEX_POINT('',#16973);
#5605=VERTEX_POINT('',#16974);
#5606=VERTEX_POINT('',#16976);
#5607=VERTEX_POINT('',#16978);
#5608=VERTEX_POINT('',#16982);
#5609=VERTEX_POINT('',#16983);
#5610=VERTEX_POINT('',#16985);
#5611=VERTEX_POINT('',#16987);
#5612=VERTEX_POINT('',#16991);
#5613=VERTEX_POINT('',#16993);
#5614=VERTEX_POINT('',#16997);
#5615=VERTEX_POINT('',#16999);
#5616=VERTEX_POINT('',#17003);
#5617=VERTEX_POINT('',#17005);
#5618=VERTEX_POINT('',#17009);
#5619=VERTEX_POINT('',#17011);
#5620=VERTEX_POINT('',#17015);
#5621=VERTEX_POINT('',#17017);
#5622=VERTEX_POINT('',#17021);
#5623=VERTEX_POINT('',#17023);
#5624=VERTEX_POINT('',#17027);
#5625=VERTEX_POINT('',#17029);
#5626=VERTEX_POINT('',#17033);
#5627=VERTEX_POINT('',#17035);
#5628=VERTEX_POINT('',#17039);
#5629=VERTEX_POINT('',#17041);
#5630=VERTEX_POINT('',#17045);
#5631=VERTEX_POINT('',#17047);
#5632=VERTEX_POINT('',#17051);
#5633=VERTEX_POINT('',#17053);
#5634=VERTEX_POINT('',#17057);
#5635=VERTEX_POINT('',#17059);
#5636=VERTEX_POINT('',#17063);
#5637=VERTEX_POINT('',#17065);
#5638=VERTEX_POINT('',#17069);
#5639=VERTEX_POINT('',#17071);
#5640=VERTEX_POINT('',#17075);
#5641=VERTEX_POINT('',#17077);
#5642=VERTEX_POINT('',#17081);
#5643=VERTEX_POINT('',#17083);
#5644=VERTEX_POINT('',#17087);
#5645=VERTEX_POINT('',#17089);
#5646=VERTEX_POINT('',#17093);
#5647=VERTEX_POINT('',#17095);
#5648=VERTEX_POINT('',#17099);
#5649=VERTEX_POINT('',#17101);
#5650=VERTEX_POINT('',#17105);
#5651=VERTEX_POINT('',#17107);
#5652=VERTEX_POINT('',#17111);
#5653=VERTEX_POINT('',#17113);
#5654=VERTEX_POINT('',#17117);
#5655=VERTEX_POINT('',#17119);
#5656=VERTEX_POINT('',#17123);
#5657=VERTEX_POINT('',#17125);
#5658=VERTEX_POINT('',#17129);
#5659=VERTEX_POINT('',#17131);
#5660=VERTEX_POINT('',#17135);
#5661=VERTEX_POINT('',#17137);
#5662=VERTEX_POINT('',#17141);
#5663=VERTEX_POINT('',#17143);
#5664=VERTEX_POINT('',#17147);
#5665=VERTEX_POINT('',#17149);
#5666=VERTEX_POINT('',#17153);
#5667=VERTEX_POINT('',#17155);
#5668=VERTEX_POINT('',#17159);
#5669=VERTEX_POINT('',#17161);
#5670=VERTEX_POINT('',#17165);
#5671=VERTEX_POINT('',#17167);
#5672=VERTEX_POINT('',#17171);
#5673=VERTEX_POINT('',#17173);
#5674=VERTEX_POINT('',#17177);
#5675=VERTEX_POINT('',#17179);
#5676=VERTEX_POINT('',#17183);
#5677=VERTEX_POINT('',#17185);
#5678=VERTEX_POINT('',#17189);
#5679=VERTEX_POINT('',#17191);
#5680=VERTEX_POINT('',#17195);
#5681=VERTEX_POINT('',#17197);
#5682=VERTEX_POINT('',#17201);
#5683=VERTEX_POINT('',#17203);
#5684=VERTEX_POINT('',#17207);
#5685=VERTEX_POINT('',#17209);
#5686=VERTEX_POINT('',#17213);
#5687=VERTEX_POINT('',#17215);
#5688=VERTEX_POINT('',#17219);
#5689=VERTEX_POINT('',#17221);
#5690=VERTEX_POINT('',#17225);
#5691=VERTEX_POINT('',#17227);
#5692=VERTEX_POINT('',#17231);
#5693=VERTEX_POINT('',#17233);
#5694=VERTEX_POINT('',#17237);
#5695=VERTEX_POINT('',#17239);
#5696=VERTEX_POINT('',#17243);
#5697=VERTEX_POINT('',#17245);
#5698=VERTEX_POINT('',#17249);
#5699=VERTEX_POINT('',#17251);
#5700=VERTEX_POINT('',#17255);
#5701=VERTEX_POINT('',#17257);
#5702=VERTEX_POINT('',#17261);
#5703=VERTEX_POINT('',#17263);
#5704=VERTEX_POINT('',#17267);
#5705=VERTEX_POINT('',#17269);
#5706=VERTEX_POINT('',#17273);
#5707=VERTEX_POINT('',#17275);
#5708=VERTEX_POINT('',#17279);
#5709=VERTEX_POINT('',#17280);
#5710=VERTEX_POINT('',#17282);
#5711=VERTEX_POINT('',#17284);
#5712=VERTEX_POINT('',#17288);
#5713=VERTEX_POINT('',#17289);
#5714=VERTEX_POINT('',#17291);
#5715=VERTEX_POINT('',#17293);
#5716=VERTEX_POINT('',#17297);
#5717=VERTEX_POINT('',#17298);
#5718=VERTEX_POINT('',#17300);
#5719=VERTEX_POINT('',#17302);
#5720=VERTEX_POINT('',#17306);
#5721=VERTEX_POINT('',#17307);
#5722=VERTEX_POINT('',#17309);
#5723=VERTEX_POINT('',#17311);
#5724=VERTEX_POINT('',#17315);
#5725=VERTEX_POINT('',#17316);
#5726=VERTEX_POINT('',#17318);
#5727=VERTEX_POINT('',#17320);
#5728=VERTEX_POINT('',#17324);
#5729=VERTEX_POINT('',#17325);
#5730=VERTEX_POINT('',#17327);
#5731=VERTEX_POINT('',#17329);
#5732=VERTEX_POINT('',#17333);
#5733=VERTEX_POINT('',#17334);
#5734=VERTEX_POINT('',#17336);
#5735=VERTEX_POINT('',#17338);
#5736=VERTEX_POINT('',#17342);
#5737=VERTEX_POINT('',#17343);
#5738=VERTEX_POINT('',#17345);
#5739=VERTEX_POINT('',#17347);
#5740=VERTEX_POINT('',#17351);
#5741=VERTEX_POINT('',#17352);
#5742=VERTEX_POINT('',#17354);
#5743=VERTEX_POINT('',#17356);
#5744=VERTEX_POINT('',#17360);
#5745=VERTEX_POINT('',#17361);
#5746=VERTEX_POINT('',#17363);
#5747=VERTEX_POINT('',#17365);
#5748=VERTEX_POINT('',#17369);
#5749=VERTEX_POINT('',#17370);
#5750=VERTEX_POINT('',#17372);
#5751=VERTEX_POINT('',#17374);
#5752=VERTEX_POINT('',#17378);
#5753=VERTEX_POINT('',#17379);
#5754=VERTEX_POINT('',#17381);
#5755=VERTEX_POINT('',#17383);
#5756=VERTEX_POINT('',#17387);
#5757=VERTEX_POINT('',#17389);
#5758=VERTEX_POINT('',#17393);
#5759=VERTEX_POINT('',#17395);
#5760=VERTEX_POINT('',#17399);
#5761=VERTEX_POINT('',#17401);
#5762=VERTEX_POINT('',#17405);
#5763=VERTEX_POINT('',#17407);
#5764=VERTEX_POINT('',#17411);
#5765=VERTEX_POINT('',#17413);
#5766=VERTEX_POINT('',#17417);
#5767=VERTEX_POINT('',#17419);
#5768=VERTEX_POINT('',#17423);
#5769=VERTEX_POINT('',#17425);
#5770=VERTEX_POINT('',#17429);
#5771=VERTEX_POINT('',#17431);
#5772=VERTEX_POINT('',#17435);
#5773=VERTEX_POINT('',#17437);
#5774=VERTEX_POINT('',#17441);
#5775=VERTEX_POINT('',#17443);
#5776=VERTEX_POINT('',#17447);
#5777=VERTEX_POINT('',#17449);
#5778=VERTEX_POINT('',#17453);
#5779=VERTEX_POINT('',#17455);
#5780=VERTEX_POINT('',#17459);
#5781=VERTEX_POINT('',#17461);
#5782=VERTEX_POINT('',#17465);
#5783=VERTEX_POINT('',#17467);
#5784=VERTEX_POINT('',#17471);
#5785=VERTEX_POINT('',#17473);
#5786=VERTEX_POINT('',#17477);
#5787=VERTEX_POINT('',#17479);
#5788=VERTEX_POINT('',#17483);
#5789=VERTEX_POINT('',#17485);
#5790=VERTEX_POINT('',#17489);
#5791=VERTEX_POINT('',#17491);
#5792=VERTEX_POINT('',#17495);
#5793=VERTEX_POINT('',#17497);
#5794=VERTEX_POINT('',#17501);
#5795=VERTEX_POINT('',#17503);
#5796=VERTEX_POINT('',#17507);
#5797=VERTEX_POINT('',#17509);
#5798=VERTEX_POINT('',#17513);
#5799=VERTEX_POINT('',#17515);
#5800=VERTEX_POINT('',#17519);
#5801=VERTEX_POINT('',#17521);
#5802=VERTEX_POINT('',#17525);
#5803=VERTEX_POINT('',#17527);
#5804=VERTEX_POINT('',#17567);
#5805=VERTEX_POINT('',#17568);
#5806=VERTEX_POINT('',#17570);
#5807=VERTEX_POINT('',#17572);
#5808=VERTEX_POINT('',#17576);
#5809=VERTEX_POINT('',#17578);
#5810=VERTEX_POINT('',#17581);
#5811=VERTEX_POINT('',#17583);
#5812=VERTEX_POINT('',#17586);
#5813=VERTEX_POINT('',#17588);
#5814=VERTEX_POINT('',#17591);
#5815=VERTEX_POINT('',#17593);
#5816=VERTEX_POINT('',#17596);
#5817=VERTEX_POINT('',#17598);
#5818=VERTEX_POINT('',#17601);
#5819=VERTEX_POINT('',#17603);
#5820=VERTEX_POINT('',#17606);
#5821=VERTEX_POINT('',#17608);
#5822=VERTEX_POINT('',#17611);
#5823=VERTEX_POINT('',#17613);
#5824=VERTEX_POINT('',#17616);
#5825=VERTEX_POINT('',#17618);
#5826=VERTEX_POINT('',#17621);
#5827=VERTEX_POINT('',#17623);
#5828=VERTEX_POINT('',#17626);
#5829=VERTEX_POINT('',#17628);
#5830=VERTEX_POINT('',#17631);
#5831=VERTEX_POINT('',#17633);
#5832=VERTEX_POINT('',#17636);
#5833=VERTEX_POINT('',#17638);
#5834=VERTEX_POINT('',#17642);
#5835=VERTEX_POINT('',#17645);
#5836=VERTEX_POINT('',#17647);
#5837=VERTEX_POINT('',#17649);
#5838=VERTEX_POINT('',#17651);
#5839=VERTEX_POINT('',#17654);
#5840=VERTEX_POINT('',#17656);
#5841=VERTEX_POINT('',#17659);
#5842=VERTEX_POINT('',#17661);
#5843=VERTEX_POINT('',#17664);
#5844=VERTEX_POINT('',#17666);
#5845=VERTEX_POINT('',#17669);
#5846=VERTEX_POINT('',#17671);
#5847=VERTEX_POINT('',#17674);
#5848=VERTEX_POINT('',#17676);
#5849=VERTEX_POINT('',#17679);
#5850=VERTEX_POINT('',#17681);
#5851=VERTEX_POINT('',#17684);
#5852=VERTEX_POINT('',#17686);
#5853=VERTEX_POINT('',#17689);
#5854=VERTEX_POINT('',#17691);
#5855=VERTEX_POINT('',#17694);
#5856=VERTEX_POINT('',#17696);
#5857=VERTEX_POINT('',#17699);
#5858=VERTEX_POINT('',#17701);
#5859=VERTEX_POINT('',#17704);
#5860=VERTEX_POINT('',#17708);
#5861=VERTEX_POINT('',#17710);
#5862=VERTEX_POINT('',#17714);
#5863=VERTEX_POINT('',#17716);
#5864=VERTEX_POINT('',#17720);
#5865=VERTEX_POINT('',#17722);
#5866=VERTEX_POINT('',#17726);
#5867=VERTEX_POINT('',#17728);
#5868=VERTEX_POINT('',#17732);
#5869=VERTEX_POINT('',#17734);
#5870=VERTEX_POINT('',#17738);
#5871=VERTEX_POINT('',#17739);
#5872=VERTEX_POINT('',#17792);
#5873=VERTEX_POINT('',#17794);
#5874=VERTEX_POINT('',#17798);
#5875=VERTEX_POINT('',#17800);
#5876=VERTEX_POINT('',#17804);
#5877=VERTEX_POINT('',#17806);
#5878=VERTEX_POINT('',#17968);
#5879=VERTEX_POINT('',#17969);
#5880=VERTEX_POINT('',#17971);
#5881=VERTEX_POINT('',#17973);
#5882=VERTEX_POINT('',#17977);
#5883=VERTEX_POINT('',#17978);
#5884=VERTEX_POINT('',#17980);
#5885=VERTEX_POINT('',#17982);
#5886=VERTEX_POINT('',#17986);
#5887=VERTEX_POINT('',#17987);
#5888=VERTEX_POINT('',#17989);
#5889=VERTEX_POINT('',#17991);
#5890=VERTEX_POINT('',#17995);
#5891=VERTEX_POINT('',#17996);
#5892=VERTEX_POINT('',#17998);
#5893=VERTEX_POINT('',#18000);
#5894=VERTEX_POINT('',#18004);
#5895=VERTEX_POINT('',#18005);
#5896=VERTEX_POINT('',#18007);
#5897=VERTEX_POINT('',#18009);
#5898=VERTEX_POINT('',#18013);
#5899=VERTEX_POINT('',#18014);
#5900=VERTEX_POINT('',#18016);
#5901=VERTEX_POINT('',#18018);
#5902=VERTEX_POINT('',#18022);
#5903=VERTEX_POINT('',#18023);
#5904=VERTEX_POINT('',#18025);
#5905=VERTEX_POINT('',#18027);
#5906=VERTEX_POINT('',#18031);
#5907=VERTEX_POINT('',#18032);
#5908=VERTEX_POINT('',#18034);
#5909=VERTEX_POINT('',#18036);
#5910=VERTEX_POINT('',#18040);
#5911=VERTEX_POINT('',#18041);
#5912=VERTEX_POINT('',#18043);
#5913=VERTEX_POINT('',#18045);
#5914=VERTEX_POINT('',#18049);
#5915=VERTEX_POINT('',#18050);
#5916=VERTEX_POINT('',#18052);
#5917=VERTEX_POINT('',#18054);
#5918=VERTEX_POINT('',#18058);
#5919=VERTEX_POINT('',#18059);
#5920=VERTEX_POINT('',#18061);
#5921=VERTEX_POINT('',#18063);
#5922=VERTEX_POINT('',#18067);
#5923=VERTEX_POINT('',#18068);
#5924=VERTEX_POINT('',#18070);
#5925=VERTEX_POINT('',#18072);
#5926=VERTEX_POINT('',#18076);
#5927=VERTEX_POINT('',#18078);
#5928=VERTEX_POINT('',#18082);
#5929=VERTEX_POINT('',#18084);
#5930=VERTEX_POINT('',#18088);
#5931=VERTEX_POINT('',#18090);
#5932=VERTEX_POINT('',#18094);
#5933=VERTEX_POINT('',#18096);
#5934=VERTEX_POINT('',#18100);
#5935=VERTEX_POINT('',#18102);
#5936=VERTEX_POINT('',#18106);
#5937=VERTEX_POINT('',#18108);
#5938=VERTEX_POINT('',#18112);
#5939=VERTEX_POINT('',#18114);
#5940=VERTEX_POINT('',#18118);
#5941=VERTEX_POINT('',#18120);
#5942=VERTEX_POINT('',#18124);
#5943=VERTEX_POINT('',#18126);
#5944=VERTEX_POINT('',#18130);
#5945=VERTEX_POINT('',#18132);
#5946=VERTEX_POINT('',#18136);
#5947=VERTEX_POINT('',#18138);
#5948=VERTEX_POINT('',#18142);
#5949=VERTEX_POINT('',#18144);
#5950=VERTEX_POINT('',#18148);
#5951=VERTEX_POINT('',#18150);
#5952=VERTEX_POINT('',#18154);
#5953=VERTEX_POINT('',#18156);
#5954=VERTEX_POINT('',#18160);
#5955=VERTEX_POINT('',#18162);
#5956=VERTEX_POINT('',#18166);
#5957=VERTEX_POINT('',#18168);
#5958=VERTEX_POINT('',#18172);
#5959=VERTEX_POINT('',#18174);
#5960=VERTEX_POINT('',#18178);
#5961=VERTEX_POINT('',#18180);
#5962=VERTEX_POINT('',#18184);
#5963=VERTEX_POINT('',#18186);
#5964=VERTEX_POINT('',#18190);
#5965=VERTEX_POINT('',#18192);
#5966=VERTEX_POINT('',#18196);
#5967=VERTEX_POINT('',#18198);
#5968=VERTEX_POINT('',#18202);
#5969=VERTEX_POINT('',#18204);
#5970=VERTEX_POINT('',#18208);
#5971=VERTEX_POINT('',#18210);
#5972=VERTEX_POINT('',#18214);
#5973=VERTEX_POINT('',#18216);
#5974=VERTEX_POINT('',#18220);
#5975=VERTEX_POINT('',#18222);
#5976=VERTEX_POINT('',#18226);
#5977=VERTEX_POINT('',#18228);
#5978=VERTEX_POINT('',#18232);
#5979=VERTEX_POINT('',#18234);
#5980=VERTEX_POINT('',#18238);
#5981=VERTEX_POINT('',#18240);
#5982=VERTEX_POINT('',#18244);
#5983=VERTEX_POINT('',#18246);
#5984=VERTEX_POINT('',#18250);
#5985=VERTEX_POINT('',#18252);
#5986=VERTEX_POINT('',#18256);
#5987=VERTEX_POINT('',#18258);
#5988=VERTEX_POINT('',#18262);
#5989=VERTEX_POINT('',#18264);
#5990=VERTEX_POINT('',#18268);
#5991=VERTEX_POINT('',#18270);
#5992=VERTEX_POINT('',#18274);
#5993=VERTEX_POINT('',#18276);
#5994=VERTEX_POINT('',#18280);
#5995=VERTEX_POINT('',#18282);
#5996=VERTEX_POINT('',#18286);
#5997=VERTEX_POINT('',#18288);
#5998=VERTEX_POINT('',#18292);
#5999=VERTEX_POINT('',#18294);
#6000=VERTEX_POINT('',#18298);
#6001=VERTEX_POINT('',#18300);
#6002=VERTEX_POINT('',#18304);
#6003=VERTEX_POINT('',#18306);
#6004=VERTEX_POINT('',#18310);
#6005=VERTEX_POINT('',#18312);
#6006=VERTEX_POINT('',#18316);
#6007=VERTEX_POINT('',#18318);
#6008=VERTEX_POINT('',#18322);
#6009=VERTEX_POINT('',#18324);
#6010=VERTEX_POINT('',#18328);
#6011=VERTEX_POINT('',#18330);
#6012=VERTEX_POINT('',#18334);
#6013=VERTEX_POINT('',#18336);
#6014=VERTEX_POINT('',#18340);
#6015=VERTEX_POINT('',#18342);
#6016=VERTEX_POINT('',#18346);
#6017=VERTEX_POINT('',#18348);
#6018=VERTEX_POINT('',#18352);
#6019=VERTEX_POINT('',#18354);
#6020=VERTEX_POINT('',#18358);
#6021=VERTEX_POINT('',#18360);
#6022=VERTEX_POINT('',#18364);
#6023=VERTEX_POINT('',#18365);
#6024=VERTEX_POINT('',#18367);
#6025=VERTEX_POINT('',#18369);
#6026=VERTEX_POINT('',#18373);
#6027=VERTEX_POINT('',#18374);
#6028=VERTEX_POINT('',#18376);
#6029=VERTEX_POINT('',#18378);
#6030=VERTEX_POINT('',#18382);
#6031=VERTEX_POINT('',#18383);
#6032=VERTEX_POINT('',#18385);
#6033=VERTEX_POINT('',#18387);
#6034=VERTEX_POINT('',#18391);
#6035=VERTEX_POINT('',#18392);
#6036=VERTEX_POINT('',#18394);
#6037=VERTEX_POINT('',#18396);
#6038=VERTEX_POINT('',#18400);
#6039=VERTEX_POINT('',#18401);
#6040=VERTEX_POINT('',#18403);
#6041=VERTEX_POINT('',#18405);
#6042=VERTEX_POINT('',#18409);
#6043=VERTEX_POINT('',#18410);
#6044=VERTEX_POINT('',#18412);
#6045=VERTEX_POINT('',#18414);
#6046=VERTEX_POINT('',#18418);
#6047=VERTEX_POINT('',#18419);
#6048=VERTEX_POINT('',#18421);
#6049=VERTEX_POINT('',#18423);
#6050=VERTEX_POINT('',#18427);
#6051=VERTEX_POINT('',#18428);
#6052=VERTEX_POINT('',#18430);
#6053=VERTEX_POINT('',#18432);
#6054=VERTEX_POINT('',#18436);
#6055=VERTEX_POINT('',#18437);
#6056=VERTEX_POINT('',#18439);
#6057=VERTEX_POINT('',#18441);
#6058=VERTEX_POINT('',#18445);
#6059=VERTEX_POINT('',#18446);
#6060=VERTEX_POINT('',#18448);
#6061=VERTEX_POINT('',#18450);
#6062=VERTEX_POINT('',#18454);
#6063=VERTEX_POINT('',#18455);
#6064=VERTEX_POINT('',#18457);
#6065=VERTEX_POINT('',#18459);
#6066=VERTEX_POINT('',#18463);
#6067=VERTEX_POINT('',#18464);
#6068=VERTEX_POINT('',#18466);
#6069=VERTEX_POINT('',#18468);
#6070=VERTEX_POINT('',#18472);
#6071=VERTEX_POINT('',#18474);
#6072=VERTEX_POINT('',#18478);
#6073=VERTEX_POINT('',#18480);
#6074=VERTEX_POINT('',#18484);
#6075=VERTEX_POINT('',#18486);
#6076=VERTEX_POINT('',#18490);
#6077=VERTEX_POINT('',#18492);
#6078=VERTEX_POINT('',#18496);
#6079=VERTEX_POINT('',#18498);
#6080=VERTEX_POINT('',#18502);
#6081=VERTEX_POINT('',#18504);
#6082=VERTEX_POINT('',#18508);
#6083=VERTEX_POINT('',#18510);
#6084=VERTEX_POINT('',#18514);
#6085=VERTEX_POINT('',#18516);
#6086=VERTEX_POINT('',#18520);
#6087=VERTEX_POINT('',#18522);
#6088=VERTEX_POINT('',#18526);
#6089=VERTEX_POINT('',#18528);
#6090=VERTEX_POINT('',#18532);
#6091=VERTEX_POINT('',#18534);
#6092=VERTEX_POINT('',#18538);
#6093=VERTEX_POINT('',#18540);
#6094=VERTEX_POINT('',#18544);
#6095=VERTEX_POINT('',#18546);
#6096=VERTEX_POINT('',#18550);
#6097=VERTEX_POINT('',#18552);
#6098=VERTEX_POINT('',#18556);
#6099=VERTEX_POINT('',#18558);
#6100=VERTEX_POINT('',#18562);
#6101=VERTEX_POINT('',#18564);
#6102=VERTEX_POINT('',#18568);
#6103=VERTEX_POINT('',#18570);
#6104=VERTEX_POINT('',#18574);
#6105=VERTEX_POINT('',#18576);
#6106=VERTEX_POINT('',#18580);
#6107=VERTEX_POINT('',#18582);
#6108=VERTEX_POINT('',#18586);
#6109=VERTEX_POINT('',#18588);
#6110=VERTEX_POINT('',#18592);
#6111=VERTEX_POINT('',#18594);
#6112=VERTEX_POINT('',#18598);
#6113=VERTEX_POINT('',#18600);
#6114=VERTEX_POINT('',#18604);
#6115=VERTEX_POINT('',#18606);
#6116=VERTEX_POINT('',#18610);
#6117=VERTEX_POINT('',#18612);
#6118=VERTEX_POINT('',#18616);
#6119=VERTEX_POINT('',#18618);
#6120=VERTEX_POINT('',#18622);
#6121=VERTEX_POINT('',#18624);
#6122=VERTEX_POINT('',#18628);
#6123=VERTEX_POINT('',#18630);
#6124=VERTEX_POINT('',#18634);
#6125=VERTEX_POINT('',#18636);
#6126=VERTEX_POINT('',#18640);
#6127=VERTEX_POINT('',#18642);
#6128=VERTEX_POINT('',#18646);
#6129=VERTEX_POINT('',#18648);
#6130=VERTEX_POINT('',#18652);
#6131=VERTEX_POINT('',#18654);
#6132=VERTEX_POINT('',#18658);
#6133=VERTEX_POINT('',#18660);
#6134=VERTEX_POINT('',#18664);
#6135=VERTEX_POINT('',#18666);
#6136=VERTEX_POINT('',#18670);
#6137=VERTEX_POINT('',#18672);
#6138=VERTEX_POINT('',#18676);
#6139=VERTEX_POINT('',#18678);
#6140=VERTEX_POINT('',#18682);
#6141=VERTEX_POINT('',#18684);
#6142=VERTEX_POINT('',#18688);
#6143=VERTEX_POINT('',#18690);
#6144=VERTEX_POINT('',#18694);
#6145=VERTEX_POINT('',#18696);
#6146=VERTEX_POINT('',#18700);
#6147=VERTEX_POINT('',#18702);
#6148=VERTEX_POINT('',#18706);
#6149=VERTEX_POINT('',#18708);
#6150=VERTEX_POINT('',#18712);
#6151=VERTEX_POINT('',#18714);
#6152=VERTEX_POINT('',#18718);
#6153=VERTEX_POINT('',#18720);
#6154=VERTEX_POINT('',#18724);
#6155=VERTEX_POINT('',#18726);
#6156=VERTEX_POINT('',#18730);
#6157=VERTEX_POINT('',#18732);
#6158=VERTEX_POINT('',#18736);
#6159=VERTEX_POINT('',#18738);
#6160=VERTEX_POINT('',#18742);
#6161=VERTEX_POINT('',#18744);
#6162=VERTEX_POINT('',#18748);
#6163=VERTEX_POINT('',#18750);
#6164=VERTEX_POINT('',#18754);
#6165=VERTEX_POINT('',#18756);
#6166=VERTEX_POINT('',#18760);
#6167=VERTEX_POINT('',#18761);
#6168=VERTEX_POINT('',#18763);
#6169=VERTEX_POINT('',#18765);
#6170=VERTEX_POINT('',#18769);
#6171=VERTEX_POINT('',#18771);
#6172=VERTEX_POINT('',#18775);
#6173=VERTEX_POINT('',#18777);
#6174=VERTEX_POINT('',#18781);
#6175=VERTEX_POINT('',#18783);
#6176=VERTEX_POINT('',#18787);
#6177=VERTEX_POINT('',#18789);
#6178=VERTEX_POINT('',#18793);
#6179=VERTEX_POINT('',#18795);
#6180=VERTEX_POINT('',#18798);
#6181=VERTEX_POINT('',#18800);
#6182=VERTEX_POINT('',#18803);
#6183=VERTEX_POINT('',#18805);
#6184=VERTEX_POINT('',#18808);
#6185=VERTEX_POINT('',#18810);
#6186=VERTEX_POINT('',#18813);
#6187=VERTEX_POINT('',#18815);
#6188=VERTEX_POINT('',#18818);
#6189=VERTEX_POINT('',#18820);
#6190=VERTEX_POINT('',#18823);
#6191=VERTEX_POINT('',#18825);
#6192=VERTEX_POINT('',#18828);
#6193=VERTEX_POINT('',#18830);
#6194=VERTEX_POINT('',#18833);
#6195=VERTEX_POINT('',#18835);
#6196=VERTEX_POINT('',#18838);
#6197=VERTEX_POINT('',#18840);
#6198=VERTEX_POINT('',#18843);
#6199=VERTEX_POINT('',#18845);
#6200=VERTEX_POINT('',#18848);
#6201=VERTEX_POINT('',#18850);
#6202=VERTEX_POINT('',#18854);
#6203=VERTEX_POINT('',#18856);
#6204=VERTEX_POINT('',#18859);
#6205=VERTEX_POINT('',#18861);
#6206=VERTEX_POINT('',#18864);
#6207=VERTEX_POINT('',#18866);
#6208=VERTEX_POINT('',#18869);
#6209=VERTEX_POINT('',#18871);
#6210=VERTEX_POINT('',#18874);
#6211=VERTEX_POINT('',#18876);
#6212=VERTEX_POINT('',#18879);
#6213=VERTEX_POINT('',#18881);
#6214=VERTEX_POINT('',#18884);
#6215=VERTEX_POINT('',#18886);
#6216=VERTEX_POINT('',#18889);
#6217=VERTEX_POINT('',#18891);
#6218=VERTEX_POINT('',#18894);
#6219=VERTEX_POINT('',#18896);
#6220=VERTEX_POINT('',#18899);
#6221=VERTEX_POINT('',#18901);
#6222=VERTEX_POINT('',#18904);
#6223=VERTEX_POINT('',#18906);
#6224=VERTEX_POINT('',#18909);
#6225=VERTEX_POINT('',#18911);
#6226=VERTEX_POINT('',#18913);
#6227=VERTEX_POINT('',#18915);
#6228=VERTEX_POINT('',#18919);
#6229=VERTEX_POINT('',#18921);
#6230=VERTEX_POINT('',#18925);
#6231=VERTEX_POINT('',#18927);
#6232=VERTEX_POINT('',#18931);
#6233=VERTEX_POINT('',#18933);
#6234=VERTEX_POINT('',#18937);
#6235=VERTEX_POINT('',#18939);
#6236=VERTEX_POINT('',#18943);
#6237=VERTEX_POINT('',#18945);
#6238=VERTEX_POINT('',#18950);
#6239=VERTEX_POINT('',#18952);
#6240=VERTEX_POINT('',#19057);
#6241=VERTEX_POINT('',#19058);
#6242=VERTEX_POINT('',#19060);
#6243=VERTEX_POINT('',#19062);
#6244=VERTEX_POINT('',#19066);
#6245=VERTEX_POINT('',#19068);
#6246=VERTEX_POINT('',#19071);
#6247=VERTEX_POINT('',#19072);
#6248=VERTEX_POINT('',#19074);
#6249=VERTEX_POINT('',#19076);
#6250=VERTEX_POINT('',#19080);
#6251=VERTEX_POINT('',#19081);
#6252=VERTEX_POINT('',#19086);
#6253=VERTEX_POINT('',#19087);
#6254=VERTEX_POINT('',#19092);
#6255=VERTEX_POINT('',#19093);
#6256=VERTEX_POINT('',#19098);
#6257=VERTEX_POINT('',#19099);
#6258=VERTEX_POINT('',#19104);
#6259=VERTEX_POINT('',#19105);
#6260=VERTEX_POINT('',#19108);
#6261=VERTEX_POINT('',#19110);
#6262=VERTEX_POINT('',#19112);
#6263=VERTEX_POINT('',#19114);
#6264=VERTEX_POINT('',#19118);
#6265=VERTEX_POINT('',#19119);
#6266=VERTEX_POINT('',#19121);
#6267=VERTEX_POINT('',#19123);
#6268=VERTEX_POINT('',#19127);
#6269=VERTEX_POINT('',#19128);
#6270=VERTEX_POINT('',#19133);
#6271=VERTEX_POINT('',#19134);
#6272=VERTEX_POINT('',#19142);
#6273=VERTEX_POINT('',#19143);
#6274=VERTEX_POINT('',#19145);
#6275=VERTEX_POINT('',#19147);
#6276=VERTEX_POINT('',#19151);
#6277=VERTEX_POINT('',#19153);
#6278=VERTEX_POINT('',#19157);
#6279=VERTEX_POINT('',#19159);
#6280=VERTEX_POINT('',#19163);
#6281=VERTEX_POINT('',#19165);
#6282=VERTEX_POINT('',#19172);
#6283=VERTEX_POINT('',#19174);
#6284=VERTEX_POINT('',#19178);
#6285=VERTEX_POINT('',#19181);
#6286=VERTEX_POINT('',#19183);
#6287=VERTEX_POINT('',#19185);
#6288=VERTEX_POINT('',#19189);
#6289=VERTEX_POINT('',#19191);
#6290=VERTEX_POINT('',#19195);
#6291=VERTEX_POINT('',#19197);
#6292=VERTEX_POINT('',#19201);
#6293=VERTEX_POINT('',#19203);
#6294=VERTEX_POINT('',#19215);
#6295=VERTEX_POINT('',#19219);
#6296=VERTEX_POINT('',#19222);
#6297=VERTEX_POINT('',#19223);
#6298=VERTEX_POINT('',#19225);
#6299=VERTEX_POINT('',#19227);
#6300=VERTEX_POINT('',#19229);
#6301=VERTEX_POINT('',#19231);
#6302=VERTEX_POINT('',#19233);
#6303=VERTEX_POINT('',#19235);
#6304=VERTEX_POINT('',#19239);
#6305=VERTEX_POINT('',#19241);
#6306=VERTEX_POINT('',#19245);
#6307=VERTEX_POINT('',#19247);
#6308=VERTEX_POINT('',#19251);
#6309=VERTEX_POINT('',#19253);
#6310=VERTEX_POINT('',#19257);
#6311=VERTEX_POINT('',#19259);
#6312=VERTEX_POINT('',#19263);
#6313=VERTEX_POINT('',#19265);
#6314=VERTEX_POINT('',#19269);
#6315=VERTEX_POINT('',#19270);
#6316=VERTEX_POINT('',#19272);
#6317=VERTEX_POINT('',#19278);
#6318=VERTEX_POINT('',#19282);
#6319=VERTEX_POINT('',#19284);
#6320=VERTEX_POINT('',#19288);
#6321=VERTEX_POINT('',#19290);
#6322=VERTEX_POINT('',#19292);
#6323=VERTEX_POINT('',#19295);
#6324=LINE('',#15893,#7964);
#6325=LINE('',#15896,#7965);
#6326=LINE('',#15898,#7966);
#6327=LINE('',#15900,#7967);
#6328=LINE('',#15902,#7968);
#6329=LINE('',#15904,#7969);
#6330=LINE('',#15906,#7970);
#6331=LINE('',#15908,#7971);
#6332=LINE('',#15910,#7972);
#6333=LINE('',#15912,#7973);
#6334=LINE('',#15914,#7974);
#6335=LINE('',#15917,#7975);
#6336=LINE('',#15919,#7976);
#6337=LINE('',#15921,#7977);
#6338=LINE('',#15923,#7978);
#6339=LINE('',#15925,#7979);
#6340=LINE('',#15928,#7980);
#6341=LINE('',#15930,#7981);
#6342=LINE('',#15932,#7982);
#6343=LINE('',#15934,#7983);
#6344=LINE('',#15936,#7984);
#6345=LINE('',#15937,#7985);
#6346=LINE('',#15939,#7986);
#6347=LINE('',#15940,#7987);
#6348=LINE('',#15942,#7988);
#6349=LINE('',#15945,#7989);
#6350=LINE('',#15947,#7990);
#6351=LINE('',#15949,#7991);
#6352=LINE('',#15951,#7992);
#6353=LINE('',#15954,#7993);
#6354=LINE('',#15955,#7994);
#6355=LINE('',#15957,#7995);
#6356=LINE('',#15959,#7996);
#6357=LINE('',#15962,#7997);
#6358=LINE('',#15964,#7998);
#6359=LINE('',#15966,#7999);
#6360=LINE('',#15968,#8000);
#6361=LINE('',#15971,#8001);
#6362=LINE('',#15973,#8002);
#6363=LINE('',#15975,#8003);
#6364=LINE('',#15977,#8004);
#6365=LINE('',#15980,#8005);
#6366=LINE('',#15982,#8006);
#6367=LINE('',#15984,#8007);
#6368=LINE('',#15986,#8008);
#6369=LINE('',#15989,#8009);
#6370=LINE('',#15991,#8010);
#6371=LINE('',#15993,#8011);
#6372=LINE('',#15995,#8012);
#6373=LINE('',#15998,#8013);
#6374=LINE('',#16000,#8014);
#6375=LINE('',#16002,#8015);
#6376=LINE('',#16004,#8016);
#6377=LINE('',#16006,#8017);
#6378=LINE('',#16008,#8018);
#6379=LINE('',#16010,#8019);
#6380=LINE('',#16012,#8020);
#6381=LINE('',#16014,#8021);
#6382=LINE('',#16016,#8022);
#6383=LINE('',#16019,#8023);
#6384=LINE('',#16021,#8024);
#6385=LINE('',#16023,#8025);
#6386=LINE('',#16025,#8026);
#6387=LINE('',#16027,#8027);
#6388=LINE('',#16029,#8028);
#6389=LINE('',#16031,#8029);
#6390=LINE('',#16033,#8030);
#6391=LINE('',#16035,#8031);
#6392=LINE('',#16037,#8032);
#6393=LINE('',#16040,#8033);
#6394=LINE('',#16042,#8034);
#6395=LINE('',#16044,#8035);
#6396=LINE('',#16046,#8036);
#6397=LINE('',#16048,#8037);
#6398=LINE('',#16050,#8038);
#6399=LINE('',#16052,#8039);
#6400=LINE('',#16054,#8040);
#6401=LINE('',#16056,#8041);
#6402=LINE('',#16058,#8042);
#6403=LINE('',#16061,#8043);
#6404=LINE('',#16063,#8044);
#6405=LINE('',#16065,#8045);
#6406=LINE('',#16067,#8046);
#6407=LINE('',#16069,#8047);
#6408=LINE('',#16071,#8048);
#6409=LINE('',#16073,#8049);
#6410=LINE('',#16075,#8050);
#6411=LINE('',#16077,#8051);
#6412=LINE('',#16079,#8052);
#6413=LINE('',#16082,#8053);
#6414=LINE('',#16084,#8054);
#6415=LINE('',#16086,#8055);
#6416=LINE('',#16088,#8056);
#6417=LINE('',#16090,#8057);
#6418=LINE('',#16092,#8058);
#6419=LINE('',#16094,#8059);
#6420=LINE('',#16096,#8060);
#6421=LINE('',#16098,#8061);
#6422=LINE('',#16100,#8062);
#6423=LINE('',#16103,#8063);
#6424=LINE('',#16105,#8064);
#6425=LINE('',#16107,#8065);
#6426=LINE('',#16109,#8066);
#6427=LINE('',#16111,#8067);
#6428=LINE('',#16113,#8068);
#6429=LINE('',#16115,#8069);
#6430=LINE('',#16117,#8070);
#6431=LINE('',#16119,#8071);
#6432=LINE('',#16121,#8072);
#6433=LINE('',#16124,#8073);
#6434=LINE('',#16126,#8074);
#6435=LINE('',#16128,#8075);
#6436=LINE('',#16130,#8076);
#6437=LINE('',#16133,#8077);
#6438=LINE('',#16135,#8078);
#6439=LINE('',#16137,#8079);
#6440=LINE('',#16139,#8080);
#6441=LINE('',#16140,#8081);
#6442=LINE('',#16142,#8082);
#6443=LINE('',#16143,#8083);
#6444=LINE('',#16145,#8084);
#6445=LINE('',#16146,#8085);
#6446=LINE('',#16148,#8086);
#6447=LINE('',#16149,#8087);
#6448=LINE('',#16151,#8088);
#6449=LINE('',#16152,#8089);
#6450=LINE('',#16154,#8090);
#6451=LINE('',#16155,#8091);
#6452=LINE('',#16157,#8092);
#6453=LINE('',#16160,#8093);
#6454=LINE('',#16162,#8094);
#6455=LINE('',#16164,#8095);
#6456=LINE('',#16166,#8096);
#6457=LINE('',#16169,#8097);
#6458=LINE('',#16171,#8098);
#6459=LINE('',#16173,#8099);
#6460=LINE('',#16175,#8100);
#6461=LINE('',#16178,#8101);
#6462=LINE('',#16179,#8102);
#6463=LINE('',#16180,#8103);
#6464=LINE('',#16182,#8104);
#6465=LINE('',#16184,#8105);
#6466=LINE('',#16185,#8106);
#6467=LINE('',#16186,#8107);
#6468=LINE('',#16188,#8108);
#6469=LINE('',#16190,#8109);
#6470=LINE('',#16192,#8110);
#6471=LINE('',#16194,#8111);
#6472=LINE('',#16196,#8112);
#6473=LINE('',#16198,#8113);
#6474=LINE('',#16200,#8114);
#6475=LINE('',#16202,#8115);
#6476=LINE('',#16204,#8116);
#6477=LINE('',#16205,#8117);
#6478=LINE('',#16207,#8118);
#6479=LINE('',#16209,#8119);
#6480=LINE('',#16210,#8120);
#6481=LINE('',#16212,#8121);
#6482=LINE('',#16215,#8122);
#6483=LINE('',#16217,#8123);
#6484=LINE('',#16219,#8124);
#6485=LINE('',#16221,#8125);
#6486=LINE('',#16223,#8126);
#6487=LINE('',#16225,#8127);
#6488=LINE('',#16227,#8128);
#6489=LINE('',#16229,#8129);
#6490=LINE('',#16231,#8130);
#6491=LINE('',#16233,#8131);
#6492=LINE('',#16236,#8132);
#6493=LINE('',#16238,#8133);
#6494=LINE('',#16240,#8134);
#6495=LINE('',#16242,#8135);
#6496=LINE('',#16244,#8136);
#6497=LINE('',#16246,#8137);
#6498=LINE('',#16248,#8138);
#6499=LINE('',#16250,#8139);
#6500=LINE('',#16252,#8140);
#6501=LINE('',#16254,#8141);
#6502=LINE('',#16257,#8142);
#6503=LINE('',#16259,#8143);
#6504=LINE('',#16261,#8144);
#6505=LINE('',#16263,#8145);
#6506=LINE('',#16265,#8146);
#6507=LINE('',#16267,#8147);
#6508=LINE('',#16269,#8148);
#6509=LINE('',#16271,#8149);
#6510=LINE('',#16273,#8150);
#6511=LINE('',#16275,#8151);
#6512=LINE('',#16278,#8152);
#6513=LINE('',#16280,#8153);
#6514=LINE('',#16282,#8154);
#6515=LINE('',#16284,#8155);
#6516=LINE('',#16286,#8156);
#6517=LINE('',#16288,#8157);
#6518=LINE('',#16290,#8158);
#6519=LINE('',#16292,#8159);
#6520=LINE('',#16294,#8160);
#6521=LINE('',#16296,#8161);
#6522=LINE('',#16299,#8162);
#6523=LINE('',#16301,#8163);
#6524=LINE('',#16303,#8164);
#6525=LINE('',#16305,#8165);
#6526=LINE('',#16307,#8166);
#6527=LINE('',#16309,#8167);
#6528=LINE('',#16311,#8168);
#6529=LINE('',#16313,#8169);
#6530=LINE('',#16315,#8170);
#6531=LINE('',#16317,#8171);
#6532=LINE('',#16320,#8172);
#6533=LINE('',#16322,#8173);
#6534=LINE('',#16324,#8174);
#6535=LINE('',#16326,#8175);
#6536=LINE('',#16328,#8176);
#6537=LINE('',#16330,#8177);
#6538=LINE('',#16332,#8178);
#6539=LINE('',#16334,#8179);
#6540=LINE('',#16336,#8180);
#6541=LINE('',#16338,#8181);
#6542=LINE('',#16341,#8182);
#6543=LINE('',#16343,#8183);
#6544=LINE('',#16345,#8184);
#6545=LINE('',#16347,#8185);
#6546=LINE('',#16349,#8186);
#6547=LINE('',#16351,#8187);
#6548=LINE('',#16353,#8188);
#6549=LINE('',#16355,#8189);
#6550=LINE('',#16357,#8190);
#6551=LINE('',#16359,#8191);
#6552=LINE('',#16362,#8192);
#6553=LINE('',#16364,#8193);
#6554=LINE('',#16366,#8194);
#6555=LINE('',#16368,#8195);
#6556=LINE('',#16370,#8196);
#6557=LINE('',#16372,#8197);
#6558=LINE('',#16374,#8198);
#6559=LINE('',#16376,#8199);
#6560=LINE('',#16378,#8200);
#6561=LINE('',#16380,#8201);
#6562=LINE('',#16383,#8202);
#6563=LINE('',#16385,#8203);
#6564=LINE('',#16387,#8204);
#6565=LINE('',#16388,#8205);
#6566=LINE('',#16390,#8206);
#6567=LINE('',#16392,#8207);
#6568=LINE('',#16394,#8208);
#6569=LINE('',#16396,#8209);
#6570=LINE('',#16399,#8210);
#6571=LINE('',#16401,#8211);
#6572=LINE('',#16403,#8212);
#6573=LINE('',#16404,#8213);
#6574=LINE('',#16406,#8214);
#6575=LINE('',#16408,#8215);
#6576=LINE('',#16410,#8216);
#6577=LINE('',#16412,#8217);
#6578=LINE('',#16415,#8218);
#6579=LINE('',#16417,#8219);
#6580=LINE('',#16419,#8220);
#6581=LINE('',#16421,#8221);
#6582=LINE('',#16424,#8222);
#6583=LINE('',#16425,#8223);
#6584=LINE('',#16426,#8224);
#6585=LINE('',#16428,#8225);
#6586=LINE('',#16431,#8226);
#6587=LINE('',#16433,#8227);
#6588=LINE('',#16435,#8228);
#6589=LINE('',#16437,#8229);
#6590=LINE('',#16440,#8230);
#6591=LINE('',#16441,#8231);
#6592=LINE('',#16442,#8232);
#6593=LINE('',#16444,#8233);
#6594=LINE('',#16447,#8234);
#6595=LINE('',#16449,#8235);
#6596=LINE('',#16451,#8236);
#6597=LINE('',#16453,#8237);
#6598=LINE('',#16455,#8238);
#6599=LINE('',#16457,#8239);
#6600=LINE('',#16459,#8240);
#6601=LINE('',#16461,#8241);
#6602=LINE('',#16463,#8242);
#6603=LINE('',#16465,#8243);
#6604=LINE('',#16468,#8244);
#6605=LINE('',#16470,#8245);
#6606=LINE('',#16472,#8246);
#6607=LINE('',#16474,#8247);
#6608=LINE('',#16476,#8248);
#6609=LINE('',#16478,#8249);
#6610=LINE('',#16480,#8250);
#6611=LINE('',#16482,#8251);
#6612=LINE('',#16484,#8252);
#6613=LINE('',#16486,#8253);
#6614=LINE('',#16489,#8254);
#6615=LINE('',#16491,#8255);
#6616=LINE('',#16493,#8256);
#6617=LINE('',#16495,#8257);
#6618=LINE('',#16497,#8258);
#6619=LINE('',#16499,#8259);
#6620=LINE('',#16501,#8260);
#6621=LINE('',#16503,#8261);
#6622=LINE('',#16505,#8262);
#6623=LINE('',#16507,#8263);
#6624=LINE('',#16510,#8264);
#6625=LINE('',#16512,#8265);
#6626=LINE('',#16514,#8266);
#6627=LINE('',#16516,#8267);
#6628=LINE('',#16518,#8268);
#6629=LINE('',#16520,#8269);
#6630=LINE('',#16522,#8270);
#6631=LINE('',#16524,#8271);
#6632=LINE('',#16526,#8272);
#6633=LINE('',#16528,#8273);
#6634=LINE('',#16531,#8274);
#6635=LINE('',#16533,#8275);
#6636=LINE('',#16535,#8276);
#6637=LINE('',#16537,#8277);
#6638=LINE('',#16539,#8278);
#6639=LINE('',#16541,#8279);
#6640=LINE('',#16543,#8280);
#6641=LINE('',#16545,#8281);
#6642=LINE('',#16547,#8282);
#6643=LINE('',#16549,#8283);
#6644=LINE('',#16552,#8284);
#6645=LINE('',#16554,#8285);
#6646=LINE('',#16556,#8286);
#6647=LINE('',#16558,#8287);
#6648=LINE('',#16560,#8288);
#6649=LINE('',#16562,#8289);
#6650=LINE('',#16564,#8290);
#6651=LINE('',#16566,#8291);
#6652=LINE('',#16568,#8292);
#6653=LINE('',#16570,#8293);
#6654=LINE('',#16573,#8294);
#6655=LINE('',#16575,#8295);
#6656=LINE('',#16577,#8296);
#6657=LINE('',#16579,#8297);
#6658=LINE('',#16581,#8298);
#6659=LINE('',#16583,#8299);
#6660=LINE('',#16585,#8300);
#6661=LINE('',#16587,#8301);
#6662=LINE('',#16589,#8302);
#6663=LINE('',#16591,#8303);
#6664=LINE('',#16594,#8304);
#6665=LINE('',#16596,#8305);
#6666=LINE('',#16598,#8306);
#6667=LINE('',#16600,#8307);
#6668=LINE('',#16602,#8308);
#6669=LINE('',#16604,#8309);
#6670=LINE('',#16606,#8310);
#6671=LINE('',#16608,#8311);
#6672=LINE('',#16610,#8312);
#6673=LINE('',#16612,#8313);
#6674=LINE('',#16613,#8314);
#6675=LINE('',#16615,#8315);
#6676=LINE('',#16616,#8316);
#6677=LINE('',#16618,#8317);
#6678=LINE('',#16619,#8318);
#6679=LINE('',#16621,#8319);
#6680=LINE('',#16622,#8320);
#6681=LINE('',#16624,#8321);
#6682=LINE('',#16625,#8322);
#6683=LINE('',#16627,#8323);
#6684=LINE('',#16628,#8324);
#6685=LINE('',#16630,#8325);
#6686=LINE('',#16631,#8326);
#6687=LINE('',#16633,#8327);
#6688=LINE('',#16634,#8328);
#6689=LINE('',#16636,#8329);
#6690=LINE('',#16639,#8330);
#6691=LINE('',#16640,#8331);
#6692=LINE('',#16641,#8332);
#6693=LINE('',#16643,#8333);
#6694=LINE('',#16646,#8334);
#6695=LINE('',#16647,#8335);
#6696=LINE('',#16648,#8336);
#6697=LINE('',#16650,#8337);
#6698=LINE('',#16653,#8338);
#6699=LINE('',#16654,#8339);
#6700=LINE('',#16655,#8340);
#6701=LINE('',#16657,#8341);
#6702=LINE('',#16660,#8342);
#6703=LINE('',#16661,#8343);
#6704=LINE('',#16662,#8344);
#6705=LINE('',#16664,#8345);
#6706=LINE('',#16665,#8346);
#6707=LINE('',#16667,#8347);
#6708=LINE('',#16668,#8348);
#6709=LINE('',#16670,#8349);
#6710=LINE('',#16671,#8350);
#6711=LINE('',#16673,#8351);
#6712=LINE('',#16674,#8352);
#6713=LINE('',#16676,#8353);
#6714=LINE('',#16677,#8354);
#6715=LINE('',#16679,#8355);
#6716=LINE('',#16680,#8356);
#6717=LINE('',#16682,#8357);
#6718=LINE('',#16683,#8358);
#6719=LINE('',#16685,#8359);
#6720=LINE('',#16686,#8360);
#6721=LINE('',#16688,#8361);
#6722=LINE('',#16690,#8362);
#6723=LINE('',#16692,#8363);
#6724=LINE('',#16694,#8364);
#6725=LINE('',#16695,#8365);
#6726=LINE('',#16696,#8366);
#6727=LINE('',#16698,#8367);
#6728=LINE('',#16699,#8368);
#6729=LINE('',#16700,#8369);
#6730=LINE('',#16701,#8370);
#6731=LINE('',#16702,#8371);
#6732=LINE('',#16703,#8372);
#6733=LINE('',#16704,#8373);
#6734=LINE('',#16706,#8374);
#6735=LINE('',#16708,#8375);
#6736=LINE('',#16710,#8376);
#6737=LINE('',#16711,#8377);
#6738=LINE('',#16713,#8378);
#6739=LINE('',#16715,#8379);
#6740=LINE('',#16717,#8380);
#6741=LINE('',#16718,#8381);
#6742=LINE('',#16720,#8382);
#6743=LINE('',#16722,#8383);
#6744=LINE('',#16724,#8384);
#6745=LINE('',#16727,#8385);
#6746=LINE('',#16736,#8386);
#6747=LINE('',#16739,#8387);
#6748=LINE('',#16742,#8388);
#6749=LINE('',#16744,#8389);
#6750=LINE('',#16746,#8390);
#6751=LINE('',#16747,#8391);
#6752=LINE('',#16749,#8392);
#6753=LINE('',#16751,#8393);
#6754=LINE('',#16753,#8394);
#6755=LINE('',#16755,#8395);
#6756=LINE('',#16757,#8396);
#6757=LINE('',#16758,#8397);
#6758=LINE('',#16760,#8398);
#6759=LINE('',#16763,#8399);
#6760=LINE('',#16767,#8400);
#6761=LINE('',#16770,#8401);
#6762=LINE('',#16774,#8402);
#6763=LINE('',#16777,#8403);
#6764=LINE('',#16779,#8404);
#6765=LINE('',#16781,#8405);
#6766=LINE('',#16783,#8406);
#6767=LINE('',#16786,#8407);
#6768=LINE('',#16788,#8408);
#6769=LINE('',#16790,#8409);
#6770=LINE('',#16792,#8410);
#6771=LINE('',#16795,#8411);
#6772=LINE('',#16797,#8412);
#6773=LINE('',#16799,#8413);
#6774=LINE('',#16801,#8414);
#6775=LINE('',#16804,#8415);
#6776=LINE('',#16806,#8416);
#6777=LINE('',#16808,#8417);
#6778=LINE('',#16810,#8418);
#6779=LINE('',#16813,#8419);
#6780=LINE('',#16815,#8420);
#6781=LINE('',#16817,#8421);
#6782=LINE('',#16819,#8422);
#6783=LINE('',#16822,#8423);
#6784=LINE('',#16824,#8424);
#6785=LINE('',#16826,#8425);
#6786=LINE('',#16828,#8426);
#6787=LINE('',#16831,#8427);
#6788=LINE('',#16833,#8428);
#6789=LINE('',#16835,#8429);
#6790=LINE('',#16837,#8430);
#6791=LINE('',#16840,#8431);
#6792=LINE('',#16842,#8432);
#6793=LINE('',#16844,#8433);
#6794=LINE('',#16846,#8434);
#6795=LINE('',#16849,#8435);
#6796=LINE('',#16851,#8436);
#6797=LINE('',#16853,#8437);
#6798=LINE('',#16855,#8438);
#6799=LINE('',#16858,#8439);
#6800=LINE('',#16860,#8440);
#6801=LINE('',#16862,#8441);
#6802=LINE('',#16864,#8442);
#6803=LINE('',#16867,#8443);
#6804=LINE('',#16869,#8444);
#6805=LINE('',#16871,#8445);
#6806=LINE('',#16873,#8446);
#6807=LINE('',#16876,#8447);
#6808=LINE('',#16878,#8448);
#6809=LINE('',#16880,#8449);
#6810=LINE('',#16882,#8450);
#6811=LINE('',#16885,#8451);
#6812=LINE('',#16887,#8452);
#6813=LINE('',#16889,#8453);
#6814=LINE('',#16891,#8454);
#6815=LINE('',#16894,#8455);
#6816=LINE('',#16896,#8456);
#6817=LINE('',#16898,#8457);
#6818=LINE('',#16900,#8458);
#6819=LINE('',#16903,#8459);
#6820=LINE('',#16905,#8460);
#6821=LINE('',#16907,#8461);
#6822=LINE('',#16909,#8462);
#6823=LINE('',#16912,#8463);
#6824=LINE('',#16914,#8464);
#6825=LINE('',#16916,#8465);
#6826=LINE('',#16918,#8466);
#6827=LINE('',#16921,#8467);
#6828=LINE('',#16923,#8468);
#6829=LINE('',#16925,#8469);
#6830=LINE('',#16927,#8470);
#6831=LINE('',#16930,#8471);
#6832=LINE('',#16932,#8472);
#6833=LINE('',#16934,#8473);
#6834=LINE('',#16936,#8474);
#6835=LINE('',#16939,#8475);
#6836=LINE('',#16941,#8476);
#6837=LINE('',#16943,#8477);
#6838=LINE('',#16945,#8478);
#6839=LINE('',#16948,#8479);
#6840=LINE('',#16950,#8480);
#6841=LINE('',#16952,#8481);
#6842=LINE('',#16954,#8482);
#6843=LINE('',#16957,#8483);
#6844=LINE('',#16959,#8484);
#6845=LINE('',#16961,#8485);
#6846=LINE('',#16963,#8486);
#6847=LINE('',#16966,#8487);
#6848=LINE('',#16968,#8488);
#6849=LINE('',#16970,#8489);
#6850=LINE('',#16972,#8490);
#6851=LINE('',#16975,#8491);
#6852=LINE('',#16977,#8492);
#6853=LINE('',#16979,#8493);
#6854=LINE('',#16981,#8494);
#6855=LINE('',#16984,#8495);
#6856=LINE('',#16986,#8496);
#6857=LINE('',#16988,#8497);
#6858=LINE('',#16990,#8498);
#6859=LINE('',#16992,#8499);
#6860=LINE('',#16994,#8500);
#6861=LINE('',#16996,#8501);
#6862=LINE('',#16998,#8502);
#6863=LINE('',#17000,#8503);
#6864=LINE('',#17002,#8504);
#6865=LINE('',#17004,#8505);
#6866=LINE('',#17006,#8506);
#6867=LINE('',#17008,#8507);
#6868=LINE('',#17010,#8508);
#6869=LINE('',#17012,#8509);
#6870=LINE('',#17014,#8510);
#6871=LINE('',#17016,#8511);
#6872=LINE('',#17018,#8512);
#6873=LINE('',#17020,#8513);
#6874=LINE('',#17022,#8514);
#6875=LINE('',#17024,#8515);
#6876=LINE('',#17026,#8516);
#6877=LINE('',#17028,#8517);
#6878=LINE('',#17030,#8518);
#6879=LINE('',#17032,#8519);
#6880=LINE('',#17034,#8520);
#6881=LINE('',#17036,#8521);
#6882=LINE('',#17038,#8522);
#6883=LINE('',#17040,#8523);
#6884=LINE('',#17042,#8524);
#6885=LINE('',#17044,#8525);
#6886=LINE('',#17046,#8526);
#6887=LINE('',#17048,#8527);
#6888=LINE('',#17050,#8528);
#6889=LINE('',#17052,#8529);
#6890=LINE('',#17054,#8530);
#6891=LINE('',#17056,#8531);
#6892=LINE('',#17058,#8532);
#6893=LINE('',#17060,#8533);
#6894=LINE('',#17062,#8534);
#6895=LINE('',#17064,#8535);
#6896=LINE('',#17066,#8536);
#6897=LINE('',#17068,#8537);
#6898=LINE('',#17070,#8538);
#6899=LINE('',#17072,#8539);
#6900=LINE('',#17074,#8540);
#6901=LINE('',#17076,#8541);
#6902=LINE('',#17078,#8542);
#6903=LINE('',#17080,#8543);
#6904=LINE('',#17082,#8544);
#6905=LINE('',#17084,#8545);
#6906=LINE('',#17086,#8546);
#6907=LINE('',#17088,#8547);
#6908=LINE('',#17090,#8548);
#6909=LINE('',#17092,#8549);
#6910=LINE('',#17094,#8550);
#6911=LINE('',#17096,#8551);
#6912=LINE('',#17098,#8552);
#6913=LINE('',#17100,#8553);
#6914=LINE('',#17102,#8554);
#6915=LINE('',#17104,#8555);
#6916=LINE('',#17106,#8556);
#6917=LINE('',#17108,#8557);
#6918=LINE('',#17110,#8558);
#6919=LINE('',#17112,#8559);
#6920=LINE('',#17114,#8560);
#6921=LINE('',#17116,#8561);
#6922=LINE('',#17118,#8562);
#6923=LINE('',#17120,#8563);
#6924=LINE('',#17122,#8564);
#6925=LINE('',#17124,#8565);
#6926=LINE('',#17126,#8566);
#6927=LINE('',#17128,#8567);
#6928=LINE('',#17130,#8568);
#6929=LINE('',#17132,#8569);
#6930=LINE('',#17134,#8570);
#6931=LINE('',#17136,#8571);
#6932=LINE('',#17138,#8572);
#6933=LINE('',#17140,#8573);
#6934=LINE('',#17142,#8574);
#6935=LINE('',#17144,#8575);
#6936=LINE('',#17146,#8576);
#6937=LINE('',#17148,#8577);
#6938=LINE('',#17150,#8578);
#6939=LINE('',#17152,#8579);
#6940=LINE('',#17154,#8580);
#6941=LINE('',#17156,#8581);
#6942=LINE('',#17158,#8582);
#6943=LINE('',#17160,#8583);
#6944=LINE('',#17162,#8584);
#6945=LINE('',#17164,#8585);
#6946=LINE('',#17166,#8586);
#6947=LINE('',#17168,#8587);
#6948=LINE('',#17170,#8588);
#6949=LINE('',#17172,#8589);
#6950=LINE('',#17174,#8590);
#6951=LINE('',#17176,#8591);
#6952=LINE('',#17178,#8592);
#6953=LINE('',#17180,#8593);
#6954=LINE('',#17182,#8594);
#6955=LINE('',#17184,#8595);
#6956=LINE('',#17186,#8596);
#6957=LINE('',#17188,#8597);
#6958=LINE('',#17190,#8598);
#6959=LINE('',#17192,#8599);
#6960=LINE('',#17194,#8600);
#6961=LINE('',#17196,#8601);
#6962=LINE('',#17198,#8602);
#6963=LINE('',#17200,#8603);
#6964=LINE('',#17202,#8604);
#6965=LINE('',#17204,#8605);
#6966=LINE('',#17206,#8606);
#6967=LINE('',#17208,#8607);
#6968=LINE('',#17210,#8608);
#6969=LINE('',#17212,#8609);
#6970=LINE('',#17214,#8610);
#6971=LINE('',#17216,#8611);
#6972=LINE('',#17218,#8612);
#6973=LINE('',#17220,#8613);
#6974=LINE('',#17222,#8614);
#6975=LINE('',#17224,#8615);
#6976=LINE('',#17226,#8616);
#6977=LINE('',#17228,#8617);
#6978=LINE('',#17230,#8618);
#6979=LINE('',#17232,#8619);
#6980=LINE('',#17234,#8620);
#6981=LINE('',#17236,#8621);
#6982=LINE('',#17238,#8622);
#6983=LINE('',#17240,#8623);
#6984=LINE('',#17242,#8624);
#6985=LINE('',#17244,#8625);
#6986=LINE('',#17246,#8626);
#6987=LINE('',#17248,#8627);
#6988=LINE('',#17250,#8628);
#6989=LINE('',#17252,#8629);
#6990=LINE('',#17254,#8630);
#6991=LINE('',#17256,#8631);
#6992=LINE('',#17258,#8632);
#6993=LINE('',#17260,#8633);
#6994=LINE('',#17262,#8634);
#6995=LINE('',#17264,#8635);
#6996=LINE('',#17266,#8636);
#6997=LINE('',#17268,#8637);
#6998=LINE('',#17270,#8638);
#6999=LINE('',#17272,#8639);
#7000=LINE('',#17274,#8640);
#7001=LINE('',#17276,#8641);
#7002=LINE('',#17278,#8642);
#7003=LINE('',#17281,#8643);
#7004=LINE('',#17283,#8644);
#7005=LINE('',#17285,#8645);
#7006=LINE('',#17287,#8646);
#7007=LINE('',#17290,#8647);
#7008=LINE('',#17292,#8648);
#7009=LINE('',#17294,#8649);
#7010=LINE('',#17296,#8650);
#7011=LINE('',#17299,#8651);
#7012=LINE('',#17301,#8652);
#7013=LINE('',#17303,#8653);
#7014=LINE('',#17305,#8654);
#7015=LINE('',#17308,#8655);
#7016=LINE('',#17310,#8656);
#7017=LINE('',#17312,#8657);
#7018=LINE('',#17314,#8658);
#7019=LINE('',#17317,#8659);
#7020=LINE('',#17319,#8660);
#7021=LINE('',#17321,#8661);
#7022=LINE('',#17323,#8662);
#7023=LINE('',#17326,#8663);
#7024=LINE('',#17328,#8664);
#7025=LINE('',#17330,#8665);
#7026=LINE('',#17332,#8666);
#7027=LINE('',#17335,#8667);
#7028=LINE('',#17337,#8668);
#7029=LINE('',#17339,#8669);
#7030=LINE('',#17341,#8670);
#7031=LINE('',#17344,#8671);
#7032=LINE('',#17346,#8672);
#7033=LINE('',#17348,#8673);
#7034=LINE('',#17350,#8674);
#7035=LINE('',#17353,#8675);
#7036=LINE('',#17355,#8676);
#7037=LINE('',#17357,#8677);
#7038=LINE('',#17359,#8678);
#7039=LINE('',#17362,#8679);
#7040=LINE('',#17364,#8680);
#7041=LINE('',#17366,#8681);
#7042=LINE('',#17368,#8682);
#7043=LINE('',#17371,#8683);
#7044=LINE('',#17373,#8684);
#7045=LINE('',#17375,#8685);
#7046=LINE('',#17377,#8686);
#7047=LINE('',#17380,#8687);
#7048=LINE('',#17382,#8688);
#7049=LINE('',#17384,#8689);
#7050=LINE('',#17386,#8690);
#7051=LINE('',#17388,#8691);
#7052=LINE('',#17390,#8692);
#7053=LINE('',#17392,#8693);
#7054=LINE('',#17394,#8694);
#7055=LINE('',#17396,#8695);
#7056=LINE('',#17398,#8696);
#7057=LINE('',#17400,#8697);
#7058=LINE('',#17402,#8698);
#7059=LINE('',#17404,#8699);
#7060=LINE('',#17406,#8700);
#7061=LINE('',#17408,#8701);
#7062=LINE('',#17410,#8702);
#7063=LINE('',#17412,#8703);
#7064=LINE('',#17414,#8704);
#7065=LINE('',#17416,#8705);
#7066=LINE('',#17418,#8706);
#7067=LINE('',#17420,#8707);
#7068=LINE('',#17422,#8708);
#7069=LINE('',#17424,#8709);
#7070=LINE('',#17426,#8710);
#7071=LINE('',#17428,#8711);
#7072=LINE('',#17430,#8712);
#7073=LINE('',#17432,#8713);
#7074=LINE('',#17434,#8714);
#7075=LINE('',#17436,#8715);
#7076=LINE('',#17438,#8716);
#7077=LINE('',#17440,#8717);
#7078=LINE('',#17442,#8718);
#7079=LINE('',#17444,#8719);
#7080=LINE('',#17446,#8720);
#7081=LINE('',#17448,#8721);
#7082=LINE('',#17450,#8722);
#7083=LINE('',#17452,#8723);
#7084=LINE('',#17454,#8724);
#7085=LINE('',#17456,#8725);
#7086=LINE('',#17458,#8726);
#7087=LINE('',#17460,#8727);
#7088=LINE('',#17462,#8728);
#7089=LINE('',#17464,#8729);
#7090=LINE('',#17466,#8730);
#7091=LINE('',#17468,#8731);
#7092=LINE('',#17470,#8732);
#7093=LINE('',#17472,#8733);
#7094=LINE('',#17474,#8734);
#7095=LINE('',#17476,#8735);
#7096=LINE('',#17478,#8736);
#7097=LINE('',#17480,#8737);
#7098=LINE('',#17482,#8738);
#7099=LINE('',#17484,#8739);
#7100=LINE('',#17486,#8740);
#7101=LINE('',#17488,#8741);
#7102=LINE('',#17490,#8742);
#7103=LINE('',#17492,#8743);
#7104=LINE('',#17494,#8744);
#7105=LINE('',#17496,#8745);
#7106=LINE('',#17498,#8746);
#7107=LINE('',#17500,#8747);
#7108=LINE('',#17502,#8748);
#7109=LINE('',#17504,#8749);
#7110=LINE('',#17506,#8750);
#7111=LINE('',#17508,#8751);
#7112=LINE('',#17510,#8752);
#7113=LINE('',#17512,#8753);
#7114=LINE('',#17514,#8754);
#7115=LINE('',#17516,#8755);
#7116=LINE('',#17518,#8756);
#7117=LINE('',#17520,#8757);
#7118=LINE('',#17522,#8758);
#7119=LINE('',#17524,#8759);
#7120=LINE('',#17526,#8760);
#7121=LINE('',#17528,#8761);
#7122=LINE('',#17530,#8762);
#7123=LINE('',#17531,#8763);
#7124=LINE('',#17533,#8764);
#7125=LINE('',#17534,#8765);
#7126=LINE('',#17536,#8766);
#7127=LINE('',#17537,#8767);
#7128=LINE('',#17539,#8768);
#7129=LINE('',#17540,#8769);
#7130=LINE('',#17542,#8770);
#7131=LINE('',#17543,#8771);
#7132=LINE('',#17545,#8772);
#7133=LINE('',#17546,#8773);
#7134=LINE('',#17548,#8774);
#7135=LINE('',#17549,#8775);
#7136=LINE('',#17551,#8776);
#7137=LINE('',#17552,#8777);
#7138=LINE('',#17554,#8778);
#7139=LINE('',#17555,#8779);
#7140=LINE('',#17557,#8780);
#7141=LINE('',#17558,#8781);
#7142=LINE('',#17560,#8782);
#7143=LINE('',#17561,#8783);
#7144=LINE('',#17563,#8784);
#7145=LINE('',#17564,#8785);
#7146=LINE('',#17566,#8786);
#7147=LINE('',#17569,#8787);
#7148=LINE('',#17571,#8788);
#7149=LINE('',#17573,#8789);
#7150=LINE('',#17575,#8790);
#7151=LINE('',#17577,#8791);
#7152=LINE('',#17579,#8792);
#7153=LINE('',#17580,#8793);
#7154=LINE('',#17582,#8794);
#7155=LINE('',#17584,#8795);
#7156=LINE('',#17585,#8796);
#7157=LINE('',#17587,#8797);
#7158=LINE('',#17589,#8798);
#7159=LINE('',#17590,#8799);
#7160=LINE('',#17592,#8800);
#7161=LINE('',#17594,#8801);
#7162=LINE('',#17595,#8802);
#7163=LINE('',#17597,#8803);
#7164=LINE('',#17599,#8804);
#7165=LINE('',#17600,#8805);
#7166=LINE('',#17602,#8806);
#7167=LINE('',#17604,#8807);
#7168=LINE('',#17605,#8808);
#7169=LINE('',#17607,#8809);
#7170=LINE('',#17609,#8810);
#7171=LINE('',#17610,#8811);
#7172=LINE('',#17612,#8812);
#7173=LINE('',#17614,#8813);
#7174=LINE('',#17615,#8814);
#7175=LINE('',#17617,#8815);
#7176=LINE('',#17619,#8816);
#7177=LINE('',#17620,#8817);
#7178=LINE('',#17622,#8818);
#7179=LINE('',#17624,#8819);
#7180=LINE('',#17625,#8820);
#7181=LINE('',#17627,#8821);
#7182=LINE('',#17629,#8822);
#7183=LINE('',#17630,#8823);
#7184=LINE('',#17632,#8824);
#7185=LINE('',#17634,#8825);
#7186=LINE('',#17635,#8826);
#7187=LINE('',#17637,#8827);
#7188=LINE('',#17639,#8828);
#7189=LINE('',#17641,#8829);
#7190=LINE('',#17643,#8830);
#7191=LINE('',#17644,#8831);
#7192=LINE('',#17646,#8832);
#7193=LINE('',#17648,#8833);
#7194=LINE('',#17650,#8834);
#7195=LINE('',#17652,#8835);
#7196=LINE('',#17653,#8836);
#7197=LINE('',#17655,#8837);
#7198=LINE('',#17657,#8838);
#7199=LINE('',#17658,#8839);
#7200=LINE('',#17660,#8840);
#7201=LINE('',#17662,#8841);
#7202=LINE('',#17663,#8842);
#7203=LINE('',#17665,#8843);
#7204=LINE('',#17667,#8844);
#7205=LINE('',#17668,#8845);
#7206=LINE('',#17670,#8846);
#7207=LINE('',#17672,#8847);
#7208=LINE('',#17673,#8848);
#7209=LINE('',#17675,#8849);
#7210=LINE('',#17677,#8850);
#7211=LINE('',#17678,#8851);
#7212=LINE('',#17680,#8852);
#7213=LINE('',#17682,#8853);
#7214=LINE('',#17683,#8854);
#7215=LINE('',#17685,#8855);
#7216=LINE('',#17687,#8856);
#7217=LINE('',#17688,#8857);
#7218=LINE('',#17690,#8858);
#7219=LINE('',#17692,#8859);
#7220=LINE('',#17693,#8860);
#7221=LINE('',#17695,#8861);
#7222=LINE('',#17697,#8862);
#7223=LINE('',#17698,#8863);
#7224=LINE('',#17700,#8864);
#7225=LINE('',#17702,#8865);
#7226=LINE('',#17703,#8866);
#7227=LINE('',#17705,#8867);
#7228=LINE('',#17707,#8868);
#7229=LINE('',#17709,#8869);
#7230=LINE('',#17711,#8870);
#7231=LINE('',#17713,#8871);
#7232=LINE('',#17715,#8872);
#7233=LINE('',#17717,#8873);
#7234=LINE('',#17719,#8874);
#7235=LINE('',#17721,#8875);
#7236=LINE('',#17723,#8876);
#7237=LINE('',#17725,#8877);
#7238=LINE('',#17727,#8878);
#7239=LINE('',#17729,#8879);
#7240=LINE('',#17731,#8880);
#7241=LINE('',#17733,#8881);
#7242=LINE('',#17735,#8882);
#7243=LINE('',#17737,#8883);
#7244=LINE('',#17740,#8884);
#7245=LINE('',#17741,#8885);
#7246=LINE('',#17742,#8886);
#7247=LINE('',#17743,#8887);
#7248=LINE('',#17744,#8888);
#7249=LINE('',#17745,#8889);
#7250=LINE('',#17746,#8890);
#7251=LINE('',#17747,#8891);
#7252=LINE('',#17748,#8892);
#7253=LINE('',#17749,#8893);
#7254=LINE('',#17750,#8894);
#7255=LINE('',#17751,#8895);
#7256=LINE('',#17752,#8896);
#7257=LINE('',#17753,#8897);
#7258=LINE('',#17754,#8898);
#7259=LINE('',#17755,#8899);
#7260=LINE('',#17756,#8900);
#7261=LINE('',#17757,#8901);
#7262=LINE('',#17758,#8902);
#7263=LINE('',#17759,#8903);
#7264=LINE('',#17760,#8904);
#7265=LINE('',#17761,#8905);
#7266=LINE('',#17762,#8906);
#7267=LINE('',#17763,#8907);
#7268=LINE('',#17764,#8908);
#7269=LINE('',#17765,#8909);
#7270=LINE('',#17766,#8910);
#7271=LINE('',#17767,#8911);
#7272=LINE('',#17768,#8912);
#7273=LINE('',#17769,#8913);
#7274=LINE('',#17770,#8914);
#7275=LINE('',#17771,#8915);
#7276=LINE('',#17772,#8916);
#7277=LINE('',#17773,#8917);
#7278=LINE('',#17774,#8918);
#7279=LINE('',#17775,#8919);
#7280=LINE('',#17776,#8920);
#7281=LINE('',#17777,#8921);
#7282=LINE('',#17778,#8922);
#7283=LINE('',#17779,#8923);
#7284=LINE('',#17780,#8924);
#7285=LINE('',#17781,#8925);
#7286=LINE('',#17782,#8926);
#7287=LINE('',#17783,#8927);
#7288=LINE('',#17784,#8928);
#7289=LINE('',#17785,#8929);
#7290=LINE('',#17786,#8930);
#7291=LINE('',#17787,#8931);
#7292=LINE('',#17788,#8932);
#7293=LINE('',#17789,#8933);
#7294=LINE('',#17791,#8934);
#7295=LINE('',#17793,#8935);
#7296=LINE('',#17795,#8936);
#7297=LINE('',#17797,#8937);
#7298=LINE('',#17799,#8938);
#7299=LINE('',#17801,#8939);
#7300=LINE('',#17803,#8940);
#7301=LINE('',#17805,#8941);
#7302=LINE('',#17807,#8942);
#7303=LINE('',#17809,#8943);
#7304=LINE('',#17810,#8944);
#7305=LINE('',#17812,#8945);
#7306=LINE('',#17813,#8946);
#7307=LINE('',#17815,#8947);
#7308=LINE('',#17816,#8948);
#7309=LINE('',#17822,#8949);
#7310=LINE('',#17824,#8950);
#7311=LINE('',#17828,#8951);
#7312=LINE('',#17830,#8952);
#7313=LINE('',#17834,#8953);
#7314=LINE('',#17836,#8954);
#7315=LINE('',#17840,#8955);
#7316=LINE('',#17842,#8956);
#7317=LINE('',#17846,#8957);
#7318=LINE('',#17848,#8958);
#7319=LINE('',#17852,#8959);
#7320=LINE('',#17854,#8960);
#7321=LINE('',#17858,#8961);
#7322=LINE('',#17860,#8962);
#7323=LINE('',#17864,#8963);
#7324=LINE('',#17866,#8964);
#7325=LINE('',#17870,#8965);
#7326=LINE('',#17872,#8966);
#7327=LINE('',#17876,#8967);
#7328=LINE('',#17878,#8968);
#7329=LINE('',#17882,#8969);
#7330=LINE('',#17884,#8970);
#7331=LINE('',#17888,#8971);
#7332=LINE('',#17890,#8972);
#7333=LINE('',#17894,#8973);
#7334=LINE('',#17896,#8974);
#7335=LINE('',#17900,#8975);
#7336=LINE('',#17902,#8976);
#7337=LINE('',#17906,#8977);
#7338=LINE('',#17908,#8978);
#7339=LINE('',#17912,#8979);
#7340=LINE('',#17914,#8980);
#7341=LINE('',#17918,#8981);
#7342=LINE('',#17920,#8982);
#7343=LINE('',#17924,#8983);
#7344=LINE('',#17926,#8984);
#7345=LINE('',#17930,#8985);
#7346=LINE('',#17932,#8986);
#7347=LINE('',#17936,#8987);
#7348=LINE('',#17938,#8988);
#7349=LINE('',#17942,#8989);
#7350=LINE('',#17944,#8990);
#7351=LINE('',#17948,#8991);
#7352=LINE('',#17950,#8992);
#7353=LINE('',#17954,#8993);
#7354=LINE('',#17956,#8994);
#7355=LINE('',#17960,#8995);
#7356=LINE('',#17962,#8996);
#7357=LINE('',#17967,#8997);
#7358=LINE('',#17970,#8998);
#7359=LINE('',#17972,#8999);
#7360=LINE('',#17974,#9000);
#7361=LINE('',#17976,#9001);
#7362=LINE('',#17979,#9002);
#7363=LINE('',#17981,#9003);
#7364=LINE('',#17983,#9004);
#7365=LINE('',#17985,#9005);
#7366=LINE('',#17988,#9006);
#7367=LINE('',#17990,#9007);
#7368=LINE('',#17992,#9008);
#7369=LINE('',#17994,#9009);
#7370=LINE('',#17997,#9010);
#7371=LINE('',#17999,#9011);
#7372=LINE('',#18001,#9012);
#7373=LINE('',#18003,#9013);
#7374=LINE('',#18006,#9014);
#7375=LINE('',#18008,#9015);
#7376=LINE('',#18010,#9016);
#7377=LINE('',#18012,#9017);
#7378=LINE('',#18015,#9018);
#7379=LINE('',#18017,#9019);
#7380=LINE('',#18019,#9020);
#7381=LINE('',#18021,#9021);
#7382=LINE('',#18024,#9022);
#7383=LINE('',#18026,#9023);
#7384=LINE('',#18028,#9024);
#7385=LINE('',#18030,#9025);
#7386=LINE('',#18033,#9026);
#7387=LINE('',#18035,#9027);
#7388=LINE('',#18037,#9028);
#7389=LINE('',#18039,#9029);
#7390=LINE('',#18042,#9030);
#7391=LINE('',#18044,#9031);
#7392=LINE('',#18046,#9032);
#7393=LINE('',#18048,#9033);
#7394=LINE('',#18051,#9034);
#7395=LINE('',#18053,#9035);
#7396=LINE('',#18055,#9036);
#7397=LINE('',#18057,#9037);
#7398=LINE('',#18060,#9038);
#7399=LINE('',#18062,#9039);
#7400=LINE('',#18064,#9040);
#7401=LINE('',#18066,#9041);
#7402=LINE('',#18069,#9042);
#7403=LINE('',#18071,#9043);
#7404=LINE('',#18073,#9044);
#7405=LINE('',#18075,#9045);
#7406=LINE('',#18077,#9046);
#7407=LINE('',#18079,#9047);
#7408=LINE('',#18081,#9048);
#7409=LINE('',#18083,#9049);
#7410=LINE('',#18085,#9050);
#7411=LINE('',#18087,#9051);
#7412=LINE('',#18089,#9052);
#7413=LINE('',#18091,#9053);
#7414=LINE('',#18093,#9054);
#7415=LINE('',#18095,#9055);
#7416=LINE('',#18097,#9056);
#7417=LINE('',#18099,#9057);
#7418=LINE('',#18101,#9058);
#7419=LINE('',#18103,#9059);
#7420=LINE('',#18105,#9060);
#7421=LINE('',#18107,#9061);
#7422=LINE('',#18109,#9062);
#7423=LINE('',#18111,#9063);
#7424=LINE('',#18113,#9064);
#7425=LINE('',#18115,#9065);
#7426=LINE('',#18117,#9066);
#7427=LINE('',#18119,#9067);
#7428=LINE('',#18121,#9068);
#7429=LINE('',#18123,#9069);
#7430=LINE('',#18125,#9070);
#7431=LINE('',#18127,#9071);
#7432=LINE('',#18129,#9072);
#7433=LINE('',#18131,#9073);
#7434=LINE('',#18133,#9074);
#7435=LINE('',#18135,#9075);
#7436=LINE('',#18137,#9076);
#7437=LINE('',#18139,#9077);
#7438=LINE('',#18141,#9078);
#7439=LINE('',#18143,#9079);
#7440=LINE('',#18145,#9080);
#7441=LINE('',#18147,#9081);
#7442=LINE('',#18149,#9082);
#7443=LINE('',#18151,#9083);
#7444=LINE('',#18153,#9084);
#7445=LINE('',#18155,#9085);
#7446=LINE('',#18157,#9086);
#7447=LINE('',#18159,#9087);
#7448=LINE('',#18161,#9088);
#7449=LINE('',#18163,#9089);
#7450=LINE('',#18165,#9090);
#7451=LINE('',#18167,#9091);
#7452=LINE('',#18169,#9092);
#7453=LINE('',#18171,#9093);
#7454=LINE('',#18173,#9094);
#7455=LINE('',#18175,#9095);
#7456=LINE('',#18177,#9096);
#7457=LINE('',#18179,#9097);
#7458=LINE('',#18181,#9098);
#7459=LINE('',#18183,#9099);
#7460=LINE('',#18185,#9100);
#7461=LINE('',#18187,#9101);
#7462=LINE('',#18189,#9102);
#7463=LINE('',#18191,#9103);
#7464=LINE('',#18193,#9104);
#7465=LINE('',#18195,#9105);
#7466=LINE('',#18197,#9106);
#7467=LINE('',#18199,#9107);
#7468=LINE('',#18201,#9108);
#7469=LINE('',#18203,#9109);
#7470=LINE('',#18205,#9110);
#7471=LINE('',#18207,#9111);
#7472=LINE('',#18209,#9112);
#7473=LINE('',#18211,#9113);
#7474=LINE('',#18213,#9114);
#7475=LINE('',#18215,#9115);
#7476=LINE('',#18217,#9116);
#7477=LINE('',#18223,#9117);
#7478=LINE('',#18227,#9118);
#7479=LINE('',#18233,#9119);
#7480=LINE('',#18239,#9120);
#7481=LINE('',#18245,#9121);
#7482=LINE('',#18251,#9122);
#7483=LINE('',#18257,#9123);
#7484=LINE('',#18263,#9124);
#7485=LINE('',#18269,#9125);
#7486=LINE('',#18275,#9126);
#7487=LINE('',#18281,#9127);
#7488=LINE('',#18287,#9128);
#7489=LINE('',#18291,#9129);
#7490=LINE('',#18293,#9130);
#7491=LINE('',#18295,#9131);
#7492=LINE('',#18297,#9132);
#7493=LINE('',#18299,#9133);
#7494=LINE('',#18301,#9134);
#7495=LINE('',#18303,#9135);
#7496=LINE('',#18305,#9136);
#7497=LINE('',#18307,#9137);
#7498=LINE('',#18309,#9138);
#7499=LINE('',#18311,#9139);
#7500=LINE('',#18313,#9140);
#7501=LINE('',#18315,#9141);
#7502=LINE('',#18317,#9142);
#7503=LINE('',#18319,#9143);
#7504=LINE('',#18321,#9144);
#7505=LINE('',#18323,#9145);
#7506=LINE('',#18325,#9146);
#7507=LINE('',#18327,#9147);
#7508=LINE('',#18329,#9148);
#7509=LINE('',#18331,#9149);
#7510=LINE('',#18333,#9150);
#7511=LINE('',#18335,#9151);
#7512=LINE('',#18337,#9152);
#7513=LINE('',#18339,#9153);
#7514=LINE('',#18341,#9154);
#7515=LINE('',#18343,#9155);
#7516=LINE('',#18345,#9156);
#7517=LINE('',#18347,#9157);
#7518=LINE('',#18349,#9158);
#7519=LINE('',#18351,#9159);
#7520=LINE('',#18353,#9160);
#7521=LINE('',#18355,#9161);
#7522=LINE('',#18357,#9162);
#7523=LINE('',#18359,#9163);
#7524=LINE('',#18361,#9164);
#7525=LINE('',#18363,#9165);
#7526=LINE('',#18366,#9166);
#7527=LINE('',#18368,#9167);
#7528=LINE('',#18370,#9168);
#7529=LINE('',#18372,#9169);
#7530=LINE('',#18375,#9170);
#7531=LINE('',#18377,#9171);
#7532=LINE('',#18379,#9172);
#7533=LINE('',#18381,#9173);
#7534=LINE('',#18384,#9174);
#7535=LINE('',#18386,#9175);
#7536=LINE('',#18388,#9176);
#7537=LINE('',#18390,#9177);
#7538=LINE('',#18393,#9178);
#7539=LINE('',#18395,#9179);
#7540=LINE('',#18397,#9180);
#7541=LINE('',#18399,#9181);
#7542=LINE('',#18402,#9182);
#7543=LINE('',#18404,#9183);
#7544=LINE('',#18406,#9184);
#7545=LINE('',#18408,#9185);
#7546=LINE('',#18411,#9186);
#7547=LINE('',#18413,#9187);
#7548=LINE('',#18415,#9188);
#7549=LINE('',#18417,#9189);
#7550=LINE('',#18420,#9190);
#7551=LINE('',#18422,#9191);
#7552=LINE('',#18424,#9192);
#7553=LINE('',#18426,#9193);
#7554=LINE('',#18429,#9194);
#7555=LINE('',#18431,#9195);
#7556=LINE('',#18433,#9196);
#7557=LINE('',#18435,#9197);
#7558=LINE('',#18438,#9198);
#7559=LINE('',#18440,#9199);
#7560=LINE('',#18442,#9200);
#7561=LINE('',#18444,#9201);
#7562=LINE('',#18447,#9202);
#7563=LINE('',#18449,#9203);
#7564=LINE('',#18451,#9204);
#7565=LINE('',#18453,#9205);
#7566=LINE('',#18456,#9206);
#7567=LINE('',#18458,#9207);
#7568=LINE('',#18460,#9208);
#7569=LINE('',#18462,#9209);
#7570=LINE('',#18465,#9210);
#7571=LINE('',#18467,#9211);
#7572=LINE('',#18469,#9212);
#7573=LINE('',#18475,#9213);
#7574=LINE('',#18479,#9214);
#7575=LINE('',#18485,#9215);
#7576=LINE('',#18491,#9216);
#7577=LINE('',#18497,#9217);
#7578=LINE('',#18503,#9218);
#7579=LINE('',#18509,#9219);
#7580=LINE('',#18515,#9220);
#7581=LINE('',#18521,#9221);
#7582=LINE('',#18527,#9222);
#7583=LINE('',#18533,#9223);
#7584=LINE('',#18539,#9224);
#7585=LINE('',#18543,#9225);
#7586=LINE('',#18545,#9226);
#7587=LINE('',#18547,#9227);
#7588=LINE('',#18549,#9228);
#7589=LINE('',#18551,#9229);
#7590=LINE('',#18553,#9230);
#7591=LINE('',#18555,#9231);
#7592=LINE('',#18557,#9232);
#7593=LINE('',#18559,#9233);
#7594=LINE('',#18561,#9234);
#7595=LINE('',#18563,#9235);
#7596=LINE('',#18565,#9236);
#7597=LINE('',#18567,#9237);
#7598=LINE('',#18569,#9238);
#7599=LINE('',#18571,#9239);
#7600=LINE('',#18573,#9240);
#7601=LINE('',#18575,#9241);
#7602=LINE('',#18577,#9242);
#7603=LINE('',#18579,#9243);
#7604=LINE('',#18581,#9244);
#7605=LINE('',#18583,#9245);
#7606=LINE('',#18585,#9246);
#7607=LINE('',#18587,#9247);
#7608=LINE('',#18589,#9248);
#7609=LINE('',#18591,#9249);
#7610=LINE('',#18593,#9250);
#7611=LINE('',#18595,#9251);
#7612=LINE('',#18597,#9252);
#7613=LINE('',#18599,#9253);
#7614=LINE('',#18601,#9254);
#7615=LINE('',#18603,#9255);
#7616=LINE('',#18605,#9256);
#7617=LINE('',#18607,#9257);
#7618=LINE('',#18609,#9258);
#7619=LINE('',#18611,#9259);
#7620=LINE('',#18613,#9260);
#7621=LINE('',#18615,#9261);
#7622=LINE('',#18617,#9262);
#7623=LINE('',#18619,#9263);
#7624=LINE('',#18621,#9264);
#7625=LINE('',#18623,#9265);
#7626=LINE('',#18625,#9266);
#7627=LINE('',#18627,#9267);
#7628=LINE('',#18629,#9268);
#7629=LINE('',#18631,#9269);
#7630=LINE('',#18633,#9270);
#7631=LINE('',#18635,#9271);
#7632=LINE('',#18637,#9272);
#7633=LINE('',#18639,#9273);
#7634=LINE('',#18641,#9274);
#7635=LINE('',#18643,#9275);
#7636=LINE('',#18645,#9276);
#7637=LINE('',#18647,#9277);
#7638=LINE('',#18649,#9278);
#7639=LINE('',#18651,#9279);
#7640=LINE('',#18653,#9280);
#7641=LINE('',#18655,#9281);
#7642=LINE('',#18657,#9282);
#7643=LINE('',#18659,#9283);
#7644=LINE('',#18661,#9284);
#7645=LINE('',#18663,#9285);
#7646=LINE('',#18665,#9286);
#7647=LINE('',#18667,#9287);
#7648=LINE('',#18669,#9288);
#7649=LINE('',#18671,#9289);
#7650=LINE('',#18673,#9290);
#7651=LINE('',#18675,#9291);
#7652=LINE('',#18677,#9292);
#7653=LINE('',#18679,#9293);
#7654=LINE('',#18681,#9294);
#7655=LINE('',#18683,#9295);
#7656=LINE('',#18685,#9296);
#7657=LINE('',#18687,#9297);
#7658=LINE('',#18689,#9298);
#7659=LINE('',#18691,#9299);
#7660=LINE('',#18693,#9300);
#7661=LINE('',#18695,#9301);
#7662=LINE('',#18697,#9302);
#7663=LINE('',#18699,#9303);
#7664=LINE('',#18701,#9304);
#7665=LINE('',#18703,#9305);
#7666=LINE('',#18705,#9306);
#7667=LINE('',#18707,#9307);
#7668=LINE('',#18709,#9308);
#7669=LINE('',#18711,#9309);
#7670=LINE('',#18713,#9310);
#7671=LINE('',#18715,#9311);
#7672=LINE('',#18717,#9312);
#7673=LINE('',#18719,#9313);
#7674=LINE('',#18721,#9314);
#7675=LINE('',#18723,#9315);
#7676=LINE('',#18725,#9316);
#7677=LINE('',#18727,#9317);
#7678=LINE('',#18729,#9318);
#7679=LINE('',#18731,#9319);
#7680=LINE('',#18733,#9320);
#7681=LINE('',#18735,#9321);
#7682=LINE('',#18737,#9322);
#7683=LINE('',#18739,#9323);
#7684=LINE('',#18741,#9324);
#7685=LINE('',#18743,#9325);
#7686=LINE('',#18745,#9326);
#7687=LINE('',#18747,#9327);
#7688=LINE('',#18749,#9328);
#7689=LINE('',#18751,#9329);
#7690=LINE('',#18753,#9330);
#7691=LINE('',#18755,#9331);
#7692=LINE('',#18757,#9332);
#7693=LINE('',#18759,#9333);
#7694=LINE('',#18762,#9334);
#7695=LINE('',#18764,#9335);
#7696=LINE('',#18766,#9336);
#7697=LINE('',#18768,#9337);
#7698=LINE('',#18770,#9338);
#7699=LINE('',#18772,#9339);
#7700=LINE('',#18774,#9340);
#7701=LINE('',#18776,#9341);
#7702=LINE('',#18778,#9342);
#7703=LINE('',#18782,#9343);
#7704=LINE('',#18786,#9344);
#7705=LINE('',#18788,#9345);
#7706=LINE('',#18790,#9346);
#7707=LINE('',#18792,#9347);
#7708=LINE('',#18794,#9348);
#7709=LINE('',#18796,#9349);
#7710=LINE('',#18797,#9350);
#7711=LINE('',#18799,#9351);
#7712=LINE('',#18801,#9352);
#7713=LINE('',#18802,#9353);
#7714=LINE('',#18804,#9354);
#7715=LINE('',#18806,#9355);
#7716=LINE('',#18807,#9356);
#7717=LINE('',#18809,#9357);
#7718=LINE('',#18811,#9358);
#7719=LINE('',#18812,#9359);
#7720=LINE('',#18814,#9360);
#7721=LINE('',#18816,#9361);
#7722=LINE('',#18817,#9362);
#7723=LINE('',#18819,#9363);
#7724=LINE('',#18821,#9364);
#7725=LINE('',#18822,#9365);
#7726=LINE('',#18824,#9366);
#7727=LINE('',#18826,#9367);
#7728=LINE('',#18827,#9368);
#7729=LINE('',#18829,#9369);
#7730=LINE('',#18831,#9370);
#7731=LINE('',#18832,#9371);
#7732=LINE('',#18834,#9372);
#7733=LINE('',#18836,#9373);
#7734=LINE('',#18837,#9374);
#7735=LINE('',#18839,#9375);
#7736=LINE('',#18841,#9376);
#7737=LINE('',#18842,#9377);
#7738=LINE('',#18844,#9378);
#7739=LINE('',#18846,#9379);
#7740=LINE('',#18847,#9380);
#7741=LINE('',#18849,#9381);
#7742=LINE('',#18851,#9382);
#7743=LINE('',#18852,#9383);
#7744=LINE('',#18853,#9384);
#7745=LINE('',#18855,#9385);
#7746=LINE('',#18857,#9386);
#7747=LINE('',#18858,#9387);
#7748=LINE('',#18860,#9388);
#7749=LINE('',#18862,#9389);
#7750=LINE('',#18863,#9390);
#7751=LINE('',#18865,#9391);
#7752=LINE('',#18867,#9392);
#7753=LINE('',#18868,#9393);
#7754=LINE('',#18870,#9394);
#7755=LINE('',#18872,#9395);
#7756=LINE('',#18873,#9396);
#7757=LINE('',#18875,#9397);
#7758=LINE('',#18877,#9398);
#7759=LINE('',#18878,#9399);
#7760=LINE('',#18880,#9400);
#7761=LINE('',#18882,#9401);
#7762=LINE('',#18883,#9402);
#7763=LINE('',#18885,#9403);
#7764=LINE('',#18887,#9404);
#7765=LINE('',#18888,#9405);
#7766=LINE('',#18890,#9406);
#7767=LINE('',#18892,#9407);
#7768=LINE('',#18893,#9408);
#7769=LINE('',#18895,#9409);
#7770=LINE('',#18897,#9410);
#7771=LINE('',#18898,#9411);
#7772=LINE('',#18900,#9412);
#7773=LINE('',#18902,#9413);
#7774=LINE('',#18903,#9414);
#7775=LINE('',#18905,#9415);
#7776=LINE('',#18907,#9416);
#7777=LINE('',#18908,#9417);
#7778=LINE('',#18910,#9418);
#7779=LINE('',#18912,#9419);
#7780=LINE('',#18914,#9420);
#7781=LINE('',#18916,#9421);
#7782=LINE('',#18918,#9422);
#7783=LINE('',#18920,#9423);
#7784=LINE('',#18922,#9424);
#7785=LINE('',#18926,#9425);
#7786=LINE('',#18930,#9426);
#7787=LINE('',#18932,#9427);
#7788=LINE('',#18934,#9428);
#7789=LINE('',#18936,#9429);
#7790=LINE('',#18938,#9430);
#7791=LINE('',#18940,#9431);
#7792=LINE('',#18942,#9432);
#7793=LINE('',#18944,#9433);
#7794=LINE('',#18946,#9434);
#7795=LINE('',#18948,#9435);
#7796=LINE('',#18949,#9436);
#7797=LINE('',#18951,#9437);
#7798=LINE('',#18953,#9438);
#7799=LINE('',#18954,#9439);
#7800=LINE('',#18955,#9440);
#7801=LINE('',#18956,#9441);
#7802=LINE('',#18957,#9442);
#7803=LINE('',#18958,#9443);
#7804=LINE('',#18959,#9444);
#7805=LINE('',#18960,#9445);
#7806=LINE('',#18961,#9446);
#7807=LINE('',#18962,#9447);
#7808=LINE('',#18963,#9448);
#7809=LINE('',#18964,#9449);
#7810=LINE('',#18965,#9450);
#7811=LINE('',#18966,#9451);
#7812=LINE('',#18967,#9452);
#7813=LINE('',#18968,#9453);
#7814=LINE('',#18969,#9454);
#7815=LINE('',#18970,#9455);
#7816=LINE('',#18971,#9456);
#7817=LINE('',#18972,#9457);
#7818=LINE('',#18973,#9458);
#7819=LINE('',#18974,#9459);
#7820=LINE('',#18975,#9460);
#7821=LINE('',#18976,#9461);
#7822=LINE('',#18978,#9462);
#7823=LINE('',#18979,#9463);
#7824=LINE('',#18980,#9464);
#7825=LINE('',#18981,#9465);
#7826=LINE('',#18982,#9466);
#7827=LINE('',#18983,#9467);
#7828=LINE('',#18984,#9468);
#7829=LINE('',#18985,#9469);
#7830=LINE('',#18986,#9470);
#7831=LINE('',#18987,#9471);
#7832=LINE('',#18988,#9472);
#7833=LINE('',#18989,#9473);
#7834=LINE('',#18990,#9474);
#7835=LINE('',#18991,#9475);
#7836=LINE('',#18992,#9476);
#7837=LINE('',#18993,#9477);
#7838=LINE('',#18994,#9478);
#7839=LINE('',#18995,#9479);
#7840=LINE('',#18996,#9480);
#7841=LINE('',#18997,#9481);
#7842=LINE('',#18998,#9482);
#7843=LINE('',#18999,#9483);
#7844=LINE('',#19000,#9484);
#7845=LINE('',#19001,#9485);
#7846=LINE('',#19002,#9486);
#7847=LINE('',#19003,#9487);
#7848=LINE('',#19056,#9488);
#7849=LINE('',#19059,#9489);
#7850=LINE('',#19061,#9490);
#7851=LINE('',#19063,#9491);
#7852=LINE('',#19070,#9492);
#7853=LINE('',#19073,#9493);
#7854=LINE('',#19075,#9494);
#7855=LINE('',#19077,#9495);
#7856=LINE('',#19079,#9496);
#7857=LINE('',#19082,#9497);
#7858=LINE('',#19083,#9498);
#7859=LINE('',#19085,#9499);
#7860=LINE('',#19088,#9500);
#7861=LINE('',#19089,#9501);
#7862=LINE('',#19091,#9502);
#7863=LINE('',#19094,#9503);
#7864=LINE('',#19095,#9504);
#7865=LINE('',#19097,#9505);
#7866=LINE('',#19100,#9506);
#7867=LINE('',#19101,#9507);
#7868=LINE('',#19103,#9508);
#7869=LINE('',#19106,#9509);
#7870=LINE('',#19107,#9510);
#7871=LINE('',#19109,#9511);
#7872=LINE('',#19111,#9512);
#7873=LINE('',#19113,#9513);
#7874=LINE('',#19115,#9514);
#7875=LINE('',#19117,#9515);
#7876=LINE('',#19120,#9516);
#7877=LINE('',#19122,#9517);
#7878=LINE('',#19124,#9518);
#7879=LINE('',#19126,#9519);
#7880=LINE('',#19129,#9520);
#7881=LINE('',#19130,#9521);
#7882=LINE('',#19132,#9522);
#7883=LINE('',#19135,#9523);
#7884=LINE('',#19136,#9524);
#7885=LINE('',#19138,#9525);
#7886=LINE('',#19139,#9526);
#7887=LINE('',#19141,#9527);
#7888=LINE('',#19144,#9528);
#7889=LINE('',#19146,#9529);
#7890=LINE('',#19148,#9530);
#7891=LINE('',#19150,#9531);
#7892=LINE('',#19152,#9532);
#7893=LINE('',#19154,#9533);
#7894=LINE('',#19156,#9534);
#7895=LINE('',#19158,#9535);
#7896=LINE('',#19160,#9536);
#7897=LINE('',#19162,#9537);
#7898=LINE('',#19164,#9538);
#7899=LINE('',#19166,#9539);
#7900=LINE('',#19168,#9540);
#7901=LINE('',#19169,#9541);
#7902=LINE('',#19171,#9542);
#7903=LINE('',#19173,#9543);
#7904=LINE('',#19175,#9544);
#7905=LINE('',#19177,#9545);
#7906=LINE('',#19179,#9546);
#7907=LINE('',#19180,#9547);
#7908=LINE('',#19182,#9548);
#7909=LINE('',#19184,#9549);
#7910=LINE('',#19186,#9550);
#7911=LINE('',#19188,#9551);
#7912=LINE('',#19190,#9552);
#7913=LINE('',#19192,#9553);
#7914=LINE('',#19194,#9554);
#7915=LINE('',#19196,#9555);
#7916=LINE('',#19198,#9556);
#7917=LINE('',#19200,#9557);
#7918=LINE('',#19202,#9558);
#7919=LINE('',#19204,#9559);
#7920=LINE('',#19206,#9560);
#7921=LINE('',#19207,#9561);
#7922=LINE('',#19211,#9562);
#7923=LINE('',#19212,#9563);
#7924=LINE('',#19221,#9564);
#7925=LINE('',#19224,#9565);
#7926=LINE('',#19226,#9566);
#7927=LINE('',#19228,#9567);
#7928=LINE('',#19230,#9568);
#7929=LINE('',#19232,#9569);
#7930=LINE('',#19234,#9570);
#7931=LINE('',#19236,#9571);
#7932=LINE('',#19238,#9572);
#7933=LINE('',#19240,#9573);
#7934=LINE('',#19242,#9574);
#7935=LINE('',#19244,#9575);
#7936=LINE('',#19246,#9576);
#7937=LINE('',#19248,#9577);
#7938=LINE('',#19252,#9578);
#7939=LINE('',#19256,#9579);
#7940=LINE('',#19258,#9580);
#7941=LINE('',#19260,#9581);
#7942=LINE('',#19262,#9582);
#7943=LINE('',#19264,#9583);
#7944=LINE('',#19266,#9584);
#7945=LINE('',#19268,#9585);
#7946=LINE('',#19271,#9586);
#7947=LINE('',#19273,#9587);
#7948=LINE('',#19274,#9588);
#7949=LINE('',#19275,#9589);
#7950=LINE('',#19276,#9590);
#7951=LINE('',#19277,#9591);
#7952=LINE('',#19279,#9592);
#7953=LINE('',#19281,#9593);
#7954=LINE('',#19283,#9594);
#7955=LINE('',#19285,#9595);
#7956=LINE('',#19287,#9596);
#7957=LINE('',#19289,#9597);
#7958=LINE('',#19291,#9598);
#7959=LINE('',#19293,#9599);
#7960=LINE('',#19294,#9600);
#7961=LINE('',#19296,#9601);
#7962=LINE('',#19298,#9602);
#7963=LINE('',#19299,#9603);
#7964=VECTOR('',#12887,39.3700787401575);
#7965=VECTOR('',#12888,39.3700787401575);
#7966=VECTOR('',#12889,39.3700787401575);
#7967=VECTOR('',#12890,39.3700787401575);
#7968=VECTOR('',#12891,39.3700787401575);
#7969=VECTOR('',#12892,39.3700787401575);
#7970=VECTOR('',#12893,39.3700787401575);
#7971=VECTOR('',#12894,39.3700787401575);
#7972=VECTOR('',#12895,39.3700787401575);
#7973=VECTOR('',#12896,39.3700787401575);
#7974=VECTOR('',#12899,39.3700787401575);
#7975=VECTOR('',#12900,39.3700787401575);
#7976=VECTOR('',#12901,39.3700787401575);
#7977=VECTOR('',#12902,39.3700787401575);
#7978=VECTOR('',#12903,39.3700787401575);
#7979=VECTOR('',#12906,39.3700787401575);
#7980=VECTOR('',#12907,39.3700787401575);
#7981=VECTOR('',#12908,39.3700787401575);
#7982=VECTOR('',#12909,39.3700787401575);
#7983=VECTOR('',#12910,39.3700787401575);
#7984=VECTOR('',#12913,39.3700787401575);
#7985=VECTOR('',#12914,39.3700787401575);
#7986=VECTOR('',#12917,39.3700787401575);
#7987=VECTOR('',#12918,39.3700787401575);
#7988=VECTOR('',#12921,39.3700787401575);
#7989=VECTOR('',#12922,39.3700787401575);
#7990=VECTOR('',#12923,39.3700787401575);
#7991=VECTOR('',#12924,39.3700787401575);
#7992=VECTOR('',#12927,39.3700787401575);
#7993=VECTOR('',#12928,39.3700787401575);
#7994=VECTOR('',#12929,39.3700787401575);
#7995=VECTOR('',#12930,39.3700787401575);
#7996=VECTOR('',#12933,39.3700787401575);
#7997=VECTOR('',#12934,39.3700787401575);
#7998=VECTOR('',#12935,39.3700787401575);
#7999=VECTOR('',#12936,39.3700787401575);
#8000=VECTOR('',#12939,39.3700787401575);
#8001=VECTOR('',#12940,39.3700787401575);
#8002=VECTOR('',#12941,39.3700787401575);
#8003=VECTOR('',#12942,39.3700787401575);
#8004=VECTOR('',#12945,39.3700787401575);
#8005=VECTOR('',#12946,39.3700787401575);
#8006=VECTOR('',#12947,39.3700787401575);
#8007=VECTOR('',#12948,39.3700787401575);
#8008=VECTOR('',#12951,39.3700787401575);
#8009=VECTOR('',#12952,39.3700787401575);
#8010=VECTOR('',#12953,39.3700787401575);
#8011=VECTOR('',#12954,39.3700787401575);
#8012=VECTOR('',#12957,39.3700787401575);
#8013=VECTOR('',#12958,39.3700787401575);
#8014=VECTOR('',#12959,39.3700787401575);
#8015=VECTOR('',#12960,39.3700787401575);
#8016=VECTOR('',#12963,39.3700787401575);
#8017=VECTOR('',#12964,39.3700787401575);
#8018=VECTOR('',#12965,39.3700787401575);
#8019=VECTOR('',#12968,39.3700787401575);
#8020=VECTOR('',#12969,39.3700787401575);
#8021=VECTOR('',#12970,39.3700787401575);
#8022=VECTOR('',#12973,39.3700787401575);
#8023=VECTOR('',#12974,39.3700787401575);
#8024=VECTOR('',#12975,39.3700787401575);
#8025=VECTOR('',#12976,39.3700787401575);
#8026=VECTOR('',#12979,39.3700787401575);
#8027=VECTOR('',#12980,39.3700787401575);
#8028=VECTOR('',#12981,39.3700787401575);
#8029=VECTOR('',#12984,39.3700787401575);
#8030=VECTOR('',#12985,39.3700787401575);
#8031=VECTOR('',#12986,39.3700787401575);
#8032=VECTOR('',#12989,39.3700787401575);
#8033=VECTOR('',#12990,39.3700787401575);
#8034=VECTOR('',#12991,39.3700787401575);
#8035=VECTOR('',#12992,39.3700787401575);
#8036=VECTOR('',#12995,39.3700787401575);
#8037=VECTOR('',#12996,39.3700787401575);
#8038=VECTOR('',#12997,39.3700787401575);
#8039=VECTOR('',#13000,39.3700787401575);
#8040=VECTOR('',#13001,39.3700787401575);
#8041=VECTOR('',#13002,39.3700787401575);
#8042=VECTOR('',#13005,39.3700787401575);
#8043=VECTOR('',#13006,39.3700787401575);
#8044=VECTOR('',#13007,39.3700787401575);
#8045=VECTOR('',#13008,39.3700787401575);
#8046=VECTOR('',#13011,39.3700787401575);
#8047=VECTOR('',#13012,39.3700787401575);
#8048=VECTOR('',#13013,39.3700787401575);
#8049=VECTOR('',#13016,39.3700787401575);
#8050=VECTOR('',#13017,39.3700787401575);
#8051=VECTOR('',#13018,39.3700787401575);
#8052=VECTOR('',#13021,39.3700787401575);
#8053=VECTOR('',#13022,39.3700787401575);
#8054=VECTOR('',#13023,39.3700787401575);
#8055=VECTOR('',#13024,39.3700787401575);
#8056=VECTOR('',#13027,39.3700787401575);
#8057=VECTOR('',#13028,39.3700787401575);
#8058=VECTOR('',#13029,39.3700787401575);
#8059=VECTOR('',#13032,39.3700787401575);
#8060=VECTOR('',#13033,39.3700787401575);
#8061=VECTOR('',#13034,39.3700787401575);
#8062=VECTOR('',#13037,39.3700787401575);
#8063=VECTOR('',#13038,39.3700787401575);
#8064=VECTOR('',#13039,39.3700787401575);
#8065=VECTOR('',#13040,39.3700787401575);
#8066=VECTOR('',#13043,39.3700787401575);
#8067=VECTOR('',#13044,39.3700787401575);
#8068=VECTOR('',#13045,39.3700787401575);
#8069=VECTOR('',#13048,39.3700787401575);
#8070=VECTOR('',#13049,39.3700787401575);
#8071=VECTOR('',#13050,39.3700787401575);
#8072=VECTOR('',#13053,39.3700787401575);
#8073=VECTOR('',#13054,39.3700787401575);
#8074=VECTOR('',#13055,39.3700787401575);
#8075=VECTOR('',#13056,39.3700787401575);
#8076=VECTOR('',#13059,39.3700787401575);
#8077=VECTOR('',#13060,39.3700787401575);
#8078=VECTOR('',#13061,39.3700787401575);
#8079=VECTOR('',#13062,39.3700787401575);
#8080=VECTOR('',#13065,39.3700787401575);
#8081=VECTOR('',#13066,39.3700787401575);
#8082=VECTOR('',#13069,39.3700787401575);
#8083=VECTOR('',#13070,39.3700787401575);
#8084=VECTOR('',#13073,39.3700787401575);
#8085=VECTOR('',#13074,39.3700787401575);
#8086=VECTOR('',#13077,39.3700787401575);
#8087=VECTOR('',#13078,39.3700787401575);
#8088=VECTOR('',#13081,39.3700787401575);
#8089=VECTOR('',#13082,39.3700787401575);
#8090=VECTOR('',#13085,39.3700787401575);
#8091=VECTOR('',#13086,39.3700787401575);
#8092=VECTOR('',#13089,39.3700787401575);
#8093=VECTOR('',#13090,39.3700787401575);
#8094=VECTOR('',#13091,39.3700787401575);
#8095=VECTOR('',#13092,39.3700787401575);
#8096=VECTOR('',#13095,39.3700787401575);
#8097=VECTOR('',#13096,39.3700787401575);
#8098=VECTOR('',#13097,39.3700787401575);
#8099=VECTOR('',#13098,39.3700787401575);
#8100=VECTOR('',#13101,39.3700787401575);
#8101=VECTOR('',#13102,39.3700787401575);
#8102=VECTOR('',#13103,39.3700787401575);
#8103=VECTOR('',#13104,39.3700787401575);
#8104=VECTOR('',#13105,39.3700787401575);
#8105=VECTOR('',#13106,39.3700787401575);
#8106=VECTOR('',#13107,39.3700787401575);
#8107=VECTOR('',#13108,39.3700787401575);
#8108=VECTOR('',#13111,39.3700787401575);
#8109=VECTOR('',#13112,39.3700787401575);
#8110=VECTOR('',#13113,39.3700787401575);
#8111=VECTOR('',#13114,39.3700787401575);
#8112=VECTOR('',#13117,39.3700787401575);
#8113=VECTOR('',#13118,39.3700787401575);
#8114=VECTOR('',#13119,39.3700787401575);
#8115=VECTOR('',#13120,39.3700787401575);
#8116=VECTOR('',#13121,39.3700787401575);
#8117=VECTOR('',#13122,39.3700787401575);
#8118=VECTOR('',#13123,39.3700787401575);
#8119=VECTOR('',#13124,39.3700787401575);
#8120=VECTOR('',#13125,39.3700787401575);
#8121=VECTOR('',#13128,39.3700787401575);
#8122=VECTOR('',#13129,39.3700787401575);
#8123=VECTOR('',#13130,39.3700787401575);
#8124=VECTOR('',#13131,39.3700787401575);
#8125=VECTOR('',#13134,39.3700787401575);
#8126=VECTOR('',#13135,39.3700787401575);
#8127=VECTOR('',#13136,39.3700787401575);
#8128=VECTOR('',#13139,39.3700787401575);
#8129=VECTOR('',#13140,39.3700787401575);
#8130=VECTOR('',#13141,39.3700787401575);
#8131=VECTOR('',#13144,39.3700787401575);
#8132=VECTOR('',#13145,39.3700787401575);
#8133=VECTOR('',#13146,39.3700787401575);
#8134=VECTOR('',#13147,39.3700787401575);
#8135=VECTOR('',#13150,39.3700787401575);
#8136=VECTOR('',#13151,39.3700787401575);
#8137=VECTOR('',#13152,39.3700787401575);
#8138=VECTOR('',#13155,39.3700787401575);
#8139=VECTOR('',#13156,39.3700787401575);
#8140=VECTOR('',#13157,39.3700787401575);
#8141=VECTOR('',#13160,39.3700787401575);
#8142=VECTOR('',#13161,39.3700787401575);
#8143=VECTOR('',#13162,39.3700787401575);
#8144=VECTOR('',#13163,39.3700787401575);
#8145=VECTOR('',#13166,39.3700787401575);
#8146=VECTOR('',#13167,39.3700787401575);
#8147=VECTOR('',#13168,39.3700787401575);
#8148=VECTOR('',#13171,39.3700787401575);
#8149=VECTOR('',#13172,39.3700787401575);
#8150=VECTOR('',#13173,39.3700787401575);
#8151=VECTOR('',#13176,39.3700787401575);
#8152=VECTOR('',#13177,39.3700787401575);
#8153=VECTOR('',#13178,39.3700787401575);
#8154=VECTOR('',#13179,39.3700787401575);
#8155=VECTOR('',#13182,39.3700787401575);
#8156=VECTOR('',#13183,39.3700787401575);
#8157=VECTOR('',#13184,39.3700787401575);
#8158=VECTOR('',#13187,39.3700787401575);
#8159=VECTOR('',#13188,39.3700787401575);
#8160=VECTOR('',#13189,39.3700787401575);
#8161=VECTOR('',#13192,39.3700787401575);
#8162=VECTOR('',#13193,39.3700787401575);
#8163=VECTOR('',#13194,39.3700787401575);
#8164=VECTOR('',#13195,39.3700787401575);
#8165=VECTOR('',#13198,39.3700787401575);
#8166=VECTOR('',#13199,39.3700787401575);
#8167=VECTOR('',#13200,39.3700787401575);
#8168=VECTOR('',#13203,39.3700787401575);
#8169=VECTOR('',#13204,39.3700787401575);
#8170=VECTOR('',#13205,39.3700787401575);
#8171=VECTOR('',#13208,39.3700787401575);
#8172=VECTOR('',#13209,39.3700787401575);
#8173=VECTOR('',#13210,39.3700787401575);
#8174=VECTOR('',#13211,39.3700787401575);
#8175=VECTOR('',#13214,39.3700787401575);
#8176=VECTOR('',#13215,39.3700787401575);
#8177=VECTOR('',#13216,39.3700787401575);
#8178=VECTOR('',#13219,39.3700787401575);
#8179=VECTOR('',#13220,39.3700787401575);
#8180=VECTOR('',#13221,39.3700787401575);
#8181=VECTOR('',#13224,39.3700787401575);
#8182=VECTOR('',#13225,39.3700787401575);
#8183=VECTOR('',#13226,39.3700787401575);
#8184=VECTOR('',#13227,39.3700787401575);
#8185=VECTOR('',#13230,39.3700787401575);
#8186=VECTOR('',#13231,39.3700787401575);
#8187=VECTOR('',#13232,39.3700787401575);
#8188=VECTOR('',#13235,39.3700787401575);
#8189=VECTOR('',#13236,39.3700787401575);
#8190=VECTOR('',#13237,39.3700787401575);
#8191=VECTOR('',#13240,39.3700787401575);
#8192=VECTOR('',#13241,39.3700787401575);
#8193=VECTOR('',#13242,39.3700787401575);
#8194=VECTOR('',#13243,39.3700787401575);
#8195=VECTOR('',#13246,39.3700787401575);
#8196=VECTOR('',#13247,39.3700787401575);
#8197=VECTOR('',#13248,39.3700787401575);
#8198=VECTOR('',#13251,39.3700787401575);
#8199=VECTOR('',#13252,39.3700787401575);
#8200=VECTOR('',#13253,39.3700787401575);
#8201=VECTOR('',#13256,39.3700787401575);
#8202=VECTOR('',#13257,39.3700787401575);
#8203=VECTOR('',#13258,39.3700787401575);
#8204=VECTOR('',#13259,39.3700787401575);
#8205=VECTOR('',#13260,39.3700787401575);
#8206=VECTOR('',#13263,39.3700787401575);
#8207=VECTOR('',#13264,39.3700787401575);
#8208=VECTOR('',#13265,39.3700787401575);
#8209=VECTOR('',#13268,39.3700787401575);
#8210=VECTOR('',#13269,39.3700787401575);
#8211=VECTOR('',#13270,39.3700787401575);
#8212=VECTOR('',#13271,39.3700787401575);
#8213=VECTOR('',#13272,39.3700787401575);
#8214=VECTOR('',#13275,39.3700787401575);
#8215=VECTOR('',#13276,39.3700787401575);
#8216=VECTOR('',#13277,39.3700787401575);
#8217=VECTOR('',#13280,39.3700787401575);
#8218=VECTOR('',#13281,39.3700787401575);
#8219=VECTOR('',#13282,39.3700787401575);
#8220=VECTOR('',#13283,39.3700787401575);
#8221=VECTOR('',#13286,39.3700787401575);
#8222=VECTOR('',#13287,39.3700787401575);
#8223=VECTOR('',#13288,39.3700787401575);
#8224=VECTOR('',#13289,39.3700787401575);
#8225=VECTOR('',#13292,39.3700787401575);
#8226=VECTOR('',#13293,39.3700787401575);
#8227=VECTOR('',#13294,39.3700787401575);
#8228=VECTOR('',#13295,39.3700787401575);
#8229=VECTOR('',#13298,39.3700787401575);
#8230=VECTOR('',#13299,39.3700787401575);
#8231=VECTOR('',#13300,39.3700787401575);
#8232=VECTOR('',#13301,39.3700787401575);
#8233=VECTOR('',#13304,39.3700787401575);
#8234=VECTOR('',#13305,39.3700787401575);
#8235=VECTOR('',#13306,39.3700787401575);
#8236=VECTOR('',#13307,39.3700787401575);
#8237=VECTOR('',#13310,39.3700787401575);
#8238=VECTOR('',#13311,39.3700787401575);
#8239=VECTOR('',#13312,39.3700787401575);
#8240=VECTOR('',#13315,39.3700787401575);
#8241=VECTOR('',#13316,39.3700787401575);
#8242=VECTOR('',#13317,39.3700787401575);
#8243=VECTOR('',#13320,39.3700787401575);
#8244=VECTOR('',#13321,39.3700787401575);
#8245=VECTOR('',#13322,39.3700787401575);
#8246=VECTOR('',#13323,39.3700787401575);
#8247=VECTOR('',#13326,39.3700787401575);
#8248=VECTOR('',#13327,39.3700787401575);
#8249=VECTOR('',#13328,39.3700787401575);
#8250=VECTOR('',#13331,39.3700787401575);
#8251=VECTOR('',#13332,39.3700787401575);
#8252=VECTOR('',#13333,39.3700787401575);
#8253=VECTOR('',#13336,39.3700787401575);
#8254=VECTOR('',#13337,39.3700787401575);
#8255=VECTOR('',#13338,39.3700787401575);
#8256=VECTOR('',#13339,39.3700787401575);
#8257=VECTOR('',#13342,39.3700787401575);
#8258=VECTOR('',#13343,39.3700787401575);
#8259=VECTOR('',#13344,39.3700787401575);
#8260=VECTOR('',#13347,39.3700787401575);
#8261=VECTOR('',#13348,39.3700787401575);
#8262=VECTOR('',#13349,39.3700787401575);
#8263=VECTOR('',#13352,39.3700787401575);
#8264=VECTOR('',#13353,39.3700787401575);
#8265=VECTOR('',#13354,39.3700787401575);
#8266=VECTOR('',#13355,39.3700787401575);
#8267=VECTOR('',#13358,39.3700787401575);
#8268=VECTOR('',#13359,39.3700787401575);
#8269=VECTOR('',#13360,39.3700787401575);
#8270=VECTOR('',#13363,39.3700787401575);
#8271=VECTOR('',#13364,39.3700787401575);
#8272=VECTOR('',#13365,39.3700787401575);
#8273=VECTOR('',#13368,39.3700787401575);
#8274=VECTOR('',#13369,39.3700787401575);
#8275=VECTOR('',#13370,39.3700787401575);
#8276=VECTOR('',#13371,39.3700787401575);
#8277=VECTOR('',#13374,39.3700787401575);
#8278=VECTOR('',#13375,39.3700787401575);
#8279=VECTOR('',#13376,39.3700787401575);
#8280=VECTOR('',#13379,39.3700787401575);
#8281=VECTOR('',#13380,39.3700787401575);
#8282=VECTOR('',#13381,39.3700787401575);
#8283=VECTOR('',#13384,39.3700787401575);
#8284=VECTOR('',#13385,39.3700787401575);
#8285=VECTOR('',#13386,39.3700787401575);
#8286=VECTOR('',#13387,39.3700787401575);
#8287=VECTOR('',#13390,39.3700787401575);
#8288=VECTOR('',#13391,39.3700787401575);
#8289=VECTOR('',#13392,39.3700787401575);
#8290=VECTOR('',#13395,39.3700787401575);
#8291=VECTOR('',#13396,39.3700787401575);
#8292=VECTOR('',#13397,39.3700787401575);
#8293=VECTOR('',#13400,39.3700787401575);
#8294=VECTOR('',#13401,39.3700787401575);
#8295=VECTOR('',#13402,39.3700787401575);
#8296=VECTOR('',#13403,39.3700787401575);
#8297=VECTOR('',#13406,39.3700787401575);
#8298=VECTOR('',#13407,39.3700787401575);
#8299=VECTOR('',#13408,39.3700787401575);
#8300=VECTOR('',#13411,39.3700787401575);
#8301=VECTOR('',#13412,39.3700787401575);
#8302=VECTOR('',#13413,39.3700787401575);
#8303=VECTOR('',#13416,39.3700787401575);
#8304=VECTOR('',#13417,39.3700787401575);
#8305=VECTOR('',#13418,39.3700787401575);
#8306=VECTOR('',#13419,39.3700787401575);
#8307=VECTOR('',#13422,39.3700787401575);
#8308=VECTOR('',#13423,39.3700787401575);
#8309=VECTOR('',#13424,39.3700787401575);
#8310=VECTOR('',#13427,39.3700787401575);
#8311=VECTOR('',#13428,39.3700787401575);
#8312=VECTOR('',#13429,39.3700787401575);
#8313=VECTOR('',#13432,39.3700787401575);
#8314=VECTOR('',#13433,39.3700787401575);
#8315=VECTOR('',#13436,39.3700787401575);
#8316=VECTOR('',#13437,39.3700787401575);
#8317=VECTOR('',#13440,39.3700787401575);
#8318=VECTOR('',#13441,39.3700787401575);
#8319=VECTOR('',#13444,39.3700787401575);
#8320=VECTOR('',#13445,39.3700787401575);
#8321=VECTOR('',#13448,39.3700787401575);
#8322=VECTOR('',#13449,39.3700787401575);
#8323=VECTOR('',#13452,39.3700787401575);
#8324=VECTOR('',#13453,39.3700787401575);
#8325=VECTOR('',#13456,39.3700787401575);
#8326=VECTOR('',#13457,39.3700787401575);
#8327=VECTOR('',#13460,39.3700787401575);
#8328=VECTOR('',#13461,39.3700787401575);
#8329=VECTOR('',#13464,39.3700787401575);
#8330=VECTOR('',#13465,39.3700787401575);
#8331=VECTOR('',#13466,39.3700787401575);
#8332=VECTOR('',#13467,39.3700787401575);
#8333=VECTOR('',#13470,39.3700787401575);
#8334=VECTOR('',#13471,39.3700787401575);
#8335=VECTOR('',#13472,39.3700787401575);
#8336=VECTOR('',#13473,39.3700787401575);
#8337=VECTOR('',#13476,39.3700787401575);
#8338=VECTOR('',#13477,39.3700787401575);
#8339=VECTOR('',#13478,39.3700787401575);
#8340=VECTOR('',#13479,39.3700787401575);
#8341=VECTOR('',#13482,39.3700787401575);
#8342=VECTOR('',#13483,39.3700787401575);
#8343=VECTOR('',#13484,39.3700787401575);
#8344=VECTOR('',#13485,39.3700787401575);
#8345=VECTOR('',#13488,39.3700787401575);
#8346=VECTOR('',#13489,39.3700787401575);
#8347=VECTOR('',#13492,39.3700787401575);
#8348=VECTOR('',#13493,39.3700787401575);
#8349=VECTOR('',#13496,39.3700787401575);
#8350=VECTOR('',#13497,39.3700787401575);
#8351=VECTOR('',#13500,39.3700787401575);
#8352=VECTOR('',#13501,39.3700787401575);
#8353=VECTOR('',#13504,39.3700787401575);
#8354=VECTOR('',#13505,39.3700787401575);
#8355=VECTOR('',#13508,39.3700787401575);
#8356=VECTOR('',#13509,39.3700787401575);
#8357=VECTOR('',#13512,39.3700787401575);
#8358=VECTOR('',#13513,39.3700787401575);
#8359=VECTOR('',#13516,39.3700787401575);
#8360=VECTOR('',#13517,39.3700787401575);
#8361=VECTOR('',#13520,39.3700787401575);
#8362=VECTOR('',#13521,39.3700787401575);
#8363=VECTOR('',#13522,39.3700787401575);
#8364=VECTOR('',#13525,39.3700787401575);
#8365=VECTOR('',#13526,39.3700787401575);
#8366=VECTOR('',#13527,39.3700787401575);
#8367=VECTOR('',#13530,39.3700787401575);
#8368=VECTOR('',#13531,39.3700787401575);
#8369=VECTOR('',#13532,39.3700787401575);
#8370=VECTOR('',#13533,39.3700787401575);
#8371=VECTOR('',#13534,39.3700787401575);
#8372=VECTOR('',#13535,39.3700787401575);
#8373=VECTOR('',#13536,39.3700787401575);
#8374=VECTOR('',#13537,39.3700787401575);
#8375=VECTOR('',#13538,39.3700787401575);
#8376=VECTOR('',#13541,39.3700787401575);
#8377=VECTOR('',#13542,39.3700787401575);
#8378=VECTOR('',#13545,39.3700787401575);
#8379=VECTOR('',#13548,39.3700787401575);
#8380=VECTOR('',#13551,39.3700787401575);
#8381=VECTOR('',#13552,39.3700787401575);
#8382=VECTOR('',#13555,39.3700787401575);
#8383=VECTOR('',#13558,39.3700787401575);
#8384=VECTOR('',#13561,39.3700787401575);
#8385=VECTOR('',#13566,39.3700787401575);
#8386=VECTOR('',#13583,39.3700787401575);
#8387=VECTOR('',#13588,39.3700787401575);
#8388=VECTOR('',#13593,39.3700787401575);
#8389=VECTOR('',#13596,39.3700787401575);
#8390=VECTOR('',#13599,39.3700787401575);
#8391=VECTOR('',#13600,39.3700787401575);
#8392=VECTOR('',#13601,39.3700787401575);
#8393=VECTOR('',#13602,39.3700787401575);
#8394=VECTOR('',#13605,39.3700787401575);
#8395=VECTOR('',#13606,39.3700787401575);
#8396=VECTOR('',#13607,39.3700787401575);
#8397=VECTOR('',#13608,39.3700787401575);
#8398=VECTOR('',#13611,39.3700787401575);
#8399=VECTOR('',#13616,39.3700787401575);
#8400=VECTOR('',#13623,39.3700787401575);
#8401=VECTOR('',#13628,39.3700787401575);
#8402=VECTOR('',#13635,39.3700787401575);
#8403=VECTOR('',#13636,39.3700787401575);
#8404=VECTOR('',#13637,39.3700787401575);
#8405=VECTOR('',#13638,39.3700787401575);
#8406=VECTOR('',#13641,39.3700787401575);
#8407=VECTOR('',#13642,39.3700787401575);
#8408=VECTOR('',#13643,39.3700787401575);
#8409=VECTOR('',#13644,39.3700787401575);
#8410=VECTOR('',#13647,39.3700787401575);
#8411=VECTOR('',#13648,39.3700787401575);
#8412=VECTOR('',#13649,39.3700787401575);
#8413=VECTOR('',#13650,39.3700787401575);
#8414=VECTOR('',#13653,39.3700787401575);
#8415=VECTOR('',#13654,39.3700787401575);
#8416=VECTOR('',#13655,39.3700787401575);
#8417=VECTOR('',#13656,39.3700787401575);
#8418=VECTOR('',#13659,39.3700787401575);
#8419=VECTOR('',#13660,39.3700787401575);
#8420=VECTOR('',#13661,39.3700787401575);
#8421=VECTOR('',#13662,39.3700787401575);
#8422=VECTOR('',#13665,39.3700787401575);
#8423=VECTOR('',#13666,39.3700787401575);
#8424=VECTOR('',#13667,39.3700787401575);
#8425=VECTOR('',#13668,39.3700787401575);
#8426=VECTOR('',#13671,39.3700787401575);
#8427=VECTOR('',#13672,39.3700787401575);
#8428=VECTOR('',#13673,39.3700787401575);
#8429=VECTOR('',#13674,39.3700787401575);
#8430=VECTOR('',#13677,39.3700787401575);
#8431=VECTOR('',#13678,39.3700787401575);
#8432=VECTOR('',#13679,39.3700787401575);
#8433=VECTOR('',#13680,39.3700787401575);
#8434=VECTOR('',#13683,39.3700787401575);
#8435=VECTOR('',#13684,39.3700787401575);
#8436=VECTOR('',#13685,39.3700787401575);
#8437=VECTOR('',#13686,39.3700787401575);
#8438=VECTOR('',#13689,39.3700787401575);
#8439=VECTOR('',#13690,39.3700787401575);
#8440=VECTOR('',#13691,39.3700787401575);
#8441=VECTOR('',#13692,39.3700787401575);
#8442=VECTOR('',#13695,39.3700787401575);
#8443=VECTOR('',#13696,39.3700787401575);
#8444=VECTOR('',#13697,39.3700787401575);
#8445=VECTOR('',#13698,39.3700787401575);
#8446=VECTOR('',#13701,39.3700787401575);
#8447=VECTOR('',#13702,39.3700787401575);
#8448=VECTOR('',#13703,39.3700787401575);
#8449=VECTOR('',#13704,39.3700787401575);
#8450=VECTOR('',#13707,39.3700787401575);
#8451=VECTOR('',#13708,39.3700787401575);
#8452=VECTOR('',#13709,39.3700787401575);
#8453=VECTOR('',#13710,39.3700787401575);
#8454=VECTOR('',#13713,39.3700787401575);
#8455=VECTOR('',#13714,39.3700787401575);
#8456=VECTOR('',#13715,39.3700787401575);
#8457=VECTOR('',#13716,39.3700787401575);
#8458=VECTOR('',#13719,39.3700787401575);
#8459=VECTOR('',#13720,39.3700787401575);
#8460=VECTOR('',#13721,39.3700787401575);
#8461=VECTOR('',#13722,39.3700787401575);
#8462=VECTOR('',#13725,39.3700787401575);
#8463=VECTOR('',#13726,39.3700787401575);
#8464=VECTOR('',#13727,39.3700787401575);
#8465=VECTOR('',#13728,39.3700787401575);
#8466=VECTOR('',#13731,39.3700787401575);
#8467=VECTOR('',#13732,39.3700787401575);
#8468=VECTOR('',#13733,39.3700787401575);
#8469=VECTOR('',#13734,39.3700787401575);
#8470=VECTOR('',#13737,39.3700787401575);
#8471=VECTOR('',#13738,39.3700787401575);
#8472=VECTOR('',#13739,39.3700787401575);
#8473=VECTOR('',#13740,39.3700787401575);
#8474=VECTOR('',#13743,39.3700787401575);
#8475=VECTOR('',#13744,39.3700787401575);
#8476=VECTOR('',#13745,39.3700787401575);
#8477=VECTOR('',#13746,39.3700787401575);
#8478=VECTOR('',#13749,39.3700787401575);
#8479=VECTOR('',#13750,39.3700787401575);
#8480=VECTOR('',#13751,39.3700787401575);
#8481=VECTOR('',#13752,39.3700787401575);
#8482=VECTOR('',#13755,39.3700787401575);
#8483=VECTOR('',#13756,39.3700787401575);
#8484=VECTOR('',#13757,39.3700787401575);
#8485=VECTOR('',#13758,39.3700787401575);
#8486=VECTOR('',#13761,39.3700787401575);
#8487=VECTOR('',#13762,39.3700787401575);
#8488=VECTOR('',#13763,39.3700787401575);
#8489=VECTOR('',#13764,39.3700787401575);
#8490=VECTOR('',#13767,39.3700787401575);
#8491=VECTOR('',#13768,39.3700787401575);
#8492=VECTOR('',#13769,39.3700787401575);
#8493=VECTOR('',#13770,39.3700787401575);
#8494=VECTOR('',#13773,39.3700787401575);
#8495=VECTOR('',#13774,39.3700787401575);
#8496=VECTOR('',#13775,39.3700787401575);
#8497=VECTOR('',#13776,39.3700787401575);
#8498=VECTOR('',#13779,39.3700787401575);
#8499=VECTOR('',#13780,39.3700787401575);
#8500=VECTOR('',#13781,39.3700787401575);
#8501=VECTOR('',#13784,39.3700787401575);
#8502=VECTOR('',#13785,39.3700787401575);
#8503=VECTOR('',#13786,39.3700787401575);
#8504=VECTOR('',#13789,39.3700787401575);
#8505=VECTOR('',#13790,39.3700787401575);
#8506=VECTOR('',#13791,39.3700787401575);
#8507=VECTOR('',#13794,39.3700787401575);
#8508=VECTOR('',#13795,39.3700787401575);
#8509=VECTOR('',#13796,39.3700787401575);
#8510=VECTOR('',#13799,39.3700787401575);
#8511=VECTOR('',#13800,39.3700787401575);
#8512=VECTOR('',#13801,39.3700787401575);
#8513=VECTOR('',#13804,39.3700787401575);
#8514=VECTOR('',#13805,39.3700787401575);
#8515=VECTOR('',#13806,39.3700787401575);
#8516=VECTOR('',#13809,39.3700787401575);
#8517=VECTOR('',#13810,39.3700787401575);
#8518=VECTOR('',#13811,39.3700787401575);
#8519=VECTOR('',#13814,39.3700787401575);
#8520=VECTOR('',#13815,39.3700787401575);
#8521=VECTOR('',#13816,39.3700787401575);
#8522=VECTOR('',#13819,39.3700787401575);
#8523=VECTOR('',#13820,39.3700787401575);
#8524=VECTOR('',#13821,39.3700787401575);
#8525=VECTOR('',#13824,39.3700787401575);
#8526=VECTOR('',#13825,39.3700787401575);
#8527=VECTOR('',#13826,39.3700787401575);
#8528=VECTOR('',#13829,39.3700787401575);
#8529=VECTOR('',#13830,39.3700787401575);
#8530=VECTOR('',#13831,39.3700787401575);
#8531=VECTOR('',#13834,39.3700787401575);
#8532=VECTOR('',#13835,39.3700787401575);
#8533=VECTOR('',#13836,39.3700787401575);
#8534=VECTOR('',#13839,39.3700787401575);
#8535=VECTOR('',#13840,39.3700787401575);
#8536=VECTOR('',#13841,39.3700787401575);
#8537=VECTOR('',#13844,39.3700787401575);
#8538=VECTOR('',#13845,39.3700787401575);
#8539=VECTOR('',#13846,39.3700787401575);
#8540=VECTOR('',#13849,39.3700787401575);
#8541=VECTOR('',#13850,39.3700787401575);
#8542=VECTOR('',#13851,39.3700787401575);
#8543=VECTOR('',#13854,39.3700787401575);
#8544=VECTOR('',#13855,39.3700787401575);
#8545=VECTOR('',#13856,39.3700787401575);
#8546=VECTOR('',#13859,39.3700787401575);
#8547=VECTOR('',#13860,39.3700787401575);
#8548=VECTOR('',#13861,39.3700787401575);
#8549=VECTOR('',#13864,39.3700787401575);
#8550=VECTOR('',#13865,39.3700787401575);
#8551=VECTOR('',#13866,39.3700787401575);
#8552=VECTOR('',#13869,39.3700787401575);
#8553=VECTOR('',#13870,39.3700787401575);
#8554=VECTOR('',#13871,39.3700787401575);
#8555=VECTOR('',#13874,39.3700787401575);
#8556=VECTOR('',#13875,39.3700787401575);
#8557=VECTOR('',#13876,39.3700787401575);
#8558=VECTOR('',#13879,39.3700787401575);
#8559=VECTOR('',#13880,39.3700787401575);
#8560=VECTOR('',#13881,39.3700787401575);
#8561=VECTOR('',#13884,39.3700787401575);
#8562=VECTOR('',#13885,39.3700787401575);
#8563=VECTOR('',#13886,39.3700787401575);
#8564=VECTOR('',#13889,39.3700787401575);
#8565=VECTOR('',#13890,39.3700787401575);
#8566=VECTOR('',#13891,39.3700787401575);
#8567=VECTOR('',#13894,39.3700787401575);
#8568=VECTOR('',#13895,39.3700787401575);
#8569=VECTOR('',#13896,39.3700787401575);
#8570=VECTOR('',#13899,39.3700787401575);
#8571=VECTOR('',#13900,39.3700787401575);
#8572=VECTOR('',#13901,39.3700787401575);
#8573=VECTOR('',#13904,39.3700787401575);
#8574=VECTOR('',#13905,39.3700787401575);
#8575=VECTOR('',#13906,39.3700787401575);
#8576=VECTOR('',#13909,39.3700787401575);
#8577=VECTOR('',#13910,39.3700787401575);
#8578=VECTOR('',#13911,39.3700787401575);
#8579=VECTOR('',#13914,39.3700787401575);
#8580=VECTOR('',#13915,39.3700787401575);
#8581=VECTOR('',#13916,39.3700787401575);
#8582=VECTOR('',#13919,39.3700787401575);
#8583=VECTOR('',#13920,39.3700787401575);
#8584=VECTOR('',#13921,39.3700787401575);
#8585=VECTOR('',#13924,39.3700787401575);
#8586=VECTOR('',#13925,39.3700787401575);
#8587=VECTOR('',#13926,39.3700787401575);
#8588=VECTOR('',#13929,39.3700787401575);
#8589=VECTOR('',#13930,39.3700787401575);
#8590=VECTOR('',#13931,39.3700787401575);
#8591=VECTOR('',#13934,39.3700787401575);
#8592=VECTOR('',#13935,39.3700787401575);
#8593=VECTOR('',#13936,39.3700787401575);
#8594=VECTOR('',#13939,39.3700787401575);
#8595=VECTOR('',#13940,39.3700787401575);
#8596=VECTOR('',#13941,39.3700787401575);
#8597=VECTOR('',#13944,39.3700787401575);
#8598=VECTOR('',#13945,39.3700787401575);
#8599=VECTOR('',#13946,39.3700787401575);
#8600=VECTOR('',#13949,39.3700787401575);
#8601=VECTOR('',#13950,39.3700787401575);
#8602=VECTOR('',#13951,39.3700787401575);
#8603=VECTOR('',#13954,39.3700787401575);
#8604=VECTOR('',#13955,39.3700787401575);
#8605=VECTOR('',#13956,39.3700787401575);
#8606=VECTOR('',#13959,39.3700787401575);
#8607=VECTOR('',#13960,39.3700787401575);
#8608=VECTOR('',#13961,39.3700787401575);
#8609=VECTOR('',#13964,39.3700787401575);
#8610=VECTOR('',#13965,39.3700787401575);
#8611=VECTOR('',#13966,39.3700787401575);
#8612=VECTOR('',#13969,39.3700787401575);
#8613=VECTOR('',#13970,39.3700787401575);
#8614=VECTOR('',#13971,39.3700787401575);
#8615=VECTOR('',#13974,39.3700787401575);
#8616=VECTOR('',#13975,39.3700787401575);
#8617=VECTOR('',#13976,39.3700787401575);
#8618=VECTOR('',#13979,39.3700787401575);
#8619=VECTOR('',#13980,39.3700787401575);
#8620=VECTOR('',#13981,39.3700787401575);
#8621=VECTOR('',#13984,39.3700787401575);
#8622=VECTOR('',#13985,39.3700787401575);
#8623=VECTOR('',#13986,39.3700787401575);
#8624=VECTOR('',#13989,39.3700787401575);
#8625=VECTOR('',#13990,39.3700787401575);
#8626=VECTOR('',#13991,39.3700787401575);
#8627=VECTOR('',#13994,39.3700787401575);
#8628=VECTOR('',#13995,39.3700787401575);
#8629=VECTOR('',#13996,39.3700787401575);
#8630=VECTOR('',#13999,39.3700787401575);
#8631=VECTOR('',#14000,39.3700787401575);
#8632=VECTOR('',#14001,39.3700787401575);
#8633=VECTOR('',#14004,39.3700787401575);
#8634=VECTOR('',#14005,39.3700787401575);
#8635=VECTOR('',#14006,39.3700787401575);
#8636=VECTOR('',#14009,39.3700787401575);
#8637=VECTOR('',#14010,39.3700787401575);
#8638=VECTOR('',#14011,39.3700787401575);
#8639=VECTOR('',#14014,39.3700787401575);
#8640=VECTOR('',#14015,39.3700787401575);
#8641=VECTOR('',#14016,39.3700787401575);
#8642=VECTOR('',#14019,39.3700787401575);
#8643=VECTOR('',#14020,39.3700787401575);
#8644=VECTOR('',#14021,39.3700787401575);
#8645=VECTOR('',#14022,39.3700787401575);
#8646=VECTOR('',#14025,39.3700787401575);
#8647=VECTOR('',#14026,39.3700787401575);
#8648=VECTOR('',#14027,39.3700787401575);
#8649=VECTOR('',#14028,39.3700787401575);
#8650=VECTOR('',#14031,39.3700787401575);
#8651=VECTOR('',#14032,39.3700787401575);
#8652=VECTOR('',#14033,39.3700787401575);
#8653=VECTOR('',#14034,39.3700787401575);
#8654=VECTOR('',#14037,39.3700787401575);
#8655=VECTOR('',#14038,39.3700787401575);
#8656=VECTOR('',#14039,39.3700787401575);
#8657=VECTOR('',#14040,39.3700787401575);
#8658=VECTOR('',#14043,39.3700787401575);
#8659=VECTOR('',#14044,39.3700787401575);
#8660=VECTOR('',#14045,39.3700787401575);
#8661=VECTOR('',#14046,39.3700787401575);
#8662=VECTOR('',#14049,39.3700787401575);
#8663=VECTOR('',#14050,39.3700787401575);
#8664=VECTOR('',#14051,39.3700787401575);
#8665=VECTOR('',#14052,39.3700787401575);
#8666=VECTOR('',#14055,39.3700787401575);
#8667=VECTOR('',#14056,39.3700787401575);
#8668=VECTOR('',#14057,39.3700787401575);
#8669=VECTOR('',#14058,39.3700787401575);
#8670=VECTOR('',#14061,39.3700787401575);
#8671=VECTOR('',#14062,39.3700787401575);
#8672=VECTOR('',#14063,39.3700787401575);
#8673=VECTOR('',#14064,39.3700787401575);
#8674=VECTOR('',#14067,39.3700787401575);
#8675=VECTOR('',#14068,39.3700787401575);
#8676=VECTOR('',#14069,39.3700787401575);
#8677=VECTOR('',#14070,39.3700787401575);
#8678=VECTOR('',#14073,39.3700787401575);
#8679=VECTOR('',#14074,39.3700787401575);
#8680=VECTOR('',#14075,39.3700787401575);
#8681=VECTOR('',#14076,39.3700787401575);
#8682=VECTOR('',#14079,39.3700787401575);
#8683=VECTOR('',#14080,39.3700787401575);
#8684=VECTOR('',#14081,39.3700787401575);
#8685=VECTOR('',#14082,39.3700787401575);
#8686=VECTOR('',#14085,39.3700787401575);
#8687=VECTOR('',#14086,39.3700787401575);
#8688=VECTOR('',#14087,39.3700787401575);
#8689=VECTOR('',#14088,39.3700787401575);
#8690=VECTOR('',#14091,39.3700787401575);
#8691=VECTOR('',#14092,39.3700787401575);
#8692=VECTOR('',#14093,39.3700787401575);
#8693=VECTOR('',#14096,39.3700787401575);
#8694=VECTOR('',#14097,39.3700787401575);
#8695=VECTOR('',#14098,39.3700787401575);
#8696=VECTOR('',#14101,39.3700787401575);
#8697=VECTOR('',#14102,39.3700787401575);
#8698=VECTOR('',#14103,39.3700787401575);
#8699=VECTOR('',#14106,39.3700787401575);
#8700=VECTOR('',#14107,39.3700787401575);
#8701=VECTOR('',#14108,39.3700787401575);
#8702=VECTOR('',#14111,39.3700787401575);
#8703=VECTOR('',#14112,39.3700787401575);
#8704=VECTOR('',#14113,39.3700787401575);
#8705=VECTOR('',#14116,39.3700787401575);
#8706=VECTOR('',#14117,39.3700787401575);
#8707=VECTOR('',#14118,39.3700787401575);
#8708=VECTOR('',#14121,39.3700787401575);
#8709=VECTOR('',#14122,39.3700787401575);
#8710=VECTOR('',#14123,39.3700787401575);
#8711=VECTOR('',#14126,39.3700787401575);
#8712=VECTOR('',#14127,39.3700787401575);
#8713=VECTOR('',#14128,39.3700787401575);
#8714=VECTOR('',#14131,39.3700787401575);
#8715=VECTOR('',#14132,39.3700787401575);
#8716=VECTOR('',#14133,39.3700787401575);
#8717=VECTOR('',#14136,39.3700787401575);
#8718=VECTOR('',#14137,39.3700787401575);
#8719=VECTOR('',#14138,39.3700787401575);
#8720=VECTOR('',#14141,39.3700787401575);
#8721=VECTOR('',#14142,39.3700787401575);
#8722=VECTOR('',#14143,39.3700787401575);
#8723=VECTOR('',#14146,39.3700787401575);
#8724=VECTOR('',#14147,39.3700787401575);
#8725=VECTOR('',#14148,39.3700787401575);
#8726=VECTOR('',#14151,39.3700787401575);
#8727=VECTOR('',#14152,39.3700787401575);
#8728=VECTOR('',#14153,39.3700787401575);
#8729=VECTOR('',#14156,39.3700787401575);
#8730=VECTOR('',#14157,39.3700787401575);
#8731=VECTOR('',#14158,39.3700787401575);
#8732=VECTOR('',#14161,39.3700787401575);
#8733=VECTOR('',#14162,39.3700787401575);
#8734=VECTOR('',#14163,39.3700787401575);
#8735=VECTOR('',#14166,39.3700787401575);
#8736=VECTOR('',#14167,39.3700787401575);
#8737=VECTOR('',#14168,39.3700787401575);
#8738=VECTOR('',#14171,39.3700787401575);
#8739=VECTOR('',#14172,39.3700787401575);
#8740=VECTOR('',#14173,39.3700787401575);
#8741=VECTOR('',#14176,39.3700787401575);
#8742=VECTOR('',#14177,39.3700787401575);
#8743=VECTOR('',#14178,39.3700787401575);
#8744=VECTOR('',#14181,39.3700787401575);
#8745=VECTOR('',#14182,39.3700787401575);
#8746=VECTOR('',#14183,39.3700787401575);
#8747=VECTOR('',#14186,39.3700787401575);
#8748=VECTOR('',#14187,39.3700787401575);
#8749=VECTOR('',#14188,39.3700787401575);
#8750=VECTOR('',#14191,39.3700787401575);
#8751=VECTOR('',#14192,39.3700787401575);
#8752=VECTOR('',#14193,39.3700787401575);
#8753=VECTOR('',#14196,39.3700787401575);
#8754=VECTOR('',#14197,39.3700787401575);
#8755=VECTOR('',#14198,39.3700787401575);
#8756=VECTOR('',#14201,39.3700787401575);
#8757=VECTOR('',#14202,39.3700787401575);
#8758=VECTOR('',#14203,39.3700787401575);
#8759=VECTOR('',#14206,39.3700787401575);
#8760=VECTOR('',#14207,39.3700787401575);
#8761=VECTOR('',#14208,39.3700787401575);
#8762=VECTOR('',#14211,39.3700787401575);
#8763=VECTOR('',#14212,39.3700787401575);
#8764=VECTOR('',#14215,39.3700787401575);
#8765=VECTOR('',#14216,39.3700787401575);
#8766=VECTOR('',#14219,39.3700787401575);
#8767=VECTOR('',#14220,39.3700787401575);
#8768=VECTOR('',#14223,39.3700787401575);
#8769=VECTOR('',#14224,39.3700787401575);
#8770=VECTOR('',#14227,39.3700787401575);
#8771=VECTOR('',#14228,39.3700787401575);
#8772=VECTOR('',#14231,39.3700787401575);
#8773=VECTOR('',#14232,39.3700787401575);
#8774=VECTOR('',#14235,39.3700787401575);
#8775=VECTOR('',#14236,39.3700787401575);
#8776=VECTOR('',#14239,39.3700787401575);
#8777=VECTOR('',#14240,39.3700787401575);
#8778=VECTOR('',#14243,39.3700787401575);
#8779=VECTOR('',#14244,39.3700787401575);
#8780=VECTOR('',#14247,39.3700787401575);
#8781=VECTOR('',#14248,39.3700787401575);
#8782=VECTOR('',#14251,39.3700787401575);
#8783=VECTOR('',#14252,39.3700787401575);
#8784=VECTOR('',#14255,39.3700787401575);
#8785=VECTOR('',#14256,39.3700787401575);
#8786=VECTOR('',#14259,39.3700787401575);
#8787=VECTOR('',#14260,39.3700787401575);
#8788=VECTOR('',#14261,39.3700787401575);
#8789=VECTOR('',#14262,39.3700787401575);
#8790=VECTOR('',#14265,39.3700787401575);
#8791=VECTOR('',#14266,39.3700787401575);
#8792=VECTOR('',#14267,39.3700787401575);
#8793=VECTOR('',#14268,39.3700787401575);
#8794=VECTOR('',#14269,39.3700787401575);
#8795=VECTOR('',#14270,39.3700787401575);
#8796=VECTOR('',#14271,39.3700787401575);
#8797=VECTOR('',#14272,39.3700787401575);
#8798=VECTOR('',#14273,39.3700787401575);
#8799=VECTOR('',#14274,39.3700787401575);
#8800=VECTOR('',#14275,39.3700787401575);
#8801=VECTOR('',#14276,39.3700787401575);
#8802=VECTOR('',#14277,39.3700787401575);
#8803=VECTOR('',#14278,39.3700787401575);
#8804=VECTOR('',#14279,39.3700787401575);
#8805=VECTOR('',#14280,39.3700787401575);
#8806=VECTOR('',#14281,39.3700787401575);
#8807=VECTOR('',#14282,39.3700787401575);
#8808=VECTOR('',#14283,39.3700787401575);
#8809=VECTOR('',#14284,39.3700787401575);
#8810=VECTOR('',#14285,39.3700787401575);
#8811=VECTOR('',#14286,39.3700787401575);
#8812=VECTOR('',#14287,39.3700787401575);
#8813=VECTOR('',#14288,39.3700787401575);
#8814=VECTOR('',#14289,39.3700787401575);
#8815=VECTOR('',#14290,39.3700787401575);
#8816=VECTOR('',#14291,39.3700787401575);
#8817=VECTOR('',#14292,39.3700787401575);
#8818=VECTOR('',#14293,39.3700787401575);
#8819=VECTOR('',#14294,39.3700787401575);
#8820=VECTOR('',#14295,39.3700787401575);
#8821=VECTOR('',#14296,39.3700787401575);
#8822=VECTOR('',#14297,39.3700787401575);
#8823=VECTOR('',#14298,39.3700787401575);
#8824=VECTOR('',#14299,39.3700787401575);
#8825=VECTOR('',#14300,39.3700787401575);
#8826=VECTOR('',#14301,39.3700787401575);
#8827=VECTOR('',#14302,39.3700787401575);
#8828=VECTOR('',#14303,39.3700787401575);
#8829=VECTOR('',#14306,39.3700787401575);
#8830=VECTOR('',#14307,39.3700787401575);
#8831=VECTOR('',#14308,39.3700787401575);
#8832=VECTOR('',#14309,39.3700787401575);
#8833=VECTOR('',#14310,39.3700787401575);
#8834=VECTOR('',#14311,39.3700787401575);
#8835=VECTOR('',#14312,39.3700787401575);
#8836=VECTOR('',#14313,39.3700787401575);
#8837=VECTOR('',#14314,39.3700787401575);
#8838=VECTOR('',#14315,39.3700787401575);
#8839=VECTOR('',#14316,39.3700787401575);
#8840=VECTOR('',#14317,39.3700787401575);
#8841=VECTOR('',#14318,39.3700787401575);
#8842=VECTOR('',#14319,39.3700787401575);
#8843=VECTOR('',#14320,39.3700787401575);
#8844=VECTOR('',#14321,39.3700787401575);
#8845=VECTOR('',#14322,39.3700787401575);
#8846=VECTOR('',#14323,39.3700787401575);
#8847=VECTOR('',#14324,39.3700787401575);
#8848=VECTOR('',#14325,39.3700787401575);
#8849=VECTOR('',#14326,39.3700787401575);
#8850=VECTOR('',#14327,39.3700787401575);
#8851=VECTOR('',#14328,39.3700787401575);
#8852=VECTOR('',#14329,39.3700787401575);
#8853=VECTOR('',#14330,39.3700787401575);
#8854=VECTOR('',#14331,39.3700787401575);
#8855=VECTOR('',#14332,39.3700787401575);
#8856=VECTOR('',#14333,39.3700787401575);
#8857=VECTOR('',#14334,39.3700787401575);
#8858=VECTOR('',#14335,39.3700787401575);
#8859=VECTOR('',#14336,39.3700787401575);
#8860=VECTOR('',#14337,39.3700787401575);
#8861=VECTOR('',#14338,39.3700787401575);
#8862=VECTOR('',#14339,39.3700787401575);
#8863=VECTOR('',#14340,39.3700787401575);
#8864=VECTOR('',#14341,39.3700787401575);
#8865=VECTOR('',#14342,39.3700787401575);
#8866=VECTOR('',#14343,39.3700787401575);
#8867=VECTOR('',#14344,39.3700787401575);
#8868=VECTOR('',#14347,39.3700787401575);
#8869=VECTOR('',#14348,39.3700787401575);
#8870=VECTOR('',#14349,39.3700787401575);
#8871=VECTOR('',#14352,39.3700787401575);
#8872=VECTOR('',#14353,39.3700787401575);
#8873=VECTOR('',#14354,39.3700787401575);
#8874=VECTOR('',#14357,39.3700787401575);
#8875=VECTOR('',#14358,39.3700787401575);
#8876=VECTOR('',#14359,39.3700787401575);
#8877=VECTOR('',#14362,39.3700787401575);
#8878=VECTOR('',#14363,39.3700787401575);
#8879=VECTOR('',#14364,39.3700787401575);
#8880=VECTOR('',#14367,39.3700787401575);
#8881=VECTOR('',#14368,39.3700787401575);
#8882=VECTOR('',#14369,39.3700787401575);
#8883=VECTOR('',#14372,39.3700787401575);
#8884=VECTOR('',#14373,39.3700787401575);
#8885=VECTOR('',#14374,39.3700787401575);
#8886=VECTOR('',#14375,39.3700787401575);
#8887=VECTOR('',#14376,39.3700787401575);
#8888=VECTOR('',#14377,39.3700787401575);
#8889=VECTOR('',#14378,39.3700787401575);
#8890=VECTOR('',#14379,39.3700787401575);
#8891=VECTOR('',#14380,39.3700787401575);
#8892=VECTOR('',#14381,39.3700787401575);
#8893=VECTOR('',#14382,39.3700787401575);
#8894=VECTOR('',#14383,39.3700787401575);
#8895=VECTOR('',#14384,39.3700787401575);
#8896=VECTOR('',#14385,39.3700787401575);
#8897=VECTOR('',#14386,39.3700787401575);
#8898=VECTOR('',#14387,39.3700787401575);
#8899=VECTOR('',#14388,39.3700787401575);
#8900=VECTOR('',#14389,39.3700787401575);
#8901=VECTOR('',#14390,39.3700787401575);
#8902=VECTOR('',#14391,39.3700787401575);
#8903=VECTOR('',#14392,39.3700787401575);
#8904=VECTOR('',#14393,39.3700787401575);
#8905=VECTOR('',#14394,39.3700787401575);
#8906=VECTOR('',#14395,39.3700787401575);
#8907=VECTOR('',#14396,39.3700787401575);
#8908=VECTOR('',#14397,39.3700787401575);
#8909=VECTOR('',#14398,39.3700787401575);
#8910=VECTOR('',#14399,39.3700787401575);
#8911=VECTOR('',#14400,39.3700787401575);
#8912=VECTOR('',#14401,39.3700787401575);
#8913=VECTOR('',#14402,39.3700787401575);
#8914=VECTOR('',#14403,39.3700787401575);
#8915=VECTOR('',#14404,39.3700787401575);
#8916=VECTOR('',#14405,39.3700787401575);
#8917=VECTOR('',#14406,39.3700787401575);
#8918=VECTOR('',#14407,39.3700787401575);
#8919=VECTOR('',#14408,39.3700787401575);
#8920=VECTOR('',#14409,39.3700787401575);
#8921=VECTOR('',#14410,39.3700787401575);
#8922=VECTOR('',#14411,39.3700787401575);
#8923=VECTOR('',#14412,39.3700787401575);
#8924=VECTOR('',#14413,39.3700787401575);
#8925=VECTOR('',#14414,39.3700787401575);
#8926=VECTOR('',#14415,39.3700787401575);
#8927=VECTOR('',#14416,39.3700787401575);
#8928=VECTOR('',#14417,39.3700787401575);
#8929=VECTOR('',#14418,39.3700787401575);
#8930=VECTOR('',#14419,39.3700787401575);
#8931=VECTOR('',#14420,39.3700787401575);
#8932=VECTOR('',#14421,39.3700787401575);
#8933=VECTOR('',#14422,39.3700787401575);
#8934=VECTOR('',#14425,39.3700787401575);
#8935=VECTOR('',#14426,39.3700787401575);
#8936=VECTOR('',#14427,39.3700787401575);
#8937=VECTOR('',#14430,39.3700787401575);
#8938=VECTOR('',#14431,39.3700787401575);
#8939=VECTOR('',#14432,39.3700787401575);
#8940=VECTOR('',#14435,39.3700787401575);
#8941=VECTOR('',#14436,39.3700787401575);
#8942=VECTOR('',#14437,39.3700787401575);
#8943=VECTOR('',#14440,39.3700787401575);
#8944=VECTOR('',#14441,39.3700787401575);
#8945=VECTOR('',#14444,39.3700787401575);
#8946=VECTOR('',#14445,39.3700787401575);
#8947=VECTOR('',#14448,39.3700787401575);
#8948=VECTOR('',#14449,39.3700787401575);
#8949=VECTOR('',#14460,39.3700787401575);
#8950=VECTOR('',#14463,39.3700787401575);
#8951=VECTOR('',#14470,39.3700787401575);
#8952=VECTOR('',#14473,39.3700787401575);
#8953=VECTOR('',#14480,39.3700787401575);
#8954=VECTOR('',#14483,39.3700787401575);
#8955=VECTOR('',#14490,39.3700787401575);
#8956=VECTOR('',#14493,39.3700787401575);
#8957=VECTOR('',#14500,39.3700787401575);
#8958=VECTOR('',#14503,39.3700787401575);
#8959=VECTOR('',#14510,39.3700787401575);
#8960=VECTOR('',#14513,39.3700787401575);
#8961=VECTOR('',#14520,39.3700787401575);
#8962=VECTOR('',#14523,39.3700787401575);
#8963=VECTOR('',#14530,39.3700787401575);
#8964=VECTOR('',#14533,39.3700787401575);
#8965=VECTOR('',#14540,39.3700787401575);
#8966=VECTOR('',#14543,39.3700787401575);
#8967=VECTOR('',#14550,39.3700787401575);
#8968=VECTOR('',#14553,39.3700787401575);
#8969=VECTOR('',#14560,39.3700787401575);
#8970=VECTOR('',#14563,39.3700787401575);
#8971=VECTOR('',#14570,39.3700787401575);
#8972=VECTOR('',#14573,39.3700787401575);
#8973=VECTOR('',#14580,39.3700787401575);
#8974=VECTOR('',#14583,39.3700787401575);
#8975=VECTOR('',#14590,39.3700787401575);
#8976=VECTOR('',#14593,39.3700787401575);
#8977=VECTOR('',#14600,39.3700787401575);
#8978=VECTOR('',#14603,39.3700787401575);
#8979=VECTOR('',#14610,39.3700787401575);
#8980=VECTOR('',#14613,39.3700787401575);
#8981=VECTOR('',#14620,39.3700787401575);
#8982=VECTOR('',#14623,39.3700787401575);
#8983=VECTOR('',#14630,39.3700787401575);
#8984=VECTOR('',#14633,39.3700787401575);
#8985=VECTOR('',#14640,39.3700787401575);
#8986=VECTOR('',#14643,39.3700787401575);
#8987=VECTOR('',#14650,39.3700787401575);
#8988=VECTOR('',#14653,39.3700787401575);
#8989=VECTOR('',#14660,39.3700787401575);
#8990=VECTOR('',#14663,39.3700787401575);
#8991=VECTOR('',#14670,39.3700787401575);
#8992=VECTOR('',#14673,39.3700787401575);
#8993=VECTOR('',#14680,39.3700787401575);
#8994=VECTOR('',#14683,39.3700787401575);
#8995=VECTOR('',#14690,39.3700787401575);
#8996=VECTOR('',#14693,39.3700787401575);
#8997=VECTOR('',#14702,39.3700787401575);
#8998=VECTOR('',#14703,39.3700787401575);
#8999=VECTOR('',#14704,39.3700787401575);
#9000=VECTOR('',#14705,39.3700787401575);
#9001=VECTOR('',#14708,39.3700787401575);
#9002=VECTOR('',#14709,39.3700787401575);
#9003=VECTOR('',#14710,39.3700787401575);
#9004=VECTOR('',#14711,39.3700787401575);
#9005=VECTOR('',#14714,39.3700787401575);
#9006=VECTOR('',#14715,39.3700787401575);
#9007=VECTOR('',#14716,39.3700787401575);
#9008=VECTOR('',#14717,39.3700787401575);
#9009=VECTOR('',#14720,39.3700787401575);
#9010=VECTOR('',#14721,39.3700787401575);
#9011=VECTOR('',#14722,39.3700787401575);
#9012=VECTOR('',#14723,39.3700787401575);
#9013=VECTOR('',#14726,39.3700787401575);
#9014=VECTOR('',#14727,39.3700787401575);
#9015=VECTOR('',#14728,39.3700787401575);
#9016=VECTOR('',#14729,39.3700787401575);
#9017=VECTOR('',#14732,39.3700787401575);
#9018=VECTOR('',#14733,39.3700787401575);
#9019=VECTOR('',#14734,39.3700787401575);
#9020=VECTOR('',#14735,39.3700787401575);
#9021=VECTOR('',#14738,39.3700787401575);
#9022=VECTOR('',#14739,39.3700787401575);
#9023=VECTOR('',#14740,39.3700787401575);
#9024=VECTOR('',#14741,39.3700787401575);
#9025=VECTOR('',#14744,39.3700787401575);
#9026=VECTOR('',#14745,39.3700787401575);
#9027=VECTOR('',#14746,39.3700787401575);
#9028=VECTOR('',#14747,39.3700787401575);
#9029=VECTOR('',#14750,39.3700787401575);
#9030=VECTOR('',#14751,39.3700787401575);
#9031=VECTOR('',#14752,39.3700787401575);
#9032=VECTOR('',#14753,39.3700787401575);
#9033=VECTOR('',#14756,39.3700787401575);
#9034=VECTOR('',#14757,39.3700787401575);
#9035=VECTOR('',#14758,39.3700787401575);
#9036=VECTOR('',#14759,39.3700787401575);
#9037=VECTOR('',#14762,39.3700787401575);
#9038=VECTOR('',#14763,39.3700787401575);
#9039=VECTOR('',#14764,39.3700787401575);
#9040=VECTOR('',#14765,39.3700787401575);
#9041=VECTOR('',#14768,39.3700787401575);
#9042=VECTOR('',#14769,39.3700787401575);
#9043=VECTOR('',#14770,39.3700787401575);
#9044=VECTOR('',#14771,39.3700787401575);
#9045=VECTOR('',#14774,39.3700787401575);
#9046=VECTOR('',#14775,39.3700787401575);
#9047=VECTOR('',#14776,39.3700787401575);
#9048=VECTOR('',#14779,39.3700787401575);
#9049=VECTOR('',#14780,39.3700787401575);
#9050=VECTOR('',#14781,39.3700787401575);
#9051=VECTOR('',#14784,39.3700787401575);
#9052=VECTOR('',#14785,39.3700787401575);
#9053=VECTOR('',#14786,39.3700787401575);
#9054=VECTOR('',#14789,39.3700787401575);
#9055=VECTOR('',#14790,39.3700787401575);
#9056=VECTOR('',#14791,39.3700787401575);
#9057=VECTOR('',#14794,39.3700787401575);
#9058=VECTOR('',#14795,39.3700787401575);
#9059=VECTOR('',#14796,39.3700787401575);
#9060=VECTOR('',#14799,39.3700787401575);
#9061=VECTOR('',#14800,39.3700787401575);
#9062=VECTOR('',#14801,39.3700787401575);
#9063=VECTOR('',#14804,39.3700787401575);
#9064=VECTOR('',#14805,39.3700787401575);
#9065=VECTOR('',#14806,39.3700787401575);
#9066=VECTOR('',#14809,39.3700787401575);
#9067=VECTOR('',#14810,39.3700787401575);
#9068=VECTOR('',#14811,39.3700787401575);
#9069=VECTOR('',#14814,39.3700787401575);
#9070=VECTOR('',#14815,39.3700787401575);
#9071=VECTOR('',#14816,39.3700787401575);
#9072=VECTOR('',#14819,39.3700787401575);
#9073=VECTOR('',#14820,39.3700787401575);
#9074=VECTOR('',#14821,39.3700787401575);
#9075=VECTOR('',#14824,39.3700787401575);
#9076=VECTOR('',#14825,39.3700787401575);
#9077=VECTOR('',#14826,39.3700787401575);
#9078=VECTOR('',#14829,39.3700787401575);
#9079=VECTOR('',#14830,39.3700787401575);
#9080=VECTOR('',#14831,39.3700787401575);
#9081=VECTOR('',#14834,39.3700787401575);
#9082=VECTOR('',#14835,39.3700787401575);
#9083=VECTOR('',#14836,39.3700787401575);
#9084=VECTOR('',#14839,39.3700787401575);
#9085=VECTOR('',#14840,39.3700787401575);
#9086=VECTOR('',#14841,39.3700787401575);
#9087=VECTOR('',#14844,39.3700787401575);
#9088=VECTOR('',#14845,39.3700787401575);
#9089=VECTOR('',#14846,39.3700787401575);
#9090=VECTOR('',#14849,39.3700787401575);
#9091=VECTOR('',#14850,39.3700787401575);
#9092=VECTOR('',#14851,39.3700787401575);
#9093=VECTOR('',#14854,39.3700787401575);
#9094=VECTOR('',#14855,39.3700787401575);
#9095=VECTOR('',#14856,39.3700787401575);
#9096=VECTOR('',#14859,39.3700787401575);
#9097=VECTOR('',#14860,39.3700787401575);
#9098=VECTOR('',#14861,39.3700787401575);
#9099=VECTOR('',#14864,39.3700787401575);
#9100=VECTOR('',#14865,39.3700787401575);
#9101=VECTOR('',#14866,39.3700787401575);
#9102=VECTOR('',#14869,39.3700787401575);
#9103=VECTOR('',#14870,39.3700787401575);
#9104=VECTOR('',#14871,39.3700787401575);
#9105=VECTOR('',#14874,39.3700787401575);
#9106=VECTOR('',#14875,39.3700787401575);
#9107=VECTOR('',#14876,39.3700787401575);
#9108=VECTOR('',#14879,39.3700787401575);
#9109=VECTOR('',#14880,39.3700787401575);
#9110=VECTOR('',#14881,39.3700787401575);
#9111=VECTOR('',#14884,39.3700787401575);
#9112=VECTOR('',#14885,39.3700787401575);
#9113=VECTOR('',#14886,39.3700787401575);
#9114=VECTOR('',#14889,39.3700787401575);
#9115=VECTOR('',#14890,39.3700787401575);
#9116=VECTOR('',#14891,39.3700787401575);
#9117=VECTOR('',#14898,39.3700787401575);
#9118=VECTOR('',#14903,39.3700787401575);
#9119=VECTOR('',#14910,39.3700787401575);
#9120=VECTOR('',#14917,39.3700787401575);
#9121=VECTOR('',#14924,39.3700787401575);
#9122=VECTOR('',#14931,39.3700787401575);
#9123=VECTOR('',#14938,39.3700787401575);
#9124=VECTOR('',#14945,39.3700787401575);
#9125=VECTOR('',#14952,39.3700787401575);
#9126=VECTOR('',#14959,39.3700787401575);
#9127=VECTOR('',#14966,39.3700787401575);
#9128=VECTOR('',#14973,39.3700787401575);
#9129=VECTOR('',#14978,39.3700787401575);
#9130=VECTOR('',#14979,39.3700787401575);
#9131=VECTOR('',#14980,39.3700787401575);
#9132=VECTOR('',#14983,39.3700787401575);
#9133=VECTOR('',#14984,39.3700787401575);
#9134=VECTOR('',#14985,39.3700787401575);
#9135=VECTOR('',#14988,39.3700787401575);
#9136=VECTOR('',#14989,39.3700787401575);
#9137=VECTOR('',#14990,39.3700787401575);
#9138=VECTOR('',#14993,39.3700787401575);
#9139=VECTOR('',#14994,39.3700787401575);
#9140=VECTOR('',#14995,39.3700787401575);
#9141=VECTOR('',#14998,39.3700787401575);
#9142=VECTOR('',#14999,39.3700787401575);
#9143=VECTOR('',#15000,39.3700787401575);
#9144=VECTOR('',#15003,39.3700787401575);
#9145=VECTOR('',#15004,39.3700787401575);
#9146=VECTOR('',#15005,39.3700787401575);
#9147=VECTOR('',#15008,39.3700787401575);
#9148=VECTOR('',#15009,39.3700787401575);
#9149=VECTOR('',#15010,39.3700787401575);
#9150=VECTOR('',#15013,39.3700787401575);
#9151=VECTOR('',#15014,39.3700787401575);
#9152=VECTOR('',#15015,39.3700787401575);
#9153=VECTOR('',#15018,39.3700787401575);
#9154=VECTOR('',#15019,39.3700787401575);
#9155=VECTOR('',#15020,39.3700787401575);
#9156=VECTOR('',#15023,39.3700787401575);
#9157=VECTOR('',#15024,39.3700787401575);
#9158=VECTOR('',#15025,39.3700787401575);
#9159=VECTOR('',#15028,39.3700787401575);
#9160=VECTOR('',#15029,39.3700787401575);
#9161=VECTOR('',#15030,39.3700787401575);
#9162=VECTOR('',#15033,39.3700787401575);
#9163=VECTOR('',#15034,39.3700787401575);
#9164=VECTOR('',#15035,39.3700787401575);
#9165=VECTOR('',#15038,39.3700787401575);
#9166=VECTOR('',#15039,39.3700787401575);
#9167=VECTOR('',#15040,39.3700787401575);
#9168=VECTOR('',#15041,39.3700787401575);
#9169=VECTOR('',#15044,39.3700787401575);
#9170=VECTOR('',#15045,39.3700787401575);
#9171=VECTOR('',#15046,39.3700787401575);
#9172=VECTOR('',#15047,39.3700787401575);
#9173=VECTOR('',#15050,39.3700787401575);
#9174=VECTOR('',#15051,39.3700787401575);
#9175=VECTOR('',#15052,39.3700787401575);
#9176=VECTOR('',#15053,39.3700787401575);
#9177=VECTOR('',#15056,39.3700787401575);
#9178=VECTOR('',#15057,39.3700787401575);
#9179=VECTOR('',#15058,39.3700787401575);
#9180=VECTOR('',#15059,39.3700787401575);
#9181=VECTOR('',#15062,39.3700787401575);
#9182=VECTOR('',#15063,39.3700787401575);
#9183=VECTOR('',#15064,39.3700787401575);
#9184=VECTOR('',#15065,39.3700787401575);
#9185=VECTOR('',#15068,39.3700787401575);
#9186=VECTOR('',#15069,39.3700787401575);
#9187=VECTOR('',#15070,39.3700787401575);
#9188=VECTOR('',#15071,39.3700787401575);
#9189=VECTOR('',#15074,39.3700787401575);
#9190=VECTOR('',#15075,39.3700787401575);
#9191=VECTOR('',#15076,39.3700787401575);
#9192=VECTOR('',#15077,39.3700787401575);
#9193=VECTOR('',#15080,39.3700787401575);
#9194=VECTOR('',#15081,39.3700787401575);
#9195=VECTOR('',#15082,39.3700787401575);
#9196=VECTOR('',#15083,39.3700787401575);
#9197=VECTOR('',#15086,39.3700787401575);
#9198=VECTOR('',#15087,39.3700787401575);
#9199=VECTOR('',#15088,39.3700787401575);
#9200=VECTOR('',#15089,39.3700787401575);
#9201=VECTOR('',#15092,39.3700787401575);
#9202=VECTOR('',#15093,39.3700787401575);
#9203=VECTOR('',#15094,39.3700787401575);
#9204=VECTOR('',#15095,39.3700787401575);
#9205=VECTOR('',#15098,39.3700787401575);
#9206=VECTOR('',#15099,39.3700787401575);
#9207=VECTOR('',#15100,39.3700787401575);
#9208=VECTOR('',#15101,39.3700787401575);
#9209=VECTOR('',#15104,39.3700787401575);
#9210=VECTOR('',#15105,39.3700787401575);
#9211=VECTOR('',#15106,39.3700787401575);
#9212=VECTOR('',#15107,39.3700787401575);
#9213=VECTOR('',#15114,39.3700787401575);
#9214=VECTOR('',#15119,39.3700787401575);
#9215=VECTOR('',#15126,39.3700787401575);
#9216=VECTOR('',#15133,39.3700787401575);
#9217=VECTOR('',#15140,39.3700787401575);
#9218=VECTOR('',#15147,39.3700787401575);
#9219=VECTOR('',#15154,39.3700787401575);
#9220=VECTOR('',#15161,39.3700787401575);
#9221=VECTOR('',#15168,39.3700787401575);
#9222=VECTOR('',#15175,39.3700787401575);
#9223=VECTOR('',#15182,39.3700787401575);
#9224=VECTOR('',#15189,39.3700787401575);
#9225=VECTOR('',#15194,39.3700787401575);
#9226=VECTOR('',#15195,39.3700787401575);
#9227=VECTOR('',#15196,39.3700787401575);
#9228=VECTOR('',#15199,39.3700787401575);
#9229=VECTOR('',#15200,39.3700787401575);
#9230=VECTOR('',#15201,39.3700787401575);
#9231=VECTOR('',#15204,39.3700787401575);
#9232=VECTOR('',#15205,39.3700787401575);
#9233=VECTOR('',#15206,39.3700787401575);
#9234=VECTOR('',#15209,39.3700787401575);
#9235=VECTOR('',#15210,39.3700787401575);
#9236=VECTOR('',#15211,39.3700787401575);
#9237=VECTOR('',#15214,39.3700787401575);
#9238=VECTOR('',#15215,39.3700787401575);
#9239=VECTOR('',#15216,39.3700787401575);
#9240=VECTOR('',#15219,39.3700787401575);
#9241=VECTOR('',#15220,39.3700787401575);
#9242=VECTOR('',#15221,39.3700787401575);
#9243=VECTOR('',#15224,39.3700787401575);
#9244=VECTOR('',#15225,39.3700787401575);
#9245=VECTOR('',#15226,39.3700787401575);
#9246=VECTOR('',#15229,39.3700787401575);
#9247=VECTOR('',#15230,39.3700787401575);
#9248=VECTOR('',#15231,39.3700787401575);
#9249=VECTOR('',#15234,39.3700787401575);
#9250=VECTOR('',#15235,39.3700787401575);
#9251=VECTOR('',#15236,39.3700787401575);
#9252=VECTOR('',#15239,39.3700787401575);
#9253=VECTOR('',#15240,39.3700787401575);
#9254=VECTOR('',#15241,39.3700787401575);
#9255=VECTOR('',#15244,39.3700787401575);
#9256=VECTOR('',#15245,39.3700787401575);
#9257=VECTOR('',#15246,39.3700787401575);
#9258=VECTOR('',#15249,39.3700787401575);
#9259=VECTOR('',#15250,39.3700787401575);
#9260=VECTOR('',#15251,39.3700787401575);
#9261=VECTOR('',#15254,39.3700787401575);
#9262=VECTOR('',#15255,39.3700787401575);
#9263=VECTOR('',#15256,39.3700787401575);
#9264=VECTOR('',#15259,39.3700787401575);
#9265=VECTOR('',#15260,39.3700787401575);
#9266=VECTOR('',#15261,39.3700787401575);
#9267=VECTOR('',#15264,39.3700787401575);
#9268=VECTOR('',#15265,39.3700787401575);
#9269=VECTOR('',#15266,39.3700787401575);
#9270=VECTOR('',#15269,39.3700787401575);
#9271=VECTOR('',#15270,39.3700787401575);
#9272=VECTOR('',#15271,39.3700787401575);
#9273=VECTOR('',#15274,39.3700787401575);
#9274=VECTOR('',#15275,39.3700787401575);
#9275=VECTOR('',#15276,39.3700787401575);
#9276=VECTOR('',#15279,39.3700787401575);
#9277=VECTOR('',#15280,39.3700787401575);
#9278=VECTOR('',#15281,39.3700787401575);
#9279=VECTOR('',#15284,39.3700787401575);
#9280=VECTOR('',#15285,39.3700787401575);
#9281=VECTOR('',#15286,39.3700787401575);
#9282=VECTOR('',#15289,39.3700787401575);
#9283=VECTOR('',#15290,39.3700787401575);
#9284=VECTOR('',#15291,39.3700787401575);
#9285=VECTOR('',#15294,39.3700787401575);
#9286=VECTOR('',#15295,39.3700787401575);
#9287=VECTOR('',#15296,39.3700787401575);
#9288=VECTOR('',#15299,39.3700787401575);
#9289=VECTOR('',#15300,39.3700787401575);
#9290=VECTOR('',#15301,39.3700787401575);
#9291=VECTOR('',#15304,39.3700787401575);
#9292=VECTOR('',#15305,39.3700787401575);
#9293=VECTOR('',#15306,39.3700787401575);
#9294=VECTOR('',#15309,39.3700787401575);
#9295=VECTOR('',#15310,39.3700787401575);
#9296=VECTOR('',#15311,39.3700787401575);
#9297=VECTOR('',#15314,39.3700787401575);
#9298=VECTOR('',#15315,39.3700787401575);
#9299=VECTOR('',#15316,39.3700787401575);
#9300=VECTOR('',#15319,39.3700787401575);
#9301=VECTOR('',#15320,39.3700787401575);
#9302=VECTOR('',#15321,39.3700787401575);
#9303=VECTOR('',#15324,39.3700787401575);
#9304=VECTOR('',#15325,39.3700787401575);
#9305=VECTOR('',#15326,39.3700787401575);
#9306=VECTOR('',#15329,39.3700787401575);
#9307=VECTOR('',#15330,39.3700787401575);
#9308=VECTOR('',#15331,39.3700787401575);
#9309=VECTOR('',#15334,39.3700787401575);
#9310=VECTOR('',#15335,39.3700787401575);
#9311=VECTOR('',#15336,39.3700787401575);
#9312=VECTOR('',#15339,39.3700787401575);
#9313=VECTOR('',#15340,39.3700787401575);
#9314=VECTOR('',#15341,39.3700787401575);
#9315=VECTOR('',#15344,39.3700787401575);
#9316=VECTOR('',#15345,39.3700787401575);
#9317=VECTOR('',#15346,39.3700787401575);
#9318=VECTOR('',#15349,39.3700787401575);
#9319=VECTOR('',#15350,39.3700787401575);
#9320=VECTOR('',#15351,39.3700787401575);
#9321=VECTOR('',#15354,39.3700787401575);
#9322=VECTOR('',#15355,39.3700787401575);
#9323=VECTOR('',#15356,39.3700787401575);
#9324=VECTOR('',#15359,39.3700787401575);
#9325=VECTOR('',#15360,39.3700787401575);
#9326=VECTOR('',#15361,39.3700787401575);
#9327=VECTOR('',#15364,39.3700787401575);
#9328=VECTOR('',#15365,39.3700787401575);
#9329=VECTOR('',#15366,39.3700787401575);
#9330=VECTOR('',#15369,39.3700787401575);
#9331=VECTOR('',#15370,39.3700787401575);
#9332=VECTOR('',#15371,39.3700787401575);
#9333=VECTOR('',#15374,39.3700787401575);
#9334=VECTOR('',#15375,39.3700787401575);
#9335=VECTOR('',#15376,39.3700787401575);
#9336=VECTOR('',#15377,39.3700787401575);
#9337=VECTOR('',#15380,39.3700787401575);
#9338=VECTOR('',#15381,39.3700787401575);
#9339=VECTOR('',#15382,39.3700787401575);
#9340=VECTOR('',#15385,39.3700787401575);
#9341=VECTOR('',#15386,39.3700787401575);
#9342=VECTOR('',#15387,39.3700787401575);
#9343=VECTOR('',#15392,39.3700787401575);
#9344=VECTOR('',#15397,39.3700787401575);
#9345=VECTOR('',#15398,39.3700787401575);
#9346=VECTOR('',#15399,39.3700787401575);
#9347=VECTOR('',#15402,39.3700787401575);
#9348=VECTOR('',#15403,39.3700787401575);
#9349=VECTOR('',#15404,39.3700787401575);
#9350=VECTOR('',#15405,39.3700787401575);
#9351=VECTOR('',#15406,39.3700787401575);
#9352=VECTOR('',#15407,39.3700787401575);
#9353=VECTOR('',#15408,39.3700787401575);
#9354=VECTOR('',#15409,39.3700787401575);
#9355=VECTOR('',#15410,39.3700787401575);
#9356=VECTOR('',#15411,39.3700787401575);
#9357=VECTOR('',#15412,39.3700787401575);
#9358=VECTOR('',#15413,39.3700787401575);
#9359=VECTOR('',#15414,39.3700787401575);
#9360=VECTOR('',#15415,39.3700787401575);
#9361=VECTOR('',#15416,39.3700787401575);
#9362=VECTOR('',#15417,39.3700787401575);
#9363=VECTOR('',#15418,39.3700787401575);
#9364=VECTOR('',#15419,39.3700787401575);
#9365=VECTOR('',#15420,39.3700787401575);
#9366=VECTOR('',#15421,39.3700787401575);
#9367=VECTOR('',#15422,39.3700787401575);
#9368=VECTOR('',#15423,39.3700787401575);
#9369=VECTOR('',#15424,39.3700787401575);
#9370=VECTOR('',#15425,39.3700787401575);
#9371=VECTOR('',#15426,39.3700787401575);
#9372=VECTOR('',#15427,39.3700787401575);
#9373=VECTOR('',#15428,39.3700787401575);
#9374=VECTOR('',#15429,39.3700787401575);
#9375=VECTOR('',#15430,39.3700787401575);
#9376=VECTOR('',#15431,39.3700787401575);
#9377=VECTOR('',#15432,39.3700787401575);
#9378=VECTOR('',#15433,39.3700787401575);
#9379=VECTOR('',#15434,39.3700787401575);
#9380=VECTOR('',#15435,39.3700787401575);
#9381=VECTOR('',#15436,39.3700787401575);
#9382=VECTOR('',#15437,39.3700787401575);
#9383=VECTOR('',#15438,39.3700787401575);
#9384=VECTOR('',#15439,39.3700787401575);
#9385=VECTOR('',#15440,39.3700787401575);
#9386=VECTOR('',#15441,39.3700787401575);
#9387=VECTOR('',#15442,39.3700787401575);
#9388=VECTOR('',#15443,39.3700787401575);
#9389=VECTOR('',#15444,39.3700787401575);
#9390=VECTOR('',#15445,39.3700787401575);
#9391=VECTOR('',#15446,39.3700787401575);
#9392=VECTOR('',#15447,39.3700787401575);
#9393=VECTOR('',#15448,39.3700787401575);
#9394=VECTOR('',#15449,39.3700787401575);
#9395=VECTOR('',#15450,39.3700787401575);
#9396=VECTOR('',#15451,39.3700787401575);
#9397=VECTOR('',#15452,39.3700787401575);
#9398=VECTOR('',#15453,39.3700787401575);
#9399=VECTOR('',#15454,39.3700787401575);
#9400=VECTOR('',#15455,39.3700787401575);
#9401=VECTOR('',#15456,39.3700787401575);
#9402=VECTOR('',#15457,39.3700787401575);
#9403=VECTOR('',#15458,39.3700787401575);
#9404=VECTOR('',#15459,39.3700787401575);
#9405=VECTOR('',#15460,39.3700787401575);
#9406=VECTOR('',#15461,39.3700787401575);
#9407=VECTOR('',#15462,39.3700787401575);
#9408=VECTOR('',#15463,39.3700787401575);
#9409=VECTOR('',#15464,39.3700787401575);
#9410=VECTOR('',#15465,39.3700787401575);
#9411=VECTOR('',#15466,39.3700787401575);
#9412=VECTOR('',#15467,39.3700787401575);
#9413=VECTOR('',#15468,39.3700787401575);
#9414=VECTOR('',#15469,39.3700787401575);
#9415=VECTOR('',#15470,39.3700787401575);
#9416=VECTOR('',#15471,39.3700787401575);
#9417=VECTOR('',#15472,39.3700787401575);
#9418=VECTOR('',#15473,39.3700787401575);
#9419=VECTOR('',#15474,39.3700787401575);
#9420=VECTOR('',#15475,39.3700787401575);
#9421=VECTOR('',#15476,39.3700787401575);
#9422=VECTOR('',#15479,39.3700787401575);
#9423=VECTOR('',#15480,39.3700787401575);
#9424=VECTOR('',#15481,39.3700787401575);
#9425=VECTOR('',#15486,39.3700787401575);
#9426=VECTOR('',#15491,39.3700787401575);
#9427=VECTOR('',#15492,39.3700787401575);
#9428=VECTOR('',#15493,39.3700787401575);
#9429=VECTOR('',#15496,39.3700787401575);
#9430=VECTOR('',#15497,39.3700787401575);
#9431=VECTOR('',#15498,39.3700787401575);
#9432=VECTOR('',#15501,39.3700787401575);
#9433=VECTOR('',#15502,39.3700787401575);
#9434=VECTOR('',#15503,39.3700787401575);
#9435=VECTOR('',#15506,39.3700787401575);
#9436=VECTOR('',#15507,39.3700787401575);
#9437=VECTOR('',#15508,39.3700787401575);
#9438=VECTOR('',#15509,39.3700787401575);
#9439=VECTOR('',#15510,39.3700787401575);
#9440=VECTOR('',#15511,39.3700787401575);
#9441=VECTOR('',#15512,39.3700787401575);
#9442=VECTOR('',#15513,39.3700787401575);
#9443=VECTOR('',#15514,39.3700787401575);
#9444=VECTOR('',#15515,39.3700787401575);
#9445=VECTOR('',#15516,39.3700787401575);
#9446=VECTOR('',#15517,39.3700787401575);
#9447=VECTOR('',#15518,39.3700787401575);
#9448=VECTOR('',#15519,39.3700787401575);
#9449=VECTOR('',#15520,39.3700787401575);
#9450=VECTOR('',#15521,39.3700787401575);
#9451=VECTOR('',#15522,39.3700787401575);
#9452=VECTOR('',#15523,39.3700787401575);
#9453=VECTOR('',#15524,39.3700787401575);
#9454=VECTOR('',#15525,39.3700787401575);
#9455=VECTOR('',#15526,39.3700787401575);
#9456=VECTOR('',#15527,39.3700787401575);
#9457=VECTOR('',#15528,39.3700787401575);
#9458=VECTOR('',#15529,39.3700787401575);
#9459=VECTOR('',#15530,39.3700787401575);
#9460=VECTOR('',#15531,39.3700787401575);
#9461=VECTOR('',#15532,39.3700787401575);
#9462=VECTOR('',#15535,39.3700787401575);
#9463=VECTOR('',#15536,39.3700787401575);
#9464=VECTOR('',#15537,39.3700787401575);
#9465=VECTOR('',#15538,39.3700787401575);
#9466=VECTOR('',#15539,39.3700787401575);
#9467=VECTOR('',#15540,39.3700787401575);
#9468=VECTOR('',#15541,39.3700787401575);
#9469=VECTOR('',#15542,39.3700787401575);
#9470=VECTOR('',#15543,39.3700787401575);
#9471=VECTOR('',#15544,39.3700787401575);
#9472=VECTOR('',#15545,39.3700787401575);
#9473=VECTOR('',#15546,39.3700787401575);
#9474=VECTOR('',#15547,39.3700787401575);
#9475=VECTOR('',#15548,39.3700787401575);
#9476=VECTOR('',#15549,39.3700787401575);
#9477=VECTOR('',#15550,39.3700787401575);
#9478=VECTOR('',#15551,39.3700787401575);
#9479=VECTOR('',#15552,39.3700787401575);
#9480=VECTOR('',#15553,39.3700787401575);
#9481=VECTOR('',#15554,39.3700787401575);
#9482=VECTOR('',#15555,39.3700787401575);
#9483=VECTOR('',#15556,39.3700787401575);
#9484=VECTOR('',#15557,39.3700787401575);
#9485=VECTOR('',#15558,39.3700787401575);
#9486=VECTOR('',#15559,39.3700787401575);
#9487=VECTOR('',#15560,39.3700787401575);
#9488=VECTOR('',#15665,39.3700787401575);
#9489=VECTOR('',#15666,39.3700787401575);
#9490=VECTOR('',#15667,39.3700787401575);
#9491=VECTOR('',#15668,39.3700787401575);
#9492=VECTOR('',#15677,39.3700787401575);
#9493=VECTOR('',#15678,39.3700787401575);
#9494=VECTOR('',#15679,39.3700787401575);
#9495=VECTOR('',#15680,39.3700787401575);
#9496=VECTOR('',#15683,39.3700787401575);
#9497=VECTOR('',#15684,39.3700787401575);
#9498=VECTOR('',#15685,39.3700787401575);
#9499=VECTOR('',#15688,39.3700787401575);
#9500=VECTOR('',#15689,39.3700787401575);
#9501=VECTOR('',#15690,39.3700787401575);
#9502=VECTOR('',#15693,39.3700787401575);
#9503=VECTOR('',#15694,39.3700787401575);
#9504=VECTOR('',#15695,39.3700787401575);
#9505=VECTOR('',#15698,39.3700787401575);
#9506=VECTOR('',#15699,39.3700787401575);
#9507=VECTOR('',#15700,39.3700787401575);
#9508=VECTOR('',#15703,39.3700787401575);
#9509=VECTOR('',#15704,39.3700787401575);
#9510=VECTOR('',#15705,39.3700787401575);
#9511=VECTOR('',#15706,39.3700787401575);
#9512=VECTOR('',#15707,39.3700787401575);
#9513=VECTOR('',#15708,39.3700787401575);
#9514=VECTOR('',#15709,39.3700787401575);
#9515=VECTOR('',#15712,39.3700787401575);
#9516=VECTOR('',#15713,39.3700787401575);
#9517=VECTOR('',#15714,39.3700787401575);
#9518=VECTOR('',#15715,39.3700787401575);
#9519=VECTOR('',#15718,39.3700787401575);
#9520=VECTOR('',#15719,39.3700787401575);
#9521=VECTOR('',#15720,39.3700787401575);
#9522=VECTOR('',#15723,39.3700787401575);
#9523=VECTOR('',#15724,39.3700787401575);
#9524=VECTOR('',#15725,39.3700787401575);
#9525=VECTOR('',#15728,39.3700787401575);
#9526=VECTOR('',#15729,39.3700787401575);
#9527=VECTOR('',#15732,39.3700787401575);
#9528=VECTOR('',#15733,39.3700787401575);
#9529=VECTOR('',#15734,39.3700787401575);
#9530=VECTOR('',#15735,39.3700787401575);
#9531=VECTOR('',#15738,39.3700787401575);
#9532=VECTOR('',#15739,39.3700787401575);
#9533=VECTOR('',#15740,39.3700787401575);
#9534=VECTOR('',#15743,39.3700787401575);
#9535=VECTOR('',#15744,39.3700787401575);
#9536=VECTOR('',#15745,39.3700787401575);
#9537=VECTOR('',#15748,39.3700787401575);
#9538=VECTOR('',#15749,39.3700787401575);
#9539=VECTOR('',#15750,39.3700787401575);
#9540=VECTOR('',#15753,39.3700787401575);
#9541=VECTOR('',#15754,39.3700787401575);
#9542=VECTOR('',#15757,39.3700787401575);
#9543=VECTOR('',#15758,39.3700787401575);
#9544=VECTOR('',#15759,39.3700787401575);
#9545=VECTOR('',#15762,39.3700787401575);
#9546=VECTOR('',#15763,39.3700787401575);
#9547=VECTOR('',#15764,39.3700787401575);
#9548=VECTOR('',#15765,39.3700787401575);
#9549=VECTOR('',#15766,39.3700787401575);
#9550=VECTOR('',#15767,39.3700787401575);
#9551=VECTOR('',#15770,39.3700787401575);
#9552=VECTOR('',#15771,39.3700787401575);
#9553=VECTOR('',#15772,39.3700787401575);
#9554=VECTOR('',#15775,39.3700787401575);
#9555=VECTOR('',#15776,39.3700787401575);
#9556=VECTOR('',#15777,39.3700787401575);
#9557=VECTOR('',#15780,39.3700787401575);
#9558=VECTOR('',#15781,39.3700787401575);
#9559=VECTOR('',#15782,39.3700787401575);
#9560=VECTOR('',#15785,39.3700787401575);
#9561=VECTOR('',#15786,39.3700787401575);
#9562=VECTOR('',#15793,39.3700787401575);
#9563=VECTOR('',#15794,39.3700787401575);
#9564=VECTOR('',#15807,39.3700787401575);
#9565=VECTOR('',#15808,39.3700787401575);
#9566=VECTOR('',#15809,39.3700787401575);
#9567=VECTOR('',#15810,39.3700787401575);
#9568=VECTOR('',#15811,39.3700787401575);
#9569=VECTOR('',#15812,39.3700787401575);
#9570=VECTOR('',#15813,39.3700787401575);
#9571=VECTOR('',#15814,39.3700787401575);
#9572=VECTOR('',#15817,39.3700787401575);
#9573=VECTOR('',#15818,39.3700787401575);
#9574=VECTOR('',#15819,39.3700787401575);
#9575=VECTOR('',#15822,39.3700787401575);
#9576=VECTOR('',#15823,39.3700787401575);
#9577=VECTOR('',#15824,39.3700787401575);
#9578=VECTOR('',#15829,39.3700787401575);
#9579=VECTOR('',#15834,39.3700787401575);
#9580=VECTOR('',#15835,39.3700787401575);
#9581=VECTOR('',#15836,39.3700787401575);
#9582=VECTOR('',#15839,39.3700787401575);
#9583=VECTOR('',#15840,39.3700787401575);
#9584=VECTOR('',#15841,39.3700787401575);
#9585=VECTOR('',#15844,39.3700787401575);
#9586=VECTOR('',#15845,39.3700787401575);
#9587=VECTOR('',#15846,39.3700787401575);
#9588=VECTOR('',#15847,39.3700787401575);
#9589=VECTOR('',#15848,39.3700787401575);
#9590=VECTOR('',#15849,39.3700787401575);
#9591=VECTOR('',#15850,39.3700787401575);
#9592=VECTOR('',#15851,39.3700787401575);
#9593=VECTOR('',#15854,39.3700787401575);
#9594=VECTOR('',#15855,39.3700787401575);
#9595=VECTOR('',#15856,39.3700787401575);
#9596=VECTOR('',#15859,39.3700787401575);
#9597=VECTOR('',#15860,39.3700787401575);
#9598=VECTOR('',#15861,39.3700787401575);
#9599=VECTOR('',#15862,39.3700787401575);
#9600=VECTOR('',#15863,39.3700787401575);
#9601=VECTOR('',#15864,39.3700787401575);
#9602=VECTOR('',#15867,39.3700787401575);
#9603=VECTOR('',#15868,39.3700787401575);
#9604=EDGE_LOOP('',(#128,#129,#130,#131,#132,#133,#134,#135,#136,#137));
#9605=EDGE_LOOP('',(#138,#139,#140,#141,#142));
#9606=EDGE_LOOP('',(#143,#144,#145,#146,#147));
#9607=EDGE_LOOP('',(#148,#149,#150,#151));
#9608=EDGE_LOOP('',(#152,#153,#154,#155));
#9609=EDGE_LOOP('',(#156,#157,#158,#159));
#9610=EDGE_LOOP('',(#160,#161,#162,#163));
#9611=EDGE_LOOP('',(#164,#165,#166,#167));
#9612=EDGE_LOOP('',(#168,#169,#170,#171));
#9613=EDGE_LOOP('',(#172,#173,#174,#175));
#9614=EDGE_LOOP('',(#176,#177,#178,#179));
#9615=EDGE_LOOP('',(#180,#181,#182,#183));
#9616=EDGE_LOOP('',(#184,#185,#186,#187));
#9617=EDGE_LOOP('',(#188,#189,#190,#191));
#9618=EDGE_LOOP('',(#192,#193,#194,#195));
#9619=EDGE_LOOP('',(#196,#197,#198,#199));
#9620=EDGE_LOOP('',(#200,#201,#202,#203));
#9621=EDGE_LOOP('',(#204,#205,#206,#207));
#9622=EDGE_LOOP('',(#208,#209,#210,#211));
#9623=EDGE_LOOP('',(#212,#213,#214,#215));
#9624=EDGE_LOOP('',(#216,#217,#218,#219));
#9625=EDGE_LOOP('',(#220,#221,#222,#223));
#9626=EDGE_LOOP('',(#224,#225,#226,#227));
#9627=EDGE_LOOP('',(#228,#229,#230,#231));
#9628=EDGE_LOOP('',(#232,#233,#234,#235));
#9629=EDGE_LOOP('',(#236,#237,#238,#239));
#9630=EDGE_LOOP('',(#240,#241,#242,#243));
#9631=EDGE_LOOP('',(#244,#245,#246,#247));
#9632=EDGE_LOOP('',(#248,#249,#250,#251));
#9633=EDGE_LOOP('',(#252,#253,#254,#255));
#9634=EDGE_LOOP('',(#256,#257,#258,#259));
#9635=EDGE_LOOP('',(#260,#261,#262,#263));
#9636=EDGE_LOOP('',(#264,#265,#266,#267));
#9637=EDGE_LOOP('',(#268,#269,#270,#271));
#9638=EDGE_LOOP('',(#272,#273,#274,#275));
#9639=EDGE_LOOP('',(#276,#277,#278,#279));
#9640=EDGE_LOOP('',(#280,#281,#282,#283));
#9641=EDGE_LOOP('',(#284,#285,#286,#287));
#9642=EDGE_LOOP('',(#288,#289,#290,#291));
#9643=EDGE_LOOP('',(#292,#293,#294,#295,#296,#297,#298,#299,#300,#301,#302,
#303));
#9644=EDGE_LOOP('',(#304,#305,#306,#307));
#9645=EDGE_LOOP('',(#308,#309,#310,#311,#312,#313,#314,#315,#316,#317,#318,
#319));
#9646=EDGE_LOOP('',(#320,#321,#322,#323));
#9647=EDGE_LOOP('',(#324,#325,#326,#327));
#9648=EDGE_LOOP('',(#328,#329,#330,#331));
#9649=EDGE_LOOP('',(#332,#333,#334,#335));
#9650=EDGE_LOOP('',(#336,#337,#338,#339));
#9651=EDGE_LOOP('',(#340,#341,#342,#343));
#9652=EDGE_LOOP('',(#344,#345,#346,#347));
#9653=EDGE_LOOP('',(#348,#349,#350,#351));
#9654=EDGE_LOOP('',(#352,#353,#354,#355));
#9655=EDGE_LOOP('',(#356,#357,#358,#359));
#9656=EDGE_LOOP('',(#360,#361,#362,#363));
#9657=EDGE_LOOP('',(#364,#365,#366,#367));
#9658=EDGE_LOOP('',(#368,#369,#370,#371));
#9659=EDGE_LOOP('',(#372,#373,#374,#375));
#9660=EDGE_LOOP('',(#376,#377,#378,#379));
#9661=EDGE_LOOP('',(#380,#381,#382,#383));
#9662=EDGE_LOOP('',(#384,#385,#386,#387));
#9663=EDGE_LOOP('',(#388,#389,#390,#391));
#9664=EDGE_LOOP('',(#392,#393,#394,#395));
#9665=EDGE_LOOP('',(#396,#397,#398,#399));
#9666=EDGE_LOOP('',(#400,#401,#402,#403));
#9667=EDGE_LOOP('',(#404,#405,#406,#407));
#9668=EDGE_LOOP('',(#408,#409,#410,#411));
#9669=EDGE_LOOP('',(#412,#413,#414,#415));
#9670=EDGE_LOOP('',(#416,#417,#418,#419,#420,#421));
#9671=EDGE_LOOP('',(#422,#423,#424,#425));
#9672=EDGE_LOOP('',(#426,#427,#428,#429,#430,#431));
#9673=EDGE_LOOP('',(#432,#433,#434,#435));
#9674=EDGE_LOOP('',(#436,#437,#438,#439));
#9675=EDGE_LOOP('',(#440,#441,#442,#443,#444,#445));
#9676=EDGE_LOOP('',(#446,#447,#448,#449));
#9677=EDGE_LOOP('',(#450,#451,#452,#453,#454,#455));
#9678=EDGE_LOOP('',(#456,#457,#458,#459));
#9679=EDGE_LOOP('',(#460,#461,#462,#463));
#9680=EDGE_LOOP('',(#464,#465,#466,#467));
#9681=EDGE_LOOP('',(#468,#469,#470,#471));
#9682=EDGE_LOOP('',(#472,#473,#474,#475));
#9683=EDGE_LOOP('',(#476,#477,#478,#479));
#9684=EDGE_LOOP('',(#480,#481,#482,#483));
#9685=EDGE_LOOP('',(#484,#485,#486,#487));
#9686=EDGE_LOOP('',(#488,#489,#490,#491));
#9687=EDGE_LOOP('',(#492,#493,#494,#495));
#9688=EDGE_LOOP('',(#496,#497,#498,#499));
#9689=EDGE_LOOP('',(#500,#501,#502,#503));
#9690=EDGE_LOOP('',(#504,#505,#506,#507));
#9691=EDGE_LOOP('',(#508,#509,#510,#511));
#9692=EDGE_LOOP('',(#512,#513,#514,#515));
#9693=EDGE_LOOP('',(#516,#517,#518,#519));
#9694=EDGE_LOOP('',(#520,#521,#522,#523));
#9695=EDGE_LOOP('',(#524,#525,#526,#527));
#9696=EDGE_LOOP('',(#528,#529,#530,#531));
#9697=EDGE_LOOP('',(#532,#533,#534,#535));
#9698=EDGE_LOOP('',(#536,#537,#538,#539));
#9699=EDGE_LOOP('',(#540,#541,#542,#543));
#9700=EDGE_LOOP('',(#544,#545,#546,#547));
#9701=EDGE_LOOP('',(#548,#549,#550,#551));
#9702=EDGE_LOOP('',(#552,#553,#554,#555));
#9703=EDGE_LOOP('',(#556,#557,#558,#559));
#9704=EDGE_LOOP('',(#560,#561,#562,#563));
#9705=EDGE_LOOP('',(#564,#565,#566,#567));
#9706=EDGE_LOOP('',(#568,#569,#570,#571));
#9707=EDGE_LOOP('',(#572,#573,#574,#575));
#9708=EDGE_LOOP('',(#576,#577,#578,#579));
#9709=EDGE_LOOP('',(#580,#581,#582,#583));
#9710=EDGE_LOOP('',(#584,#585,#586,#587,#588,#589));
#9711=EDGE_LOOP('',(#590,#591,#592,#593,#594,#595));
#9712=EDGE_LOOP('',(#596,#597,#598,#599,#600,#601));
#9713=EDGE_LOOP('',(#602,#603,#604,#605,#606,#607));
#9714=EDGE_LOOP('',(#608,#609,#610,#611));
#9715=EDGE_LOOP('',(#612,#613,#614,#615));
#9716=EDGE_LOOP('',(#616,#617,#618,#619));
#9717=EDGE_LOOP('',(#620,#621,#622,#623));
#9718=EDGE_LOOP('',(#624,#625,#626,#627));
#9719=EDGE_LOOP('',(#628,#629,#630,#631));
#9720=EDGE_LOOP('',(#632,#633,#634,#635));
#9721=EDGE_LOOP('',(#636,#637,#638,#639));
#9722=EDGE_LOOP('',(#640,#641,#642,#643));
#9723=EDGE_LOOP('',(#644,#645,#646,#647));
#9724=EDGE_LOOP('',(#648,#649,#650,#651));
#9725=EDGE_LOOP('',(#652,#653,#654,#655));
#9726=EDGE_LOOP('',(#656,#657,#658,#659));
#9727=EDGE_LOOP('',(#660,#661,#662,#663));
#9728=EDGE_LOOP('',(#664,#665,#666,#667));
#9729=EDGE_LOOP('',(#668,#669,#670,#671));
#9730=EDGE_LOOP('',(#672,#673,#674,#675));
#9731=EDGE_LOOP('',(#676,#677,#678,#679));
#9732=EDGE_LOOP('',(#680,#681,#682,#683));
#9733=EDGE_LOOP('',(#684,#685,#686,#687));
#9734=EDGE_LOOP('',(#688,#689,#690,#691));
#9735=EDGE_LOOP('',(#692,#693,#694,#695));
#9736=EDGE_LOOP('',(#696,#697,#698,#699));
#9737=EDGE_LOOP('',(#700,#701,#702,#703));
#9738=EDGE_LOOP('',(#704,#705,#706,#707));
#9739=EDGE_LOOP('',(#708,#709,#710,#711));
#9740=EDGE_LOOP('',(#712,#713,#714,#715));
#9741=EDGE_LOOP('',(#716,#717,#718,#719));
#9742=EDGE_LOOP('',(#720,#721,#722,#723));
#9743=EDGE_LOOP('',(#724,#725,#726,#727));
#9744=EDGE_LOOP('',(#728,#729,#730,#731));
#9745=EDGE_LOOP('',(#732,#733,#734,#735));
#9746=EDGE_LOOP('',(#736,#737,#738,#739));
#9747=EDGE_LOOP('',(#740,#741,#742,#743));
#9748=EDGE_LOOP('',(#744,#745,#746,#747));
#9749=EDGE_LOOP('',(#748,#749,#750,#751,#752,#753,#754,#755,#756,#757,#758,
#759));
#9750=EDGE_LOOP('',(#760,#761,#762,#763));
#9751=EDGE_LOOP('',(#764,#765,#766,#767));
#9752=EDGE_LOOP('',(#768,#769,#770,#771));
#9753=EDGE_LOOP('',(#772,#773,#774,#775));
#9754=EDGE_LOOP('',(#776,#777,#778,#779,#780,#781,#782,#783,#784,#785,#786,
#787));
#9755=EDGE_LOOP('',(#788,#789,#790,#791));
#9756=EDGE_LOOP('',(#792,#793,#794,#795));
#9757=EDGE_LOOP('',(#796,#797,#798,#799));
#9758=EDGE_LOOP('',(#800,#801,#802,#803));
#9759=EDGE_LOOP('',(#804,#805,#806,#807));
#9760=EDGE_LOOP('',(#808,#809,#810,#811));
#9761=EDGE_LOOP('',(#812,#813,#814,#815));
#9762=EDGE_LOOP('',(#816,#817,#818,#819));
#9763=EDGE_LOOP('',(#820,#821,#822,#823));
#9764=EDGE_LOOP('',(#824,#825,#826,#827));
#9765=EDGE_LOOP('',(#828,#829,#830,#831));
#9766=EDGE_LOOP('',(#832,#833,#834,#835));
#9767=EDGE_LOOP('',(#836,#837,#838,#839));
#9768=EDGE_LOOP('',(#840,#841,#842,#843));
#9769=EDGE_LOOP('',(#844,#845,#846,#847));
#9770=EDGE_LOOP('',(#848,#849,#850,#851));
#9771=EDGE_LOOP('',(#852,#853,#854,#855));
#9772=EDGE_LOOP('',(#856,#857,#858,#859,#860,#861));
#9773=EDGE_LOOP('',(#862,#863,#864,#865,#866,#867));
#9774=EDGE_LOOP('',(#868,#869,#870,#871,#872,#873));
#9775=EDGE_LOOP('',(#874,#875,#876,#877));
#9776=EDGE_LOOP('',(#878,#879,#880,#881,#882,#883));
#9777=EDGE_LOOP('',(#884,#885,#886,#887));
#9778=EDGE_LOOP('',(#888,#889,#890,#891));
#9779=EDGE_LOOP('',(#892,#893,#894,#895));
#9780=EDGE_LOOP('',(#896,#897,#898,#899));
#9781=EDGE_LOOP('',(#900,#901,#902,#903));
#9782=EDGE_LOOP('',(#904,#905,#906,#907));
#9783=EDGE_LOOP('',(#908,#909,#910,#911));
#9784=EDGE_LOOP('',(#912,#913,#914,#915));
#9785=EDGE_LOOP('',(#916,#917,#918,#919));
#9786=EDGE_LOOP('',(#920,#921,#922,#923));
#9787=EDGE_LOOP('',(#924,#925,#926,#927));
#9788=EDGE_LOOP('',(#928,#929,#930,#931));
#9789=EDGE_LOOP('',(#932,#933,#934,#935));
#9790=EDGE_LOOP('',(#936,#937,#938,#939));
#9791=EDGE_LOOP('',(#940,#941,#942,#943,#944,#945,#946));
#9792=EDGE_LOOP('',(#947,#948,#949,#950,#951,#952,#953));
#9793=EDGE_LOOP('',(#954,#955,#956,#957,#958,#959,#960));
#9794=EDGE_LOOP('',(#961,#962,#963,#964,#965,#966,#967));
#9795=EDGE_LOOP('',(#968,#969,#970,#971));
#9796=EDGE_LOOP('',(#972,#973,#974,#975));
#9797=EDGE_LOOP('',(#976,#977,#978,#979));
#9798=EDGE_LOOP('',(#980,#981,#982,#983));
#9799=EDGE_LOOP('',(#984,#985,#986,#987));
#9800=EDGE_LOOP('',(#988,#989,#990,#991));
#9801=EDGE_LOOP('',(#992,#993,#994,#995));
#9802=EDGE_LOOP('',(#996,#997,#998,#999));
#9803=EDGE_LOOP('',(#1000,#1001,#1002,#1003));
#9804=EDGE_LOOP('',(#1004,#1005,#1006,#1007));
#9805=EDGE_LOOP('',(#1008,#1009,#1010,#1011));
#9806=EDGE_LOOP('',(#1012,#1013,#1014,#1015));
#9807=EDGE_LOOP('',(#1016,#1017,#1018,#1019));
#9808=EDGE_LOOP('',(#1020,#1021,#1022,#1023));
#9809=EDGE_LOOP('',(#1024,#1025,#1026,#1027));
#9810=EDGE_LOOP('',(#1028,#1029,#1030,#1031));
#9811=EDGE_LOOP('',(#1032,#1033,#1034,#1035));
#9812=EDGE_LOOP('',(#1036,#1037,#1038,#1039));
#9813=EDGE_LOOP('',(#1040,#1041,#1042,#1043));
#9814=EDGE_LOOP('',(#1044,#1045,#1046,#1047));
#9815=EDGE_LOOP('',(#1048,#1049,#1050,#1051));
#9816=EDGE_LOOP('',(#1052,#1053,#1054,#1055));
#9817=EDGE_LOOP('',(#1056,#1057,#1058,#1059));
#9818=EDGE_LOOP('',(#1060,#1061,#1062,#1063));
#9819=EDGE_LOOP('',(#1064,#1065,#1066,#1067));
#9820=EDGE_LOOP('',(#1068,#1069,#1070,#1071));
#9821=EDGE_LOOP('',(#1072,#1073,#1074,#1075));
#9822=EDGE_LOOP('',(#1076,#1077,#1078,#1079));
#9823=EDGE_LOOP('',(#1080,#1081,#1082,#1083));
#9824=EDGE_LOOP('',(#1084,#1085,#1086,#1087));
#9825=EDGE_LOOP('',(#1088,#1089,#1090,#1091));
#9826=EDGE_LOOP('',(#1092,#1093,#1094,#1095));
#9827=EDGE_LOOP('',(#1096,#1097,#1098,#1099));
#9828=EDGE_LOOP('',(#1100,#1101,#1102,#1103));
#9829=EDGE_LOOP('',(#1104,#1105,#1106,#1107));
#9830=EDGE_LOOP('',(#1108,#1109,#1110,#1111));
#9831=EDGE_LOOP('',(#1112,#1113,#1114,#1115));
#9832=EDGE_LOOP('',(#1116,#1117,#1118,#1119));
#9833=EDGE_LOOP('',(#1120,#1121,#1122,#1123));
#9834=EDGE_LOOP('',(#1124,#1125,#1126,#1127));
#9835=EDGE_LOOP('',(#1128,#1129,#1130,#1131));
#9836=EDGE_LOOP('',(#1132,#1133,#1134,#1135));
#9837=EDGE_LOOP('',(#1136,#1137,#1138,#1139));
#9838=EDGE_LOOP('',(#1140,#1141,#1142,#1143));
#9839=EDGE_LOOP('',(#1144,#1145,#1146,#1147));
#9840=EDGE_LOOP('',(#1148,#1149,#1150,#1151));
#9841=EDGE_LOOP('',(#1152,#1153,#1154,#1155));
#9842=EDGE_LOOP('',(#1156,#1157,#1158,#1159));
#9843=EDGE_LOOP('',(#1160,#1161,#1162,#1163));
#9844=EDGE_LOOP('',(#1164,#1165,#1166,#1167));
#9845=EDGE_LOOP('',(#1168,#1169,#1170,#1171));
#9846=EDGE_LOOP('',(#1172,#1173,#1174,#1175));
#9847=EDGE_LOOP('',(#1176,#1177,#1178,#1179));
#9848=EDGE_LOOP('',(#1180,#1181,#1182,#1183));
#9849=EDGE_LOOP('',(#1184,#1185,#1186,#1187));
#9850=EDGE_LOOP('',(#1188,#1189,#1190,#1191));
#9851=EDGE_LOOP('',(#1192,#1193,#1194,#1195));
#9852=EDGE_LOOP('',(#1196,#1197,#1198,#1199));
#9853=EDGE_LOOP('',(#1200,#1201,#1202,#1203));
#9854=EDGE_LOOP('',(#1204,#1205,#1206,#1207));
#9855=EDGE_LOOP('',(#1208,#1209,#1210,#1211));
#9856=EDGE_LOOP('',(#1212,#1213,#1214,#1215));
#9857=EDGE_LOOP('',(#1216,#1217,#1218,#1219));
#9858=EDGE_LOOP('',(#1220,#1221,#1222,#1223));
#9859=EDGE_LOOP('',(#1224,#1225,#1226,#1227));
#9860=EDGE_LOOP('',(#1228,#1229,#1230,#1231));
#9861=EDGE_LOOP('',(#1232,#1233,#1234,#1235));
#9862=EDGE_LOOP('',(#1236,#1237,#1238,#1239));
#9863=EDGE_LOOP('',(#1240,#1241,#1242,#1243));
#9864=EDGE_LOOP('',(#1244,#1245,#1246,#1247));
#9865=EDGE_LOOP('',(#1248,#1249,#1250,#1251));
#9866=EDGE_LOOP('',(#1252,#1253,#1254,#1255));
#9867=EDGE_LOOP('',(#1256,#1257,#1258,#1259));
#9868=EDGE_LOOP('',(#1260,#1261,#1262,#1263));
#9869=EDGE_LOOP('',(#1264,#1265,#1266,#1267));
#9870=EDGE_LOOP('',(#1268,#1269,#1270,#1271));
#9871=EDGE_LOOP('',(#1272,#1273,#1274,#1275));
#9872=EDGE_LOOP('',(#1276,#1277,#1278,#1279));
#9873=EDGE_LOOP('',(#1280,#1281,#1282,#1283));
#9874=EDGE_LOOP('',(#1284,#1285,#1286,#1287));
#9875=EDGE_LOOP('',(#1288,#1289,#1290,#1291));
#9876=EDGE_LOOP('',(#1292,#1293,#1294,#1295));
#9877=EDGE_LOOP('',(#1296,#1297,#1298,#1299));
#9878=EDGE_LOOP('',(#1300,#1301,#1302,#1303));
#9879=EDGE_LOOP('',(#1304,#1305,#1306,#1307));
#9880=EDGE_LOOP('',(#1308,#1309,#1310,#1311));
#9881=EDGE_LOOP('',(#1312,#1313,#1314,#1315));
#9882=EDGE_LOOP('',(#1316,#1317,#1318,#1319));
#9883=EDGE_LOOP('',(#1320,#1321,#1322,#1323));
#9884=EDGE_LOOP('',(#1324,#1325,#1326,#1327));
#9885=EDGE_LOOP('',(#1328,#1329,#1330,#1331));
#9886=EDGE_LOOP('',(#1332,#1333,#1334,#1335));
#9887=EDGE_LOOP('',(#1336,#1337,#1338,#1339));
#9888=EDGE_LOOP('',(#1340,#1341,#1342,#1343));
#9889=EDGE_LOOP('',(#1344,#1345,#1346,#1347));
#9890=EDGE_LOOP('',(#1348,#1349,#1350,#1351));
#9891=EDGE_LOOP('',(#1352,#1353,#1354,#1355));
#9892=EDGE_LOOP('',(#1356,#1357,#1358,#1359));
#9893=EDGE_LOOP('',(#1360,#1361,#1362,#1363));
#9894=EDGE_LOOP('',(#1364,#1365,#1366,#1367));
#9895=EDGE_LOOP('',(#1368,#1369,#1370,#1371));
#9896=EDGE_LOOP('',(#1372,#1373,#1374,#1375));
#9897=EDGE_LOOP('',(#1376,#1377,#1378,#1379));
#9898=EDGE_LOOP('',(#1380,#1381,#1382,#1383));
#9899=EDGE_LOOP('',(#1384,#1385,#1386,#1387));
#9900=EDGE_LOOP('',(#1388,#1389,#1390,#1391));
#9901=EDGE_LOOP('',(#1392,#1393,#1394,#1395));
#9902=EDGE_LOOP('',(#1396,#1397,#1398,#1399));
#9903=EDGE_LOOP('',(#1400,#1401,#1402,#1403));
#9904=EDGE_LOOP('',(#1404,#1405,#1406,#1407));
#9905=EDGE_LOOP('',(#1408,#1409,#1410,#1411));
#9906=EDGE_LOOP('',(#1412,#1413,#1414,#1415));
#9907=EDGE_LOOP('',(#1416,#1417,#1418,#1419));
#9908=EDGE_LOOP('',(#1420,#1421,#1422,#1423));
#9909=EDGE_LOOP('',(#1424,#1425,#1426,#1427));
#9910=EDGE_LOOP('',(#1428,#1429,#1430,#1431));
#9911=EDGE_LOOP('',(#1432,#1433,#1434,#1435));
#9912=EDGE_LOOP('',(#1436,#1437,#1438,#1439));
#9913=EDGE_LOOP('',(#1440,#1441,#1442,#1443));
#9914=EDGE_LOOP('',(#1444,#1445,#1446,#1447));
#9915=EDGE_LOOP('',(#1448,#1449,#1450,#1451));
#9916=EDGE_LOOP('',(#1452,#1453,#1454,#1455));
#9917=EDGE_LOOP('',(#1456,#1457,#1458,#1459));
#9918=EDGE_LOOP('',(#1460,#1461,#1462,#1463));
#9919=EDGE_LOOP('',(#1464,#1465,#1466,#1467));
#9920=EDGE_LOOP('',(#1468,#1469,#1470,#1471));
#9921=EDGE_LOOP('',(#1472,#1473,#1474,#1475));
#9922=EDGE_LOOP('',(#1476,#1477,#1478,#1479));
#9923=EDGE_LOOP('',(#1480,#1481,#1482,#1483));
#9924=EDGE_LOOP('',(#1484,#1485,#1486,#1487));
#9925=EDGE_LOOP('',(#1488,#1489,#1490,#1491,#1492,#1493,#1494,#1495,#1496,
#1497,#1498,#1499,#1500,#1501,#1502,#1503,#1504,#1505,#1506,#1507,#1508,
#1509,#1510,#1511,#1512,#1513,#1514,#1515,#1516,#1517,#1518,#1519,#1520,
#1521,#1522,#1523,#1524,#1525,#1526,#1527,#1528,#1529,#1530,#1531,#1532,
#1533,#1534,#1535,#1536,#1537,#1538,#1539));
#9926=EDGE_LOOP('',(#1540,#1541,#1542,#1543,#1544,#1545,#1546,#1547,#1548,
#1549,#1550,#1551,#1552,#1553,#1554,#1555,#1556,#1557,#1558,#1559,#1560,
#1561,#1562,#1563,#1564,#1565,#1566,#1567,#1568,#1569,#1570,#1571,#1572,
#1573,#1574,#1575,#1576,#1577,#1578,#1579,#1580,#1581,#1582,#1583,#1584,
#1585,#1586,#1587,#1588,#1589,#1590,#1591));
#9927=EDGE_LOOP('',(#1592,#1593,#1594,#1595));
#9928=EDGE_LOOP('',(#1596,#1597,#1598,#1599));
#9929=EDGE_LOOP('',(#1600,#1601,#1602,#1603));
#9930=EDGE_LOOP('',(#1604,#1605,#1606,#1607));
#9931=EDGE_LOOP('',(#1608,#1609,#1610,#1611));
#9932=EDGE_LOOP('',(#1612,#1613,#1614,#1615,#1616,#1617,#1618,#1619,#1620,
#1621,#1622,#1623,#1624,#1625,#1626,#1627,#1628,#1629,#1630,#1631,#1632,
#1633,#1634,#1635,#1636,#1637,#1638,#1639,#1640,#1641,#1642,#1643,#1644,
#1645,#1646,#1647,#1648,#1649,#1650,#1651,#1652,#1653,#1654,#1655,#1656,
#1657,#1658,#1659,#1660,#1661,#1662,#1663,#1664,#1665,#1666,#1667,#1668,
#1669,#1670,#1671,#1672,#1673,#1674,#1675,#1676,#1677,#1678,#1679,#1680,
#1681,#1682,#1683,#1684,#1685,#1686,#1687,#1688,#1689,#1690,#1691,#1692,
#1693,#1694,#1695,#1696,#1697,#1698,#1699,#1700,#1701,#1702,#1703,#1704,
#1705,#1706,#1707,#1708,#1709,#1710,#1711));
#9933=EDGE_LOOP('',(#1712,#1713,#1714,#1715));
#9934=EDGE_LOOP('',(#1716,#1717,#1718,#1719));
#9935=EDGE_LOOP('',(#1720,#1721,#1722,#1723));
#9936=EDGE_LOOP('',(#1724,#1725,#1726,#1727));
#9937=EDGE_LOOP('',(#1728,#1729,#1730,#1731,#1732,#1733,#1734,#1735,#1736));
#9938=EDGE_LOOP('',(#1737,#1738,#1739,#1740,#1741,#1742,#1743,#1744,#1745));
#9939=EDGE_LOOP('',(#1746,#1747,#1748,#1749));
#9940=EDGE_LOOP('',(#1750,#1751,#1752,#1753));
#9941=EDGE_LOOP('',(#1754,#1755,#1756,#1757));
#9942=EDGE_LOOP('',(#1758,#1759,#1760,#1761));
#9943=EDGE_LOOP('',(#1762,#1763,#1764,#1765));
#9944=EDGE_LOOP('',(#1766,#1767,#1768,#1769));
#9945=EDGE_LOOP('',(#1770,#1771,#1772,#1773,#1774));
#9946=EDGE_LOOP('',(#1775,#1776,#1777,#1778,#1779));
#9947=EDGE_LOOP('',(#1780,#1781,#1782,#1783));
#9948=EDGE_LOOP('',(#1784,#1785,#1786,#1787));
#9949=EDGE_LOOP('',(#1788,#1789,#1790,#1791,#1792));
#9950=EDGE_LOOP('',(#1793,#1794,#1795,#1796,#1797));
#9951=EDGE_LOOP('',(#1798,#1799,#1800,#1801));
#9952=EDGE_LOOP('',(#1802,#1803,#1804,#1805));
#9953=EDGE_LOOP('',(#1806,#1807,#1808,#1809,#1810));
#9954=EDGE_LOOP('',(#1811,#1812,#1813,#1814,#1815));
#9955=EDGE_LOOP('',(#1816,#1817,#1818,#1819));
#9956=EDGE_LOOP('',(#1820,#1821,#1822,#1823));
#9957=EDGE_LOOP('',(#1824,#1825,#1826,#1827,#1828));
#9958=EDGE_LOOP('',(#1829,#1830,#1831,#1832,#1833));
#9959=EDGE_LOOP('',(#1834,#1835,#1836,#1837));
#9960=EDGE_LOOP('',(#1838,#1839,#1840,#1841));
#9961=EDGE_LOOP('',(#1842,#1843,#1844,#1845,#1846));
#9962=EDGE_LOOP('',(#1847,#1848,#1849,#1850,#1851));
#9963=EDGE_LOOP('',(#1852,#1853,#1854,#1855));
#9964=EDGE_LOOP('',(#1856,#1857,#1858,#1859));
#9965=EDGE_LOOP('',(#1860,#1861,#1862,#1863,#1864));
#9966=EDGE_LOOP('',(#1865,#1866,#1867,#1868,#1869));
#9967=EDGE_LOOP('',(#1870,#1871,#1872,#1873));
#9968=EDGE_LOOP('',(#1874,#1875,#1876,#1877));
#9969=EDGE_LOOP('',(#1878,#1879,#1880,#1881,#1882));
#9970=EDGE_LOOP('',(#1883,#1884,#1885,#1886,#1887));
#9971=EDGE_LOOP('',(#1888,#1889,#1890,#1891));
#9972=EDGE_LOOP('',(#1892,#1893,#1894,#1895));
#9973=EDGE_LOOP('',(#1896,#1897,#1898,#1899,#1900));
#9974=EDGE_LOOP('',(#1901,#1902,#1903,#1904,#1905));
#9975=EDGE_LOOP('',(#1906,#1907,#1908,#1909));
#9976=EDGE_LOOP('',(#1910,#1911,#1912,#1913));
#9977=EDGE_LOOP('',(#1914,#1915,#1916,#1917,#1918));
#9978=EDGE_LOOP('',(#1919,#1920,#1921,#1922,#1923));
#9979=EDGE_LOOP('',(#1924,#1925,#1926,#1927));
#9980=EDGE_LOOP('',(#1928,#1929,#1930,#1931));
#9981=EDGE_LOOP('',(#1932,#1933,#1934,#1935,#1936));
#9982=EDGE_LOOP('',(#1937,#1938,#1939,#1940,#1941));
#9983=EDGE_LOOP('',(#1942,#1943,#1944,#1945));
#9984=EDGE_LOOP('',(#1946,#1947,#1948,#1949));
#9985=EDGE_LOOP('',(#1950,#1951,#1952,#1953,#1954));
#9986=EDGE_LOOP('',(#1955,#1956,#1957,#1958,#1959));
#9987=EDGE_LOOP('',(#1960,#1961,#1962,#1963));
#9988=EDGE_LOOP('',(#1964,#1965,#1966,#1967));
#9989=EDGE_LOOP('',(#1968,#1969,#1970,#1971,#1972));
#9990=EDGE_LOOP('',(#1973,#1974,#1975,#1976,#1977));
#9991=EDGE_LOOP('',(#1978,#1979,#1980,#1981,#1982));
#9992=EDGE_LOOP('',(#1983,#1984,#1985,#1986,#1987));
#9993=EDGE_LOOP('',(#1988,#1989,#1990,#1991));
#9994=EDGE_LOOP('',(#1992,#1993,#1994,#1995));
#9995=EDGE_LOOP('',(#1996,#1997,#1998,#1999,#2000));
#9996=EDGE_LOOP('',(#2001,#2002,#2003,#2004,#2005));
#9997=EDGE_LOOP('',(#2006,#2007,#2008,#2009));
#9998=EDGE_LOOP('',(#2010,#2011,#2012,#2013));
#9999=EDGE_LOOP('',(#2014,#2015,#2016,#2017,#2018));
#10000=EDGE_LOOP('',(#2019,#2020,#2021,#2022,#2023));
#10001=EDGE_LOOP('',(#2024,#2025,#2026,#2027));
#10002=EDGE_LOOP('',(#2028,#2029,#2030,#2031));
#10003=EDGE_LOOP('',(#2032,#2033,#2034,#2035,#2036));
#10004=EDGE_LOOP('',(#2037,#2038,#2039,#2040,#2041));
#10005=EDGE_LOOP('',(#2042,#2043,#2044,#2045));
#10006=EDGE_LOOP('',(#2046,#2047,#2048,#2049));
#10007=EDGE_LOOP('',(#2050,#2051,#2052,#2053,#2054));
#10008=EDGE_LOOP('',(#2055,#2056,#2057,#2058,#2059));
#10009=EDGE_LOOP('',(#2060,#2061,#2062,#2063));
#10010=EDGE_LOOP('',(#2064,#2065,#2066,#2067));
#10011=EDGE_LOOP('',(#2068,#2069,#2070,#2071,#2072));
#10012=EDGE_LOOP('',(#2073,#2074,#2075,#2076,#2077));
#10013=EDGE_LOOP('',(#2078,#2079,#2080,#2081));
#10014=EDGE_LOOP('',(#2082,#2083,#2084,#2085));
#10015=EDGE_LOOP('',(#2086,#2087,#2088,#2089,#2090));
#10016=EDGE_LOOP('',(#2091,#2092,#2093,#2094,#2095));
#10017=EDGE_LOOP('',(#2096,#2097,#2098,#2099));
#10018=EDGE_LOOP('',(#2100,#2101,#2102,#2103));
#10019=EDGE_LOOP('',(#2104,#2105,#2106,#2107,#2108));
#10020=EDGE_LOOP('',(#2109,#2110,#2111,#2112,#2113));
#10021=EDGE_LOOP('',(#2114,#2115,#2116,#2117));
#10022=EDGE_LOOP('',(#2118,#2119,#2120,#2121));
#10023=EDGE_LOOP('',(#2122,#2123,#2124,#2125,#2126));
#10024=EDGE_LOOP('',(#2127,#2128,#2129,#2130,#2131));
#10025=EDGE_LOOP('',(#2132,#2133,#2134,#2135));
#10026=EDGE_LOOP('',(#2136,#2137,#2138,#2139));
#10027=EDGE_LOOP('',(#2140,#2141,#2142,#2143,#2144));
#10028=EDGE_LOOP('',(#2145,#2146,#2147,#2148,#2149));
#10029=EDGE_LOOP('',(#2150,#2151,#2152,#2153));
#10030=EDGE_LOOP('',(#2154,#2155,#2156,#2157));
#10031=EDGE_LOOP('',(#2158,#2159,#2160,#2161,#2162));
#10032=EDGE_LOOP('',(#2163,#2164,#2165,#2166,#2167));
#10033=EDGE_LOOP('',(#2168,#2169,#2170,#2171));
#10034=EDGE_LOOP('',(#2172,#2173,#2174,#2175));
#10035=EDGE_LOOP('',(#2176,#2177,#2178,#2179,#2180));
#10036=EDGE_LOOP('',(#2181,#2182,#2183,#2184,#2185));
#10037=EDGE_LOOP('',(#2186,#2187,#2188,#2189));
#10038=EDGE_LOOP('',(#2190,#2191,#2192,#2193));
#10039=EDGE_LOOP('',(#2194,#2195,#2196,#2197));
#10040=EDGE_LOOP('',(#2198,#2199,#2200,#2201));
#10041=EDGE_LOOP('',(#2202,#2203,#2204,#2205));
#10042=EDGE_LOOP('',(#2206,#2207,#2208,#2209));
#10043=EDGE_LOOP('',(#2210,#2211,#2212,#2213));
#10044=EDGE_LOOP('',(#2214,#2215,#2216,#2217));
#10045=EDGE_LOOP('',(#2218,#2219,#2220,#2221));
#10046=EDGE_LOOP('',(#2222,#2223,#2224,#2225));
#10047=EDGE_LOOP('',(#2226,#2227,#2228,#2229));
#10048=EDGE_LOOP('',(#2230,#2231,#2232,#2233));
#10049=EDGE_LOOP('',(#2234,#2235,#2236,#2237));
#10050=EDGE_LOOP('',(#2238,#2239,#2240,#2241));
#10051=EDGE_LOOP('',(#2242,#2243,#2244,#2245));
#10052=EDGE_LOOP('',(#2246,#2247,#2248,#2249));
#10053=EDGE_LOOP('',(#2250,#2251,#2252,#2253));
#10054=EDGE_LOOP('',(#2254,#2255,#2256,#2257));
#10055=EDGE_LOOP('',(#2258,#2259,#2260,#2261));
#10056=EDGE_LOOP('',(#2262,#2263,#2264,#2265));
#10057=EDGE_LOOP('',(#2266,#2267,#2268,#2269));
#10058=EDGE_LOOP('',(#2270,#2271,#2272,#2273));
#10059=EDGE_LOOP('',(#2274,#2275,#2276,#2277));
#10060=EDGE_LOOP('',(#2278,#2279,#2280,#2281));
#10061=EDGE_LOOP('',(#2282,#2283,#2284,#2285));
#10062=EDGE_LOOP('',(#2286,#2287,#2288,#2289));
#10063=EDGE_LOOP('',(#2290,#2291,#2292,#2293));
#10064=EDGE_LOOP('',(#2294,#2295,#2296,#2297));
#10065=EDGE_LOOP('',(#2298,#2299,#2300,#2301));
#10066=EDGE_LOOP('',(#2302,#2303,#2304,#2305));
#10067=EDGE_LOOP('',(#2306,#2307,#2308,#2309));
#10068=EDGE_LOOP('',(#2310,#2311,#2312,#2313));
#10069=EDGE_LOOP('',(#2314,#2315,#2316,#2317));
#10070=EDGE_LOOP('',(#2318,#2319,#2320,#2321));
#10071=EDGE_LOOP('',(#2322,#2323,#2324,#2325));
#10072=EDGE_LOOP('',(#2326,#2327,#2328,#2329));
#10073=EDGE_LOOP('',(#2330,#2331,#2332,#2333));
#10074=EDGE_LOOP('',(#2334,#2335,#2336,#2337));
#10075=EDGE_LOOP('',(#2338,#2339,#2340,#2341));
#10076=EDGE_LOOP('',(#2342,#2343,#2344,#2345));
#10077=EDGE_LOOP('',(#2346,#2347,#2348,#2349));
#10078=EDGE_LOOP('',(#2350,#2351,#2352,#2353));
#10079=EDGE_LOOP('',(#2354,#2355,#2356,#2357));
#10080=EDGE_LOOP('',(#2358,#2359,#2360,#2361));
#10081=EDGE_LOOP('',(#2362,#2363,#2364,#2365));
#10082=EDGE_LOOP('',(#2366,#2367,#2368,#2369));
#10083=EDGE_LOOP('',(#2370,#2371,#2372,#2373));
#10084=EDGE_LOOP('',(#2374,#2375,#2376,#2377));
#10085=EDGE_LOOP('',(#2378,#2379,#2380,#2381));
#10086=EDGE_LOOP('',(#2382,#2383,#2384,#2385));
#10087=EDGE_LOOP('',(#2386,#2387,#2388,#2389));
#10088=EDGE_LOOP('',(#2390,#2391,#2392,#2393));
#10089=EDGE_LOOP('',(#2394,#2395,#2396,#2397));
#10090=EDGE_LOOP('',(#2398,#2399,#2400,#2401));
#10091=EDGE_LOOP('',(#2402,#2403,#2404,#2405));
#10092=EDGE_LOOP('',(#2406,#2407,#2408,#2409));
#10093=EDGE_LOOP('',(#2410,#2411,#2412,#2413));
#10094=EDGE_LOOP('',(#2414,#2415,#2416,#2417));
#10095=EDGE_LOOP('',(#2418,#2419,#2420,#2421));
#10096=EDGE_LOOP('',(#2422,#2423,#2424,#2425));
#10097=EDGE_LOOP('',(#2426,#2427,#2428,#2429));
#10098=EDGE_LOOP('',(#2430,#2431,#2432,#2433));
#10099=EDGE_LOOP('',(#2434,#2435,#2436,#2437));
#10100=EDGE_LOOP('',(#2438,#2439,#2440,#2441));
#10101=EDGE_LOOP('',(#2442,#2443,#2444,#2445));
#10102=EDGE_LOOP('',(#2446,#2447,#2448,#2449));
#10103=EDGE_LOOP('',(#2450,#2451,#2452,#2453));
#10104=EDGE_LOOP('',(#2454,#2455,#2456,#2457));
#10105=EDGE_LOOP('',(#2458,#2459,#2460,#2461));
#10106=EDGE_LOOP('',(#2462,#2463,#2464,#2465));
#10107=EDGE_LOOP('',(#2466,#2467,#2468,#2469));
#10108=EDGE_LOOP('',(#2470,#2471,#2472,#2473));
#10109=EDGE_LOOP('',(#2474,#2475,#2476,#2477));
#10110=EDGE_LOOP('',(#2478,#2479,#2480,#2481));
#10111=EDGE_LOOP('',(#2482,#2483,#2484,#2485));
#10112=EDGE_LOOP('',(#2486,#2487,#2488,#2489));
#10113=EDGE_LOOP('',(#2490,#2491,#2492,#2493));
#10114=EDGE_LOOP('',(#2494,#2495,#2496,#2497));
#10115=EDGE_LOOP('',(#2498,#2499,#2500,#2501));
#10116=EDGE_LOOP('',(#2502,#2503,#2504,#2505));
#10117=EDGE_LOOP('',(#2506,#2507,#2508,#2509));
#10118=EDGE_LOOP('',(#2510,#2511,#2512,#2513));
#10119=EDGE_LOOP('',(#2514,#2515,#2516,#2517));
#10120=EDGE_LOOP('',(#2518,#2519,#2520,#2521));
#10121=EDGE_LOOP('',(#2522,#2523,#2524,#2525));
#10122=EDGE_LOOP('',(#2526,#2527,#2528,#2529));
#10123=EDGE_LOOP('',(#2530,#2531,#2532,#2533));
#10124=EDGE_LOOP('',(#2534,#2535,#2536,#2537));
#10125=EDGE_LOOP('',(#2538,#2539,#2540,#2541));
#10126=EDGE_LOOP('',(#2542,#2543,#2544,#2545));
#10127=EDGE_LOOP('',(#2546,#2547,#2548,#2549));
#10128=EDGE_LOOP('',(#2550,#2551,#2552,#2553));
#10129=EDGE_LOOP('',(#2554,#2555,#2556,#2557));
#10130=EDGE_LOOP('',(#2558,#2559,#2560,#2561));
#10131=EDGE_LOOP('',(#2562,#2563,#2564,#2565));
#10132=EDGE_LOOP('',(#2566,#2567,#2568,#2569));
#10133=EDGE_LOOP('',(#2570,#2571,#2572,#2573));
#10134=EDGE_LOOP('',(#2574,#2575,#2576,#2577));
#10135=EDGE_LOOP('',(#2578,#2579,#2580,#2581));
#10136=EDGE_LOOP('',(#2582,#2583,#2584,#2585));
#10137=EDGE_LOOP('',(#2586,#2587,#2588,#2589));
#10138=EDGE_LOOP('',(#2590,#2591,#2592,#2593));
#10139=EDGE_LOOP('',(#2594,#2595,#2596,#2597));
#10140=EDGE_LOOP('',(#2598,#2599,#2600,#2601));
#10141=EDGE_LOOP('',(#2602,#2603,#2604,#2605));
#10142=EDGE_LOOP('',(#2606,#2607,#2608,#2609));
#10143=EDGE_LOOP('',(#2610,#2611,#2612,#2613));
#10144=EDGE_LOOP('',(#2614,#2615,#2616,#2617));
#10145=EDGE_LOOP('',(#2618,#2619,#2620,#2621));
#10146=EDGE_LOOP('',(#2622,#2623,#2624,#2625));
#10147=EDGE_LOOP('',(#2626,#2627,#2628,#2629));
#10148=EDGE_LOOP('',(#2630,#2631,#2632,#2633));
#10149=EDGE_LOOP('',(#2634,#2635,#2636,#2637));
#10150=EDGE_LOOP('',(#2638,#2639,#2640,#2641));
#10151=EDGE_LOOP('',(#2642,#2643,#2644,#2645));
#10152=EDGE_LOOP('',(#2646,#2647,#2648,#2649));
#10153=EDGE_LOOP('',(#2650,#2651,#2652,#2653));
#10154=EDGE_LOOP('',(#2654,#2655,#2656,#2657));
#10155=EDGE_LOOP('',(#2658,#2659,#2660,#2661));
#10156=EDGE_LOOP('',(#2662,#2663,#2664,#2665));
#10157=EDGE_LOOP('',(#2666,#2667,#2668,#2669));
#10158=EDGE_LOOP('',(#2670,#2671,#2672,#2673));
#10159=EDGE_LOOP('',(#2674,#2675,#2676,#2677));
#10160=EDGE_LOOP('',(#2678,#2679,#2680,#2681));
#10161=EDGE_LOOP('',(#2682,#2683,#2684,#2685));
#10162=EDGE_LOOP('',(#2686,#2687,#2688,#2689));
#10163=EDGE_LOOP('',(#2690,#2691,#2692,#2693));
#10164=EDGE_LOOP('',(#2694,#2695,#2696,#2697,#2698,#2699,#2700,#2701,#2702,
#2703,#2704,#2705,#2706,#2707,#2708,#2709,#2710,#2711,#2712,#2713,#2714,
#2715,#2716,#2717,#2718,#2719,#2720,#2721,#2722,#2723,#2724,#2725,#2726,
#2727,#2728,#2729,#2730,#2731,#2732,#2733,#2734,#2735,#2736,#2737,#2738,
#2739,#2740,#2741,#2742,#2743,#2744,#2745,#2746,#2747,#2748,#2749,#2750,
#2751,#2752,#2753,#2754,#2755,#2756,#2757,#2758,#2759,#2760,#2761,#2762,
#2763,#2764,#2765,#2766,#2767,#2768,#2769,#2770,#2771,#2772,#2773,#2774,
#2775,#2776,#2777,#2778,#2779,#2780,#2781,#2782,#2783,#2784,#2785,#2786,
#2787,#2788,#2789,#2790,#2791,#2792,#2793));
#10165=EDGE_LOOP('',(#2794,#2795,#2796,#2797));
#10166=EDGE_LOOP('',(#2798,#2799,#2800,#2801));
#10167=EDGE_LOOP('',(#2802,#2803,#2804,#2805));
#10168=EDGE_LOOP('',(#2806,#2807,#2808,#2809));
#10169=EDGE_LOOP('',(#2810,#2811,#2812,#2813));
#10170=EDGE_LOOP('',(#2814,#2815,#2816,#2817,#2818,#2819,#2820,#2821,#2822,
#2823,#2824,#2825,#2826,#2827,#2828,#2829,#2830,#2831,#2832,#2833,#2834,
#2835,#2836,#2837,#2838,#2839,#2840,#2841,#2842,#2843,#2844,#2845,#2846,
#2847,#2848,#2849,#2850,#2851,#2852,#2853,#2854,#2855,#2856,#2857,#2858,
#2859,#2860,#2861,#2862,#2863,#2864,#2865));
#10171=EDGE_LOOP('',(#2866,#2867,#2868,#2869,#2870,#2871,#2872,#2873,#2874,
#2875,#2876,#2877,#2878,#2879,#2880,#2881,#2882,#2883,#2884,#2885,#2886,
#2887,#2888,#2889,#2890,#2891,#2892,#2893,#2894,#2895,#2896,#2897,#2898,
#2899,#2900,#2901,#2902,#2903,#2904,#2905,#2906,#2907,#2908,#2909,#2910,
#2911,#2912,#2913,#2914,#2915,#2916,#2917));
#10172=EDGE_LOOP('',(#2918,#2919,#2920,#2921,#2922,#2923,#2924,#2925,#2926,
#2927,#2928,#2929,#2930));
#10173=EDGE_LOOP('',(#2931,#2932,#2933,#2934,#2935,#2936,#2937,#2938,#2939,
#2940,#2941,#2942,#2943));
#10174=EDGE_LOOP('',(#2944,#2945,#2946,#2947,#2948,#2949,#2950));
#10175=EDGE_LOOP('',(#2951,#2952,#2953,#2954,#2955,#2956,#2957));
#10176=EDGE_LOOP('',(#2958,#2959,#2960,#2961,#2962,#2963,#2964));
#10177=EDGE_LOOP('',(#2965,#2966,#2967,#2968,#2969,#2970,#2971));
#10178=EDGE_LOOP('',(#2972,#2973,#2974,#2975,#2976,#2977,#2978));
#10179=EDGE_LOOP('',(#2979,#2980,#2981,#2982,#2983,#2984,#2985));
#10180=EDGE_LOOP('',(#2986,#2987,#2988,#2989,#2990,#2991,#2992));
#10181=EDGE_LOOP('',(#2993,#2994,#2995,#2996,#2997,#2998,#2999));
#10182=EDGE_LOOP('',(#3000,#3001,#3002,#3003,#3004,#3005,#3006));
#10183=EDGE_LOOP('',(#3007,#3008,#3009,#3010,#3011,#3012,#3013));
#10184=EDGE_LOOP('',(#3014,#3015,#3016,#3017,#3018,#3019,#3020));
#10185=EDGE_LOOP('',(#3021,#3022,#3023,#3024,#3025,#3026,#3027));
#10186=EDGE_LOOP('',(#3028,#3029,#3030,#3031,#3032,#3033,#3034));
#10187=EDGE_LOOP('',(#3035,#3036,#3037,#3038,#3039,#3040,#3041));
#10188=EDGE_LOOP('',(#3042,#3043,#3044,#3045,#3046,#3047,#3048));
#10189=EDGE_LOOP('',(#3049,#3050,#3051,#3052,#3053,#3054,#3055));
#10190=EDGE_LOOP('',(#3056,#3057,#3058,#3059,#3060,#3061,#3062));
#10191=EDGE_LOOP('',(#3063,#3064,#3065,#3066,#3067,#3068,#3069));
#10192=EDGE_LOOP('',(#3070,#3071,#3072,#3073,#3074,#3075,#3076));
#10193=EDGE_LOOP('',(#3077,#3078,#3079,#3080,#3081,#3082,#3083));
#10194=EDGE_LOOP('',(#3084,#3085,#3086,#3087,#3088,#3089,#3090));
#10195=EDGE_LOOP('',(#3091,#3092,#3093,#3094,#3095,#3096,#3097));
#10196=EDGE_LOOP('',(#3098,#3099,#3100,#3101,#3102,#3103,#3104));
#10197=EDGE_LOOP('',(#3105,#3106,#3107,#3108,#3109,#3110,#3111));
#10198=EDGE_LOOP('',(#3112,#3113,#3114,#3115,#3116,#3117,#3118));
#10199=EDGE_LOOP('',(#3119,#3120,#3121,#3122,#3123,#3124,#3125));
#10200=EDGE_LOOP('',(#3126,#3127,#3128,#3129,#3130,#3131,#3132));
#10201=EDGE_LOOP('',(#3133,#3134,#3135,#3136,#3137,#3138,#3139));
#10202=EDGE_LOOP('',(#3140,#3141,#3142,#3143,#3144,#3145,#3146));
#10203=EDGE_LOOP('',(#3147,#3148,#3149,#3150,#3151,#3152,#3153));
#10204=EDGE_LOOP('',(#3154,#3155,#3156,#3157,#3158,#3159,#3160));
#10205=EDGE_LOOP('',(#3161,#3162,#3163,#3164,#3165,#3166,#3167));
#10206=EDGE_LOOP('',(#3168,#3169,#3170,#3171,#3172,#3173,#3174));
#10207=EDGE_LOOP('',(#3175,#3176,#3177,#3178,#3179,#3180,#3181));
#10208=EDGE_LOOP('',(#3182,#3183,#3184,#3185,#3186,#3187,#3188));
#10209=EDGE_LOOP('',(#3189,#3190,#3191,#3192,#3193,#3194,#3195));
#10210=EDGE_LOOP('',(#3196,#3197,#3198,#3199,#3200,#3201,#3202));
#10211=EDGE_LOOP('',(#3203,#3204,#3205,#3206,#3207,#3208,#3209));
#10212=EDGE_LOOP('',(#3210,#3211,#3212,#3213,#3214,#3215,#3216));
#10213=EDGE_LOOP('',(#3217,#3218,#3219,#3220,#3221,#3222,#3223));
#10214=EDGE_LOOP('',(#3224,#3225,#3226,#3227,#3228,#3229,#3230));
#10215=EDGE_LOOP('',(#3231,#3232,#3233,#3234,#3235,#3236,#3237));
#10216=EDGE_LOOP('',(#3238,#3239,#3240,#3241,#3242,#3243,#3244));
#10217=EDGE_LOOP('',(#3245,#3246,#3247,#3248,#3249,#3250,#3251));
#10218=EDGE_LOOP('',(#3252,#3253,#3254,#3255,#3256,#3257,#3258));
#10219=EDGE_LOOP('',(#3259,#3260,#3261,#3262,#3263,#3264,#3265));
#10220=EDGE_LOOP('',(#3266,#3267,#3268,#3269,#3270,#3271,#3272));
#10221=EDGE_LOOP('',(#3273,#3274,#3275,#3276,#3277,#3278,#3279));
#10222=EDGE_LOOP('',(#3280,#3281,#3282,#3283));
#10223=EDGE_LOOP('',(#3284));
#10224=EDGE_LOOP('',(#3285));
#10225=EDGE_LOOP('',(#3286,#3287,#3288,#3289));
#10226=EDGE_LOOP('',(#3290,#3291,#3292,#3293));
#10227=EDGE_LOOP('',(#3294,#3295,#3296,#3297));
#10228=EDGE_LOOP('',(#3298,#3299,#3300,#3301));
#10229=EDGE_LOOP('',(#3302,#3303,#3304,#3305));
#10230=EDGE_LOOP('',(#3306,#3307,#3308,#3309,#3310,#3311,#3312,#3313));
#10231=EDGE_LOOP('',(#3314,#3315,#3316,#3317));
#10232=EDGE_LOOP('',(#3318,#3319,#3320,#3321));
#10233=EDGE_LOOP('',(#3322,#3323,#3324,#3325));
#10234=EDGE_LOOP('',(#3326,#3327,#3328,#3329));
#10235=EDGE_LOOP('',(#3330,#3331,#3332,#3333));
#10236=EDGE_LOOP('',(#3334,#3335,#3336,#3337));
#10237=EDGE_LOOP('',(#3338,#3339,#3340,#3341));
#10238=EDGE_LOOP('',(#3342,#3343,#3344,#3345));
#10239=EDGE_LOOP('',(#3346,#3347,#3348,#3349));
#10240=EDGE_LOOP('',(#3350,#3351,#3352,#3353));
#10241=EDGE_LOOP('',(#3354,#3355,#3356,#3357,#3358,#3359,#3360,#3361));
#10242=EDGE_LOOP('',(#3362,#3363,#3364,#3365));
#10243=EDGE_LOOP('',(#3366,#3367,#3368,#3369));
#10244=EDGE_LOOP('',(#3370,#3371,#3372,#3373));
#10245=EDGE_LOOP('',(#3374,#3375,#3376,#3377));
#10246=EDGE_LOOP('',(#3378,#3379,#3380,#3381,#3382,#3383,#3384,#3385,#3386,
#3387,#3388,#3389));
#10247=EDGE_LOOP('',(#3390,#3391,#3392,#3393,#3394,#3395,#3396,#3397,#3398,
#3399,#3400,#3401));
#10248=EDGE_LOOP('',(#3402,#3403,#3404,#3405));
#10249=EDGE_LOOP('',(#3406));
#10250=EDGE_LOOP('',(#3407,#3408,#3409,#3410,#3411,#3412,#3413,#3414,#3415,
#3416,#3417,#3418));
#10251=EDGE_LOOP('',(#3419));
#10252=EDGE_LOOP('',(#3420,#3421,#3422,#3423,#3424,#3425,#3426,#3427,#3428,
#3429,#3430,#3431));
#10253=EDGE_LOOP('',(#3432));
#10254=EDGE_LOOP('',(#3433));
#10255=EDGE_LOOP('',(#3434,#3435,#3436,#3437,#3438,#3439,#3440,#3441));
#10256=EDGE_LOOP('',(#3442,#3443,#3444,#3445));
#10257=EDGE_LOOP('',(#3446,#3447,#3448,#3449));
#10258=EDGE_LOOP('',(#3450,#3451,#3452,#3453));
#10259=EDGE_LOOP('',(#3454,#3455,#3456,#3457));
#10260=EDGE_LOOP('',(#3458,#3459,#3460,#3461));
#10261=EDGE_LOOP('',(#3462,#3463,#3464,#3465,#3466,#3467,#3468,#3469,#3470,
#3471,#3472,#3473));
#10262=EDGE_LOOP('',(#3474,#3475,#3476,#3477));
#10263=EDGE_LOOP('',(#3478,#3479,#3480,#3481,#3482,#3483,#3484,#3485));
#10264=EDGE_LOOP('',(#3486,#3487,#3488,#3489));
#10265=EDGE_LOOP('',(#3490,#3491,#3492,#3493,#3494,#3495,#3496));
#10266=EDGE_LOOP('',(#3497));
#10267=EDGE_LOOP('',(#3498));
#10268=EDGE_LOOP('',(#3499,#3500,#3501,#3502,#3503,#3504,#3505));
#10269=EDGE_LOOP('',(#3506,#3507,#3508,#3509));
#10270=EDGE_LOOP('',(#3510,#3511,#3512,#3513));
#10271=EDGE_LOOP('',(#3514,#3515,#3516,#3517));
#10272=EDGE_LOOP('',(#3518,#3519,#3520,#3521,#3522));
#10273=EDGE_LOOP('',(#3523,#3524,#3525,#3526,#3527));
#10274=FACE_BOUND('',#9604,.T.);
#10275=FACE_BOUND('',#9605,.T.);
#10276=FACE_BOUND('',#9606,.T.);
#10277=FACE_BOUND('',#9607,.T.);
#10278=FACE_BOUND('',#9608,.T.);
#10279=FACE_BOUND('',#9609,.T.);
#10280=FACE_BOUND('',#9610,.T.);
#10281=FACE_BOUND('',#9611,.T.);
#10282=FACE_BOUND('',#9612,.T.);
#10283=FACE_BOUND('',#9613,.T.);
#10284=FACE_BOUND('',#9614,.T.);
#10285=FACE_BOUND('',#9615,.T.);
#10286=FACE_BOUND('',#9616,.T.);
#10287=FACE_BOUND('',#9617,.T.);
#10288=FACE_BOUND('',#9618,.T.);
#10289=FACE_BOUND('',#9619,.T.);
#10290=FACE_BOUND('',#9620,.T.);
#10291=FACE_BOUND('',#9621,.T.);
#10292=FACE_BOUND('',#9622,.T.);
#10293=FACE_BOUND('',#9623,.T.);
#10294=FACE_BOUND('',#9624,.T.);
#10295=FACE_BOUND('',#9625,.T.);
#10296=FACE_BOUND('',#9626,.T.);
#10297=FACE_BOUND('',#9627,.T.);
#10298=FACE_BOUND('',#9628,.T.);
#10299=FACE_BOUND('',#9629,.T.);
#10300=FACE_BOUND('',#9630,.T.);
#10301=FACE_BOUND('',#9631,.T.);
#10302=FACE_BOUND('',#9632,.T.);
#10303=FACE_BOUND('',#9633,.T.);
#10304=FACE_BOUND('',#9634,.T.);
#10305=FACE_BOUND('',#9635,.T.);
#10306=FACE_BOUND('',#9636,.T.);
#10307=FACE_BOUND('',#9637,.T.);
#10308=FACE_BOUND('',#9638,.T.);
#10309=FACE_BOUND('',#9639,.T.);
#10310=FACE_BOUND('',#9640,.T.);
#10311=FACE_BOUND('',#9641,.T.);
#10312=FACE_BOUND('',#9642,.T.);
#10313=FACE_BOUND('',#9643,.T.);
#10314=FACE_BOUND('',#9644,.T.);
#10315=FACE_BOUND('',#9645,.T.);
#10316=FACE_BOUND('',#9646,.T.);
#10317=FACE_BOUND('',#9647,.T.);
#10318=FACE_BOUND('',#9648,.T.);
#10319=FACE_BOUND('',#9649,.T.);
#10320=FACE_BOUND('',#9650,.T.);
#10321=FACE_BOUND('',#9651,.T.);
#10322=FACE_BOUND('',#9652,.T.);
#10323=FACE_BOUND('',#9653,.T.);
#10324=FACE_BOUND('',#9654,.T.);
#10325=FACE_BOUND('',#9655,.T.);
#10326=FACE_BOUND('',#9656,.T.);
#10327=FACE_BOUND('',#9657,.T.);
#10328=FACE_BOUND('',#9658,.T.);
#10329=FACE_BOUND('',#9659,.T.);
#10330=FACE_BOUND('',#9660,.T.);
#10331=FACE_BOUND('',#9661,.T.);
#10332=FACE_BOUND('',#9662,.T.);
#10333=FACE_BOUND('',#9663,.T.);
#10334=FACE_BOUND('',#9664,.T.);
#10335=FACE_BOUND('',#9665,.T.);
#10336=FACE_BOUND('',#9666,.T.);
#10337=FACE_BOUND('',#9667,.T.);
#10338=FACE_BOUND('',#9668,.T.);
#10339=FACE_BOUND('',#9669,.T.);
#10340=FACE_BOUND('',#9670,.T.);
#10341=FACE_BOUND('',#9671,.T.);
#10342=FACE_BOUND('',#9672,.T.);
#10343=FACE_BOUND('',#9673,.T.);
#10344=FACE_BOUND('',#9674,.T.);
#10345=FACE_BOUND('',#9675,.T.);
#10346=FACE_BOUND('',#9676,.T.);
#10347=FACE_BOUND('',#9677,.T.);
#10348=FACE_BOUND('',#9678,.T.);
#10349=FACE_BOUND('',#9679,.T.);
#10350=FACE_BOUND('',#9680,.T.);
#10351=FACE_BOUND('',#9681,.T.);
#10352=FACE_BOUND('',#9682,.T.);
#10353=FACE_BOUND('',#9683,.T.);
#10354=FACE_BOUND('',#9684,.T.);
#10355=FACE_BOUND('',#9685,.T.);
#10356=FACE_BOUND('',#9686,.T.);
#10357=FACE_BOUND('',#9687,.T.);
#10358=FACE_BOUND('',#9688,.T.);
#10359=FACE_BOUND('',#9689,.T.);
#10360=FACE_BOUND('',#9690,.T.);
#10361=FACE_BOUND('',#9691,.T.);
#10362=FACE_BOUND('',#9692,.T.);
#10363=FACE_BOUND('',#9693,.T.);
#10364=FACE_BOUND('',#9694,.T.);
#10365=FACE_BOUND('',#9695,.T.);
#10366=FACE_BOUND('',#9696,.T.);
#10367=FACE_BOUND('',#9697,.T.);
#10368=FACE_BOUND('',#9698,.T.);
#10369=FACE_BOUND('',#9699,.T.);
#10370=FACE_BOUND('',#9700,.T.);
#10371=FACE_BOUND('',#9701,.T.);
#10372=FACE_BOUND('',#9702,.T.);
#10373=FACE_BOUND('',#9703,.T.);
#10374=FACE_BOUND('',#9704,.T.);
#10375=FACE_BOUND('',#9705,.T.);
#10376=FACE_BOUND('',#9706,.T.);
#10377=FACE_BOUND('',#9707,.T.);
#10378=FACE_BOUND('',#9708,.T.);
#10379=FACE_BOUND('',#9709,.T.);
#10380=FACE_BOUND('',#9710,.T.);
#10381=FACE_BOUND('',#9711,.T.);
#10382=FACE_BOUND('',#9712,.T.);
#10383=FACE_BOUND('',#9713,.T.);
#10384=FACE_BOUND('',#9714,.T.);
#10385=FACE_BOUND('',#9715,.T.);
#10386=FACE_BOUND('',#9716,.T.);
#10387=FACE_BOUND('',#9717,.T.);
#10388=FACE_BOUND('',#9718,.T.);
#10389=FACE_BOUND('',#9719,.T.);
#10390=FACE_BOUND('',#9720,.T.);
#10391=FACE_BOUND('',#9721,.T.);
#10392=FACE_BOUND('',#9722,.T.);
#10393=FACE_BOUND('',#9723,.T.);
#10394=FACE_BOUND('',#9724,.T.);
#10395=FACE_BOUND('',#9725,.T.);
#10396=FACE_BOUND('',#9726,.T.);
#10397=FACE_BOUND('',#9727,.T.);
#10398=FACE_BOUND('',#9728,.T.);
#10399=FACE_BOUND('',#9729,.T.);
#10400=FACE_BOUND('',#9730,.T.);
#10401=FACE_BOUND('',#9731,.T.);
#10402=FACE_BOUND('',#9732,.T.);
#10403=FACE_BOUND('',#9733,.T.);
#10404=FACE_BOUND('',#9734,.T.);
#10405=FACE_BOUND('',#9735,.T.);
#10406=FACE_BOUND('',#9736,.T.);
#10407=FACE_BOUND('',#9737,.T.);
#10408=FACE_BOUND('',#9738,.T.);
#10409=FACE_BOUND('',#9739,.T.);
#10410=FACE_BOUND('',#9740,.T.);
#10411=FACE_BOUND('',#9741,.T.);
#10412=FACE_BOUND('',#9742,.T.);
#10413=FACE_BOUND('',#9743,.T.);
#10414=FACE_BOUND('',#9744,.T.);
#10415=FACE_BOUND('',#9745,.T.);
#10416=FACE_BOUND('',#9746,.T.);
#10417=FACE_BOUND('',#9747,.T.);
#10418=FACE_BOUND('',#9748,.T.);
#10419=FACE_BOUND('',#9749,.T.);
#10420=FACE_BOUND('',#9750,.T.);
#10421=FACE_BOUND('',#9751,.T.);
#10422=FACE_BOUND('',#9752,.T.);
#10423=FACE_BOUND('',#9753,.T.);
#10424=FACE_BOUND('',#9754,.T.);
#10425=FACE_BOUND('',#9755,.T.);
#10426=FACE_BOUND('',#9756,.T.);
#10427=FACE_BOUND('',#9757,.T.);
#10428=FACE_BOUND('',#9758,.T.);
#10429=FACE_BOUND('',#9759,.T.);
#10430=FACE_BOUND('',#9760,.T.);
#10431=FACE_BOUND('',#9761,.T.);
#10432=FACE_BOUND('',#9762,.T.);
#10433=FACE_BOUND('',#9763,.T.);
#10434=FACE_BOUND('',#9764,.T.);
#10435=FACE_BOUND('',#9765,.T.);
#10436=FACE_BOUND('',#9766,.T.);
#10437=FACE_BOUND('',#9767,.T.);
#10438=FACE_BOUND('',#9768,.T.);
#10439=FACE_BOUND('',#9769,.T.);
#10440=FACE_BOUND('',#9770,.T.);
#10441=FACE_BOUND('',#9771,.T.);
#10442=FACE_BOUND('',#9772,.T.);
#10443=FACE_BOUND('',#9773,.T.);
#10444=FACE_BOUND('',#9774,.T.);
#10445=FACE_BOUND('',#9775,.T.);
#10446=FACE_BOUND('',#9776,.T.);
#10447=FACE_BOUND('',#9777,.T.);
#10448=FACE_BOUND('',#9778,.T.);
#10449=FACE_BOUND('',#9779,.T.);
#10450=FACE_BOUND('',#9780,.T.);
#10451=FACE_BOUND('',#9781,.T.);
#10452=FACE_BOUND('',#9782,.T.);
#10453=FACE_BOUND('',#9783,.T.);
#10454=FACE_BOUND('',#9784,.T.);
#10455=FACE_BOUND('',#9785,.T.);
#10456=FACE_BOUND('',#9786,.T.);
#10457=FACE_BOUND('',#9787,.T.);
#10458=FACE_BOUND('',#9788,.T.);
#10459=FACE_BOUND('',#9789,.T.);
#10460=FACE_BOUND('',#9790,.T.);
#10461=FACE_BOUND('',#9791,.T.);
#10462=FACE_BOUND('',#9792,.T.);
#10463=FACE_BOUND('',#9793,.T.);
#10464=FACE_BOUND('',#9794,.T.);
#10465=FACE_BOUND('',#9795,.T.);
#10466=FACE_BOUND('',#9796,.T.);
#10467=FACE_BOUND('',#9797,.T.);
#10468=FACE_BOUND('',#9798,.T.);
#10469=FACE_BOUND('',#9799,.T.);
#10470=FACE_BOUND('',#9800,.T.);
#10471=FACE_BOUND('',#9801,.T.);
#10472=FACE_BOUND('',#9802,.T.);
#10473=FACE_BOUND('',#9803,.T.);
#10474=FACE_BOUND('',#9804,.T.);
#10475=FACE_BOUND('',#9805,.T.);
#10476=FACE_BOUND('',#9806,.T.);
#10477=FACE_BOUND('',#9807,.T.);
#10478=FACE_BOUND('',#9808,.T.);
#10479=FACE_BOUND('',#9809,.T.);
#10480=FACE_BOUND('',#9810,.T.);
#10481=FACE_BOUND('',#9811,.T.);
#10482=FACE_BOUND('',#9812,.T.);
#10483=FACE_BOUND('',#9813,.T.);
#10484=FACE_BOUND('',#9814,.T.);
#10485=FACE_BOUND('',#9815,.T.);
#10486=FACE_BOUND('',#9816,.T.);
#10487=FACE_BOUND('',#9817,.T.);
#10488=FACE_BOUND('',#9818,.T.);
#10489=FACE_BOUND('',#9819,.T.);
#10490=FACE_BOUND('',#9820,.T.);
#10491=FACE_BOUND('',#9821,.T.);
#10492=FACE_BOUND('',#9822,.T.);
#10493=FACE_BOUND('',#9823,.T.);
#10494=FACE_BOUND('',#9824,.T.);
#10495=FACE_BOUND('',#9825,.T.);
#10496=FACE_BOUND('',#9826,.T.);
#10497=FACE_BOUND('',#9827,.T.);
#10498=FACE_BOUND('',#9828,.T.);
#10499=FACE_BOUND('',#9829,.T.);
#10500=FACE_BOUND('',#9830,.T.);
#10501=FACE_BOUND('',#9831,.T.);
#10502=FACE_BOUND('',#9832,.T.);
#10503=FACE_BOUND('',#9833,.T.);
#10504=FACE_BOUND('',#9834,.T.);
#10505=FACE_BOUND('',#9835,.T.);
#10506=FACE_BOUND('',#9836,.T.);
#10507=FACE_BOUND('',#9837,.T.);
#10508=FACE_BOUND('',#9838,.T.);
#10509=FACE_BOUND('',#9839,.T.);
#10510=FACE_BOUND('',#9840,.T.);
#10511=FACE_BOUND('',#9841,.T.);
#10512=FACE_BOUND('',#9842,.T.);
#10513=FACE_BOUND('',#9843,.T.);
#10514=FACE_BOUND('',#9844,.T.);
#10515=FACE_BOUND('',#9845,.T.);
#10516=FACE_BOUND('',#9846,.T.);
#10517=FACE_BOUND('',#9847,.T.);
#10518=FACE_BOUND('',#9848,.T.);
#10519=FACE_BOUND('',#9849,.T.);
#10520=FACE_BOUND('',#9850,.T.);
#10521=FACE_BOUND('',#9851,.T.);
#10522=FACE_BOUND('',#9852,.T.);
#10523=FACE_BOUND('',#9853,.T.);
#10524=FACE_BOUND('',#9854,.T.);
#10525=FACE_BOUND('',#9855,.T.);
#10526=FACE_BOUND('',#9856,.T.);
#10527=FACE_BOUND('',#9857,.T.);
#10528=FACE_BOUND('',#9858,.T.);
#10529=FACE_BOUND('',#9859,.T.);
#10530=FACE_BOUND('',#9860,.T.);
#10531=FACE_BOUND('',#9861,.T.);
#10532=FACE_BOUND('',#9862,.T.);
#10533=FACE_BOUND('',#9863,.T.);
#10534=FACE_BOUND('',#9864,.T.);
#10535=FACE_BOUND('',#9865,.T.);
#10536=FACE_BOUND('',#9866,.T.);
#10537=FACE_BOUND('',#9867,.T.);
#10538=FACE_BOUND('',#9868,.T.);
#10539=FACE_BOUND('',#9869,.T.);
#10540=FACE_BOUND('',#9870,.T.);
#10541=FACE_BOUND('',#9871,.T.);
#10542=FACE_BOUND('',#9872,.T.);
#10543=FACE_BOUND('',#9873,.T.);
#10544=FACE_BOUND('',#9874,.T.);
#10545=FACE_BOUND('',#9875,.T.);
#10546=FACE_BOUND('',#9876,.T.);
#10547=FACE_BOUND('',#9877,.T.);
#10548=FACE_BOUND('',#9878,.T.);
#10549=FACE_BOUND('',#9879,.T.);
#10550=FACE_BOUND('',#9880,.T.);
#10551=FACE_BOUND('',#9881,.T.);
#10552=FACE_BOUND('',#9882,.T.);
#10553=FACE_BOUND('',#9883,.T.);
#10554=FACE_BOUND('',#9884,.T.);
#10555=FACE_BOUND('',#9885,.T.);
#10556=FACE_BOUND('',#9886,.T.);
#10557=FACE_BOUND('',#9887,.T.);
#10558=FACE_BOUND('',#9888,.T.);
#10559=FACE_BOUND('',#9889,.T.);
#10560=FACE_BOUND('',#9890,.T.);
#10561=FACE_BOUND('',#9891,.T.);
#10562=FACE_BOUND('',#9892,.T.);
#10563=FACE_BOUND('',#9893,.T.);
#10564=FACE_BOUND('',#9894,.T.);
#10565=FACE_BOUND('',#9895,.T.);
#10566=FACE_BOUND('',#9896,.T.);
#10567=FACE_BOUND('',#9897,.T.);
#10568=FACE_BOUND('',#9898,.T.);
#10569=FACE_BOUND('',#9899,.T.);
#10570=FACE_BOUND('',#9900,.T.);
#10571=FACE_BOUND('',#9901,.T.);
#10572=FACE_BOUND('',#9902,.T.);
#10573=FACE_BOUND('',#9903,.T.);
#10574=FACE_BOUND('',#9904,.T.);
#10575=FACE_BOUND('',#9905,.T.);
#10576=FACE_BOUND('',#9906,.T.);
#10577=FACE_BOUND('',#9907,.T.);
#10578=FACE_BOUND('',#9908,.T.);
#10579=FACE_BOUND('',#9909,.T.);
#10580=FACE_BOUND('',#9910,.T.);
#10581=FACE_BOUND('',#9911,.T.);
#10582=FACE_BOUND('',#9912,.T.);
#10583=FACE_BOUND('',#9913,.T.);
#10584=FACE_BOUND('',#9914,.T.);
#10585=FACE_BOUND('',#9915,.T.);
#10586=FACE_BOUND('',#9916,.T.);
#10587=FACE_BOUND('',#9917,.T.);
#10588=FACE_BOUND('',#9918,.T.);
#10589=FACE_BOUND('',#9919,.T.);
#10590=FACE_BOUND('',#9920,.T.);
#10591=FACE_BOUND('',#9921,.T.);
#10592=FACE_BOUND('',#9922,.T.);
#10593=FACE_BOUND('',#9923,.T.);
#10594=FACE_BOUND('',#9924,.T.);
#10595=FACE_BOUND('',#9925,.T.);
#10596=FACE_BOUND('',#9926,.T.);
#10597=FACE_BOUND('',#9927,.T.);
#10598=FACE_BOUND('',#9928,.T.);
#10599=FACE_BOUND('',#9929,.T.);
#10600=FACE_BOUND('',#9930,.T.);
#10601=FACE_BOUND('',#9931,.T.);
#10602=FACE_BOUND('',#9932,.T.);
#10603=FACE_BOUND('',#9933,.T.);
#10604=FACE_BOUND('',#9934,.T.);
#10605=FACE_BOUND('',#9935,.T.);
#10606=FACE_BOUND('',#9936,.T.);
#10607=FACE_BOUND('',#9937,.T.);
#10608=FACE_BOUND('',#9938,.T.);
#10609=FACE_BOUND('',#9939,.T.);
#10610=FACE_BOUND('',#9940,.T.);
#10611=FACE_BOUND('',#9941,.T.);
#10612=FACE_BOUND('',#9942,.T.);
#10613=FACE_BOUND('',#9943,.T.);
#10614=FACE_BOUND('',#9944,.T.);
#10615=FACE_BOUND('',#9945,.T.);
#10616=FACE_BOUND('',#9946,.T.);
#10617=FACE_BOUND('',#9947,.T.);
#10618=FACE_BOUND('',#9948,.T.);
#10619=FACE_BOUND('',#9949,.T.);
#10620=FACE_BOUND('',#9950,.T.);
#10621=FACE_BOUND('',#9951,.T.);
#10622=FACE_BOUND('',#9952,.T.);
#10623=FACE_BOUND('',#9953,.T.);
#10624=FACE_BOUND('',#9954,.T.);
#10625=FACE_BOUND('',#9955,.T.);
#10626=FACE_BOUND('',#9956,.T.);
#10627=FACE_BOUND('',#9957,.T.);
#10628=FACE_BOUND('',#9958,.T.);
#10629=FACE_BOUND('',#9959,.T.);
#10630=FACE_BOUND('',#9960,.T.);
#10631=FACE_BOUND('',#9961,.T.);
#10632=FACE_BOUND('',#9962,.T.);
#10633=FACE_BOUND('',#9963,.T.);
#10634=FACE_BOUND('',#9964,.T.);
#10635=FACE_BOUND('',#9965,.T.);
#10636=FACE_BOUND('',#9966,.T.);
#10637=FACE_BOUND('',#9967,.T.);
#10638=FACE_BOUND('',#9968,.T.);
#10639=FACE_BOUND('',#9969,.T.);
#10640=FACE_BOUND('',#9970,.T.);
#10641=FACE_BOUND('',#9971,.T.);
#10642=FACE_BOUND('',#9972,.T.);
#10643=FACE_BOUND('',#9973,.T.);
#10644=FACE_BOUND('',#9974,.T.);
#10645=FACE_BOUND('',#9975,.T.);
#10646=FACE_BOUND('',#9976,.T.);
#10647=FACE_BOUND('',#9977,.T.);
#10648=FACE_BOUND('',#9978,.T.);
#10649=FACE_BOUND('',#9979,.T.);
#10650=FACE_BOUND('',#9980,.T.);
#10651=FACE_BOUND('',#9981,.T.);
#10652=FACE_BOUND('',#9982,.T.);
#10653=FACE_BOUND('',#9983,.T.);
#10654=FACE_BOUND('',#9984,.T.);
#10655=FACE_BOUND('',#9985,.T.);
#10656=FACE_BOUND('',#9986,.T.);
#10657=FACE_BOUND('',#9987,.T.);
#10658=FACE_BOUND('',#9988,.T.);
#10659=FACE_BOUND('',#9989,.T.);
#10660=FACE_BOUND('',#9990,.T.);
#10661=FACE_BOUND('',#9991,.T.);
#10662=FACE_BOUND('',#9992,.T.);
#10663=FACE_BOUND('',#9993,.T.);
#10664=FACE_BOUND('',#9994,.T.);
#10665=FACE_BOUND('',#9995,.T.);
#10666=FACE_BOUND('',#9996,.T.);
#10667=FACE_BOUND('',#9997,.T.);
#10668=FACE_BOUND('',#9998,.T.);
#10669=FACE_BOUND('',#9999,.T.);
#10670=FACE_BOUND('',#10000,.T.);
#10671=FACE_BOUND('',#10001,.T.);
#10672=FACE_BOUND('',#10002,.T.);
#10673=FACE_BOUND('',#10003,.T.);
#10674=FACE_BOUND('',#10004,.T.);
#10675=FACE_BOUND('',#10005,.T.);
#10676=FACE_BOUND('',#10006,.T.);
#10677=FACE_BOUND('',#10007,.T.);
#10678=FACE_BOUND('',#10008,.T.);
#10679=FACE_BOUND('',#10009,.T.);
#10680=FACE_BOUND('',#10010,.T.);
#10681=FACE_BOUND('',#10011,.T.);
#10682=FACE_BOUND('',#10012,.T.);
#10683=FACE_BOUND('',#10013,.T.);
#10684=FACE_BOUND('',#10014,.T.);
#10685=FACE_BOUND('',#10015,.T.);
#10686=FACE_BOUND('',#10016,.T.);
#10687=FACE_BOUND('',#10017,.T.);
#10688=FACE_BOUND('',#10018,.T.);
#10689=FACE_BOUND('',#10019,.T.);
#10690=FACE_BOUND('',#10020,.T.);
#10691=FACE_BOUND('',#10021,.T.);
#10692=FACE_BOUND('',#10022,.T.);
#10693=FACE_BOUND('',#10023,.T.);
#10694=FACE_BOUND('',#10024,.T.);
#10695=FACE_BOUND('',#10025,.T.);
#10696=FACE_BOUND('',#10026,.T.);
#10697=FACE_BOUND('',#10027,.T.);
#10698=FACE_BOUND('',#10028,.T.);
#10699=FACE_BOUND('',#10029,.T.);
#10700=FACE_BOUND('',#10030,.T.);
#10701=FACE_BOUND('',#10031,.T.);
#10702=FACE_BOUND('',#10032,.T.);
#10703=FACE_BOUND('',#10033,.T.);
#10704=FACE_BOUND('',#10034,.T.);
#10705=FACE_BOUND('',#10035,.T.);
#10706=FACE_BOUND('',#10036,.T.);
#10707=FACE_BOUND('',#10037,.T.);
#10708=FACE_BOUND('',#10038,.T.);
#10709=FACE_BOUND('',#10039,.T.);
#10710=FACE_BOUND('',#10040,.T.);
#10711=FACE_BOUND('',#10041,.T.);
#10712=FACE_BOUND('',#10042,.T.);
#10713=FACE_BOUND('',#10043,.T.);
#10714=FACE_BOUND('',#10044,.T.);
#10715=FACE_BOUND('',#10045,.T.);
#10716=FACE_BOUND('',#10046,.T.);
#10717=FACE_BOUND('',#10047,.T.);
#10718=FACE_BOUND('',#10048,.T.);
#10719=FACE_BOUND('',#10049,.T.);
#10720=FACE_BOUND('',#10050,.T.);
#10721=FACE_BOUND('',#10051,.T.);
#10722=FACE_BOUND('',#10052,.T.);
#10723=FACE_BOUND('',#10053,.T.);
#10724=FACE_BOUND('',#10054,.T.);
#10725=FACE_BOUND('',#10055,.T.);
#10726=FACE_BOUND('',#10056,.T.);
#10727=FACE_BOUND('',#10057,.T.);
#10728=FACE_BOUND('',#10058,.T.);
#10729=FACE_BOUND('',#10059,.T.);
#10730=FACE_BOUND('',#10060,.T.);
#10731=FACE_BOUND('',#10061,.T.);
#10732=FACE_BOUND('',#10062,.T.);
#10733=FACE_BOUND('',#10063,.T.);
#10734=FACE_BOUND('',#10064,.T.);
#10735=FACE_BOUND('',#10065,.T.);
#10736=FACE_BOUND('',#10066,.T.);
#10737=FACE_BOUND('',#10067,.T.);
#10738=FACE_BOUND('',#10068,.T.);
#10739=FACE_BOUND('',#10069,.T.);
#10740=FACE_BOUND('',#10070,.T.);
#10741=FACE_BOUND('',#10071,.T.);
#10742=FACE_BOUND('',#10072,.T.);
#10743=FACE_BOUND('',#10073,.T.);
#10744=FACE_BOUND('',#10074,.T.);
#10745=FACE_BOUND('',#10075,.T.);
#10746=FACE_BOUND('',#10076,.T.);
#10747=FACE_BOUND('',#10077,.T.);
#10748=FACE_BOUND('',#10078,.T.);
#10749=FACE_BOUND('',#10079,.T.);
#10750=FACE_BOUND('',#10080,.T.);
#10751=FACE_BOUND('',#10081,.T.);
#10752=FACE_BOUND('',#10082,.T.);
#10753=FACE_BOUND('',#10083,.T.);
#10754=FACE_BOUND('',#10084,.T.);
#10755=FACE_BOUND('',#10085,.T.);
#10756=FACE_BOUND('',#10086,.T.);
#10757=FACE_BOUND('',#10087,.T.);
#10758=FACE_BOUND('',#10088,.T.);
#10759=FACE_BOUND('',#10089,.T.);
#10760=FACE_BOUND('',#10090,.T.);
#10761=FACE_BOUND('',#10091,.T.);
#10762=FACE_BOUND('',#10092,.T.);
#10763=FACE_BOUND('',#10093,.T.);
#10764=FACE_BOUND('',#10094,.T.);
#10765=FACE_BOUND('',#10095,.T.);
#10766=FACE_BOUND('',#10096,.T.);
#10767=FACE_BOUND('',#10097,.T.);
#10768=FACE_BOUND('',#10098,.T.);
#10769=FACE_BOUND('',#10099,.T.);
#10770=FACE_BOUND('',#10100,.T.);
#10771=FACE_BOUND('',#10101,.T.);
#10772=FACE_BOUND('',#10102,.T.);
#10773=FACE_BOUND('',#10103,.T.);
#10774=FACE_BOUND('',#10104,.T.);
#10775=FACE_BOUND('',#10105,.T.);
#10776=FACE_BOUND('',#10106,.T.);
#10777=FACE_BOUND('',#10107,.T.);
#10778=FACE_BOUND('',#10108,.T.);
#10779=FACE_BOUND('',#10109,.T.);
#10780=FACE_BOUND('',#10110,.T.);
#10781=FACE_BOUND('',#10111,.T.);
#10782=FACE_BOUND('',#10112,.T.);
#10783=FACE_BOUND('',#10113,.T.);
#10784=FACE_BOUND('',#10114,.T.);
#10785=FACE_BOUND('',#10115,.T.);
#10786=FACE_BOUND('',#10116,.T.);
#10787=FACE_BOUND('',#10117,.T.);
#10788=FACE_BOUND('',#10118,.T.);
#10789=FACE_BOUND('',#10119,.T.);
#10790=FACE_BOUND('',#10120,.T.);
#10791=FACE_BOUND('',#10121,.T.);
#10792=FACE_BOUND('',#10122,.T.);
#10793=FACE_BOUND('',#10123,.T.);
#10794=FACE_BOUND('',#10124,.T.);
#10795=FACE_BOUND('',#10125,.T.);
#10796=FACE_BOUND('',#10126,.T.);
#10797=FACE_BOUND('',#10127,.T.);
#10798=FACE_BOUND('',#10128,.T.);
#10799=FACE_BOUND('',#10129,.T.);
#10800=FACE_BOUND('',#10130,.T.);
#10801=FACE_BOUND('',#10131,.T.);
#10802=FACE_BOUND('',#10132,.T.);
#10803=FACE_BOUND('',#10133,.T.);
#10804=FACE_BOUND('',#10134,.T.);
#10805=FACE_BOUND('',#10135,.T.);
#10806=FACE_BOUND('',#10136,.T.);
#10807=FACE_BOUND('',#10137,.T.);
#10808=FACE_BOUND('',#10138,.T.);
#10809=FACE_BOUND('',#10139,.T.);
#10810=FACE_BOUND('',#10140,.T.);
#10811=FACE_BOUND('',#10141,.T.);
#10812=FACE_BOUND('',#10142,.T.);
#10813=FACE_BOUND('',#10143,.T.);
#10814=FACE_BOUND('',#10144,.T.);
#10815=FACE_BOUND('',#10145,.T.);
#10816=FACE_BOUND('',#10146,.T.);
#10817=FACE_BOUND('',#10147,.T.);
#10818=FACE_BOUND('',#10148,.T.);
#10819=FACE_BOUND('',#10149,.T.);
#10820=FACE_BOUND('',#10150,.T.);
#10821=FACE_BOUND('',#10151,.T.);
#10822=FACE_BOUND('',#10152,.T.);
#10823=FACE_BOUND('',#10153,.T.);
#10824=FACE_BOUND('',#10154,.T.);
#10825=FACE_BOUND('',#10155,.T.);
#10826=FACE_BOUND('',#10156,.T.);
#10827=FACE_BOUND('',#10157,.T.);
#10828=FACE_BOUND('',#10158,.T.);
#10829=FACE_BOUND('',#10159,.T.);
#10830=FACE_BOUND('',#10160,.T.);
#10831=FACE_BOUND('',#10161,.T.);
#10832=FACE_BOUND('',#10162,.T.);
#10833=FACE_BOUND('',#10163,.T.);
#10834=FACE_BOUND('',#10164,.T.);
#10835=FACE_BOUND('',#10165,.T.);
#10836=FACE_BOUND('',#10166,.T.);
#10837=FACE_BOUND('',#10167,.T.);
#10838=FACE_BOUND('',#10168,.T.);
#10839=FACE_BOUND('',#10169,.T.);
#10840=FACE_BOUND('',#10170,.T.);
#10841=FACE_BOUND('',#10171,.T.);
#10842=FACE_BOUND('',#10172,.T.);
#10843=FACE_BOUND('',#10173,.T.);
#10844=FACE_BOUND('',#10174,.T.);
#10845=FACE_BOUND('',#10175,.T.);
#10846=FACE_BOUND('',#10176,.T.);
#10847=FACE_BOUND('',#10177,.T.);
#10848=FACE_BOUND('',#10178,.T.);
#10849=FACE_BOUND('',#10179,.T.);
#10850=FACE_BOUND('',#10180,.T.);
#10851=FACE_BOUND('',#10181,.T.);
#10852=FACE_BOUND('',#10182,.T.);
#10853=FACE_BOUND('',#10183,.T.);
#10854=FACE_BOUND('',#10184,.T.);
#10855=FACE_BOUND('',#10185,.T.);
#10856=FACE_BOUND('',#10186,.T.);
#10857=FACE_BOUND('',#10187,.T.);
#10858=FACE_BOUND('',#10188,.T.);
#10859=FACE_BOUND('',#10189,.T.);
#10860=FACE_BOUND('',#10190,.T.);
#10861=FACE_BOUND('',#10191,.T.);
#10862=FACE_BOUND('',#10192,.T.);
#10863=FACE_BOUND('',#10193,.T.);
#10864=FACE_BOUND('',#10194,.T.);
#10865=FACE_BOUND('',#10195,.T.);
#10866=FACE_BOUND('',#10196,.T.);
#10867=FACE_BOUND('',#10197,.T.);
#10868=FACE_BOUND('',#10198,.T.);
#10869=FACE_BOUND('',#10199,.T.);
#10870=FACE_BOUND('',#10200,.T.);
#10871=FACE_BOUND('',#10201,.T.);
#10872=FACE_BOUND('',#10202,.T.);
#10873=FACE_BOUND('',#10203,.T.);
#10874=FACE_BOUND('',#10204,.T.);
#10875=FACE_BOUND('',#10205,.T.);
#10876=FACE_BOUND('',#10206,.T.);
#10877=FACE_BOUND('',#10207,.T.);
#10878=FACE_BOUND('',#10208,.T.);
#10879=FACE_BOUND('',#10209,.T.);
#10880=FACE_BOUND('',#10210,.T.);
#10881=FACE_BOUND('',#10211,.T.);
#10882=FACE_BOUND('',#10212,.T.);
#10883=FACE_BOUND('',#10213,.T.);
#10884=FACE_BOUND('',#10214,.T.);
#10885=FACE_BOUND('',#10215,.T.);
#10886=FACE_BOUND('',#10216,.T.);
#10887=FACE_BOUND('',#10217,.T.);
#10888=FACE_BOUND('',#10218,.T.);
#10889=FACE_BOUND('',#10219,.T.);
#10890=FACE_BOUND('',#10220,.T.);
#10891=FACE_BOUND('',#10221,.T.);
#10892=FACE_BOUND('',#10222,.T.);
#10893=FACE_BOUND('',#10223,.T.);
#10894=FACE_BOUND('',#10224,.T.);
#10895=FACE_BOUND('',#10225,.T.);
#10896=FACE_BOUND('',#10226,.T.);
#10897=FACE_BOUND('',#10227,.T.);
#10898=FACE_BOUND('',#10228,.T.);
#10899=FACE_BOUND('',#10229,.T.);
#10900=FACE_BOUND('',#10230,.T.);
#10901=FACE_BOUND('',#10231,.T.);
#10902=FACE_BOUND('',#10232,.T.);
#10903=FACE_BOUND('',#10233,.T.);
#10904=FACE_BOUND('',#10234,.T.);
#10905=FACE_BOUND('',#10235,.T.);
#10906=FACE_BOUND('',#10236,.T.);
#10907=FACE_BOUND('',#10237,.T.);
#10908=FACE_BOUND('',#10238,.T.);
#10909=FACE_BOUND('',#10239,.T.);
#10910=FACE_BOUND('',#10240,.T.);
#10911=FACE_BOUND('',#10241,.T.);
#10912=FACE_BOUND('',#10242,.T.);
#10913=FACE_BOUND('',#10243,.T.);
#10914=FACE_BOUND('',#10244,.T.);
#10915=FACE_BOUND('',#10245,.T.);
#10916=FACE_BOUND('',#10246,.T.);
#10917=FACE_BOUND('',#10247,.T.);
#10918=FACE_BOUND('',#10248,.T.);
#10919=FACE_BOUND('',#10249,.T.);
#10920=FACE_BOUND('',#10250,.T.);
#10921=FACE_BOUND('',#10251,.T.);
#10922=FACE_BOUND('',#10252,.T.);
#10923=FACE_BOUND('',#10253,.T.);
#10924=FACE_BOUND('',#10254,.T.);
#10925=FACE_BOUND('',#10255,.T.);
#10926=FACE_BOUND('',#10256,.T.);
#10927=FACE_BOUND('',#10257,.T.);
#10928=FACE_BOUND('',#10258,.T.);
#10929=FACE_BOUND('',#10259,.T.);
#10930=FACE_BOUND('',#10260,.T.);
#10931=FACE_BOUND('',#10261,.T.);
#10932=FACE_BOUND('',#10262,.T.);
#10933=FACE_BOUND('',#10263,.T.);
#10934=FACE_BOUND('',#10264,.T.);
#10935=FACE_BOUND('',#10265,.T.);
#10936=FACE_BOUND('',#10266,.T.);
#10937=FACE_BOUND('',#10267,.T.);
#10938=FACE_BOUND('',#10268,.T.);
#10939=FACE_BOUND('',#10269,.T.);
#10940=FACE_BOUND('',#10270,.T.);
#10941=FACE_BOUND('',#10271,.T.);
#10942=FACE_BOUND('',#10272,.T.);
#10943=FACE_BOUND('',#10273,.T.);
#10944=PLANE('',#12200);
#10945=PLANE('',#12201);
#10946=PLANE('',#12202);
#10947=PLANE('',#12203);
#10948=PLANE('',#12204);
#10949=PLANE('',#12205);
#10950=PLANE('',#12206);
#10951=PLANE('',#12207);
#10952=PLANE('',#12208);
#10953=PLANE('',#12209);
#10954=PLANE('',#12210);
#10955=PLANE('',#12211);
#10956=PLANE('',#12212);
#10957=PLANE('',#12213);
#10958=PLANE('',#12214);
#10959=PLANE('',#12215);
#10960=PLANE('',#12216);
#10961=PLANE('',#12217);
#10962=PLANE('',#12218);
#10963=PLANE('',#12219);
#10964=PLANE('',#12220);
#10965=PLANE('',#12221);
#10966=PLANE('',#12222);
#10967=PLANE('',#12223);
#10968=PLANE('',#12224);
#10969=PLANE('',#12225);
#10970=PLANE('',#12226);
#10971=PLANE('',#12227);
#10972=PLANE('',#12228);
#10973=PLANE('',#12229);
#10974=PLANE('',#12230);
#10975=PLANE('',#12231);
#10976=PLANE('',#12232);
#10977=PLANE('',#12233);
#10978=PLANE('',#12234);
#10979=PLANE('',#12235);
#10980=PLANE('',#12236);
#10981=PLANE('',#12237);
#10982=PLANE('',#12238);
#10983=PLANE('',#12239);
#10984=PLANE('',#12240);
#10985=PLANE('',#12241);
#10986=PLANE('',#12242);
#10987=PLANE('',#12243);
#10988=PLANE('',#12244);
#10989=PLANE('',#12245);
#10990=PLANE('',#12246);
#10991=PLANE('',#12247);
#10992=PLANE('',#12248);
#10993=PLANE('',#12249);
#10994=PLANE('',#12250);
#10995=PLANE('',#12251);
#10996=PLANE('',#12252);
#10997=PLANE('',#12253);
#10998=PLANE('',#12254);
#10999=PLANE('',#12255);
#11000=PLANE('',#12256);
#11001=PLANE('',#12257);
#11002=PLANE('',#12258);
#11003=PLANE('',#12259);
#11004=PLANE('',#12260);
#11005=PLANE('',#12261);
#11006=PLANE('',#12262);
#11007=PLANE('',#12263);
#11008=PLANE('',#12264);
#11009=PLANE('',#12265);
#11010=PLANE('',#12266);
#11011=PLANE('',#12267);
#11012=PLANE('',#12268);
#11013=PLANE('',#12269);
#11014=PLANE('',#12270);
#11015=PLANE('',#12271);
#11016=PLANE('',#12272);
#11017=PLANE('',#12273);
#11018=PLANE('',#12274);
#11019=PLANE('',#12275);
#11020=PLANE('',#12276);
#11021=PLANE('',#12277);
#11022=PLANE('',#12278);
#11023=PLANE('',#12279);
#11024=PLANE('',#12280);
#11025=PLANE('',#12281);
#11026=PLANE('',#12282);
#11027=PLANE('',#12283);
#11028=PLANE('',#12284);
#11029=PLANE('',#12285);
#11030=PLANE('',#12286);
#11031=PLANE('',#12287);
#11032=PLANE('',#12288);
#11033=PLANE('',#12289);
#11034=PLANE('',#12290);
#11035=PLANE('',#12291);
#11036=PLANE('',#12292);
#11037=PLANE('',#12293);
#11038=PLANE('',#12294);
#11039=PLANE('',#12295);
#11040=PLANE('',#12296);
#11041=PLANE('',#12297);
#11042=PLANE('',#12298);
#11043=PLANE('',#12299);
#11044=PLANE('',#12300);
#11045=PLANE('',#12301);
#11046=PLANE('',#12302);
#11047=PLANE('',#12303);
#11048=PLANE('',#12304);
#11049=PLANE('',#12305);
#11050=PLANE('',#12306);
#11051=PLANE('',#12307);
#11052=PLANE('',#12308);
#11053=PLANE('',#12309);
#11054=PLANE('',#12310);
#11055=PLANE('',#12311);
#11056=PLANE('',#12312);
#11057=PLANE('',#12313);
#11058=PLANE('',#12314);
#11059=PLANE('',#12315);
#11060=PLANE('',#12316);
#11061=PLANE('',#12317);
#11062=PLANE('',#12318);
#11063=PLANE('',#12319);
#11064=PLANE('',#12320);
#11065=PLANE('',#12321);
#11066=PLANE('',#12322);
#11067=PLANE('',#12323);
#11068=PLANE('',#12324);
#11069=PLANE('',#12325);
#11070=PLANE('',#12326);
#11071=PLANE('',#12327);
#11072=PLANE('',#12328);
#11073=PLANE('',#12329);
#11074=PLANE('',#12330);
#11075=PLANE('',#12331);
#11076=PLANE('',#12332);
#11077=PLANE('',#12333);
#11078=PLANE('',#12334);
#11079=PLANE('',#12335);
#11080=PLANE('',#12336);
#11081=PLANE('',#12337);
#11082=PLANE('',#12338);
#11083=PLANE('',#12339);
#11084=PLANE('',#12340);
#11085=PLANE('',#12341);
#11086=PLANE('',#12342);
#11087=PLANE('',#12343);
#11088=PLANE('',#12344);
#11089=PLANE('',#12345);
#11090=PLANE('',#12346);
#11091=PLANE('',#12347);
#11092=PLANE('',#12348);
#11093=PLANE('',#12349);
#11094=PLANE('',#12350);
#11095=PLANE('',#12351);
#11096=PLANE('',#12352);
#11097=PLANE('',#12353);
#11098=PLANE('',#12355);
#11099=PLANE('',#12356);
#11100=PLANE('',#12357);
#11101=PLANE('',#12358);
#11102=PLANE('',#12359);
#11103=PLANE('',#12360);
#11104=PLANE('',#12361);
#11105=PLANE('',#12362);
#11106=PLANE('',#12363);
#11107=PLANE('',#12364);
#11108=PLANE('',#12365);
#11109=PLANE('',#12366);
#11110=PLANE('',#12367);
#11111=PLANE('',#12368);
#11112=PLANE('',#12369);
#11113=PLANE('',#12370);
#11114=PLANE('',#12371);
#11115=PLANE('',#12372);
#11116=PLANE('',#12373);
#11117=PLANE('',#12374);
#11118=PLANE('',#12375);
#11119=PLANE('',#12376);
#11120=PLANE('',#12377);
#11121=PLANE('',#12378);
#11122=PLANE('',#12379);
#11123=PLANE('',#12380);
#11124=PLANE('',#12381);
#11125=PLANE('',#12382);
#11126=PLANE('',#12383);
#11127=PLANE('',#12384);
#11128=PLANE('',#12385);
#11129=PLANE('',#12386);
#11130=PLANE('',#12387);
#11131=PLANE('',#12388);
#11132=PLANE('',#12389);
#11133=PLANE('',#12390);
#11134=PLANE('',#12391);
#11135=PLANE('',#12392);
#11136=PLANE('',#12393);
#11137=PLANE('',#12394);
#11138=PLANE('',#12395);
#11139=PLANE('',#12396);
#11140=PLANE('',#12397);
#11141=PLANE('',#12398);
#11142=PLANE('',#12399);
#11143=PLANE('',#12400);
#11144=PLANE('',#12401);
#11145=PLANE('',#12402);
#11146=PLANE('',#12403);
#11147=PLANE('',#12404);
#11148=PLANE('',#12405);
#11149=PLANE('',#12406);
#11150=PLANE('',#12407);
#11151=PLANE('',#12408);
#11152=PLANE('',#12409);
#11153=PLANE('',#12410);
#11154=PLANE('',#12411);
#11155=PLANE('',#12412);
#11156=PLANE('',#12413);
#11157=PLANE('',#12414);
#11158=PLANE('',#12415);
#11159=PLANE('',#12416);
#11160=PLANE('',#12417);
#11161=PLANE('',#12418);
#11162=PLANE('',#12419);
#11163=PLANE('',#12420);
#11164=PLANE('',#12421);
#11165=PLANE('',#12422);
#11166=PLANE('',#12423);
#11167=PLANE('',#12424);
#11168=PLANE('',#12425);
#11169=PLANE('',#12426);
#11170=PLANE('',#12427);
#11171=PLANE('',#12428);
#11172=PLANE('',#12429);
#11173=PLANE('',#12430);
#11174=PLANE('',#12431);
#11175=PLANE('',#12432);
#11176=PLANE('',#12433);
#11177=PLANE('',#12434);
#11178=PLANE('',#12435);
#11179=PLANE('',#12436);
#11180=PLANE('',#12437);
#11181=PLANE('',#12438);
#11182=PLANE('',#12439);
#11183=PLANE('',#12440);
#11184=PLANE('',#12441);
#11185=PLANE('',#12442);
#11186=PLANE('',#12443);
#11187=PLANE('',#12444);
#11188=PLANE('',#12445);
#11189=PLANE('',#12446);
#11190=PLANE('',#12447);
#11191=PLANE('',#12448);
#11192=PLANE('',#12449);
#11193=PLANE('',#12450);
#11194=PLANE('',#12451);
#11195=PLANE('',#12452);
#11196=PLANE('',#12453);
#11197=PLANE('',#12454);
#11198=PLANE('',#12455);
#11199=PLANE('',#12456);
#11200=PLANE('',#12457);
#11201=PLANE('',#12458);
#11202=PLANE('',#12459);
#11203=PLANE('',#12460);
#11204=PLANE('',#12461);
#11205=PLANE('',#12462);
#11206=PLANE('',#12463);
#11207=PLANE('',#12464);
#11208=PLANE('',#12465);
#11209=PLANE('',#12466);
#11210=PLANE('',#12467);
#11211=PLANE('',#12468);
#11212=PLANE('',#12469);
#11213=PLANE('',#12470);
#11214=PLANE('',#12471);
#11215=PLANE('',#12472);
#11216=PLANE('',#12473);
#11217=PLANE('',#12474);
#11218=PLANE('',#12475);
#11219=PLANE('',#12476);
#11220=PLANE('',#12477);
#11221=PLANE('',#12478);
#11222=PLANE('',#12479);
#11223=PLANE('',#12480);
#11224=PLANE('',#12481);
#11225=PLANE('',#12482);
#11226=PLANE('',#12483);
#11227=PLANE('',#12484);
#11228=PLANE('',#12485);
#11229=PLANE('',#12486);
#11230=PLANE('',#12487);
#11231=PLANE('',#12488);
#11232=PLANE('',#12489);
#11233=PLANE('',#12490);
#11234=PLANE('',#12491);
#11235=PLANE('',#12492);
#11236=PLANE('',#12493);
#11237=PLANE('',#12494);
#11238=PLANE('',#12495);
#11239=PLANE('',#12496);
#11240=PLANE('',#12497);
#11241=PLANE('',#12498);
#11242=PLANE('',#12499);
#11243=PLANE('',#12500);
#11244=PLANE('',#12501);
#11245=PLANE('',#12502);
#11246=PLANE('',#12503);
#11247=PLANE('',#12504);
#11248=PLANE('',#12505);
#11249=PLANE('',#12506);
#11250=PLANE('',#12507);
#11251=PLANE('',#12508);
#11252=PLANE('',#12509);
#11253=PLANE('',#12510);
#11254=PLANE('',#12511);
#11255=PLANE('',#12512);
#11256=PLANE('',#12513);
#11257=PLANE('',#12514);
#11258=PLANE('',#12515);
#11259=PLANE('',#12516);
#11260=PLANE('',#12517);
#11261=PLANE('',#12518);
#11262=PLANE('',#12519);
#11263=PLANE('',#12520);
#11264=PLANE('',#12521);
#11265=PLANE('',#12522);
#11266=PLANE('',#12523);
#11267=PLANE('',#12524);
#11268=PLANE('',#12525);
#11269=PLANE('',#12526);
#11270=PLANE('',#12527);
#11271=PLANE('',#12528);
#11272=PLANE('',#12529);
#11273=PLANE('',#12530);
#11274=PLANE('',#12531);
#11275=PLANE('',#12532);
#11276=PLANE('',#12533);
#11277=PLANE('',#12534);
#11278=PLANE('',#12535);
#11279=PLANE('',#12536);
#11280=PLANE('',#12537);
#11281=PLANE('',#12538);
#11282=PLANE('',#12539);
#11283=PLANE('',#12540);
#11284=PLANE('',#12541);
#11285=PLANE('',#12542);
#11286=PLANE('',#12543);
#11287=PLANE('',#12544);
#11288=PLANE('',#12545);
#11289=PLANE('',#12546);
#11290=PLANE('',#12547);
#11291=PLANE('',#12548);
#11292=PLANE('',#12549);
#11293=PLANE('',#12550);
#11294=PLANE('',#12551);
#11295=PLANE('',#12552);
#11296=PLANE('',#12553);
#11297=PLANE('',#12554);
#11298=PLANE('',#12555);
#11299=PLANE('',#12556);
#11300=PLANE('',#12557);
#11301=PLANE('',#12558);
#11302=PLANE('',#12559);
#11303=PLANE('',#12560);
#11304=PLANE('',#12561);
#11305=PLANE('',#12562);
#11306=PLANE('',#12563);
#11307=PLANE('',#12564);
#11308=PLANE('',#12565);
#11309=PLANE('',#12566);
#11310=PLANE('',#12567);
#11311=PLANE('',#12568);
#11312=PLANE('',#12569);
#11313=PLANE('',#12570);
#11314=PLANE('',#12571);
#11315=PLANE('',#12572);
#11316=PLANE('',#12573);
#11317=PLANE('',#12574);
#11318=PLANE('',#12575);
#11319=PLANE('',#12576);
#11320=PLANE('',#12577);
#11321=PLANE('',#12578);
#11322=PLANE('',#12579);
#11323=PLANE('',#12580);
#11324=PLANE('',#12581);
#11325=PLANE('',#12582);
#11326=PLANE('',#12583);
#11327=PLANE('',#12584);
#11328=PLANE('',#12585);
#11329=PLANE('',#12586);
#11330=PLANE('',#12587);
#11331=PLANE('',#12588);
#11332=PLANE('',#12589);
#11333=PLANE('',#12591);
#11334=PLANE('',#12592);
#11335=PLANE('',#12593);
#11336=PLANE('',#12594);
#11337=PLANE('',#12595);
#11338=PLANE('',#12596);
#11339=PLANE('',#12597);
#11340=PLANE('',#12598);
#11341=PLANE('',#12599);
#11342=PLANE('',#12600);
#11343=PLANE('',#12601);
#11344=PLANE('',#12602);
#11345=PLANE('',#12603);
#11346=PLANE('',#12604);
#11347=PLANE('',#12605);
#11348=PLANE('',#12606);
#11349=PLANE('',#12607);
#11350=PLANE('',#12608);
#11351=PLANE('',#12609);
#11352=PLANE('',#12610);
#11353=PLANE('',#12611);
#11354=PLANE('',#12612);
#11355=PLANE('',#12613);
#11356=PLANE('',#12614);
#11357=PLANE('',#12615);
#11358=PLANE('',#12616);
#11359=PLANE('',#12617);
#11360=PLANE('',#12618);
#11361=PLANE('',#12619);
#11362=PLANE('',#12620);
#11363=PLANE('',#12621);
#11364=PLANE('',#12622);
#11365=PLANE('',#12623);
#11366=PLANE('',#12624);
#11367=PLANE('',#12625);
#11368=PLANE('',#12626);
#11369=PLANE('',#12663);
#11370=PLANE('',#12664);
#11371=PLANE('',#12665);
#11372=PLANE('',#12666);
#11373=PLANE('',#12667);
#11374=PLANE('',#12668);
#11375=PLANE('',#12669);
#11376=PLANE('',#12670);
#11377=PLANE('',#12671);
#11378=PLANE('',#12672);
#11379=PLANE('',#12673);
#11380=PLANE('',#12674);
#11381=PLANE('',#12675);
#11382=PLANE('',#12676);
#11383=PLANE('',#12677);
#11384=PLANE('',#12678);
#11385=PLANE('',#12679);
#11386=PLANE('',#12680);
#11387=PLANE('',#12681);
#11388=PLANE('',#12682);
#11389=PLANE('',#12683);
#11390=PLANE('',#12684);
#11391=PLANE('',#12685);
#11392=PLANE('',#12686);
#11393=PLANE('',#12723);
#11394=PLANE('',#12724);
#11395=PLANE('',#12725);
#11396=PLANE('',#12726);
#11397=PLANE('',#12727);
#11398=PLANE('',#12728);
#11399=PLANE('',#12729);
#11400=PLANE('',#12730);
#11401=PLANE('',#12731);
#11402=PLANE('',#12732);
#11403=PLANE('',#12733);
#11404=PLANE('',#12734);
#11405=PLANE('',#12735);
#11406=PLANE('',#12736);
#11407=PLANE('',#12737);
#11408=PLANE('',#12738);
#11409=PLANE('',#12739);
#11410=PLANE('',#12740);
#11411=PLANE('',#12741);
#11412=PLANE('',#12742);
#11413=PLANE('',#12743);
#11414=PLANE('',#12744);
#11415=PLANE('',#12745);
#11416=PLANE('',#12746);
#11417=PLANE('',#12747);
#11418=PLANE('',#12748);
#11419=PLANE('',#12749);
#11420=PLANE('',#12750);
#11421=PLANE('',#12751);
#11422=PLANE('',#12752);
#11423=PLANE('',#12753);
#11424=PLANE('',#12754);
#11425=PLANE('',#12755);
#11426=PLANE('',#12756);
#11427=PLANE('',#12757);
#11428=PLANE('',#12758);
#11429=PLANE('',#12759);
#11430=PLANE('',#12760);
#11431=PLANE('',#12761);
#11432=PLANE('',#12765);
#11433=PLANE('',#12766);
#11434=PLANE('',#12767);
#11435=PLANE('',#12771);
#11436=PLANE('',#12772);
#11437=PLANE('',#12773);
#11438=PLANE('',#12774);
#11439=PLANE('',#12775);
#11440=PLANE('',#12776);
#11441=PLANE('',#12777);
#11442=PLANE('',#12778);
#11443=PLANE('',#12779);
#11444=PLANE('',#12780);
#11445=PLANE('',#12781);
#11446=PLANE('',#12782);
#11447=PLANE('',#12783);
#11448=PLANE('',#12784);
#11449=PLANE('',#12785);
#11450=PLANE('',#12786);
#11451=PLANE('',#12787);
#11452=PLANE('',#12788);
#11453=PLANE('',#12789);
#11454=PLANE('',#12790);
#11455=PLANE('',#12791);
#11456=PLANE('',#12792);
#11457=PLANE('',#12793);
#11458=PLANE('',#12794);
#11459=PLANE('',#12795);
#11460=PLANE('',#12796);
#11461=PLANE('',#12797);
#11462=PLANE('',#12798);
#11463=PLANE('',#12799);
#11464=PLANE('',#12800);
#11465=PLANE('',#12801);
#11466=PLANE('',#12802);
#11467=PLANE('',#12803);
#11468=PLANE('',#12804);
#11469=PLANE('',#12805);
#11470=PLANE('',#12806);
#11471=PLANE('',#12807);
#11472=PLANE('',#12808);
#11473=PLANE('',#12809);
#11474=PLANE('',#12810);
#11475=PLANE('',#12811);
#11476=PLANE('',#12812);
#11477=PLANE('',#12813);
#11478=PLANE('',#12814);
#11479=PLANE('',#12815);
#11480=PLANE('',#12816);
#11481=PLANE('',#12817);
#11482=PLANE('',#12818);
#11483=PLANE('',#12819);
#11484=PLANE('',#12820);
#11485=PLANE('',#12821);
#11486=PLANE('',#12822);
#11487=PLANE('',#12823);
#11488=PLANE('',#12824);
#11489=PLANE('',#12825);
#11490=PLANE('',#12827);
#11491=PLANE('',#12831);
#11492=PLANE('',#12832);
#11493=PLANE('',#12833);
#11494=PLANE('',#12834);
#11495=PLANE('',#12835);
#11496=PLANE('',#12836);
#11497=PLANE('',#12837);
#11498=PLANE('',#12838);
#11499=PLANE('',#12839);
#11500=PLANE('',#12840);
#11501=PLANE('',#12841);
#11502=PLANE('',#12842);
#11503=PLANE('',#12843);
#11504=PLANE('',#12844);
#11505=PLANE('',#12845);
#11506=PLANE('',#12846);
#11507=PLANE('',#12847);
#11508=PLANE('',#12848);
#11509=PLANE('',#12849);
#11510=PLANE('',#12850);
#11511=PLANE('',#12851);
#11512=PLANE('',#12852);
#11513=PLANE('',#12853);
#11514=PLANE('',#12854);
#11515=PLANE('',#12855);
#11516=PLANE('',#12857);
#11517=PLANE('',#12860);
#11518=PLANE('',#12861);
#11519=PLANE('',#12862);
#11520=PLANE('',#12866);
#11521=PLANE('',#12867);
#11522=PLANE('',#12868);
#11523=PLANE('',#12869);
#11524=PLANE('',#12870);
#11525=PLANE('',#12871);
#11526=PLANE('',#12872);
#11527=PLANE('',#12873);
#11528=PLANE('',#12877);
#11529=PLANE('',#12878);
#11530=PLANE('',#12879);
#11531=PLANE('',#12880);
#11532=ADVANCED_FACE('',(#10274),#10944,.T.);
#11533=ADVANCED_FACE('',(#10275),#10945,.T.);
#11534=ADVANCED_FACE('',(#10276),#10946,.T.);
#11535=ADVANCED_FACE('',(#10277),#10947,.F.);
#11536=ADVANCED_FACE('',(#10278),#10948,.F.);
#11537=ADVANCED_FACE('',(#10279),#10949,.F.);
#11538=ADVANCED_FACE('',(#10280),#10950,.F.);
#11539=ADVANCED_FACE('',(#10281),#10951,.F.);
#11540=ADVANCED_FACE('',(#10282),#10952,.F.);
#11541=ADVANCED_FACE('',(#10283),#10953,.T.);
#11542=ADVANCED_FACE('',(#10284),#10954,.T.);
#11543=ADVANCED_FACE('',(#10285),#10955,.T.);
#11544=ADVANCED_FACE('',(#10286),#10956,.T.);
#11545=ADVANCED_FACE('',(#10287),#10957,.T.);
#11546=ADVANCED_FACE('',(#10288),#10958,.T.);
#11547=ADVANCED_FACE('',(#10289),#10959,.T.);
#11548=ADVANCED_FACE('',(#10290),#10960,.T.);
#11549=ADVANCED_FACE('',(#10291),#10961,.T.);
#11550=ADVANCED_FACE('',(#10292),#10962,.T.);
#11551=ADVANCED_FACE('',(#10293),#10963,.T.);
#11552=ADVANCED_FACE('',(#10294),#10964,.T.);
#11553=ADVANCED_FACE('',(#10295),#10965,.T.);
#11554=ADVANCED_FACE('',(#10296),#10966,.T.);
#11555=ADVANCED_FACE('',(#10297),#10967,.T.);
#11556=ADVANCED_FACE('',(#10298),#10968,.T.);
#11557=ADVANCED_FACE('',(#10299),#10969,.T.);
#11558=ADVANCED_FACE('',(#10300),#10970,.T.);
#11559=ADVANCED_FACE('',(#10301),#10971,.T.);
#11560=ADVANCED_FACE('',(#10302),#10972,.T.);
#11561=ADVANCED_FACE('',(#10303),#10973,.T.);
#11562=ADVANCED_FACE('',(#10304),#10974,.T.);
#11563=ADVANCED_FACE('',(#10305),#10975,.T.);
#11564=ADVANCED_FACE('',(#10306),#10976,.T.);
#11565=ADVANCED_FACE('',(#10307),#10977,.T.);
#11566=ADVANCED_FACE('',(#10308),#10978,.T.);
#11567=ADVANCED_FACE('',(#10309),#10979,.T.);
#11568=ADVANCED_FACE('',(#10310),#10980,.T.);
#11569=ADVANCED_FACE('',(#10311),#10981,.F.);
#11570=ADVANCED_FACE('',(#10312),#10982,.F.);
#11571=ADVANCED_FACE('',(#10313),#10983,.F.);
#11572=ADVANCED_FACE('',(#10314),#10984,.F.);
#11573=ADVANCED_FACE('',(#10315),#10985,.F.);
#11574=ADVANCED_FACE('',(#10316),#10986,.T.);
#11575=ADVANCED_FACE('',(#10317),#10987,.T.);
#11576=ADVANCED_FACE('',(#10318),#10988,.T.);
#11577=ADVANCED_FACE('',(#10319),#10989,.T.);
#11578=ADVANCED_FACE('',(#10320),#10990,.T.);
#11579=ADVANCED_FACE('',(#10321),#10991,.T.);
#11580=ADVANCED_FACE('',(#10322),#10992,.T.);
#11581=ADVANCED_FACE('',(#10323),#10993,.T.);
#11582=ADVANCED_FACE('',(#10324),#10994,.T.);
#11583=ADVANCED_FACE('',(#10325),#10995,.T.);
#11584=ADVANCED_FACE('',(#10326),#10996,.T.);
#11585=ADVANCED_FACE('',(#10327),#10997,.T.);
#11586=ADVANCED_FACE('',(#10328),#10998,.T.);
#11587=ADVANCED_FACE('',(#10329),#10999,.T.);
#11588=ADVANCED_FACE('',(#10330),#11000,.T.);
#11589=ADVANCED_FACE('',(#10331),#11001,.T.);
#11590=ADVANCED_FACE('',(#10332),#11002,.T.);
#11591=ADVANCED_FACE('',(#10333),#11003,.T.);
#11592=ADVANCED_FACE('',(#10334),#11004,.T.);
#11593=ADVANCED_FACE('',(#10335),#11005,.T.);
#11594=ADVANCED_FACE('',(#10336),#11006,.T.);
#11595=ADVANCED_FACE('',(#10337),#11007,.T.);
#11596=ADVANCED_FACE('',(#10338),#11008,.T.);
#11597=ADVANCED_FACE('',(#10339),#11009,.T.);
#11598=ADVANCED_FACE('',(#10340),#11010,.T.);
#11599=ADVANCED_FACE('',(#10341),#11011,.T.);
#11600=ADVANCED_FACE('',(#10342),#11012,.T.);
#11601=ADVANCED_FACE('',(#10343),#11013,.T.);
#11602=ADVANCED_FACE('',(#10344),#11014,.T.);
#11603=ADVANCED_FACE('',(#10345),#11015,.T.);
#11604=ADVANCED_FACE('',(#10346),#11016,.T.);
#11605=ADVANCED_FACE('',(#10347),#11017,.T.);
#11606=ADVANCED_FACE('',(#10348),#11018,.T.);
#11607=ADVANCED_FACE('',(#10349),#11019,.T.);
#11608=ADVANCED_FACE('',(#10350),#11020,.T.);
#11609=ADVANCED_FACE('',(#10351),#11021,.T.);
#11610=ADVANCED_FACE('',(#10352),#11022,.T.);
#11611=ADVANCED_FACE('',(#10353),#11023,.T.);
#11612=ADVANCED_FACE('',(#10354),#11024,.T.);
#11613=ADVANCED_FACE('',(#10355),#11025,.T.);
#11614=ADVANCED_FACE('',(#10356),#11026,.T.);
#11615=ADVANCED_FACE('',(#10357),#11027,.T.);
#11616=ADVANCED_FACE('',(#10358),#11028,.T.);
#11617=ADVANCED_FACE('',(#10359),#11029,.T.);
#11618=ADVANCED_FACE('',(#10360),#11030,.T.);
#11619=ADVANCED_FACE('',(#10361),#11031,.T.);
#11620=ADVANCED_FACE('',(#10362),#11032,.T.);
#11621=ADVANCED_FACE('',(#10363),#11033,.T.);
#11622=ADVANCED_FACE('',(#10364),#11034,.T.);
#11623=ADVANCED_FACE('',(#10365),#11035,.T.);
#11624=ADVANCED_FACE('',(#10366),#11036,.T.);
#11625=ADVANCED_FACE('',(#10367),#11037,.T.);
#11626=ADVANCED_FACE('',(#10368),#11038,.T.);
#11627=ADVANCED_FACE('',(#10369),#11039,.T.);
#11628=ADVANCED_FACE('',(#10370),#11040,.T.);
#11629=ADVANCED_FACE('',(#10371),#11041,.T.);
#11630=ADVANCED_FACE('',(#10372),#11042,.T.);
#11631=ADVANCED_FACE('',(#10373),#11043,.T.);
#11632=ADVANCED_FACE('',(#10374),#11044,.T.);
#11633=ADVANCED_FACE('',(#10375),#11045,.T.);
#11634=ADVANCED_FACE('',(#10376),#11046,.T.);
#11635=ADVANCED_FACE('',(#10377),#11047,.T.);
#11636=ADVANCED_FACE('',(#10378),#11048,.T.);
#11637=ADVANCED_FACE('',(#10379),#11049,.T.);
#11638=ADVANCED_FACE('',(#10380),#11050,.T.);
#11639=ADVANCED_FACE('',(#10381),#11051,.T.);
#11640=ADVANCED_FACE('',(#10382),#11052,.T.);
#11641=ADVANCED_FACE('',(#10383),#11053,.T.);
#11642=ADVANCED_FACE('',(#10384),#11054,.T.);
#11643=ADVANCED_FACE('',(#10385),#11055,.T.);
#11644=ADVANCED_FACE('',(#10386),#11056,.T.);
#11645=ADVANCED_FACE('',(#10387),#11057,.T.);
#11646=ADVANCED_FACE('',(#10388),#11058,.T.);
#11647=ADVANCED_FACE('',(#10389),#11059,.T.);
#11648=ADVANCED_FACE('',(#10390),#11060,.T.);
#11649=ADVANCED_FACE('',(#10391),#11061,.T.);
#11650=ADVANCED_FACE('',(#10392),#11062,.F.);
#11651=ADVANCED_FACE('',(#10393,#10394,#10395,#10396,#10397,#10398,#10399,
#10400,#10401,#10402,#10403,#10404,#10405,#10406,#10407,#10408,#10409,#10410,
#10411,#10412,#10413,#10414,#10415,#10416,#10417,#10418,#10419),#11063,
 .T.);
#11652=ADVANCED_FACE('',(#10420,#10421,#10422,#10423,#10424,#10425,#10426,
#10427,#10428,#10429,#10430,#10431,#10432,#10433,#10434,#10435,#10436,#10437,
#10438,#10439,#10440),#11064,.F.);
#11653=ADVANCED_FACE('',(#10441),#11065,.F.);
#11654=ADVANCED_FACE('',(#10442),#11066,.F.);
#11655=ADVANCED_FACE('',(#10443),#11067,.F.);
#11656=ADVANCED_FACE('',(#10444),#11068,.F.);
#11657=ADVANCED_FACE('',(#10445),#11069,.F.);
#11658=ADVANCED_FACE('',(#10446),#11070,.F.);
#11659=ADVANCED_FACE('',(#10447),#11071,.F.);
#11660=ADVANCED_FACE('',(#10448),#11072,.T.);
#11661=ADVANCED_FACE('',(#10449),#11073,.F.);
#11662=ADVANCED_FACE('',(#10450),#11074,.T.);
#11663=ADVANCED_FACE('',(#10451),#11075,.F.);
#11664=ADVANCED_FACE('',(#10452),#11076,.F.);
#11665=ADVANCED_FACE('',(#10453),#11077,.F.);
#11666=ADVANCED_FACE('',(#10454),#11078,.F.);
#11667=ADVANCED_FACE('',(#10455),#11079,.F.);
#11668=ADVANCED_FACE('',(#10456),#11080,.F.);
#11669=ADVANCED_FACE('',(#10457),#11081,.F.);
#11670=ADVANCED_FACE('',(#10458),#11082,.T.);
#11671=ADVANCED_FACE('',(#10459),#11083,.F.);
#11672=ADVANCED_FACE('',(#10460),#11084,.T.);
#11673=ADVANCED_FACE('',(#10461),#11085,.T.);
#11674=ADVANCED_FACE('',(#10462),#11086,.T.);
#11675=ADVANCED_FACE('',(#10463),#11087,.T.);
#11676=ADVANCED_FACE('',(#10464),#11088,.T.);
#11677=ADVANCED_FACE('',(#10465),#11089,.T.);
#11678=ADVANCED_FACE('',(#10466),#11090,.T.);
#11679=ADVANCED_FACE('',(#10467),#11091,.T.);
#11680=ADVANCED_FACE('',(#10468),#11092,.F.);
#11681=ADVANCED_FACE('',(#10469),#11093,.T.);
#11682=ADVANCED_FACE('',(#10470),#11094,.T.);
#11683=ADVANCED_FACE('',(#10471),#11095,.T.);
#11684=ADVANCED_FACE('',(#10472),#11096,.T.);
#11685=ADVANCED_FACE('',(#10473),#11097,.T.);
#11686=ADVANCED_FACE('',(#10474),#11098,.T.);
#11687=ADVANCED_FACE('',(#10475),#11099,.T.);
#11688=ADVANCED_FACE('',(#10476),#11100,.T.);
#11689=ADVANCED_FACE('',(#10477),#11101,.T.);
#11690=ADVANCED_FACE('',(#10478),#11102,.T.);
#11691=ADVANCED_FACE('',(#10479),#11103,.T.);
#11692=ADVANCED_FACE('',(#10480),#11104,.T.);
#11693=ADVANCED_FACE('',(#10481),#11105,.T.);
#11694=ADVANCED_FACE('',(#10482),#11106,.T.);
#11695=ADVANCED_FACE('',(#10483),#11107,.T.);
#11696=ADVANCED_FACE('',(#10484),#11108,.T.);
#11697=ADVANCED_FACE('',(#10485),#11109,.T.);
#11698=ADVANCED_FACE('',(#10486),#11110,.T.);
#11699=ADVANCED_FACE('',(#10487),#11111,.T.);
#11700=ADVANCED_FACE('',(#10488),#11112,.T.);
#11701=ADVANCED_FACE('',(#10489),#11113,.T.);
#11702=ADVANCED_FACE('',(#10490),#11114,.T.);
#11703=ADVANCED_FACE('',(#10491),#11115,.T.);
#11704=ADVANCED_FACE('',(#10492),#11116,.T.);
#11705=ADVANCED_FACE('',(#10493),#11117,.T.);
#11706=ADVANCED_FACE('',(#10494),#11118,.T.);
#11707=ADVANCED_FACE('',(#10495),#11119,.T.);
#11708=ADVANCED_FACE('',(#10496),#11120,.T.);
#11709=ADVANCED_FACE('',(#10497),#11121,.T.);
#11710=ADVANCED_FACE('',(#10498),#11122,.T.);
#11711=ADVANCED_FACE('',(#10499),#11123,.T.);
#11712=ADVANCED_FACE('',(#10500),#11124,.T.);
#11713=ADVANCED_FACE('',(#10501),#11125,.T.);
#11714=ADVANCED_FACE('',(#10502),#11126,.T.);
#11715=ADVANCED_FACE('',(#10503),#11127,.T.);
#11716=ADVANCED_FACE('',(#10504),#11128,.T.);
#11717=ADVANCED_FACE('',(#10505),#11129,.T.);
#11718=ADVANCED_FACE('',(#10506),#11130,.T.);
#11719=ADVANCED_FACE('',(#10507),#11131,.T.);
#11720=ADVANCED_FACE('',(#10508),#11132,.T.);
#11721=ADVANCED_FACE('',(#10509),#11133,.T.);
#11722=ADVANCED_FACE('',(#10510),#11134,.T.);
#11723=ADVANCED_FACE('',(#10511),#11135,.T.);
#11724=ADVANCED_FACE('',(#10512),#11136,.T.);
#11725=ADVANCED_FACE('',(#10513),#11137,.T.);
#11726=ADVANCED_FACE('',(#10514),#11138,.T.);
#11727=ADVANCED_FACE('',(#10515),#11139,.T.);
#11728=ADVANCED_FACE('',(#10516),#11140,.T.);
#11729=ADVANCED_FACE('',(#10517),#11141,.T.);
#11730=ADVANCED_FACE('',(#10518),#11142,.T.);
#11731=ADVANCED_FACE('',(#10519),#11143,.T.);
#11732=ADVANCED_FACE('',(#10520),#11144,.T.);
#11733=ADVANCED_FACE('',(#10521),#11145,.T.);
#11734=ADVANCED_FACE('',(#10522),#11146,.T.);
#11735=ADVANCED_FACE('',(#10523),#11147,.T.);
#11736=ADVANCED_FACE('',(#10524),#11148,.T.);
#11737=ADVANCED_FACE('',(#10525),#11149,.T.);
#11738=ADVANCED_FACE('',(#10526),#11150,.T.);
#11739=ADVANCED_FACE('',(#10527),#11151,.T.);
#11740=ADVANCED_FACE('',(#10528),#11152,.T.);
#11741=ADVANCED_FACE('',(#10529),#11153,.T.);
#11742=ADVANCED_FACE('',(#10530),#11154,.T.);
#11743=ADVANCED_FACE('',(#10531),#11155,.T.);
#11744=ADVANCED_FACE('',(#10532),#11156,.T.);
#11745=ADVANCED_FACE('',(#10533),#11157,.T.);
#11746=ADVANCED_FACE('',(#10534),#11158,.T.);
#11747=ADVANCED_FACE('',(#10535),#11159,.T.);
#11748=ADVANCED_FACE('',(#10536),#11160,.T.);
#11749=ADVANCED_FACE('',(#10537),#11161,.T.);
#11750=ADVANCED_FACE('',(#10538),#11162,.T.);
#11751=ADVANCED_FACE('',(#10539),#11163,.T.);
#11752=ADVANCED_FACE('',(#10540),#11164,.T.);
#11753=ADVANCED_FACE('',(#10541),#11165,.T.);
#11754=ADVANCED_FACE('',(#10542),#11166,.T.);
#11755=ADVANCED_FACE('',(#10543),#11167,.T.);
#11756=ADVANCED_FACE('',(#10544),#11168,.T.);
#11757=ADVANCED_FACE('',(#10545),#11169,.T.);
#11758=ADVANCED_FACE('',(#10546),#11170,.T.);
#11759=ADVANCED_FACE('',(#10547),#11171,.T.);
#11760=ADVANCED_FACE('',(#10548),#11172,.T.);
#11761=ADVANCED_FACE('',(#10549),#11173,.T.);
#11762=ADVANCED_FACE('',(#10550),#11174,.T.);
#11763=ADVANCED_FACE('',(#10551),#11175,.T.);
#11764=ADVANCED_FACE('',(#10552),#11176,.T.);
#11765=ADVANCED_FACE('',(#10553),#11177,.T.);
#11766=ADVANCED_FACE('',(#10554),#11178,.T.);
#11767=ADVANCED_FACE('',(#10555),#11179,.T.);
#11768=ADVANCED_FACE('',(#10556),#11180,.T.);
#11769=ADVANCED_FACE('',(#10557),#11181,.T.);
#11770=ADVANCED_FACE('',(#10558),#11182,.T.);
#11771=ADVANCED_FACE('',(#10559),#11183,.T.);
#11772=ADVANCED_FACE('',(#10560),#11184,.T.);
#11773=ADVANCED_FACE('',(#10561),#11185,.T.);
#11774=ADVANCED_FACE('',(#10562),#11186,.T.);
#11775=ADVANCED_FACE('',(#10563),#11187,.T.);
#11776=ADVANCED_FACE('',(#10564),#11188,.T.);
#11777=ADVANCED_FACE('',(#10565),#11189,.T.);
#11778=ADVANCED_FACE('',(#10566),#11190,.T.);
#11779=ADVANCED_FACE('',(#10567),#11191,.T.);
#11780=ADVANCED_FACE('',(#10568),#11192,.T.);
#11781=ADVANCED_FACE('',(#10569),#11193,.T.);
#11782=ADVANCED_FACE('',(#10570),#11194,.T.);
#11783=ADVANCED_FACE('',(#10571),#11195,.T.);
#11784=ADVANCED_FACE('',(#10572),#11196,.T.);
#11785=ADVANCED_FACE('',(#10573),#11197,.T.);
#11786=ADVANCED_FACE('',(#10574),#11198,.T.);
#11787=ADVANCED_FACE('',(#10575),#11199,.T.);
#11788=ADVANCED_FACE('',(#10576),#11200,.T.);
#11789=ADVANCED_FACE('',(#10577),#11201,.T.);
#11790=ADVANCED_FACE('',(#10578),#11202,.T.);
#11791=ADVANCED_FACE('',(#10579),#11203,.T.);
#11792=ADVANCED_FACE('',(#10580),#11204,.T.);
#11793=ADVANCED_FACE('',(#10581),#11205,.T.);
#11794=ADVANCED_FACE('',(#10582),#11206,.T.);
#11795=ADVANCED_FACE('',(#10583),#11207,.T.);
#11796=ADVANCED_FACE('',(#10584),#11208,.T.);
#11797=ADVANCED_FACE('',(#10585),#11209,.T.);
#11798=ADVANCED_FACE('',(#10586),#11210,.T.);
#11799=ADVANCED_FACE('',(#10587),#11211,.T.);
#11800=ADVANCED_FACE('',(#10588),#11212,.T.);
#11801=ADVANCED_FACE('',(#10589),#11213,.T.);
#11802=ADVANCED_FACE('',(#10590),#11214,.T.);
#11803=ADVANCED_FACE('',(#10591),#11215,.T.);
#11804=ADVANCED_FACE('',(#10592),#11216,.T.);
#11805=ADVANCED_FACE('',(#10593),#11217,.T.);
#11806=ADVANCED_FACE('',(#10594),#11218,.T.);
#11807=ADVANCED_FACE('',(#10595),#11219,.T.);
#11808=ADVANCED_FACE('',(#10596),#11220,.T.);
#11809=ADVANCED_FACE('',(#10597),#11221,.T.);
#11810=ADVANCED_FACE('',(#10598),#11222,.T.);
#11811=ADVANCED_FACE('',(#10599),#11223,.T.);
#11812=ADVANCED_FACE('',(#10600),#11224,.T.);
#11813=ADVANCED_FACE('',(#10601),#11225,.T.);
#11814=ADVANCED_FACE('',(#10602),#11226,.T.);
#11815=ADVANCED_FACE('',(#10603),#11227,.T.);
#11816=ADVANCED_FACE('',(#10604),#11228,.T.);
#11817=ADVANCED_FACE('',(#10605),#11229,.T.);
#11818=ADVANCED_FACE('',(#10606),#11230,.T.);
#11819=ADVANCED_FACE('',(#10607),#11231,.T.);
#11820=ADVANCED_FACE('',(#10608),#11232,.F.);
#11821=ADVANCED_FACE('',(#10609),#11233,.F.);
#11822=ADVANCED_FACE('',(#10610),#11234,.F.);
#11823=ADVANCED_FACE('',(#10611),#11235,.F.);
#11824=ADVANCED_FACE('',(#10612),#11236,.F.);
#11825=ADVANCED_FACE('',(#10613),#11237,.F.);
#11826=ADVANCED_FACE('',(#10614),#11238,.F.);
#11827=ADVANCED_FACE('',(#10615),#11239,.F.);
#11828=ADVANCED_FACE('',(#10616),#11240,.F.);
#11829=ADVANCED_FACE('',(#10617),#11241,.F.);
#11830=ADVANCED_FACE('',(#10618),#11242,.F.);
#11831=ADVANCED_FACE('',(#10619),#11243,.F.);
#11832=ADVANCED_FACE('',(#10620),#11244,.F.);
#11833=ADVANCED_FACE('',(#10621),#11245,.F.);
#11834=ADVANCED_FACE('',(#10622),#11246,.F.);
#11835=ADVANCED_FACE('',(#10623),#11247,.F.);
#11836=ADVANCED_FACE('',(#10624),#11248,.F.);
#11837=ADVANCED_FACE('',(#10625),#11249,.F.);
#11838=ADVANCED_FACE('',(#10626),#11250,.F.);
#11839=ADVANCED_FACE('',(#10627),#11251,.F.);
#11840=ADVANCED_FACE('',(#10628),#11252,.F.);
#11841=ADVANCED_FACE('',(#10629),#11253,.F.);
#11842=ADVANCED_FACE('',(#10630),#11254,.F.);
#11843=ADVANCED_FACE('',(#10631),#11255,.F.);
#11844=ADVANCED_FACE('',(#10632),#11256,.F.);
#11845=ADVANCED_FACE('',(#10633),#11257,.F.);
#11846=ADVANCED_FACE('',(#10634),#11258,.F.);
#11847=ADVANCED_FACE('',(#10635),#11259,.F.);
#11848=ADVANCED_FACE('',(#10636),#11260,.F.);
#11849=ADVANCED_FACE('',(#10637),#11261,.F.);
#11850=ADVANCED_FACE('',(#10638),#11262,.F.);
#11851=ADVANCED_FACE('',(#10639),#11263,.F.);
#11852=ADVANCED_FACE('',(#10640),#11264,.F.);
#11853=ADVANCED_FACE('',(#10641),#11265,.F.);
#11854=ADVANCED_FACE('',(#10642),#11266,.F.);
#11855=ADVANCED_FACE('',(#10643),#11267,.F.);
#11856=ADVANCED_FACE('',(#10644),#11268,.F.);
#11857=ADVANCED_FACE('',(#10645),#11269,.F.);
#11858=ADVANCED_FACE('',(#10646),#11270,.F.);
#11859=ADVANCED_FACE('',(#10647),#11271,.F.);
#11860=ADVANCED_FACE('',(#10648),#11272,.F.);
#11861=ADVANCED_FACE('',(#10649),#11273,.F.);
#11862=ADVANCED_FACE('',(#10650),#11274,.F.);
#11863=ADVANCED_FACE('',(#10651),#11275,.F.);
#11864=ADVANCED_FACE('',(#10652),#11276,.F.);
#11865=ADVANCED_FACE('',(#10653),#11277,.F.);
#11866=ADVANCED_FACE('',(#10654),#11278,.F.);
#11867=ADVANCED_FACE('',(#10655),#11279,.F.);
#11868=ADVANCED_FACE('',(#10656),#11280,.F.);
#11869=ADVANCED_FACE('',(#10657),#11281,.F.);
#11870=ADVANCED_FACE('',(#10658),#11282,.F.);
#11871=ADVANCED_FACE('',(#10659),#11283,.F.);
#11872=ADVANCED_FACE('',(#10660),#11284,.F.);
#11873=ADVANCED_FACE('',(#10661),#11285,.F.);
#11874=ADVANCED_FACE('',(#10662),#11286,.F.);
#11875=ADVANCED_FACE('',(#10663),#11287,.F.);
#11876=ADVANCED_FACE('',(#10664),#11288,.F.);
#11877=ADVANCED_FACE('',(#10665),#11289,.F.);
#11878=ADVANCED_FACE('',(#10666),#11290,.F.);
#11879=ADVANCED_FACE('',(#10667),#11291,.F.);
#11880=ADVANCED_FACE('',(#10668),#11292,.F.);
#11881=ADVANCED_FACE('',(#10669),#11293,.F.);
#11882=ADVANCED_FACE('',(#10670),#11294,.F.);
#11883=ADVANCED_FACE('',(#10671),#11295,.F.);
#11884=ADVANCED_FACE('',(#10672),#11296,.F.);
#11885=ADVANCED_FACE('',(#10673),#11297,.F.);
#11886=ADVANCED_FACE('',(#10674),#11298,.F.);
#11887=ADVANCED_FACE('',(#10675),#11299,.F.);
#11888=ADVANCED_FACE('',(#10676),#11300,.F.);
#11889=ADVANCED_FACE('',(#10677),#11301,.F.);
#11890=ADVANCED_FACE('',(#10678),#11302,.F.);
#11891=ADVANCED_FACE('',(#10679),#11303,.F.);
#11892=ADVANCED_FACE('',(#10680),#11304,.F.);
#11893=ADVANCED_FACE('',(#10681),#11305,.F.);
#11894=ADVANCED_FACE('',(#10682),#11306,.F.);
#11895=ADVANCED_FACE('',(#10683),#11307,.F.);
#11896=ADVANCED_FACE('',(#10684),#11308,.F.);
#11897=ADVANCED_FACE('',(#10685),#11309,.F.);
#11898=ADVANCED_FACE('',(#10686),#11310,.F.);
#11899=ADVANCED_FACE('',(#10687),#11311,.F.);
#11900=ADVANCED_FACE('',(#10688),#11312,.F.);
#11901=ADVANCED_FACE('',(#10689),#11313,.F.);
#11902=ADVANCED_FACE('',(#10690),#11314,.F.);
#11903=ADVANCED_FACE('',(#10691),#11315,.F.);
#11904=ADVANCED_FACE('',(#10692),#11316,.F.);
#11905=ADVANCED_FACE('',(#10693),#11317,.F.);
#11906=ADVANCED_FACE('',(#10694),#11318,.F.);
#11907=ADVANCED_FACE('',(#10695),#11319,.F.);
#11908=ADVANCED_FACE('',(#10696),#11320,.F.);
#11909=ADVANCED_FACE('',(#10697),#11321,.F.);
#11910=ADVANCED_FACE('',(#10698),#11322,.F.);
#11911=ADVANCED_FACE('',(#10699),#11323,.F.);
#11912=ADVANCED_FACE('',(#10700),#11324,.F.);
#11913=ADVANCED_FACE('',(#10701),#11325,.F.);
#11914=ADVANCED_FACE('',(#10702),#11326,.F.);
#11915=ADVANCED_FACE('',(#10703),#11327,.F.);
#11916=ADVANCED_FACE('',(#10704),#11328,.F.);
#11917=ADVANCED_FACE('',(#10705),#11329,.F.);
#11918=ADVANCED_FACE('',(#10706),#11330,.F.);
#11919=ADVANCED_FACE('',(#10707),#11331,.F.);
#11920=ADVANCED_FACE('',(#10708),#11332,.F.);
#11921=ADVANCED_FACE('',(#10709),#11333,.T.);
#11922=ADVANCED_FACE('',(#10710),#11334,.T.);
#11923=ADVANCED_FACE('',(#10711),#11335,.T.);
#11924=ADVANCED_FACE('',(#10712),#11336,.T.);
#11925=ADVANCED_FACE('',(#10713),#11337,.T.);
#11926=ADVANCED_FACE('',(#10714),#11338,.T.);
#11927=ADVANCED_FACE('',(#10715),#11339,.T.);
#11928=ADVANCED_FACE('',(#10716),#11340,.T.);
#11929=ADVANCED_FACE('',(#10717),#11341,.T.);
#11930=ADVANCED_FACE('',(#10718),#11342,.T.);
#11931=ADVANCED_FACE('',(#10719),#11343,.T.);
#11932=ADVANCED_FACE('',(#10720),#11344,.T.);
#11933=ADVANCED_FACE('',(#10721),#11345,.T.);
#11934=ADVANCED_FACE('',(#10722),#11346,.T.);
#11935=ADVANCED_FACE('',(#10723),#11347,.T.);
#11936=ADVANCED_FACE('',(#10724),#11348,.T.);
#11937=ADVANCED_FACE('',(#10725),#11349,.T.);
#11938=ADVANCED_FACE('',(#10726),#11350,.T.);
#11939=ADVANCED_FACE('',(#10727),#11351,.T.);
#11940=ADVANCED_FACE('',(#10728),#11352,.T.);
#11941=ADVANCED_FACE('',(#10729),#11353,.T.);
#11942=ADVANCED_FACE('',(#10730),#11354,.T.);
#11943=ADVANCED_FACE('',(#10731),#11355,.T.);
#11944=ADVANCED_FACE('',(#10732),#11356,.T.);
#11945=ADVANCED_FACE('',(#10733),#11357,.T.);
#11946=ADVANCED_FACE('',(#10734),#11358,.T.);
#11947=ADVANCED_FACE('',(#10735),#11359,.T.);
#11948=ADVANCED_FACE('',(#10736),#11360,.T.);
#11949=ADVANCED_FACE('',(#10737),#11361,.T.);
#11950=ADVANCED_FACE('',(#10738),#11362,.T.);
#11951=ADVANCED_FACE('',(#10739),#11363,.T.);
#11952=ADVANCED_FACE('',(#10740),#11364,.T.);
#11953=ADVANCED_FACE('',(#10741),#11365,.T.);
#11954=ADVANCED_FACE('',(#10742),#11366,.T.);
#11955=ADVANCED_FACE('',(#10743),#11367,.T.);
#11956=ADVANCED_FACE('',(#10744),#11368,.T.);
#11957=ADVANCED_FACE('',(#10745),#70,.T.);
#11958=ADVANCED_FACE('',(#10746),#71,.T.);
#11959=ADVANCED_FACE('',(#10747),#72,.T.);
#11960=ADVANCED_FACE('',(#10748),#73,.T.);
#11961=ADVANCED_FACE('',(#10749),#74,.T.);
#11962=ADVANCED_FACE('',(#10750),#75,.T.);
#11963=ADVANCED_FACE('',(#10751),#76,.T.);
#11964=ADVANCED_FACE('',(#10752),#77,.T.);
#11965=ADVANCED_FACE('',(#10753),#78,.T.);
#11966=ADVANCED_FACE('',(#10754),#79,.T.);
#11967=ADVANCED_FACE('',(#10755),#80,.T.);
#11968=ADVANCED_FACE('',(#10756),#81,.T.);
#11969=ADVANCED_FACE('',(#10757),#11369,.T.);
#11970=ADVANCED_FACE('',(#10758),#11370,.T.);
#11971=ADVANCED_FACE('',(#10759),#11371,.T.);
#11972=ADVANCED_FACE('',(#10760),#11372,.T.);
#11973=ADVANCED_FACE('',(#10761),#11373,.T.);
#11974=ADVANCED_FACE('',(#10762),#11374,.T.);
#11975=ADVANCED_FACE('',(#10763),#11375,.T.);
#11976=ADVANCED_FACE('',(#10764),#11376,.T.);
#11977=ADVANCED_FACE('',(#10765),#11377,.T.);
#11978=ADVANCED_FACE('',(#10766),#11378,.T.);
#11979=ADVANCED_FACE('',(#10767),#11379,.T.);
#11980=ADVANCED_FACE('',(#10768),#11380,.T.);
#11981=ADVANCED_FACE('',(#10769),#11381,.T.);
#11982=ADVANCED_FACE('',(#10770),#11382,.T.);
#11983=ADVANCED_FACE('',(#10771),#11383,.T.);
#11984=ADVANCED_FACE('',(#10772),#11384,.T.);
#11985=ADVANCED_FACE('',(#10773),#11385,.T.);
#11986=ADVANCED_FACE('',(#10774),#11386,.T.);
#11987=ADVANCED_FACE('',(#10775),#11387,.T.);
#11988=ADVANCED_FACE('',(#10776),#11388,.T.);
#11989=ADVANCED_FACE('',(#10777),#11389,.T.);
#11990=ADVANCED_FACE('',(#10778),#11390,.T.);
#11991=ADVANCED_FACE('',(#10779),#11391,.T.);
#11992=ADVANCED_FACE('',(#10780),#11392,.T.);
#11993=ADVANCED_FACE('',(#10781),#82,.T.);
#11994=ADVANCED_FACE('',(#10782),#83,.T.);
#11995=ADVANCED_FACE('',(#10783),#84,.T.);
#11996=ADVANCED_FACE('',(#10784),#85,.T.);
#11997=ADVANCED_FACE('',(#10785),#86,.T.);
#11998=ADVANCED_FACE('',(#10786),#87,.T.);
#11999=ADVANCED_FACE('',(#10787),#88,.T.);
#12000=ADVANCED_FACE('',(#10788),#89,.T.);
#12001=ADVANCED_FACE('',(#10789),#90,.T.);
#12002=ADVANCED_FACE('',(#10790),#91,.T.);
#12003=ADVANCED_FACE('',(#10791),#92,.T.);
#12004=ADVANCED_FACE('',(#10792),#93,.T.);
#12005=ADVANCED_FACE('',(#10793),#11393,.T.);
#12006=ADVANCED_FACE('',(#10794),#11394,.T.);
#12007=ADVANCED_FACE('',(#10795),#11395,.T.);
#12008=ADVANCED_FACE('',(#10796),#11396,.T.);
#12009=ADVANCED_FACE('',(#10797),#11397,.T.);
#12010=ADVANCED_FACE('',(#10798),#11398,.T.);
#12011=ADVANCED_FACE('',(#10799),#11399,.T.);
#12012=ADVANCED_FACE('',(#10800),#11400,.T.);
#12013=ADVANCED_FACE('',(#10801),#11401,.T.);
#12014=ADVANCED_FACE('',(#10802),#11402,.T.);
#12015=ADVANCED_FACE('',(#10803),#11403,.T.);
#12016=ADVANCED_FACE('',(#10804),#11404,.T.);
#12017=ADVANCED_FACE('',(#10805),#11405,.T.);
#12018=ADVANCED_FACE('',(#10806),#11406,.T.);
#12019=ADVANCED_FACE('',(#10807),#11407,.T.);
#12020=ADVANCED_FACE('',(#10808),#11408,.T.);
#12021=ADVANCED_FACE('',(#10809),#11409,.T.);
#12022=ADVANCED_FACE('',(#10810),#11410,.T.);
#12023=ADVANCED_FACE('',(#10811),#11411,.T.);
#12024=ADVANCED_FACE('',(#10812),#11412,.T.);
#12025=ADVANCED_FACE('',(#10813),#11413,.T.);
#12026=ADVANCED_FACE('',(#10814),#11414,.T.);
#12027=ADVANCED_FACE('',(#10815),#11415,.T.);
#12028=ADVANCED_FACE('',(#10816),#11416,.T.);
#12029=ADVANCED_FACE('',(#10817),#11417,.T.);
#12030=ADVANCED_FACE('',(#10818),#11418,.T.);
#12031=ADVANCED_FACE('',(#10819),#11419,.T.);
#12032=ADVANCED_FACE('',(#10820),#11420,.T.);
#12033=ADVANCED_FACE('',(#10821),#11421,.T.);
#12034=ADVANCED_FACE('',(#10822),#11422,.T.);
#12035=ADVANCED_FACE('',(#10823),#11423,.T.);
#12036=ADVANCED_FACE('',(#10824),#11424,.T.);
#12037=ADVANCED_FACE('',(#10825),#11425,.T.);
#12038=ADVANCED_FACE('',(#10826),#11426,.T.);
#12039=ADVANCED_FACE('',(#10827),#11427,.T.);
#12040=ADVANCED_FACE('',(#10828),#11428,.T.);
#12041=ADVANCED_FACE('',(#10829),#11429,.T.);
#12042=ADVANCED_FACE('',(#10830),#11430,.T.);
#12043=ADVANCED_FACE('',(#10831),#11431,.T.);
#12044=ADVANCED_FACE('',(#10832),#94,.T.);
#12045=ADVANCED_FACE('',(#10833),#11432,.T.);
#12046=ADVANCED_FACE('',(#10834),#11433,.T.);
#12047=ADVANCED_FACE('',(#10835),#11434,.T.);
#12048=ADVANCED_FACE('',(#10836),#95,.T.);
#12049=ADVANCED_FACE('',(#10837),#11435,.T.);
#12050=ADVANCED_FACE('',(#10838),#11436,.T.);
#12051=ADVANCED_FACE('',(#10839),#11437,.T.);
#12052=ADVANCED_FACE('',(#10840),#11438,.T.);
#12053=ADVANCED_FACE('',(#10841),#11439,.T.);
#12054=ADVANCED_FACE('',(#10842),#11440,.F.);
#12055=ADVANCED_FACE('',(#10843),#11441,.T.);
#12056=ADVANCED_FACE('',(#10844),#11442,.F.);
#12057=ADVANCED_FACE('',(#10845),#11443,.F.);
#12058=ADVANCED_FACE('',(#10846),#11444,.F.);
#12059=ADVANCED_FACE('',(#10847),#11445,.F.);
#12060=ADVANCED_FACE('',(#10848),#11446,.F.);
#12061=ADVANCED_FACE('',(#10849),#11447,.F.);
#12062=ADVANCED_FACE('',(#10850),#11448,.F.);
#12063=ADVANCED_FACE('',(#10851),#11449,.F.);
#12064=ADVANCED_FACE('',(#10852),#11450,.F.);
#12065=ADVANCED_FACE('',(#10853),#11451,.F.);
#12066=ADVANCED_FACE('',(#10854),#11452,.F.);
#12067=ADVANCED_FACE('',(#10855),#11453,.F.);
#12068=ADVANCED_FACE('',(#10856),#11454,.F.);
#12069=ADVANCED_FACE('',(#10857),#11455,.F.);
#12070=ADVANCED_FACE('',(#10858),#11456,.F.);
#12071=ADVANCED_FACE('',(#10859),#11457,.F.);
#12072=ADVANCED_FACE('',(#10860),#11458,.F.);
#12073=ADVANCED_FACE('',(#10861),#11459,.F.);
#12074=ADVANCED_FACE('',(#10862),#11460,.F.);
#12075=ADVANCED_FACE('',(#10863),#11461,.F.);
#12076=ADVANCED_FACE('',(#10864),#11462,.F.);
#12077=ADVANCED_FACE('',(#10865),#11463,.F.);
#12078=ADVANCED_FACE('',(#10866),#11464,.F.);
#12079=ADVANCED_FACE('',(#10867),#11465,.F.);
#12080=ADVANCED_FACE('',(#10868),#11466,.F.);
#12081=ADVANCED_FACE('',(#10869),#11467,.F.);
#12082=ADVANCED_FACE('',(#10870),#11468,.F.);
#12083=ADVANCED_FACE('',(#10871),#11469,.F.);
#12084=ADVANCED_FACE('',(#10872),#11470,.F.);
#12085=ADVANCED_FACE('',(#10873),#11471,.F.);
#12086=ADVANCED_FACE('',(#10874),#11472,.F.);
#12087=ADVANCED_FACE('',(#10875),#11473,.F.);
#12088=ADVANCED_FACE('',(#10876),#11474,.F.);
#12089=ADVANCED_FACE('',(#10877),#11475,.F.);
#12090=ADVANCED_FACE('',(#10878),#11476,.F.);
#12091=ADVANCED_FACE('',(#10879),#11477,.F.);
#12092=ADVANCED_FACE('',(#10880),#11478,.F.);
#12093=ADVANCED_FACE('',(#10881),#11479,.F.);
#12094=ADVANCED_FACE('',(#10882),#11480,.F.);
#12095=ADVANCED_FACE('',(#10883),#11481,.F.);
#12096=ADVANCED_FACE('',(#10884),#11482,.F.);
#12097=ADVANCED_FACE('',(#10885),#11483,.F.);
#12098=ADVANCED_FACE('',(#10886),#11484,.F.);
#12099=ADVANCED_FACE('',(#10887),#11485,.F.);
#12100=ADVANCED_FACE('',(#10888),#11486,.F.);
#12101=ADVANCED_FACE('',(#10889),#11487,.F.);
#12102=ADVANCED_FACE('',(#10890),#11488,.F.);
#12103=ADVANCED_FACE('',(#10891),#11489,.F.);
#12104=ADVANCED_FACE('',(#10892),#11490,.F.);
#12105=ADVANCED_FACE('',(#10893,#10894),#96,.T.);
#12106=ADVANCED_FACE('',(#10895),#11491,.T.);
#12107=ADVANCED_FACE('',(#10896),#11492,.T.);
#12108=ADVANCED_FACE('',(#10897),#11493,.T.);
#12109=ADVANCED_FACE('',(#10898),#11494,.T.);
#12110=ADVANCED_FACE('',(#10899),#11495,.T.);
#12111=ADVANCED_FACE('',(#10900),#11496,.T.);
#12112=ADVANCED_FACE('',(#10901),#11497,.T.);
#12113=ADVANCED_FACE('',(#10902),#11498,.T.);
#12114=ADVANCED_FACE('',(#10903),#11499,.T.);
#12115=ADVANCED_FACE('',(#10904),#11500,.T.);
#12116=ADVANCED_FACE('',(#10905),#11501,.T.);
#12117=ADVANCED_FACE('',(#10906),#11502,.T.);
#12118=ADVANCED_FACE('',(#10907),#11503,.T.);
#12119=ADVANCED_FACE('',(#10908),#11504,.T.);
#12120=ADVANCED_FACE('',(#10909),#11505,.T.);
#12121=ADVANCED_FACE('',(#10910),#11506,.T.);
#12122=ADVANCED_FACE('',(#10911),#11507,.T.);
#12123=ADVANCED_FACE('',(#10912),#11508,.T.);
#12124=ADVANCED_FACE('',(#10913),#11509,.T.);
#12125=ADVANCED_FACE('',(#10914),#11510,.T.);
#12126=ADVANCED_FACE('',(#10915),#11511,.T.);
#12127=ADVANCED_FACE('',(#10916),#11512,.F.);
#12128=ADVANCED_FACE('',(#10917),#11513,.T.);
#12129=ADVANCED_FACE('',(#10918),#11514,.F.);
#12130=ADVANCED_FACE('',(#10919,#10920),#11515,.T.);
#12131=ADVANCED_FACE('',(#10921,#10922),#11516,.F.);
#12132=ADVANCED_FACE('',(#10923,#10924),#97,.T.);
#12133=ADVANCED_FACE('',(#10925),#11517,.F.);
#12134=ADVANCED_FACE('',(#10926),#11518,.F.);
#12135=ADVANCED_FACE('',(#10927),#11519,.F.);
#12136=ADVANCED_FACE('',(#10928),#98,.T.);
#12137=ADVANCED_FACE('',(#10929),#11520,.F.);
#12138=ADVANCED_FACE('',(#10930),#11521,.F.);
#12139=ADVANCED_FACE('',(#10931),#11522,.F.);
#12140=ADVANCED_FACE('',(#10932),#11523,.F.);
#12141=ADVANCED_FACE('',(#10933),#11524,.F.);
#12142=ADVANCED_FACE('',(#10934),#11525,.F.);
#12143=ADVANCED_FACE('',(#10935,#10936),#11526,.T.);
#12144=ADVANCED_FACE('',(#10937,#10938),#11527,.F.);
#12145=ADVANCED_FACE('',(#10939),#99,.T.);
#12146=ADVANCED_FACE('',(#10940),#11528,.T.);
#12147=ADVANCED_FACE('',(#10941),#11529,.F.);
#12148=ADVANCED_FACE('',(#10942),#11530,.T.);
#12149=ADVANCED_FACE('',(#10943),#11531,.F.);
#12150=CLOSED_SHELL('',(#11532,#11533,#11534,#11535,#11536,#11537,#11538,
#11539,#11540,#11541,#11542,#11543,#11544,#11545,#11546,#11547,#11548,#11549,
#11550,#11551,#11552,#11553,#11554,#11555,#11556,#11557,#11558,#11559,#11560,
#11561,#11562,#11563,#11564,#11565,#11566,#11567,#11568,#11569,#11570,#11571,
#11572,#11573,#11574,#11575,#11576,#11577,#11578,#11579,#11580,#11581,#11582,
#11583,#11584,#11585,#11586,#11587,#11588,#11589,#11590,#11591,#11592,#11593,
#11594,#11595,#11596,#11597,#11598,#11599,#11600,#11601,#11602,#11603,#11604,
#11605,#11606,#11607,#11608,#11609,#11610,#11611,#11612,#11613,#11614,#11615,
#11616,#11617,#11618,#11619,#11620,#11621,#11622,#11623,#11624,#11625,#11626,
#11627,#11628,#11629,#11630,#11631,#11632,#11633,#11634,#11635,#11636,#11637,
#11638,#11639,#11640,#11641,#11642,#11643,#11644,#11645,#11646,#11647,#11648,
#11649,#11650,#11651,#11652,#11653,#11654,#11655,#11656,#11657,#11658,#11659,
#11660,#11661,#11662,#11663,#11664,#11665,#11666,#11667,#11668,#11669,#11670,
#11671,#11672,#11673,#11674,#11675,#11676,#11677,#11678,#11679,#11680,#11681,
#11682,#11683,#11684,#11685));
#12151=CLOSED_SHELL('',(#11686,#11687,#11688,#11689,#11690,#11691,#11692,
#11693,#11694,#11695,#11696,#11697,#11698,#11699,#11700,#11701,#11702,#11703,
#11704,#11705,#11706,#11707,#11708,#11709,#11710,#11711,#11712,#11713,#11714,
#11715,#11716,#11717,#11718,#11719,#11720,#11721,#11722,#11723,#11724,#11725,
#11726,#11727,#11728,#11729,#11730,#11731,#11732,#11733,#11734,#11735,#11736,
#11737,#11738,#11739,#11740,#11741,#11742,#11743,#11744,#11745,#11746,#11747,
#11748,#11749,#11750,#11751,#11752,#11753,#11754,#11755,#11756,#11757,#11758,
#11759,#11760,#11761,#11762,#11763,#11764,#11765,#11766,#11767,#11768,#11769,
#11770,#11771,#11772,#11773,#11774,#11775,#11776,#11777,#11778,#11779,#11780,
#11781,#11782,#11783,#11784,#11785,#11786,#11787,#11788,#11789,#11790,#11791,
#11792,#11793,#11794,#11795,#11796,#11797,#11798,#11799,#11800,#11801,#11802,
#11803,#11804,#11805,#11806,#11807,#11808,#11809,#11810,#11811,#11812,#11813,
#11814,#11815,#11816,#11817,#11818,#11819,#11820,#11821,#11822,#11823,#11824,
#11825,#11826,#11827,#11828,#11829,#11830,#11831,#11832,#11833,#11834,#11835,
#11836,#11837,#11838,#11839,#11840,#11841,#11842,#11843,#11844,#11845,#11846,
#11847,#11848,#11849,#11850,#11851,#11852,#11853,#11854,#11855,#11856,#11857,
#11858,#11859,#11860,#11861,#11862,#11863,#11864,#11865,#11866,#11867,#11868,
#11869,#11870,#11871,#11872,#11873,#11874,#11875,#11876,#11877,#11878,#11879,
#11880,#11881,#11882,#11883,#11884,#11885,#11886,#11887,#11888,#11889,#11890,
#11891,#11892,#11893,#11894,#11895,#11896,#11897,#11898,#11899,#11900,#11901,
#11902,#11903,#11904,#11905,#11906,#11907,#11908,#11909,#11910,#11911,#11912,
#11913,#11914,#11915,#11916,#11917,#11918,#11919,#11920));
#12152=CLOSED_SHELL('',(#11921,#11922,#11923,#11924,#11925,#11926,#11927,
#11928,#11929,#11930,#11931,#11932,#11933,#11934,#11935,#11936,#11937,#11938,
#11939,#11940,#11941,#11942,#11943,#11944,#11945,#11946,#11947,#11948,#11949,
#11950,#11951,#11952,#11953,#11954,#11955,#11956,#11957,#11958,#11959,#11960,
#11961,#11962,#11963,#11964,#11965,#11966,#11967,#11968,#11969,#11970,#11971,
#11972,#11973,#11974,#11975,#11976,#11977,#11978,#11979,#11980,#11981,#11982,
#11983,#11984,#11985,#11986,#11987,#11988,#11989,#11990,#11991,#11992,#11993,
#11994,#11995,#11996,#11997,#11998,#11999,#12000,#12001,#12002,#12003,#12004,
#12005,#12006,#12007,#12008,#12009,#12010,#12011,#12012,#12013,#12014,#12015,
#12016,#12017,#12018,#12019,#12020,#12021,#12022,#12023,#12024,#12025,#12026,
#12027,#12028,#12029,#12030,#12031,#12032,#12033,#12034,#12035,#12036,#12037,
#12038,#12039,#12040,#12041,#12042,#12043,#12044,#12045,#12046,#12047,#12048,
#12049,#12050,#12051,#12052,#12053,#12054,#12055,#12056,#12057,#12058,#12059,
#12060,#12061,#12062,#12063,#12064,#12065,#12066,#12067,#12068,#12069,#12070,
#12071,#12072,#12073,#12074,#12075,#12076,#12077,#12078,#12079,#12080,#12081,
#12082,#12083,#12084,#12085,#12086,#12087,#12088,#12089,#12090,#12091,#12092,
#12093,#12094,#12095,#12096,#12097,#12098,#12099,#12100,#12101,#12102,#12103));
#12153=CLOSED_SHELL('',(#12104,#12105,#12106,#12107,#12108,#12109,#12110,
#12111,#12112,#12113,#12114,#12115,#12116,#12117,#12118,#12119,#12120,#12121,
#12122,#12123,#12124,#12125,#12126,#12127,#12128,#12129,#12130,#12131,#12132,
#12133,#12134,#12135,#12136,#12137,#12138,#12139,#12140,#12141,#12142,#12143,
#12144,#12145,#12146,#12147,#12148,#12149));
#12154=STYLED_ITEM('',(#12158),#12185);
#12155=STYLED_ITEM('',(#12159),#12186);
#12156=STYLED_ITEM('',(#12160),#12187);
#12157=STYLED_ITEM('',(#12161),#12188);
#12158=PRESENTATION_STYLE_ASSIGNMENT((#12162));
#12159=PRESENTATION_STYLE_ASSIGNMENT((#12163));
#12160=PRESENTATION_STYLE_ASSIGNMENT((#12164));
#12161=PRESENTATION_STYLE_ASSIGNMENT((#12165));
#12162=SURFACE_STYLE_USAGE(.BOTH.,#12166);
#12163=SURFACE_STYLE_USAGE(.BOTH.,#12167);
#12164=SURFACE_STYLE_USAGE(.BOTH.,#12168);
#12165=SURFACE_STYLE_USAGE(.BOTH.,#12169);
#12166=SURFACE_SIDE_STYLE('',(#12170));
#12167=SURFACE_SIDE_STYLE('',(#12171));
#12168=SURFACE_SIDE_STYLE('',(#12172));
#12169=SURFACE_SIDE_STYLE('',(#12173));
#12170=SURFACE_STYLE_FILL_AREA(#12174);
#12171=SURFACE_STYLE_FILL_AREA(#12175);
#12172=SURFACE_STYLE_FILL_AREA(#12176);
#12173=SURFACE_STYLE_FILL_AREA(#12177);
#12174=FILL_AREA_STYLE('',(#12178));
#12175=FILL_AREA_STYLE('',(#12179));
#12176=FILL_AREA_STYLE('',(#12180));
#12177=FILL_AREA_STYLE('',(#12181));
#12178=FILL_AREA_STYLE_COLOUR('',#12182);
#12179=FILL_AREA_STYLE_COLOUR('',#12183);
#12180=FILL_AREA_STYLE_COLOUR('',#12184);
#12181=FILL_AREA_STYLE_COLOUR('',#12182);
#12182=COLOUR_RGB('',0.0549019612371922,0.0549019612371922,0.0549019612371922);
#12183=COLOUR_RGB('',0.831372559070587,0.701960802078247,0.176470592617989);
#12184=COLOUR_RGB('',0.670588254928589,0.670588254928589,0.670588254928589);
#12185=MANIFOLD_SOLID_BREP('FTSH-113-01-L-DV-EJ-K_body',#12150);
#12186=MANIFOLD_SOLID_BREP('FTSH-113-01-L-DV-EJ-K_pins1',#12151);
#12187=MANIFOLD_SOLID_BREP('FTSH-113-01-L-DV-EJ-K_pins2',#12152);
#12188=MANIFOLD_SOLID_BREP('FTSH-EJ_shrouds',#12153);
#12189=SHAPE_DEFINITION_REPRESENTATION(#19328,#12194);
#12190=SHAPE_DEFINITION_REPRESENTATION(#19329,#12195);
#12191=SHAPE_DEFINITION_REPRESENTATION(#19331,#12196);
#12192=SHAPE_DEFINITION_REPRESENTATION(#19333,#12197);
#12193=SHAPE_DEFINITION_REPRESENTATION(#19335,#12198);
#12194=SHAPE_REPRESENTATION('FTSH-113-01-L-DV-EJ-K',(#12199,#12354,#12590,
#12826,#12881,#12882),#19312);
#12195=SHAPE_REPRESENTATION('FTSH-113-01-L-DV-EJ-K_body',(#12199),#19313);
#12196=SHAPE_REPRESENTATION('FTSH-113-01-L-DV-EJ-K_pins1',(#12199),#19314);
#12197=SHAPE_REPRESENTATION('FTSH-113-01-L-DV-EJ-K_pins2',(#12199),#19315);
#12198=SHAPE_REPRESENTATION('FTSH-EJ_shrouds',(#12199),#19316);
#12199=AXIS2_PLACEMENT_3D('',#15891,#12883,#12884);
#12200=AXIS2_PLACEMENT_3D('',#15892,#12885,#12886);
#12201=AXIS2_PLACEMENT_3D('',#15913,#12897,#12898);
#12202=AXIS2_PLACEMENT_3D('',#15924,#12904,#12905);
#12203=AXIS2_PLACEMENT_3D('',#15935,#12911,#12912);
#12204=AXIS2_PLACEMENT_3D('',#15938,#12915,#12916);
#12205=AXIS2_PLACEMENT_3D('',#15941,#12919,#12920);
#12206=AXIS2_PLACEMENT_3D('',#15950,#12925,#12926);
#12207=AXIS2_PLACEMENT_3D('',#15958,#12931,#12932);
#12208=AXIS2_PLACEMENT_3D('',#15967,#12937,#12938);
#12209=AXIS2_PLACEMENT_3D('',#15976,#12943,#12944);
#12210=AXIS2_PLACEMENT_3D('',#15985,#12949,#12950);
#12211=AXIS2_PLACEMENT_3D('',#15994,#12955,#12956);
#12212=AXIS2_PLACEMENT_3D('',#16003,#12961,#12962);
#12213=AXIS2_PLACEMENT_3D('',#16009,#12966,#12967);
#12214=AXIS2_PLACEMENT_3D('',#16015,#12971,#12972);
#12215=AXIS2_PLACEMENT_3D('',#16024,#12977,#12978);
#12216=AXIS2_PLACEMENT_3D('',#16030,#12982,#12983);
#12217=AXIS2_PLACEMENT_3D('',#16036,#12987,#12988);
#12218=AXIS2_PLACEMENT_3D('',#16045,#12993,#12994);
#12219=AXIS2_PLACEMENT_3D('',#16051,#12998,#12999);
#12220=AXIS2_PLACEMENT_3D('',#16057,#13003,#13004);
#12221=AXIS2_PLACEMENT_3D('',#16066,#13009,#13010);
#12222=AXIS2_PLACEMENT_3D('',#16072,#13014,#13015);
#12223=AXIS2_PLACEMENT_3D('',#16078,#13019,#13020);
#12224=AXIS2_PLACEMENT_3D('',#16087,#13025,#13026);
#12225=AXIS2_PLACEMENT_3D('',#16093,#13030,#13031);
#12226=AXIS2_PLACEMENT_3D('',#16099,#13035,#13036);
#12227=AXIS2_PLACEMENT_3D('',#16108,#13041,#13042);
#12228=AXIS2_PLACEMENT_3D('',#16114,#13046,#13047);
#12229=AXIS2_PLACEMENT_3D('',#16120,#13051,#13052);
#12230=AXIS2_PLACEMENT_3D('',#16129,#13057,#13058);
#12231=AXIS2_PLACEMENT_3D('',#16138,#13063,#13064);
#12232=AXIS2_PLACEMENT_3D('',#16141,#13067,#13068);
#12233=AXIS2_PLACEMENT_3D('',#16144,#13071,#13072);
#12234=AXIS2_PLACEMENT_3D('',#16147,#13075,#13076);
#12235=AXIS2_PLACEMENT_3D('',#16150,#13079,#13080);
#12236=AXIS2_PLACEMENT_3D('',#16153,#13083,#13084);
#12237=AXIS2_PLACEMENT_3D('',#16156,#13087,#13088);
#12238=AXIS2_PLACEMENT_3D('',#16165,#13093,#13094);
#12239=AXIS2_PLACEMENT_3D('',#16174,#13099,#13100);
#12240=AXIS2_PLACEMENT_3D('',#16187,#13109,#13110);
#12241=AXIS2_PLACEMENT_3D('',#16195,#13115,#13116);
#12242=AXIS2_PLACEMENT_3D('',#16211,#13126,#13127);
#12243=AXIS2_PLACEMENT_3D('',#16220,#13132,#13133);
#12244=AXIS2_PLACEMENT_3D('',#16226,#13137,#13138);
#12245=AXIS2_PLACEMENT_3D('',#16232,#13142,#13143);
#12246=AXIS2_PLACEMENT_3D('',#16241,#13148,#13149);
#12247=AXIS2_PLACEMENT_3D('',#16247,#13153,#13154);
#12248=AXIS2_PLACEMENT_3D('',#16253,#13158,#13159);
#12249=AXIS2_PLACEMENT_3D('',#16262,#13164,#13165);
#12250=AXIS2_PLACEMENT_3D('',#16268,#13169,#13170);
#12251=AXIS2_PLACEMENT_3D('',#16274,#13174,#13175);
#12252=AXIS2_PLACEMENT_3D('',#16283,#13180,#13181);
#12253=AXIS2_PLACEMENT_3D('',#16289,#13185,#13186);
#12254=AXIS2_PLACEMENT_3D('',#16295,#13190,#13191);
#12255=AXIS2_PLACEMENT_3D('',#16304,#13196,#13197);
#12256=AXIS2_PLACEMENT_3D('',#16310,#13201,#13202);
#12257=AXIS2_PLACEMENT_3D('',#16316,#13206,#13207);
#12258=AXIS2_PLACEMENT_3D('',#16325,#13212,#13213);
#12259=AXIS2_PLACEMENT_3D('',#16331,#13217,#13218);
#12260=AXIS2_PLACEMENT_3D('',#16337,#13222,#13223);
#12261=AXIS2_PLACEMENT_3D('',#16346,#13228,#13229);
#12262=AXIS2_PLACEMENT_3D('',#16352,#13233,#13234);
#12263=AXIS2_PLACEMENT_3D('',#16358,#13238,#13239);
#12264=AXIS2_PLACEMENT_3D('',#16367,#13244,#13245);
#12265=AXIS2_PLACEMENT_3D('',#16373,#13249,#13250);
#12266=AXIS2_PLACEMENT_3D('',#16379,#13254,#13255);
#12267=AXIS2_PLACEMENT_3D('',#16389,#13261,#13262);
#12268=AXIS2_PLACEMENT_3D('',#16395,#13266,#13267);
#12269=AXIS2_PLACEMENT_3D('',#16405,#13273,#13274);
#12270=AXIS2_PLACEMENT_3D('',#16411,#13278,#13279);
#12271=AXIS2_PLACEMENT_3D('',#16420,#13284,#13285);
#12272=AXIS2_PLACEMENT_3D('',#16427,#13290,#13291);
#12273=AXIS2_PLACEMENT_3D('',#16436,#13296,#13297);
#12274=AXIS2_PLACEMENT_3D('',#16443,#13302,#13303);
#12275=AXIS2_PLACEMENT_3D('',#16452,#13308,#13309);
#12276=AXIS2_PLACEMENT_3D('',#16458,#13313,#13314);
#12277=AXIS2_PLACEMENT_3D('',#16464,#13318,#13319);
#12278=AXIS2_PLACEMENT_3D('',#16473,#13324,#13325);
#12279=AXIS2_PLACEMENT_3D('',#16479,#13329,#13330);
#12280=AXIS2_PLACEMENT_3D('',#16485,#13334,#13335);
#12281=AXIS2_PLACEMENT_3D('',#16494,#13340,#13341);
#12282=AXIS2_PLACEMENT_3D('',#16500,#13345,#13346);
#12283=AXIS2_PLACEMENT_3D('',#16506,#13350,#13351);
#12284=AXIS2_PLACEMENT_3D('',#16515,#13356,#13357);
#12285=AXIS2_PLACEMENT_3D('',#16521,#13361,#13362);
#12286=AXIS2_PLACEMENT_3D('',#16527,#13366,#13367);
#12287=AXIS2_PLACEMENT_3D('',#16536,#13372,#13373);
#12288=AXIS2_PLACEMENT_3D('',#16542,#13377,#13378);
#12289=AXIS2_PLACEMENT_3D('',#16548,#13382,#13383);
#12290=AXIS2_PLACEMENT_3D('',#16557,#13388,#13389);
#12291=AXIS2_PLACEMENT_3D('',#16563,#13393,#13394);
#12292=AXIS2_PLACEMENT_3D('',#16569,#13398,#13399);
#12293=AXIS2_PLACEMENT_3D('',#16578,#13404,#13405);
#12294=AXIS2_PLACEMENT_3D('',#16584,#13409,#13410);
#12295=AXIS2_PLACEMENT_3D('',#16590,#13414,#13415);
#12296=AXIS2_PLACEMENT_3D('',#16599,#13420,#13421);
#12297=AXIS2_PLACEMENT_3D('',#16605,#13425,#13426);
#12298=AXIS2_PLACEMENT_3D('',#16611,#13430,#13431);
#12299=AXIS2_PLACEMENT_3D('',#16614,#13434,#13435);
#12300=AXIS2_PLACEMENT_3D('',#16617,#13438,#13439);
#12301=AXIS2_PLACEMENT_3D('',#16620,#13442,#13443);
#12302=AXIS2_PLACEMENT_3D('',#16623,#13446,#13447);
#12303=AXIS2_PLACEMENT_3D('',#16626,#13450,#13451);
#12304=AXIS2_PLACEMENT_3D('',#16629,#13454,#13455);
#12305=AXIS2_PLACEMENT_3D('',#16632,#13458,#13459);
#12306=AXIS2_PLACEMENT_3D('',#16635,#13462,#13463);
#12307=AXIS2_PLACEMENT_3D('',#16642,#13468,#13469);
#12308=AXIS2_PLACEMENT_3D('',#16649,#13474,#13475);
#12309=AXIS2_PLACEMENT_3D('',#16656,#13480,#13481);
#12310=AXIS2_PLACEMENT_3D('',#16663,#13486,#13487);
#12311=AXIS2_PLACEMENT_3D('',#16666,#13490,#13491);
#12312=AXIS2_PLACEMENT_3D('',#16669,#13494,#13495);
#12313=AXIS2_PLACEMENT_3D('',#16672,#13498,#13499);
#12314=AXIS2_PLACEMENT_3D('',#16675,#13502,#13503);
#12315=AXIS2_PLACEMENT_3D('',#16678,#13506,#13507);
#12316=AXIS2_PLACEMENT_3D('',#16681,#13510,#13511);
#12317=AXIS2_PLACEMENT_3D('',#16684,#13514,#13515);
#12318=AXIS2_PLACEMENT_3D('',#16687,#13518,#13519);
#12319=AXIS2_PLACEMENT_3D('',#16693,#13523,#13524);
#12320=AXIS2_PLACEMENT_3D('',#16697,#13528,#13529);
#12321=AXIS2_PLACEMENT_3D('',#16709,#13539,#13540);
#12322=AXIS2_PLACEMENT_3D('',#16712,#13543,#13544);
#12323=AXIS2_PLACEMENT_3D('',#16714,#13546,#13547);
#12324=AXIS2_PLACEMENT_3D('',#16716,#13549,#13550);
#12325=AXIS2_PLACEMENT_3D('',#16719,#13553,#13554);
#12326=AXIS2_PLACEMENT_3D('',#16721,#13556,#13557);
#12327=AXIS2_PLACEMENT_3D('',#16723,#13559,#13560);
#12328=AXIS2_PLACEMENT_3D('',#16725,#13562,#13563);
#12329=AXIS2_PLACEMENT_3D('',#16726,#13564,#13565);
#12330=AXIS2_PLACEMENT_3D('',#16728,#13567,#13568);
#12331=AXIS2_PLACEMENT_3D('',#16729,#13569,#13570);
#12332=AXIS2_PLACEMENT_3D('',#16730,#13571,#13572);
#12333=AXIS2_PLACEMENT_3D('',#16731,#13573,#13574);
#12334=AXIS2_PLACEMENT_3D('',#16732,#13575,#13576);
#12335=AXIS2_PLACEMENT_3D('',#16733,#13577,#13578);
#12336=AXIS2_PLACEMENT_3D('',#16734,#13579,#13580);
#12337=AXIS2_PLACEMENT_3D('',#16735,#13581,#13582);
#12338=AXIS2_PLACEMENT_3D('',#16737,#13584,#13585);
#12339=AXIS2_PLACEMENT_3D('',#16738,#13586,#13587);
#12340=AXIS2_PLACEMENT_3D('',#16740,#13589,#13590);
#12341=AXIS2_PLACEMENT_3D('',#16741,#13591,#13592);
#12342=AXIS2_PLACEMENT_3D('',#16743,#13594,#13595);
#12343=AXIS2_PLACEMENT_3D('',#16745,#13597,#13598);
#12344=AXIS2_PLACEMENT_3D('',#16752,#13603,#13604);
#12345=AXIS2_PLACEMENT_3D('',#16759,#13609,#13610);
#12346=AXIS2_PLACEMENT_3D('',#16761,#13612,#13613);
#12347=AXIS2_PLACEMENT_3D('',#16762,#13614,#13615);
#12348=AXIS2_PLACEMENT_3D('',#16764,#13617,#13618);
#12349=AXIS2_PLACEMENT_3D('',#16765,#13619,#13620);
#12350=AXIS2_PLACEMENT_3D('',#16766,#13621,#13622);
#12351=AXIS2_PLACEMENT_3D('',#16768,#13624,#13625);
#12352=AXIS2_PLACEMENT_3D('',#16769,#13626,#13627);
#12353=AXIS2_PLACEMENT_3D('',#16771,#13629,#13630);
#12354=AXIS2_PLACEMENT_3D('',#16772,#13631,#13632);
#12355=AXIS2_PLACEMENT_3D('',#16773,#13633,#13634);
#12356=AXIS2_PLACEMENT_3D('',#16782,#13639,#13640);
#12357=AXIS2_PLACEMENT_3D('',#16791,#13645,#13646);
#12358=AXIS2_PLACEMENT_3D('',#16800,#13651,#13652);
#12359=AXIS2_PLACEMENT_3D('',#16809,#13657,#13658);
#12360=AXIS2_PLACEMENT_3D('',#16818,#13663,#13664);
#12361=AXIS2_PLACEMENT_3D('',#16827,#13669,#13670);
#12362=AXIS2_PLACEMENT_3D('',#16836,#13675,#13676);
#12363=AXIS2_PLACEMENT_3D('',#16845,#13681,#13682);
#12364=AXIS2_PLACEMENT_3D('',#16854,#13687,#13688);
#12365=AXIS2_PLACEMENT_3D('',#16863,#13693,#13694);
#12366=AXIS2_PLACEMENT_3D('',#16872,#13699,#13700);
#12367=AXIS2_PLACEMENT_3D('',#16881,#13705,#13706);
#12368=AXIS2_PLACEMENT_3D('',#16890,#13711,#13712);
#12369=AXIS2_PLACEMENT_3D('',#16899,#13717,#13718);
#12370=AXIS2_PLACEMENT_3D('',#16908,#13723,#13724);
#12371=AXIS2_PLACEMENT_3D('',#16917,#13729,#13730);
#12372=AXIS2_PLACEMENT_3D('',#16926,#13735,#13736);
#12373=AXIS2_PLACEMENT_3D('',#16935,#13741,#13742);
#12374=AXIS2_PLACEMENT_3D('',#16944,#13747,#13748);
#12375=AXIS2_PLACEMENT_3D('',#16953,#13753,#13754);
#12376=AXIS2_PLACEMENT_3D('',#16962,#13759,#13760);
#12377=AXIS2_PLACEMENT_3D('',#16971,#13765,#13766);
#12378=AXIS2_PLACEMENT_3D('',#16980,#13771,#13772);
#12379=AXIS2_PLACEMENT_3D('',#16989,#13777,#13778);
#12380=AXIS2_PLACEMENT_3D('',#16995,#13782,#13783);
#12381=AXIS2_PLACEMENT_3D('',#17001,#13787,#13788);
#12382=AXIS2_PLACEMENT_3D('',#17007,#13792,#13793);
#12383=AXIS2_PLACEMENT_3D('',#17013,#13797,#13798);
#12384=AXIS2_PLACEMENT_3D('',#17019,#13802,#13803);
#12385=AXIS2_PLACEMENT_3D('',#17025,#13807,#13808);
#12386=AXIS2_PLACEMENT_3D('',#17031,#13812,#13813);
#12387=AXIS2_PLACEMENT_3D('',#17037,#13817,#13818);
#12388=AXIS2_PLACEMENT_3D('',#17043,#13822,#13823);
#12389=AXIS2_PLACEMENT_3D('',#17049,#13827,#13828);
#12390=AXIS2_PLACEMENT_3D('',#17055,#13832,#13833);
#12391=AXIS2_PLACEMENT_3D('',#17061,#13837,#13838);
#12392=AXIS2_PLACEMENT_3D('',#17067,#13842,#13843);
#12393=AXIS2_PLACEMENT_3D('',#17073,#13847,#13848);
#12394=AXIS2_PLACEMENT_3D('',#17079,#13852,#13853);
#12395=AXIS2_PLACEMENT_3D('',#17085,#13857,#13858);
#12396=AXIS2_PLACEMENT_3D('',#17091,#13862,#13863);
#12397=AXIS2_PLACEMENT_3D('',#17097,#13867,#13868);
#12398=AXIS2_PLACEMENT_3D('',#17103,#13872,#13873);
#12399=AXIS2_PLACEMENT_3D('',#17109,#13877,#13878);
#12400=AXIS2_PLACEMENT_3D('',#17115,#13882,#13883);
#12401=AXIS2_PLACEMENT_3D('',#17121,#13887,#13888);
#12402=AXIS2_PLACEMENT_3D('',#17127,#13892,#13893);
#12403=AXIS2_PLACEMENT_3D('',#17133,#13897,#13898);
#12404=AXIS2_PLACEMENT_3D('',#17139,#13902,#13903);
#12405=AXIS2_PLACEMENT_3D('',#17145,#13907,#13908);
#12406=AXIS2_PLACEMENT_3D('',#17151,#13912,#13913);
#12407=AXIS2_PLACEMENT_3D('',#17157,#13917,#13918);
#12408=AXIS2_PLACEMENT_3D('',#17163,#13922,#13923);
#12409=AXIS2_PLACEMENT_3D('',#17169,#13927,#13928);
#12410=AXIS2_PLACEMENT_3D('',#17175,#13932,#13933);
#12411=AXIS2_PLACEMENT_3D('',#17181,#13937,#13938);
#12412=AXIS2_PLACEMENT_3D('',#17187,#13942,#13943);
#12413=AXIS2_PLACEMENT_3D('',#17193,#13947,#13948);
#12414=AXIS2_PLACEMENT_3D('',#17199,#13952,#13953);
#12415=AXIS2_PLACEMENT_3D('',#17205,#13957,#13958);
#12416=AXIS2_PLACEMENT_3D('',#17211,#13962,#13963);
#12417=AXIS2_PLACEMENT_3D('',#17217,#13967,#13968);
#12418=AXIS2_PLACEMENT_3D('',#17223,#13972,#13973);
#12419=AXIS2_PLACEMENT_3D('',#17229,#13977,#13978);
#12420=AXIS2_PLACEMENT_3D('',#17235,#13982,#13983);
#12421=AXIS2_PLACEMENT_3D('',#17241,#13987,#13988);
#12422=AXIS2_PLACEMENT_3D('',#17247,#13992,#13993);
#12423=AXIS2_PLACEMENT_3D('',#17253,#13997,#13998);
#12424=AXIS2_PLACEMENT_3D('',#17259,#14002,#14003);
#12425=AXIS2_PLACEMENT_3D('',#17265,#14007,#14008);
#12426=AXIS2_PLACEMENT_3D('',#17271,#14012,#14013);
#12427=AXIS2_PLACEMENT_3D('',#17277,#14017,#14018);
#12428=AXIS2_PLACEMENT_3D('',#17286,#14023,#14024);
#12429=AXIS2_PLACEMENT_3D('',#17295,#14029,#14030);
#12430=AXIS2_PLACEMENT_3D('',#17304,#14035,#14036);
#12431=AXIS2_PLACEMENT_3D('',#17313,#14041,#14042);
#12432=AXIS2_PLACEMENT_3D('',#17322,#14047,#14048);
#12433=AXIS2_PLACEMENT_3D('',#17331,#14053,#14054);
#12434=AXIS2_PLACEMENT_3D('',#17340,#14059,#14060);
#12435=AXIS2_PLACEMENT_3D('',#17349,#14065,#14066);
#12436=AXIS2_PLACEMENT_3D('',#17358,#14071,#14072);
#12437=AXIS2_PLACEMENT_3D('',#17367,#14077,#14078);
#12438=AXIS2_PLACEMENT_3D('',#17376,#14083,#14084);
#12439=AXIS2_PLACEMENT_3D('',#17385,#14089,#14090);
#12440=AXIS2_PLACEMENT_3D('',#17391,#14094,#14095);
#12441=AXIS2_PLACEMENT_3D('',#17397,#14099,#14100);
#12442=AXIS2_PLACEMENT_3D('',#17403,#14104,#14105);
#12443=AXIS2_PLACEMENT_3D('',#17409,#14109,#14110);
#12444=AXIS2_PLACEMENT_3D('',#17415,#14114,#14115);
#12445=AXIS2_PLACEMENT_3D('',#17421,#14119,#14120);
#12446=AXIS2_PLACEMENT_3D('',#17427,#14124,#14125);
#12447=AXIS2_PLACEMENT_3D('',#17433,#14129,#14130);
#12448=AXIS2_PLACEMENT_3D('',#17439,#14134,#14135);
#12449=AXIS2_PLACEMENT_3D('',#17445,#14139,#14140);
#12450=AXIS2_PLACEMENT_3D('',#17451,#14144,#14145);
#12451=AXIS2_PLACEMENT_3D('',#17457,#14149,#14150);
#12452=AXIS2_PLACEMENT_3D('',#17463,#14154,#14155);
#12453=AXIS2_PLACEMENT_3D('',#17469,#14159,#14160);
#12454=AXIS2_PLACEMENT_3D('',#17475,#14164,#14165);
#12455=AXIS2_PLACEMENT_3D('',#17481,#14169,#14170);
#12456=AXIS2_PLACEMENT_3D('',#17487,#14174,#14175);
#12457=AXIS2_PLACEMENT_3D('',#17493,#14179,#14180);
#12458=AXIS2_PLACEMENT_3D('',#17499,#14184,#14185);
#12459=AXIS2_PLACEMENT_3D('',#17505,#14189,#14190);
#12460=AXIS2_PLACEMENT_3D('',#17511,#14194,#14195);
#12461=AXIS2_PLACEMENT_3D('',#17517,#14199,#14200);
#12462=AXIS2_PLACEMENT_3D('',#17523,#14204,#14205);
#12463=AXIS2_PLACEMENT_3D('',#17529,#14209,#14210);
#12464=AXIS2_PLACEMENT_3D('',#17532,#14213,#14214);
#12465=AXIS2_PLACEMENT_3D('',#17535,#14217,#14218);
#12466=AXIS2_PLACEMENT_3D('',#17538,#14221,#14222);
#12467=AXIS2_PLACEMENT_3D('',#17541,#14225,#14226);
#12468=AXIS2_PLACEMENT_3D('',#17544,#14229,#14230);
#12469=AXIS2_PLACEMENT_3D('',#17547,#14233,#14234);
#12470=AXIS2_PLACEMENT_3D('',#17550,#14237,#14238);
#12471=AXIS2_PLACEMENT_3D('',#17553,#14241,#14242);
#12472=AXIS2_PLACEMENT_3D('',#17556,#14245,#14246);
#12473=AXIS2_PLACEMENT_3D('',#17559,#14249,#14250);
#12474=AXIS2_PLACEMENT_3D('',#17562,#14253,#14254);
#12475=AXIS2_PLACEMENT_3D('',#17565,#14257,#14258);
#12476=AXIS2_PLACEMENT_3D('',#17574,#14263,#14264);
#12477=AXIS2_PLACEMENT_3D('',#17640,#14304,#14305);
#12478=AXIS2_PLACEMENT_3D('',#17706,#14345,#14346);
#12479=AXIS2_PLACEMENT_3D('',#17712,#14350,#14351);
#12480=AXIS2_PLACEMENT_3D('',#17718,#14355,#14356);
#12481=AXIS2_PLACEMENT_3D('',#17724,#14360,#14361);
#12482=AXIS2_PLACEMENT_3D('',#17730,#14365,#14366);
#12483=AXIS2_PLACEMENT_3D('',#17736,#14370,#14371);
#12484=AXIS2_PLACEMENT_3D('',#17790,#14423,#14424);
#12485=AXIS2_PLACEMENT_3D('',#17796,#14428,#14429);
#12486=AXIS2_PLACEMENT_3D('',#17802,#14433,#14434);
#12487=AXIS2_PLACEMENT_3D('',#17808,#14438,#14439);
#12488=AXIS2_PLACEMENT_3D('',#17811,#14442,#14443);
#12489=AXIS2_PLACEMENT_3D('',#17814,#14446,#14447);
#12490=AXIS2_PLACEMENT_3D('',#17817,#14450,#14451);
#12491=AXIS2_PLACEMENT_3D('',#17818,#14452,#14453);
#12492=AXIS2_PLACEMENT_3D('',#17819,#14454,#14455);
#12493=AXIS2_PLACEMENT_3D('',#17820,#14456,#14457);
#12494=AXIS2_PLACEMENT_3D('',#17821,#14458,#14459);
#12495=AXIS2_PLACEMENT_3D('',#17823,#14461,#14462);
#12496=AXIS2_PLACEMENT_3D('',#17825,#14464,#14465);
#12497=AXIS2_PLACEMENT_3D('',#17826,#14466,#14467);
#12498=AXIS2_PLACEMENT_3D('',#17827,#14468,#14469);
#12499=AXIS2_PLACEMENT_3D('',#17829,#14471,#14472);
#12500=AXIS2_PLACEMENT_3D('',#17831,#14474,#14475);
#12501=AXIS2_PLACEMENT_3D('',#17832,#14476,#14477);
#12502=AXIS2_PLACEMENT_3D('',#17833,#14478,#14479);
#12503=AXIS2_PLACEMENT_3D('',#17835,#14481,#14482);
#12504=AXIS2_PLACEMENT_3D('',#17837,#14484,#14485);
#12505=AXIS2_PLACEMENT_3D('',#17838,#14486,#14487);
#12506=AXIS2_PLACEMENT_3D('',#17839,#14488,#14489);
#12507=AXIS2_PLACEMENT_3D('',#17841,#14491,#14492);
#12508=AXIS2_PLACEMENT_3D('',#17843,#14494,#14495);
#12509=AXIS2_PLACEMENT_3D('',#17844,#14496,#14497);
#12510=AXIS2_PLACEMENT_3D('',#17845,#14498,#14499);
#12511=AXIS2_PLACEMENT_3D('',#17847,#14501,#14502);
#12512=AXIS2_PLACEMENT_3D('',#17849,#14504,#14505);
#12513=AXIS2_PLACEMENT_3D('',#17850,#14506,#14507);
#12514=AXIS2_PLACEMENT_3D('',#17851,#14508,#14509);
#12515=AXIS2_PLACEMENT_3D('',#17853,#14511,#14512);
#12516=AXIS2_PLACEMENT_3D('',#17855,#14514,#14515);
#12517=AXIS2_PLACEMENT_3D('',#17856,#14516,#14517);
#12518=AXIS2_PLACEMENT_3D('',#17857,#14518,#14519);
#12519=AXIS2_PLACEMENT_3D('',#17859,#14521,#14522);
#12520=AXIS2_PLACEMENT_3D('',#17861,#14524,#14525);
#12521=AXIS2_PLACEMENT_3D('',#17862,#14526,#14527);
#12522=AXIS2_PLACEMENT_3D('',#17863,#14528,#14529);
#12523=AXIS2_PLACEMENT_3D('',#17865,#14531,#14532);
#12524=AXIS2_PLACEMENT_3D('',#17867,#14534,#14535);
#12525=AXIS2_PLACEMENT_3D('',#17868,#14536,#14537);
#12526=AXIS2_PLACEMENT_3D('',#17869,#14538,#14539);
#12527=AXIS2_PLACEMENT_3D('',#17871,#14541,#14542);
#12528=AXIS2_PLACEMENT_3D('',#17873,#14544,#14545);
#12529=AXIS2_PLACEMENT_3D('',#17874,#14546,#14547);
#12530=AXIS2_PLACEMENT_3D('',#17875,#14548,#14549);
#12531=AXIS2_PLACEMENT_3D('',#17877,#14551,#14552);
#12532=AXIS2_PLACEMENT_3D('',#17879,#14554,#14555);
#12533=AXIS2_PLACEMENT_3D('',#17880,#14556,#14557);
#12534=AXIS2_PLACEMENT_3D('',#17881,#14558,#14559);
#12535=AXIS2_PLACEMENT_3D('',#17883,#14561,#14562);
#12536=AXIS2_PLACEMENT_3D('',#17885,#14564,#14565);
#12537=AXIS2_PLACEMENT_3D('',#17886,#14566,#14567);
#12538=AXIS2_PLACEMENT_3D('',#17887,#14568,#14569);
#12539=AXIS2_PLACEMENT_3D('',#17889,#14571,#14572);
#12540=AXIS2_PLACEMENT_3D('',#17891,#14574,#14575);
#12541=AXIS2_PLACEMENT_3D('',#17892,#14576,#14577);
#12542=AXIS2_PLACEMENT_3D('',#17893,#14578,#14579);
#12543=AXIS2_PLACEMENT_3D('',#17895,#14581,#14582);
#12544=AXIS2_PLACEMENT_3D('',#17897,#14584,#14585);
#12545=AXIS2_PLACEMENT_3D('',#17898,#14586,#14587);
#12546=AXIS2_PLACEMENT_3D('',#17899,#14588,#14589);
#12547=AXIS2_PLACEMENT_3D('',#17901,#14591,#14592);
#12548=AXIS2_PLACEMENT_3D('',#17903,#14594,#14595);
#12549=AXIS2_PLACEMENT_3D('',#17904,#14596,#14597);
#12550=AXIS2_PLACEMENT_3D('',#17905,#14598,#14599);
#12551=AXIS2_PLACEMENT_3D('',#17907,#14601,#14602);
#12552=AXIS2_PLACEMENT_3D('',#17909,#14604,#14605);
#12553=AXIS2_PLACEMENT_3D('',#17910,#14606,#14607);
#12554=AXIS2_PLACEMENT_3D('',#17911,#14608,#14609);
#12555=AXIS2_PLACEMENT_3D('',#17913,#14611,#14612);
#12556=AXIS2_PLACEMENT_3D('',#17915,#14614,#14615);
#12557=AXIS2_PLACEMENT_3D('',#17916,#14616,#14617);
#12558=AXIS2_PLACEMENT_3D('',#17917,#14618,#14619);
#12559=AXIS2_PLACEMENT_3D('',#17919,#14621,#14622);
#12560=AXIS2_PLACEMENT_3D('',#17921,#14624,#14625);
#12561=AXIS2_PLACEMENT_3D('',#17922,#14626,#14627);
#12562=AXIS2_PLACEMENT_3D('',#17923,#14628,#14629);
#12563=AXIS2_PLACEMENT_3D('',#17925,#14631,#14632);
#12564=AXIS2_PLACEMENT_3D('',#17927,#14634,#14635);
#12565=AXIS2_PLACEMENT_3D('',#17928,#14636,#14637);
#12566=AXIS2_PLACEMENT_3D('',#17929,#14638,#14639);
#12567=AXIS2_PLACEMENT_3D('',#17931,#14641,#14642);
#12568=AXIS2_PLACEMENT_3D('',#17933,#14644,#14645);
#12569=AXIS2_PLACEMENT_3D('',#17934,#14646,#14647);
#12570=AXIS2_PLACEMENT_3D('',#17935,#14648,#14649);
#12571=AXIS2_PLACEMENT_3D('',#17937,#14651,#14652);
#12572=AXIS2_PLACEMENT_3D('',#17939,#14654,#14655);
#12573=AXIS2_PLACEMENT_3D('',#17940,#14656,#14657);
#12574=AXIS2_PLACEMENT_3D('',#17941,#14658,#14659);
#12575=AXIS2_PLACEMENT_3D('',#17943,#14661,#14662);
#12576=AXIS2_PLACEMENT_3D('',#17945,#14664,#14665);
#12577=AXIS2_PLACEMENT_3D('',#17946,#14666,#14667);
#12578=AXIS2_PLACEMENT_3D('',#17947,#14668,#14669);
#12579=AXIS2_PLACEMENT_3D('',#17949,#14671,#14672);
#12580=AXIS2_PLACEMENT_3D('',#17951,#14674,#14675);
#12581=AXIS2_PLACEMENT_3D('',#17952,#14676,#14677);
#12582=AXIS2_PLACEMENT_3D('',#17953,#14678,#14679);
#12583=AXIS2_PLACEMENT_3D('',#17955,#14681,#14682);
#12584=AXIS2_PLACEMENT_3D('',#17957,#14684,#14685);
#12585=AXIS2_PLACEMENT_3D('',#17958,#14686,#14687);
#12586=AXIS2_PLACEMENT_3D('',#17959,#14688,#14689);
#12587=AXIS2_PLACEMENT_3D('',#17961,#14691,#14692);
#12588=AXIS2_PLACEMENT_3D('',#17963,#14694,#14695);
#12589=AXIS2_PLACEMENT_3D('',#17964,#14696,#14697);
#12590=AXIS2_PLACEMENT_3D('',#17965,#14698,#14699);
#12591=AXIS2_PLACEMENT_3D('',#17966,#14700,#14701);
#12592=AXIS2_PLACEMENT_3D('',#17975,#14706,#14707);
#12593=AXIS2_PLACEMENT_3D('',#17984,#14712,#14713);
#12594=AXIS2_PLACEMENT_3D('',#17993,#14718,#14719);
#12595=AXIS2_PLACEMENT_3D('',#18002,#14724,#14725);
#12596=AXIS2_PLACEMENT_3D('',#18011,#14730,#14731);
#12597=AXIS2_PLACEMENT_3D('',#18020,#14736,#14737);
#12598=AXIS2_PLACEMENT_3D('',#18029,#14742,#14743);
#12599=AXIS2_PLACEMENT_3D('',#18038,#14748,#14749);
#12600=AXIS2_PLACEMENT_3D('',#18047,#14754,#14755);
#12601=AXIS2_PLACEMENT_3D('',#18056,#14760,#14761);
#12602=AXIS2_PLACEMENT_3D('',#18065,#14766,#14767);
#12603=AXIS2_PLACEMENT_3D('',#18074,#14772,#14773);
#12604=AXIS2_PLACEMENT_3D('',#18080,#14777,#14778);
#12605=AXIS2_PLACEMENT_3D('',#18086,#14782,#14783);
#12606=AXIS2_PLACEMENT_3D('',#18092,#14787,#14788);
#12607=AXIS2_PLACEMENT_3D('',#18098,#14792,#14793);
#12608=AXIS2_PLACEMENT_3D('',#18104,#14797,#14798);
#12609=AXIS2_PLACEMENT_3D('',#18110,#14802,#14803);
#12610=AXIS2_PLACEMENT_3D('',#18116,#14807,#14808);
#12611=AXIS2_PLACEMENT_3D('',#18122,#14812,#14813);
#12612=AXIS2_PLACEMENT_3D('',#18128,#14817,#14818);
#12613=AXIS2_PLACEMENT_3D('',#18134,#14822,#14823);
#12614=AXIS2_PLACEMENT_3D('',#18140,#14827,#14828);
#12615=AXIS2_PLACEMENT_3D('',#18146,#14832,#14833);
#12616=AXIS2_PLACEMENT_3D('',#18152,#14837,#14838);
#12617=AXIS2_PLACEMENT_3D('',#18158,#14842,#14843);
#12618=AXIS2_PLACEMENT_3D('',#18164,#14847,#14848);
#12619=AXIS2_PLACEMENT_3D('',#18170,#14852,#14853);
#12620=AXIS2_PLACEMENT_3D('',#18176,#14857,#14858);
#12621=AXIS2_PLACEMENT_3D('',#18182,#14862,#14863);
#12622=AXIS2_PLACEMENT_3D('',#18188,#14867,#14868);
#12623=AXIS2_PLACEMENT_3D('',#18194,#14872,#14873);
#12624=AXIS2_PLACEMENT_3D('',#18200,#14877,#14878);
#12625=AXIS2_PLACEMENT_3D('',#18206,#14882,#14883);
#12626=AXIS2_PLACEMENT_3D('',#18212,#14887,#14888);
#12627=AXIS2_PLACEMENT_3D('',#18218,#14892,#14893);
#12628=AXIS2_PLACEMENT_3D('',#18219,#14894,#14895);
#12629=AXIS2_PLACEMENT_3D('',#18221,#14896,#14897);
#12630=AXIS2_PLACEMENT_3D('',#18224,#14899,#14900);
#12631=AXIS2_PLACEMENT_3D('',#18225,#14901,#14902);
#12632=AXIS2_PLACEMENT_3D('',#18229,#14904,#14905);
#12633=AXIS2_PLACEMENT_3D('',#18230,#14906,#14907);
#12634=AXIS2_PLACEMENT_3D('',#18231,#14908,#14909);
#12635=AXIS2_PLACEMENT_3D('',#18235,#14911,#14912);
#12636=AXIS2_PLACEMENT_3D('',#18236,#14913,#14914);
#12637=AXIS2_PLACEMENT_3D('',#18237,#14915,#14916);
#12638=AXIS2_PLACEMENT_3D('',#18241,#14918,#14919);
#12639=AXIS2_PLACEMENT_3D('',#18242,#14920,#14921);
#12640=AXIS2_PLACEMENT_3D('',#18243,#14922,#14923);
#12641=AXIS2_PLACEMENT_3D('',#18247,#14925,#14926);
#12642=AXIS2_PLACEMENT_3D('',#18248,#14927,#14928);
#12643=AXIS2_PLACEMENT_3D('',#18249,#14929,#14930);
#12644=AXIS2_PLACEMENT_3D('',#18253,#14932,#14933);
#12645=AXIS2_PLACEMENT_3D('',#18254,#14934,#14935);
#12646=AXIS2_PLACEMENT_3D('',#18255,#14936,#14937);
#12647=AXIS2_PLACEMENT_3D('',#18259,#14939,#14940);
#12648=AXIS2_PLACEMENT_3D('',#18260,#14941,#14942);
#12649=AXIS2_PLACEMENT_3D('',#18261,#14943,#14944);
#12650=AXIS2_PLACEMENT_3D('',#18265,#14946,#14947);
#12651=AXIS2_PLACEMENT_3D('',#18266,#14948,#14949);
#12652=AXIS2_PLACEMENT_3D('',#18267,#14950,#14951);
#12653=AXIS2_PLACEMENT_3D('',#18271,#14953,#14954);
#12654=AXIS2_PLACEMENT_3D('',#18272,#14955,#14956);
#12655=AXIS2_PLACEMENT_3D('',#18273,#14957,#14958);
#12656=AXIS2_PLACEMENT_3D('',#18277,#14960,#14961);
#12657=AXIS2_PLACEMENT_3D('',#18278,#14962,#14963);
#12658=AXIS2_PLACEMENT_3D('',#18279,#14964,#14965);
#12659=AXIS2_PLACEMENT_3D('',#18283,#14967,#14968);
#12660=AXIS2_PLACEMENT_3D('',#18284,#14969,#14970);
#12661=AXIS2_PLACEMENT_3D('',#18285,#14971,#14972);
#12662=AXIS2_PLACEMENT_3D('',#18289,#14974,#14975);
#12663=AXIS2_PLACEMENT_3D('',#18290,#14976,#14977);
#12664=AXIS2_PLACEMENT_3D('',#18296,#14981,#14982);
#12665=AXIS2_PLACEMENT_3D('',#18302,#14986,#14987);
#12666=AXIS2_PLACEMENT_3D('',#18308,#14991,#14992);
#12667=AXIS2_PLACEMENT_3D('',#18314,#14996,#14997);
#12668=AXIS2_PLACEMENT_3D('',#18320,#15001,#15002);
#12669=AXIS2_PLACEMENT_3D('',#18326,#15006,#15007);
#12670=AXIS2_PLACEMENT_3D('',#18332,#15011,#15012);
#12671=AXIS2_PLACEMENT_3D('',#18338,#15016,#15017);
#12672=AXIS2_PLACEMENT_3D('',#18344,#15021,#15022);
#12673=AXIS2_PLACEMENT_3D('',#18350,#15026,#15027);
#12674=AXIS2_PLACEMENT_3D('',#18356,#15031,#15032);
#12675=AXIS2_PLACEMENT_3D('',#18362,#15036,#15037);
#12676=AXIS2_PLACEMENT_3D('',#18371,#15042,#15043);
#12677=AXIS2_PLACEMENT_3D('',#18380,#15048,#15049);
#12678=AXIS2_PLACEMENT_3D('',#18389,#15054,#15055);
#12679=AXIS2_PLACEMENT_3D('',#18398,#15060,#15061);
#12680=AXIS2_PLACEMENT_3D('',#18407,#15066,#15067);
#12681=AXIS2_PLACEMENT_3D('',#18416,#15072,#15073);
#12682=AXIS2_PLACEMENT_3D('',#18425,#15078,#15079);
#12683=AXIS2_PLACEMENT_3D('',#18434,#15084,#15085);
#12684=AXIS2_PLACEMENT_3D('',#18443,#15090,#15091);
#12685=AXIS2_PLACEMENT_3D('',#18452,#15096,#15097);
#12686=AXIS2_PLACEMENT_3D('',#18461,#15102,#15103);
#12687=AXIS2_PLACEMENT_3D('',#18470,#15108,#15109);
#12688=AXIS2_PLACEMENT_3D('',#18471,#15110,#15111);
#12689=AXIS2_PLACEMENT_3D('',#18473,#15112,#15113);
#12690=AXIS2_PLACEMENT_3D('',#18476,#15115,#15116);
#12691=AXIS2_PLACEMENT_3D('',#18477,#15117,#15118);
#12692=AXIS2_PLACEMENT_3D('',#18481,#15120,#15121);
#12693=AXIS2_PLACEMENT_3D('',#18482,#15122,#15123);
#12694=AXIS2_PLACEMENT_3D('',#18483,#15124,#15125);
#12695=AXIS2_PLACEMENT_3D('',#18487,#15127,#15128);
#12696=AXIS2_PLACEMENT_3D('',#18488,#15129,#15130);
#12697=AXIS2_PLACEMENT_3D('',#18489,#15131,#15132);
#12698=AXIS2_PLACEMENT_3D('',#18493,#15134,#15135);
#12699=AXIS2_PLACEMENT_3D('',#18494,#15136,#15137);
#12700=AXIS2_PLACEMENT_3D('',#18495,#15138,#15139);
#12701=AXIS2_PLACEMENT_3D('',#18499,#15141,#15142);
#12702=AXIS2_PLACEMENT_3D('',#18500,#15143,#15144);
#12703=AXIS2_PLACEMENT_3D('',#18501,#15145,#15146);
#12704=AXIS2_PLACEMENT_3D('',#18505,#15148,#15149);
#12705=AXIS2_PLACEMENT_3D('',#18506,#15150,#15151);
#12706=AXIS2_PLACEMENT_3D('',#18507,#15152,#15153);
#12707=AXIS2_PLACEMENT_3D('',#18511,#15155,#15156);
#12708=AXIS2_PLACEMENT_3D('',#18512,#15157,#15158);
#12709=AXIS2_PLACEMENT_3D('',#18513,#15159,#15160);
#12710=AXIS2_PLACEMENT_3D('',#18517,#15162,#15163);
#12711=AXIS2_PLACEMENT_3D('',#18518,#15164,#15165);
#12712=AXIS2_PLACEMENT_3D('',#18519,#15166,#15167);
#12713=AXIS2_PLACEMENT_3D('',#18523,#15169,#15170);
#12714=AXIS2_PLACEMENT_3D('',#18524,#15171,#15172);
#12715=AXIS2_PLACEMENT_3D('',#18525,#15173,#15174);
#12716=AXIS2_PLACEMENT_3D('',#18529,#15176,#15177);
#12717=AXIS2_PLACEMENT_3D('',#18530,#15178,#15179);
#12718=AXIS2_PLACEMENT_3D('',#18531,#15180,#15181);
#12719=AXIS2_PLACEMENT_3D('',#18535,#15183,#15184);
#12720=AXIS2_PLACEMENT_3D('',#18536,#15185,#15186);
#12721=AXIS2_PLACEMENT_3D('',#18537,#15187,#15188);
#12722=AXIS2_PLACEMENT_3D('',#18541,#15190,#15191);
#12723=AXIS2_PLACEMENT_3D('',#18542,#15192,#15193);
#12724=AXIS2_PLACEMENT_3D('',#18548,#15197,#15198);
#12725=AXIS2_PLACEMENT_3D('',#18554,#15202,#15203);
#12726=AXIS2_PLACEMENT_3D('',#18560,#15207,#15208);
#12727=AXIS2_PLACEMENT_3D('',#18566,#15212,#15213);
#12728=AXIS2_PLACEMENT_3D('',#18572,#15217,#15218);
#12729=AXIS2_PLACEMENT_3D('',#18578,#15222,#15223);
#12730=AXIS2_PLACEMENT_3D('',#18584,#15227,#15228);
#12731=AXIS2_PLACEMENT_3D('',#18590,#15232,#15233);
#12732=AXIS2_PLACEMENT_3D('',#18596,#15237,#15238);
#12733=AXIS2_PLACEMENT_3D('',#18602,#15242,#15243);
#12734=AXIS2_PLACEMENT_3D('',#18608,#15247,#15248);
#12735=AXIS2_PLACEMENT_3D('',#18614,#15252,#15253);
#12736=AXIS2_PLACEMENT_3D('',#18620,#15257,#15258);
#12737=AXIS2_PLACEMENT_3D('',#18626,#15262,#15263);
#12738=AXIS2_PLACEMENT_3D('',#18632,#15267,#15268);
#12739=AXIS2_PLACEMENT_3D('',#18638,#15272,#15273);
#12740=AXIS2_PLACEMENT_3D('',#18644,#15277,#15278);
#12741=AXIS2_PLACEMENT_3D('',#18650,#15282,#15283);
#12742=AXIS2_PLACEMENT_3D('',#18656,#15287,#15288);
#12743=AXIS2_PLACEMENT_3D('',#18662,#15292,#15293);
#12744=AXIS2_PLACEMENT_3D('',#18668,#15297,#15298);
#12745=AXIS2_PLACEMENT_3D('',#18674,#15302,#15303);
#12746=AXIS2_PLACEMENT_3D('',#18680,#15307,#15308);
#12747=AXIS2_PLACEMENT_3D('',#18686,#15312,#15313);
#12748=AXIS2_PLACEMENT_3D('',#18692,#15317,#15318);
#12749=AXIS2_PLACEMENT_3D('',#18698,#15322,#15323);
#12750=AXIS2_PLACEMENT_3D('',#18704,#15327,#15328);
#12751=AXIS2_PLACEMENT_3D('',#18710,#15332,#15333);
#12752=AXIS2_PLACEMENT_3D('',#18716,#15337,#15338);
#12753=AXIS2_PLACEMENT_3D('',#18722,#15342,#15343);
#12754=AXIS2_PLACEMENT_3D('',#18728,#15347,#15348);
#12755=AXIS2_PLACEMENT_3D('',#18734,#15352,#15353);
#12756=AXIS2_PLACEMENT_3D('',#18740,#15357,#15358);
#12757=AXIS2_PLACEMENT_3D('',#18746,#15362,#15363);
#12758=AXIS2_PLACEMENT_3D('',#18752,#15367,#15368);
#12759=AXIS2_PLACEMENT_3D('',#18758,#15372,#15373);
#12760=AXIS2_PLACEMENT_3D('',#18767,#15378,#15379);
#12761=AXIS2_PLACEMENT_3D('',#18773,#15383,#15384);
#12762=AXIS2_PLACEMENT_3D('',#18779,#15388,#15389);
#12763=AXIS2_PLACEMENT_3D('',#18780,#15390,#15391);
#12764=AXIS2_PLACEMENT_3D('',#18784,#15393,#15394);
#12765=AXIS2_PLACEMENT_3D('',#18785,#15395,#15396);
#12766=AXIS2_PLACEMENT_3D('',#18791,#15400,#15401);
#12767=AXIS2_PLACEMENT_3D('',#18917,#15477,#15478);
#12768=AXIS2_PLACEMENT_3D('',#18923,#15482,#15483);
#12769=AXIS2_PLACEMENT_3D('',#18924,#15484,#15485);
#12770=AXIS2_PLACEMENT_3D('',#18928,#15487,#15488);
#12771=AXIS2_PLACEMENT_3D('',#18929,#15489,#15490);
#12772=AXIS2_PLACEMENT_3D('',#18935,#15494,#15495);
#12773=AXIS2_PLACEMENT_3D('',#18941,#15499,#15500);
#12774=AXIS2_PLACEMENT_3D('',#18947,#15504,#15505);
#12775=AXIS2_PLACEMENT_3D('',#18977,#15533,#15534);
#12776=AXIS2_PLACEMENT_3D('',#19004,#15561,#15562);
#12777=AXIS2_PLACEMENT_3D('',#19005,#15563,#15564);
#12778=AXIS2_PLACEMENT_3D('',#19006,#15565,#15566);
#12779=AXIS2_PLACEMENT_3D('',#19007,#15567,#15568);
#12780=AXIS2_PLACEMENT_3D('',#19008,#15569,#15570);
#12781=AXIS2_PLACEMENT_3D('',#19009,#15571,#15572);
#12782=AXIS2_PLACEMENT_3D('',#19010,#15573,#15574);
#12783=AXIS2_PLACEMENT_3D('',#19011,#15575,#15576);
#12784=AXIS2_PLACEMENT_3D('',#19012,#15577,#15578);
#12785=AXIS2_PLACEMENT_3D('',#19013,#15579,#15580);
#12786=AXIS2_PLACEMENT_3D('',#19014,#15581,#15582);
#12787=AXIS2_PLACEMENT_3D('',#19015,#15583,#15584);
#12788=AXIS2_PLACEMENT_3D('',#19016,#15585,#15586);
#12789=AXIS2_PLACEMENT_3D('',#19017,#15587,#15588);
#12790=AXIS2_PLACEMENT_3D('',#19018,#15589,#15590);
#12791=AXIS2_PLACEMENT_3D('',#19019,#15591,#15592);
#12792=AXIS2_PLACEMENT_3D('',#19020,#15593,#15594);
#12793=AXIS2_PLACEMENT_3D('',#19021,#15595,#15596);
#12794=AXIS2_PLACEMENT_3D('',#19022,#15597,#15598);
#12795=AXIS2_PLACEMENT_3D('',#19023,#15599,#15600);
#12796=AXIS2_PLACEMENT_3D('',#19024,#15601,#15602);
#12797=AXIS2_PLACEMENT_3D('',#19025,#15603,#15604);
#12798=AXIS2_PLACEMENT_3D('',#19026,#15605,#15606);
#12799=AXIS2_PLACEMENT_3D('',#19027,#15607,#15608);
#12800=AXIS2_PLACEMENT_3D('',#19028,#15609,#15610);
#12801=AXIS2_PLACEMENT_3D('',#19029,#15611,#15612);
#12802=AXIS2_PLACEMENT_3D('',#19030,#15613,#15614);
#12803=AXIS2_PLACEMENT_3D('',#19031,#15615,#15616);
#12804=AXIS2_PLACEMENT_3D('',#19032,#15617,#15618);
#12805=AXIS2_PLACEMENT_3D('',#19033,#15619,#15620);
#12806=AXIS2_PLACEMENT_3D('',#19034,#15621,#15622);
#12807=AXIS2_PLACEMENT_3D('',#19035,#15623,#15624);
#12808=AXIS2_PLACEMENT_3D('',#19036,#15625,#15626);
#12809=AXIS2_PLACEMENT_3D('',#19037,#15627,#15628);
#12810=AXIS2_PLACEMENT_3D('',#19038,#15629,#15630);
#12811=AXIS2_PLACEMENT_3D('',#19039,#15631,#15632);
#12812=AXIS2_PLACEMENT_3D('',#19040,#15633,#15634);
#12813=AXIS2_PLACEMENT_3D('',#19041,#15635,#15636);
#12814=AXIS2_PLACEMENT_3D('',#19042,#15637,#15638);
#12815=AXIS2_PLACEMENT_3D('',#19043,#15639,#15640);
#12816=AXIS2_PLACEMENT_3D('',#19044,#15641,#15642);
#12817=AXIS2_PLACEMENT_3D('',#19045,#15643,#15644);
#12818=AXIS2_PLACEMENT_3D('',#19046,#15645,#15646);
#12819=AXIS2_PLACEMENT_3D('',#19047,#15647,#15648);
#12820=AXIS2_PLACEMENT_3D('',#19048,#15649,#15650);
#12821=AXIS2_PLACEMENT_3D('',#19049,#15651,#15652);
#12822=AXIS2_PLACEMENT_3D('',#19050,#15653,#15654);
#12823=AXIS2_PLACEMENT_3D('',#19051,#15655,#15656);
#12824=AXIS2_PLACEMENT_3D('',#19052,#15657,#15658);
#12825=AXIS2_PLACEMENT_3D('',#19053,#15659,#15660);
#12826=AXIS2_PLACEMENT_3D('',#19054,#15661,#15662);
#12827=AXIS2_PLACEMENT_3D('',#19055,#15663,#15664);
#12828=AXIS2_PLACEMENT_3D('',#19064,#15669,#15670);
#12829=AXIS2_PLACEMENT_3D('',#19065,#15671,#15672);
#12830=AXIS2_PLACEMENT_3D('',#19067,#15673,#15674);
#12831=AXIS2_PLACEMENT_3D('',#19069,#15675,#15676);
#12832=AXIS2_PLACEMENT_3D('',#19078,#15681,#15682);
#12833=AXIS2_PLACEMENT_3D('',#19084,#15686,#15687);
#12834=AXIS2_PLACEMENT_3D('',#19090,#15691,#15692);
#12835=AXIS2_PLACEMENT_3D('',#19096,#15696,#15697);
#12836=AXIS2_PLACEMENT_3D('',#19102,#15701,#15702);
#12837=AXIS2_PLACEMENT_3D('',#19116,#15710,#15711);
#12838=AXIS2_PLACEMENT_3D('',#19125,#15716,#15717);
#12839=AXIS2_PLACEMENT_3D('',#19131,#15721,#15722);
#12840=AXIS2_PLACEMENT_3D('',#19137,#15726,#15727);
#12841=AXIS2_PLACEMENT_3D('',#19140,#15730,#15731);
#12842=AXIS2_PLACEMENT_3D('',#19149,#15736,#15737);
#12843=AXIS2_PLACEMENT_3D('',#19155,#15741,#15742);
#12844=AXIS2_PLACEMENT_3D('',#19161,#15746,#15747);
#12845=AXIS2_PLACEMENT_3D('',#19167,#15751,#15752);
#12846=AXIS2_PLACEMENT_3D('',#19170,#15755,#15756);
#12847=AXIS2_PLACEMENT_3D('',#19176,#15760,#15761);
#12848=AXIS2_PLACEMENT_3D('',#19187,#15768,#15769);
#12849=AXIS2_PLACEMENT_3D('',#19193,#15773,#15774);
#12850=AXIS2_PLACEMENT_3D('',#19199,#15778,#15779);
#12851=AXIS2_PLACEMENT_3D('',#19205,#15783,#15784);
#12852=AXIS2_PLACEMENT_3D('',#19208,#15787,#15788);
#12853=AXIS2_PLACEMENT_3D('',#19209,#15789,#15790);
#12854=AXIS2_PLACEMENT_3D('',#19210,#15791,#15792);
#12855=AXIS2_PLACEMENT_3D('',#19213,#15795,#15796);
#12856=AXIS2_PLACEMENT_3D('',#19214,#15797,#15798);
#12857=AXIS2_PLACEMENT_3D('',#19216,#15799,#15800);
#12858=AXIS2_PLACEMENT_3D('',#19217,#15801,#15802);
#12859=AXIS2_PLACEMENT_3D('',#19218,#15803,#15804);
#12860=AXIS2_PLACEMENT_3D('',#19220,#15805,#15806);
#12861=AXIS2_PLACEMENT_3D('',#19237,#15815,#15816);
#12862=AXIS2_PLACEMENT_3D('',#19243,#15820,#15821);
#12863=AXIS2_PLACEMENT_3D('',#19249,#15825,#15826);
#12864=AXIS2_PLACEMENT_3D('',#19250,#15827,#15828);
#12865=AXIS2_PLACEMENT_3D('',#19254,#15830,#15831);
#12866=AXIS2_PLACEMENT_3D('',#19255,#15832,#15833);
#12867=AXIS2_PLACEMENT_3D('',#19261,#15837,#15838);
#12868=AXIS2_PLACEMENT_3D('',#19267,#15842,#15843);
#12869=AXIS2_PLACEMENT_3D('',#19280,#15852,#15853);
#12870=AXIS2_PLACEMENT_3D('',#19286,#15857,#15858);
#12871=AXIS2_PLACEMENT_3D('',#19297,#15865,#15866);
#12872=AXIS2_PLACEMENT_3D('',#19300,#15869,#15870);
#12873=AXIS2_PLACEMENT_3D('',#19301,#15871,#15872);
#12874=AXIS2_PLACEMENT_3D('',#19302,#15873,#15874);
#12875=AXIS2_PLACEMENT_3D('',#19303,#15875,#15876);
#12876=AXIS2_PLACEMENT_3D('',#19304,#15877,#15878);
#12877=AXIS2_PLACEMENT_3D('',#19305,#15879,#15880);
#12878=AXIS2_PLACEMENT_3D('',#19306,#15881,#15882);
#12879=AXIS2_PLACEMENT_3D('',#19307,#15883,#15884);
#12880=AXIS2_PLACEMENT_3D('',#19308,#15885,#15886);
#12881=AXIS2_PLACEMENT_3D('',#19309,#15887,#15888);
#12882=AXIS2_PLACEMENT_3D('',#19310,#15889,#15890);
#12883=DIRECTION('',(0.,0.,1.));
#12884=DIRECTION('',(1.,0.,0.));
#12885=DIRECTION('',(0.,0.,1.));
#12886=DIRECTION('',(1.,0.,0.));
#12887=DIRECTION('',(0.,1.,0.));
#12888=DIRECTION('',(-0.447213595499958,0.894427190999916,0.));
#12889=DIRECTION('',(-1.,0.,0.));
#12890=DIRECTION('',(0.,-1.,0.));
#12891=DIRECTION('',(-1.,0.,0.));
#12892=DIRECTION('',(0.,-1.,0.));
#12893=DIRECTION('',(-1.,0.,0.));
#12894=DIRECTION('',(-0.447213595499958,-0.894427190999916,0.));
#12895=DIRECTION('',(0.,-1.,0.));
#12896=DIRECTION('',(-1.,0.,0.));
#12897=DIRECTION('',(0.,0.,-1.));
#12898=DIRECTION('',(-1.,0.,0.));
#12899=DIRECTION('',(1.,0.,0.));
#12900=DIRECTION('',(0.447213595499958,-0.894427190999916,0.));
#12901=DIRECTION('',(0.,-1.,0.));
#12902=DIRECTION('',(-1.,0.,0.));
#12903=DIRECTION('',(0.,-1.,0.));
#12904=DIRECTION('',(0.,0.,-1.));
#12905=DIRECTION('',(-1.,0.,0.));
#12906=DIRECTION('',(-1.,0.,0.));
#12907=DIRECTION('',(0.,1.,0.));
#12908=DIRECTION('',(0.447213595499958,0.894427190999916,0.));
#12909=DIRECTION('',(1.,0.,0.));
#12910=DIRECTION('',(0.,-1.,0.));
#12911=DIRECTION('',(0.,-1.,0.));
#12912=DIRECTION('',(0.,0.,-1.));
#12913=DIRECTION('',(0.,0.,1.));
#12914=DIRECTION('',(0.,0.,-1.));
#12915=DIRECTION('',(0.,-1.,0.));
#12916=DIRECTION('',(0.,0.,-1.));
#12917=DIRECTION('',(0.,0.,-1.));
#12918=DIRECTION('',(-3.09959676204214E-14,0.,1.));
#12919=DIRECTION('',(0.,0.,-1.));
#12920=DIRECTION('',(-1.,0.,0.));
#12921=DIRECTION('',(0.,1.,0.));
#12922=DIRECTION('',(-1.,0.,0.));
#12923=DIRECTION('',(0.,-1.,0.));
#12924=DIRECTION('',(1.,0.,0.));
#12925=DIRECTION('',(0.,0.,-1.));
#12926=DIRECTION('',(-1.,0.,0.));
#12927=DIRECTION('',(-1.,0.,0.));
#12928=DIRECTION('',(0.,-1.,0.));
#12929=DIRECTION('',(1.,0.,0.));
#12930=DIRECTION('',(0.,-1.,0.));
#12931=DIRECTION('',(0.,0.,1.));
#12932=DIRECTION('',(1.,0.,0.));
#12933=DIRECTION('',(-1.,0.,0.));
#12934=DIRECTION('',(0.,-1.,0.));
#12935=DIRECTION('',(-1.,0.,0.));
#12936=DIRECTION('',(0.,-1.,0.));
#12937=DIRECTION('',(0.,0.,1.));
#12938=DIRECTION('',(1.,0.,0.));
#12939=DIRECTION('',(-1.,0.,0.));
#12940=DIRECTION('',(0.,-1.,0.));
#12941=DIRECTION('',(-1.,0.,0.));
#12942=DIRECTION('',(0.,-1.,0.));
#12943=DIRECTION('',(1.,0.,0.));
#12944=DIRECTION('',(0.,0.,-1.));
#12945=DIRECTION('',(0.,-1.,0.));
#12946=DIRECTION('',(0.,0.,-1.));
#12947=DIRECTION('',(0.,-1.,0.));
#12948=DIRECTION('',(0.,0.,1.));
#12949=DIRECTION('',(1.,0.,0.));
#12950=DIRECTION('',(0.,0.,-1.));
#12951=DIRECTION('',(0.,-1.,0.));
#12952=DIRECTION('',(0.,0.,-1.));
#12953=DIRECTION('',(0.,-1.,0.));
#12954=DIRECTION('',(0.,0.,1.));
#12955=DIRECTION('',(1.,0.,0.));
#12956=DIRECTION('',(0.,0.,-1.));
#12957=DIRECTION('',(0.,-1.,0.));
#12958=DIRECTION('',(0.,0.,-1.));
#12959=DIRECTION('',(0.,-1.,0.));
#12960=DIRECTION('',(0.,0.,1.));
#12961=DIRECTION('',(0.,0.,1.));
#12962=DIRECTION('',(1.,0.,0.));
#12963=DIRECTION('',(1.,0.,0.));
#12964=DIRECTION('',(0.,-1.,0.));
#12965=DIRECTION('',(-1.,0.,0.));
#12966=DIRECTION('',(-1.,0.,0.));
#12967=DIRECTION('',(0.,0.,1.));
#12968=DIRECTION('',(0.,0.,1.));
#12969=DIRECTION('',(0.,-1.,0.));
#12970=DIRECTION('',(0.,0.,-1.));
#12971=DIRECTION('',(1.,0.,0.));
#12972=DIRECTION('',(0.,0.,-1.));
#12973=DIRECTION('',(0.,-1.,0.));
#12974=DIRECTION('',(0.,0.,-1.));
#12975=DIRECTION('',(0.,-1.,0.));
#12976=DIRECTION('',(0.,0.,1.));
#12977=DIRECTION('',(0.,0.,1.));
#12978=DIRECTION('',(1.,0.,0.));
#12979=DIRECTION('',(1.,0.,0.));
#12980=DIRECTION('',(0.,-1.,0.));
#12981=DIRECTION('',(-1.,0.,0.));
#12982=DIRECTION('',(-1.,0.,0.));
#12983=DIRECTION('',(0.,0.,1.));
#12984=DIRECTION('',(0.,0.,1.));
#12985=DIRECTION('',(0.,-1.,0.));
#12986=DIRECTION('',(0.,0.,-1.));
#12987=DIRECTION('',(1.,0.,0.));
#12988=DIRECTION('',(0.,0.,-1.));
#12989=DIRECTION('',(0.,-1.,0.));
#12990=DIRECTION('',(0.,0.,-1.));
#12991=DIRECTION('',(0.,-1.,0.));
#12992=DIRECTION('',(0.,0.,1.));
#12993=DIRECTION('',(0.,0.,1.));
#12994=DIRECTION('',(1.,0.,0.));
#12995=DIRECTION('',(1.,0.,0.));
#12996=DIRECTION('',(0.,-1.,0.));
#12997=DIRECTION('',(-1.,0.,0.));
#12998=DIRECTION('',(-1.,0.,0.));
#12999=DIRECTION('',(0.,0.,1.));
#13000=DIRECTION('',(0.,0.,1.));
#13001=DIRECTION('',(0.,-1.,0.));
#13002=DIRECTION('',(0.,0.,-1.));
#13003=DIRECTION('',(1.,0.,0.));
#13004=DIRECTION('',(0.,0.,-1.));
#13005=DIRECTION('',(0.,-1.,0.));
#13006=DIRECTION('',(0.,0.,-1.));
#13007=DIRECTION('',(0.,-1.,0.));
#13008=DIRECTION('',(0.,0.,1.));
#13009=DIRECTION('',(0.,0.,1.));
#13010=DIRECTION('',(1.,0.,0.));
#13011=DIRECTION('',(1.,0.,0.));
#13012=DIRECTION('',(0.,-1.,0.));
#13013=DIRECTION('',(-1.,0.,0.));
#13014=DIRECTION('',(-1.,0.,0.));
#13015=DIRECTION('',(0.,0.,1.));
#13016=DIRECTION('',(0.,0.,1.));
#13017=DIRECTION('',(0.,-1.,0.));
#13018=DIRECTION('',(0.,0.,-1.));
#13019=DIRECTION('',(1.,0.,0.));
#13020=DIRECTION('',(0.,0.,-1.));
#13021=DIRECTION('',(0.,-1.,0.));
#13022=DIRECTION('',(0.,0.,-1.));
#13023=DIRECTION('',(0.,-1.,0.));
#13024=DIRECTION('',(0.,0.,1.));
#13025=DIRECTION('',(0.,0.,1.));
#13026=DIRECTION('',(1.,0.,0.));
#13027=DIRECTION('',(1.,0.,0.));
#13028=DIRECTION('',(0.,-1.,0.));
#13029=DIRECTION('',(-1.,0.,0.));
#13030=DIRECTION('',(-1.,0.,0.));
#13031=DIRECTION('',(0.,0.,1.));
#13032=DIRECTION('',(0.,0.,1.));
#13033=DIRECTION('',(0.,-1.,0.));
#13034=DIRECTION('',(0.,0.,-1.));
#13035=DIRECTION('',(1.,0.,0.));
#13036=DIRECTION('',(0.,0.,-1.));
#13037=DIRECTION('',(0.,-1.,0.));
#13038=DIRECTION('',(0.,0.,-1.));
#13039=DIRECTION('',(0.,-1.,0.));
#13040=DIRECTION('',(0.,0.,1.));
#13041=DIRECTION('',(0.,0.,1.));
#13042=DIRECTION('',(1.,0.,0.));
#13043=DIRECTION('',(1.,0.,0.));
#13044=DIRECTION('',(0.,-1.,0.));
#13045=DIRECTION('',(-1.,0.,0.));
#13046=DIRECTION('',(-1.,0.,0.));
#13047=DIRECTION('',(0.,0.,1.));
#13048=DIRECTION('',(0.,0.,1.));
#13049=DIRECTION('',(0.,-1.,0.));
#13050=DIRECTION('',(0.,0.,-1.));
#13051=DIRECTION('',(-1.,0.,0.));
#13052=DIRECTION('',(0.,0.,1.));
#13053=DIRECTION('',(0.,-1.,0.));
#13054=DIRECTION('',(0.,0.,1.));
#13055=DIRECTION('',(0.,-1.,0.));
#13056=DIRECTION('',(0.,0.,-1.));
#13057=DIRECTION('',(-1.,0.,0.));
#13058=DIRECTION('',(0.,0.,1.));
#13059=DIRECTION('',(0.,-1.,0.));
#13060=DIRECTION('',(0.,0.,1.));
#13061=DIRECTION('',(0.,-1.,0.));
#13062=DIRECTION('',(0.,0.,-1.));
#13063=DIRECTION('',(0.,0.,-1.));
#13064=DIRECTION('',(-1.,0.,0.));
#13065=DIRECTION('',(-1.,0.,0.));
#13066=DIRECTION('',(1.,0.,0.));
#13067=DIRECTION('',(0.,0.,-1.));
#13068=DIRECTION('',(-1.,0.,0.));
#13069=DIRECTION('',(-1.,0.,0.));
#13070=DIRECTION('',(1.,0.,0.));
#13071=DIRECTION('',(0.,0.,-1.));
#13072=DIRECTION('',(-1.,0.,0.));
#13073=DIRECTION('',(-1.,0.,0.));
#13074=DIRECTION('',(1.,0.,0.));
#13075=DIRECTION('',(0.,0.,-1.));
#13076=DIRECTION('',(-1.,0.,0.));
#13077=DIRECTION('',(-1.,0.,0.));
#13078=DIRECTION('',(1.,0.,0.));
#13079=DIRECTION('',(0.,0.,-1.));
#13080=DIRECTION('',(-1.,0.,0.));
#13081=DIRECTION('',(-1.,0.,0.));
#13082=DIRECTION('',(1.,0.,0.));
#13083=DIRECTION('',(0.,0.,-1.));
#13084=DIRECTION('',(-1.,0.,0.));
#13085=DIRECTION('',(-1.,0.,0.));
#13086=DIRECTION('',(1.,0.,0.));
#13087=DIRECTION('',(0.,0.,1.));
#13088=DIRECTION('',(1.,0.,0.));
#13089=DIRECTION('',(0.,1.,0.));
#13090=DIRECTION('',(-1.,0.,0.));
#13091=DIRECTION('',(0.,-1.,0.));
#13092=DIRECTION('',(-1.,0.,0.));
#13093=DIRECTION('',(0.,0.,-1.));
#13094=DIRECTION('',(-1.,0.,0.));
#13095=DIRECTION('',(-1.,0.,0.));
#13096=DIRECTION('',(0.,-1.,0.));
#13097=DIRECTION('',(1.,0.,0.));
#13098=DIRECTION('',(0.,-1.,0.));
#13099=DIRECTION('',(1.,0.,0.));
#13100=DIRECTION('',(0.,0.,-1.));
#13101=DIRECTION('',(0.,1.,0.));
#13102=DIRECTION('',(0.,0.,1.));
#13103=DIRECTION('',(0.,0.,1.));
#13104=DIRECTION('',(0.,0.,1.));
#13105=DIRECTION('',(0.,-1.,0.));
#13106=DIRECTION('',(0.,0.,-1.));
#13107=DIRECTION('',(0.,0.,1.));
#13108=DIRECTION('',(0.,0.,-1.));
#13109=DIRECTION('',(0.,0.,-1.));
#13110=DIRECTION('',(-1.,0.,0.));
#13111=DIRECTION('',(1.,0.,0.));
#13112=DIRECTION('',(0.,-1.,0.));
#13113=DIRECTION('',(-1.,0.,0.));
#13114=DIRECTION('',(0.,-1.,0.));
#13115=DIRECTION('',(-1.,0.,0.));
#13116=DIRECTION('',(0.,0.,1.));
#13117=DIRECTION('',(0.,0.,1.));
#13118=DIRECTION('',(0.,1.,0.));
#13119=DIRECTION('',(0.,0.,-1.));
#13120=DIRECTION('',(0.,-1.,0.));
#13121=DIRECTION('',(0.,0.,-1.));
#13122=DIRECTION('',(0.,0.,-1.));
#13123=DIRECTION('',(0.,-1.,0.));
#13124=DIRECTION('',(0.,0.,1.));
#13125=DIRECTION('',(0.,0.,-1.));
#13126=DIRECTION('',(1.,0.,0.));
#13127=DIRECTION('',(0.,0.,-1.));
#13128=DIRECTION('',(0.,0.,1.));
#13129=DIRECTION('',(0.,-1.,0.));
#13130=DIRECTION('',(0.,0.,1.));
#13131=DIRECTION('',(0.,-1.,0.));
#13132=DIRECTION('',(0.,0.,1.));
#13133=DIRECTION('',(1.,0.,0.));
#13134=DIRECTION('',(-1.,0.,0.));
#13135=DIRECTION('',(0.,-1.,0.));
#13136=DIRECTION('',(-1.,0.,0.));
#13137=DIRECTION('',(-1.,0.,0.));
#13138=DIRECTION('',(0.,0.,1.));
#13139=DIRECTION('',(0.,0.,-1.));
#13140=DIRECTION('',(0.,-1.,0.));
#13141=DIRECTION('',(0.,0.,-1.));
#13142=DIRECTION('',(1.,0.,0.));
#13143=DIRECTION('',(0.,0.,-1.));
#13144=DIRECTION('',(0.,0.,1.));
#13145=DIRECTION('',(0.,-1.,0.));
#13146=DIRECTION('',(0.,0.,1.));
#13147=DIRECTION('',(0.,-1.,0.));
#13148=DIRECTION('',(0.,0.,1.));
#13149=DIRECTION('',(1.,0.,0.));
#13150=DIRECTION('',(-1.,0.,0.));
#13151=DIRECTION('',(0.,-1.,0.));
#13152=DIRECTION('',(-1.,0.,0.));
#13153=DIRECTION('',(-1.,0.,0.));
#13154=DIRECTION('',(0.,0.,1.));
#13155=DIRECTION('',(0.,0.,-1.));
#13156=DIRECTION('',(0.,-1.,0.));
#13157=DIRECTION('',(0.,0.,-1.));
#13158=DIRECTION('',(1.,0.,0.));
#13159=DIRECTION('',(0.,0.,-1.));
#13160=DIRECTION('',(0.,0.,1.));
#13161=DIRECTION('',(0.,-1.,0.));
#13162=DIRECTION('',(0.,0.,1.));
#13163=DIRECTION('',(0.,-1.,0.));
#13164=DIRECTION('',(0.,0.,1.));
#13165=DIRECTION('',(1.,0.,0.));
#13166=DIRECTION('',(-1.,0.,0.));
#13167=DIRECTION('',(0.,-1.,0.));
#13168=DIRECTION('',(-1.,0.,0.));
#13169=DIRECTION('',(-1.,0.,0.));
#13170=DIRECTION('',(0.,0.,1.));
#13171=DIRECTION('',(0.,0.,-1.));
#13172=DIRECTION('',(0.,-1.,0.));
#13173=DIRECTION('',(0.,0.,-1.));
#13174=DIRECTION('',(1.,0.,0.));
#13175=DIRECTION('',(0.,0.,-1.));
#13176=DIRECTION('',(0.,0.,1.));
#13177=DIRECTION('',(0.,-1.,0.));
#13178=DIRECTION('',(0.,0.,1.));
#13179=DIRECTION('',(0.,-1.,0.));
#13180=DIRECTION('',(0.,0.,1.));
#13181=DIRECTION('',(1.,0.,0.));
#13182=DIRECTION('',(-1.,0.,0.));
#13183=DIRECTION('',(0.,-1.,0.));
#13184=DIRECTION('',(-1.,0.,0.));
#13185=DIRECTION('',(-1.,0.,0.));
#13186=DIRECTION('',(0.,0.,1.));
#13187=DIRECTION('',(0.,0.,-1.));
#13188=DIRECTION('',(0.,-1.,0.));
#13189=DIRECTION('',(0.,0.,-1.));
#13190=DIRECTION('',(1.,0.,0.));
#13191=DIRECTION('',(0.,0.,-1.));
#13192=DIRECTION('',(0.,0.,1.));
#13193=DIRECTION('',(0.,-1.,0.));
#13194=DIRECTION('',(0.,0.,1.));
#13195=DIRECTION('',(0.,-1.,0.));
#13196=DIRECTION('',(0.,0.,1.));
#13197=DIRECTION('',(1.,0.,0.));
#13198=DIRECTION('',(-1.,0.,0.));
#13199=DIRECTION('',(0.,-1.,0.));
#13200=DIRECTION('',(-1.,0.,0.));
#13201=DIRECTION('',(-1.,0.,0.));
#13202=DIRECTION('',(0.,0.,1.));
#13203=DIRECTION('',(0.,0.,-1.));
#13204=DIRECTION('',(0.,-1.,0.));
#13205=DIRECTION('',(0.,0.,-1.));
#13206=DIRECTION('',(1.,0.,0.));
#13207=DIRECTION('',(0.,0.,-1.));
#13208=DIRECTION('',(0.,0.,1.));
#13209=DIRECTION('',(0.,-1.,0.));
#13210=DIRECTION('',(0.,0.,1.));
#13211=DIRECTION('',(0.,-1.,0.));
#13212=DIRECTION('',(0.,0.,1.));
#13213=DIRECTION('',(1.,0.,0.));
#13214=DIRECTION('',(-1.,0.,0.));
#13215=DIRECTION('',(0.,-1.,0.));
#13216=DIRECTION('',(-1.,0.,0.));
#13217=DIRECTION('',(-1.,0.,0.));
#13218=DIRECTION('',(0.,0.,1.));
#13219=DIRECTION('',(0.,0.,-1.));
#13220=DIRECTION('',(0.,-1.,0.));
#13221=DIRECTION('',(0.,0.,-1.));
#13222=DIRECTION('',(1.,0.,0.));
#13223=DIRECTION('',(0.,0.,-1.));
#13224=DIRECTION('',(0.,0.,1.));
#13225=DIRECTION('',(0.,-1.,0.));
#13226=DIRECTION('',(0.,0.,1.));
#13227=DIRECTION('',(0.,-1.,0.));
#13228=DIRECTION('',(0.,0.,1.));
#13229=DIRECTION('',(1.,0.,0.));
#13230=DIRECTION('',(-1.,0.,0.));
#13231=DIRECTION('',(0.,-1.,0.));
#13232=DIRECTION('',(-1.,0.,0.));
#13233=DIRECTION('',(-1.,0.,0.));
#13234=DIRECTION('',(0.,0.,1.));
#13235=DIRECTION('',(0.,0.,-1.));
#13236=DIRECTION('',(0.,-1.,0.));
#13237=DIRECTION('',(0.,0.,-1.));
#13238=DIRECTION('',(1.,0.,0.));
#13239=DIRECTION('',(0.,0.,-1.));
#13240=DIRECTION('',(0.,0.,1.));
#13241=DIRECTION('',(0.,-1.,0.));
#13242=DIRECTION('',(0.,0.,1.));
#13243=DIRECTION('',(0.,-1.,0.));
#13244=DIRECTION('',(0.,0.,1.));
#13245=DIRECTION('',(1.,0.,0.));
#13246=DIRECTION('',(-1.,0.,0.));
#13247=DIRECTION('',(0.,-1.,0.));
#13248=DIRECTION('',(-1.,0.,0.));
#13249=DIRECTION('',(-1.,0.,0.));
#13250=DIRECTION('',(0.,0.,1.));
#13251=DIRECTION('',(0.,0.,-1.));
#13252=DIRECTION('',(0.,-1.,0.));
#13253=DIRECTION('',(0.,0.,-1.));
#13254=DIRECTION('',(0.,0.,1.));
#13255=DIRECTION('',(1.,0.,0.));
#13256=DIRECTION('',(0.,1.,0.));
#13257=DIRECTION('',(-1.,0.,0.));
#13258=DIRECTION('',(0.,-1.,0.));
#13259=DIRECTION('',(-1.,0.,0.));
#13260=DIRECTION('',(1.,0.,0.));
#13261=DIRECTION('',(-1.,0.,0.));
#13262=DIRECTION('',(0.,0.,1.));
#13263=DIRECTION('',(0.,0.,-1.));
#13264=DIRECTION('',(0.,-1.,0.));
#13265=DIRECTION('',(0.,0.,-1.));
#13266=DIRECTION('',(0.,0.,1.));
#13267=DIRECTION('',(1.,0.,0.));
#13268=DIRECTION('',(0.,1.,0.));
#13269=DIRECTION('',(-1.,0.,0.));
#13270=DIRECTION('',(0.,-1.,0.));
#13271=DIRECTION('',(-1.,0.,0.));
#13272=DIRECTION('',(1.,0.,0.));
#13273=DIRECTION('',(-1.,0.,0.));
#13274=DIRECTION('',(0.,0.,1.));
#13275=DIRECTION('',(0.,0.,-1.));
#13276=DIRECTION('',(0.,-1.,0.));
#13277=DIRECTION('',(0.,0.,-1.));
#13278=DIRECTION('',(1.,0.,0.));
#13279=DIRECTION('',(0.,0.,-1.));
#13280=DIRECTION('',(0.,0.,1.));
#13281=DIRECTION('',(0.,-1.,0.));
#13282=DIRECTION('',(0.,0.,1.));
#13283=DIRECTION('',(0.,-1.,0.));
#13284=DIRECTION('',(0.,0.,1.));
#13285=DIRECTION('',(1.,0.,0.));
#13286=DIRECTION('',(0.,-1.,0.));
#13287=DIRECTION('',(1.,0.,0.));
#13288=DIRECTION('',(-1.,0.,0.));
#13289=DIRECTION('',(-1.,0.,0.));
#13290=DIRECTION('',(1.,0.,0.));
#13291=DIRECTION('',(0.,0.,-1.));
#13292=DIRECTION('',(0.,0.,1.));
#13293=DIRECTION('',(0.,-1.,0.));
#13294=DIRECTION('',(0.,0.,1.));
#13295=DIRECTION('',(0.,-1.,0.));
#13296=DIRECTION('',(0.,0.,1.));
#13297=DIRECTION('',(1.,0.,0.));
#13298=DIRECTION('',(0.,-1.,0.));
#13299=DIRECTION('',(1.,0.,0.));
#13300=DIRECTION('',(-1.,0.,0.));
#13301=DIRECTION('',(-1.,0.,0.));
#13302=DIRECTION('',(1.,0.,0.));
#13303=DIRECTION('',(0.,0.,-1.));
#13304=DIRECTION('',(0.,0.,1.));
#13305=DIRECTION('',(0.,-1.,0.));
#13306=DIRECTION('',(0.,0.,1.));
#13307=DIRECTION('',(0.,-1.,0.));
#13308=DIRECTION('',(0.,0.,1.));
#13309=DIRECTION('',(1.,0.,0.));
#13310=DIRECTION('',(-1.,0.,0.));
#13311=DIRECTION('',(0.,-1.,0.));
#13312=DIRECTION('',(-1.,0.,0.));
#13313=DIRECTION('',(-1.,0.,0.));
#13314=DIRECTION('',(0.,0.,1.));
#13315=DIRECTION('',(0.,0.,-1.));
#13316=DIRECTION('',(0.,-1.,0.));
#13317=DIRECTION('',(0.,0.,-1.));
#13318=DIRECTION('',(1.,0.,0.));
#13319=DIRECTION('',(0.,0.,-1.));
#13320=DIRECTION('',(0.,0.,1.));
#13321=DIRECTION('',(0.,-1.,0.));
#13322=DIRECTION('',(0.,0.,1.));
#13323=DIRECTION('',(0.,-1.,0.));
#13324=DIRECTION('',(0.,0.,1.));
#13325=DIRECTION('',(1.,0.,0.));
#13326=DIRECTION('',(-1.,0.,0.));
#13327=DIRECTION('',(0.,-1.,0.));
#13328=DIRECTION('',(-1.,0.,0.));
#13329=DIRECTION('',(-1.,0.,0.));
#13330=DIRECTION('',(0.,0.,1.));
#13331=DIRECTION('',(0.,0.,-1.));
#13332=DIRECTION('',(0.,-1.,0.));
#13333=DIRECTION('',(0.,0.,-1.));
#13334=DIRECTION('',(1.,0.,0.));
#13335=DIRECTION('',(0.,0.,-1.));
#13336=DIRECTION('',(0.,0.,1.));
#13337=DIRECTION('',(0.,-1.,0.));
#13338=DIRECTION('',(0.,0.,1.));
#13339=DIRECTION('',(0.,-1.,0.));
#13340=DIRECTION('',(0.,0.,1.));
#13341=DIRECTION('',(1.,0.,0.));
#13342=DIRECTION('',(-1.,0.,0.));
#13343=DIRECTION('',(0.,-1.,0.));
#13344=DIRECTION('',(-1.,0.,0.));
#13345=DIRECTION('',(-1.,0.,0.));
#13346=DIRECTION('',(0.,0.,1.));
#13347=DIRECTION('',(0.,0.,-1.));
#13348=DIRECTION('',(0.,-1.,0.));
#13349=DIRECTION('',(0.,0.,-1.));
#13350=DIRECTION('',(1.,0.,0.));
#13351=DIRECTION('',(0.,0.,-1.));
#13352=DIRECTION('',(0.,0.,1.));
#13353=DIRECTION('',(0.,-1.,0.));
#13354=DIRECTION('',(0.,0.,1.));
#13355=DIRECTION('',(0.,-1.,0.));
#13356=DIRECTION('',(0.,0.,1.));
#13357=DIRECTION('',(1.,0.,0.));
#13358=DIRECTION('',(-1.,0.,0.));
#13359=DIRECTION('',(0.,-1.,0.));
#13360=DIRECTION('',(-1.,0.,0.));
#13361=DIRECTION('',(-1.,0.,0.));
#13362=DIRECTION('',(0.,0.,1.));
#13363=DIRECTION('',(0.,0.,-1.));
#13364=DIRECTION('',(0.,-1.,0.));
#13365=DIRECTION('',(0.,0.,-1.));
#13366=DIRECTION('',(1.,0.,0.));
#13367=DIRECTION('',(0.,0.,-1.));
#13368=DIRECTION('',(0.,0.,1.));
#13369=DIRECTION('',(0.,-1.,0.));
#13370=DIRECTION('',(0.,0.,1.));
#13371=DIRECTION('',(0.,-1.,0.));
#13372=DIRECTION('',(0.,0.,1.));
#13373=DIRECTION('',(1.,0.,0.));
#13374=DIRECTION('',(-1.,0.,0.));
#13375=DIRECTION('',(0.,-1.,0.));
#13376=DIRECTION('',(-1.,0.,0.));
#13377=DIRECTION('',(-1.,0.,0.));
#13378=DIRECTION('',(0.,0.,1.));
#13379=DIRECTION('',(0.,0.,-1.));
#13380=DIRECTION('',(0.,-1.,0.));
#13381=DIRECTION('',(0.,0.,-1.));
#13382=DIRECTION('',(1.,0.,0.));
#13383=DIRECTION('',(0.,0.,-1.));
#13384=DIRECTION('',(0.,0.,1.));
#13385=DIRECTION('',(0.,-1.,0.));
#13386=DIRECTION('',(0.,0.,1.));
#13387=DIRECTION('',(0.,-1.,0.));
#13388=DIRECTION('',(0.,0.,1.));
#13389=DIRECTION('',(1.,0.,0.));
#13390=DIRECTION('',(-1.,0.,0.));
#13391=DIRECTION('',(0.,-1.,0.));
#13392=DIRECTION('',(-1.,0.,0.));
#13393=DIRECTION('',(-1.,0.,0.));
#13394=DIRECTION('',(0.,0.,1.));
#13395=DIRECTION('',(0.,0.,-1.));
#13396=DIRECTION('',(0.,-1.,0.));
#13397=DIRECTION('',(0.,0.,-1.));
#13398=DIRECTION('',(1.,0.,0.));
#13399=DIRECTION('',(0.,0.,-1.));
#13400=DIRECTION('',(0.,0.,1.));
#13401=DIRECTION('',(0.,-1.,0.));
#13402=DIRECTION('',(0.,0.,1.));
#13403=DIRECTION('',(0.,-1.,0.));
#13404=DIRECTION('',(0.,0.,1.));
#13405=DIRECTION('',(1.,0.,0.));
#13406=DIRECTION('',(-1.,0.,0.));
#13407=DIRECTION('',(0.,-1.,0.));
#13408=DIRECTION('',(-1.,0.,0.));
#13409=DIRECTION('',(-1.,0.,0.));
#13410=DIRECTION('',(0.,0.,1.));
#13411=DIRECTION('',(0.,0.,-1.));
#13412=DIRECTION('',(0.,-1.,0.));
#13413=DIRECTION('',(0.,0.,-1.));
#13414=DIRECTION('',(1.,0.,0.));
#13415=DIRECTION('',(0.,0.,-1.));
#13416=DIRECTION('',(0.,0.,1.));
#13417=DIRECTION('',(0.,-1.,0.));
#13418=DIRECTION('',(0.,0.,1.));
#13419=DIRECTION('',(0.,-1.,0.));
#13420=DIRECTION('',(0.,0.,1.));
#13421=DIRECTION('',(1.,0.,0.));
#13422=DIRECTION('',(-1.,0.,0.));
#13423=DIRECTION('',(0.,-1.,0.));
#13424=DIRECTION('',(-1.,0.,0.));
#13425=DIRECTION('',(-1.,0.,0.));
#13426=DIRECTION('',(0.,0.,1.));
#13427=DIRECTION('',(0.,0.,-1.));
#13428=DIRECTION('',(0.,-1.,0.));
#13429=DIRECTION('',(0.,0.,-1.));
#13430=DIRECTION('',(0.,0.,-1.));
#13431=DIRECTION('',(-1.,0.,0.));
#13432=DIRECTION('',(1.,0.,0.));
#13433=DIRECTION('',(1.,0.,0.));
#13434=DIRECTION('',(0.,0.,-1.));
#13435=DIRECTION('',(-1.,0.,0.));
#13436=DIRECTION('',(1.,0.,0.));
#13437=DIRECTION('',(1.,0.,0.));
#13438=DIRECTION('',(0.,0.,-1.));
#13439=DIRECTION('',(-1.,0.,0.));
#13440=DIRECTION('',(1.,0.,0.));
#13441=DIRECTION('',(1.,0.,0.));
#13442=DIRECTION('',(0.,0.,-1.));
#13443=DIRECTION('',(-1.,0.,0.));
#13444=DIRECTION('',(1.,0.,0.));
#13445=DIRECTION('',(1.,0.,0.));
#13446=DIRECTION('',(0.,0.,-1.));
#13447=DIRECTION('',(-1.,0.,0.));
#13448=DIRECTION('',(1.,0.,0.));
#13449=DIRECTION('',(1.,0.,0.));
#13450=DIRECTION('',(0.,0.,-1.));
#13451=DIRECTION('',(-1.,0.,0.));
#13452=DIRECTION('',(1.,0.,0.));
#13453=DIRECTION('',(1.,0.,0.));
#13454=DIRECTION('',(0.,0.,-1.));
#13455=DIRECTION('',(-1.,0.,0.));
#13456=DIRECTION('',(1.,0.,0.));
#13457=DIRECTION('',(1.,0.,0.));
#13458=DIRECTION('',(0.,0.,-1.));
#13459=DIRECTION('',(-1.,0.,0.));
#13460=DIRECTION('',(1.,0.,0.));
#13461=DIRECTION('',(1.,0.,0.));
#13462=DIRECTION('',(0.,0.,-1.));
#13463=DIRECTION('',(-1.,0.,0.));
#13464=DIRECTION('',(0.,-1.,0.));
#13465=DIRECTION('',(-1.,0.,0.));
#13466=DIRECTION('',(1.,0.,0.));
#13467=DIRECTION('',(1.,0.,0.));
#13468=DIRECTION('',(0.,0.,-1.));
#13469=DIRECTION('',(-1.,0.,0.));
#13470=DIRECTION('',(0.,-1.,0.));
#13471=DIRECTION('',(-1.,0.,0.));
#13472=DIRECTION('',(1.,0.,0.));
#13473=DIRECTION('',(1.,0.,0.));
#13474=DIRECTION('',(0.,0.,-1.));
#13475=DIRECTION('',(-1.,0.,0.));
#13476=DIRECTION('',(0.,1.,0.));
#13477=DIRECTION('',(1.,0.,0.));
#13478=DIRECTION('',(1.,0.,0.));
#13479=DIRECTION('',(-1.,0.,0.));
#13480=DIRECTION('',(0.,0.,-1.));
#13481=DIRECTION('',(-1.,0.,0.));
#13482=DIRECTION('',(0.,1.,0.));
#13483=DIRECTION('',(1.,0.,0.));
#13484=DIRECTION('',(1.,0.,0.));
#13485=DIRECTION('',(-1.,0.,0.));
#13486=DIRECTION('',(0.,0.,-1.));
#13487=DIRECTION('',(-1.,0.,0.));
#13488=DIRECTION('',(1.,0.,0.));
#13489=DIRECTION('',(1.,0.,0.));
#13490=DIRECTION('',(0.,0.,-1.));
#13491=DIRECTION('',(-1.,0.,0.));
#13492=DIRECTION('',(1.,0.,0.));
#13493=DIRECTION('',(1.,0.,0.));
#13494=DIRECTION('',(0.,0.,-1.));
#13495=DIRECTION('',(-1.,0.,0.));
#13496=DIRECTION('',(1.,0.,0.));
#13497=DIRECTION('',(1.,0.,0.));
#13498=DIRECTION('',(0.,0.,-1.));
#13499=DIRECTION('',(-1.,0.,0.));
#13500=DIRECTION('',(1.,0.,0.));
#13501=DIRECTION('',(1.,0.,0.));
#13502=DIRECTION('',(0.,0.,-1.));
#13503=DIRECTION('',(-1.,0.,0.));
#13504=DIRECTION('',(1.,0.,0.));
#13505=DIRECTION('',(1.,0.,0.));
#13506=DIRECTION('',(0.,0.,-1.));
#13507=DIRECTION('',(-1.,0.,0.));
#13508=DIRECTION('',(1.,0.,0.));
#13509=DIRECTION('',(1.,0.,0.));
#13510=DIRECTION('',(0.,0.,-1.));
#13511=DIRECTION('',(-1.,0.,0.));
#13512=DIRECTION('',(1.,0.,0.));
#13513=DIRECTION('',(1.,0.,0.));
#13514=DIRECTION('',(0.,0.,-1.));
#13515=DIRECTION('',(-1.,0.,0.));
#13516=DIRECTION('',(1.,0.,0.));
#13517=DIRECTION('',(1.,0.,0.));
#13518=DIRECTION('',(0.,0.,1.));
#13519=DIRECTION('',(1.,0.,0.));
#13520=DIRECTION('',(-1.,0.,0.));
#13521=DIRECTION('',(0.,-1.,0.));
#13522=DIRECTION('',(-1.,0.,0.));
#13523=DIRECTION('',(0.,1.,0.));
#13524=DIRECTION('',(0.,0.,1.));
#13525=DIRECTION('',(0.,0.,-1.));
#13526=DIRECTION('',(0.,0.,-1.));
#13527=DIRECTION('',(1.,0.,0.));
#13528=DIRECTION('',(0.,1.,0.));
#13529=DIRECTION('',(0.,0.,1.));
#13530=DIRECTION('',(0.,0.,-1.));
#13531=DIRECTION('',(0.,0.,-1.));
#13532=DIRECTION('',(-3.0818660178525E-14,0.,1.));
#13533=DIRECTION('',(-3.0818660178525E-14,0.,1.));
#13534=DIRECTION('',(-3.0818660178525E-14,0.,1.));
#13535=DIRECTION('',(0.,0.,-1.));
#13536=DIRECTION('',(0.,0.,-1.));
#13537=DIRECTION('',(1.,0.,0.));
#13538=DIRECTION('',(-3.0818660178525E-14,0.,1.));
#13539=DIRECTION('',(0.,0.,-1.));
#13540=DIRECTION('',(-1.,0.,0.));
#13541=DIRECTION('',(-1.,0.,0.));
#13542=DIRECTION('',(-1.,0.,0.));
#13543=DIRECTION('',(0.,-1.,0.));
#13544=DIRECTION('',(0.,0.,-1.));
#13545=DIRECTION('',(1.,0.,0.));
#13546=DIRECTION('',(0.,1.,0.));
#13547=DIRECTION('',(0.,0.,1.));
#13548=DIRECTION('',(-1.,0.,0.));
#13549=DIRECTION('',(0.,-1.,0.));
#13550=DIRECTION('',(0.,0.,-1.));
#13551=DIRECTION('',(-1.,0.,0.));
#13552=DIRECTION('',(-1.,0.,0.));
#13553=DIRECTION('',(0.,0.,1.));
#13554=DIRECTION('',(1.,0.,0.));
#13555=DIRECTION('',(-1.,0.,0.));
#13556=DIRECTION('',(0.,1.,0.));
#13557=DIRECTION('',(0.,0.,1.));
#13558=DIRECTION('',(1.,0.,0.));
#13559=DIRECTION('',(0.,-1.,0.));
#13560=DIRECTION('',(0.,0.,-1.));
#13561=DIRECTION('',(0.,0.,-1.));
#13562=DIRECTION('',(-1.,0.,0.));
#13563=DIRECTION('',(0.,0.,1.));
#13564=DIRECTION('',(0.,-1.,0.));
#13565=DIRECTION('',(0.,0.,-1.));
#13566=DIRECTION('',(0.,0.,-1.));
#13567=DIRECTION('',(-1.,0.,0.));
#13568=DIRECTION('',(0.,0.,1.));
#13569=DIRECTION('',(0.,-1.,0.));
#13570=DIRECTION('',(0.,0.,-1.));
#13571=DIRECTION('',(0.,-1.,0.));
#13572=DIRECTION('',(0.,0.,-1.));
#13573=DIRECTION('',(0.,-1.,0.));
#13574=DIRECTION('',(0.,0.,-1.));
#13575=DIRECTION('',(0.,-1.,0.));
#13576=DIRECTION('',(0.,0.,-1.));
#13577=DIRECTION('',(0.,-1.,0.));
#13578=DIRECTION('',(0.,0.,-1.));
#13579=DIRECTION('',(0.,-1.,0.));
#13580=DIRECTION('',(0.,0.,-1.));
#13581=DIRECTION('',(0.,-1.,0.));
#13582=DIRECTION('',(0.,0.,-1.));
#13583=DIRECTION('',(-3.0818660178525E-14,0.,1.));
#13584=DIRECTION('',(1.,0.,3.0818660178525E-14));
#13585=DIRECTION('',(3.0818660178525E-14,0.,-1.));
#13586=DIRECTION('',(0.,-1.,0.));
#13587=DIRECTION('',(0.,0.,-1.));
#13588=DIRECTION('',(-3.0818660178525E-14,0.,1.));
#13589=DIRECTION('',(1.,0.,3.0818660178525E-14));
#13590=DIRECTION('',(3.0818660178525E-14,0.,-1.));
#13591=DIRECTION('',(1.,0.,3.0818660178525E-14));
#13592=DIRECTION('',(3.0818660178525E-14,0.,-1.));
#13593=DIRECTION('',(0.,-1.,0.));
#13594=DIRECTION('',(-1.,0.,0.));
#13595=DIRECTION('',(0.,0.,1.));
#13596=DIRECTION('',(0.,-1.,0.));
#13597=DIRECTION('',(-1.,0.,0.));
#13598=DIRECTION('',(0.,0.,1.));
#13599=DIRECTION('',(0.,-1.,0.));
#13600=DIRECTION('',(0.,-1.,0.));
#13601=DIRECTION('',(0.,0.,-1.));
#13602=DIRECTION('',(0.,-1.,0.));
#13603=DIRECTION('',(1.,0.,3.0818660178525E-14));
#13604=DIRECTION('',(3.0818660178525E-14,0.,-1.));
#13605=DIRECTION('',(0.,-1.,0.));
#13606=DIRECTION('',(0.,0.,1.));
#13607=DIRECTION('',(0.,-1.,0.));
#13608=DIRECTION('',(0.,-1.,0.));
#13609=DIRECTION('',(0.,0.,-1.));
#13610=DIRECTION('',(-1.,0.,0.));
#13611=DIRECTION('',(1.,0.,0.));
#13612=DIRECTION('',(0.,0.,1.));
#13613=DIRECTION('',(1.,0.,0.));
#13614=DIRECTION('',(0.,0.,1.));
#13615=DIRECTION('',(1.,0.,0.));
#13616=DIRECTION('',(-1.,0.,0.));
#13617=DIRECTION('',(0.,-1.,0.));
#13618=DIRECTION('',(0.,0.,-1.));
#13619=DIRECTION('',(0.,0.,-1.));
#13620=DIRECTION('',(-1.,0.,0.));
#13621=DIRECTION('',(0.894427190999916,0.447213595499958,0.));
#13622=DIRECTION('',(-0.447213595499958,0.894427190999916,0.));
#13623=DIRECTION('',(0.,0.,-1.));
#13624=DIRECTION('',(1.,0.,0.));
#13625=DIRECTION('',(0.,0.,-1.));
#13626=DIRECTION('',(-1.,0.,0.));
#13627=DIRECTION('',(0.,0.,1.));
#13628=DIRECTION('',(0.,0.,-1.));
#13629=DIRECTION('',(-0.894427190999916,0.447213595499958,0.));
#13630=DIRECTION('',(-0.447213595499958,-0.894427190999916,0.));
#13631=DIRECTION('',(0.,0.,1.));
#13632=DIRECTION('',(1.,0.,0.));
#13633=DIRECTION('',(0.,0.,-1.));
#13634=DIRECTION('',(-1.,0.,0.));
#13635=DIRECTION('',(0.,1.,0.));
#13636=DIRECTION('',(-1.,0.,0.));
#13637=DIRECTION('',(0.,-1.,0.));
#13638=DIRECTION('',(-1.,0.,0.));
#13639=DIRECTION('',(0.,0.,-1.));
#13640=DIRECTION('',(-1.,0.,0.));
#13641=DIRECTION('',(0.,-1.,0.));
#13642=DIRECTION('',(-1.,0.,0.));
#13643=DIRECTION('',(0.,1.,0.));
#13644=DIRECTION('',(-1.,0.,0.));
#13645=DIRECTION('',(0.,0.,-1.));
#13646=DIRECTION('',(-1.,0.,0.));
#13647=DIRECTION('',(0.,-1.,0.));
#13648=DIRECTION('',(-1.,0.,0.));
#13649=DIRECTION('',(0.,1.,0.));
#13650=DIRECTION('',(-1.,0.,0.));
#13651=DIRECTION('',(0.,0.,-1.));
#13652=DIRECTION('',(-1.,0.,0.));
#13653=DIRECTION('',(0.,-1.,0.));
#13654=DIRECTION('',(-1.,0.,0.));
#13655=DIRECTION('',(0.,1.,0.));
#13656=DIRECTION('',(-1.,0.,0.));
#13657=DIRECTION('',(0.,0.,-1.));
#13658=DIRECTION('',(-1.,0.,0.));
#13659=DIRECTION('',(0.,-1.,0.));
#13660=DIRECTION('',(-1.,0.,0.));
#13661=DIRECTION('',(0.,1.,0.));
#13662=DIRECTION('',(-1.,0.,0.));
#13663=DIRECTION('',(0.,0.,-1.));
#13664=DIRECTION('',(-1.,0.,0.));
#13665=DIRECTION('',(0.,-1.,0.));
#13666=DIRECTION('',(-1.,0.,0.));
#13667=DIRECTION('',(0.,1.,0.));
#13668=DIRECTION('',(-1.,0.,0.));
#13669=DIRECTION('',(0.,0.,-1.));
#13670=DIRECTION('',(-1.,0.,0.));
#13671=DIRECTION('',(0.,-1.,0.));
#13672=DIRECTION('',(-1.,0.,0.));
#13673=DIRECTION('',(0.,1.,0.));
#13674=DIRECTION('',(-1.,0.,0.));
#13675=DIRECTION('',(0.,0.,-1.));
#13676=DIRECTION('',(-1.,0.,0.));
#13677=DIRECTION('',(0.,-1.,0.));
#13678=DIRECTION('',(-1.,0.,0.));
#13679=DIRECTION('',(0.,1.,0.));
#13680=DIRECTION('',(-1.,0.,0.));
#13681=DIRECTION('',(0.,0.,-1.));
#13682=DIRECTION('',(-1.,0.,0.));
#13683=DIRECTION('',(0.,-1.,0.));
#13684=DIRECTION('',(-1.,0.,0.));
#13685=DIRECTION('',(0.,1.,0.));
#13686=DIRECTION('',(-1.,0.,0.));
#13687=DIRECTION('',(0.,0.,-1.));
#13688=DIRECTION('',(-1.,0.,0.));
#13689=DIRECTION('',(0.,-1.,0.));
#13690=DIRECTION('',(-1.,0.,0.));
#13691=DIRECTION('',(0.,1.,0.));
#13692=DIRECTION('',(-1.,0.,0.));
#13693=DIRECTION('',(0.,0.,-1.));
#13694=DIRECTION('',(-1.,0.,0.));
#13695=DIRECTION('',(0.,-1.,0.));
#13696=DIRECTION('',(-1.,0.,0.));
#13697=DIRECTION('',(0.,1.,0.));
#13698=DIRECTION('',(-1.,0.,0.));
#13699=DIRECTION('',(0.,0.,-1.));
#13700=DIRECTION('',(-1.,0.,0.));
#13701=DIRECTION('',(0.,-1.,0.));
#13702=DIRECTION('',(-1.,0.,0.));
#13703=DIRECTION('',(0.,1.,0.));
#13704=DIRECTION('',(-1.,0.,0.));
#13705=DIRECTION('',(0.,0.,1.));
#13706=DIRECTION('',(1.,0.,0.));
#13707=DIRECTION('',(0.,-1.,0.));
#13708=DIRECTION('',(-1.,0.,0.));
#13709=DIRECTION('',(0.,1.,0.));
#13710=DIRECTION('',(-1.,0.,0.));
#13711=DIRECTION('',(0.,0.,1.));
#13712=DIRECTION('',(1.,0.,0.));
#13713=DIRECTION('',(0.,1.,0.));
#13714=DIRECTION('',(-1.,0.,0.));
#13715=DIRECTION('',(0.,-1.,0.));
#13716=DIRECTION('',(-1.,0.,0.));
#13717=DIRECTION('',(0.,0.,1.));
#13718=DIRECTION('',(1.,0.,0.));
#13719=DIRECTION('',(0.,1.,0.));
#13720=DIRECTION('',(-1.,0.,0.));
#13721=DIRECTION('',(0.,-1.,0.));
#13722=DIRECTION('',(-1.,0.,0.));
#13723=DIRECTION('',(0.,0.,1.));
#13724=DIRECTION('',(1.,0.,0.));
#13725=DIRECTION('',(0.,1.,0.));
#13726=DIRECTION('',(-1.,0.,0.));
#13727=DIRECTION('',(0.,-1.,0.));
#13728=DIRECTION('',(-1.,0.,0.));
#13729=DIRECTION('',(0.,0.,1.));
#13730=DIRECTION('',(1.,0.,0.));
#13731=DIRECTION('',(0.,1.,0.));
#13732=DIRECTION('',(-1.,0.,0.));
#13733=DIRECTION('',(0.,-1.,0.));
#13734=DIRECTION('',(-1.,0.,0.));
#13735=DIRECTION('',(0.,0.,1.));
#13736=DIRECTION('',(1.,0.,0.));
#13737=DIRECTION('',(0.,1.,0.));
#13738=DIRECTION('',(-1.,0.,0.));
#13739=DIRECTION('',(0.,-1.,0.));
#13740=DIRECTION('',(-1.,0.,0.));
#13741=DIRECTION('',(0.,0.,1.));
#13742=DIRECTION('',(1.,0.,0.));
#13743=DIRECTION('',(0.,1.,0.));
#13744=DIRECTION('',(-1.,0.,0.));
#13745=DIRECTION('',(0.,-1.,0.));
#13746=DIRECTION('',(-1.,0.,0.));
#13747=DIRECTION('',(0.,0.,1.));
#13748=DIRECTION('',(1.,0.,0.));
#13749=DIRECTION('',(0.,1.,0.));
#13750=DIRECTION('',(-1.,0.,0.));
#13751=DIRECTION('',(0.,-1.,0.));
#13752=DIRECTION('',(-1.,0.,0.));
#13753=DIRECTION('',(0.,0.,1.));
#13754=DIRECTION('',(1.,0.,0.));
#13755=DIRECTION('',(0.,1.,0.));
#13756=DIRECTION('',(-1.,0.,0.));
#13757=DIRECTION('',(0.,-1.,0.));
#13758=DIRECTION('',(-1.,0.,0.));
#13759=DIRECTION('',(0.,0.,1.));
#13760=DIRECTION('',(1.,0.,0.));
#13761=DIRECTION('',(0.,1.,0.));
#13762=DIRECTION('',(-1.,0.,0.));
#13763=DIRECTION('',(0.,-1.,0.));
#13764=DIRECTION('',(-1.,0.,0.));
#13765=DIRECTION('',(0.,0.,1.));
#13766=DIRECTION('',(1.,0.,0.));
#13767=DIRECTION('',(0.,1.,0.));
#13768=DIRECTION('',(-1.,0.,0.));
#13769=DIRECTION('',(0.,-1.,0.));
#13770=DIRECTION('',(-1.,0.,0.));
#13771=DIRECTION('',(0.,0.,1.));
#13772=DIRECTION('',(1.,0.,0.));
#13773=DIRECTION('',(0.,1.,0.));
#13774=DIRECTION('',(-1.,0.,0.));
#13775=DIRECTION('',(0.,-1.,0.));
#13776=DIRECTION('',(-1.,0.,0.));
#13777=DIRECTION('',(0.,0.499999999999953,0.866025403784466));
#13778=DIRECTION('',(0.,-0.866025403784466,0.499999999999953));
#13779=DIRECTION('',(0.447213595500202,0.774596669241402,-0.447213595499855));
#13780=DIRECTION('',(0.4472135955002,-0.774596669241403,0.447213595499856));
#13781=DIRECTION('',(-1.,0.,0.));
#13782=DIRECTION('',(0.,0.499999999999953,0.866025403784466));
#13783=DIRECTION('',(0.,-0.866025403784466,0.499999999999953));
#13784=DIRECTION('',(0.4472135955002,0.774596669241403,-0.447213595499856));
#13785=DIRECTION('',(0.447213595500197,-0.774596669241404,0.447213595499856));
#13786=DIRECTION('',(-1.,0.,0.));
#13787=DIRECTION('',(0.,0.499999999999953,0.866025403784466));
#13788=DIRECTION('',(0.,-0.866025403784466,0.499999999999953));
#13789=DIRECTION('',(0.447213595500197,0.774596669241404,-0.447213595499856));
#13790=DIRECTION('',(0.4472135955002,-0.774596669241403,0.447213595499856));
#13791=DIRECTION('',(-1.,0.,0.));
#13792=DIRECTION('',(0.,0.499999999999953,0.866025403784466));
#13793=DIRECTION('',(0.,-0.866025403784466,0.499999999999953));
#13794=DIRECTION('',(0.4472135955002,0.774596669241403,-0.447213595499856));
#13795=DIRECTION('',(0.447213595500199,-0.774596669241403,0.447213595499856));
#13796=DIRECTION('',(-1.,0.,0.));
#13797=DIRECTION('',(0.,0.499999999999953,0.866025403784466));
#13798=DIRECTION('',(0.,-0.866025403784466,0.499999999999953));
#13799=DIRECTION('',(0.4472135955002,0.774596669241403,-0.447213595499856));
#13800=DIRECTION('',(0.447213595500199,-0.774596669241403,0.447213595499856));
#13801=DIRECTION('',(-1.,0.,0.));
#13802=DIRECTION('',(0.,0.499999999999953,0.866025403784466));
#13803=DIRECTION('',(0.,-0.866025403784466,0.499999999999953));
#13804=DIRECTION('',(0.447213595500199,0.774596669241403,-0.447213595499856));
#13805=DIRECTION('',(0.447213595500199,-0.774596669241403,0.447213595499856));
#13806=DIRECTION('',(-1.,0.,0.));
#13807=DIRECTION('',(0.,0.499999999999953,0.866025403784466));
#13808=DIRECTION('',(0.,-0.866025403784466,0.499999999999953));
#13809=DIRECTION('',(0.447213595500199,0.774596669241403,-0.447213595499856));
#13810=DIRECTION('',(0.4472135955002,-0.774596669241403,0.447213595499856));
#13811=DIRECTION('',(-1.,0.,0.));
#13812=DIRECTION('',(0.,0.499999999999953,0.866025403784466));
#13813=DIRECTION('',(0.,-0.866025403784466,0.499999999999953));
#13814=DIRECTION('',(0.447213595500199,0.774596669241403,-0.447213595499856));
#13815=DIRECTION('',(0.447213595500199,-0.774596669241403,0.447213595499856));
#13816=DIRECTION('',(-1.,0.,0.));
#13817=DIRECTION('',(0.,0.499999999999953,0.866025403784466));
#13818=DIRECTION('',(0.,-0.866025403784466,0.499999999999953));
#13819=DIRECTION('',(0.4472135955002,0.774596669241403,-0.447213595499856));
#13820=DIRECTION('',(0.447213595500197,-0.774596669241404,0.447213595499856));
#13821=DIRECTION('',(-1.,0.,0.));
#13822=DIRECTION('',(0.,0.499999999999953,0.866025403784466));
#13823=DIRECTION('',(0.,-0.866025403784466,0.499999999999953));
#13824=DIRECTION('',(0.4472135955002,0.774596669241403,-0.447213595499856));
#13825=DIRECTION('',(0.4472135955002,-0.774596669241403,0.447213595499856));
#13826=DIRECTION('',(-1.,0.,0.));
#13827=DIRECTION('',(0.,0.499999999999953,0.866025403784466));
#13828=DIRECTION('',(0.,-0.866025403784466,0.499999999999953));
#13829=DIRECTION('',(0.447213595500197,0.774596669241404,-0.447213595499856));
#13830=DIRECTION('',(0.4472135955002,-0.774596669241403,0.447213595499856));
#13831=DIRECTION('',(-1.,0.,0.));
#13832=DIRECTION('',(0.,0.499999999999953,0.866025403784466));
#13833=DIRECTION('',(0.,-0.866025403784466,0.499999999999953));
#13834=DIRECTION('',(0.4472135955002,0.774596669241403,-0.447213595499856));
#13835=DIRECTION('',(0.4472135955002,-0.774596669241403,0.447213595499856));
#13836=DIRECTION('',(-1.,0.,0.));
#13837=DIRECTION('',(0.,1.,0.));
#13838=DIRECTION('',(0.,0.,1.));
#13839=DIRECTION('',(0.,0.,-1.));
#13840=DIRECTION('',(0.,0.,-1.));
#13841=DIRECTION('',(-1.,0.,0.));
#13842=DIRECTION('',(0.,1.,0.));
#13843=DIRECTION('',(0.,0.,1.));
#13844=DIRECTION('',(0.,0.,-1.));
#13845=DIRECTION('',(0.,0.,-1.));
#13846=DIRECTION('',(-1.,0.,0.));
#13847=DIRECTION('',(0.,1.,0.));
#13848=DIRECTION('',(0.,0.,1.));
#13849=DIRECTION('',(0.,0.,-1.));
#13850=DIRECTION('',(0.,0.,-1.));
#13851=DIRECTION('',(-1.,0.,0.));
#13852=DIRECTION('',(0.,1.,0.));
#13853=DIRECTION('',(0.,0.,1.));
#13854=DIRECTION('',(0.,0.,-1.));
#13855=DIRECTION('',(0.,0.,-1.));
#13856=DIRECTION('',(-1.,0.,0.));
#13857=DIRECTION('',(0.,1.,0.));
#13858=DIRECTION('',(0.,0.,1.));
#13859=DIRECTION('',(0.,0.,-1.));
#13860=DIRECTION('',(0.,0.,-1.));
#13861=DIRECTION('',(-1.,0.,0.));
#13862=DIRECTION('',(0.,1.,0.));
#13863=DIRECTION('',(0.,0.,1.));
#13864=DIRECTION('',(0.,0.,-1.));
#13865=DIRECTION('',(0.,0.,-1.));
#13866=DIRECTION('',(-1.,0.,0.));
#13867=DIRECTION('',(0.,1.,0.));
#13868=DIRECTION('',(0.,0.,1.));
#13869=DIRECTION('',(0.,0.,-1.));
#13870=DIRECTION('',(0.,0.,-1.));
#13871=DIRECTION('',(-1.,0.,0.));
#13872=DIRECTION('',(0.,1.,0.));
#13873=DIRECTION('',(0.,0.,1.));
#13874=DIRECTION('',(0.,0.,-1.));
#13875=DIRECTION('',(0.,0.,-1.));
#13876=DIRECTION('',(-1.,0.,0.));
#13877=DIRECTION('',(0.,1.,0.));
#13878=DIRECTION('',(0.,0.,1.));
#13879=DIRECTION('',(0.,0.,-1.));
#13880=DIRECTION('',(0.,0.,-1.));
#13881=DIRECTION('',(-1.,0.,0.));
#13882=DIRECTION('',(0.,1.,0.));
#13883=DIRECTION('',(0.,0.,1.));
#13884=DIRECTION('',(0.,0.,-1.));
#13885=DIRECTION('',(0.,0.,-1.));
#13886=DIRECTION('',(-1.,0.,0.));
#13887=DIRECTION('',(0.,1.,0.));
#13888=DIRECTION('',(0.,0.,1.));
#13889=DIRECTION('',(0.,0.,-1.));
#13890=DIRECTION('',(0.,0.,-1.));
#13891=DIRECTION('',(-1.,0.,0.));
#13892=DIRECTION('',(0.,1.,0.));
#13893=DIRECTION('',(0.,0.,1.));
#13894=DIRECTION('',(0.,0.,-1.));
#13895=DIRECTION('',(0.,0.,-1.));
#13896=DIRECTION('',(-1.,0.,0.));
#13897=DIRECTION('',(0.,0.500000000000025,-0.866025403784424));
#13898=DIRECTION('',(0.,0.866025403784424,0.500000000000025));
#13899=DIRECTION('',(-0.447213595500185,-0.774596669241372,-0.447213595499924));
#13900=DIRECTION('',(-0.447213595500183,0.774596669241373,0.447213595499924));
#13901=DIRECTION('',(-1.,0.,0.));
#13902=DIRECTION('',(0.,0.500000000000025,-0.866025403784424));
#13903=DIRECTION('',(0.,0.866025403784424,0.500000000000025));
#13904=DIRECTION('',(-0.447213595500183,-0.774596669241373,-0.447213595499924));
#13905=DIRECTION('',(-0.44721359550018,0.774596669241374,0.447213595499925));
#13906=DIRECTION('',(-1.,0.,0.));
#13907=DIRECTION('',(0.,0.500000000000025,-0.866025403784424));
#13908=DIRECTION('',(0.,0.866025403784424,0.500000000000025));
#13909=DIRECTION('',(-0.44721359550018,-0.774596669241374,-0.447213595499925));
#13910=DIRECTION('',(-0.447213595500183,0.774596669241373,0.447213595499924));
#13911=DIRECTION('',(-1.,0.,0.));
#13912=DIRECTION('',(0.,0.500000000000025,-0.866025403784424));
#13913=DIRECTION('',(0.,0.866025403784424,0.500000000000025));
#13914=DIRECTION('',(-0.447213595500183,-0.774596669241373,-0.447213595499924));
#13915=DIRECTION('',(-0.447213595500181,0.774596669241373,0.447213595499925));
#13916=DIRECTION('',(-1.,0.,0.));
#13917=DIRECTION('',(0.,0.500000000000025,-0.866025403784424));
#13918=DIRECTION('',(0.,0.866025403784424,0.500000000000025));
#13919=DIRECTION('',(-0.447213595500183,-0.774596669241373,-0.447213595499924));
#13920=DIRECTION('',(-0.447213595500181,0.774596669241373,0.447213595499925));
#13921=DIRECTION('',(-1.,0.,0.));
#13922=DIRECTION('',(0.,0.500000000000025,-0.866025403784424));
#13923=DIRECTION('',(0.,0.866025403784424,0.500000000000025));
#13924=DIRECTION('',(-0.447213595500182,-0.774596669241373,-0.447213595499925));
#13925=DIRECTION('',(-0.447213595500182,0.774596669241373,0.447213595499925));
#13926=DIRECTION('',(-1.,0.,0.));
#13927=DIRECTION('',(0.,0.500000000000025,-0.866025403784424));
#13928=DIRECTION('',(0.,0.866025403784424,0.500000000000025));
#13929=DIRECTION('',(-0.447213595500182,-0.774596669241373,-0.447213595499925));
#13930=DIRECTION('',(-0.447213595500183,0.774596669241373,0.447213595499924));
#13931=DIRECTION('',(-1.,0.,0.));
#13932=DIRECTION('',(0.,0.500000000000025,-0.866025403784424));
#13933=DIRECTION('',(0.,0.866025403784424,0.500000000000025));
#13934=DIRECTION('',(-0.447213595500181,-0.774596669241373,-0.447213595499925));
#13935=DIRECTION('',(-0.447213595500181,0.774596669241373,0.447213595499925));
#13936=DIRECTION('',(-1.,0.,0.));
#13937=DIRECTION('',(0.,0.500000000000025,-0.866025403784424));
#13938=DIRECTION('',(0.,0.866025403784424,0.500000000000025));
#13939=DIRECTION('',(-0.447213595500183,-0.774596669241373,-0.447213595499924));
#13940=DIRECTION('',(-0.44721359550018,0.774596669241374,0.447213595499925));
#13941=DIRECTION('',(-1.,0.,0.));
#13942=DIRECTION('',(0.,0.500000000000025,-0.866025403784424));
#13943=DIRECTION('',(0.,0.866025403784424,0.500000000000025));
#13944=DIRECTION('',(-0.447213595500183,-0.774596669241373,-0.447213595499924));
#13945=DIRECTION('',(-0.447213595500183,0.774596669241373,0.447213595499924));
#13946=DIRECTION('',(-1.,0.,0.));
#13947=DIRECTION('',(0.,0.500000000000025,-0.866025403784424));
#13948=DIRECTION('',(0.,0.866025403784424,0.500000000000025));
#13949=DIRECTION('',(-0.44721359550018,-0.774596669241374,-0.447213595499925));
#13950=DIRECTION('',(-0.447213595500183,0.774596669241373,0.447213595499924));
#13951=DIRECTION('',(-1.,0.,0.));
#13952=DIRECTION('',(0.,0.500000000000025,-0.866025403784424));
#13953=DIRECTION('',(0.,0.866025403784424,0.500000000000025));
#13954=DIRECTION('',(-0.447213595500183,-0.774596669241373,-0.447213595499924));
#13955=DIRECTION('',(-0.447213595500183,0.774596669241373,0.447213595499924));
#13956=DIRECTION('',(-1.,0.,0.));
#13957=DIRECTION('',(0.,0.,-1.));
#13958=DIRECTION('',(-1.,0.,0.));
#13959=DIRECTION('',(0.,1.,0.));
#13960=DIRECTION('',(-1.,0.,0.));
#13961=DIRECTION('',(0.,-1.,0.));
#13962=DIRECTION('',(0.,0.,-1.));
#13963=DIRECTION('',(-1.,0.,0.));
#13964=DIRECTION('',(0.,-1.,0.));
#13965=DIRECTION('',(0.,1.,0.));
#13966=DIRECTION('',(-1.,0.,0.));
#13967=DIRECTION('',(0.,0.,-1.));
#13968=DIRECTION('',(-1.,0.,0.));
#13969=DIRECTION('',(0.,-1.,0.));
#13970=DIRECTION('',(0.,1.,0.));
#13971=DIRECTION('',(-1.,0.,0.));
#13972=DIRECTION('',(0.,0.,-1.));
#13973=DIRECTION('',(-1.,0.,0.));
#13974=DIRECTION('',(0.,-1.,0.));
#13975=DIRECTION('',(0.,1.,0.));
#13976=DIRECTION('',(-1.,0.,0.));
#13977=DIRECTION('',(0.,0.,-1.));
#13978=DIRECTION('',(-1.,0.,0.));
#13979=DIRECTION('',(0.,-1.,0.));
#13980=DIRECTION('',(0.,1.,0.));
#13981=DIRECTION('',(-1.,0.,0.));
#13982=DIRECTION('',(0.,0.,-1.));
#13983=DIRECTION('',(-1.,0.,0.));
#13984=DIRECTION('',(0.,-1.,0.));
#13985=DIRECTION('',(0.,1.,0.));
#13986=DIRECTION('',(-1.,0.,0.));
#13987=DIRECTION('',(0.,0.,-1.));
#13988=DIRECTION('',(-1.,0.,0.));
#13989=DIRECTION('',(0.,-1.,0.));
#13990=DIRECTION('',(0.,1.,0.));
#13991=DIRECTION('',(-1.,0.,0.));
#13992=DIRECTION('',(0.,0.,-1.));
#13993=DIRECTION('',(-1.,0.,0.));
#13994=DIRECTION('',(0.,-1.,0.));
#13995=DIRECTION('',(0.,1.,0.));
#13996=DIRECTION('',(-1.,0.,0.));
#13997=DIRECTION('',(0.,0.,-1.));
#13998=DIRECTION('',(-1.,0.,0.));
#13999=DIRECTION('',(0.,-1.,0.));
#14000=DIRECTION('',(0.,1.,0.));
#14001=DIRECTION('',(-1.,0.,0.));
#14002=DIRECTION('',(0.,0.,-1.));
#14003=DIRECTION('',(-1.,0.,0.));
#14004=DIRECTION('',(0.,-1.,0.));
#14005=DIRECTION('',(0.,1.,0.));
#14006=DIRECTION('',(-1.,0.,0.));
#14007=DIRECTION('',(0.,0.,-1.));
#14008=DIRECTION('',(-1.,0.,0.));
#14009=DIRECTION('',(0.,-1.,0.));
#14010=DIRECTION('',(0.,1.,0.));
#14011=DIRECTION('',(-1.,0.,0.));
#14012=DIRECTION('',(0.,0.,-1.));
#14013=DIRECTION('',(-1.,0.,0.));
#14014=DIRECTION('',(0.,-1.,0.));
#14015=DIRECTION('',(0.,1.,0.));
#14016=DIRECTION('',(-1.,0.,0.));
#14017=DIRECTION('',(0.,-1.76384813640513E-17,1.));
#14018=DIRECTION('',(0.,-1.,-1.76384813640513E-17));
#14019=DIRECTION('',(0.,-1.,-1.76384813640513E-17));
#14020=DIRECTION('',(-1.,0.,0.));
#14021=DIRECTION('',(0.,1.,1.76384813640513E-17));
#14022=DIRECTION('',(-1.,0.,0.));
#14023=DIRECTION('',(0.,-1.76384813640513E-17,1.));
#14024=DIRECTION('',(0.,-1.,-1.76384813640513E-17));
#14025=DIRECTION('',(0.,1.,1.76384813640513E-17));
#14026=DIRECTION('',(-1.,0.,0.));
#14027=DIRECTION('',(0.,-1.,-1.76384813640513E-17));
#14028=DIRECTION('',(-1.,0.,0.));
#14029=DIRECTION('',(0.,-1.76384813640513E-17,1.));
#14030=DIRECTION('',(0.,-1.,-1.76384813640513E-17));
#14031=DIRECTION('',(0.,1.,1.76384813640513E-17));
#14032=DIRECTION('',(-1.,0.,0.));
#14033=DIRECTION('',(0.,-1.,-1.76384813640513E-17));
#14034=DIRECTION('',(-1.,0.,0.));
#14035=DIRECTION('',(0.,-1.76384813640513E-17,1.));
#14036=DIRECTION('',(0.,-1.,-1.76384813640513E-17));
#14037=DIRECTION('',(0.,1.,1.76384813640513E-17));
#14038=DIRECTION('',(-1.,0.,0.));
#14039=DIRECTION('',(0.,-1.,-1.76384813640513E-17));
#14040=DIRECTION('',(-1.,0.,0.));
#14041=DIRECTION('',(0.,-1.76384813640513E-17,1.));
#14042=DIRECTION('',(0.,-1.,-1.76384813640513E-17));
#14043=DIRECTION('',(0.,1.,1.76384813640513E-17));
#14044=DIRECTION('',(-1.,0.,0.));
#14045=DIRECTION('',(0.,-1.,-1.76384813640513E-17));
#14046=DIRECTION('',(-1.,0.,0.));
#14047=DIRECTION('',(0.,-1.76384813640513E-17,1.));
#14048=DIRECTION('',(0.,-1.,-1.76384813640513E-17));
#14049=DIRECTION('',(0.,1.,1.76384813640513E-17));
#14050=DIRECTION('',(-1.,0.,0.));
#14051=DIRECTION('',(0.,-1.,-1.76384813640513E-17));
#14052=DIRECTION('',(-1.,0.,0.));
#14053=DIRECTION('',(0.,-1.76384813640513E-17,1.));
#14054=DIRECTION('',(0.,-1.,-1.76384813640513E-17));
#14055=DIRECTION('',(0.,1.,1.76384813640513E-17));
#14056=DIRECTION('',(-1.,0.,0.));
#14057=DIRECTION('',(0.,-1.,-1.76384813640513E-17));
#14058=DIRECTION('',(-1.,0.,0.));
#14059=DIRECTION('',(0.,-1.76384813640513E-17,1.));
#14060=DIRECTION('',(0.,-1.,-1.76384813640513E-17));
#14061=DIRECTION('',(0.,1.,1.76384813640513E-17));
#14062=DIRECTION('',(-1.,0.,0.));
#14063=DIRECTION('',(0.,-1.,-1.76384813640513E-17));
#14064=DIRECTION('',(-1.,0.,0.));
#14065=DIRECTION('',(0.,-1.76384813640513E-17,1.));
#14066=DIRECTION('',(0.,-1.,-1.76384813640513E-17));
#14067=DIRECTION('',(0.,1.,1.76384813640513E-17));
#14068=DIRECTION('',(-1.,0.,0.));
#14069=DIRECTION('',(0.,-1.,-1.76384813640513E-17));
#14070=DIRECTION('',(-1.,0.,0.));
#14071=DIRECTION('',(0.,-1.76384813640513E-17,1.));
#14072=DIRECTION('',(0.,-1.,-1.76384813640513E-17));
#14073=DIRECTION('',(0.,1.,1.76384813640513E-17));
#14074=DIRECTION('',(-1.,0.,0.));
#14075=DIRECTION('',(0.,-1.,-1.76384813640513E-17));
#14076=DIRECTION('',(-1.,0.,0.));
#14077=DIRECTION('',(0.,-1.76384813640513E-17,1.));
#14078=DIRECTION('',(0.,-1.,-1.76384813640513E-17));
#14079=DIRECTION('',(0.,1.,1.76384813640513E-17));
#14080=DIRECTION('',(-1.,0.,0.));
#14081=DIRECTION('',(0.,-1.,-1.76384813640513E-17));
#14082=DIRECTION('',(-1.,0.,0.));
#14083=DIRECTION('',(0.,-1.76384813640513E-17,1.));
#14084=DIRECTION('',(0.,-1.,-1.76384813640513E-17));
#14085=DIRECTION('',(0.,1.,1.76384813640513E-17));
#14086=DIRECTION('',(-1.,0.,0.));
#14087=DIRECTION('',(0.,-1.,-1.76384813640513E-17));
#14088=DIRECTION('',(-1.,0.,0.));
#14089=DIRECTION('',(0.,0.499999999999953,0.866025403784466));
#14090=DIRECTION('',(0.,-0.866025403784466,0.499999999999953));
#14091=DIRECTION('',(0.447213595500202,0.774596669241402,-0.447213595499855));
#14092=DIRECTION('',(0.4472135955002,-0.774596669241403,0.447213595499856));
#14093=DIRECTION('',(-1.,0.,0.));
#14094=DIRECTION('',(0.,0.499999999999953,0.866025403784466));
#14095=DIRECTION('',(0.,-0.866025403784466,0.499999999999953));
#14096=DIRECTION('',(0.4472135955002,0.774596669241403,-0.447213595499856));
#14097=DIRECTION('',(0.447213595500197,-0.774596669241404,0.447213595499856));
#14098=DIRECTION('',(-1.,0.,0.));
#14099=DIRECTION('',(0.,0.499999999999953,0.866025403784466));
#14100=DIRECTION('',(0.,-0.866025403784466,0.499999999999953));
#14101=DIRECTION('',(0.447213595500197,0.774596669241404,-0.447213595499856));
#14102=DIRECTION('',(0.4472135955002,-0.774596669241403,0.447213595499856));
#14103=DIRECTION('',(-1.,0.,0.));
#14104=DIRECTION('',(0.,0.499999999999953,0.866025403784466));
#14105=DIRECTION('',(0.,-0.866025403784466,0.499999999999953));
#14106=DIRECTION('',(0.4472135955002,0.774596669241403,-0.447213595499856));
#14107=DIRECTION('',(0.447213595500199,-0.774596669241403,0.447213595499856));
#14108=DIRECTION('',(-1.,0.,0.));
#14109=DIRECTION('',(0.,0.499999999999953,0.866025403784466));
#14110=DIRECTION('',(0.,-0.866025403784466,0.499999999999953));
#14111=DIRECTION('',(0.4472135955002,0.774596669241403,-0.447213595499856));
#14112=DIRECTION('',(0.447213595500199,-0.774596669241403,0.447213595499856));
#14113=DIRECTION('',(-1.,0.,0.));
#14114=DIRECTION('',(0.,0.499999999999953,0.866025403784466));
#14115=DIRECTION('',(0.,-0.866025403784466,0.499999999999953));
#14116=DIRECTION('',(0.447213595500199,0.774596669241403,-0.447213595499856));
#14117=DIRECTION('',(0.447213595500199,-0.774596669241403,0.447213595499856));
#14118=DIRECTION('',(-1.,0.,0.));
#14119=DIRECTION('',(0.,0.499999999999953,0.866025403784466));
#14120=DIRECTION('',(0.,-0.866025403784466,0.499999999999953));
#14121=DIRECTION('',(0.447213595500199,0.774596669241403,-0.447213595499856));
#14122=DIRECTION('',(0.4472135955002,-0.774596669241403,0.447213595499856));
#14123=DIRECTION('',(-1.,0.,0.));
#14124=DIRECTION('',(0.,0.499999999999953,0.866025403784466));
#14125=DIRECTION('',(0.,-0.866025403784466,0.499999999999953));
#14126=DIRECTION('',(0.447213595500199,0.774596669241403,-0.447213595499856));
#14127=DIRECTION('',(0.447213595500199,-0.774596669241403,0.447213595499856));
#14128=DIRECTION('',(-1.,0.,0.));
#14129=DIRECTION('',(0.,0.499999999999953,0.866025403784466));
#14130=DIRECTION('',(0.,-0.866025403784466,0.499999999999953));
#14131=DIRECTION('',(0.4472135955002,0.774596669241403,-0.447213595499856));
#14132=DIRECTION('',(0.447213595500197,-0.774596669241404,0.447213595499856));
#14133=DIRECTION('',(-1.,0.,0.));
#14134=DIRECTION('',(0.,0.499999999999953,0.866025403784466));
#14135=DIRECTION('',(0.,-0.866025403784466,0.499999999999953));
#14136=DIRECTION('',(0.4472135955002,0.774596669241403,-0.447213595499856));
#14137=DIRECTION('',(0.4472135955002,-0.774596669241403,0.447213595499856));
#14138=DIRECTION('',(-1.,0.,0.));
#14139=DIRECTION('',(0.,0.499999999999953,0.866025403784466));
#14140=DIRECTION('',(0.,-0.866025403784466,0.499999999999953));
#14141=DIRECTION('',(0.447213595500197,0.774596669241404,-0.447213595499856));
#14142=DIRECTION('',(0.4472135955002,-0.774596669241403,0.447213595499856));
#14143=DIRECTION('',(-1.,0.,0.));
#14144=DIRECTION('',(0.,0.499999999999953,0.866025403784466));
#14145=DIRECTION('',(0.,-0.866025403784466,0.499999999999953));
#14146=DIRECTION('',(0.4472135955002,0.774596669241403,-0.447213595499856));
#14147=DIRECTION('',(0.4472135955002,-0.774596669241403,0.447213595499856));
#14148=DIRECTION('',(-1.,0.,0.));
#14149=DIRECTION('',(0.,1.,0.));
#14150=DIRECTION('',(0.,0.,1.));
#14151=DIRECTION('',(0.,0.,-1.));
#14152=DIRECTION('',(0.,0.,-1.));
#14153=DIRECTION('',(-1.,0.,0.));
#14154=DIRECTION('',(0.,1.,0.));
#14155=DIRECTION('',(0.,0.,1.));
#14156=DIRECTION('',(0.,0.,-1.));
#14157=DIRECTION('',(0.,0.,-1.));
#14158=DIRECTION('',(-1.,0.,0.));
#14159=DIRECTION('',(0.,1.,0.));
#14160=DIRECTION('',(0.,0.,1.));
#14161=DIRECTION('',(0.,0.,-1.));
#14162=DIRECTION('',(0.,0.,-1.));
#14163=DIRECTION('',(-1.,0.,0.));
#14164=DIRECTION('',(0.,1.,0.));
#14165=DIRECTION('',(0.,0.,1.));
#14166=DIRECTION('',(0.,0.,-1.));
#14167=DIRECTION('',(0.,0.,-1.));
#14168=DIRECTION('',(-1.,0.,0.));
#14169=DIRECTION('',(0.,1.,0.));
#14170=DIRECTION('',(0.,0.,1.));
#14171=DIRECTION('',(0.,0.,-1.));
#14172=DIRECTION('',(0.,0.,-1.));
#14173=DIRECTION('',(-1.,0.,0.));
#14174=DIRECTION('',(0.,1.,0.));
#14175=DIRECTION('',(0.,0.,1.));
#14176=DIRECTION('',(0.,0.,-1.));
#14177=DIRECTION('',(0.,0.,-1.));
#14178=DIRECTION('',(-1.,0.,0.));
#14179=DIRECTION('',(0.,1.,0.));
#14180=DIRECTION('',(0.,0.,1.));
#14181=DIRECTION('',(0.,0.,-1.));
#14182=DIRECTION('',(0.,0.,-1.));
#14183=DIRECTION('',(-1.,0.,0.));
#14184=DIRECTION('',(0.,1.,0.));
#14185=DIRECTION('',(0.,0.,1.));
#14186=DIRECTION('',(0.,0.,-1.));
#14187=DIRECTION('',(0.,0.,-1.));
#14188=DIRECTION('',(-1.,0.,0.));
#14189=DIRECTION('',(0.,1.,0.));
#14190=DIRECTION('',(0.,0.,1.));
#14191=DIRECTION('',(0.,0.,-1.));
#14192=DIRECTION('',(0.,0.,-1.));
#14193=DIRECTION('',(-1.,0.,0.));
#14194=DIRECTION('',(0.,1.,0.));
#14195=DIRECTION('',(0.,0.,1.));
#14196=DIRECTION('',(0.,0.,-1.));
#14197=DIRECTION('',(0.,0.,-1.));
#14198=DIRECTION('',(-1.,0.,0.));
#14199=DIRECTION('',(0.,1.,0.));
#14200=DIRECTION('',(0.,0.,1.));
#14201=DIRECTION('',(0.,0.,-1.));
#14202=DIRECTION('',(0.,0.,-1.));
#14203=DIRECTION('',(-1.,0.,0.));
#14204=DIRECTION('',(0.,1.,0.));
#14205=DIRECTION('',(0.,0.,1.));
#14206=DIRECTION('',(0.,0.,-1.));
#14207=DIRECTION('',(0.,0.,-1.));
#14208=DIRECTION('',(-1.,0.,0.));
#14209=DIRECTION('',(0.,0.499999999999954,-0.866025403784465));
#14210=DIRECTION('',(0.,0.866025403784465,0.499999999999954));
#14211=DIRECTION('',(-0.447213595500202,-0.774596669241402,-0.447213595499855));
#14212=DIRECTION('',(-0.4472135955002,0.774596669241403,0.447213595499856));
#14213=DIRECTION('',(0.,0.499999999999954,-0.866025403784465));
#14214=DIRECTION('',(0.,0.866025403784465,0.499999999999954));
#14215=DIRECTION('',(-0.4472135955002,-0.774596669241403,-0.447213595499856));
#14216=DIRECTION('',(-0.447213595500197,0.774596669241404,0.447213595499857));
#14217=DIRECTION('',(0.,0.499999999999954,-0.866025403784465));
#14218=DIRECTION('',(0.,0.866025403784465,0.499999999999954));
#14219=DIRECTION('',(-0.447213595500197,-0.774596669241404,-0.447213595499857));
#14220=DIRECTION('',(-0.4472135955002,0.774596669241403,0.447213595499856));
#14221=DIRECTION('',(0.,0.499999999999954,-0.866025403784465));
#14222=DIRECTION('',(0.,0.866025403784465,0.499999999999954));
#14223=DIRECTION('',(-0.4472135955002,-0.774596669241403,-0.447213595499856));
#14224=DIRECTION('',(-0.447213595500198,0.774596669241403,0.447213595499856));
#14225=DIRECTION('',(0.,0.499999999999954,-0.866025403784465));
#14226=DIRECTION('',(0.,0.866025403784465,0.499999999999954));
#14227=DIRECTION('',(-0.4472135955002,-0.774596669241403,-0.447213595499856));
#14228=DIRECTION('',(-0.447213595500198,0.774596669241403,0.447213595499856));
#14229=DIRECTION('',(0.,0.499999999999954,-0.866025403784465));
#14230=DIRECTION('',(0.,0.866025403784465,0.499999999999954));
#14231=DIRECTION('',(-0.447213595500199,-0.774596669241403,-0.447213595499856));
#14232=DIRECTION('',(-0.447213595500199,0.774596669241403,0.447213595499856));
#14233=DIRECTION('',(0.,0.499999999999954,-0.866025403784465));
#14234=DIRECTION('',(0.,0.866025403784465,0.499999999999954));
#14235=DIRECTION('',(-0.447213595500199,-0.774596669241403,-0.447213595499856));
#14236=DIRECTION('',(-0.4472135955002,0.774596669241403,0.447213595499856));
#14237=DIRECTION('',(0.,0.499999999999954,-0.866025403784465));
#14238=DIRECTION('',(0.,0.866025403784465,0.499999999999954));
#14239=DIRECTION('',(-0.447213595500198,-0.774596669241403,-0.447213595499856));
#14240=DIRECTION('',(-0.447213595500198,0.774596669241403,0.447213595499856));
#14241=DIRECTION('',(0.,0.499999999999954,-0.866025403784465));
#14242=DIRECTION('',(0.,0.866025403784465,0.499999999999954));
#14243=DIRECTION('',(-0.4472135955002,-0.774596669241403,-0.447213595499856));
#14244=DIRECTION('',(-0.447213595500197,0.774596669241404,0.447213595499857));
#14245=DIRECTION('',(0.,0.499999999999954,-0.866025403784465));
#14246=DIRECTION('',(0.,0.866025403784465,0.499999999999954));
#14247=DIRECTION('',(-0.4472135955002,-0.774596669241403,-0.447213595499856));
#14248=DIRECTION('',(-0.4472135955002,0.774596669241403,0.447213595499856));
#14249=DIRECTION('',(0.,0.499999999999954,-0.866025403784465));
#14250=DIRECTION('',(0.,0.866025403784465,0.499999999999954));
#14251=DIRECTION('',(-0.447213595500197,-0.774596669241404,-0.447213595499857));
#14252=DIRECTION('',(-0.4472135955002,0.774596669241403,0.447213595499856));
#14253=DIRECTION('',(0.,0.499999999999954,-0.866025403784465));
#14254=DIRECTION('',(0.,0.866025403784465,0.499999999999954));
#14255=DIRECTION('',(-0.4472135955002,-0.774596669241403,-0.447213595499856));
#14256=DIRECTION('',(-0.4472135955002,0.774596669241403,0.447213595499856));
#14257=DIRECTION('',(0.,0.,-1.));
#14258=DIRECTION('',(-1.,0.,0.));
#14259=DIRECTION('',(0.,-1.,0.));
#14260=DIRECTION('',(-1.,0.,0.));
#14261=DIRECTION('',(0.,-1.,0.));
#14262=DIRECTION('',(-1.,0.,0.));
#14263=DIRECTION('',(0.,-0.558600379479041,-0.829436927105293));
#14264=DIRECTION('',(0.,0.829436927105293,-0.558600379479041));
#14265=DIRECTION('',(0.,0.829436927105293,-0.558600379479041));
#14266=DIRECTION('',(-1.,0.,0.));
#14267=DIRECTION('',(0.,-0.829436927105293,0.558600379479041));
#14268=DIRECTION('',(0.,0.829436927105293,-0.558600379479041));
#14269=DIRECTION('',(-1.,0.,0.));
#14270=DIRECTION('',(0.,-0.829436927105293,0.558600379479041));
#14271=DIRECTION('',(0.,0.829436927105293,-0.558600379479041));
#14272=DIRECTION('',(-1.,0.,0.));
#14273=DIRECTION('',(0.,-0.829436927105293,0.558600379479041));
#14274=DIRECTION('',(0.,0.829436927105293,-0.558600379479041));
#14275=DIRECTION('',(-1.,0.,0.));
#14276=DIRECTION('',(0.,-0.829436927105293,0.558600379479041));
#14277=DIRECTION('',(0.,0.829436927105293,-0.558600379479041));
#14278=DIRECTION('',(-1.,0.,0.));
#14279=DIRECTION('',(0.,-0.829436927105293,0.558600379479041));
#14280=DIRECTION('',(0.,0.829436927105293,-0.558600379479041));
#14281=DIRECTION('',(-1.,0.,0.));
#14282=DIRECTION('',(0.,-0.829436927105293,0.558600379479041));
#14283=DIRECTION('',(0.,0.829436927105293,-0.558600379479041));
#14284=DIRECTION('',(-1.,0.,0.));
#14285=DIRECTION('',(0.,-0.829436927105293,0.558600379479041));
#14286=DIRECTION('',(0.,0.829436927105293,-0.558600379479041));
#14287=DIRECTION('',(-1.,0.,0.));
#14288=DIRECTION('',(0.,-0.829436927105293,0.558600379479041));
#14289=DIRECTION('',(0.,0.829436927105293,-0.558600379479041));
#14290=DIRECTION('',(-1.,0.,0.));
#14291=DIRECTION('',(0.,-0.829436927105293,0.558600379479041));
#14292=DIRECTION('',(0.,0.829436927105293,-0.558600379479041));
#14293=DIRECTION('',(-1.,0.,0.));
#14294=DIRECTION('',(0.,-0.829436927105293,0.558600379479041));
#14295=DIRECTION('',(0.,0.829436927105293,-0.558600379479041));
#14296=DIRECTION('',(-1.,0.,0.));
#14297=DIRECTION('',(0.,-0.829436927105293,0.558600379479041));
#14298=DIRECTION('',(0.,0.829436927105293,-0.558600379479041));
#14299=DIRECTION('',(-1.,0.,0.));
#14300=DIRECTION('',(0.,-0.829436927105293,0.558600379479041));
#14301=DIRECTION('',(0.,-0.829436927105293,0.558600379479041));
#14302=DIRECTION('',(-1.,0.,0.));
#14303=DIRECTION('',(0.,-0.829436927105293,0.558600379479041));
#14304=DIRECTION('',(0.,-0.558600379479076,0.82943692710527));
#14305=DIRECTION('',(0.,-0.82943692710527,-0.558600379479076));
#14306=DIRECTION('',(0.,-0.82943692710527,-0.558600379479076));
#14307=DIRECTION('',(0.,0.82943692710527,0.558600379479076));
#14308=DIRECTION('',(0.,0.82943692710527,0.558600379479076));
#14309=DIRECTION('',(-1.,0.,0.));
#14310=DIRECTION('',(0.,0.82943692710527,0.558600379479076));
#14311=DIRECTION('',(1.,0.,0.));
#14312=DIRECTION('',(0.,-0.82943692710527,-0.558600379479076));
#14313=DIRECTION('',(0.,0.82943692710527,0.558600379479076));
#14314=DIRECTION('',(1.,0.,0.));
#14315=DIRECTION('',(0.,-0.82943692710527,-0.558600379479076));
#14316=DIRECTION('',(0.,0.82943692710527,0.558600379479076));
#14317=DIRECTION('',(1.,0.,0.));
#14318=DIRECTION('',(0.,-0.82943692710527,-0.558600379479076));
#14319=DIRECTION('',(0.,0.82943692710527,0.558600379479076));
#14320=DIRECTION('',(1.,0.,0.));
#14321=DIRECTION('',(0.,-0.82943692710527,-0.558600379479076));
#14322=DIRECTION('',(0.,0.82943692710527,0.558600379479076));
#14323=DIRECTION('',(1.,0.,0.));
#14324=DIRECTION('',(0.,-0.82943692710527,-0.558600379479076));
#14325=DIRECTION('',(0.,0.82943692710527,0.558600379479076));
#14326=DIRECTION('',(1.,0.,0.));
#14327=DIRECTION('',(0.,-0.82943692710527,-0.558600379479076));
#14328=DIRECTION('',(0.,0.82943692710527,0.558600379479076));
#14329=DIRECTION('',(1.,0.,0.));
#14330=DIRECTION('',(0.,-0.82943692710527,-0.558600379479076));
#14331=DIRECTION('',(0.,0.82943692710527,0.558600379479076));
#14332=DIRECTION('',(1.,0.,0.));
#14333=DIRECTION('',(0.,-0.82943692710527,-0.558600379479076));
#14334=DIRECTION('',(0.,0.82943692710527,0.558600379479076));
#14335=DIRECTION('',(1.,0.,0.));
#14336=DIRECTION('',(0.,-0.82943692710527,-0.558600379479076));
#14337=DIRECTION('',(0.,0.82943692710527,0.558600379479076));
#14338=DIRECTION('',(1.,0.,0.));
#14339=DIRECTION('',(0.,-0.82943692710527,-0.558600379479076));
#14340=DIRECTION('',(0.,0.82943692710527,0.558600379479076));
#14341=DIRECTION('',(1.,0.,0.));
#14342=DIRECTION('',(0.,-0.82943692710527,-0.558600379479076));
#14343=DIRECTION('',(0.,0.82943692710527,0.558600379479076));
#14344=DIRECTION('',(1.,0.,0.));
#14345=DIRECTION('',(0.,0.,1.));
#14346=DIRECTION('',(1.,0.,0.));
#14347=DIRECTION('',(0.,1.,0.));
#14348=DIRECTION('',(0.,1.,0.));
#14349=DIRECTION('',(-1.,0.,0.));
#14350=DIRECTION('',(0.,0.499999999999953,0.866025403784466));
#14351=DIRECTION('',(0.,-0.866025403784466,0.499999999999953));
#14352=DIRECTION('',(0.4472135955002,0.774596669241403,-0.447213595499856));
#14353=DIRECTION('',(0.4472135955002,-0.774596669241403,0.447213595499856));
#14354=DIRECTION('',(-1.,0.,0.));
#14355=DIRECTION('',(0.,1.,0.));
#14356=DIRECTION('',(0.,0.,1.));
#14357=DIRECTION('',(0.,0.,-1.));
#14358=DIRECTION('',(0.,0.,-1.));
#14359=DIRECTION('',(-1.,0.,0.));
#14360=DIRECTION('',(0.,0.500000000000025,-0.866025403784424));
#14361=DIRECTION('',(0.,0.866025403784424,0.500000000000025));
#14362=DIRECTION('',(-0.447213595500183,-0.774596669241373,-0.447213595499924));
#14363=DIRECTION('',(-0.447213595500183,0.774596669241373,0.447213595499924));
#14364=DIRECTION('',(-1.,0.,0.));
#14365=DIRECTION('',(0.,0.,-1.));
#14366=DIRECTION('',(-1.,0.,0.));
#14367=DIRECTION('',(0.,-1.,0.));
#14368=DIRECTION('',(0.,-1.,0.));
#14369=DIRECTION('',(-1.,0.,0.));
#14370=DIRECTION('',(0.,1.,0.));
#14371=DIRECTION('',(0.,0.,1.));
#14372=DIRECTION('',(-1.,0.,0.));
#14373=DIRECTION('',(0.,0.,-1.));
#14374=DIRECTION('',(0.,0.,-1.));
#14375=DIRECTION('',(0.,0.,-1.));
#14376=DIRECTION('',(0.,0.,-1.));
#14377=DIRECTION('',(0.,0.,-1.));
#14378=DIRECTION('',(0.,0.,-1.));
#14379=DIRECTION('',(0.,0.,-1.));
#14380=DIRECTION('',(0.,0.,-1.));
#14381=DIRECTION('',(0.,0.,-1.));
#14382=DIRECTION('',(0.,0.,-1.));
#14383=DIRECTION('',(0.,0.,-1.));
#14384=DIRECTION('',(0.,0.,-1.));
#14385=DIRECTION('',(0.,0.,-1.));
#14386=DIRECTION('',(0.,0.,-1.));
#14387=DIRECTION('',(0.,0.,-1.));
#14388=DIRECTION('',(0.,0.,-1.));
#14389=DIRECTION('',(0.,0.,-1.));
#14390=DIRECTION('',(0.,0.,-1.));
#14391=DIRECTION('',(0.,0.,-1.));
#14392=DIRECTION('',(0.,0.,-1.));
#14393=DIRECTION('',(0.,0.,-1.));
#14394=DIRECTION('',(0.,0.,-1.));
#14395=DIRECTION('',(0.,0.,-1.));
#14396=DIRECTION('',(0.,0.,-1.));
#14397=DIRECTION('',(0.,0.,-1.));
#14398=DIRECTION('',(0.,0.,-1.));
#14399=DIRECTION('',(0.,0.,-1.));
#14400=DIRECTION('',(0.,0.,-1.));
#14401=DIRECTION('',(0.,0.,-1.));
#14402=DIRECTION('',(0.,0.,-1.));
#14403=DIRECTION('',(0.,0.,-1.));
#14404=DIRECTION('',(0.,0.,-1.));
#14405=DIRECTION('',(0.,0.,-1.));
#14406=DIRECTION('',(0.,0.,-1.));
#14407=DIRECTION('',(0.,0.,-1.));
#14408=DIRECTION('',(0.,0.,-1.));
#14409=DIRECTION('',(0.,0.,-1.));
#14410=DIRECTION('',(0.,0.,-1.));
#14411=DIRECTION('',(0.,0.,-1.));
#14412=DIRECTION('',(0.,0.,-1.));
#14413=DIRECTION('',(0.,0.,-1.));
#14414=DIRECTION('',(0.,0.,-1.));
#14415=DIRECTION('',(0.,0.,-1.));
#14416=DIRECTION('',(0.,0.,-1.));
#14417=DIRECTION('',(0.,0.,-1.));
#14418=DIRECTION('',(0.,0.,-1.));
#14419=DIRECTION('',(0.,0.,-1.));
#14420=DIRECTION('',(0.,0.,-1.));
#14421=DIRECTION('',(0.,0.,-1.));
#14422=DIRECTION('',(0.,0.,-1.));
#14423=DIRECTION('',(0.,-1.76384813640513E-17,1.));
#14424=DIRECTION('',(0.,-1.,-1.76384813640513E-17));
#14425=DIRECTION('',(0.,1.,1.76384813640513E-17));
#14426=DIRECTION('',(0.,1.,1.76384813640513E-17));
#14427=DIRECTION('',(-1.,0.,0.));
#14428=DIRECTION('',(0.,0.499999999999953,0.866025403784466));
#14429=DIRECTION('',(0.,-0.866025403784466,0.499999999999953));
#14430=DIRECTION('',(0.4472135955002,0.774596669241403,-0.447213595499856));
#14431=DIRECTION('',(0.4472135955002,-0.774596669241403,0.447213595499856));
#14432=DIRECTION('',(-1.,0.,0.));
#14433=DIRECTION('',(0.,1.,0.));
#14434=DIRECTION('',(0.,0.,1.));
#14435=DIRECTION('',(0.,0.,-1.));
#14436=DIRECTION('',(0.,0.,-1.));
#14437=DIRECTION('',(-1.,0.,0.));
#14438=DIRECTION('',(0.,0.499999999999954,-0.866025403784465));
#14439=DIRECTION('',(0.,0.866025403784465,0.499999999999954));
#14440=DIRECTION('',(-0.4472135955002,-0.774596669241403,-0.447213595499856));
#14441=DIRECTION('',(-0.4472135955002,0.774596669241403,0.447213595499856));
#14442=DIRECTION('',(1.,0.,0.));
#14443=DIRECTION('',(0.,0.,-1.));
#14444=DIRECTION('',(0.,0.,-1.));
#14445=DIRECTION('',(0.,0.,-1.));
#14446=DIRECTION('',(1.,0.,0.));
#14447=DIRECTION('',(0.,0.,-1.));
#14448=DIRECTION('',(0.,0.,-1.));
#14449=DIRECTION('',(0.,0.,-1.));
#14450=DIRECTION('',(0.866025403784298,-0.500000000000244,0.));
#14451=DIRECTION('',(0.500000000000244,0.866025403784298,0.));
#14452=DIRECTION('',(0.866025403784298,-0.500000000000244,0.));
#14453=DIRECTION('',(0.500000000000244,0.866025403784298,0.));
#14454=DIRECTION('',(-0.866025403784299,-0.500000000000242,0.));
#14455=DIRECTION('',(0.500000000000242,-0.866025403784299,0.));
#14456=DIRECTION('',(-0.866025403784299,-0.500000000000242,0.));
#14457=DIRECTION('',(0.500000000000242,-0.866025403784299,0.));
#14458=DIRECTION('',(-0.866025403784299,-0.500000000000242,0.));
#14459=DIRECTION('',(0.500000000000242,-0.866025403784299,0.));
#14460=DIRECTION('',(0.,0.,-1.));
#14461=DIRECTION('',(0.866025403784299,-0.500000000000242,0.));
#14462=DIRECTION('',(0.500000000000242,0.866025403784299,0.));
#14463=DIRECTION('',(0.,0.,-1.));
#14464=DIRECTION('',(1.,0.,0.));
#14465=DIRECTION('',(0.,0.,-1.));
#14466=DIRECTION('',(-1.,0.,0.));
#14467=DIRECTION('',(0.,0.,1.));
#14468=DIRECTION('',(-0.866025403784299,-0.500000000000242,0.));
#14469=DIRECTION('',(0.500000000000242,-0.866025403784299,0.));
#14470=DIRECTION('',(0.,0.,-1.));
#14471=DIRECTION('',(0.866025403784299,-0.500000000000242,0.));
#14472=DIRECTION('',(0.500000000000242,0.866025403784299,0.));
#14473=DIRECTION('',(0.,0.,-1.));
#14474=DIRECTION('',(1.,0.,0.));
#14475=DIRECTION('',(0.,0.,-1.));
#14476=DIRECTION('',(-1.,0.,0.));
#14477=DIRECTION('',(0.,0.,1.));
#14478=DIRECTION('',(-0.866025403784299,-0.500000000000242,0.));
#14479=DIRECTION('',(0.500000000000242,-0.866025403784299,0.));
#14480=DIRECTION('',(0.,0.,-1.));
#14481=DIRECTION('',(0.8660254037843,-0.500000000000239,0.));
#14482=DIRECTION('',(0.500000000000239,0.8660254037843,0.));
#14483=DIRECTION('',(0.,0.,-1.));
#14484=DIRECTION('',(1.,0.,0.));
#14485=DIRECTION('',(0.,0.,-1.));
#14486=DIRECTION('',(-1.,0.,0.));
#14487=DIRECTION('',(0.,0.,1.));
#14488=DIRECTION('',(-0.8660254037843,-0.500000000000239,0.));
#14489=DIRECTION('',(0.500000000000239,-0.8660254037843,0.));
#14490=DIRECTION('',(0.,0.,-1.));
#14491=DIRECTION('',(0.866025403784299,-0.500000000000242,0.));
#14492=DIRECTION('',(0.500000000000242,0.866025403784299,0.));
#14493=DIRECTION('',(0.,0.,-1.));
#14494=DIRECTION('',(1.,0.,0.));
#14495=DIRECTION('',(0.,0.,-1.));
#14496=DIRECTION('',(-1.,0.,0.));
#14497=DIRECTION('',(0.,0.,1.));
#14498=DIRECTION('',(-0.8660254037843,-0.500000000000241,0.));
#14499=DIRECTION('',(0.500000000000241,-0.8660254037843,0.));
#14500=DIRECTION('',(0.,0.,-1.));
#14501=DIRECTION('',(0.866025403784299,-0.500000000000242,0.));
#14502=DIRECTION('',(0.500000000000242,0.866025403784299,0.));
#14503=DIRECTION('',(0.,0.,-1.));
#14504=DIRECTION('',(1.,0.,0.));
#14505=DIRECTION('',(0.,0.,-1.));
#14506=DIRECTION('',(-1.,0.,0.));
#14507=DIRECTION('',(0.,0.,1.));
#14508=DIRECTION('',(-0.866025403784299,-0.500000000000242,0.));
#14509=DIRECTION('',(0.500000000000242,-0.866025403784299,0.));
#14510=DIRECTION('',(0.,0.,-1.));
#14511=DIRECTION('',(0.8660254037843,-0.500000000000241,0.));
#14512=DIRECTION('',(0.500000000000241,0.8660254037843,0.));
#14513=DIRECTION('',(0.,0.,-1.));
#14514=DIRECTION('',(1.,0.,0.));
#14515=DIRECTION('',(0.,0.,-1.));
#14516=DIRECTION('',(-1.,0.,0.));
#14517=DIRECTION('',(0.,0.,1.));
#14518=DIRECTION('',(-0.866025403784299,-0.500000000000241,0.));
#14519=DIRECTION('',(0.500000000000241,-0.8660254037843,0.));
#14520=DIRECTION('',(0.,0.,-1.));
#14521=DIRECTION('',(0.866025403784299,-0.500000000000241,0.));
#14522=DIRECTION('',(0.500000000000241,0.8660254037843,0.));
#14523=DIRECTION('',(0.,0.,-1.));
#14524=DIRECTION('',(1.,0.,0.));
#14525=DIRECTION('',(0.,0.,-1.));
#14526=DIRECTION('',(-1.,0.,0.));
#14527=DIRECTION('',(0.,0.,1.));
#14528=DIRECTION('',(-0.8660254037843,-0.500000000000241,0.));
#14529=DIRECTION('',(0.500000000000241,-0.8660254037843,0.));
#14530=DIRECTION('',(0.,0.,-1.));
#14531=DIRECTION('',(0.866025403784299,-0.500000000000241,0.));
#14532=DIRECTION('',(0.500000000000241,0.8660254037843,0.));
#14533=DIRECTION('',(0.,0.,-1.));
#14534=DIRECTION('',(1.,0.,0.));
#14535=DIRECTION('',(0.,0.,-1.));
#14536=DIRECTION('',(-1.,0.,0.));
#14537=DIRECTION('',(0.,0.,1.));
#14538=DIRECTION('',(-0.8660254037843,-0.500000000000241,0.));
#14539=DIRECTION('',(0.500000000000241,-0.8660254037843,0.));
#14540=DIRECTION('',(0.,0.,-1.));
#14541=DIRECTION('',(0.866025403784299,-0.500000000000242,0.));
#14542=DIRECTION('',(0.500000000000242,0.866025403784299,0.));
#14543=DIRECTION('',(0.,0.,-1.));
#14544=DIRECTION('',(1.,0.,0.));
#14545=DIRECTION('',(0.,0.,-1.));
#14546=DIRECTION('',(-1.,0.,0.));
#14547=DIRECTION('',(0.,0.,1.));
#14548=DIRECTION('',(-0.866025403784299,-0.500000000000242,0.));
#14549=DIRECTION('',(0.500000000000242,-0.866025403784299,0.));
#14550=DIRECTION('',(0.,0.,-1.));
#14551=DIRECTION('',(0.866025403784299,-0.500000000000242,0.));
#14552=DIRECTION('',(0.500000000000242,0.866025403784299,0.));
#14553=DIRECTION('',(0.,0.,-1.));
#14554=DIRECTION('',(1.,0.,0.));
#14555=DIRECTION('',(0.,0.,-1.));
#14556=DIRECTION('',(-1.,0.,0.));
#14557=DIRECTION('',(0.,0.,1.));
#14558=DIRECTION('',(-0.8660254037843,-0.500000000000239,0.));
#14559=DIRECTION('',(0.500000000000239,-0.8660254037843,0.));
#14560=DIRECTION('',(0.,0.,-1.));
#14561=DIRECTION('',(0.8660254037843,-0.500000000000239,0.));
#14562=DIRECTION('',(0.500000000000239,0.8660254037843,0.));
#14563=DIRECTION('',(0.,0.,-1.));
#14564=DIRECTION('',(1.,0.,0.));
#14565=DIRECTION('',(0.,0.,-1.));
#14566=DIRECTION('',(-1.,0.,0.));
#14567=DIRECTION('',(0.,0.,1.));
#14568=DIRECTION('',(-0.866025403784299,-0.500000000000242,0.));
#14569=DIRECTION('',(0.500000000000242,-0.866025403784299,0.));
#14570=DIRECTION('',(0.,0.,-1.));
#14571=DIRECTION('',(0.866025403784299,-0.500000000000242,0.));
#14572=DIRECTION('',(0.500000000000242,0.866025403784299,0.));
#14573=DIRECTION('',(0.,0.,-1.));
#14574=DIRECTION('',(1.,0.,0.));
#14575=DIRECTION('',(0.,0.,-1.));
#14576=DIRECTION('',(-1.,0.,0.));
#14577=DIRECTION('',(0.,0.,1.));
#14578=DIRECTION('',(1.,0.,0.));
#14579=DIRECTION('',(0.,0.,-1.));
#14580=DIRECTION('',(0.,0.,-1.));
#14581=DIRECTION('',(-1.,0.,0.));
#14582=DIRECTION('',(0.,0.,1.));
#14583=DIRECTION('',(0.,0.,-1.));
#14584=DIRECTION('',(0.866025403784299,-0.500000000000242,0.));
#14585=DIRECTION('',(0.500000000000242,0.866025403784299,0.));
#14586=DIRECTION('',(-0.866025403784299,-0.500000000000242,0.));
#14587=DIRECTION('',(0.500000000000242,-0.866025403784299,0.));
#14588=DIRECTION('',(1.,0.,0.));
#14589=DIRECTION('',(0.,0.,-1.));
#14590=DIRECTION('',(0.,0.,-1.));
#14591=DIRECTION('',(-1.,0.,0.));
#14592=DIRECTION('',(0.,0.,1.));
#14593=DIRECTION('',(0.,0.,-1.));
#14594=DIRECTION('',(0.866025403784299,-0.500000000000242,0.));
#14595=DIRECTION('',(0.500000000000242,0.866025403784299,0.));
#14596=DIRECTION('',(-0.866025403784299,-0.500000000000242,0.));
#14597=DIRECTION('',(0.500000000000242,-0.866025403784299,0.));
#14598=DIRECTION('',(1.,0.,0.));
#14599=DIRECTION('',(0.,0.,-1.));
#14600=DIRECTION('',(0.,0.,-1.));
#14601=DIRECTION('',(-1.,0.,0.));
#14602=DIRECTION('',(0.,0.,1.));
#14603=DIRECTION('',(0.,0.,-1.));
#14604=DIRECTION('',(0.8660254037843,-0.500000000000239,0.));
#14605=DIRECTION('',(0.500000000000239,0.8660254037843,0.));
#14606=DIRECTION('',(-0.866025403784299,-0.500000000000242,0.));
#14607=DIRECTION('',(0.500000000000242,-0.866025403784299,0.));
#14608=DIRECTION('',(1.,0.,0.));
#14609=DIRECTION('',(0.,0.,-1.));
#14610=DIRECTION('',(0.,0.,-1.));
#14611=DIRECTION('',(-1.,0.,0.));
#14612=DIRECTION('',(0.,0.,1.));
#14613=DIRECTION('',(0.,0.,-1.));
#14614=DIRECTION('',(0.866025403784299,-0.500000000000242,0.));
#14615=DIRECTION('',(0.500000000000242,0.866025403784299,0.));
#14616=DIRECTION('',(-0.8660254037843,-0.500000000000239,0.));
#14617=DIRECTION('',(0.500000000000239,-0.8660254037843,0.));
#14618=DIRECTION('',(1.,0.,0.));
#14619=DIRECTION('',(0.,0.,-1.));
#14620=DIRECTION('',(0.,0.,-1.));
#14621=DIRECTION('',(-1.,0.,0.));
#14622=DIRECTION('',(0.,0.,1.));
#14623=DIRECTION('',(0.,0.,-1.));
#14624=DIRECTION('',(0.866025403784299,-0.500000000000242,0.));
#14625=DIRECTION('',(0.500000000000242,0.866025403784299,0.));
#14626=DIRECTION('',(-0.8660254037843,-0.500000000000241,0.));
#14627=DIRECTION('',(0.500000000000241,-0.8660254037843,0.));
#14628=DIRECTION('',(1.,0.,0.));
#14629=DIRECTION('',(0.,0.,-1.));
#14630=DIRECTION('',(0.,0.,-1.));
#14631=DIRECTION('',(-1.,0.,0.));
#14632=DIRECTION('',(0.,0.,1.));
#14633=DIRECTION('',(0.,0.,-1.));
#14634=DIRECTION('',(0.8660254037843,-0.500000000000241,0.));
#14635=DIRECTION('',(0.500000000000241,0.8660254037843,0.));
#14636=DIRECTION('',(-0.866025403784299,-0.500000000000242,0.));
#14637=DIRECTION('',(0.500000000000242,-0.866025403784299,0.));
#14638=DIRECTION('',(1.,0.,0.));
#14639=DIRECTION('',(0.,0.,-1.));
#14640=DIRECTION('',(0.,0.,-1.));
#14641=DIRECTION('',(-1.,0.,0.));
#14642=DIRECTION('',(0.,0.,1.));
#14643=DIRECTION('',(0.,0.,-1.));
#14644=DIRECTION('',(0.866025403784299,-0.500000000000241,0.));
#14645=DIRECTION('',(0.500000000000241,0.8660254037843,0.));
#14646=DIRECTION('',(-0.866025403784299,-0.500000000000241,0.));
#14647=DIRECTION('',(0.500000000000241,-0.8660254037843,0.));
#14648=DIRECTION('',(1.,0.,0.));
#14649=DIRECTION('',(0.,0.,-1.));
#14650=DIRECTION('',(0.,0.,-1.));
#14651=DIRECTION('',(-1.,0.,0.));
#14652=DIRECTION('',(0.,0.,1.));
#14653=DIRECTION('',(0.,0.,-1.));
#14654=DIRECTION('',(0.866025403784299,-0.500000000000241,0.));
#14655=DIRECTION('',(0.500000000000241,0.8660254037843,0.));
#14656=DIRECTION('',(-0.8660254037843,-0.500000000000241,0.));
#14657=DIRECTION('',(0.500000000000241,-0.8660254037843,0.));
#14658=DIRECTION('',(1.,0.,0.));
#14659=DIRECTION('',(0.,0.,-1.));
#14660=DIRECTION('',(0.,0.,-1.));
#14661=DIRECTION('',(-1.,0.,0.));
#14662=DIRECTION('',(0.,0.,1.));
#14663=DIRECTION('',(0.,0.,-1.));
#14664=DIRECTION('',(0.866025403784299,-0.500000000000242,0.));
#14665=DIRECTION('',(0.500000000000242,0.866025403784299,0.));
#14666=DIRECTION('',(-0.8660254037843,-0.500000000000241,0.));
#14667=DIRECTION('',(0.500000000000241,-0.8660254037843,0.));
#14668=DIRECTION('',(1.,0.,0.));
#14669=DIRECTION('',(0.,0.,-1.));
#14670=DIRECTION('',(0.,0.,-1.));
#14671=DIRECTION('',(-1.,0.,0.));
#14672=DIRECTION('',(0.,0.,1.));
#14673=DIRECTION('',(0.,0.,-1.));
#14674=DIRECTION('',(0.866025403784299,-0.500000000000242,0.));
#14675=DIRECTION('',(0.500000000000242,0.866025403784299,0.));
#14676=DIRECTION('',(-0.866025403784299,-0.500000000000242,0.));
#14677=DIRECTION('',(0.500000000000242,-0.866025403784299,0.));
#14678=DIRECTION('',(1.,0.,0.));
#14679=DIRECTION('',(0.,0.,-1.));
#14680=DIRECTION('',(0.,0.,-1.));
#14681=DIRECTION('',(-1.,0.,0.));
#14682=DIRECTION('',(0.,0.,1.));
#14683=DIRECTION('',(0.,0.,-1.));
#14684=DIRECTION('',(0.8660254037843,-0.500000000000239,0.));
#14685=DIRECTION('',(0.500000000000239,0.8660254037843,0.));
#14686=DIRECTION('',(-0.8660254037843,-0.500000000000239,0.));
#14687=DIRECTION('',(0.500000000000239,-0.8660254037843,0.));
#14688=DIRECTION('',(-1.,0.,0.));
#14689=DIRECTION('',(0.,0.,1.));
#14690=DIRECTION('',(0.,0.,-1.));
#14691=DIRECTION('',(1.,0.,0.));
#14692=DIRECTION('',(0.,0.,-1.));
#14693=DIRECTION('',(0.,0.,-1.));
#14694=DIRECTION('',(-0.866025403784299,-0.500000000000242,0.));
#14695=DIRECTION('',(0.500000000000242,-0.866025403784299,0.));
#14696=DIRECTION('',(0.866025403784299,-0.500000000000242,0.));
#14697=DIRECTION('',(0.500000000000242,0.866025403784299,0.));
#14698=DIRECTION('',(0.,0.,1.));
#14699=DIRECTION('',(1.,0.,0.));
#14700=DIRECTION('',(0.,1.,0.));
#14701=DIRECTION('',(0.,0.,1.));
#14702=DIRECTION('',(0.,0.,-1.));
#14703=DIRECTION('',(-1.,0.,0.));
#14704=DIRECTION('',(0.,0.,-1.));
#14705=DIRECTION('',(-1.,0.,0.));
#14706=DIRECTION('',(0.,1.,0.));
#14707=DIRECTION('',(0.,0.,1.));
#14708=DIRECTION('',(0.,0.,1.));
#14709=DIRECTION('',(-1.,0.,0.));
#14710=DIRECTION('',(0.,0.,-1.));
#14711=DIRECTION('',(-1.,0.,0.));
#14712=DIRECTION('',(0.,1.,0.));
#14713=DIRECTION('',(0.,0.,1.));
#14714=DIRECTION('',(0.,0.,1.));
#14715=DIRECTION('',(-1.,0.,0.));
#14716=DIRECTION('',(0.,0.,-1.));
#14717=DIRECTION('',(-1.,0.,0.));
#14718=DIRECTION('',(0.,1.,0.));
#14719=DIRECTION('',(0.,0.,1.));
#14720=DIRECTION('',(0.,0.,1.));
#14721=DIRECTION('',(-1.,0.,0.));
#14722=DIRECTION('',(0.,0.,-1.));
#14723=DIRECTION('',(-1.,0.,0.));
#14724=DIRECTION('',(0.,1.,0.));
#14725=DIRECTION('',(0.,0.,1.));
#14726=DIRECTION('',(0.,0.,1.));
#14727=DIRECTION('',(-1.,0.,0.));
#14728=DIRECTION('',(0.,0.,-1.));
#14729=DIRECTION('',(-1.,0.,0.));
#14730=DIRECTION('',(0.,1.,0.));
#14731=DIRECTION('',(0.,0.,1.));
#14732=DIRECTION('',(0.,0.,1.));
#14733=DIRECTION('',(-1.,0.,0.));
#14734=DIRECTION('',(0.,0.,-1.));
#14735=DIRECTION('',(-1.,0.,0.));
#14736=DIRECTION('',(0.,1.,0.));
#14737=DIRECTION('',(0.,0.,1.));
#14738=DIRECTION('',(0.,0.,1.));
#14739=DIRECTION('',(-1.,0.,0.));
#14740=DIRECTION('',(0.,0.,-1.));
#14741=DIRECTION('',(-1.,0.,0.));
#14742=DIRECTION('',(0.,1.,0.));
#14743=DIRECTION('',(0.,0.,1.));
#14744=DIRECTION('',(0.,0.,1.));
#14745=DIRECTION('',(-1.,0.,0.));
#14746=DIRECTION('',(0.,0.,-1.));
#14747=DIRECTION('',(-1.,0.,0.));
#14748=DIRECTION('',(0.,1.,0.));
#14749=DIRECTION('',(0.,0.,1.));
#14750=DIRECTION('',(0.,0.,1.));
#14751=DIRECTION('',(-1.,0.,0.));
#14752=DIRECTION('',(0.,0.,-1.));
#14753=DIRECTION('',(-1.,0.,0.));
#14754=DIRECTION('',(0.,1.,0.));
#14755=DIRECTION('',(0.,0.,1.));
#14756=DIRECTION('',(0.,0.,1.));
#14757=DIRECTION('',(-1.,0.,0.));
#14758=DIRECTION('',(0.,0.,-1.));
#14759=DIRECTION('',(-1.,0.,0.));
#14760=DIRECTION('',(0.,1.,0.));
#14761=DIRECTION('',(0.,0.,1.));
#14762=DIRECTION('',(0.,0.,1.));
#14763=DIRECTION('',(-1.,0.,0.));
#14764=DIRECTION('',(0.,0.,-1.));
#14765=DIRECTION('',(-1.,0.,0.));
#14766=DIRECTION('',(0.,1.,0.));
#14767=DIRECTION('',(0.,0.,1.));
#14768=DIRECTION('',(0.,0.,1.));
#14769=DIRECTION('',(-1.,0.,0.));
#14770=DIRECTION('',(0.,0.,-1.));
#14771=DIRECTION('',(-1.,0.,0.));
#14772=DIRECTION('',(0.,0.,-1.));
#14773=DIRECTION('',(-1.,0.,0.));
#14774=DIRECTION('',(0.,-1.,0.));
#14775=DIRECTION('',(0.,-1.,0.));
#14776=DIRECTION('',(-1.,0.,0.));
#14777=DIRECTION('',(0.,0.,-1.));
#14778=DIRECTION('',(-1.,0.,0.));
#14779=DIRECTION('',(0.,1.,0.));
#14780=DIRECTION('',(-1.,0.,0.));
#14781=DIRECTION('',(0.,-1.,0.));
#14782=DIRECTION('',(0.,0.,-1.));
#14783=DIRECTION('',(-1.,0.,0.));
#14784=DIRECTION('',(0.,1.,0.));
#14785=DIRECTION('',(-1.,0.,0.));
#14786=DIRECTION('',(0.,-1.,0.));
#14787=DIRECTION('',(0.,0.,-1.));
#14788=DIRECTION('',(-1.,0.,0.));
#14789=DIRECTION('',(0.,1.,0.));
#14790=DIRECTION('',(-1.,0.,0.));
#14791=DIRECTION('',(0.,-1.,0.));
#14792=DIRECTION('',(0.,0.,-1.));
#14793=DIRECTION('',(-1.,0.,0.));
#14794=DIRECTION('',(0.,1.,0.));
#14795=DIRECTION('',(-1.,0.,0.));
#14796=DIRECTION('',(0.,-1.,0.));
#14797=DIRECTION('',(0.,0.,-1.));
#14798=DIRECTION('',(-1.,0.,0.));
#14799=DIRECTION('',(0.,1.,0.));
#14800=DIRECTION('',(-1.,0.,0.));
#14801=DIRECTION('',(0.,-1.,0.));
#14802=DIRECTION('',(0.,0.,-1.));
#14803=DIRECTION('',(-1.,0.,0.));
#14804=DIRECTION('',(0.,1.,0.));
#14805=DIRECTION('',(-1.,0.,0.));
#14806=DIRECTION('',(0.,-1.,0.));
#14807=DIRECTION('',(0.,0.,-1.));
#14808=DIRECTION('',(-1.,0.,0.));
#14809=DIRECTION('',(0.,1.,0.));
#14810=DIRECTION('',(-1.,0.,0.));
#14811=DIRECTION('',(0.,-1.,0.));
#14812=DIRECTION('',(0.,0.,-1.));
#14813=DIRECTION('',(-1.,0.,0.));
#14814=DIRECTION('',(0.,1.,0.));
#14815=DIRECTION('',(-1.,0.,0.));
#14816=DIRECTION('',(0.,-1.,0.));
#14817=DIRECTION('',(0.,0.,-1.));
#14818=DIRECTION('',(-1.,0.,0.));
#14819=DIRECTION('',(0.,1.,0.));
#14820=DIRECTION('',(-1.,0.,0.));
#14821=DIRECTION('',(0.,-1.,0.));
#14822=DIRECTION('',(0.,0.,-1.));
#14823=DIRECTION('',(-1.,0.,0.));
#14824=DIRECTION('',(0.,1.,0.));
#14825=DIRECTION('',(-1.,0.,0.));
#14826=DIRECTION('',(0.,-1.,0.));
#14827=DIRECTION('',(0.,0.,-1.));
#14828=DIRECTION('',(-1.,0.,0.));
#14829=DIRECTION('',(0.,1.,0.));
#14830=DIRECTION('',(-1.,0.,0.));
#14831=DIRECTION('',(0.,-1.,0.));
#14832=DIRECTION('',(0.,-1.,0.));
#14833=DIRECTION('',(0.,0.,-1.));
#14834=DIRECTION('',(0.,0.,1.));
#14835=DIRECTION('',(0.,0.,1.));
#14836=DIRECTION('',(-1.,0.,0.));
#14837=DIRECTION('',(0.,-1.,0.));
#14838=DIRECTION('',(0.,0.,-1.));
#14839=DIRECTION('',(0.,0.,-1.));
#14840=DIRECTION('',(-1.,0.,0.));
#14841=DIRECTION('',(0.,0.,1.));
#14842=DIRECTION('',(0.,-1.,0.));
#14843=DIRECTION('',(0.,0.,-1.));
#14844=DIRECTION('',(0.,0.,-1.));
#14845=DIRECTION('',(-1.,0.,0.));
#14846=DIRECTION('',(0.,0.,1.));
#14847=DIRECTION('',(0.,-1.,0.));
#14848=DIRECTION('',(0.,0.,-1.));
#14849=DIRECTION('',(0.,0.,-1.));
#14850=DIRECTION('',(-1.,0.,0.));
#14851=DIRECTION('',(0.,0.,1.));
#14852=DIRECTION('',(0.,-1.,0.));
#14853=DIRECTION('',(0.,0.,-1.));
#14854=DIRECTION('',(0.,0.,-1.));
#14855=DIRECTION('',(-1.,0.,0.));
#14856=DIRECTION('',(0.,0.,1.));
#14857=DIRECTION('',(0.,-1.,0.));
#14858=DIRECTION('',(0.,0.,-1.));
#14859=DIRECTION('',(0.,0.,-1.));
#14860=DIRECTION('',(-1.,0.,0.));
#14861=DIRECTION('',(0.,0.,1.));
#14862=DIRECTION('',(0.,-1.,0.));
#14863=DIRECTION('',(0.,0.,-1.));
#14864=DIRECTION('',(0.,0.,-1.));
#14865=DIRECTION('',(-1.,0.,0.));
#14866=DIRECTION('',(0.,0.,1.));
#14867=DIRECTION('',(0.,-1.,0.));
#14868=DIRECTION('',(0.,0.,-1.));
#14869=DIRECTION('',(0.,0.,-1.));
#14870=DIRECTION('',(-1.,0.,0.));
#14871=DIRECTION('',(0.,0.,1.));
#14872=DIRECTION('',(0.,-1.,0.));
#14873=DIRECTION('',(0.,0.,-1.));
#14874=DIRECTION('',(0.,0.,-1.));
#14875=DIRECTION('',(-1.,0.,0.));
#14876=DIRECTION('',(0.,0.,1.));
#14877=DIRECTION('',(0.,-1.,0.));
#14878=DIRECTION('',(0.,0.,-1.));
#14879=DIRECTION('',(0.,0.,-1.));
#14880=DIRECTION('',(-1.,0.,0.));
#14881=DIRECTION('',(0.,0.,1.));
#14882=DIRECTION('',(0.,-1.,0.));
#14883=DIRECTION('',(0.,0.,-1.));
#14884=DIRECTION('',(0.,0.,-1.));
#14885=DIRECTION('',(-1.,0.,0.));
#14886=DIRECTION('',(0.,0.,1.));
#14887=DIRECTION('',(0.,-1.,0.));
#14888=DIRECTION('',(0.,0.,-1.));
#14889=DIRECTION('',(0.,0.,-1.));
#14890=DIRECTION('',(-1.,0.,0.));
#14891=DIRECTION('',(0.,0.,1.));
#14892=DIRECTION('',(-1.,0.,0.));
#14893=DIRECTION('',(0.,0.,1.));
#14894=DIRECTION('',(1.,0.,0.));
#14895=DIRECTION('',(0.,0.,-1.));
#14896=DIRECTION('',(-1.,0.,0.));
#14897=DIRECTION('',(0.,0.,1.));
#14898=DIRECTION('',(-1.,0.,0.));
#14899=DIRECTION('',(-1.,0.,0.));
#14900=DIRECTION('',(0.,0.,1.));
#14901=DIRECTION('',(-1.,0.,0.));
#14902=DIRECTION('',(0.,0.,1.));
#14903=DIRECTION('',(-1.,0.,0.));
#14904=DIRECTION('',(1.,0.,0.));
#14905=DIRECTION('',(0.,0.,-1.));
#14906=DIRECTION('',(-1.,0.,0.));
#14907=DIRECTION('',(0.,0.,1.));
#14908=DIRECTION('',(-1.,0.,0.));
#14909=DIRECTION('',(0.,0.,1.));
#14910=DIRECTION('',(-1.,0.,0.));
#14911=DIRECTION('',(1.,0.,0.));
#14912=DIRECTION('',(0.,0.,-1.));
#14913=DIRECTION('',(-1.,0.,0.));
#14914=DIRECTION('',(0.,0.,1.));
#14915=DIRECTION('',(-1.,0.,0.));
#14916=DIRECTION('',(0.,0.,1.));
#14917=DIRECTION('',(-1.,0.,0.));
#14918=DIRECTION('',(1.,0.,0.));
#14919=DIRECTION('',(0.,0.,-1.));
#14920=DIRECTION('',(-1.,0.,0.));
#14921=DIRECTION('',(0.,0.,1.));
#14922=DIRECTION('',(-1.,0.,0.));
#14923=DIRECTION('',(0.,0.,1.));
#14924=DIRECTION('',(-1.,0.,0.));
#14925=DIRECTION('',(1.,0.,0.));
#14926=DIRECTION('',(0.,0.,-1.));
#14927=DIRECTION('',(-1.,0.,0.));
#14928=DIRECTION('',(0.,0.,1.));
#14929=DIRECTION('',(-1.,0.,0.));
#14930=DIRECTION('',(0.,0.,1.));
#14931=DIRECTION('',(-1.,0.,0.));
#14932=DIRECTION('',(1.,0.,0.));
#14933=DIRECTION('',(0.,0.,-1.));
#14934=DIRECTION('',(-1.,0.,0.));
#14935=DIRECTION('',(0.,0.,1.));
#14936=DIRECTION('',(-1.,0.,0.));
#14937=DIRECTION('',(0.,0.,1.));
#14938=DIRECTION('',(-1.,0.,0.));
#14939=DIRECTION('',(1.,0.,0.));
#14940=DIRECTION('',(0.,0.,-1.));
#14941=DIRECTION('',(-1.,0.,0.));
#14942=DIRECTION('',(0.,0.,1.));
#14943=DIRECTION('',(-1.,0.,0.));
#14944=DIRECTION('',(0.,0.,1.));
#14945=DIRECTION('',(-1.,0.,0.));
#14946=DIRECTION('',(1.,0.,0.));
#14947=DIRECTION('',(0.,0.,-1.));
#14948=DIRECTION('',(-1.,0.,0.));
#14949=DIRECTION('',(0.,0.,1.));
#14950=DIRECTION('',(-1.,0.,0.));
#14951=DIRECTION('',(0.,0.,1.));
#14952=DIRECTION('',(-1.,0.,0.));
#14953=DIRECTION('',(1.,0.,0.));
#14954=DIRECTION('',(0.,0.,-1.));
#14955=DIRECTION('',(-1.,0.,0.));
#14956=DIRECTION('',(0.,0.,1.));
#14957=DIRECTION('',(-1.,0.,0.));
#14958=DIRECTION('',(0.,0.,1.));
#14959=DIRECTION('',(-1.,0.,0.));
#14960=DIRECTION('',(1.,0.,0.));
#14961=DIRECTION('',(0.,0.,-1.));
#14962=DIRECTION('',(-1.,0.,0.));
#14963=DIRECTION('',(0.,0.,1.));
#14964=DIRECTION('',(-1.,0.,0.));
#14965=DIRECTION('',(0.,0.,1.));
#14966=DIRECTION('',(-1.,0.,0.));
#14967=DIRECTION('',(1.,0.,0.));
#14968=DIRECTION('',(0.,0.,-1.));
#14969=DIRECTION('',(-1.,0.,0.));
#14970=DIRECTION('',(0.,0.,1.));
#14971=DIRECTION('',(-1.,0.,0.));
#14972=DIRECTION('',(0.,0.,1.));
#14973=DIRECTION('',(-1.,0.,0.));
#14974=DIRECTION('',(1.,0.,0.));
#14975=DIRECTION('',(0.,0.,-1.));
#14976=DIRECTION('',(0.,0.,1.));
#14977=DIRECTION('',(1.,0.,0.));
#14978=DIRECTION('',(0.,1.,0.));
#14979=DIRECTION('',(0.,1.,0.));
#14980=DIRECTION('',(-1.,0.,0.));
#14981=DIRECTION('',(0.,0.,1.));
#14982=DIRECTION('',(1.,0.,0.));
#14983=DIRECTION('',(0.,-1.,0.));
#14984=DIRECTION('',(-1.,0.,0.));
#14985=DIRECTION('',(0.,1.,0.));
#14986=DIRECTION('',(0.,0.,1.));
#14987=DIRECTION('',(1.,0.,0.));
#14988=DIRECTION('',(0.,-1.,0.));
#14989=DIRECTION('',(-1.,0.,0.));
#14990=DIRECTION('',(0.,1.,0.));
#14991=DIRECTION('',(0.,0.,1.));
#14992=DIRECTION('',(1.,0.,0.));
#14993=DIRECTION('',(0.,-1.,0.));
#14994=DIRECTION('',(-1.,0.,0.));
#14995=DIRECTION('',(0.,1.,0.));
#14996=DIRECTION('',(0.,0.,1.));
#14997=DIRECTION('',(1.,0.,0.));
#14998=DIRECTION('',(0.,-1.,0.));
#14999=DIRECTION('',(-1.,0.,0.));
#15000=DIRECTION('',(0.,1.,0.));
#15001=DIRECTION('',(0.,0.,1.));
#15002=DIRECTION('',(1.,0.,0.));
#15003=DIRECTION('',(0.,-1.,0.));
#15004=DIRECTION('',(-1.,0.,0.));
#15005=DIRECTION('',(0.,1.,0.));
#15006=DIRECTION('',(0.,0.,1.));
#15007=DIRECTION('',(1.,0.,0.));
#15008=DIRECTION('',(0.,-1.,0.));
#15009=DIRECTION('',(-1.,0.,0.));
#15010=DIRECTION('',(0.,1.,0.));
#15011=DIRECTION('',(0.,0.,1.));
#15012=DIRECTION('',(1.,0.,0.));
#15013=DIRECTION('',(0.,-1.,0.));
#15014=DIRECTION('',(-1.,0.,0.));
#15015=DIRECTION('',(0.,1.,0.));
#15016=DIRECTION('',(0.,0.,1.));
#15017=DIRECTION('',(1.,0.,0.));
#15018=DIRECTION('',(0.,-1.,0.));
#15019=DIRECTION('',(-1.,0.,0.));
#15020=DIRECTION('',(0.,1.,0.));
#15021=DIRECTION('',(0.,0.,1.));
#15022=DIRECTION('',(1.,0.,0.));
#15023=DIRECTION('',(0.,-1.,0.));
#15024=DIRECTION('',(-1.,0.,0.));
#15025=DIRECTION('',(0.,1.,0.));
#15026=DIRECTION('',(0.,0.,1.));
#15027=DIRECTION('',(1.,0.,0.));
#15028=DIRECTION('',(0.,-1.,0.));
#15029=DIRECTION('',(-1.,0.,0.));
#15030=DIRECTION('',(0.,1.,0.));
#15031=DIRECTION('',(0.,0.,1.));
#15032=DIRECTION('',(1.,0.,0.));
#15033=DIRECTION('',(0.,-1.,0.));
#15034=DIRECTION('',(-1.,0.,0.));
#15035=DIRECTION('',(0.,1.,0.));
#15036=DIRECTION('',(0.,0.,-1.));
#15037=DIRECTION('',(-1.,0.,0.));
#15038=DIRECTION('',(0.,-1.,0.));
#15039=DIRECTION('',(-1.,0.,0.));
#15040=DIRECTION('',(0.,-1.,0.));
#15041=DIRECTION('',(-1.,0.,0.));
#15042=DIRECTION('',(0.,0.,-1.));
#15043=DIRECTION('',(-1.,0.,0.));
#15044=DIRECTION('',(0.,1.,0.));
#15045=DIRECTION('',(-1.,0.,0.));
#15046=DIRECTION('',(0.,-1.,0.));
#15047=DIRECTION('',(-1.,0.,0.));
#15048=DIRECTION('',(0.,0.,-1.));
#15049=DIRECTION('',(-1.,0.,0.));
#15050=DIRECTION('',(0.,1.,0.));
#15051=DIRECTION('',(-1.,0.,0.));
#15052=DIRECTION('',(0.,-1.,0.));
#15053=DIRECTION('',(-1.,0.,0.));
#15054=DIRECTION('',(0.,0.,-1.));
#15055=DIRECTION('',(-1.,0.,0.));
#15056=DIRECTION('',(0.,1.,0.));
#15057=DIRECTION('',(-1.,0.,0.));
#15058=DIRECTION('',(0.,-1.,0.));
#15059=DIRECTION('',(-1.,0.,0.));
#15060=DIRECTION('',(0.,0.,-1.));
#15061=DIRECTION('',(-1.,0.,0.));
#15062=DIRECTION('',(0.,1.,0.));
#15063=DIRECTION('',(-1.,0.,0.));
#15064=DIRECTION('',(0.,-1.,0.));
#15065=DIRECTION('',(-1.,0.,0.));
#15066=DIRECTION('',(0.,0.,-1.));
#15067=DIRECTION('',(-1.,0.,0.));
#15068=DIRECTION('',(0.,1.,0.));
#15069=DIRECTION('',(-1.,0.,0.));
#15070=DIRECTION('',(0.,-1.,0.));
#15071=DIRECTION('',(-1.,0.,0.));
#15072=DIRECTION('',(0.,0.,-1.));
#15073=DIRECTION('',(-1.,0.,0.));
#15074=DIRECTION('',(0.,1.,0.));
#15075=DIRECTION('',(-1.,0.,0.));
#15076=DIRECTION('',(0.,-1.,0.));
#15077=DIRECTION('',(-1.,0.,0.));
#15078=DIRECTION('',(0.,0.,-1.));
#15079=DIRECTION('',(-1.,0.,0.));
#15080=DIRECTION('',(0.,1.,0.));
#15081=DIRECTION('',(-1.,0.,0.));
#15082=DIRECTION('',(0.,-1.,0.));
#15083=DIRECTION('',(-1.,0.,0.));
#15084=DIRECTION('',(0.,0.,-1.));
#15085=DIRECTION('',(-1.,0.,0.));
#15086=DIRECTION('',(0.,1.,0.));
#15087=DIRECTION('',(-1.,0.,0.));
#15088=DIRECTION('',(0.,-1.,0.));
#15089=DIRECTION('',(-1.,0.,0.));
#15090=DIRECTION('',(0.,0.,-1.));
#15091=DIRECTION('',(-1.,0.,0.));
#15092=DIRECTION('',(0.,1.,0.));
#15093=DIRECTION('',(-1.,0.,0.));
#15094=DIRECTION('',(0.,-1.,0.));
#15095=DIRECTION('',(-1.,0.,0.));
#15096=DIRECTION('',(0.,0.,-1.));
#15097=DIRECTION('',(-1.,0.,0.));
#15098=DIRECTION('',(0.,1.,0.));
#15099=DIRECTION('',(-1.,0.,0.));
#15100=DIRECTION('',(0.,-1.,0.));
#15101=DIRECTION('',(-1.,0.,0.));
#15102=DIRECTION('',(0.,0.,-1.));
#15103=DIRECTION('',(-1.,0.,0.));
#15104=DIRECTION('',(0.,1.,0.));
#15105=DIRECTION('',(-1.,0.,0.));
#15106=DIRECTION('',(0.,-1.,0.));
#15107=DIRECTION('',(-1.,0.,0.));
#15108=DIRECTION('',(-1.,0.,0.));
#15109=DIRECTION('',(0.,0.,1.));
#15110=DIRECTION('',(1.,0.,0.));
#15111=DIRECTION('',(0.,0.,-1.));
#15112=DIRECTION('',(-1.,0.,0.));
#15113=DIRECTION('',(0.,0.,1.));
#15114=DIRECTION('',(-1.,0.,0.));
#15115=DIRECTION('',(-1.,0.,0.));
#15116=DIRECTION('',(0.,0.,1.));
#15117=DIRECTION('',(-1.,0.,0.));
#15118=DIRECTION('',(0.,0.,1.));
#15119=DIRECTION('',(-1.,0.,0.));
#15120=DIRECTION('',(1.,0.,0.));
#15121=DIRECTION('',(0.,0.,-1.));
#15122=DIRECTION('',(-1.,0.,0.));
#15123=DIRECTION('',(0.,0.,1.));
#15124=DIRECTION('',(-1.,0.,0.));
#15125=DIRECTION('',(0.,0.,1.));
#15126=DIRECTION('',(-1.,0.,0.));
#15127=DIRECTION('',(1.,0.,0.));
#15128=DIRECTION('',(0.,0.,-1.));
#15129=DIRECTION('',(-1.,0.,0.));
#15130=DIRECTION('',(0.,0.,1.));
#15131=DIRECTION('',(-1.,0.,0.));
#15132=DIRECTION('',(0.,0.,1.));
#15133=DIRECTION('',(-1.,0.,0.));
#15134=DIRECTION('',(1.,0.,0.));
#15135=DIRECTION('',(0.,0.,-1.));
#15136=DIRECTION('',(-1.,0.,0.));
#15137=DIRECTION('',(0.,0.,1.));
#15138=DIRECTION('',(-1.,0.,0.));
#15139=DIRECTION('',(0.,0.,1.));
#15140=DIRECTION('',(-1.,0.,0.));
#15141=DIRECTION('',(1.,0.,0.));
#15142=DIRECTION('',(0.,0.,-1.));
#15143=DIRECTION('',(-1.,0.,0.));
#15144=DIRECTION('',(0.,0.,1.));
#15145=DIRECTION('',(-1.,0.,0.));
#15146=DIRECTION('',(0.,0.,1.));
#15147=DIRECTION('',(-1.,0.,0.));
#15148=DIRECTION('',(1.,0.,0.));
#15149=DIRECTION('',(0.,0.,-1.));
#15150=DIRECTION('',(-1.,0.,0.));
#15151=DIRECTION('',(0.,0.,1.));
#15152=DIRECTION('',(-1.,0.,0.));
#15153=DIRECTION('',(0.,0.,1.));
#15154=DIRECTION('',(-1.,0.,0.));
#15155=DIRECTION('',(1.,0.,0.));
#15156=DIRECTION('',(0.,0.,-1.));
#15157=DIRECTION('',(-1.,0.,0.));
#15158=DIRECTION('',(0.,0.,1.));
#15159=DIRECTION('',(-1.,0.,0.));
#15160=DIRECTION('',(0.,0.,1.));
#15161=DIRECTION('',(-1.,0.,0.));
#15162=DIRECTION('',(1.,0.,0.));
#15163=DIRECTION('',(0.,0.,-1.));
#15164=DIRECTION('',(-1.,0.,0.));
#15165=DIRECTION('',(0.,0.,1.));
#15166=DIRECTION('',(-1.,0.,0.));
#15167=DIRECTION('',(0.,0.,1.));
#15168=DIRECTION('',(-1.,0.,0.));
#15169=DIRECTION('',(1.,0.,0.));
#15170=DIRECTION('',(0.,0.,-1.));
#15171=DIRECTION('',(-1.,0.,0.));
#15172=DIRECTION('',(0.,0.,1.));
#15173=DIRECTION('',(-1.,0.,0.));
#15174=DIRECTION('',(0.,0.,1.));
#15175=DIRECTION('',(-1.,0.,0.));
#15176=DIRECTION('',(1.,0.,0.));
#15177=DIRECTION('',(0.,0.,-1.));
#15178=DIRECTION('',(-1.,0.,0.));
#15179=DIRECTION('',(0.,0.,1.));
#15180=DIRECTION('',(-1.,0.,0.));
#15181=DIRECTION('',(0.,0.,1.));
#15182=DIRECTION('',(-1.,0.,0.));
#15183=DIRECTION('',(1.,0.,0.));
#15184=DIRECTION('',(0.,0.,-1.));
#15185=DIRECTION('',(-1.,0.,0.));
#15186=DIRECTION('',(0.,0.,1.));
#15187=DIRECTION('',(-1.,0.,0.));
#15188=DIRECTION('',(0.,0.,1.));
#15189=DIRECTION('',(-1.,0.,0.));
#15190=DIRECTION('',(1.,0.,0.));
#15191=DIRECTION('',(0.,0.,-1.));
#15192=DIRECTION('',(0.,-1.,0.));
#15193=DIRECTION('',(0.,0.,-1.));
#15194=DIRECTION('',(0.,0.,1.));
#15195=DIRECTION('',(0.,0.,1.));
#15196=DIRECTION('',(-1.,0.,0.));
#15197=DIRECTION('',(0.,-1.,0.));
#15198=DIRECTION('',(0.,0.,-1.));
#15199=DIRECTION('',(0.,0.,-1.));
#15200=DIRECTION('',(-1.,0.,0.));
#15201=DIRECTION('',(0.,0.,1.));
#15202=DIRECTION('',(0.,-1.,0.));
#15203=DIRECTION('',(0.,0.,-1.));
#15204=DIRECTION('',(0.,0.,-1.));
#15205=DIRECTION('',(-1.,0.,0.));
#15206=DIRECTION('',(0.,0.,1.));
#15207=DIRECTION('',(0.,-1.,0.));
#15208=DIRECTION('',(0.,0.,-1.));
#15209=DIRECTION('',(0.,0.,-1.));
#15210=DIRECTION('',(-1.,0.,0.));
#15211=DIRECTION('',(0.,0.,1.));
#15212=DIRECTION('',(0.,-1.,0.));
#15213=DIRECTION('',(0.,0.,-1.));
#15214=DIRECTION('',(0.,0.,-1.));
#15215=DIRECTION('',(-1.,0.,0.));
#15216=DIRECTION('',(0.,0.,1.));
#15217=DIRECTION('',(0.,-1.,0.));
#15218=DIRECTION('',(0.,0.,-1.));
#15219=DIRECTION('',(0.,0.,-1.));
#15220=DIRECTION('',(-1.,0.,0.));
#15221=DIRECTION('',(0.,0.,1.));
#15222=DIRECTION('',(0.,-1.,0.));
#15223=DIRECTION('',(0.,0.,-1.));
#15224=DIRECTION('',(0.,0.,-1.));
#15225=DIRECTION('',(-1.,0.,0.));
#15226=DIRECTION('',(0.,0.,1.));
#15227=DIRECTION('',(0.,-1.,0.));
#15228=DIRECTION('',(0.,0.,-1.));
#15229=DIRECTION('',(0.,0.,-1.));
#15230=DIRECTION('',(-1.,0.,0.));
#15231=DIRECTION('',(0.,0.,1.));
#15232=DIRECTION('',(0.,-1.,0.));
#15233=DIRECTION('',(0.,0.,-1.));
#15234=DIRECTION('',(0.,0.,-1.));
#15235=DIRECTION('',(-1.,0.,0.));
#15236=DIRECTION('',(0.,0.,1.));
#15237=DIRECTION('',(0.,-1.,0.));
#15238=DIRECTION('',(0.,0.,-1.));
#15239=DIRECTION('',(0.,0.,-1.));
#15240=DIRECTION('',(-1.,0.,0.));
#15241=DIRECTION('',(0.,0.,1.));
#15242=DIRECTION('',(0.,-1.,0.));
#15243=DIRECTION('',(0.,0.,-1.));
#15244=DIRECTION('',(0.,0.,-1.));
#15245=DIRECTION('',(-1.,0.,0.));
#15246=DIRECTION('',(0.,0.,1.));
#15247=DIRECTION('',(0.,-1.,0.));
#15248=DIRECTION('',(0.,0.,-1.));
#15249=DIRECTION('',(0.,0.,-1.));
#15250=DIRECTION('',(-1.,0.,0.));
#15251=DIRECTION('',(0.,0.,1.));
#15252=DIRECTION('',(0.,0.,1.));
#15253=DIRECTION('',(1.,0.,0.));
#15254=DIRECTION('',(0.,1.,0.));
#15255=DIRECTION('',(0.,1.,0.));
#15256=DIRECTION('',(-1.,0.,0.));
#15257=DIRECTION('',(0.,0.,1.));
#15258=DIRECTION('',(1.,0.,0.));
#15259=DIRECTION('',(0.,-1.,0.));
#15260=DIRECTION('',(-1.,0.,0.));
#15261=DIRECTION('',(0.,1.,0.));
#15262=DIRECTION('',(0.,0.,1.));
#15263=DIRECTION('',(1.,0.,0.));
#15264=DIRECTION('',(0.,-1.,0.));
#15265=DIRECTION('',(-1.,0.,0.));
#15266=DIRECTION('',(0.,1.,0.));
#15267=DIRECTION('',(0.,0.,1.));
#15268=DIRECTION('',(1.,0.,0.));
#15269=DIRECTION('',(0.,-1.,0.));
#15270=DIRECTION('',(-1.,0.,0.));
#15271=DIRECTION('',(0.,1.,0.));
#15272=DIRECTION('',(0.,0.,1.));
#15273=DIRECTION('',(1.,0.,0.));
#15274=DIRECTION('',(0.,-1.,0.));
#15275=DIRECTION('',(-1.,0.,0.));
#15276=DIRECTION('',(0.,1.,0.));
#15277=DIRECTION('',(0.,0.,1.));
#15278=DIRECTION('',(1.,0.,0.));
#15279=DIRECTION('',(0.,-1.,0.));
#15280=DIRECTION('',(-1.,0.,0.));
#15281=DIRECTION('',(0.,1.,0.));
#15282=DIRECTION('',(0.,0.,1.));
#15283=DIRECTION('',(1.,0.,0.));
#15284=DIRECTION('',(0.,-1.,0.));
#15285=DIRECTION('',(-1.,0.,0.));
#15286=DIRECTION('',(0.,1.,0.));
#15287=DIRECTION('',(0.,0.,1.));
#15288=DIRECTION('',(1.,0.,0.));
#15289=DIRECTION('',(0.,-1.,0.));
#15290=DIRECTION('',(-1.,0.,0.));
#15291=DIRECTION('',(0.,1.,0.));
#15292=DIRECTION('',(0.,0.,1.));
#15293=DIRECTION('',(1.,0.,0.));
#15294=DIRECTION('',(0.,-1.,0.));
#15295=DIRECTION('',(-1.,0.,0.));
#15296=DIRECTION('',(0.,1.,0.));
#15297=DIRECTION('',(0.,0.,1.));
#15298=DIRECTION('',(1.,0.,0.));
#15299=DIRECTION('',(0.,-1.,0.));
#15300=DIRECTION('',(-1.,0.,0.));
#15301=DIRECTION('',(0.,1.,0.));
#15302=DIRECTION('',(0.,0.,1.));
#15303=DIRECTION('',(1.,0.,0.));
#15304=DIRECTION('',(0.,-1.,0.));
#15305=DIRECTION('',(-1.,0.,0.));
#15306=DIRECTION('',(0.,1.,0.));
#15307=DIRECTION('',(0.,0.,1.));
#15308=DIRECTION('',(1.,0.,0.));
#15309=DIRECTION('',(0.,-1.,0.));
#15310=DIRECTION('',(-1.,0.,0.));
#15311=DIRECTION('',(0.,1.,0.));
#15312=DIRECTION('',(0.,1.,0.));
#15313=DIRECTION('',(0.,0.,1.));
#15314=DIRECTION('',(0.,0.,-1.));
#15315=DIRECTION('',(0.,0.,-1.));
#15316=DIRECTION('',(-1.,0.,0.));
#15317=DIRECTION('',(0.,1.,0.));
#15318=DIRECTION('',(0.,0.,1.));
#15319=DIRECTION('',(0.,0.,1.));
#15320=DIRECTION('',(-1.,0.,0.));
#15321=DIRECTION('',(0.,0.,-1.));
#15322=DIRECTION('',(0.,1.,0.));
#15323=DIRECTION('',(0.,0.,1.));
#15324=DIRECTION('',(0.,0.,1.));
#15325=DIRECTION('',(-1.,0.,0.));
#15326=DIRECTION('',(0.,0.,-1.));
#15327=DIRECTION('',(0.,1.,0.));
#15328=DIRECTION('',(0.,0.,1.));
#15329=DIRECTION('',(0.,0.,1.));
#15330=DIRECTION('',(-1.,0.,0.));
#15331=DIRECTION('',(0.,0.,-1.));
#15332=DIRECTION('',(0.,1.,0.));
#15333=DIRECTION('',(0.,0.,1.));
#15334=DIRECTION('',(0.,0.,1.));
#15335=DIRECTION('',(-1.,0.,0.));
#15336=DIRECTION('',(0.,0.,-1.));
#15337=DIRECTION('',(0.,1.,0.));
#15338=DIRECTION('',(0.,0.,1.));
#15339=DIRECTION('',(0.,0.,1.));
#15340=DIRECTION('',(-1.,0.,0.));
#15341=DIRECTION('',(0.,0.,-1.));
#15342=DIRECTION('',(0.,1.,0.));
#15343=DIRECTION('',(0.,0.,1.));
#15344=DIRECTION('',(0.,0.,1.));
#15345=DIRECTION('',(-1.,0.,0.));
#15346=DIRECTION('',(0.,0.,-1.));
#15347=DIRECTION('',(0.,1.,0.));
#15348=DIRECTION('',(0.,0.,1.));
#15349=DIRECTION('',(0.,0.,1.));
#15350=DIRECTION('',(-1.,0.,0.));
#15351=DIRECTION('',(0.,0.,-1.));
#15352=DIRECTION('',(0.,1.,0.));
#15353=DIRECTION('',(0.,0.,1.));
#15354=DIRECTION('',(0.,0.,1.));
#15355=DIRECTION('',(-1.,0.,0.));
#15356=DIRECTION('',(0.,0.,-1.));
#15357=DIRECTION('',(0.,1.,0.));
#15358=DIRECTION('',(0.,0.,1.));
#15359=DIRECTION('',(0.,0.,1.));
#15360=DIRECTION('',(-1.,0.,0.));
#15361=DIRECTION('',(0.,0.,-1.));
#15362=DIRECTION('',(0.,1.,0.));
#15363=DIRECTION('',(0.,0.,1.));
#15364=DIRECTION('',(0.,0.,1.));
#15365=DIRECTION('',(-1.,0.,0.));
#15366=DIRECTION('',(0.,0.,-1.));
#15367=DIRECTION('',(0.,1.,0.));
#15368=DIRECTION('',(0.,0.,1.));
#15369=DIRECTION('',(0.,0.,1.));
#15370=DIRECTION('',(-1.,0.,0.));
#15371=DIRECTION('',(0.,0.,-1.));
#15372=DIRECTION('',(0.,1.,0.));
#15373=DIRECTION('',(0.,0.,1.));
#15374=DIRECTION('',(0.,0.,1.));
#15375=DIRECTION('',(-1.,0.,0.));
#15376=DIRECTION('',(0.,0.,-1.));
#15377=DIRECTION('',(-1.,0.,0.));
#15378=DIRECTION('',(0.,0.,-1.));
#15379=DIRECTION('',(-1.,0.,0.));
#15380=DIRECTION('',(0.,1.,0.));
#15381=DIRECTION('',(-1.,0.,0.));
#15382=DIRECTION('',(0.,-1.,0.));
#15383=DIRECTION('',(0.,-1.,0.));
#15384=DIRECTION('',(0.,0.,-1.));
#15385=DIRECTION('',(0.,0.,-1.));
#15386=DIRECTION('',(-1.,0.,0.));
#15387=DIRECTION('',(0.,0.,1.));
#15388=DIRECTION('',(-1.,0.,0.));
#15389=DIRECTION('',(0.,0.,1.));
#15390=DIRECTION('',(-1.,0.,0.));
#15391=DIRECTION('',(0.,0.,1.));
#15392=DIRECTION('',(-1.,0.,0.));
#15393=DIRECTION('',(-1.,0.,0.));
#15394=DIRECTION('',(0.,0.,1.));
#15395=DIRECTION('',(0.,0.,1.));
#15396=DIRECTION('',(1.,0.,0.));
#15397=DIRECTION('',(0.,-1.,0.));
#15398=DIRECTION('',(-1.,0.,0.));
#15399=DIRECTION('',(0.,1.,0.));
#15400=DIRECTION('',(0.,-1.,0.));
#15401=DIRECTION('',(0.,0.,-1.));
#15402=DIRECTION('',(0.,0.,-1.));
#15403=DIRECTION('',(1.,-2.51088970005907E-16,-2.61306017627853E-16));
#15404=DIRECTION('',(0.,0.,-1.));
#15405=DIRECTION('',(0.,0.,-1.));
#15406=DIRECTION('',(1.,-2.51088970005906E-16,-2.61306017627853E-16));
#15407=DIRECTION('',(0.,0.,-1.));
#15408=DIRECTION('',(0.,0.,-1.));
#15409=DIRECTION('',(1.,-2.51088970005907E-16,-2.61306017627853E-16));
#15410=DIRECTION('',(0.,0.,-1.));
#15411=DIRECTION('',(0.,0.,-1.));
#15412=DIRECTION('',(1.,-2.51088970005907E-16,-2.61306017627853E-16));
#15413=DIRECTION('',(0.,0.,-1.));
#15414=DIRECTION('',(0.,0.,-1.));
#15415=DIRECTION('',(1.,-2.51088970005907E-16,-2.61306017627853E-16));
#15416=DIRECTION('',(0.,0.,-1.));
#15417=DIRECTION('',(0.,0.,-1.));
#15418=DIRECTION('',(1.,-2.51088970005907E-16,-2.61306017627853E-16));
#15419=DIRECTION('',(0.,0.,-1.));
#15420=DIRECTION('',(0.,0.,-1.));
#15421=DIRECTION('',(1.,-2.51088970005907E-16,-2.61306017627853E-16));
#15422=DIRECTION('',(0.,0.,-1.));
#15423=DIRECTION('',(0.,0.,-1.));
#15424=DIRECTION('',(1.,-2.51088970005907E-16,-2.61306017627853E-16));
#15425=DIRECTION('',(0.,0.,-1.));
#15426=DIRECTION('',(0.,0.,-1.));
#15427=DIRECTION('',(1.,-2.51088970005907E-16,-2.61306017627853E-16));
#15428=DIRECTION('',(0.,0.,-1.));
#15429=DIRECTION('',(0.,0.,-1.));
#15430=DIRECTION('',(1.,-2.51088970005907E-16,-2.61306017627853E-16));
#15431=DIRECTION('',(0.,0.,-1.));
#15432=DIRECTION('',(0.,0.,-1.));
#15433=DIRECTION('',(1.,-2.51088970005907E-16,-2.61306017627854E-16));
#15434=DIRECTION('',(0.,0.,-1.));
#15435=DIRECTION('',(0.,0.,-1.));
#15436=DIRECTION('',(1.,-2.51088970005907E-16,-2.61306017627853E-16));
#15437=DIRECTION('',(0.,0.,-1.));
#15438=DIRECTION('',(0.,0.,1.));
#15439=DIRECTION('',(0.,0.,-1.));
#15440=DIRECTION('',(-1.,2.51088970005907E-16,-2.61306017627853E-16));
#15441=DIRECTION('',(0.,0.,-1.));
#15442=DIRECTION('',(0.,0.,-1.));
#15443=DIRECTION('',(-1.,2.51088970005907E-16,-2.61306017627854E-16));
#15444=DIRECTION('',(0.,0.,-1.));
#15445=DIRECTION('',(0.,0.,-1.));
#15446=DIRECTION('',(-1.,2.51088970005907E-16,-2.61306017627853E-16));
#15447=DIRECTION('',(0.,0.,-1.));
#15448=DIRECTION('',(0.,0.,-1.));
#15449=DIRECTION('',(-1.,2.51088970005907E-16,-2.61306017627853E-16));
#15450=DIRECTION('',(0.,0.,-1.));
#15451=DIRECTION('',(0.,0.,-1.));
#15452=DIRECTION('',(-1.,2.51088970005907E-16,-2.61306017627853E-16));
#15453=DIRECTION('',(0.,0.,-1.));
#15454=DIRECTION('',(0.,0.,-1.));
#15455=DIRECTION('',(-1.,2.51088970005907E-16,-2.61306017627853E-16));
#15456=DIRECTION('',(0.,0.,-1.));
#15457=DIRECTION('',(0.,0.,-1.));
#15458=DIRECTION('',(-1.,2.51088970005907E-16,-2.61306017627853E-16));
#15459=DIRECTION('',(0.,0.,-1.));
#15460=DIRECTION('',(0.,0.,-1.));
#15461=DIRECTION('',(-1.,2.51088970005907E-16,-2.61306017627853E-16));
#15462=DIRECTION('',(0.,0.,-1.));
#15463=DIRECTION('',(0.,0.,-1.));
#15464=DIRECTION('',(-1.,2.51088970005907E-16,-2.61306017627853E-16));
#15465=DIRECTION('',(0.,0.,-1.));
#15466=DIRECTION('',(0.,0.,-1.));
#15467=DIRECTION('',(-1.,2.51088970005907E-16,-2.61306017627853E-16));
#15468=DIRECTION('',(0.,0.,-1.));
#15469=DIRECTION('',(0.,0.,-1.));
#15470=DIRECTION('',(-1.,2.51088970005906E-16,-2.61306017627853E-16));
#15471=DIRECTION('',(0.,0.,-1.));
#15472=DIRECTION('',(0.,0.,-1.));
#15473=DIRECTION('',(-1.,2.51088970005907E-16,-2.61306017627853E-16));
#15474=DIRECTION('',(0.,0.,-1.));
#15475=DIRECTION('',(-1.,0.,0.));
#15476=DIRECTION('',(0.,0.,1.));
#15477=DIRECTION('',(0.,0.,-1.));
#15478=DIRECTION('',(-1.,0.,0.));
#15479=DIRECTION('',(0.,1.,0.));
#15480=DIRECTION('',(-1.,0.,0.));
#15481=DIRECTION('',(0.,-1.,0.));
#15482=DIRECTION('',(-1.,0.,0.));
#15483=DIRECTION('',(0.,0.,1.));
#15484=DIRECTION('',(-1.,0.,0.));
#15485=DIRECTION('',(0.,0.,1.));
#15486=DIRECTION('',(-1.,0.,0.));
#15487=DIRECTION('',(-1.,0.,0.));
#15488=DIRECTION('',(0.,0.,1.));
#15489=DIRECTION('',(0.,-1.,0.));
#15490=DIRECTION('',(0.,0.,-1.));
#15491=DIRECTION('',(0.,0.,-1.));
#15492=DIRECTION('',(-1.,0.,0.));
#15493=DIRECTION('',(0.,0.,1.));
#15494=DIRECTION('',(0.,0.,1.));
#15495=DIRECTION('',(1.,0.,0.));
#15496=DIRECTION('',(0.,-1.,0.));
#15497=DIRECTION('',(-1.,0.,0.));
#15498=DIRECTION('',(0.,1.,0.));
#15499=DIRECTION('',(0.,1.,0.));
#15500=DIRECTION('',(0.,0.,1.));
#15501=DIRECTION('',(0.,0.,1.));
#15502=DIRECTION('',(-1.,0.,0.));
#15503=DIRECTION('',(0.,0.,-1.));
#15504=DIRECTION('',(0.,0.721063009431587,0.692869494514993));
#15505=DIRECTION('',(0.,-0.692869494514993,0.721063009431587));
#15506=DIRECTION('',(0.,0.692869494514993,-0.721063009431587));
#15507=DIRECTION('',(0.,0.692869494514993,-0.721063009431587));
#15508=DIRECTION('',(-1.,0.,0.));
#15509=DIRECTION('',(0.,0.692869494514993,-0.721063009431587));
#15510=DIRECTION('',(0.,-0.692869494514993,0.721063009431587));
#15511=DIRECTION('',(0.,0.692869494514993,-0.721063009431587));
#15512=DIRECTION('',(0.,-0.692869494514993,0.721063009431587));
#15513=DIRECTION('',(0.,0.692869494514993,-0.721063009431587));
#15514=DIRECTION('',(0.,-0.692869494514993,0.721063009431587));
#15515=DIRECTION('',(0.,0.692869494514993,-0.721063009431587));
#15516=DIRECTION('',(0.,-0.692869494514993,0.721063009431587));
#15517=DIRECTION('',(0.,0.692869494514993,-0.721063009431587));
#15518=DIRECTION('',(0.,-0.692869494514993,0.721063009431587));
#15519=DIRECTION('',(0.,0.692869494514993,-0.721063009431587));
#15520=DIRECTION('',(0.,-0.692869494514993,0.721063009431587));
#15521=DIRECTION('',(0.,0.692869494514993,-0.721063009431587));
#15522=DIRECTION('',(0.,-0.692869494514993,0.721063009431587));
#15523=DIRECTION('',(0.,0.692869494514993,-0.721063009431587));
#15524=DIRECTION('',(0.,-0.692869494514993,0.721063009431587));
#15525=DIRECTION('',(0.,0.692869494514993,-0.721063009431587));
#15526=DIRECTION('',(0.,-0.692869494514993,0.721063009431587));
#15527=DIRECTION('',(0.,0.692869494514993,-0.721063009431587));
#15528=DIRECTION('',(0.,-0.692869494514993,0.721063009431587));
#15529=DIRECTION('',(0.,0.692869494514993,-0.721063009431587));
#15530=DIRECTION('',(0.,-0.692869494514993,0.721063009431587));
#15531=DIRECTION('',(0.,0.692869494514993,-0.721063009431587));
#15532=DIRECTION('',(0.,-0.692869494514993,0.721063009431587));
#15533=DIRECTION('',(0.,0.721063009431587,-0.692869494514993));
#15534=DIRECTION('',(0.,0.692869494514993,0.721063009431587));
#15535=DIRECTION('',(0.,-0.692869494514993,-0.721063009431587));
#15536=DIRECTION('',(0.,0.692869494514993,0.721063009431587));
#15537=DIRECTION('',(0.,-0.692869494514993,-0.721063009431587));
#15538=DIRECTION('',(0.,0.692869494514993,0.721063009431587));
#15539=DIRECTION('',(0.,-0.692869494514993,-0.721063009431587));
#15540=DIRECTION('',(0.,0.692869494514993,0.721063009431587));
#15541=DIRECTION('',(0.,-0.692869494514993,-0.721063009431587));
#15542=DIRECTION('',(0.,0.692869494514993,0.721063009431587));
#15543=DIRECTION('',(0.,-0.692869494514993,-0.721063009431587));
#15544=DIRECTION('',(0.,0.692869494514993,0.721063009431587));
#15545=DIRECTION('',(0.,-0.692869494514993,-0.721063009431587));
#15546=DIRECTION('',(0.,0.692869494514993,0.721063009431587));
#15547=DIRECTION('',(0.,-0.692869494514993,-0.721063009431587));
#15548=DIRECTION('',(0.,0.692869494514993,0.721063009431587));
#15549=DIRECTION('',(0.,-0.692869494514993,-0.721063009431587));
#15550=DIRECTION('',(0.,0.692869494514993,0.721063009431587));
#15551=DIRECTION('',(0.,-0.692869494514993,-0.721063009431587));
#15552=DIRECTION('',(0.,0.692869494514993,0.721063009431587));
#15553=DIRECTION('',(0.,-0.692869494514993,-0.721063009431587));
#15554=DIRECTION('',(0.,0.692869494514993,0.721063009431587));
#15555=DIRECTION('',(0.,-0.692869494514993,-0.721063009431587));
#15556=DIRECTION('',(0.,0.692869494514993,0.721063009431587));
#15557=DIRECTION('',(0.,-0.692869494514993,-0.721063009431587));
#15558=DIRECTION('',(0.,0.692869494514993,0.721063009431587));
#15559=DIRECTION('',(0.,-0.692869494514993,-0.721063009431587));
#15560=DIRECTION('',(0.,-0.692869494514993,-0.721063009431587));
#15561=DIRECTION('',(-1.,0.,0.));
#15562=DIRECTION('',(0.,0.,1.));
#15563=DIRECTION('',(-1.,0.,0.));
#15564=DIRECTION('',(0.,0.,1.));
#15565=DIRECTION('',(-1.,0.,0.));
#15566=DIRECTION('',(0.,0.,1.));
#15567=DIRECTION('',(1.,0.,0.));
#15568=DIRECTION('',(0.,0.,-1.));
#15569=DIRECTION('',(-1.,0.,0.));
#15570=DIRECTION('',(0.,0.,1.));
#15571=DIRECTION('',(1.,0.,0.));
#15572=DIRECTION('',(0.,0.,-1.));
#15573=DIRECTION('',(-1.,0.,0.));
#15574=DIRECTION('',(0.,0.,1.));
#15575=DIRECTION('',(1.,0.,0.));
#15576=DIRECTION('',(0.,0.,-1.));
#15577=DIRECTION('',(-1.,0.,0.));
#15578=DIRECTION('',(0.,0.,1.));
#15579=DIRECTION('',(1.,0.,0.));
#15580=DIRECTION('',(0.,0.,-1.));
#15581=DIRECTION('',(-1.,0.,0.));
#15582=DIRECTION('',(0.,0.,1.));
#15583=DIRECTION('',(1.,0.,0.));
#15584=DIRECTION('',(0.,0.,-1.));
#15585=DIRECTION('',(-1.,0.,0.));
#15586=DIRECTION('',(0.,0.,1.));
#15587=DIRECTION('',(1.,0.,0.));
#15588=DIRECTION('',(0.,0.,-1.));
#15589=DIRECTION('',(-1.,0.,0.));
#15590=DIRECTION('',(0.,0.,1.));
#15591=DIRECTION('',(1.,0.,0.));
#15592=DIRECTION('',(0.,0.,-1.));
#15593=DIRECTION('',(-1.,0.,0.));
#15594=DIRECTION('',(0.,0.,1.));
#15595=DIRECTION('',(1.,0.,0.));
#15596=DIRECTION('',(0.,0.,-1.));
#15597=DIRECTION('',(-1.,0.,0.));
#15598=DIRECTION('',(0.,0.,1.));
#15599=DIRECTION('',(1.,0.,0.));
#15600=DIRECTION('',(0.,0.,-1.));
#15601=DIRECTION('',(-1.,0.,0.));
#15602=DIRECTION('',(0.,0.,1.));
#15603=DIRECTION('',(1.,0.,0.));
#15604=DIRECTION('',(0.,0.,-1.));
#15605=DIRECTION('',(-1.,0.,0.));
#15606=DIRECTION('',(0.,0.,1.));
#15607=DIRECTION('',(1.,0.,0.));
#15608=DIRECTION('',(0.,0.,-1.));
#15609=DIRECTION('',(-1.,0.,0.));
#15610=DIRECTION('',(0.,0.,1.));
#15611=DIRECTION('',(1.,0.,0.));
#15612=DIRECTION('',(0.,0.,-1.));
#15613=DIRECTION('',(-1.,0.,0.));
#15614=DIRECTION('',(0.,0.,1.));
#15615=DIRECTION('',(1.,0.,0.));
#15616=DIRECTION('',(0.,0.,-1.));
#15617=DIRECTION('',(-1.,0.,0.));
#15618=DIRECTION('',(0.,0.,1.));
#15619=DIRECTION('',(1.,0.,0.));
#15620=DIRECTION('',(0.,0.,-1.));
#15621=DIRECTION('',(-1.,0.,0.));
#15622=DIRECTION('',(0.,0.,1.));
#15623=DIRECTION('',(1.,0.,0.));
#15624=DIRECTION('',(0.,0.,-1.));
#15625=DIRECTION('',(-1.,0.,0.));
#15626=DIRECTION('',(0.,0.,1.));
#15627=DIRECTION('',(1.,0.,0.));
#15628=DIRECTION('',(0.,0.,-1.));
#15629=DIRECTION('',(-1.,0.,0.));
#15630=DIRECTION('',(0.,0.,1.));
#15631=DIRECTION('',(1.,0.,0.));
#15632=DIRECTION('',(0.,0.,-1.));
#15633=DIRECTION('',(-1.,0.,0.));
#15634=DIRECTION('',(0.,0.,1.));
#15635=DIRECTION('',(1.,0.,0.));
#15636=DIRECTION('',(0.,0.,-1.));
#15637=DIRECTION('',(-1.,0.,0.));
#15638=DIRECTION('',(0.,0.,1.));
#15639=DIRECTION('',(1.,0.,0.));
#15640=DIRECTION('',(0.,0.,-1.));
#15641=DIRECTION('',(-1.,0.,0.));
#15642=DIRECTION('',(0.,0.,1.));
#15643=DIRECTION('',(1.,0.,0.));
#15644=DIRECTION('',(0.,0.,-1.));
#15645=DIRECTION('',(-1.,0.,0.));
#15646=DIRECTION('',(0.,0.,1.));
#15647=DIRECTION('',(1.,0.,0.));
#15648=DIRECTION('',(0.,0.,-1.));
#15649=DIRECTION('',(-1.,0.,0.));
#15650=DIRECTION('',(0.,0.,1.));
#15651=DIRECTION('',(1.,0.,0.));
#15652=DIRECTION('',(0.,0.,-1.));
#15653=DIRECTION('',(-1.,0.,0.));
#15654=DIRECTION('',(0.,0.,1.));
#15655=DIRECTION('',(1.,0.,0.));
#15656=DIRECTION('',(0.,0.,-1.));
#15657=DIRECTION('',(1.,0.,0.));
#15658=DIRECTION('',(0.,0.,-1.));
#15659=DIRECTION('',(-1.,0.,0.));
#15660=DIRECTION('',(0.,0.,1.));
#15661=DIRECTION('',(0.,0.,1.));
#15662=DIRECTION('',(1.,0.,0.));
#15663=DIRECTION('',(-0.956304755963029,0.292371704722758,0.));
#15664=DIRECTION('',(-0.292371704722758,-0.956304755963029,0.));
#15665=DIRECTION('',(-0.292371704722758,-0.956304755963029,0.));
#15666=DIRECTION('',(0.,0.,-1.));
#15667=DIRECTION('',(-0.292371704722758,-0.956304755963029,0.));
#15668=DIRECTION('',(0.,0.,-1.));
#15669=DIRECTION('',(0.,0.,1.));
#15670=DIRECTION('',(1.,0.,0.));
#15671=DIRECTION('',(0.,0.,-1.));
#15672=DIRECTION('',(-1.,0.,0.));
#15673=DIRECTION('',(0.,0.,1.));
#15674=DIRECTION('',(1.,0.,0.));
#15675=DIRECTION('',(1.,-1.36436472286314E-16,0.));
#15676=DIRECTION('',(1.36436472286314E-16,1.,0.));
#15677=DIRECTION('',(0.,0.,-1.));
#15678=DIRECTION('',(-1.36436472286314E-16,-1.,0.));
#15679=DIRECTION('',(0.,0.,-1.));
#15680=DIRECTION('',(-1.36436472286314E-16,-1.,0.));
#15681=DIRECTION('',(-3.15287854382418E-17,-1.,0.));
#15682=DIRECTION('',(1.,-3.15287854382418E-17,0.));
#15683=DIRECTION('',(0.,0.,-1.));
#15684=DIRECTION('',(-1.,3.15287854382418E-17,0.));
#15685=DIRECTION('',(-1.,3.15287854382418E-17,0.));
#15686=DIRECTION('',(1.,0.,0.));
#15687=DIRECTION('',(0.,0.,-1.));
#15688=DIRECTION('',(0.,0.,-1.));
#15689=DIRECTION('',(0.,-1.,0.));
#15690=DIRECTION('',(0.,-1.,0.));
#15691=DIRECTION('',(0.,-1.,0.));
#15692=DIRECTION('',(0.,0.,-1.));
#15693=DIRECTION('',(0.,0.,-1.));
#15694=DIRECTION('',(-1.,0.,0.));
#15695=DIRECTION('',(-1.,0.,0.));
#15696=DIRECTION('',(-1.,0.,0.));
#15697=DIRECTION('',(0.,0.,1.));
#15698=DIRECTION('',(0.,0.,-1.));
#15699=DIRECTION('',(0.,1.,0.));
#15700=DIRECTION('',(0.,1.,0.));
#15701=DIRECTION('',(0.,-1.,0.));
#15702=DIRECTION('',(0.,0.,-1.));
#15703=DIRECTION('',(0.,0.,-1.));
#15704=DIRECTION('',(-1.,0.,0.));
#15705=DIRECTION('',(-1.,0.,0.));
#15706=DIRECTION('',(0.,0.,-1.));
#15707=DIRECTION('',(-1.,0.,0.));
#15708=DIRECTION('',(0.,0.,-1.));
#15709=DIRECTION('',(-1.,0.,0.));
#15710=DIRECTION('',(-0.965925826289074,0.2588190451025,0.));
#15711=DIRECTION('',(-0.2588190451025,-0.965925826289074,0.));
#15712=DIRECTION('',(0.,0.,-1.));
#15713=DIRECTION('',(0.2588190451025,0.965925826289074,0.));
#15714=DIRECTION('',(0.,0.,-1.));
#15715=DIRECTION('',(0.2588190451025,0.965925826289074,0.));
#15716=DIRECTION('',(0.,1.,0.));
#15717=DIRECTION('',(0.,0.,1.));
#15718=DIRECTION('',(0.,0.,-1.));
#15719=DIRECTION('',(1.,0.,0.));
#15720=DIRECTION('',(1.,0.,0.));
#15721=DIRECTION('',(1.,0.,0.));
#15722=DIRECTION('',(0.,0.,-1.));
#15723=DIRECTION('',(0.,0.,-1.));
#15724=DIRECTION('',(0.,-1.,0.));
#15725=DIRECTION('',(0.,-1.,0.));
#15726=DIRECTION('',(0.,1.,0.));
#15727=DIRECTION('',(0.,0.,1.));
#15728=DIRECTION('',(1.,0.,0.));
#15729=DIRECTION('',(1.,0.,0.));
#15730=DIRECTION('',(1.,-1.36436472286314E-16,0.));
#15731=DIRECTION('',(1.36436472286314E-16,1.,0.));
#15732=DIRECTION('',(-1.36436472286314E-16,-1.,0.));
#15733=DIRECTION('',(0.,0.,-1.));
#15734=DIRECTION('',(-1.36436472286314E-16,-1.,0.));
#15735=DIRECTION('',(0.,0.,-1.));
#15736=DIRECTION('',(-3.15287854382418E-17,-1.,0.));
#15737=DIRECTION('',(1.,-3.15287854382418E-17,0.));
#15738=DIRECTION('',(-1.,3.15287854382418E-17,0.));
#15739=DIRECTION('',(0.,0.,-1.));
#15740=DIRECTION('',(-1.,3.15287854382418E-17,0.));
#15741=DIRECTION('',(1.,0.,0.));
#15742=DIRECTION('',(0.,0.,-1.));
#15743=DIRECTION('',(0.,-1.,0.));
#15744=DIRECTION('',(0.,0.,-1.));
#15745=DIRECTION('',(0.,-1.,0.));
#15746=DIRECTION('',(0.,-1.,0.));
#15747=DIRECTION('',(0.,0.,-1.));
#15748=DIRECTION('',(-1.,0.,0.));
#15749=DIRECTION('',(0.,0.,-1.));
#15750=DIRECTION('',(-1.,0.,0.));
#15751=DIRECTION('',(-1.,0.,0.));
#15752=DIRECTION('',(0.,0.,1.));
#15753=DIRECTION('',(0.,1.,0.));
#15754=DIRECTION('',(0.,1.,0.));
#15755=DIRECTION('',(-1.,0.,0.));
#15756=DIRECTION('',(0.,0.,1.));
#15757=DIRECTION('',(0.,1.,0.));
#15758=DIRECTION('',(0.,1.,0.));
#15759=DIRECTION('',(0.,0.,-1.));
#15760=DIRECTION('',(0.,1.,0.));
#15761=DIRECTION('',(0.,0.,1.));
#15762=DIRECTION('',(1.,0.,0.));
#15763=DIRECTION('',(1.,0.,0.));
#15764=DIRECTION('',(-1.,0.,0.));
#15765=DIRECTION('',(0.,0.,-1.));
#15766=DIRECTION('',(-1.,0.,0.));
#15767=DIRECTION('',(0.,0.,-1.));
#15768=DIRECTION('',(-0.965925826289074,0.2588190451025,0.));
#15769=DIRECTION('',(-0.2588190451025,-0.965925826289074,0.));
#15770=DIRECTION('',(0.2588190451025,0.965925826289074,0.));
#15771=DIRECTION('',(0.,0.,-1.));
#15772=DIRECTION('',(0.2588190451025,0.965925826289074,0.));
#15773=DIRECTION('',(0.,1.,0.));
#15774=DIRECTION('',(0.,0.,1.));
#15775=DIRECTION('',(1.,0.,0.));
#15776=DIRECTION('',(0.,0.,-1.));
#15777=DIRECTION('',(1.,0.,0.));
#15778=DIRECTION('',(1.,0.,0.));
#15779=DIRECTION('',(0.,0.,-1.));
#15780=DIRECTION('',(0.,-1.,0.));
#15781=DIRECTION('',(0.,0.,-1.));
#15782=DIRECTION('',(0.,-1.,0.));
#15783=DIRECTION('',(0.,1.,0.));
#15784=DIRECTION('',(0.,0.,1.));
#15785=DIRECTION('',(1.,0.,0.));
#15786=DIRECTION('',(1.,0.,0.));
#15787=DIRECTION('',(0.,0.,-1.));
#15788=DIRECTION('',(-1.,0.,0.));
#15789=DIRECTION('',(0.,0.,-1.));
#15790=DIRECTION('',(-1.,0.,0.));
#15791=DIRECTION('',(-1.,0.,0.));
#15792=DIRECTION('',(0.,0.,1.));
#15793=DIRECTION('',(0.,1.,0.));
#15794=DIRECTION('',(0.,1.,0.));
#15795=DIRECTION('',(0.,0.,-1.));
#15796=DIRECTION('',(-1.,0.,0.));
#15797=DIRECTION('',(0.,0.,1.));
#15798=DIRECTION('',(1.,0.,0.));
#15799=DIRECTION('',(0.,0.,-1.));
#15800=DIRECTION('',(-1.,0.,0.));
#15801=DIRECTION('',(0.,0.,1.));
#15802=DIRECTION('',(1.,0.,0.));
#15803=DIRECTION('',(0.,0.,1.));
#15804=DIRECTION('',(1.,0.,0.));
#15805=DIRECTION('',(0.961261695938315,-0.275637355817013,0.));
#15806=DIRECTION('',(0.275637355817013,0.961261695938315,0.));
#15807=DIRECTION('',(-0.275637355817013,-0.961261695938315,0.));
#15808=DIRECTION('',(0.,0.,-1.));
#15809=DIRECTION('',(0.275637355817018,0.961261695938313,0.));
#15810=DIRECTION('',(0.,0.,-1.));
#15811=DIRECTION('',(0.275637355817018,0.961261695938313,0.));
#15812=DIRECTION('',(0.,0.,-1.));
#15813=DIRECTION('',(-0.275637355817013,-0.961261695938315,0.));
#15814=DIRECTION('',(0.,0.,-1.));
#15815=DIRECTION('',(0.836078673819287,0.548609561696278,0.));
#15816=DIRECTION('',(-0.548609561696278,0.836078673819287,0.));
#15817=DIRECTION('',(0.548609561696278,-0.836078673819287,0.));
#15818=DIRECTION('',(0.,0.,-1.));
#15819=DIRECTION('',(0.548609561696278,-0.836078673819287,0.));
#15820=DIRECTION('',(1.25326974403004E-14,1.,0.));
#15821=DIRECTION('',(-1.,1.25326974403004E-14,0.));
#15822=DIRECTION('',(1.,-1.25326974403004E-14,0.));
#15823=DIRECTION('',(0.,0.,-1.));
#15824=DIRECTION('',(1.,-1.25326974403004E-14,0.));
#15825=DIRECTION('',(0.,0.,-1.));
#15826=DIRECTION('',(-1.,0.,0.));
#15827=DIRECTION('',(0.,0.,1.));
#15828=DIRECTION('',(1.,0.,0.));
#15829=DIRECTION('',(0.,0.,-1.));
#15830=DIRECTION('',(0.,0.,1.));
#15831=DIRECTION('',(1.,0.,0.));
#15832=DIRECTION('',(0.,-1.,0.));
#15833=DIRECTION('',(0.,0.,-1.));
#15834=DIRECTION('',(-1.,0.,0.));
#15835=DIRECTION('',(0.,0.,-1.));
#15836=DIRECTION('',(-1.,0.,0.));
#15837=DIRECTION('',(-0.997199309888456,0.0747899482416343,0.));
#15838=DIRECTION('',(-0.0747899482416343,-0.997199309888457,0.));
#15839=DIRECTION('',(0.0747899482416343,0.997199309888456,0.));
#15840=DIRECTION('',(0.,0.,-1.));
#15841=DIRECTION('',(0.0747899482416343,0.997199309888456,0.));
#15842=DIRECTION('',(0.,1.,0.));
#15843=DIRECTION('',(0.,0.,1.));
#15844=DIRECTION('',(1.,0.,0.));
#15845=DIRECTION('',(0.,0.,-1.));
#15846=DIRECTION('',(-1.,0.,0.));
#15847=DIRECTION('',(1.,0.,0.));
#15848=DIRECTION('',(1.,0.,0.));
#15849=DIRECTION('',(-1.,0.,0.));
#15850=DIRECTION('',(1.,0.,0.));
#15851=DIRECTION('',(0.,0.,-1.));
#15852=DIRECTION('',(-0.956304755963029,0.292371704722758,0.));
#15853=DIRECTION('',(-0.292371704722758,-0.956304755963029,0.));
#15854=DIRECTION('',(-0.292371704722758,-0.956304755963029,0.));
#15855=DIRECTION('',(0.,0.,-1.));
#15856=DIRECTION('',(-0.292371704722758,-0.956304755963029,0.));
#15857=DIRECTION('',(-0.73135370161915,-0.681998360062521,0.));
#15858=DIRECTION('',(0.681998360062521,-0.73135370161915,0.));
#15859=DIRECTION('',(-0.681998360062518,0.731353701619152,0.));
#15860=DIRECTION('',(0.681998360062521,-0.73135370161915,0.));
#15861=DIRECTION('',(0.,0.,-1.));
#15862=DIRECTION('',(0.681998360062521,-0.73135370161915,0.));
#15863=DIRECTION('',(-0.681998360062518,0.731353701619152,0.));
#15864=DIRECTION('',(0.,0.,-1.));
#15865=DIRECTION('',(0.,-1.,0.));
#15866=DIRECTION('',(0.,0.,-1.));
#15867=DIRECTION('',(1.,0.,0.));
#15868=DIRECTION('',(1.,0.,0.));
#15869=DIRECTION('',(0.,0.,1.));
#15870=DIRECTION('',(1.,0.,0.));
#15871=DIRECTION('',(0.,0.,1.));
#15872=DIRECTION('',(1.,0.,0.));
#15873=DIRECTION('',(0.,0.,-1.));
#15874=DIRECTION('',(-1.,0.,0.));
#15875=DIRECTION('',(0.,0.,1.));
#15876=DIRECTION('',(1.,0.,0.));
#15877=DIRECTION('',(0.,0.,1.));
#15878=DIRECTION('',(1.,0.,0.));
#15879=DIRECTION('',(0.,0.,1.));
#15880=DIRECTION('',(1.,0.,0.));
#15881=DIRECTION('',(0.,0.,1.));
#15882=DIRECTION('',(1.,0.,0.));
#15883=DIRECTION('',(0.,0.,-1.));
#15884=DIRECTION('',(-1.,0.,0.));
#15885=DIRECTION('',(0.,0.,-1.));
#15886=DIRECTION('',(-1.,0.,0.));
#15887=DIRECTION('',(0.,0.,1.));
#15888=DIRECTION('',(1.,0.,0.));
#15889=DIRECTION('',(0.,0.,-1.));
#15890=DIRECTION('',(-1.,0.,0.));
#15891=CARTESIAN_POINT('',(0.,0.,0.));
#15892=CARTESIAN_POINT('',(0.099999999999999,0.005,0.1));
#15893=CARTESIAN_POINT('',(-0.0425,0.005,0.1));
#15894=CARTESIAN_POINT('',(-0.0425,0.099,0.1));
#15895=CARTESIAN_POINT('',(-0.0425,0.205,0.1));
#15896=CARTESIAN_POINT('',(0.0659999999999998,-0.0119999999999996,0.1));
#15897=CARTESIAN_POINT('',(-0.0525,0.225,0.1));
#15898=CARTESIAN_POINT('',(0.099999999999999,0.225,0.1));
#15899=CARTESIAN_POINT('',(-0.1,0.225,0.1));
#15900=CARTESIAN_POINT('',(-0.1,0.005,0.1));
#15901=CARTESIAN_POINT('',(-0.1,0.,0.1));
#15902=CARTESIAN_POINT('',(0.099999999999999,0.,0.1));
#15903=CARTESIAN_POINT('',(0.099999999999999,0.,0.1));
#15904=CARTESIAN_POINT('',(0.099999999999999,0.005,0.1));
#15905=CARTESIAN_POINT('',(0.099999999999999,0.225,0.1));
#15906=CARTESIAN_POINT('',(0.099999999999999,0.225,0.1));
#15907=CARTESIAN_POINT('',(0.0525,0.225,0.1));
#15908=CARTESIAN_POINT('',(-0.0260000000000002,0.0679999999999996,0.1));
#15909=CARTESIAN_POINT('',(0.0425,0.205,0.1));
#15910=CARTESIAN_POINT('',(0.0425,0.005,0.1));
#15911=CARTESIAN_POINT('',(0.0425,0.099,0.1));
#15912=CARTESIAN_POINT('',(0.099999999999999,0.099,0.1));
#15913=CARTESIAN_POINT('',(-0.1,0.225,0.0675));
#15914=CARTESIAN_POINT('',(-0.1,0.225,0.0675));
#15915=CARTESIAN_POINT('',(-0.1,0.225,0.0675));
#15916=CARTESIAN_POINT('',(-0.0525,0.225,0.0675));
#15917=CARTESIAN_POINT('',(-0.0525,0.225,0.0675));
#15918=CARTESIAN_POINT('',(-0.0425,0.205,0.0675));
#15919=CARTESIAN_POINT('',(-0.0425,0.205,0.0675));
#15920=CARTESIAN_POINT('',(-0.0425,0.099,0.0675));
#15921=CARTESIAN_POINT('',(0.,0.099,0.0675));
#15922=CARTESIAN_POINT('',(-0.1,0.099,0.0675));
#15923=CARTESIAN_POINT('',(-0.1,0.225,0.0675));
#15924=CARTESIAN_POINT('',(-0.1,0.225,0.0675));
#15925=CARTESIAN_POINT('',(0.,0.099,0.0675));
#15926=CARTESIAN_POINT('',(0.1,0.099,0.0675));
#15927=CARTESIAN_POINT('',(0.0425,0.099,0.0675));
#15928=CARTESIAN_POINT('',(0.0425,0.099,0.0675));
#15929=CARTESIAN_POINT('',(0.0425,0.205,0.0675));
#15930=CARTESIAN_POINT('',(0.0425,0.205,0.0675));
#15931=CARTESIAN_POINT('',(0.0525,0.225,0.0675));
#15932=CARTESIAN_POINT('',(-0.1,0.225,0.0675));
#15933=CARTESIAN_POINT('',(0.1,0.225,0.0675));
#15934=CARTESIAN_POINT('',(0.1,0.225,0.0675));
#15935=CARTESIAN_POINT('',(0.,0.225,0.));
#15936=CARTESIAN_POINT('',(-0.0525,0.225,0.));
#15937=CARTESIAN_POINT('',(-0.1,0.225,0.1));
#15938=CARTESIAN_POINT('',(0.,0.225,0.));
#15939=CARTESIAN_POINT('',(0.0525,0.225,0.));
#15940=CARTESIAN_POINT('',(0.1,0.225,0.0675));
#15941=CARTESIAN_POINT('',(-0.325,0.099,0.0675));
#15942=CARTESIAN_POINT('',(-0.1,0.099,0.0675));
#15943=CARTESIAN_POINT('',(-0.1,0.,0.0675));
#15944=CARTESIAN_POINT('',(-0.1,0.0245,0.0675));
#15945=CARTESIAN_POINT('',(0.325,0.0245,0.067500000000002));
#15946=CARTESIAN_POINT('',(-0.325,0.0245,0.067500000000002));
#15947=CARTESIAN_POINT('',(-0.325,0.099,0.0675));
#15948=CARTESIAN_POINT('',(-0.325,0.,0.0675));
#15949=CARTESIAN_POINT('',(-0.325,0.,0.0675));
#15950=CARTESIAN_POINT('',(-0.325,0.099,0.0675));
#15951=CARTESIAN_POINT('',(0.325,0.0745,0.067500000000002));
#15952=CARTESIAN_POINT('',(-0.1,0.0745,0.067500000000002));
#15953=CARTESIAN_POINT('',(-0.325,0.0745,0.067500000000002));
#15954=CARTESIAN_POINT('',(-0.1,0.225,0.0675));
#15955=CARTESIAN_POINT('',(-0.325,0.099,0.0675));
#15956=CARTESIAN_POINT('',(-0.325,0.099,0.0675));
#15957=CARTESIAN_POINT('',(-0.325,0.099,0.0675));
#15958=CARTESIAN_POINT('',(0.325,0.099,-0.0675));
#15959=CARTESIAN_POINT('',(0.325,0.0245,-0.067500000000002));
#15960=CARTESIAN_POINT('',(-0.1,0.0245,-0.0675));
#15961=CARTESIAN_POINT('',(-0.325,0.0245,-0.067500000000002));
#15962=CARTESIAN_POINT('',(-0.1,0.099,-0.0675));
#15963=CARTESIAN_POINT('',(-0.1,0.,-0.0675));
#15964=CARTESIAN_POINT('',(0.325,0.,-0.0675));
#15965=CARTESIAN_POINT('',(-0.325,0.,-0.0675));
#15966=CARTESIAN_POINT('',(-0.325,0.099,-0.0675));
#15967=CARTESIAN_POINT('',(0.325,0.099,-0.0675));
#15968=CARTESIAN_POINT('',(0.325,0.099,-0.0675));
#15969=CARTESIAN_POINT('',(-0.1,0.099,-0.0675));
#15970=CARTESIAN_POINT('',(-0.325,0.099,-0.0675));
#15971=CARTESIAN_POINT('',(-0.1,0.225,-0.0675));
#15972=CARTESIAN_POINT('',(-0.1,0.0745,-0.0675));
#15973=CARTESIAN_POINT('',(0.325,0.0745,-0.067500000000002));
#15974=CARTESIAN_POINT('',(-0.325,0.0745,-0.0675));
#15975=CARTESIAN_POINT('',(-0.325,0.099,-0.0675));
#15976=CARTESIAN_POINT('',(0.092,0.099,-0.0325));
#15977=CARTESIAN_POINT('',(0.092,0.099,-0.0165));
#15978=CARTESIAN_POINT('',(0.092,0.099,-0.0165));
#15979=CARTESIAN_POINT('',(0.092,0.005,-0.0165));
#15980=CARTESIAN_POINT('',(0.092,0.005,-0.0325));
#15981=CARTESIAN_POINT('',(0.092,0.005,-0.0325));
#15982=CARTESIAN_POINT('',(0.092,0.099,-0.0325));
#15983=CARTESIAN_POINT('',(0.092,0.099,-0.0325));
#15984=CARTESIAN_POINT('',(0.092,0.099,-0.0325));
#15985=CARTESIAN_POINT('',(0.092,0.099,0.0175));
#15986=CARTESIAN_POINT('',(0.092,0.099,0.0335));
#15987=CARTESIAN_POINT('',(0.092,0.099,0.0335));
#15988=CARTESIAN_POINT('',(0.092,0.005,0.0335));
#15989=CARTESIAN_POINT('',(0.092,0.005,0.0175));
#15990=CARTESIAN_POINT('',(0.092,0.005,0.0175));
#15991=CARTESIAN_POINT('',(0.092,0.099,0.0175));
#15992=CARTESIAN_POINT('',(0.092,0.099,0.0175));
#15993=CARTESIAN_POINT('',(0.092,0.099,0.0175));
#15994=CARTESIAN_POINT('',(0.042,0.099,-0.0325));
#15995=CARTESIAN_POINT('',(0.042,0.099,-0.0165));
#15996=CARTESIAN_POINT('',(0.042,0.099,-0.0165));
#15997=CARTESIAN_POINT('',(0.042,0.005,-0.0165));
#15998=CARTESIAN_POINT('',(0.042,0.005,-0.0325));
#15999=CARTESIAN_POINT('',(0.042,0.005,-0.0325));
#16000=CARTESIAN_POINT('',(0.042,0.099,-0.0325));
#16001=CARTESIAN_POINT('',(0.042,0.099,-0.0325));
#16002=CARTESIAN_POINT('',(0.042,0.099,-0.0325));
#16003=CARTESIAN_POINT('',(0.0580000000000001,0.099,-0.0325));
#16004=CARTESIAN_POINT('',(0.0580000000000001,0.005,-0.0325));
#16005=CARTESIAN_POINT('',(0.0580000000000001,0.005,-0.0325));
#16006=CARTESIAN_POINT('',(0.0580000000000001,0.099,-0.0325));
#16007=CARTESIAN_POINT('',(0.0580000000000001,0.099,-0.0325));
#16008=CARTESIAN_POINT('',(0.0580000000000001,0.099,-0.0325));
#16009=CARTESIAN_POINT('',(0.0580000000000001,0.099,-0.0165));
#16010=CARTESIAN_POINT('',(0.0580000000000001,0.005,-0.0165));
#16011=CARTESIAN_POINT('',(0.0580000000000001,0.005,-0.0165));
#16012=CARTESIAN_POINT('',(0.0580000000000001,0.099,-0.0165));
#16013=CARTESIAN_POINT('',(0.0580000000000001,0.099,-0.0165));
#16014=CARTESIAN_POINT('',(0.0580000000000001,0.099,-0.0165));
#16015=CARTESIAN_POINT('',(0.042,0.099,0.0175));
#16016=CARTESIAN_POINT('',(0.042,0.099,0.0335));
#16017=CARTESIAN_POINT('',(0.042,0.099,0.0335));
#16018=CARTESIAN_POINT('',(0.042,0.005,0.0335));
#16019=CARTESIAN_POINT('',(0.042,0.005,0.0175));
#16020=CARTESIAN_POINT('',(0.042,0.005,0.0175));
#16021=CARTESIAN_POINT('',(0.042,0.099,0.0175));
#16022=CARTESIAN_POINT('',(0.042,0.099,0.0175));
#16023=CARTESIAN_POINT('',(0.042,0.099,0.0175));
#16024=CARTESIAN_POINT('',(0.0580000000000001,0.099,0.0175));
#16025=CARTESIAN_POINT('',(0.0580000000000001,0.005,0.0175));
#16026=CARTESIAN_POINT('',(0.0580000000000001,0.005,0.0175));
#16027=CARTESIAN_POINT('',(0.0580000000000001,0.099,0.0175));
#16028=CARTESIAN_POINT('',(0.0580000000000001,0.099,0.0175));
#16029=CARTESIAN_POINT('',(0.0580000000000001,0.099,0.0175));
#16030=CARTESIAN_POINT('',(0.0580000000000001,0.099,0.0335));
#16031=CARTESIAN_POINT('',(0.0580000000000001,0.005,0.0335));
#16032=CARTESIAN_POINT('',(0.0580000000000001,0.005,0.0335));
#16033=CARTESIAN_POINT('',(0.0580000000000001,0.099,0.0335));
#16034=CARTESIAN_POINT('',(0.0580000000000001,0.099,0.0335));
#16035=CARTESIAN_POINT('',(0.0580000000000001,0.099,0.0335));
#16036=CARTESIAN_POINT('',(-0.00799999999999995,0.099,-0.0325));
#16037=CARTESIAN_POINT('',(-0.00799999999999995,0.099,-0.0165));
#16038=CARTESIAN_POINT('',(-0.00799999999999995,0.099,-0.0165));
#16039=CARTESIAN_POINT('',(-0.00799999999999995,0.005,-0.0165));
#16040=CARTESIAN_POINT('',(-0.00799999999999995,0.005,-0.0325));
#16041=CARTESIAN_POINT('',(-0.00799999999999995,0.005,-0.0325));
#16042=CARTESIAN_POINT('',(-0.00799999999999995,0.099,-0.0325));
#16043=CARTESIAN_POINT('',(-0.00799999999999995,0.099,-0.0325));
#16044=CARTESIAN_POINT('',(-0.00799999999999995,0.099,-0.0325));
#16045=CARTESIAN_POINT('',(0.00800000000000006,0.099,-0.0325));
#16046=CARTESIAN_POINT('',(0.00800000000000006,0.005,-0.0325));
#16047=CARTESIAN_POINT('',(0.00800000000000006,0.005,-0.0325));
#16048=CARTESIAN_POINT('',(0.00800000000000006,0.099,-0.0325));
#16049=CARTESIAN_POINT('',(0.00800000000000006,0.099,-0.0325));
#16050=CARTESIAN_POINT('',(0.00800000000000006,0.099,-0.0325));
#16051=CARTESIAN_POINT('',(0.00800000000000006,0.099,-0.0165));
#16052=CARTESIAN_POINT('',(0.00800000000000006,0.005,-0.0165));
#16053=CARTESIAN_POINT('',(0.00800000000000006,0.005,-0.0165));
#16054=CARTESIAN_POINT('',(0.00800000000000006,0.099,-0.0165));
#16055=CARTESIAN_POINT('',(0.00800000000000006,0.099,-0.0165));
#16056=CARTESIAN_POINT('',(0.00800000000000006,0.099,-0.0165));
#16057=CARTESIAN_POINT('',(-0.00799999999999995,0.099,0.0175));
#16058=CARTESIAN_POINT('',(-0.00799999999999995,0.099,0.0335));
#16059=CARTESIAN_POINT('',(-0.00799999999999995,0.099,0.0335));
#16060=CARTESIAN_POINT('',(-0.00799999999999995,0.005,0.0335));
#16061=CARTESIAN_POINT('',(-0.00799999999999995,0.005,0.0175));
#16062=CARTESIAN_POINT('',(-0.00799999999999995,0.005,0.0175));
#16063=CARTESIAN_POINT('',(-0.00799999999999995,0.099,0.0175));
#16064=CARTESIAN_POINT('',(-0.00799999999999995,0.099,0.0175));
#16065=CARTESIAN_POINT('',(-0.00799999999999995,0.099,0.0175));
#16066=CARTESIAN_POINT('',(0.00800000000000006,0.099,0.0175));
#16067=CARTESIAN_POINT('',(0.00800000000000006,0.005,0.0175));
#16068=CARTESIAN_POINT('',(0.00800000000000006,0.005,0.0175));
#16069=CARTESIAN_POINT('',(0.00800000000000006,0.099,0.0175));
#16070=CARTESIAN_POINT('',(0.00800000000000006,0.099,0.0175));
#16071=CARTESIAN_POINT('',(0.00800000000000006,0.099,0.0175));
#16072=CARTESIAN_POINT('',(0.00800000000000006,0.099,0.0335));
#16073=CARTESIAN_POINT('',(0.00800000000000006,0.005,0.0335));
#16074=CARTESIAN_POINT('',(0.00800000000000006,0.005,0.0335));
#16075=CARTESIAN_POINT('',(0.00800000000000006,0.099,0.0335));
#16076=CARTESIAN_POINT('',(0.00800000000000006,0.099,0.0335));
#16077=CARTESIAN_POINT('',(0.00800000000000006,0.099,0.0335));
#16078=CARTESIAN_POINT('',(-0.058,0.099,-0.0325));
#16079=CARTESIAN_POINT('',(-0.058,0.099,-0.0165));
#16080=CARTESIAN_POINT('',(-0.058,0.099,-0.0165));
#16081=CARTESIAN_POINT('',(-0.058,0.005,-0.0165));
#16082=CARTESIAN_POINT('',(-0.058,0.005,-0.0325));
#16083=CARTESIAN_POINT('',(-0.058,0.005,-0.0325));
#16084=CARTESIAN_POINT('',(-0.058,0.099,-0.0325));
#16085=CARTESIAN_POINT('',(-0.058,0.099,-0.0325));
#16086=CARTESIAN_POINT('',(-0.058,0.099,-0.0325));
#16087=CARTESIAN_POINT('',(-0.042,0.099,-0.0325));
#16088=CARTESIAN_POINT('',(-0.042,0.005,-0.0325));
#16089=CARTESIAN_POINT('',(-0.042,0.005,-0.0325));
#16090=CARTESIAN_POINT('',(-0.042,0.099,-0.0325));
#16091=CARTESIAN_POINT('',(-0.042,0.099,-0.0325));
#16092=CARTESIAN_POINT('',(-0.042,0.099,-0.0325));
#16093=CARTESIAN_POINT('',(-0.042,0.099,-0.0165));
#16094=CARTESIAN_POINT('',(-0.042,0.005,-0.0165));
#16095=CARTESIAN_POINT('',(-0.042,0.005,-0.0165));
#16096=CARTESIAN_POINT('',(-0.042,0.099,-0.0165));
#16097=CARTESIAN_POINT('',(-0.042,0.099,-0.0165));
#16098=CARTESIAN_POINT('',(-0.042,0.099,-0.0165));
#16099=CARTESIAN_POINT('',(-0.058,0.099,0.0175));
#16100=CARTESIAN_POINT('',(-0.058,0.099,0.0335));
#16101=CARTESIAN_POINT('',(-0.058,0.099,0.0335));
#16102=CARTESIAN_POINT('',(-0.058,0.005,0.0335));
#16103=CARTESIAN_POINT('',(-0.058,0.005,0.0175));
#16104=CARTESIAN_POINT('',(-0.058,0.005,0.0175));
#16105=CARTESIAN_POINT('',(-0.058,0.099,0.0175));
#16106=CARTESIAN_POINT('',(-0.058,0.099,0.0175));
#16107=CARTESIAN_POINT('',(-0.058,0.099,0.0175));
#16108=CARTESIAN_POINT('',(-0.042,0.099,0.0175));
#16109=CARTESIAN_POINT('',(-0.042,0.005,0.0175));
#16110=CARTESIAN_POINT('',(-0.042,0.005,0.0175));
#16111=CARTESIAN_POINT('',(-0.042,0.099,0.0175));
#16112=CARTESIAN_POINT('',(-0.042,0.099,0.0175));
#16113=CARTESIAN_POINT('',(-0.042,0.099,0.0175));
#16114=CARTESIAN_POINT('',(-0.042,0.099,0.0335));
#16115=CARTESIAN_POINT('',(-0.042,0.005,0.0335));
#16116=CARTESIAN_POINT('',(-0.042,0.005,0.0335));
#16117=CARTESIAN_POINT('',(-0.042,0.099,0.0335));
#16118=CARTESIAN_POINT('',(-0.042,0.099,0.0335));
#16119=CARTESIAN_POINT('',(-0.042,0.099,0.0335));
#16120=CARTESIAN_POINT('',(-0.092,0.099,-0.0165));
#16121=CARTESIAN_POINT('',(-0.092,0.099,-0.0325));
#16122=CARTESIAN_POINT('',(-0.092,0.099,-0.0325));
#16123=CARTESIAN_POINT('',(-0.092,0.005,-0.0325));
#16124=CARTESIAN_POINT('',(-0.092,0.005,-0.0165));
#16125=CARTESIAN_POINT('',(-0.092,0.005,-0.0165));
#16126=CARTESIAN_POINT('',(-0.092,0.099,-0.0165));
#16127=CARTESIAN_POINT('',(-0.092,0.099,-0.0165));
#16128=CARTESIAN_POINT('',(-0.092,0.099,-0.0165));
#16129=CARTESIAN_POINT('',(-0.092,0.099,0.0335));
#16130=CARTESIAN_POINT('',(-0.092,0.099,0.0175));
#16131=CARTESIAN_POINT('',(-0.092,0.099,0.0175));
#16132=CARTESIAN_POINT('',(-0.092,0.005,0.0175));
#16133=CARTESIAN_POINT('',(-0.092,0.005,0.0335));
#16134=CARTESIAN_POINT('',(-0.092,0.005,0.0335));
#16135=CARTESIAN_POINT('',(-0.092,0.099,0.0335));
#16136=CARTESIAN_POINT('',(-0.092,0.099,0.0335));
#16137=CARTESIAN_POINT('',(-0.092,0.099,0.0335));
#16138=CARTESIAN_POINT('',(0.042,0.099,-0.0165));
#16139=CARTESIAN_POINT('',(0.042,0.005,-0.0165));
#16140=CARTESIAN_POINT('',(0.042,0.099,-0.0165));
#16141=CARTESIAN_POINT('',(0.042,0.099,0.0335));
#16142=CARTESIAN_POINT('',(0.042,0.005,0.0335));
#16143=CARTESIAN_POINT('',(0.042,0.099,0.0335));
#16144=CARTESIAN_POINT('',(-0.00799999999999995,0.099,-0.0165));
#16145=CARTESIAN_POINT('',(-0.00799999999999995,0.005,-0.0165));
#16146=CARTESIAN_POINT('',(-0.00799999999999995,0.099,-0.0165));
#16147=CARTESIAN_POINT('',(-0.00799999999999995,0.099,0.0335));
#16148=CARTESIAN_POINT('',(-0.00799999999999995,0.005,0.0335));
#16149=CARTESIAN_POINT('',(-0.00799999999999995,0.099,0.0335));
#16150=CARTESIAN_POINT('',(-0.058,0.099,-0.0165));
#16151=CARTESIAN_POINT('',(-0.058,0.005,-0.0165));
#16152=CARTESIAN_POINT('',(-0.058,0.099,-0.0165));
#16153=CARTESIAN_POINT('',(-0.058,0.099,0.0335));
#16154=CARTESIAN_POINT('',(-0.058,0.005,0.0335));
#16155=CARTESIAN_POINT('',(-0.058,0.099,0.0335));
#16156=CARTESIAN_POINT('',(0.325,0.099,-0.0675));
#16157=CARTESIAN_POINT('',(0.100000000000004,0.099,-0.0675));
#16158=CARTESIAN_POINT('',(0.100000000000002,0.,-0.0675));
#16159=CARTESIAN_POINT('',(0.1,0.0245,-0.0675));
#16160=CARTESIAN_POINT('',(0.325,0.0245,-0.067500000000002));
#16161=CARTESIAN_POINT('',(0.325,0.0245,-0.067500000000002));
#16162=CARTESIAN_POINT('',(0.325,0.099,-0.0675));
#16163=CARTESIAN_POINT('',(0.325,0.,-0.0675));
#16164=CARTESIAN_POINT('',(0.325,0.,-0.0675));
#16165=CARTESIAN_POINT('',(-0.325,0.099,0.0675));
#16166=CARTESIAN_POINT('',(0.325,0.0245,0.067500000000002));
#16167=CARTESIAN_POINT('',(0.325,0.0245,0.067500000000002));
#16168=CARTESIAN_POINT('',(0.1,0.0245,0.0675));
#16169=CARTESIAN_POINT('',(0.1,0.099,0.0675));
#16170=CARTESIAN_POINT('',(0.1,0.,0.0675));
#16171=CARTESIAN_POINT('',(-0.325,0.,0.0675));
#16172=CARTESIAN_POINT('',(0.325,0.,0.0675));
#16173=CARTESIAN_POINT('',(0.325,0.099,0.0675));
#16174=CARTESIAN_POINT('',(-0.325,0.099,-0.0675));
#16175=CARTESIAN_POINT('',(-0.325,0.0245,-0.0575));
#16176=CARTESIAN_POINT('',(-0.325,0.0245,-0.0575));
#16177=CARTESIAN_POINT('',(-0.325,0.0745,-0.0575));
#16178=CARTESIAN_POINT('',(-0.325,0.0245,-0.067500000000002));
#16179=CARTESIAN_POINT('',(-0.325,0.,-0.0675));
#16180=CARTESIAN_POINT('',(-0.325,0.0245,0.0575));
#16181=CARTESIAN_POINT('',(-0.325,0.0245,0.0575));
#16182=CARTESIAN_POINT('',(-0.325,0.0745,0.0575));
#16183=CARTESIAN_POINT('',(-0.325,0.0745,0.0575));
#16184=CARTESIAN_POINT('',(-0.325,0.0745,0.067500000000002));
#16185=CARTESIAN_POINT('',(-0.325,0.099,-0.0675));
#16186=CARTESIAN_POINT('',(-0.325,0.0745,-0.0575));
#16187=CARTESIAN_POINT('',(-0.325,0.099,0.0675));
#16188=CARTESIAN_POINT('',(-0.325,0.099,0.0675));
#16189=CARTESIAN_POINT('',(0.325,0.099,0.0675));
#16190=CARTESIAN_POINT('',(0.1,0.225,0.0675));
#16191=CARTESIAN_POINT('',(0.1,0.0745,0.0675));
#16192=CARTESIAN_POINT('',(0.325,0.0745,0.067500000000002));
#16193=CARTESIAN_POINT('',(0.325,0.0745,0.067500000000002));
#16194=CARTESIAN_POINT('',(0.325,0.099,0.0675));
#16195=CARTESIAN_POINT('',(0.325,0.099,0.0675));
#16196=CARTESIAN_POINT('',(0.325,0.0245,-0.067500000000002));
#16197=CARTESIAN_POINT('',(0.325,0.0245,-0.0575));
#16198=CARTESIAN_POINT('',(0.325,0.0245,-0.0575));
#16199=CARTESIAN_POINT('',(0.325,0.0745,-0.0575));
#16200=CARTESIAN_POINT('',(0.325,0.0745,-0.0575));
#16201=CARTESIAN_POINT('',(0.325,0.0745,-0.067500000000002));
#16202=CARTESIAN_POINT('',(0.325,0.099,-0.0675));
#16203=CARTESIAN_POINT('',(0.325,0.099,-0.0675));
#16204=CARTESIAN_POINT('',(0.325,0.099,0.0675));
#16205=CARTESIAN_POINT('',(0.325,0.0745,0.067500000000002));
#16206=CARTESIAN_POINT('',(0.325,0.0745,0.0575));
#16207=CARTESIAN_POINT('',(0.325,0.0745,0.0575));
#16208=CARTESIAN_POINT('',(0.325,0.0245,0.0575));
#16209=CARTESIAN_POINT('',(0.325,0.0245,0.0575));
#16210=CARTESIAN_POINT('',(0.325,0.,0.0675));
#16211=CARTESIAN_POINT('',(0.292,0.099,-0.0325));
#16212=CARTESIAN_POINT('',(0.292,0.,-0.0325));
#16213=CARTESIAN_POINT('',(0.292,0.,-0.0325));
#16214=CARTESIAN_POINT('',(0.292,0.,-0.0165));
#16215=CARTESIAN_POINT('',(0.292,0.099,-0.0325));
#16216=CARTESIAN_POINT('',(0.292,0.099,-0.0325));
#16217=CARTESIAN_POINT('',(0.292,0.099,-0.0325));
#16218=CARTESIAN_POINT('',(0.292,0.099,-0.0165));
#16219=CARTESIAN_POINT('',(0.292,0.099,-0.0165));
#16220=CARTESIAN_POINT('',(0.308,0.099,-0.0325));
#16221=CARTESIAN_POINT('',(0.308,0.,-0.0325));
#16222=CARTESIAN_POINT('',(0.308,0.,-0.0325));
#16223=CARTESIAN_POINT('',(0.308,0.099,-0.0325));
#16224=CARTESIAN_POINT('',(0.308,0.099,-0.0325));
#16225=CARTESIAN_POINT('',(0.308,0.099,-0.0325));
#16226=CARTESIAN_POINT('',(0.308,0.099,-0.0165));
#16227=CARTESIAN_POINT('',(0.308,0.,-0.0165));
#16228=CARTESIAN_POINT('',(0.308,0.,-0.0165));
#16229=CARTESIAN_POINT('',(0.308,0.099,-0.0165));
#16230=CARTESIAN_POINT('',(0.308,0.099,-0.0165));
#16231=CARTESIAN_POINT('',(0.308,0.099,-0.0165));
#16232=CARTESIAN_POINT('',(0.292,0.099,0.0175));
#16233=CARTESIAN_POINT('',(0.292,0.,0.0175));
#16234=CARTESIAN_POINT('',(0.292,0.,0.0175));
#16235=CARTESIAN_POINT('',(0.292,0.,0.0335));
#16236=CARTESIAN_POINT('',(0.292,0.099,0.0175));
#16237=CARTESIAN_POINT('',(0.292,0.099,0.0175));
#16238=CARTESIAN_POINT('',(0.292,0.099,0.0175));
#16239=CARTESIAN_POINT('',(0.292,0.099,0.0335));
#16240=CARTESIAN_POINT('',(0.292,0.099,0.0335));
#16241=CARTESIAN_POINT('',(0.308,0.099,0.0175));
#16242=CARTESIAN_POINT('',(0.308,0.,0.0175));
#16243=CARTESIAN_POINT('',(0.308,0.,0.0175));
#16244=CARTESIAN_POINT('',(0.308,0.099,0.0175));
#16245=CARTESIAN_POINT('',(0.308,0.099,0.0175));
#16246=CARTESIAN_POINT('',(0.308,0.099,0.0175));
#16247=CARTESIAN_POINT('',(0.308,0.099,0.0335));
#16248=CARTESIAN_POINT('',(0.308,0.,0.0335));
#16249=CARTESIAN_POINT('',(0.308,0.,0.0335));
#16250=CARTESIAN_POINT('',(0.308,0.099,0.0335));
#16251=CARTESIAN_POINT('',(0.308,0.099,0.0335));
#16252=CARTESIAN_POINT('',(0.308,0.099,0.0335));
#16253=CARTESIAN_POINT('',(0.242,0.099,-0.0325));
#16254=CARTESIAN_POINT('',(0.242,0.,-0.0325));
#16255=CARTESIAN_POINT('',(0.242,0.,-0.0325));
#16256=CARTESIAN_POINT('',(0.242,0.,-0.0165));
#16257=CARTESIAN_POINT('',(0.242,0.099,-0.0325));
#16258=CARTESIAN_POINT('',(0.242,0.099,-0.0325));
#16259=CARTESIAN_POINT('',(0.242,0.099,-0.0325));
#16260=CARTESIAN_POINT('',(0.242,0.099,-0.0165));
#16261=CARTESIAN_POINT('',(0.242,0.099,-0.0165));
#16262=CARTESIAN_POINT('',(0.258,0.099,-0.0325));
#16263=CARTESIAN_POINT('',(0.258,0.,-0.0325));
#16264=CARTESIAN_POINT('',(0.258,0.,-0.0325));
#16265=CARTESIAN_POINT('',(0.258,0.099,-0.0325));
#16266=CARTESIAN_POINT('',(0.258,0.099,-0.0325));
#16267=CARTESIAN_POINT('',(0.258,0.099,-0.0325));
#16268=CARTESIAN_POINT('',(0.258,0.099,-0.0165));
#16269=CARTESIAN_POINT('',(0.258,0.,-0.0165));
#16270=CARTESIAN_POINT('',(0.258,0.,-0.0165));
#16271=CARTESIAN_POINT('',(0.258,0.099,-0.0165));
#16272=CARTESIAN_POINT('',(0.258,0.099,-0.0165));
#16273=CARTESIAN_POINT('',(0.258,0.099,-0.0165));
#16274=CARTESIAN_POINT('',(0.242,0.099,0.0175));
#16275=CARTESIAN_POINT('',(0.242,0.,0.0175));
#16276=CARTESIAN_POINT('',(0.242,0.,0.0175));
#16277=CARTESIAN_POINT('',(0.242,0.,0.0335));
#16278=CARTESIAN_POINT('',(0.242,0.099,0.0175));
#16279=CARTESIAN_POINT('',(0.242,0.099,0.0175));
#16280=CARTESIAN_POINT('',(0.242,0.099,0.0175));
#16281=CARTESIAN_POINT('',(0.242,0.099,0.0335));
#16282=CARTESIAN_POINT('',(0.242,0.099,0.0335));
#16283=CARTESIAN_POINT('',(0.258,0.099,0.0175));
#16284=CARTESIAN_POINT('',(0.258,0.,0.0175));
#16285=CARTESIAN_POINT('',(0.258,0.,0.0175));
#16286=CARTESIAN_POINT('',(0.258,0.099,0.0175));
#16287=CARTESIAN_POINT('',(0.258,0.099,0.0175));
#16288=CARTESIAN_POINT('',(0.258,0.099,0.0175));
#16289=CARTESIAN_POINT('',(0.258,0.099,0.0335));
#16290=CARTESIAN_POINT('',(0.258,0.,0.0335));
#16291=CARTESIAN_POINT('',(0.258,0.,0.0335));
#16292=CARTESIAN_POINT('',(0.258,0.099,0.0335));
#16293=CARTESIAN_POINT('',(0.258,0.099,0.0335));
#16294=CARTESIAN_POINT('',(0.258,0.099,0.0335));
#16295=CARTESIAN_POINT('',(0.192,0.099,-0.0325));
#16296=CARTESIAN_POINT('',(0.192,0.,-0.0325));
#16297=CARTESIAN_POINT('',(0.192,0.,-0.0325));
#16298=CARTESIAN_POINT('',(0.192,0.,-0.0165));
#16299=CARTESIAN_POINT('',(0.192,0.099,-0.0325));
#16300=CARTESIAN_POINT('',(0.192,0.099,-0.0325));
#16301=CARTESIAN_POINT('',(0.192,0.099,-0.0325));
#16302=CARTESIAN_POINT('',(0.192,0.099,-0.0165));
#16303=CARTESIAN_POINT('',(0.192,0.099,-0.0165));
#16304=CARTESIAN_POINT('',(0.208,0.099,-0.0325));
#16305=CARTESIAN_POINT('',(0.208,0.,-0.0325));
#16306=CARTESIAN_POINT('',(0.208,0.,-0.0325));
#16307=CARTESIAN_POINT('',(0.208,0.099,-0.0325));
#16308=CARTESIAN_POINT('',(0.208,0.099,-0.0325));
#16309=CARTESIAN_POINT('',(0.208,0.099,-0.0325));
#16310=CARTESIAN_POINT('',(0.208,0.099,-0.0165));
#16311=CARTESIAN_POINT('',(0.208,0.,-0.0165));
#16312=CARTESIAN_POINT('',(0.208,0.,-0.0165));
#16313=CARTESIAN_POINT('',(0.208,0.099,-0.0165));
#16314=CARTESIAN_POINT('',(0.208,0.099,-0.0165));
#16315=CARTESIAN_POINT('',(0.208,0.099,-0.0165));
#16316=CARTESIAN_POINT('',(0.192,0.099,0.0175));
#16317=CARTESIAN_POINT('',(0.192,0.,0.0175));
#16318=CARTESIAN_POINT('',(0.192,0.,0.0175));
#16319=CARTESIAN_POINT('',(0.192,0.,0.0335));
#16320=CARTESIAN_POINT('',(0.192,0.099,0.0175));
#16321=CARTESIAN_POINT('',(0.192,0.099,0.0175));
#16322=CARTESIAN_POINT('',(0.192,0.099,0.0175));
#16323=CARTESIAN_POINT('',(0.192,0.099,0.0335));
#16324=CARTESIAN_POINT('',(0.192,0.099,0.0335));
#16325=CARTESIAN_POINT('',(0.208,0.099,0.0175));
#16326=CARTESIAN_POINT('',(0.208,0.,0.0175));
#16327=CARTESIAN_POINT('',(0.208,0.,0.0175));
#16328=CARTESIAN_POINT('',(0.208,0.099,0.0175));
#16329=CARTESIAN_POINT('',(0.208,0.099,0.0175));
#16330=CARTESIAN_POINT('',(0.208,0.099,0.0175));
#16331=CARTESIAN_POINT('',(0.208,0.099,0.0335));
#16332=CARTESIAN_POINT('',(0.208,0.,0.0335));
#16333=CARTESIAN_POINT('',(0.208,0.,0.0335));
#16334=CARTESIAN_POINT('',(0.208,0.099,0.0335));
#16335=CARTESIAN_POINT('',(0.208,0.099,0.0335));
#16336=CARTESIAN_POINT('',(0.208,0.099,0.0335));
#16337=CARTESIAN_POINT('',(0.142,0.099,-0.0325));
#16338=CARTESIAN_POINT('',(0.142,0.,-0.0325));
#16339=CARTESIAN_POINT('',(0.142,0.,-0.0325));
#16340=CARTESIAN_POINT('',(0.142,0.,-0.0165));
#16341=CARTESIAN_POINT('',(0.142,0.099,-0.0325));
#16342=CARTESIAN_POINT('',(0.142,0.099,-0.0325));
#16343=CARTESIAN_POINT('',(0.142,0.099,-0.0325));
#16344=CARTESIAN_POINT('',(0.142,0.099,-0.0165));
#16345=CARTESIAN_POINT('',(0.142,0.099,-0.0165));
#16346=CARTESIAN_POINT('',(0.158,0.099,-0.0325));
#16347=CARTESIAN_POINT('',(0.158,0.,-0.0325));
#16348=CARTESIAN_POINT('',(0.158,0.,-0.0325));
#16349=CARTESIAN_POINT('',(0.158,0.099,-0.0325));
#16350=CARTESIAN_POINT('',(0.158,0.099,-0.0325));
#16351=CARTESIAN_POINT('',(0.158,0.099,-0.0325));
#16352=CARTESIAN_POINT('',(0.158,0.099,-0.0165));
#16353=CARTESIAN_POINT('',(0.158,0.,-0.0165));
#16354=CARTESIAN_POINT('',(0.158,0.,-0.0165));
#16355=CARTESIAN_POINT('',(0.158,0.099,-0.0165));
#16356=CARTESIAN_POINT('',(0.158,0.099,-0.0165));
#16357=CARTESIAN_POINT('',(0.158,0.099,-0.0165));
#16358=CARTESIAN_POINT('',(0.142,0.099,0.0175));
#16359=CARTESIAN_POINT('',(0.142,0.,0.0175));
#16360=CARTESIAN_POINT('',(0.142,0.,0.0175));
#16361=CARTESIAN_POINT('',(0.142,0.,0.0335));
#16362=CARTESIAN_POINT('',(0.142,0.099,0.0175));
#16363=CARTESIAN_POINT('',(0.142,0.099,0.0175));
#16364=CARTESIAN_POINT('',(0.142,0.099,0.0175));
#16365=CARTESIAN_POINT('',(0.142,0.099,0.0335));
#16366=CARTESIAN_POINT('',(0.142,0.099,0.0335));
#16367=CARTESIAN_POINT('',(0.158,0.099,0.0175));
#16368=CARTESIAN_POINT('',(0.158,0.,0.0175));
#16369=CARTESIAN_POINT('',(0.158,0.,0.0175));
#16370=CARTESIAN_POINT('',(0.158,0.099,0.0175));
#16371=CARTESIAN_POINT('',(0.158,0.099,0.0175));
#16372=CARTESIAN_POINT('',(0.158,0.099,0.0175));
#16373=CARTESIAN_POINT('',(0.158,0.099,0.0335));
#16374=CARTESIAN_POINT('',(0.158,0.,0.0335));
#16375=CARTESIAN_POINT('',(0.158,0.,0.0335));
#16376=CARTESIAN_POINT('',(0.158,0.099,0.0335));
#16377=CARTESIAN_POINT('',(0.158,0.099,0.0335));
#16378=CARTESIAN_POINT('',(0.158,0.099,0.0335));
#16379=CARTESIAN_POINT('',(0.108,0.099,-0.0325));
#16380=CARTESIAN_POINT('',(0.100000000000003,0.099,-0.0325));
#16381=CARTESIAN_POINT('',(0.100000000000003,0.,-0.0325));
#16382=CARTESIAN_POINT('',(0.100000000000003,0.005,-0.0325));
#16383=CARTESIAN_POINT('',(0.108,0.,-0.0325));
#16384=CARTESIAN_POINT('',(0.108,0.,-0.0325));
#16385=CARTESIAN_POINT('',(0.108,0.099,-0.0325));
#16386=CARTESIAN_POINT('',(0.108,0.099,-0.0325));
#16387=CARTESIAN_POINT('',(0.108,0.099,-0.0325));
#16388=CARTESIAN_POINT('',(0.108,0.005,-0.0325));
#16389=CARTESIAN_POINT('',(0.108,0.099,-0.0165));
#16390=CARTESIAN_POINT('',(0.108,0.,-0.0165));
#16391=CARTESIAN_POINT('',(0.108,0.,-0.0165));
#16392=CARTESIAN_POINT('',(0.108,0.099,-0.0165));
#16393=CARTESIAN_POINT('',(0.108,0.099,-0.0165));
#16394=CARTESIAN_POINT('',(0.108,0.099,-0.0165));
#16395=CARTESIAN_POINT('',(0.108,0.099,0.0175));
#16396=CARTESIAN_POINT('',(0.100000000000002,0.099,0.0175));
#16397=CARTESIAN_POINT('',(0.100000000000002,0.,0.0175));
#16398=CARTESIAN_POINT('',(0.100000000000002,0.005,0.0175));
#16399=CARTESIAN_POINT('',(0.108,0.,0.0175));
#16400=CARTESIAN_POINT('',(0.108,0.,0.0175));
#16401=CARTESIAN_POINT('',(0.108,0.099,0.0175));
#16402=CARTESIAN_POINT('',(0.108,0.099,0.0175));
#16403=CARTESIAN_POINT('',(0.108,0.099,0.0175));
#16404=CARTESIAN_POINT('',(0.108,0.005,0.0175));
#16405=CARTESIAN_POINT('',(0.108,0.099,0.0335));
#16406=CARTESIAN_POINT('',(0.108,0.,0.0335));
#16407=CARTESIAN_POINT('',(0.108,0.,0.0335));
#16408=CARTESIAN_POINT('',(0.108,0.099,0.0335));
#16409=CARTESIAN_POINT('',(0.108,0.099,0.0335));
#16410=CARTESIAN_POINT('',(0.108,0.099,0.0335));
#16411=CARTESIAN_POINT('',(-0.108,0.099,-0.0325));
#16412=CARTESIAN_POINT('',(-0.108,0.,-0.0325));
#16413=CARTESIAN_POINT('',(-0.108,0.,-0.0325));
#16414=CARTESIAN_POINT('',(-0.108,0.,-0.0165));
#16415=CARTESIAN_POINT('',(-0.108,0.099,-0.0325));
#16416=CARTESIAN_POINT('',(-0.108,0.099,-0.0325));
#16417=CARTESIAN_POINT('',(-0.108,0.099,-0.0325));
#16418=CARTESIAN_POINT('',(-0.108,0.099,-0.0165));
#16419=CARTESIAN_POINT('',(-0.108,0.099,-0.0165));
#16420=CARTESIAN_POINT('',(-0.092,0.099,-0.0325));
#16421=CARTESIAN_POINT('',(-0.1,0.099,-0.0325));
#16422=CARTESIAN_POINT('',(-0.1,0.005,-0.0325));
#16423=CARTESIAN_POINT('',(-0.1,0.,-0.0325));
#16424=CARTESIAN_POINT('',(-0.092,0.005,-0.0325));
#16425=CARTESIAN_POINT('',(-0.092,0.099,-0.0325));
#16426=CARTESIAN_POINT('',(-0.092,0.,-0.0325));
#16427=CARTESIAN_POINT('',(-0.108,0.099,0.0175));
#16428=CARTESIAN_POINT('',(-0.108,0.,0.0175));
#16429=CARTESIAN_POINT('',(-0.108,0.,0.0175));
#16430=CARTESIAN_POINT('',(-0.108,0.,0.0335));
#16431=CARTESIAN_POINT('',(-0.108,0.099,0.0175));
#16432=CARTESIAN_POINT('',(-0.108,0.099,0.0175));
#16433=CARTESIAN_POINT('',(-0.108,0.099,0.0175));
#16434=CARTESIAN_POINT('',(-0.108,0.099,0.0335));
#16435=CARTESIAN_POINT('',(-0.108,0.099,0.0335));
#16436=CARTESIAN_POINT('',(-0.092,0.099,0.0175));
#16437=CARTESIAN_POINT('',(-0.1,0.099,0.0175));
#16438=CARTESIAN_POINT('',(-0.1,0.005,0.0175));
#16439=CARTESIAN_POINT('',(-0.1,0.,0.0175));
#16440=CARTESIAN_POINT('',(-0.092,0.005,0.0175));
#16441=CARTESIAN_POINT('',(-0.092,0.099,0.0175));
#16442=CARTESIAN_POINT('',(-0.092,0.,0.0175));
#16443=CARTESIAN_POINT('',(-0.158,0.099,-0.0325));
#16444=CARTESIAN_POINT('',(-0.158,0.,-0.0325));
#16445=CARTESIAN_POINT('',(-0.158,0.,-0.0325));
#16446=CARTESIAN_POINT('',(-0.158,0.,-0.0165));
#16447=CARTESIAN_POINT('',(-0.158,0.099,-0.0325));
#16448=CARTESIAN_POINT('',(-0.158,0.099,-0.0325));
#16449=CARTESIAN_POINT('',(-0.158,0.099,-0.0325));
#16450=CARTESIAN_POINT('',(-0.158,0.099,-0.0165));
#16451=CARTESIAN_POINT('',(-0.158,0.099,-0.0165));
#16452=CARTESIAN_POINT('',(-0.142,0.099,-0.0325));
#16453=CARTESIAN_POINT('',(-0.142,0.,-0.0325));
#16454=CARTESIAN_POINT('',(-0.142,0.,-0.0325));
#16455=CARTESIAN_POINT('',(-0.142,0.099,-0.0325));
#16456=CARTESIAN_POINT('',(-0.142,0.099,-0.0325));
#16457=CARTESIAN_POINT('',(-0.142,0.099,-0.0325));
#16458=CARTESIAN_POINT('',(-0.142,0.099,-0.0165));
#16459=CARTESIAN_POINT('',(-0.142,0.,-0.0165));
#16460=CARTESIAN_POINT('',(-0.142,0.,-0.0165));
#16461=CARTESIAN_POINT('',(-0.142,0.099,-0.0165));
#16462=CARTESIAN_POINT('',(-0.142,0.099,-0.0165));
#16463=CARTESIAN_POINT('',(-0.142,0.099,-0.0165));
#16464=CARTESIAN_POINT('',(-0.158,0.099,0.0175));
#16465=CARTESIAN_POINT('',(-0.158,0.,0.0175));
#16466=CARTESIAN_POINT('',(-0.158,0.,0.0175));
#16467=CARTESIAN_POINT('',(-0.158,0.,0.0335));
#16468=CARTESIAN_POINT('',(-0.158,0.099,0.0175));
#16469=CARTESIAN_POINT('',(-0.158,0.099,0.0175));
#16470=CARTESIAN_POINT('',(-0.158,0.099,0.0175));
#16471=CARTESIAN_POINT('',(-0.158,0.099,0.0335));
#16472=CARTESIAN_POINT('',(-0.158,0.099,0.0335));
#16473=CARTESIAN_POINT('',(-0.142,0.099,0.0175));
#16474=CARTESIAN_POINT('',(-0.142,0.,0.0175));
#16475=CARTESIAN_POINT('',(-0.142,0.,0.0175));
#16476=CARTESIAN_POINT('',(-0.142,0.099,0.0175));
#16477=CARTESIAN_POINT('',(-0.142,0.099,0.0175));
#16478=CARTESIAN_POINT('',(-0.142,0.099,0.0175));
#16479=CARTESIAN_POINT('',(-0.142,0.099,0.0335));
#16480=CARTESIAN_POINT('',(-0.142,0.,0.0335));
#16481=CARTESIAN_POINT('',(-0.142,0.,0.0335));
#16482=CARTESIAN_POINT('',(-0.142,0.099,0.0335));
#16483=CARTESIAN_POINT('',(-0.142,0.099,0.0335));
#16484=CARTESIAN_POINT('',(-0.142,0.099,0.0335));
#16485=CARTESIAN_POINT('',(-0.208,0.099,-0.0325));
#16486=CARTESIAN_POINT('',(-0.208,0.,-0.0325));
#16487=CARTESIAN_POINT('',(-0.208,0.,-0.0325));
#16488=CARTESIAN_POINT('',(-0.208,0.,-0.0165));
#16489=CARTESIAN_POINT('',(-0.208,0.099,-0.0325));
#16490=CARTESIAN_POINT('',(-0.208,0.099,-0.0325));
#16491=CARTESIAN_POINT('',(-0.208,0.099,-0.0325));
#16492=CARTESIAN_POINT('',(-0.208,0.099,-0.0165));
#16493=CARTESIAN_POINT('',(-0.208,0.099,-0.0165));
#16494=CARTESIAN_POINT('',(-0.192,0.099,-0.0325));
#16495=CARTESIAN_POINT('',(-0.192,0.,-0.0325));
#16496=CARTESIAN_POINT('',(-0.192,0.,-0.0325));
#16497=CARTESIAN_POINT('',(-0.192,0.099,-0.0325));
#16498=CARTESIAN_POINT('',(-0.192,0.099,-0.0325));
#16499=CARTESIAN_POINT('',(-0.192,0.099,-0.0325));
#16500=CARTESIAN_POINT('',(-0.192,0.099,-0.0165));
#16501=CARTESIAN_POINT('',(-0.192,0.,-0.0165));
#16502=CARTESIAN_POINT('',(-0.192,0.,-0.0165));
#16503=CARTESIAN_POINT('',(-0.192,0.099,-0.0165));
#16504=CARTESIAN_POINT('',(-0.192,0.099,-0.0165));
#16505=CARTESIAN_POINT('',(-0.192,0.099,-0.0165));
#16506=CARTESIAN_POINT('',(-0.208,0.099,0.0175));
#16507=CARTESIAN_POINT('',(-0.208,0.,0.0175));
#16508=CARTESIAN_POINT('',(-0.208,0.,0.0175));
#16509=CARTESIAN_POINT('',(-0.208,0.,0.0335));
#16510=CARTESIAN_POINT('',(-0.208,0.099,0.0175));
#16511=CARTESIAN_POINT('',(-0.208,0.099,0.0175));
#16512=CARTESIAN_POINT('',(-0.208,0.099,0.0175));
#16513=CARTESIAN_POINT('',(-0.208,0.099,0.0335));
#16514=CARTESIAN_POINT('',(-0.208,0.099,0.0335));
#16515=CARTESIAN_POINT('',(-0.192,0.099,0.0175));
#16516=CARTESIAN_POINT('',(-0.192,0.,0.0175));
#16517=CARTESIAN_POINT('',(-0.192,0.,0.0175));
#16518=CARTESIAN_POINT('',(-0.192,0.099,0.0175));
#16519=CARTESIAN_POINT('',(-0.192,0.099,0.0175));
#16520=CARTESIAN_POINT('',(-0.192,0.099,0.0175));
#16521=CARTESIAN_POINT('',(-0.192,0.099,0.0335));
#16522=CARTESIAN_POINT('',(-0.192,0.,0.0335));
#16523=CARTESIAN_POINT('',(-0.192,0.,0.0335));
#16524=CARTESIAN_POINT('',(-0.192,0.099,0.0335));
#16525=CARTESIAN_POINT('',(-0.192,0.099,0.0335));
#16526=CARTESIAN_POINT('',(-0.192,0.099,0.0335));
#16527=CARTESIAN_POINT('',(-0.258,0.099,-0.0325));
#16528=CARTESIAN_POINT('',(-0.258,0.,-0.0325));
#16529=CARTESIAN_POINT('',(-0.258,0.,-0.0325));
#16530=CARTESIAN_POINT('',(-0.258,0.,-0.0165));
#16531=CARTESIAN_POINT('',(-0.258,0.099,-0.0325));
#16532=CARTESIAN_POINT('',(-0.258,0.099,-0.0325));
#16533=CARTESIAN_POINT('',(-0.258,0.099,-0.0325));
#16534=CARTESIAN_POINT('',(-0.258,0.099,-0.0165));
#16535=CARTESIAN_POINT('',(-0.258,0.099,-0.0165));
#16536=CARTESIAN_POINT('',(-0.242,0.099,-0.0325));
#16537=CARTESIAN_POINT('',(-0.242,0.,-0.0325));
#16538=CARTESIAN_POINT('',(-0.242,0.,-0.0325));
#16539=CARTESIAN_POINT('',(-0.242,0.099,-0.0325));
#16540=CARTESIAN_POINT('',(-0.242,0.099,-0.0325));
#16541=CARTESIAN_POINT('',(-0.242,0.099,-0.0325));
#16542=CARTESIAN_POINT('',(-0.242,0.099,-0.0165));
#16543=CARTESIAN_POINT('',(-0.242,0.,-0.0165));
#16544=CARTESIAN_POINT('',(-0.242,0.,-0.0165));
#16545=CARTESIAN_POINT('',(-0.242,0.099,-0.0165));
#16546=CARTESIAN_POINT('',(-0.242,0.099,-0.0165));
#16547=CARTESIAN_POINT('',(-0.242,0.099,-0.0165));
#16548=CARTESIAN_POINT('',(-0.258,0.099,0.0175));
#16549=CARTESIAN_POINT('',(-0.258,0.,0.0175));
#16550=CARTESIAN_POINT('',(-0.258,0.,0.0175));
#16551=CARTESIAN_POINT('',(-0.258,0.,0.0335));
#16552=CARTESIAN_POINT('',(-0.258,0.099,0.0175));
#16553=CARTESIAN_POINT('',(-0.258,0.099,0.0175));
#16554=CARTESIAN_POINT('',(-0.258,0.099,0.0175));
#16555=CARTESIAN_POINT('',(-0.258,0.099,0.0335));
#16556=CARTESIAN_POINT('',(-0.258,0.099,0.0335));
#16557=CARTESIAN_POINT('',(-0.242,0.099,0.0175));
#16558=CARTESIAN_POINT('',(-0.242,0.,0.0175));
#16559=CARTESIAN_POINT('',(-0.242,0.,0.0175));
#16560=CARTESIAN_POINT('',(-0.242,0.099,0.0175));
#16561=CARTESIAN_POINT('',(-0.242,0.099,0.0175));
#16562=CARTESIAN_POINT('',(-0.242,0.099,0.0175));
#16563=CARTESIAN_POINT('',(-0.242,0.099,0.0335));
#16564=CARTESIAN_POINT('',(-0.242,0.,0.0335));
#16565=CARTESIAN_POINT('',(-0.242,0.,0.0335));
#16566=CARTESIAN_POINT('',(-0.242,0.099,0.0335));
#16567=CARTESIAN_POINT('',(-0.242,0.099,0.0335));
#16568=CARTESIAN_POINT('',(-0.242,0.099,0.0335));
#16569=CARTESIAN_POINT('',(-0.308,0.099,-0.0325));
#16570=CARTESIAN_POINT('',(-0.308,0.,-0.0325));
#16571=CARTESIAN_POINT('',(-0.308,0.,-0.0325));
#16572=CARTESIAN_POINT('',(-0.308,0.,-0.0165));
#16573=CARTESIAN_POINT('',(-0.308,0.099,-0.0325));
#16574=CARTESIAN_POINT('',(-0.308,0.099,-0.0325));
#16575=CARTESIAN_POINT('',(-0.308,0.099,-0.0325));
#16576=CARTESIAN_POINT('',(-0.308,0.099,-0.0165));
#16577=CARTESIAN_POINT('',(-0.308,0.099,-0.0165));
#16578=CARTESIAN_POINT('',(-0.292,0.099,-0.0325));
#16579=CARTESIAN_POINT('',(-0.292,0.,-0.0325));
#16580=CARTESIAN_POINT('',(-0.292,0.,-0.0325));
#16581=CARTESIAN_POINT('',(-0.292,0.099,-0.0325));
#16582=CARTESIAN_POINT('',(-0.292,0.099,-0.0325));
#16583=CARTESIAN_POINT('',(-0.292,0.099,-0.0325));
#16584=CARTESIAN_POINT('',(-0.292,0.099,-0.0165));
#16585=CARTESIAN_POINT('',(-0.292,0.,-0.0165));
#16586=CARTESIAN_POINT('',(-0.292,0.,-0.0165));
#16587=CARTESIAN_POINT('',(-0.292,0.099,-0.0165));
#16588=CARTESIAN_POINT('',(-0.292,0.099,-0.0165));
#16589=CARTESIAN_POINT('',(-0.292,0.099,-0.0165));
#16590=CARTESIAN_POINT('',(-0.308,0.099,0.0175));
#16591=CARTESIAN_POINT('',(-0.308,0.,0.0175));
#16592=CARTESIAN_POINT('',(-0.308,0.,0.0175));
#16593=CARTESIAN_POINT('',(-0.308,0.,0.0335));
#16594=CARTESIAN_POINT('',(-0.308,0.099,0.0175));
#16595=CARTESIAN_POINT('',(-0.308,0.099,0.0175));
#16596=CARTESIAN_POINT('',(-0.308,0.099,0.0175));
#16597=CARTESIAN_POINT('',(-0.308,0.099,0.0335));
#16598=CARTESIAN_POINT('',(-0.308,0.099,0.0335));
#16599=CARTESIAN_POINT('',(-0.292,0.099,0.0175));
#16600=CARTESIAN_POINT('',(-0.292,0.,0.0175));
#16601=CARTESIAN_POINT('',(-0.292,0.,0.0175));
#16602=CARTESIAN_POINT('',(-0.292,0.099,0.0175));
#16603=CARTESIAN_POINT('',(-0.292,0.099,0.0175));
#16604=CARTESIAN_POINT('',(-0.292,0.099,0.0175));
#16605=CARTESIAN_POINT('',(-0.292,0.099,0.0335));
#16606=CARTESIAN_POINT('',(-0.292,0.,0.0335));
#16607=CARTESIAN_POINT('',(-0.292,0.,0.0335));
#16608=CARTESIAN_POINT('',(-0.292,0.099,0.0335));
#16609=CARTESIAN_POINT('',(-0.292,0.099,0.0335));
#16610=CARTESIAN_POINT('',(-0.292,0.099,0.0335));
#16611=CARTESIAN_POINT('',(0.292,0.099,-0.0165));
#16612=CARTESIAN_POINT('',(0.292,0.,-0.0165));
#16613=CARTESIAN_POINT('',(0.292,0.099,-0.0165));
#16614=CARTESIAN_POINT('',(0.292,0.099,0.0335));
#16615=CARTESIAN_POINT('',(0.292,0.,0.0335));
#16616=CARTESIAN_POINT('',(0.292,0.099,0.0335));
#16617=CARTESIAN_POINT('',(0.242,0.099,-0.0165));
#16618=CARTESIAN_POINT('',(0.242,0.,-0.0165));
#16619=CARTESIAN_POINT('',(0.242,0.099,-0.0165));
#16620=CARTESIAN_POINT('',(0.242,0.099,0.0335));
#16621=CARTESIAN_POINT('',(0.242,0.,0.0335));
#16622=CARTESIAN_POINT('',(0.242,0.099,0.0335));
#16623=CARTESIAN_POINT('',(0.192,0.099,-0.0165));
#16624=CARTESIAN_POINT('',(0.192,0.,-0.0165));
#16625=CARTESIAN_POINT('',(0.192,0.099,-0.0165));
#16626=CARTESIAN_POINT('',(0.192,0.099,0.0335));
#16627=CARTESIAN_POINT('',(0.192,0.,0.0335));
#16628=CARTESIAN_POINT('',(0.192,0.099,0.0335));
#16629=CARTESIAN_POINT('',(0.142,0.099,-0.0165));
#16630=CARTESIAN_POINT('',(0.142,0.,-0.0165));
#16631=CARTESIAN_POINT('',(0.142,0.099,-0.0165));
#16632=CARTESIAN_POINT('',(0.142,0.099,0.0335));
#16633=CARTESIAN_POINT('',(0.142,0.,0.0335));
#16634=CARTESIAN_POINT('',(0.142,0.099,0.0335));
#16635=CARTESIAN_POINT('',(0.092,0.099,-0.0165));
#16636=CARTESIAN_POINT('',(0.100000000000003,0.099,-0.0165));
#16637=CARTESIAN_POINT('',(0.100000000000003,0.005,-0.0165));
#16638=CARTESIAN_POINT('',(0.100000000000002,0.,-0.0165));
#16639=CARTESIAN_POINT('',(0.092,0.005,-0.0165));
#16640=CARTESIAN_POINT('',(0.092,0.099,-0.0165));
#16641=CARTESIAN_POINT('',(0.092,0.,-0.0165));
#16642=CARTESIAN_POINT('',(0.092,0.099,0.0335));
#16643=CARTESIAN_POINT('',(0.100000000000001,0.099,0.0335));
#16644=CARTESIAN_POINT('',(0.100000000000001,0.005,0.0335));
#16645=CARTESIAN_POINT('',(0.100000000000002,0.,0.0335));
#16646=CARTESIAN_POINT('',(0.092,0.005,0.0335));
#16647=CARTESIAN_POINT('',(0.092,0.099,0.0335));
#16648=CARTESIAN_POINT('',(0.092,0.,0.0335));
#16649=CARTESIAN_POINT('',(-0.108,0.099,-0.0165));
#16650=CARTESIAN_POINT('',(-0.1,0.099,-0.0165));
#16651=CARTESIAN_POINT('',(-0.1,0.,-0.0165));
#16652=CARTESIAN_POINT('',(-0.1,0.005,-0.0165));
#16653=CARTESIAN_POINT('',(-0.108,0.,-0.0165));
#16654=CARTESIAN_POINT('',(-0.108,0.099,-0.0165));
#16655=CARTESIAN_POINT('',(-0.108,0.005,-0.0165));
#16656=CARTESIAN_POINT('',(-0.108,0.099,0.0335));
#16657=CARTESIAN_POINT('',(-0.1,0.099,0.0335));
#16658=CARTESIAN_POINT('',(-0.1,0.,0.0335));
#16659=CARTESIAN_POINT('',(-0.1,0.005,0.0335));
#16660=CARTESIAN_POINT('',(-0.108,0.,0.0335));
#16661=CARTESIAN_POINT('',(-0.108,0.099,0.0335));
#16662=CARTESIAN_POINT('',(-0.108,0.005,0.0335));
#16663=CARTESIAN_POINT('',(-0.158,0.099,-0.0165));
#16664=CARTESIAN_POINT('',(-0.158,0.,-0.0165));
#16665=CARTESIAN_POINT('',(-0.158,0.099,-0.0165));
#16666=CARTESIAN_POINT('',(-0.158,0.099,0.0335));
#16667=CARTESIAN_POINT('',(-0.158,0.,0.0335));
#16668=CARTESIAN_POINT('',(-0.158,0.099,0.0335));
#16669=CARTESIAN_POINT('',(-0.208,0.099,-0.0165));
#16670=CARTESIAN_POINT('',(-0.208,0.,-0.0165));
#16671=CARTESIAN_POINT('',(-0.208,0.099,-0.0165));
#16672=CARTESIAN_POINT('',(-0.208,0.099,0.0335));
#16673=CARTESIAN_POINT('',(-0.208,0.,0.0335));
#16674=CARTESIAN_POINT('',(-0.208,0.099,0.0335));
#16675=CARTESIAN_POINT('',(-0.258,0.099,-0.0165));
#16676=CARTESIAN_POINT('',(-0.258,0.,-0.0165));
#16677=CARTESIAN_POINT('',(-0.258,0.099,-0.0165));
#16678=CARTESIAN_POINT('',(-0.258,0.099,0.0335));
#16679=CARTESIAN_POINT('',(-0.258,0.,0.0335));
#16680=CARTESIAN_POINT('',(-0.258,0.099,0.0335));
#16681=CARTESIAN_POINT('',(-0.308,0.099,-0.0165));
#16682=CARTESIAN_POINT('',(-0.308,0.,-0.0165));
#16683=CARTESIAN_POINT('',(-0.308,0.099,-0.0165));
#16684=CARTESIAN_POINT('',(-0.308,0.099,0.0335));
#16685=CARTESIAN_POINT('',(-0.308,0.,0.0335));
#16686=CARTESIAN_POINT('',(-0.308,0.099,0.0335));
#16687=CARTESIAN_POINT('',(0.325,0.099,-0.0675));
#16688=CARTESIAN_POINT('',(0.325,0.0745,-0.067500000000002));
#16689=CARTESIAN_POINT('',(0.1,0.0745,-0.067500000000002));
#16690=CARTESIAN_POINT('',(0.1,0.225,-0.0675));
#16691=CARTESIAN_POINT('',(0.1,0.099,-0.0675));
#16692=CARTESIAN_POINT('',(0.325,0.099,-0.0675));
#16693=CARTESIAN_POINT('',(0.,0.099,0.));
#16694=CARTESIAN_POINT('',(-0.0425,0.099,0.2925));
#16695=CARTESIAN_POINT('',(0.0425,0.099,0.2925));
#16696=CARTESIAN_POINT('',(0.,0.099,-0.0675));
#16697=CARTESIAN_POINT('',(0.,0.,0.));
#16698=CARTESIAN_POINT('',(-0.1,0.,0.1));
#16699=CARTESIAN_POINT('',(-0.1,0.,0.1));
#16700=CARTESIAN_POINT('',(0.100000000000005,0.,-0.1));
#16701=CARTESIAN_POINT('',(0.100000000000005,0.,-0.1));
#16702=CARTESIAN_POINT('',(0.100000000000005,0.,-0.1));
#16703=CARTESIAN_POINT('',(-0.1,0.,0.1));
#16704=CARTESIAN_POINT('',(-0.1,0.,0.1));
#16705=CARTESIAN_POINT('',(-0.1,0.,-0.1));
#16706=CARTESIAN_POINT('',(-0.1,0.,-0.1));
#16707=CARTESIAN_POINT('',(0.100000000000005,0.,-0.1));
#16708=CARTESIAN_POINT('',(0.100000000000005,0.,-0.1));
#16709=CARTESIAN_POINT('',(0.325,0.0745,0.0575));
#16710=CARTESIAN_POINT('',(0.325,0.0245,0.0575));
#16711=CARTESIAN_POINT('',(0.325,0.0745,0.0575));
#16712=CARTESIAN_POINT('',(0.325,0.0245,0.0575));
#16713=CARTESIAN_POINT('',(0.325,0.0245,0.0675));
#16714=CARTESIAN_POINT('',(0.325,0.0745,0.067500000000002));
#16715=CARTESIAN_POINT('',(0.325,0.0745,0.0675));
#16716=CARTESIAN_POINT('',(0.325,0.0245,-0.067500000000002));
#16717=CARTESIAN_POINT('',(0.325,0.0245,-0.0575));
#16718=CARTESIAN_POINT('',(0.325,0.0245,-0.0675));
#16719=CARTESIAN_POINT('',(0.325,0.0245,-0.0575));
#16720=CARTESIAN_POINT('',(0.325,0.0745,-0.0575));
#16721=CARTESIAN_POINT('',(0.325,0.0745,-0.0575));
#16722=CARTESIAN_POINT('',(0.325,0.0745,-0.0675));
#16723=CARTESIAN_POINT('',(0.,0.005,0.));
#16724=CARTESIAN_POINT('',(-0.1,0.005,0.1));
#16725=CARTESIAN_POINT('',(-0.1,0.005,0.1));
#16726=CARTESIAN_POINT('',(0.,0.005,0.));
#16727=CARTESIAN_POINT('',(-0.1,0.005,0.1));
#16728=CARTESIAN_POINT('',(-0.1,0.005,0.1));
#16729=CARTESIAN_POINT('',(0.,0.005,0.));
#16730=CARTESIAN_POINT('',(0.,0.005,0.));
#16731=CARTESIAN_POINT('',(0.,0.005,0.));
#16732=CARTESIAN_POINT('',(0.,0.005,0.));
#16733=CARTESIAN_POINT('',(0.,0.005,0.));
#16734=CARTESIAN_POINT('',(0.,0.005,0.));
#16735=CARTESIAN_POINT('',(0.,0.005,0.));
#16736=CARTESIAN_POINT('',(0.100000000000005,0.005,-0.1));
#16737=CARTESIAN_POINT('',(0.100000000000005,0.005,-0.1));
#16738=CARTESIAN_POINT('',(0.,0.005,0.));
#16739=CARTESIAN_POINT('',(0.100000000000005,0.005,-0.1));
#16740=CARTESIAN_POINT('',(0.100000000000005,0.005,-0.1));
#16741=CARTESIAN_POINT('',(0.100000000000005,0.005,-0.1));
#16742=CARTESIAN_POINT('',(0.1,0.225,0.0675));
#16743=CARTESIAN_POINT('',(-0.1,0.005,0.1));
#16744=CARTESIAN_POINT('',(-0.1,0.225,0.0675));
#16745=CARTESIAN_POINT('',(-0.1,0.005,0.1));
#16746=CARTESIAN_POINT('',(-0.1,0.225,-0.0675));
#16747=CARTESIAN_POINT('',(-0.1,0.225,-0.0675));
#16748=CARTESIAN_POINT('',(-0.1,0.225,-0.0675));
#16749=CARTESIAN_POINT('',(-0.1,0.225,-0.0675));
#16750=CARTESIAN_POINT('',(-0.1,0.225,-0.1));
#16751=CARTESIAN_POINT('',(-0.1,0.005,-0.1));
#16752=CARTESIAN_POINT('',(0.100000000000005,0.005,-0.1));
#16753=CARTESIAN_POINT('',(0.100000000000005,0.005,-0.1));
#16754=CARTESIAN_POINT('',(0.1,0.225,-0.1));
#16755=CARTESIAN_POINT('',(0.1,0.225,-0.1));
#16756=CARTESIAN_POINT('',(0.1,0.225,-0.0675));
#16757=CARTESIAN_POINT('',(0.1,0.225,-0.0675));
#16758=CARTESIAN_POINT('',(0.1,0.225,-0.0675));
#16759=CARTESIAN_POINT('',(-0.1,0.005,-0.1));
#16760=CARTESIAN_POINT('',(-0.1,0.225,-0.1));
#16761=CARTESIAN_POINT('',(0.1,0.225,-0.0675));
#16762=CARTESIAN_POINT('',(0.1,0.225,-0.0675));
#16763=CARTESIAN_POINT('',(0.1,0.225,-0.0675));
#16764=CARTESIAN_POINT('',(0.,0.225,0.));
#16765=CARTESIAN_POINT('',(-0.1,0.225,0.0675));
#16766=CARTESIAN_POINT('',(-0.0525,0.225,0.2925));
#16767=CARTESIAN_POINT('',(-0.0425,0.205,0.2925));
#16768=CARTESIAN_POINT('',(-0.0425,0.205,0.2925));
#16769=CARTESIAN_POINT('',(0.0425,0.099,0.2925));
#16770=CARTESIAN_POINT('',(0.0425,0.205,0.2925));
#16771=CARTESIAN_POINT('',(0.0425,0.205,0.2925));
#16772=CARTESIAN_POINT('',(0.,0.,0.));
#16773=CARTESIAN_POINT('',(0.308,0.21,-0.032999999999998));
#16774=CARTESIAN_POINT('',(-0.292,0.21,-0.032999999999998));
#16775=CARTESIAN_POINT('',(-0.292,0.099,-0.032999999999998));
#16776=CARTESIAN_POINT('',(-0.292,0.21,-0.0329999999999981));
#16777=CARTESIAN_POINT('',(0.308,0.099,-0.032999999999998));
#16778=CARTESIAN_POINT('',(-0.308,0.099,-0.032999999999998));
#16779=CARTESIAN_POINT('',(-0.308,0.21,-0.032999999999998));
#16780=CARTESIAN_POINT('',(-0.308,0.21,-0.032999999999998));
#16781=CARTESIAN_POINT('',(0.308,0.21,-0.032999999999998));
#16782=CARTESIAN_POINT('',(0.308,0.21,-0.032999999999998));
#16783=CARTESIAN_POINT('',(-0.258,0.21,-0.032999999999998));
#16784=CARTESIAN_POINT('',(-0.258,0.21,-0.032999999999998));
#16785=CARTESIAN_POINT('',(-0.258,0.099,-0.032999999999998));
#16786=CARTESIAN_POINT('',(0.308,0.21,-0.032999999999998));
#16787=CARTESIAN_POINT('',(-0.242,0.21,-0.0329999999999979));
#16788=CARTESIAN_POINT('',(-0.242,0.21,-0.032999999999998));
#16789=CARTESIAN_POINT('',(-0.242,0.099,-0.032999999999998));
#16790=CARTESIAN_POINT('',(0.308,0.099,-0.032999999999998));
#16791=CARTESIAN_POINT('',(0.308,0.21,-0.032999999999998));
#16792=CARTESIAN_POINT('',(-0.208,0.21,-0.032999999999998));
#16793=CARTESIAN_POINT('',(-0.208,0.21,-0.032999999999998));
#16794=CARTESIAN_POINT('',(-0.208,0.099,-0.032999999999998));
#16795=CARTESIAN_POINT('',(0.308,0.21,-0.032999999999998));
#16796=CARTESIAN_POINT('',(-0.192,0.21,-0.032999999999998));
#16797=CARTESIAN_POINT('',(-0.192,0.21,-0.032999999999998));
#16798=CARTESIAN_POINT('',(-0.192,0.099,-0.032999999999998));
#16799=CARTESIAN_POINT('',(0.308,0.099,-0.032999999999998));
#16800=CARTESIAN_POINT('',(0.308,0.21,-0.032999999999998));
#16801=CARTESIAN_POINT('',(-0.158,0.21,-0.032999999999998));
#16802=CARTESIAN_POINT('',(-0.158,0.21,-0.032999999999998));
#16803=CARTESIAN_POINT('',(-0.158,0.099,-0.032999999999998));
#16804=CARTESIAN_POINT('',(0.308,0.21,-0.032999999999998));
#16805=CARTESIAN_POINT('',(-0.142,0.21,-0.0329999999999981));
#16806=CARTESIAN_POINT('',(-0.142,0.21,-0.032999999999998));
#16807=CARTESIAN_POINT('',(-0.142,0.099,-0.032999999999998));
#16808=CARTESIAN_POINT('',(0.308,0.099,-0.032999999999998));
#16809=CARTESIAN_POINT('',(0.308,0.21,-0.032999999999998));
#16810=CARTESIAN_POINT('',(-0.108,0.21,-0.032999999999998));
#16811=CARTESIAN_POINT('',(-0.108,0.21,-0.032999999999998));
#16812=CARTESIAN_POINT('',(-0.108,0.099,-0.032999999999998));
#16813=CARTESIAN_POINT('',(0.308,0.21,-0.032999999999998));
#16814=CARTESIAN_POINT('',(-0.092,0.21,-0.0329999999999982));
#16815=CARTESIAN_POINT('',(-0.0920000000000001,0.21,-0.032999999999998));
#16816=CARTESIAN_POINT('',(-0.0920000000000001,0.099,-0.032999999999998));
#16817=CARTESIAN_POINT('',(0.308,0.099,-0.032999999999998));
#16818=CARTESIAN_POINT('',(0.308,0.21,-0.032999999999998));
#16819=CARTESIAN_POINT('',(-0.058,0.21,-0.032999999999998));
#16820=CARTESIAN_POINT('',(-0.0580000000000001,0.21,-0.032999999999998));
#16821=CARTESIAN_POINT('',(-0.058,0.099,-0.032999999999998));
#16822=CARTESIAN_POINT('',(0.308,0.21,-0.032999999999998));
#16823=CARTESIAN_POINT('',(-0.0420000000000001,0.21,-0.0329999999999981));
#16824=CARTESIAN_POINT('',(-0.0420000000000001,0.21,-0.032999999999998));
#16825=CARTESIAN_POINT('',(-0.0420000000000001,0.099,-0.032999999999998));
#16826=CARTESIAN_POINT('',(0.308,0.099,-0.032999999999998));
#16827=CARTESIAN_POINT('',(0.308,0.21,-0.032999999999998));
#16828=CARTESIAN_POINT('',(-0.00800000000000009,0.21,-0.032999999999998));
#16829=CARTESIAN_POINT('',(-0.00800000000000007,0.21,-0.032999999999998));
#16830=CARTESIAN_POINT('',(-0.00800000000000009,0.099,-0.032999999999998));
#16831=CARTESIAN_POINT('',(0.308,0.21,-0.032999999999998));
#16832=CARTESIAN_POINT('',(0.00799999999999993,0.21,-0.032999999999998));
#16833=CARTESIAN_POINT('',(0.00799999999999992,0.21,-0.032999999999998));
#16834=CARTESIAN_POINT('',(0.00799999999999992,0.099,-0.032999999999998));
#16835=CARTESIAN_POINT('',(0.308,0.099,-0.032999999999998));
#16836=CARTESIAN_POINT('',(0.308,0.21,-0.032999999999998));
#16837=CARTESIAN_POINT('',(0.0419999999999999,0.21,-0.032999999999998));
#16838=CARTESIAN_POINT('',(0.0419999999999999,0.21,-0.0329999999999981));
#16839=CARTESIAN_POINT('',(0.0419999999999999,0.099,-0.032999999999998));
#16840=CARTESIAN_POINT('',(0.308,0.21,-0.032999999999998));
#16841=CARTESIAN_POINT('',(0.0579999999999999,0.21,-0.0329999999999981));
#16842=CARTESIAN_POINT('',(0.0579999999999999,0.21,-0.032999999999998));
#16843=CARTESIAN_POINT('',(0.0579999999999999,0.099,-0.032999999999998));
#16844=CARTESIAN_POINT('',(0.308,0.099,-0.032999999999998));
#16845=CARTESIAN_POINT('',(0.308,0.21,-0.032999999999998));
#16846=CARTESIAN_POINT('',(0.0919999999999999,0.21,-0.032999999999998));
#16847=CARTESIAN_POINT('',(0.0919999999999999,0.21,-0.032999999999998));
#16848=CARTESIAN_POINT('',(0.0919999999999999,0.099,-0.032999999999998));
#16849=CARTESIAN_POINT('',(0.308,0.21,-0.032999999999998));
#16850=CARTESIAN_POINT('',(0.108,0.21,-0.032999999999998));
#16851=CARTESIAN_POINT('',(0.108,0.21,-0.032999999999998));
#16852=CARTESIAN_POINT('',(0.108,0.099,-0.032999999999998));
#16853=CARTESIAN_POINT('',(0.308,0.099,-0.032999999999998));
#16854=CARTESIAN_POINT('',(0.308,0.21,-0.032999999999998));
#16855=CARTESIAN_POINT('',(0.142,0.21,-0.032999999999998));
#16856=CARTESIAN_POINT('',(0.142,0.21,-0.032999999999998));
#16857=CARTESIAN_POINT('',(0.142,0.099,-0.032999999999998));
#16858=CARTESIAN_POINT('',(0.308,0.21,-0.032999999999998));
#16859=CARTESIAN_POINT('',(0.158,0.21,-0.032999999999998));
#16860=CARTESIAN_POINT('',(0.158,0.21,-0.032999999999998));
#16861=CARTESIAN_POINT('',(0.158,0.099,-0.032999999999998));
#16862=CARTESIAN_POINT('',(0.308,0.099,-0.032999999999998));
#16863=CARTESIAN_POINT('',(0.308,0.21,-0.032999999999998));
#16864=CARTESIAN_POINT('',(0.192,0.21,-0.032999999999998));
#16865=CARTESIAN_POINT('',(0.192,0.21,-0.032999999999998));
#16866=CARTESIAN_POINT('',(0.192,0.099,-0.032999999999998));
#16867=CARTESIAN_POINT('',(0.308,0.21,-0.032999999999998));
#16868=CARTESIAN_POINT('',(0.208,0.21,-0.032999999999998));
#16869=CARTESIAN_POINT('',(0.208,0.21,-0.032999999999998));
#16870=CARTESIAN_POINT('',(0.208,0.099,-0.032999999999998));
#16871=CARTESIAN_POINT('',(0.308,0.099,-0.032999999999998));
#16872=CARTESIAN_POINT('',(0.308,0.21,-0.032999999999998));
#16873=CARTESIAN_POINT('',(0.242,0.21,-0.032999999999998));
#16874=CARTESIAN_POINT('',(0.242,0.21,-0.032999999999998));
#16875=CARTESIAN_POINT('',(0.242,0.099,-0.032999999999998));
#16876=CARTESIAN_POINT('',(0.308,0.21,-0.032999999999998));
#16877=CARTESIAN_POINT('',(0.258,0.21,-0.032999999999998));
#16878=CARTESIAN_POINT('',(0.258,0.21,-0.032999999999998));
#16879=CARTESIAN_POINT('',(0.258,0.099,-0.032999999999998));
#16880=CARTESIAN_POINT('',(0.308,0.099,-0.032999999999998));
#16881=CARTESIAN_POINT('',(0.308,0.099,0.033000000000001));
#16882=CARTESIAN_POINT('',(-0.292,0.099,0.033000000000001));
#16883=CARTESIAN_POINT('',(-0.292,0.21,0.0330000000000009));
#16884=CARTESIAN_POINT('',(-0.292,0.099,0.033000000000001));
#16885=CARTESIAN_POINT('',(0.308,0.21,0.033000000000001));
#16886=CARTESIAN_POINT('',(-0.308,0.21,0.033000000000001));
#16887=CARTESIAN_POINT('',(-0.308,0.099,0.033000000000001));
#16888=CARTESIAN_POINT('',(-0.308,0.099,0.033000000000001));
#16889=CARTESIAN_POINT('',(0.308,0.099,0.033000000000001));
#16890=CARTESIAN_POINT('',(0.308,0.099,0.033000000000001));
#16891=CARTESIAN_POINT('',(-0.258,0.099,0.033000000000001));
#16892=CARTESIAN_POINT('',(-0.258,0.099,0.033000000000001));
#16893=CARTESIAN_POINT('',(-0.258,0.21,0.0330000000000009));
#16894=CARTESIAN_POINT('',(0.308,0.099,0.033000000000001));
#16895=CARTESIAN_POINT('',(-0.242,0.099,0.033000000000001));
#16896=CARTESIAN_POINT('',(-0.242,0.099,0.033000000000001));
#16897=CARTESIAN_POINT('',(-0.242,0.21,0.0330000000000011));
#16898=CARTESIAN_POINT('',(0.308,0.21,0.033000000000001));
#16899=CARTESIAN_POINT('',(0.308,0.099,0.033000000000001));
#16900=CARTESIAN_POINT('',(-0.208,0.099,0.033000000000001));
#16901=CARTESIAN_POINT('',(-0.208,0.099,0.033000000000001));
#16902=CARTESIAN_POINT('',(-0.208,0.21,0.0330000000000009));
#16903=CARTESIAN_POINT('',(0.308,0.099,0.033000000000001));
#16904=CARTESIAN_POINT('',(-0.192,0.099,0.033000000000001));
#16905=CARTESIAN_POINT('',(-0.192,0.099,0.033000000000001));
#16906=CARTESIAN_POINT('',(-0.192,0.21,0.0330000000000009));
#16907=CARTESIAN_POINT('',(0.308,0.21,0.033000000000001));
#16908=CARTESIAN_POINT('',(0.308,0.099,0.033000000000001));
#16909=CARTESIAN_POINT('',(-0.158,0.099,0.033000000000001));
#16910=CARTESIAN_POINT('',(-0.158,0.099,0.033000000000001));
#16911=CARTESIAN_POINT('',(-0.158,0.21,0.0330000000000009));
#16912=CARTESIAN_POINT('',(0.308,0.099,0.033000000000001));
#16913=CARTESIAN_POINT('',(-0.142,0.099,0.033000000000001));
#16914=CARTESIAN_POINT('',(-0.142,0.099,0.033000000000001));
#16915=CARTESIAN_POINT('',(-0.142,0.21,0.0330000000000009));
#16916=CARTESIAN_POINT('',(0.308,0.21,0.033000000000001));
#16917=CARTESIAN_POINT('',(0.308,0.099,0.033000000000001));
#16918=CARTESIAN_POINT('',(-0.108,0.099,0.033000000000001));
#16919=CARTESIAN_POINT('',(-0.108,0.099,0.033000000000001));
#16920=CARTESIAN_POINT('',(-0.108,0.21,0.0330000000000009));
#16921=CARTESIAN_POINT('',(0.308,0.099,0.033000000000001));
#16922=CARTESIAN_POINT('',(-0.0920000000000001,0.099,0.033000000000001));
#16923=CARTESIAN_POINT('',(-0.0920000000000001,0.099,0.033000000000001));
#16924=CARTESIAN_POINT('',(-0.0920000000000001,0.21,0.0330000000000009));
#16925=CARTESIAN_POINT('',(0.308,0.21,0.033000000000001));
#16926=CARTESIAN_POINT('',(0.308,0.099,0.033000000000001));
#16927=CARTESIAN_POINT('',(-0.058,0.099,0.033000000000001));
#16928=CARTESIAN_POINT('',(-0.058,0.099,0.033000000000001));
#16929=CARTESIAN_POINT('',(-0.058,0.21,0.033000000000001));
#16930=CARTESIAN_POINT('',(0.308,0.099,0.033000000000001));
#16931=CARTESIAN_POINT('',(-0.0420000000000001,0.099,0.033000000000001));
#16932=CARTESIAN_POINT('',(-0.0420000000000001,0.099,0.033000000000001));
#16933=CARTESIAN_POINT('',(-0.0420000000000001,0.21,0.033000000000001));
#16934=CARTESIAN_POINT('',(0.308,0.21,0.033000000000001));
#16935=CARTESIAN_POINT('',(0.308,0.099,0.033000000000001));
#16936=CARTESIAN_POINT('',(-0.00800000000000009,0.099,0.033000000000001));
#16937=CARTESIAN_POINT('',(-0.00800000000000009,0.099,0.033000000000001));
#16938=CARTESIAN_POINT('',(-0.00800000000000007,0.21,0.0330000000000009));
#16939=CARTESIAN_POINT('',(0.308,0.099,0.033000000000001));
#16940=CARTESIAN_POINT('',(0.00799999999999992,0.099,0.033000000000001));
#16941=CARTESIAN_POINT('',(0.00799999999999992,0.099,0.033000000000001));
#16942=CARTESIAN_POINT('',(0.00799999999999992,0.21,0.0330000000000009));
#16943=CARTESIAN_POINT('',(0.308,0.21,0.033000000000001));
#16944=CARTESIAN_POINT('',(0.308,0.099,0.033000000000001));
#16945=CARTESIAN_POINT('',(0.0419999999999999,0.099,0.033000000000001));
#16946=CARTESIAN_POINT('',(0.0419999999999999,0.099,0.033000000000001));
#16947=CARTESIAN_POINT('',(0.042,0.21,0.0330000000000009));
#16948=CARTESIAN_POINT('',(0.308,0.099,0.033000000000001));
#16949=CARTESIAN_POINT('',(0.0579999999999999,0.099,0.033000000000001));
#16950=CARTESIAN_POINT('',(0.0579999999999999,0.099,0.033000000000001));
#16951=CARTESIAN_POINT('',(0.0579999999999999,0.21,0.0330000000000009));
#16952=CARTESIAN_POINT('',(0.308,0.21,0.033000000000001));
#16953=CARTESIAN_POINT('',(0.308,0.099,0.033000000000001));
#16954=CARTESIAN_POINT('',(0.0919999999999999,0.099,0.033000000000001));
#16955=CARTESIAN_POINT('',(0.0919999999999999,0.099,0.033000000000001));
#16956=CARTESIAN_POINT('',(0.0919999999999999,0.21,0.0330000000000009));
#16957=CARTESIAN_POINT('',(0.308,0.099,0.033000000000001));
#16958=CARTESIAN_POINT('',(0.108,0.099,0.033000000000001));
#16959=CARTESIAN_POINT('',(0.108,0.099,0.033000000000001));
#16960=CARTESIAN_POINT('',(0.108,0.21,0.033000000000001));
#16961=CARTESIAN_POINT('',(0.308,0.21,0.033000000000001));
#16962=CARTESIAN_POINT('',(0.308,0.099,0.033000000000001));
#16963=CARTESIAN_POINT('',(0.142,0.099,0.033000000000001));
#16964=CARTESIAN_POINT('',(0.142,0.099,0.033000000000001));
#16965=CARTESIAN_POINT('',(0.142,0.21,0.0330000000000009));
#16966=CARTESIAN_POINT('',(0.308,0.099,0.033000000000001));
#16967=CARTESIAN_POINT('',(0.158,0.099,0.033000000000001));
#16968=CARTESIAN_POINT('',(0.158,0.099,0.033000000000001));
#16969=CARTESIAN_POINT('',(0.158,0.21,0.0330000000000009));
#16970=CARTESIAN_POINT('',(0.308,0.21,0.033000000000001));
#16971=CARTESIAN_POINT('',(0.308,0.099,0.033000000000001));
#16972=CARTESIAN_POINT('',(0.192,0.099,0.033000000000001));
#16973=CARTESIAN_POINT('',(0.192,0.099,0.033000000000001));
#16974=CARTESIAN_POINT('',(0.192,0.21,0.0330000000000009));
#16975=CARTESIAN_POINT('',(0.308,0.099,0.033000000000001));
#16976=CARTESIAN_POINT('',(0.208,0.099,0.033000000000001));
#16977=CARTESIAN_POINT('',(0.208,0.099,0.033000000000001));
#16978=CARTESIAN_POINT('',(0.208,0.21,0.0330000000000009));
#16979=CARTESIAN_POINT('',(0.308,0.21,0.033000000000001));
#16980=CARTESIAN_POINT('',(0.308,0.099,0.033000000000001));
#16981=CARTESIAN_POINT('',(0.242,0.099,0.033000000000001));
#16982=CARTESIAN_POINT('',(0.242,0.099,0.033000000000001));
#16983=CARTESIAN_POINT('',(0.242,0.21,0.0330000000000009));
#16984=CARTESIAN_POINT('',(0.308,0.099,0.033000000000001));
#16985=CARTESIAN_POINT('',(0.258,0.099,0.033000000000001));
#16986=CARTESIAN_POINT('',(0.258,0.099,0.033000000000001));
#16987=CARTESIAN_POINT('',(0.258,0.21,0.0330000000000009));
#16988=CARTESIAN_POINT('',(0.308,0.21,0.033000000000001));
#16989=CARTESIAN_POINT('',(0.308,0.21,0.033000000000001));
#16990=CARTESIAN_POINT('',(-0.184799999999866,0.42338865949258,-0.0902000000000379));
#16991=CARTESIAN_POINT('',(-0.30280384757729,0.219,0.027803847577295));
#16992=CARTESIAN_POINT('',(-0.17199999999987,0.00215390309164394,0.153000000000038));
#16993=CARTESIAN_POINT('',(-0.29719615242271,0.219,0.027803847577295));
#16994=CARTESIAN_POINT('',(0.308,0.219,0.027803847577295));
#16995=CARTESIAN_POINT('',(0.308,0.21,0.033000000000001));
#16996=CARTESIAN_POINT('',(-0.144799999999878,0.406068151416882,-0.0802000000000343));
#16997=CARTESIAN_POINT('',(-0.25280384757729,0.219,0.027803847577295));
#16998=CARTESIAN_POINT('',(-0.131999999999882,0.019474411167341,0.143000000000035));
#16999=CARTESIAN_POINT('',(-0.24719615242271,0.219,0.027803847577295));
#17000=CARTESIAN_POINT('',(0.308,0.219,0.027803847577295));
#17001=CARTESIAN_POINT('',(0.308,0.21,0.033000000000001));
#17002=CARTESIAN_POINT('',(-0.10479999999989,0.388747643341185,-0.0702000000000308));
#17003=CARTESIAN_POINT('',(-0.20280384757729,0.219,0.027803847577295));
#17004=CARTESIAN_POINT('',(-0.091999999999892,0.0367949192430366,0.133000000000032));
#17005=CARTESIAN_POINT('',(-0.19719615242271,0.219,0.027803847577295));
#17006=CARTESIAN_POINT('',(0.308,0.219,0.027803847577295));
#17007=CARTESIAN_POINT('',(0.308,0.21,0.033000000000001));
#17008=CARTESIAN_POINT('',(-0.0647999999998992,0.37142713526549,-0.0602000000000281));
#17009=CARTESIAN_POINT('',(-0.15280384757729,0.219,0.027803847577295));
#17010=CARTESIAN_POINT('',(-0.0519999999999032,0.0541154273187333,0.123000000000029));
#17011=CARTESIAN_POINT('',(-0.14719615242271,0.219,0.027803847577295));
#17012=CARTESIAN_POINT('',(0.308,0.219,0.027803847577295));
#17013=CARTESIAN_POINT('',(0.308,0.21,0.033000000000001));
#17014=CARTESIAN_POINT('',(-0.0247999999999101,0.354106627189793,-0.050200000000025));
#17015=CARTESIAN_POINT('',(-0.10280384757729,0.219,0.027803847577295));
#17016=CARTESIAN_POINT('',(-0.011999999999914,0.0714359353944296,0.113000000000026));
#17017=CARTESIAN_POINT('',(-0.09719615242271,0.219,0.027803847577295));
#17018=CARTESIAN_POINT('',(0.308,0.219,0.027803847577295));
#17019=CARTESIAN_POINT('',(0.308,0.21,0.033000000000001));
#17020=CARTESIAN_POINT('',(0.0152000000000789,0.336786119114097,-0.0402000000000218));
#17021=CARTESIAN_POINT('',(-0.0528038475772901,0.219,0.027803847577295));
#17022=CARTESIAN_POINT('',(0.0280000000000754,0.0887564434701257,0.103000000000023));
#17023=CARTESIAN_POINT('',(-0.0471961524227101,0.219,0.027803847577295));
#17024=CARTESIAN_POINT('',(0.308,0.219,0.027803847577295));
#17025=CARTESIAN_POINT('',(0.308,0.21,0.033000000000001));
#17026=CARTESIAN_POINT('',(0.0552000000000681,0.319465611038401,-0.0302000000000187));
#17027=CARTESIAN_POINT('',(-0.00280384757729008,0.219,0.027803847577295));
#17028=CARTESIAN_POINT('',(0.0680000000000648,0.106076951545822,0.0930000000000197));
#17029=CARTESIAN_POINT('',(0.00280384757728993,0.219,0.027803847577295));
#17030=CARTESIAN_POINT('',(0.308,0.219,0.027803847577295));
#17031=CARTESIAN_POINT('',(0.308,0.21,0.033000000000001));
#17032=CARTESIAN_POINT('',(0.0952000000000572,0.302145102962704,-0.0202000000000155));
#17033=CARTESIAN_POINT('',(0.0471961524227099,0.219,0.027803847577295));
#17034=CARTESIAN_POINT('',(0.108000000000054,0.123397459621518,0.0830000000000165));
#17035=CARTESIAN_POINT('',(0.0528038475772899,0.219,0.027803847577295));
#17036=CARTESIAN_POINT('',(0.308,0.219,0.027803847577295));
#17037=CARTESIAN_POINT('',(0.308,0.21,0.033000000000001));
#17038=CARTESIAN_POINT('',(0.135200000000047,0.284824594887008,-0.0102000000000125));
#17039=CARTESIAN_POINT('',(0.0971961524227099,0.219,0.027803847577295));
#17040=CARTESIAN_POINT('',(0.148000000000043,0.140717967697215,0.0730000000000133));
#17041=CARTESIAN_POINT('',(0.10280384757729,0.219,0.027803847577295));
#17042=CARTESIAN_POINT('',(0.308,0.219,0.027803847577295));
#17043=CARTESIAN_POINT('',(0.308,0.21,0.033000000000001));
#17044=CARTESIAN_POINT('',(0.175200000000036,0.267504086811312,-0.000200000000009381));
#17045=CARTESIAN_POINT('',(0.14719615242271,0.219,0.027803847577295));
#17046=CARTESIAN_POINT('',(0.188000000000032,0.158038475772911,0.0630000000000104));
#17047=CARTESIAN_POINT('',(0.15280384757729,0.219,0.027803847577295));
#17048=CARTESIAN_POINT('',(0.308,0.219,0.027803847577295));
#17049=CARTESIAN_POINT('',(0.308,0.21,0.033000000000001));
#17050=CARTESIAN_POINT('',(0.215200000000025,0.250183578735615,0.00979999999999383));
#17051=CARTESIAN_POINT('',(0.19719615242271,0.219,0.027803847577295));
#17052=CARTESIAN_POINT('',(0.228000000000022,0.175358983848607,0.0530000000000072));
#17053=CARTESIAN_POINT('',(0.20280384757729,0.219,0.027803847577295));
#17054=CARTESIAN_POINT('',(0.308,0.219,0.027803847577295));
#17055=CARTESIAN_POINT('',(0.308,0.21,0.033000000000001));
#17056=CARTESIAN_POINT('',(0.255200000000014,0.232863070659919,0.0197999999999969));
#17057=CARTESIAN_POINT('',(0.24719615242271,0.219,0.027803847577295));
#17058=CARTESIAN_POINT('',(0.268000000000011,0.192679491924304,0.0430000000000041));
#17059=CARTESIAN_POINT('',(0.25280384757729,0.219,0.027803847577295));
#17060=CARTESIAN_POINT('',(0.308,0.219,0.027803847577295));
#17061=CARTESIAN_POINT('',(0.308,0.219,0.027803847577295));
#17062=CARTESIAN_POINT('',(-0.30280384757729,0.219,0.5));
#17063=CARTESIAN_POINT('',(-0.30280384757729,0.219,0.022196152422708));
#17064=CARTESIAN_POINT('',(-0.29719615242271,0.219,0.5));
#17065=CARTESIAN_POINT('',(-0.29719615242271,0.219,0.022196152422708));
#17066=CARTESIAN_POINT('',(0.308,0.219,0.022196152422708));
#17067=CARTESIAN_POINT('',(0.308,0.219,0.027803847577295));
#17068=CARTESIAN_POINT('',(-0.25280384757729,0.219,0.5));
#17069=CARTESIAN_POINT('',(-0.25280384757729,0.219,0.022196152422708));
#17070=CARTESIAN_POINT('',(-0.24719615242271,0.219,0.5));
#17071=CARTESIAN_POINT('',(-0.24719615242271,0.219,0.022196152422708));
#17072=CARTESIAN_POINT('',(0.308,0.219,0.022196152422708));
#17073=CARTESIAN_POINT('',(0.308,0.219,0.027803847577295));
#17074=CARTESIAN_POINT('',(-0.20280384757729,0.219,0.5));
#17075=CARTESIAN_POINT('',(-0.20280384757729,0.219,0.022196152422708));
#17076=CARTESIAN_POINT('',(-0.19719615242271,0.219,0.5));
#17077=CARTESIAN_POINT('',(-0.19719615242271,0.219,0.022196152422708));
#17078=CARTESIAN_POINT('',(0.308,0.219,0.022196152422708));
#17079=CARTESIAN_POINT('',(0.308,0.219,0.027803847577295));
#17080=CARTESIAN_POINT('',(-0.15280384757729,0.219,0.5));
#17081=CARTESIAN_POINT('',(-0.15280384757729,0.219,0.022196152422708));
#17082=CARTESIAN_POINT('',(-0.14719615242271,0.219,0.5));
#17083=CARTESIAN_POINT('',(-0.14719615242271,0.219,0.022196152422708));
#17084=CARTESIAN_POINT('',(0.308,0.219,0.022196152422708));
#17085=CARTESIAN_POINT('',(0.308,0.219,0.027803847577295));
#17086=CARTESIAN_POINT('',(-0.10280384757729,0.219,0.5));
#17087=CARTESIAN_POINT('',(-0.10280384757729,0.219,0.022196152422708));
#17088=CARTESIAN_POINT('',(-0.09719615242271,0.219,0.5));
#17089=CARTESIAN_POINT('',(-0.09719615242271,0.219,0.022196152422708));
#17090=CARTESIAN_POINT('',(0.308,0.219,0.022196152422708));
#17091=CARTESIAN_POINT('',(0.308,0.219,0.027803847577295));
#17092=CARTESIAN_POINT('',(-0.0528038475772901,0.219,0.5));
#17093=CARTESIAN_POINT('',(-0.0528038475772901,0.219,0.022196152422708));
#17094=CARTESIAN_POINT('',(-0.0471961524227101,0.219,0.5));
#17095=CARTESIAN_POINT('',(-0.04719615242271,0.219,0.022196152422708));
#17096=CARTESIAN_POINT('',(0.308,0.219,0.022196152422708));
#17097=CARTESIAN_POINT('',(0.308,0.219,0.027803847577295));
#17098=CARTESIAN_POINT('',(-0.00280384757729008,0.219,0.5));
#17099=CARTESIAN_POINT('',(-0.00280384757729008,0.219,0.022196152422708));
#17100=CARTESIAN_POINT('',(0.00280384757728993,0.219,0.5));
#17101=CARTESIAN_POINT('',(0.00280384757728992,0.219,0.022196152422708));
#17102=CARTESIAN_POINT('',(0.308,0.219,0.022196152422708));
#17103=CARTESIAN_POINT('',(0.308,0.219,0.027803847577295));
#17104=CARTESIAN_POINT('',(0.0471961524227099,0.219,0.5));
#17105=CARTESIAN_POINT('',(0.0471961524227099,0.219,0.022196152422708));
#17106=CARTESIAN_POINT('',(0.0528038475772899,0.219,0.5));
#17107=CARTESIAN_POINT('',(0.0528038475772899,0.219,0.022196152422708));
#17108=CARTESIAN_POINT('',(0.308,0.219,0.022196152422708));
#17109=CARTESIAN_POINT('',(0.308,0.219,0.027803847577295));
#17110=CARTESIAN_POINT('',(0.0971961524227099,0.219,0.5));
#17111=CARTESIAN_POINT('',(0.0971961524227099,0.219,0.022196152422708));
#17112=CARTESIAN_POINT('',(0.10280384757729,0.219,0.5));
#17113=CARTESIAN_POINT('',(0.10280384757729,0.219,0.022196152422708));
#17114=CARTESIAN_POINT('',(0.308,0.219,0.022196152422708));
#17115=CARTESIAN_POINT('',(0.308,0.219,0.027803847577295));
#17116=CARTESIAN_POINT('',(0.14719615242271,0.219,0.5));
#17117=CARTESIAN_POINT('',(0.14719615242271,0.219,0.022196152422708));
#17118=CARTESIAN_POINT('',(0.15280384757729,0.219,0.5));
#17119=CARTESIAN_POINT('',(0.15280384757729,0.219,0.022196152422708));
#17120=CARTESIAN_POINT('',(0.308,0.219,0.022196152422708));
#17121=CARTESIAN_POINT('',(0.308,0.219,0.027803847577295));
#17122=CARTESIAN_POINT('',(0.19719615242271,0.219,0.5));
#17123=CARTESIAN_POINT('',(0.19719615242271,0.219,0.022196152422708));
#17124=CARTESIAN_POINT('',(0.20280384757729,0.219,0.5));
#17125=CARTESIAN_POINT('',(0.20280384757729,0.219,0.022196152422708));
#17126=CARTESIAN_POINT('',(0.308,0.219,0.022196152422708));
#17127=CARTESIAN_POINT('',(0.308,0.219,0.027803847577295));
#17128=CARTESIAN_POINT('',(0.24719615242271,0.219,0.5));
#17129=CARTESIAN_POINT('',(0.24719615242271,0.219,0.022196152422708));
#17130=CARTESIAN_POINT('',(0.25280384757729,0.219,0.5));
#17131=CARTESIAN_POINT('',(0.25280384757729,0.219,0.022196152422708));
#17132=CARTESIAN_POINT('',(0.308,0.219,0.022196152422708));
#17133=CARTESIAN_POINT('',(0.308,0.219,0.022196152422708));
#17134=CARTESIAN_POINT('',(-0.180643078061708,0.430588659492561,0.144356921938219));
#17135=CARTESIAN_POINT('',(-0.308,0.21,0.017000000000001));
#17136=CARTESIAN_POINT('',(-0.176156921938046,0.00935390309165818,-0.0988430780618857));
#17137=CARTESIAN_POINT('',(-0.292,0.21,0.017000000000001));
#17138=CARTESIAN_POINT('',(0.308,0.21,0.017000000000001));
#17139=CARTESIAN_POINT('',(0.308,0.219,0.022196152422708));
#17140=CARTESIAN_POINT('',(-0.140643078061719,0.413268151416866,0.134356921938214));
#17141=CARTESIAN_POINT('',(-0.258,0.21,0.017000000000001));
#17142=CARTESIAN_POINT('',(-0.136156921938058,0.0266744111673539,-0.088843078061881));
#17143=CARTESIAN_POINT('',(-0.242,0.21,0.017000000000001));
#17144=CARTESIAN_POINT('',(0.308,0.21,0.017000000000001));
#17145=CARTESIAN_POINT('',(0.308,0.219,0.022196152422708));
#17146=CARTESIAN_POINT('',(-0.100643078061731,0.39594764334117,0.124356921938209));
#17147=CARTESIAN_POINT('',(-0.208,0.21,0.017000000000001));
#17148=CARTESIAN_POINT('',(-0.0961569219380665,0.0439949192430482,-0.0788430780618772));
#17149=CARTESIAN_POINT('',(-0.192,0.21,0.017000000000001));
#17150=CARTESIAN_POINT('',(0.308,0.21,0.017000000000001));
#17151=CARTESIAN_POINT('',(0.308,0.219,0.022196152422708));
#17152=CARTESIAN_POINT('',(-0.0606430780617394,0.378627135265476,0.114356921938205));
#17153=CARTESIAN_POINT('',(-0.158,0.21,0.017000000000001));
#17154=CARTESIAN_POINT('',(-0.0561569219380769,0.0613154273187435,-0.0688430780618727));
#17155=CARTESIAN_POINT('',(-0.142,0.21,0.017000000000001));
#17156=CARTESIAN_POINT('',(0.308,0.21,0.017000000000001));
#17157=CARTESIAN_POINT('',(0.308,0.219,0.022196152422708));
#17158=CARTESIAN_POINT('',(-0.0206430780617496,0.361306627189781,0.104356921938201));
#17159=CARTESIAN_POINT('',(-0.108,0.21,0.017000000000001));
#17160=CARTESIAN_POINT('',(-0.0161569219380871,0.0786359353944384,-0.0588430780618685));
#17161=CARTESIAN_POINT('',(-0.0920000000000001,0.21,0.017000000000001));
#17162=CARTESIAN_POINT('',(0.308,0.21,0.017000000000001));
#17163=CARTESIAN_POINT('',(0.308,0.219,0.022196152422708));
#17164=CARTESIAN_POINT('',(0.0193569219382402,0.343986119114086,0.0943569219381968));
#17165=CARTESIAN_POINT('',(-0.058,0.21,0.017000000000001));
#17166=CARTESIAN_POINT('',(0.0238430780619031,0.0959564434701333,-0.0488430780618643));
#17167=CARTESIAN_POINT('',(-0.0420000000000001,0.21,0.017000000000001));
#17168=CARTESIAN_POINT('',(0.308,0.21,0.017000000000001));
#17169=CARTESIAN_POINT('',(0.308,0.219,0.022196152422708));
#17170=CARTESIAN_POINT('',(0.0593569219382302,0.326665611038391,0.0843569219381925));
#17171=CARTESIAN_POINT('',(-0.00800000000000009,0.21,0.017000000000001));
#17172=CARTESIAN_POINT('',(0.0638430780618932,0.113276951545828,-0.0388430780618601));
#17173=CARTESIAN_POINT('',(0.00799999999999993,0.21,0.017000000000001));
#17174=CARTESIAN_POINT('',(0.308,0.21,0.017000000000001));
#17175=CARTESIAN_POINT('',(0.308,0.219,0.022196152422708));
#17176=CARTESIAN_POINT('',(0.0993569219382201,0.309345102962695,0.0743569219381882));
#17177=CARTESIAN_POINT('',(0.0419999999999999,0.21,0.017000000000001));
#17178=CARTESIAN_POINT('',(0.103843078061883,0.130597459621523,-0.0288430780618557));
#17179=CARTESIAN_POINT('',(0.0579999999999999,0.21,0.017000000000001));
#17180=CARTESIAN_POINT('',(0.308,0.21,0.017000000000001));
#17181=CARTESIAN_POINT('',(0.308,0.219,0.022196152422708));
#17182=CARTESIAN_POINT('',(0.13935692193821,0.292024594887001,0.064356921938184));
#17183=CARTESIAN_POINT('',(0.0919999999999999,0.21,0.017000000000001));
#17184=CARTESIAN_POINT('',(0.143843078061873,0.147917967697218,-0.0188430780618514));
#17185=CARTESIAN_POINT('',(0.108,0.21,0.017000000000001));
#17186=CARTESIAN_POINT('',(0.308,0.21,0.017000000000001));
#17187=CARTESIAN_POINT('',(0.308,0.219,0.022196152422708));
#17188=CARTESIAN_POINT('',(0.1793569219382,0.274704086811306,0.0543569219381798));
#17189=CARTESIAN_POINT('',(0.142,0.21,0.017000000000001));
#17190=CARTESIAN_POINT('',(0.183843078061863,0.165238475772913,-0.00884307806184727));
#17191=CARTESIAN_POINT('',(0.158,0.21,0.017000000000001));
#17192=CARTESIAN_POINT('',(0.308,0.21,0.017000000000001));
#17193=CARTESIAN_POINT('',(0.308,0.219,0.022196152422708));
#17194=CARTESIAN_POINT('',(0.21935692193819,0.257383578735611,0.0443569219381754));
#17195=CARTESIAN_POINT('',(0.192,0.21,0.017000000000001));
#17196=CARTESIAN_POINT('',(0.223843078061853,0.182558983848608,0.001156921938157));
#17197=CARTESIAN_POINT('',(0.208,0.21,0.017000000000001));
#17198=CARTESIAN_POINT('',(0.308,0.21,0.017000000000001));
#17199=CARTESIAN_POINT('',(0.308,0.219,0.022196152422708));
#17200=CARTESIAN_POINT('',(0.25935692193818,0.240063070659916,0.0343569219381712));
#17201=CARTESIAN_POINT('',(0.242,0.21,0.017000000000001));
#17202=CARTESIAN_POINT('',(0.263843078061843,0.199879491924303,0.0111569219381613));
#17203=CARTESIAN_POINT('',(0.258,0.21,0.017000000000001));
#17204=CARTESIAN_POINT('',(0.308,0.21,0.017000000000001));
#17205=CARTESIAN_POINT('',(0.308,0.21,0.017000000000001));
#17206=CARTESIAN_POINT('',(-0.292,0.21,0.017000000000001));
#17207=CARTESIAN_POINT('',(-0.292,0.089,0.017000000000001));
#17208=CARTESIAN_POINT('',(0.308,0.089,0.017000000000001));
#17209=CARTESIAN_POINT('',(-0.308,0.089,0.017000000000001));
#17210=CARTESIAN_POINT('',(-0.308,0.21,0.017000000000001));
#17211=CARTESIAN_POINT('',(0.308,0.21,0.017000000000001));
#17212=CARTESIAN_POINT('',(-0.258,0.21,0.017000000000001));
#17213=CARTESIAN_POINT('',(-0.258,0.089,0.017000000000001));
#17214=CARTESIAN_POINT('',(-0.242,0.21,0.017000000000001));
#17215=CARTESIAN_POINT('',(-0.242,0.089,0.017000000000001));
#17216=CARTESIAN_POINT('',(0.308,0.089,0.017000000000001));
#17217=CARTESIAN_POINT('',(0.308,0.21,0.017000000000001));
#17218=CARTESIAN_POINT('',(-0.208,0.21,0.017000000000001));
#17219=CARTESIAN_POINT('',(-0.208,0.089,0.017000000000001));
#17220=CARTESIAN_POINT('',(-0.192,0.21,0.017000000000001));
#17221=CARTESIAN_POINT('',(-0.192,0.089,0.017000000000001));
#17222=CARTESIAN_POINT('',(0.308,0.089,0.017000000000001));
#17223=CARTESIAN_POINT('',(0.308,0.21,0.017000000000001));
#17224=CARTESIAN_POINT('',(-0.158,0.21,0.017000000000001));
#17225=CARTESIAN_POINT('',(-0.158,0.089,0.017000000000001));
#17226=CARTESIAN_POINT('',(-0.142,0.21,0.017000000000001));
#17227=CARTESIAN_POINT('',(-0.142,0.089,0.017000000000001));
#17228=CARTESIAN_POINT('',(0.308,0.089,0.017000000000001));
#17229=CARTESIAN_POINT('',(0.308,0.21,0.017000000000001));
#17230=CARTESIAN_POINT('',(-0.108,0.21,0.017000000000001));
#17231=CARTESIAN_POINT('',(-0.108,0.089,0.017000000000001));
#17232=CARTESIAN_POINT('',(-0.0920000000000001,0.21,0.017000000000001));
#17233=CARTESIAN_POINT('',(-0.0920000000000001,0.089,0.017000000000001));
#17234=CARTESIAN_POINT('',(0.308,0.089,0.017000000000001));
#17235=CARTESIAN_POINT('',(0.308,0.21,0.017000000000001));
#17236=CARTESIAN_POINT('',(-0.058,0.21,0.017000000000001));
#17237=CARTESIAN_POINT('',(-0.0580000000000001,0.089,0.017000000000001));
#17238=CARTESIAN_POINT('',(-0.0420000000000001,0.21,0.017000000000001));
#17239=CARTESIAN_POINT('',(-0.0420000000000001,0.089,0.017000000000001));
#17240=CARTESIAN_POINT('',(0.308,0.089,0.017000000000001));
#17241=CARTESIAN_POINT('',(0.308,0.21,0.017000000000001));
#17242=CARTESIAN_POINT('',(-0.00800000000000009,0.21,0.017000000000001));
#17243=CARTESIAN_POINT('',(-0.00800000000000007,0.089,0.017000000000001));
#17244=CARTESIAN_POINT('',(0.00799999999999992,0.21,0.017000000000001));
#17245=CARTESIAN_POINT('',(0.00799999999999993,0.089,0.017000000000001));
#17246=CARTESIAN_POINT('',(0.308,0.089,0.017000000000001));
#17247=CARTESIAN_POINT('',(0.308,0.21,0.017000000000001));
#17248=CARTESIAN_POINT('',(0.0419999999999999,0.21,0.017000000000001));
#17249=CARTESIAN_POINT('',(0.0419999999999999,0.089,0.017000000000001));
#17250=CARTESIAN_POINT('',(0.0579999999999999,0.21,0.017000000000001));
#17251=CARTESIAN_POINT('',(0.0579999999999999,0.089,0.017000000000001));
#17252=CARTESIAN_POINT('',(0.308,0.089,0.017000000000001));
#17253=CARTESIAN_POINT('',(0.308,0.21,0.017000000000001));
#17254=CARTESIAN_POINT('',(0.0919999999999999,0.21,0.017000000000001));
#17255=CARTESIAN_POINT('',(0.0919999999999999,0.089,0.017000000000001));
#17256=CARTESIAN_POINT('',(0.108,0.21,0.017000000000001));
#17257=CARTESIAN_POINT('',(0.108,0.089,0.017000000000001));
#17258=CARTESIAN_POINT('',(0.308,0.089,0.017000000000001));
#17259=CARTESIAN_POINT('',(0.308,0.21,0.017000000000001));
#17260=CARTESIAN_POINT('',(0.142,0.21,0.017000000000001));
#17261=CARTESIAN_POINT('',(0.142,0.089,0.017000000000001));
#17262=CARTESIAN_POINT('',(0.158,0.21,0.017000000000001));
#17263=CARTESIAN_POINT('',(0.158,0.089,0.017000000000001));
#17264=CARTESIAN_POINT('',(0.308,0.089,0.017000000000001));
#17265=CARTESIAN_POINT('',(0.308,0.21,0.017000000000001));
#17266=CARTESIAN_POINT('',(0.192,0.21,0.017000000000001));
#17267=CARTESIAN_POINT('',(0.192,0.089,0.017000000000001));
#17268=CARTESIAN_POINT('',(0.208,0.21,0.017000000000001));
#17269=CARTESIAN_POINT('',(0.208,0.089,0.017000000000001));
#17270=CARTESIAN_POINT('',(0.308,0.089,0.017000000000001));
#17271=CARTESIAN_POINT('',(0.308,0.21,0.017000000000001));
#17272=CARTESIAN_POINT('',(0.242,0.21,0.017000000000001));
#17273=CARTESIAN_POINT('',(0.242,0.089,0.017000000000001));
#17274=CARTESIAN_POINT('',(0.258,0.21,0.017000000000001));
#17275=CARTESIAN_POINT('',(0.258,0.089,0.017000000000001));
#17276=CARTESIAN_POINT('',(0.308,0.089,0.017000000000001));
#17277=CARTESIAN_POINT('',(0.308,0.089,-0.016999999999999));
#17278=CARTESIAN_POINT('',(-0.292,0.089,-0.016999999999999));
#17279=CARTESIAN_POINT('',(-0.292,0.21,-0.016999999999999));
#17280=CARTESIAN_POINT('',(-0.292,0.089,-0.016999999999999));
#17281=CARTESIAN_POINT('',(0.308,0.21,-0.016999999999999));
#17282=CARTESIAN_POINT('',(-0.308,0.21,-0.016999999999999));
#17283=CARTESIAN_POINT('',(-0.308,0.089,-0.016999999999999));
#17284=CARTESIAN_POINT('',(-0.308,0.089,-0.016999999999999));
#17285=CARTESIAN_POINT('',(0.308,0.089,-0.016999999999999));
#17286=CARTESIAN_POINT('',(0.308,0.089,-0.016999999999999));
#17287=CARTESIAN_POINT('',(-0.258,0.089,-0.016999999999999));
#17288=CARTESIAN_POINT('',(-0.258,0.089,-0.016999999999999));
#17289=CARTESIAN_POINT('',(-0.258,0.21,-0.0169999999999992));
#17290=CARTESIAN_POINT('',(0.308,0.089,-0.016999999999999));
#17291=CARTESIAN_POINT('',(-0.242,0.089,-0.016999999999999));
#17292=CARTESIAN_POINT('',(-0.242,0.089,-0.016999999999999));
#17293=CARTESIAN_POINT('',(-0.242,0.21,-0.016999999999999));
#17294=CARTESIAN_POINT('',(0.308,0.21,-0.016999999999999));
#17295=CARTESIAN_POINT('',(0.308,0.089,-0.016999999999999));
#17296=CARTESIAN_POINT('',(-0.208,0.089,-0.016999999999999));
#17297=CARTESIAN_POINT('',(-0.208,0.089,-0.016999999999999));
#17298=CARTESIAN_POINT('',(-0.208,0.21,-0.0169999999999991));
#17299=CARTESIAN_POINT('',(0.308,0.089,-0.016999999999999));
#17300=CARTESIAN_POINT('',(-0.192,0.089,-0.016999999999999));
#17301=CARTESIAN_POINT('',(-0.192,0.089,-0.016999999999999));
#17302=CARTESIAN_POINT('',(-0.192,0.21,-0.0169999999999991));
#17303=CARTESIAN_POINT('',(0.308,0.21,-0.016999999999999));
#17304=CARTESIAN_POINT('',(0.308,0.089,-0.016999999999999));
#17305=CARTESIAN_POINT('',(-0.158,0.089,-0.016999999999999));
#17306=CARTESIAN_POINT('',(-0.158,0.089,-0.016999999999999));
#17307=CARTESIAN_POINT('',(-0.158,0.21,-0.0169999999999992));
#17308=CARTESIAN_POINT('',(0.308,0.089,-0.016999999999999));
#17309=CARTESIAN_POINT('',(-0.142,0.089,-0.016999999999999));
#17310=CARTESIAN_POINT('',(-0.142,0.089,-0.016999999999999));
#17311=CARTESIAN_POINT('',(-0.142,0.21,-0.0169999999999991));
#17312=CARTESIAN_POINT('',(0.308,0.21,-0.016999999999999));
#17313=CARTESIAN_POINT('',(0.308,0.089,-0.016999999999999));
#17314=CARTESIAN_POINT('',(-0.108,0.089,-0.016999999999999));
#17315=CARTESIAN_POINT('',(-0.108,0.089,-0.016999999999999));
#17316=CARTESIAN_POINT('',(-0.108,0.21,-0.0169999999999991));
#17317=CARTESIAN_POINT('',(0.308,0.089,-0.016999999999999));
#17318=CARTESIAN_POINT('',(-0.0920000000000001,0.089,-0.016999999999999));
#17319=CARTESIAN_POINT('',(-0.0920000000000001,0.089,-0.016999999999999));
#17320=CARTESIAN_POINT('',(-0.092,0.21,-0.0169999999999991));
#17321=CARTESIAN_POINT('',(0.308,0.21,-0.016999999999999));
#17322=CARTESIAN_POINT('',(0.308,0.089,-0.016999999999999));
#17323=CARTESIAN_POINT('',(-0.058,0.089,-0.016999999999999));
#17324=CARTESIAN_POINT('',(-0.0580000000000001,0.089,-0.016999999999999));
#17325=CARTESIAN_POINT('',(-0.058,0.21,-0.016999999999999));
#17326=CARTESIAN_POINT('',(0.308,0.089,-0.016999999999999));
#17327=CARTESIAN_POINT('',(-0.0420000000000001,0.089,-0.016999999999999));
#17328=CARTESIAN_POINT('',(-0.0420000000000001,0.089,-0.016999999999999));
#17329=CARTESIAN_POINT('',(-0.0420000000000001,0.21,-0.016999999999999));
#17330=CARTESIAN_POINT('',(0.308,0.21,-0.016999999999999));
#17331=CARTESIAN_POINT('',(0.308,0.089,-0.016999999999999));
#17332=CARTESIAN_POINT('',(-0.00800000000000009,0.089,-0.016999999999999));
#17333=CARTESIAN_POINT('',(-0.00800000000000007,0.089,-0.016999999999999));
#17334=CARTESIAN_POINT('',(-0.00800000000000007,0.21,-0.016999999999999));
#17335=CARTESIAN_POINT('',(0.308,0.089,-0.016999999999999));
#17336=CARTESIAN_POINT('',(0.00799999999999993,0.089,-0.016999999999999));
#17337=CARTESIAN_POINT('',(0.00799999999999992,0.089,-0.016999999999999));
#17338=CARTESIAN_POINT('',(0.00799999999999991,0.21,-0.0169999999999991));
#17339=CARTESIAN_POINT('',(0.308,0.21,-0.016999999999999));
#17340=CARTESIAN_POINT('',(0.308,0.089,-0.016999999999999));
#17341=CARTESIAN_POINT('',(0.0419999999999999,0.089,-0.016999999999999));
#17342=CARTESIAN_POINT('',(0.0419999999999999,0.089,-0.016999999999999));
#17343=CARTESIAN_POINT('',(0.042,0.21,-0.0169999999999991));
#17344=CARTESIAN_POINT('',(0.308,0.089,-0.016999999999999));
#17345=CARTESIAN_POINT('',(0.0579999999999999,0.089,-0.016999999999999));
#17346=CARTESIAN_POINT('',(0.0579999999999999,0.089,-0.016999999999999));
#17347=CARTESIAN_POINT('',(0.0579999999999999,0.21,-0.0169999999999991));
#17348=CARTESIAN_POINT('',(0.308,0.21,-0.016999999999999));
#17349=CARTESIAN_POINT('',(0.308,0.089,-0.016999999999999));
#17350=CARTESIAN_POINT('',(0.0919999999999999,0.089,-0.016999999999999));
#17351=CARTESIAN_POINT('',(0.0919999999999999,0.089,-0.016999999999999));
#17352=CARTESIAN_POINT('',(0.0919999999999999,0.21,-0.0169999999999991));
#17353=CARTESIAN_POINT('',(0.308,0.089,-0.016999999999999));
#17354=CARTESIAN_POINT('',(0.108,0.089,-0.016999999999999));
#17355=CARTESIAN_POINT('',(0.108,0.089,-0.016999999999999));
#17356=CARTESIAN_POINT('',(0.108,0.21,-0.0169999999999991));
#17357=CARTESIAN_POINT('',(0.308,0.21,-0.016999999999999));
#17358=CARTESIAN_POINT('',(0.308,0.089,-0.016999999999999));
#17359=CARTESIAN_POINT('',(0.142,0.089,-0.016999999999999));
#17360=CARTESIAN_POINT('',(0.142,0.089,-0.016999999999999));
#17361=CARTESIAN_POINT('',(0.142,0.21,-0.0169999999999991));
#17362=CARTESIAN_POINT('',(0.308,0.089,-0.016999999999999));
#17363=CARTESIAN_POINT('',(0.158,0.089,-0.016999999999999));
#17364=CARTESIAN_POINT('',(0.158,0.089,-0.016999999999999));
#17365=CARTESIAN_POINT('',(0.158,0.21,-0.0169999999999991));
#17366=CARTESIAN_POINT('',(0.308,0.21,-0.016999999999999));
#17367=CARTESIAN_POINT('',(0.308,0.089,-0.016999999999999));
#17368=CARTESIAN_POINT('',(0.192,0.089,-0.016999999999999));
#17369=CARTESIAN_POINT('',(0.192,0.089,-0.016999999999999));
#17370=CARTESIAN_POINT('',(0.192,0.21,-0.0169999999999991));
#17371=CARTESIAN_POINT('',(0.308,0.089,-0.016999999999999));
#17372=CARTESIAN_POINT('',(0.208,0.089,-0.016999999999999));
#17373=CARTESIAN_POINT('',(0.208,0.089,-0.016999999999999));
#17374=CARTESIAN_POINT('',(0.208,0.21,-0.0169999999999991));
#17375=CARTESIAN_POINT('',(0.308,0.21,-0.016999999999999));
#17376=CARTESIAN_POINT('',(0.308,0.089,-0.016999999999999));
#17377=CARTESIAN_POINT('',(0.242,0.089,-0.016999999999999));
#17378=CARTESIAN_POINT('',(0.242,0.089,-0.016999999999999));
#17379=CARTESIAN_POINT('',(0.242,0.21,-0.0169999999999991));
#17380=CARTESIAN_POINT('',(0.308,0.089,-0.016999999999999));
#17381=CARTESIAN_POINT('',(0.258,0.089,-0.016999999999999));
#17382=CARTESIAN_POINT('',(0.258,0.089,-0.016999999999999));
#17383=CARTESIAN_POINT('',(0.258,0.21,-0.0169999999999991));
#17384=CARTESIAN_POINT('',(0.308,0.21,-0.016999999999999));
#17385=CARTESIAN_POINT('',(0.308,0.21,-0.016999999999999));
#17386=CARTESIAN_POINT('',(-0.184799999999866,0.42338865949258,-0.140200000000038));
#17387=CARTESIAN_POINT('',(-0.30280384757729,0.219,-0.022196152422705));
#17388=CARTESIAN_POINT('',(-0.17199999999987,0.00215390309164394,0.103000000000038));
#17389=CARTESIAN_POINT('',(-0.29719615242271,0.219,-0.022196152422705));
#17390=CARTESIAN_POINT('',(0.308,0.219,-0.022196152422705));
#17391=CARTESIAN_POINT('',(0.308,0.21,-0.016999999999999));
#17392=CARTESIAN_POINT('',(-0.144799999999878,0.406068151416882,-0.130200000000034));
#17393=CARTESIAN_POINT('',(-0.25280384757729,0.219,-0.022196152422705));
#17394=CARTESIAN_POINT('',(-0.131999999999882,0.019474411167341,0.0930000000000349));
#17395=CARTESIAN_POINT('',(-0.24719615242271,0.219,-0.022196152422705));
#17396=CARTESIAN_POINT('',(0.308,0.219,-0.022196152422705));
#17397=CARTESIAN_POINT('',(0.308,0.21,-0.016999999999999));
#17398=CARTESIAN_POINT('',(-0.10479999999989,0.388747643341185,-0.120200000000031));
#17399=CARTESIAN_POINT('',(-0.20280384757729,0.219,-0.022196152422705));
#17400=CARTESIAN_POINT('',(-0.091999999999892,0.0367949192430366,0.0830000000000322));
#17401=CARTESIAN_POINT('',(-0.19719615242271,0.219,-0.022196152422705));
#17402=CARTESIAN_POINT('',(0.308,0.219,-0.022196152422705));
#17403=CARTESIAN_POINT('',(0.308,0.21,-0.016999999999999));
#17404=CARTESIAN_POINT('',(-0.0647999999998993,0.37142713526549,-0.110200000000028));
#17405=CARTESIAN_POINT('',(-0.15280384757729,0.219,-0.022196152422705));
#17406=CARTESIAN_POINT('',(-0.0519999999999031,0.0541154273187333,0.0730000000000289));
#17407=CARTESIAN_POINT('',(-0.14719615242271,0.219,-0.022196152422705));
#17408=CARTESIAN_POINT('',(0.308,0.219,-0.022196152422705));
#17409=CARTESIAN_POINT('',(0.308,0.21,-0.016999999999999));
#17410=CARTESIAN_POINT('',(-0.02479999999991,0.354106627189793,-0.100200000000025));
#17411=CARTESIAN_POINT('',(-0.10280384757729,0.219,-0.022196152422705));
#17412=CARTESIAN_POINT('',(-0.0119999999999139,0.0714359353944296,0.0630000000000258));
#17413=CARTESIAN_POINT('',(-0.09719615242271,0.219,-0.022196152422705));
#17414=CARTESIAN_POINT('',(0.308,0.219,-0.022196152422705));
#17415=CARTESIAN_POINT('',(0.308,0.21,-0.016999999999999));
#17416=CARTESIAN_POINT('',(0.0152000000000789,0.336786119114097,-0.0902000000000218));
#17417=CARTESIAN_POINT('',(-0.0528038475772901,0.219,-0.022196152422705));
#17418=CARTESIAN_POINT('',(0.0280000000000754,0.0887564434701257,0.0530000000000228));
#17419=CARTESIAN_POINT('',(-0.0471961524227101,0.219,-0.022196152422705));
#17420=CARTESIAN_POINT('',(0.308,0.219,-0.022196152422705));
#17421=CARTESIAN_POINT('',(0.308,0.21,-0.016999999999999));
#17422=CARTESIAN_POINT('',(0.0552000000000681,0.319465611038401,-0.0802000000000187));
#17423=CARTESIAN_POINT('',(-0.00280384757729008,0.219,-0.022196152422705));
#17424=CARTESIAN_POINT('',(0.0680000000000648,0.106076951545822,0.0430000000000197));
#17425=CARTESIAN_POINT('',(0.00280384757728993,0.219,-0.022196152422705));
#17426=CARTESIAN_POINT('',(0.308,0.219,-0.022196152422705));
#17427=CARTESIAN_POINT('',(0.308,0.21,-0.016999999999999));
#17428=CARTESIAN_POINT('',(0.0952000000000573,0.302145102962704,-0.0702000000000155));
#17429=CARTESIAN_POINT('',(0.0471961524227099,0.219,-0.022196152422705));
#17430=CARTESIAN_POINT('',(0.108000000000054,0.123397459621518,0.0330000000000165));
#17431=CARTESIAN_POINT('',(0.0528038475772899,0.219,-0.022196152422705));
#17432=CARTESIAN_POINT('',(0.308,0.219,-0.022196152422705));
#17433=CARTESIAN_POINT('',(0.308,0.21,-0.016999999999999));
#17434=CARTESIAN_POINT('',(0.135200000000047,0.284824594887008,-0.0602000000000125));
#17435=CARTESIAN_POINT('',(0.0971961524227099,0.219,-0.022196152422705));
#17436=CARTESIAN_POINT('',(0.148000000000043,0.140717967697215,0.0230000000000133));
#17437=CARTESIAN_POINT('',(0.10280384757729,0.219,-0.022196152422705));
#17438=CARTESIAN_POINT('',(0.308,0.219,-0.022196152422705));
#17439=CARTESIAN_POINT('',(0.308,0.21,-0.016999999999999));
#17440=CARTESIAN_POINT('',(0.175200000000036,0.267504086811312,-0.0502000000000094));
#17441=CARTESIAN_POINT('',(0.14719615242271,0.219,-0.022196152422705));
#17442=CARTESIAN_POINT('',(0.188000000000032,0.158038475772911,0.0130000000000104));
#17443=CARTESIAN_POINT('',(0.15280384757729,0.219,-0.022196152422705));
#17444=CARTESIAN_POINT('',(0.308,0.219,-0.022196152422705));
#17445=CARTESIAN_POINT('',(0.308,0.21,-0.016999999999999));
#17446=CARTESIAN_POINT('',(0.215200000000025,0.250183578735615,-0.0402000000000062));
#17447=CARTESIAN_POINT('',(0.19719615242271,0.219,-0.022196152422705));
#17448=CARTESIAN_POINT('',(0.228000000000022,0.175358983848607,0.00300000000000725));
#17449=CARTESIAN_POINT('',(0.20280384757729,0.219,-0.022196152422705));
#17450=CARTESIAN_POINT('',(0.308,0.219,-0.022196152422705));
#17451=CARTESIAN_POINT('',(0.308,0.21,-0.016999999999999));
#17452=CARTESIAN_POINT('',(0.255200000000014,0.232863070659919,-0.0302000000000031));
#17453=CARTESIAN_POINT('',(0.24719615242271,0.219,-0.022196152422705));
#17454=CARTESIAN_POINT('',(0.268000000000011,0.192679491924304,-0.00699999999999586));
#17455=CARTESIAN_POINT('',(0.25280384757729,0.219,-0.022196152422705));
#17456=CARTESIAN_POINT('',(0.308,0.219,-0.022196152422705));
#17457=CARTESIAN_POINT('',(0.308,0.219,-0.022196152422705));
#17458=CARTESIAN_POINT('',(-0.30280384757729,0.219,0.5));
#17459=CARTESIAN_POINT('',(-0.30280384757729,0.219,-0.027803847577292));
#17460=CARTESIAN_POINT('',(-0.29719615242271,0.219,0.5));
#17461=CARTESIAN_POINT('',(-0.29719615242271,0.219,-0.0278038475772921));
#17462=CARTESIAN_POINT('',(0.308,0.219,-0.027803847577292));
#17463=CARTESIAN_POINT('',(0.308,0.219,-0.022196152422705));
#17464=CARTESIAN_POINT('',(-0.25280384757729,0.219,0.5));
#17465=CARTESIAN_POINT('',(-0.25280384757729,0.219,-0.027803847577292));
#17466=CARTESIAN_POINT('',(-0.24719615242271,0.219,0.5));
#17467=CARTESIAN_POINT('',(-0.24719615242271,0.219,-0.027803847577292));
#17468=CARTESIAN_POINT('',(0.308,0.219,-0.027803847577292));
#17469=CARTESIAN_POINT('',(0.308,0.219,-0.022196152422705));
#17470=CARTESIAN_POINT('',(-0.20280384757729,0.219,0.5));
#17471=CARTESIAN_POINT('',(-0.20280384757729,0.219,-0.027803847577292));
#17472=CARTESIAN_POINT('',(-0.19719615242271,0.219,0.5));
#17473=CARTESIAN_POINT('',(-0.19719615242271,0.219,-0.027803847577292));
#17474=CARTESIAN_POINT('',(0.308,0.219,-0.027803847577292));
#17475=CARTESIAN_POINT('',(0.308,0.219,-0.022196152422705));
#17476=CARTESIAN_POINT('',(-0.15280384757729,0.219,0.5));
#17477=CARTESIAN_POINT('',(-0.15280384757729,0.219,-0.027803847577292));
#17478=CARTESIAN_POINT('',(-0.14719615242271,0.219,0.5));
#17479=CARTESIAN_POINT('',(-0.14719615242271,0.219,-0.0278038475772921));
#17480=CARTESIAN_POINT('',(0.308,0.219,-0.027803847577292));
#17481=CARTESIAN_POINT('',(0.308,0.219,-0.022196152422705));
#17482=CARTESIAN_POINT('',(-0.10280384757729,0.219,0.5));
#17483=CARTESIAN_POINT('',(-0.10280384757729,0.219,-0.027803847577292));
#17484=CARTESIAN_POINT('',(-0.09719615242271,0.219,0.5));
#17485=CARTESIAN_POINT('',(-0.09719615242271,0.219,-0.0278038475772921));
#17486=CARTESIAN_POINT('',(0.308,0.219,-0.027803847577292));
#17487=CARTESIAN_POINT('',(0.308,0.219,-0.022196152422705));
#17488=CARTESIAN_POINT('',(-0.0528038475772901,0.219,0.5));
#17489=CARTESIAN_POINT('',(-0.0528038475772901,0.219,-0.027803847577292));
#17490=CARTESIAN_POINT('',(-0.0471961524227101,0.219,0.5));
#17491=CARTESIAN_POINT('',(-0.04719615242271,0.219,-0.027803847577292));
#17492=CARTESIAN_POINT('',(0.308,0.219,-0.027803847577292));
#17493=CARTESIAN_POINT('',(0.308,0.219,-0.022196152422705));
#17494=CARTESIAN_POINT('',(-0.00280384757729008,0.219,0.5));
#17495=CARTESIAN_POINT('',(-0.0028038475772901,0.219,-0.027803847577292));
#17496=CARTESIAN_POINT('',(0.00280384757728993,0.219,0.5));
#17497=CARTESIAN_POINT('',(0.00280384757728994,0.219,-0.0278038475772921));
#17498=CARTESIAN_POINT('',(0.308,0.219,-0.027803847577292));
#17499=CARTESIAN_POINT('',(0.308,0.219,-0.022196152422705));
#17500=CARTESIAN_POINT('',(0.0471961524227099,0.219,0.5));
#17501=CARTESIAN_POINT('',(0.0471961524227099,0.219,-0.027803847577292));
#17502=CARTESIAN_POINT('',(0.0528038475772899,0.219,0.5));
#17503=CARTESIAN_POINT('',(0.05280384757729,0.219,-0.0278038475772921));
#17504=CARTESIAN_POINT('',(0.308,0.219,-0.027803847577292));
#17505=CARTESIAN_POINT('',(0.308,0.219,-0.022196152422705));
#17506=CARTESIAN_POINT('',(0.0971961524227099,0.219,0.5));
#17507=CARTESIAN_POINT('',(0.0971961524227099,0.219,-0.027803847577292));
#17508=CARTESIAN_POINT('',(0.10280384757729,0.219,0.5));
#17509=CARTESIAN_POINT('',(0.10280384757729,0.219,-0.027803847577292));
#17510=CARTESIAN_POINT('',(0.308,0.219,-0.027803847577292));
#17511=CARTESIAN_POINT('',(0.308,0.219,-0.022196152422705));
#17512=CARTESIAN_POINT('',(0.14719615242271,0.219,0.5));
#17513=CARTESIAN_POINT('',(0.14719615242271,0.219,-0.027803847577292));
#17514=CARTESIAN_POINT('',(0.15280384757729,0.219,0.5));
#17515=CARTESIAN_POINT('',(0.15280384757729,0.219,-0.027803847577292));
#17516=CARTESIAN_POINT('',(0.308,0.219,-0.027803847577292));
#17517=CARTESIAN_POINT('',(0.308,0.219,-0.022196152422705));
#17518=CARTESIAN_POINT('',(0.19719615242271,0.219,0.5));
#17519=CARTESIAN_POINT('',(0.19719615242271,0.219,-0.027803847577292));
#17520=CARTESIAN_POINT('',(0.20280384757729,0.219,0.5));
#17521=CARTESIAN_POINT('',(0.20280384757729,0.219,-0.027803847577292));
#17522=CARTESIAN_POINT('',(0.308,0.219,-0.027803847577292));
#17523=CARTESIAN_POINT('',(0.308,0.219,-0.022196152422705));
#17524=CARTESIAN_POINT('',(0.24719615242271,0.219,0.5));
#17525=CARTESIAN_POINT('',(0.24719615242271,0.219,-0.027803847577292));
#17526=CARTESIAN_POINT('',(0.25280384757729,0.219,0.5));
#17527=CARTESIAN_POINT('',(0.25280384757729,0.219,-0.027803847577292));
#17528=CARTESIAN_POINT('',(0.308,0.219,-0.027803847577292));
#17529=CARTESIAN_POINT('',(0.308,0.219,-0.027803847577292));
#17530=CARTESIAN_POINT('',(-0.180643078061699,0.430588659492578,0.0943569219382046));
#17531=CARTESIAN_POINT('',(-0.176156921938037,0.00935390309164213,-0.148843078061872));
#17532=CARTESIAN_POINT('',(0.308,0.219,-0.027803847577292));
#17533=CARTESIAN_POINT('',(-0.140643078061711,0.413268151416881,0.0843569219382011));
#17534=CARTESIAN_POINT('',(-0.136156921938049,0.0266744111673392,-0.138843078061868));
#17535=CARTESIAN_POINT('',(0.308,0.219,-0.027803847577292));
#17536=CARTESIAN_POINT('',(-0.100643078061723,0.395947643341183,0.0743569219381976));
#17537=CARTESIAN_POINT('',(-0.0961569219380588,0.0439949192430348,-0.128843078061866));
#17538=CARTESIAN_POINT('',(0.308,0.219,-0.027803847577292));
#17539=CARTESIAN_POINT('',(-0.0606430780617324,0.378627135265488,0.0643569219381948));
#17540=CARTESIAN_POINT('',(-0.0561569219380701,0.0613154273187314,-0.118843078061862));
#17541=CARTESIAN_POINT('',(0.308,0.219,-0.027803847577292));
#17542=CARTESIAN_POINT('',(-0.0206430780617432,0.361306627189792,0.0543569219381917));
#17543=CARTESIAN_POINT('',(-0.0161569219380809,0.0786359353944277,-0.108843078061859));
#17544=CARTESIAN_POINT('',(0.308,0.219,-0.027803847577292));
#17545=CARTESIAN_POINT('',(0.0193569219382458,0.343986119114095,0.0443569219381885));
#17546=CARTESIAN_POINT('',(0.0238430780619086,0.0959564434701239,-0.0988430780618561));
#17547=CARTESIAN_POINT('',(0.308,0.219,-0.027803847577292));
#17548=CARTESIAN_POINT('',(0.059356921938235,0.326665611038399,0.0343569219381854));
#17549=CARTESIAN_POINT('',(0.0638430780618979,0.11327695154582,-0.0888430780618531));
#17550=CARTESIAN_POINT('',(0.308,0.219,-0.027803847577292));
#17551=CARTESIAN_POINT('',(0.099356921938224,0.309345102962702,0.0243569219381822));
#17552=CARTESIAN_POINT('',(0.103843078061887,0.130597459621517,-0.0788430780618499));
#17553=CARTESIAN_POINT('',(0.308,0.219,-0.027803847577292));
#17554=CARTESIAN_POINT('',(0.139356921938214,0.292024594887006,0.0143569219381792));
#17555=CARTESIAN_POINT('',(0.143843078061876,0.147917967697213,-0.0688430780618467));
#17556=CARTESIAN_POINT('',(0.308,0.219,-0.027803847577292));
#17557=CARTESIAN_POINT('',(0.179356921938203,0.27470408681131,0.00435692193817607));
#17558=CARTESIAN_POINT('',(0.183843078061865,0.165238475772909,-0.0588430780618437));
#17559=CARTESIAN_POINT('',(0.308,0.219,-0.027803847577292));
#17560=CARTESIAN_POINT('',(0.219356921938192,0.257383578735613,-0.00564307806182714));
#17561=CARTESIAN_POINT('',(0.223843078061855,0.182558983848605,-0.0488430780618406));
#17562=CARTESIAN_POINT('',(0.308,0.219,-0.027803847577292));
#17563=CARTESIAN_POINT('',(0.259356921938181,0.240063070659917,-0.0156430780618302));
#17564=CARTESIAN_POINT('',(0.263843078061844,0.199879491924302,-0.0388430780618375));
#17565=CARTESIAN_POINT('',(0.308,0.21,-0.032999999999998));
#17566=CARTESIAN_POINT('',(0.292,0.21,-0.032999999999998));
#17567=CARTESIAN_POINT('',(0.292,0.21,-0.032999999999998));
#17568=CARTESIAN_POINT('',(0.292,0.099,-0.032999999999998));
#17569=CARTESIAN_POINT('',(0.308,0.21,-0.032999999999998));
#17570=CARTESIAN_POINT('',(0.308,0.21,-0.032999999999998));
#17571=CARTESIAN_POINT('',(0.308,0.21,-0.032999999999998));
#17572=CARTESIAN_POINT('',(0.308,0.099,-0.032999999999998));
#17573=CARTESIAN_POINT('',(0.308,0.099,-0.032999999999998));
#17574=CARTESIAN_POINT('',(0.308,0.099,-0.032999999999998));
#17575=CARTESIAN_POINT('',(-0.292,0.099,-0.032999999999998));
#17576=CARTESIAN_POINT('',(-0.292,0.089,-0.0262653061224474));
#17577=CARTESIAN_POINT('',(0.308,0.089,-0.0262653061224474));
#17578=CARTESIAN_POINT('',(-0.258,0.089,-0.0262653061224474));
#17579=CARTESIAN_POINT('',(-0.258,0.099,-0.032999999999998));
#17580=CARTESIAN_POINT('',(-0.242,0.099,-0.032999999999998));
#17581=CARTESIAN_POINT('',(-0.242,0.089,-0.0262653061224474));
#17582=CARTESIAN_POINT('',(0.308,0.089,-0.0262653061224474));
#17583=CARTESIAN_POINT('',(-0.208,0.089,-0.0262653061224474));
#17584=CARTESIAN_POINT('',(-0.208,0.099,-0.032999999999998));
#17585=CARTESIAN_POINT('',(-0.192,0.099,-0.032999999999998));
#17586=CARTESIAN_POINT('',(-0.192,0.089,-0.0262653061224474));
#17587=CARTESIAN_POINT('',(0.308,0.089,-0.0262653061224474));
#17588=CARTESIAN_POINT('',(-0.158,0.089,-0.0262653061224474));
#17589=CARTESIAN_POINT('',(-0.158,0.099,-0.032999999999998));
#17590=CARTESIAN_POINT('',(-0.142,0.099,-0.032999999999998));
#17591=CARTESIAN_POINT('',(-0.142,0.089,-0.0262653061224474));
#17592=CARTESIAN_POINT('',(0.308,0.089,-0.0262653061224474));
#17593=CARTESIAN_POINT('',(-0.108,0.089,-0.0262653061224474));
#17594=CARTESIAN_POINT('',(-0.108,0.099,-0.032999999999998));
#17595=CARTESIAN_POINT('',(-0.0920000000000001,0.099,-0.032999999999998));
#17596=CARTESIAN_POINT('',(-0.0920000000000001,0.089,-0.0262653061224474));
#17597=CARTESIAN_POINT('',(0.308,0.089,-0.0262653061224474));
#17598=CARTESIAN_POINT('',(-0.058,0.089,-0.0262653061224474));
#17599=CARTESIAN_POINT('',(-0.058,0.099,-0.032999999999998));
#17600=CARTESIAN_POINT('',(-0.0420000000000001,0.099,-0.032999999999998));
#17601=CARTESIAN_POINT('',(-0.0420000000000001,0.089,-0.0262653061224474));
#17602=CARTESIAN_POINT('',(0.308,0.089,-0.0262653061224474));
#17603=CARTESIAN_POINT('',(-0.00800000000000008,0.089,-0.0262653061224474));
#17604=CARTESIAN_POINT('',(-0.00800000000000009,0.099,-0.032999999999998));
#17605=CARTESIAN_POINT('',(0.00799999999999992,0.099,-0.032999999999998));
#17606=CARTESIAN_POINT('',(0.00799999999999993,0.089,-0.0262653061224474));
#17607=CARTESIAN_POINT('',(0.308,0.089,-0.0262653061224474));
#17608=CARTESIAN_POINT('',(0.0419999999999999,0.089,-0.0262653061224474));
#17609=CARTESIAN_POINT('',(0.0419999999999999,0.099,-0.032999999999998));
#17610=CARTESIAN_POINT('',(0.0579999999999999,0.099,-0.032999999999998));
#17611=CARTESIAN_POINT('',(0.0579999999999999,0.089,-0.0262653061224474));
#17612=CARTESIAN_POINT('',(0.308,0.089,-0.0262653061224474));
#17613=CARTESIAN_POINT('',(0.0919999999999999,0.089,-0.0262653061224474));
#17614=CARTESIAN_POINT('',(0.0919999999999999,0.099,-0.032999999999998));
#17615=CARTESIAN_POINT('',(0.108,0.099,-0.032999999999998));
#17616=CARTESIAN_POINT('',(0.108,0.089,-0.0262653061224474));
#17617=CARTESIAN_POINT('',(0.308,0.089,-0.0262653061224474));
#17618=CARTESIAN_POINT('',(0.142,0.089,-0.0262653061224474));
#17619=CARTESIAN_POINT('',(0.142,0.099,-0.032999999999998));
#17620=CARTESIAN_POINT('',(0.158,0.099,-0.032999999999998));
#17621=CARTESIAN_POINT('',(0.158,0.089,-0.0262653061224474));
#17622=CARTESIAN_POINT('',(0.308,0.089,-0.0262653061224474));
#17623=CARTESIAN_POINT('',(0.192,0.089,-0.0262653061224474));
#17624=CARTESIAN_POINT('',(0.192,0.099,-0.032999999999998));
#17625=CARTESIAN_POINT('',(0.208,0.099,-0.032999999999998));
#17626=CARTESIAN_POINT('',(0.208,0.089,-0.0262653061224474));
#17627=CARTESIAN_POINT('',(0.308,0.089,-0.0262653061224474));
#17628=CARTESIAN_POINT('',(0.242,0.089,-0.0262653061224474));
#17629=CARTESIAN_POINT('',(0.242,0.099,-0.032999999999998));
#17630=CARTESIAN_POINT('',(0.258,0.099,-0.032999999999998));
#17631=CARTESIAN_POINT('',(0.258,0.089,-0.0262653061224474));
#17632=CARTESIAN_POINT('',(0.308,0.089,-0.0262653061224474));
#17633=CARTESIAN_POINT('',(0.292,0.089,-0.0262653061224474));
#17634=CARTESIAN_POINT('',(0.292,0.099,-0.032999999999998));
#17635=CARTESIAN_POINT('',(0.308,0.099,-0.032999999999998));
#17636=CARTESIAN_POINT('',(0.308,0.05,0.));
#17637=CARTESIAN_POINT('',(0.308,0.05,0.));
#17638=CARTESIAN_POINT('',(-0.308,0.05,0.));
#17639=CARTESIAN_POINT('',(-0.308,0.099,-0.032999999999998));
#17640=CARTESIAN_POINT('',(0.308,0.05,0.));
#17641=CARTESIAN_POINT('',(-0.292,0.05,0.));
#17642=CARTESIAN_POINT('',(-0.292,0.089,0.0262653061224498));
#17643=CARTESIAN_POINT('',(-0.308,0.05,0.));
#17644=CARTESIAN_POINT('',(0.308,0.05,0.));
#17645=CARTESIAN_POINT('',(0.308,0.099,0.033000000000001));
#17646=CARTESIAN_POINT('',(0.308,0.099,0.033000000000001));
#17647=CARTESIAN_POINT('',(0.292,0.099,0.033000000000001));
#17648=CARTESIAN_POINT('',(0.292,0.05,0.));
#17649=CARTESIAN_POINT('',(0.292,0.089,0.0262653061224497));
#17650=CARTESIAN_POINT('',(0.308,0.089,0.0262653061224498));
#17651=CARTESIAN_POINT('',(0.258,0.089,0.0262653061224498));
#17652=CARTESIAN_POINT('',(0.258,0.05,0.));
#17653=CARTESIAN_POINT('',(0.242,0.05,0.));
#17654=CARTESIAN_POINT('',(0.242,0.089,0.0262653061224497));
#17655=CARTESIAN_POINT('',(0.308,0.089,0.0262653061224498));
#17656=CARTESIAN_POINT('',(0.208,0.089,0.0262653061224498));
#17657=CARTESIAN_POINT('',(0.208,0.05,0.));
#17658=CARTESIAN_POINT('',(0.192,0.05,0.));
#17659=CARTESIAN_POINT('',(0.192,0.089,0.0262653061224497));
#17660=CARTESIAN_POINT('',(0.308,0.089,0.0262653061224498));
#17661=CARTESIAN_POINT('',(0.158,0.089,0.0262653061224498));
#17662=CARTESIAN_POINT('',(0.158,0.05,0.));
#17663=CARTESIAN_POINT('',(0.142,0.05,0.));
#17664=CARTESIAN_POINT('',(0.142,0.089,0.0262653061224497));
#17665=CARTESIAN_POINT('',(0.308,0.089,0.0262653061224498));
#17666=CARTESIAN_POINT('',(0.108,0.089,0.0262653061224498));
#17667=CARTESIAN_POINT('',(0.108,0.05,0.));
#17668=CARTESIAN_POINT('',(0.0919999999999999,0.05,0.));
#17669=CARTESIAN_POINT('',(0.0919999999999999,0.089,0.0262653061224497));
#17670=CARTESIAN_POINT('',(0.308,0.089,0.0262653061224498));
#17671=CARTESIAN_POINT('',(0.0579999999999999,0.089,0.0262653061224498));
#17672=CARTESIAN_POINT('',(0.0579999999999999,0.05,0.));
#17673=CARTESIAN_POINT('',(0.0419999999999999,0.05,0.));
#17674=CARTESIAN_POINT('',(0.0419999999999999,0.089,0.0262653061224497));
#17675=CARTESIAN_POINT('',(0.308,0.089,0.0262653061224498));
#17676=CARTESIAN_POINT('',(0.00799999999999993,0.089,0.0262653061224498));
#17677=CARTESIAN_POINT('',(0.00799999999999992,0.05,0.));
#17678=CARTESIAN_POINT('',(-0.00800000000000009,0.05,0.));
#17679=CARTESIAN_POINT('',(-0.00800000000000008,0.089,0.0262653061224497));
#17680=CARTESIAN_POINT('',(0.308,0.089,0.0262653061224498));
#17681=CARTESIAN_POINT('',(-0.0420000000000001,0.089,0.0262653061224498));
#17682=CARTESIAN_POINT('',(-0.0420000000000001,0.05,0.));
#17683=CARTESIAN_POINT('',(-0.058,0.05,0.));
#17684=CARTESIAN_POINT('',(-0.058,0.089,0.0262653061224497));
#17685=CARTESIAN_POINT('',(0.308,0.089,0.0262653061224498));
#17686=CARTESIAN_POINT('',(-0.0920000000000001,0.089,0.0262653061224498));
#17687=CARTESIAN_POINT('',(-0.0920000000000001,0.05,0.));
#17688=CARTESIAN_POINT('',(-0.108,0.05,0.));
#17689=CARTESIAN_POINT('',(-0.108,0.089,0.0262653061224497));
#17690=CARTESIAN_POINT('',(0.308,0.089,0.0262653061224498));
#17691=CARTESIAN_POINT('',(-0.142,0.089,0.0262653061224498));
#17692=CARTESIAN_POINT('',(-0.142,0.05,0.));
#17693=CARTESIAN_POINT('',(-0.158,0.05,0.));
#17694=CARTESIAN_POINT('',(-0.158,0.089,0.0262653061224497));
#17695=CARTESIAN_POINT('',(0.308,0.089,0.0262653061224498));
#17696=CARTESIAN_POINT('',(-0.192,0.089,0.0262653061224498));
#17697=CARTESIAN_POINT('',(-0.192,0.05,0.));
#17698=CARTESIAN_POINT('',(-0.208,0.05,0.));
#17699=CARTESIAN_POINT('',(-0.208,0.089,0.0262653061224497));
#17700=CARTESIAN_POINT('',(0.308,0.089,0.0262653061224498));
#17701=CARTESIAN_POINT('',(-0.242,0.089,0.0262653061224498));
#17702=CARTESIAN_POINT('',(-0.242,0.05,0.));
#17703=CARTESIAN_POINT('',(-0.258,0.05,0.));
#17704=CARTESIAN_POINT('',(-0.258,0.089,0.0262653061224497));
#17705=CARTESIAN_POINT('',(0.308,0.089,0.0262653061224498));
#17706=CARTESIAN_POINT('',(0.308,0.099,0.033000000000001));
#17707=CARTESIAN_POINT('',(0.292,0.099,0.033000000000001));
#17708=CARTESIAN_POINT('',(0.292,0.21,0.0330000000000009));
#17709=CARTESIAN_POINT('',(0.308,0.099,0.033000000000001));
#17710=CARTESIAN_POINT('',(0.308,0.21,0.033000000000001));
#17711=CARTESIAN_POINT('',(0.308,0.21,0.033000000000001));
#17712=CARTESIAN_POINT('',(0.308,0.21,0.033000000000001));
#17713=CARTESIAN_POINT('',(0.295200000000003,0.215542562584223,0.0298));
#17714=CARTESIAN_POINT('',(0.29719615242271,0.219,0.027803847577295));
#17715=CARTESIAN_POINT('',(0.308,0.21,0.033000000000001));
#17716=CARTESIAN_POINT('',(0.30280384757729,0.219,0.027803847577295));
#17717=CARTESIAN_POINT('',(0.308,0.219,0.027803847577295));
#17718=CARTESIAN_POINT('',(0.308,0.219,0.027803847577295));
#17719=CARTESIAN_POINT('',(0.29719615242271,0.219,0.5));
#17720=CARTESIAN_POINT('',(0.29719615242271,0.219,0.022196152422708));
#17721=CARTESIAN_POINT('',(0.30280384757729,0.219,0.5));
#17722=CARTESIAN_POINT('',(0.30280384757729,0.219,0.022196152422708));
#17723=CARTESIAN_POINT('',(0.308,0.219,0.022196152422708));
#17724=CARTESIAN_POINT('',(0.308,0.219,0.022196152422708));
#17725=CARTESIAN_POINT('',(0.29935692193817,0.222742562584221,0.0243569219381669));
#17726=CARTESIAN_POINT('',(0.292,0.21,0.017000000000001));
#17727=CARTESIAN_POINT('',(0.303843078061833,0.217199999999998,0.0211569219381655));
#17728=CARTESIAN_POINT('',(0.308,0.21,0.0170000000000009));
#17729=CARTESIAN_POINT('',(0.308,0.21,0.017000000000001));
#17730=CARTESIAN_POINT('',(0.308,0.21,0.017000000000001));
#17731=CARTESIAN_POINT('',(0.292,0.21,0.017000000000001));
#17732=CARTESIAN_POINT('',(0.292,0.089,0.017000000000001));
#17733=CARTESIAN_POINT('',(0.308,0.21,0.017000000000001));
#17734=CARTESIAN_POINT('',(0.308,0.089,0.017000000000001));
#17735=CARTESIAN_POINT('',(0.308,0.089,0.017000000000001));
#17736=CARTESIAN_POINT('',(0.308,0.089,0.017000000000001));
#17737=CARTESIAN_POINT('',(0.308,0.089,-0.016999999999999));
#17738=CARTESIAN_POINT('',(0.308,0.089,-0.016999999999999));
#17739=CARTESIAN_POINT('',(0.292,0.089,-0.016999999999999));
#17740=CARTESIAN_POINT('',(0.292,0.089,0.5));
#17741=CARTESIAN_POINT('',(0.258,0.089,0.5));
#17742=CARTESIAN_POINT('',(0.242,0.089,0.5));
#17743=CARTESIAN_POINT('',(0.208,0.089,0.5));
#17744=CARTESIAN_POINT('',(0.192,0.089,0.5));
#17745=CARTESIAN_POINT('',(0.158,0.089,0.5));
#17746=CARTESIAN_POINT('',(0.142,0.089,0.5));
#17747=CARTESIAN_POINT('',(0.108,0.089,0.5));
#17748=CARTESIAN_POINT('',(0.0919999999999999,0.089,0.5));
#17749=CARTESIAN_POINT('',(0.0579999999999999,0.089,0.5));
#17750=CARTESIAN_POINT('',(0.0419999999999999,0.089,0.5));
#17751=CARTESIAN_POINT('',(0.00799999999999993,0.089,0.5));
#17752=CARTESIAN_POINT('',(-0.00800000000000007,0.089,0.5));
#17753=CARTESIAN_POINT('',(-0.0420000000000001,0.089,0.5));
#17754=CARTESIAN_POINT('',(-0.0580000000000001,0.089,0.5));
#17755=CARTESIAN_POINT('',(-0.0920000000000001,0.089,0.5));
#17756=CARTESIAN_POINT('',(-0.108,0.089,0.5));
#17757=CARTESIAN_POINT('',(-0.142,0.089,0.5));
#17758=CARTESIAN_POINT('',(-0.158,0.089,0.5));
#17759=CARTESIAN_POINT('',(-0.192,0.089,0.5));
#17760=CARTESIAN_POINT('',(-0.208,0.089,0.5));
#17761=CARTESIAN_POINT('',(-0.242,0.089,0.5));
#17762=CARTESIAN_POINT('',(-0.258,0.089,0.5));
#17763=CARTESIAN_POINT('',(-0.292,0.089,0.5));
#17764=CARTESIAN_POINT('',(-0.308,0.089,0.017000000000001));
#17765=CARTESIAN_POINT('',(-0.292,0.089,0.5));
#17766=CARTESIAN_POINT('',(-0.258,0.089,0.5));
#17767=CARTESIAN_POINT('',(-0.242,0.089,0.5));
#17768=CARTESIAN_POINT('',(-0.208,0.089,0.5));
#17769=CARTESIAN_POINT('',(-0.192,0.089,0.5));
#17770=CARTESIAN_POINT('',(-0.158,0.089,0.5));
#17771=CARTESIAN_POINT('',(-0.142,0.089,0.5));
#17772=CARTESIAN_POINT('',(-0.108,0.089,0.5));
#17773=CARTESIAN_POINT('',(-0.0920000000000001,0.089,0.5));
#17774=CARTESIAN_POINT('',(-0.0580000000000001,0.089,0.5));
#17775=CARTESIAN_POINT('',(-0.0420000000000001,0.089,0.5));
#17776=CARTESIAN_POINT('',(-0.00800000000000007,0.089,0.5));
#17777=CARTESIAN_POINT('',(0.00799999999999993,0.089,0.5));
#17778=CARTESIAN_POINT('',(0.0419999999999999,0.089,0.5));
#17779=CARTESIAN_POINT('',(0.0579999999999999,0.089,0.5));
#17780=CARTESIAN_POINT('',(0.0919999999999999,0.089,0.5));
#17781=CARTESIAN_POINT('',(0.108,0.089,0.5));
#17782=CARTESIAN_POINT('',(0.142,0.089,0.5));
#17783=CARTESIAN_POINT('',(0.158,0.089,0.5));
#17784=CARTESIAN_POINT('',(0.192,0.089,0.5));
#17785=CARTESIAN_POINT('',(0.208,0.089,0.5));
#17786=CARTESIAN_POINT('',(0.242,0.089,0.5));
#17787=CARTESIAN_POINT('',(0.258,0.089,0.5));
#17788=CARTESIAN_POINT('',(0.292,0.089,0.5));
#17789=CARTESIAN_POINT('',(0.308,0.089,0.017000000000001));
#17790=CARTESIAN_POINT('',(0.308,0.089,-0.016999999999999));
#17791=CARTESIAN_POINT('',(0.292,0.089,-0.016999999999999));
#17792=CARTESIAN_POINT('',(0.292,0.21,-0.0169999999999991));
#17793=CARTESIAN_POINT('',(0.308,0.089,-0.016999999999999));
#17794=CARTESIAN_POINT('',(0.308,0.21,-0.016999999999999));
#17795=CARTESIAN_POINT('',(0.308,0.21,-0.016999999999999));
#17796=CARTESIAN_POINT('',(0.308,0.21,-0.016999999999999));
#17797=CARTESIAN_POINT('',(0.295200000000003,0.215542562584223,-0.0202));
#17798=CARTESIAN_POINT('',(0.29719615242271,0.219,-0.022196152422705));
#17799=CARTESIAN_POINT('',(0.308,0.21,-0.016999999999999));
#17800=CARTESIAN_POINT('',(0.30280384757729,0.219,-0.022196152422705));
#17801=CARTESIAN_POINT('',(0.308,0.219,-0.022196152422705));
#17802=CARTESIAN_POINT('',(0.308,0.219,-0.022196152422705));
#17803=CARTESIAN_POINT('',(0.29719615242271,0.219,0.5));
#17804=CARTESIAN_POINT('',(0.29719615242271,0.219,-0.027803847577292));
#17805=CARTESIAN_POINT('',(0.30280384757729,0.219,0.5));
#17806=CARTESIAN_POINT('',(0.30280384757729,0.219,-0.027803847577292));
#17807=CARTESIAN_POINT('',(0.308,0.219,-0.027803847577292));
#17808=CARTESIAN_POINT('',(0.308,0.219,-0.027803847577292));
#17809=CARTESIAN_POINT('',(0.29935692193817,0.222742562584221,-0.0256430780618333));
#17810=CARTESIAN_POINT('',(0.303843078061833,0.217199999999998,-0.0288430780618343));
#17811=CARTESIAN_POINT('',(0.308,0.,0.));
#17812=CARTESIAN_POINT('',(0.308,0.21,0.));
#17813=CARTESIAN_POINT('',(0.308,0.21,0.));
#17814=CARTESIAN_POINT('',(-0.308,0.,0.));
#17815=CARTESIAN_POINT('',(-0.308,0.21,0.));
#17816=CARTESIAN_POINT('',(-0.308,0.21,0.));
#17817=CARTESIAN_POINT('',(-0.30280384757729,0.219,0.5));
#17818=CARTESIAN_POINT('',(-0.30280384757729,0.219,0.5));
#17819=CARTESIAN_POINT('',(0.308,0.21,0.5));
#17820=CARTESIAN_POINT('',(0.308,0.21,0.5));
#17821=CARTESIAN_POINT('',(0.258,0.21,0.5));
#17822=CARTESIAN_POINT('',(0.258,0.21,0.5));
#17823=CARTESIAN_POINT('',(0.29719615242271,0.219,0.5));
#17824=CARTESIAN_POINT('',(0.292,0.21,0.5));
#17825=CARTESIAN_POINT('',(0.292,0.21,0.5));
#17826=CARTESIAN_POINT('',(0.258,0.089,0.5));
#17827=CARTESIAN_POINT('',(0.208,0.21,0.5));
#17828=CARTESIAN_POINT('',(0.208,0.21,0.5));
#17829=CARTESIAN_POINT('',(0.24719615242271,0.219,0.5));
#17830=CARTESIAN_POINT('',(0.242,0.21,0.5));
#17831=CARTESIAN_POINT('',(0.242,0.21,0.5));
#17832=CARTESIAN_POINT('',(0.208,0.089,0.5));
#17833=CARTESIAN_POINT('',(0.158,0.21,0.5));
#17834=CARTESIAN_POINT('',(0.158,0.21,0.5));
#17835=CARTESIAN_POINT('',(0.19719615242271,0.219,0.5));
#17836=CARTESIAN_POINT('',(0.192,0.21,0.5));
#17837=CARTESIAN_POINT('',(0.192,0.21,0.5));
#17838=CARTESIAN_POINT('',(0.158,0.089,0.5));
#17839=CARTESIAN_POINT('',(0.108,0.21,0.5));
#17840=CARTESIAN_POINT('',(0.108,0.21,0.5));
#17841=CARTESIAN_POINT('',(0.14719615242271,0.219,0.5));
#17842=CARTESIAN_POINT('',(0.142,0.21,0.5));
#17843=CARTESIAN_POINT('',(0.142,0.21,0.5));
#17844=CARTESIAN_POINT('',(0.108,0.089,0.5));
#17845=CARTESIAN_POINT('',(0.0579999999999999,0.21,0.5));
#17846=CARTESIAN_POINT('',(0.0579999999999999,0.21,0.5));
#17847=CARTESIAN_POINT('',(0.0971961524227099,0.219,0.5));
#17848=CARTESIAN_POINT('',(0.0919999999999999,0.21,0.5));
#17849=CARTESIAN_POINT('',(0.0919999999999999,0.21,0.5));
#17850=CARTESIAN_POINT('',(0.0579999999999999,0.089,0.5));
#17851=CARTESIAN_POINT('',(0.00799999999999993,0.21,0.5));
#17852=CARTESIAN_POINT('',(0.00799999999999993,0.21,0.5));
#17853=CARTESIAN_POINT('',(0.0471961524227099,0.219,0.5));
#17854=CARTESIAN_POINT('',(0.0419999999999999,0.21,0.5));
#17855=CARTESIAN_POINT('',(0.0419999999999999,0.21,0.5));
#17856=CARTESIAN_POINT('',(0.00799999999999993,0.089,0.5));
#17857=CARTESIAN_POINT('',(-0.0420000000000001,0.21,0.5));
#17858=CARTESIAN_POINT('',(-0.0420000000000001,0.21,0.5));
#17859=CARTESIAN_POINT('',(-0.00280384757729008,0.219,0.5));
#17860=CARTESIAN_POINT('',(-0.00800000000000007,0.21,0.5));
#17861=CARTESIAN_POINT('',(-0.00800000000000007,0.21,0.5));
#17862=CARTESIAN_POINT('',(-0.0420000000000001,0.089,0.5));
#17863=CARTESIAN_POINT('',(-0.0920000000000001,0.21,0.5));
#17864=CARTESIAN_POINT('',(-0.0920000000000001,0.21,0.5));
#17865=CARTESIAN_POINT('',(-0.0528038475772901,0.219,0.5));
#17866=CARTESIAN_POINT('',(-0.0580000000000001,0.21,0.5));
#17867=CARTESIAN_POINT('',(-0.0580000000000001,0.21,0.5));
#17868=CARTESIAN_POINT('',(-0.0920000000000001,0.089,0.5));
#17869=CARTESIAN_POINT('',(-0.142,0.21,0.5));
#17870=CARTESIAN_POINT('',(-0.142,0.21,0.5));
#17871=CARTESIAN_POINT('',(-0.10280384757729,0.219,0.5));
#17872=CARTESIAN_POINT('',(-0.108,0.21,0.5));
#17873=CARTESIAN_POINT('',(-0.108,0.21,0.5));
#17874=CARTESIAN_POINT('',(-0.142,0.089,0.5));
#17875=CARTESIAN_POINT('',(-0.192,0.21,0.5));
#17876=CARTESIAN_POINT('',(-0.192,0.21,0.5));
#17877=CARTESIAN_POINT('',(-0.15280384757729,0.219,0.5));
#17878=CARTESIAN_POINT('',(-0.158,0.21,0.5));
#17879=CARTESIAN_POINT('',(-0.158,0.21,0.5));
#17880=CARTESIAN_POINT('',(-0.192,0.089,0.5));
#17881=CARTESIAN_POINT('',(-0.242,0.21,0.5));
#17882=CARTESIAN_POINT('',(-0.242,0.21,0.5));
#17883=CARTESIAN_POINT('',(-0.20280384757729,0.219,0.5));
#17884=CARTESIAN_POINT('',(-0.208,0.21,0.5));
#17885=CARTESIAN_POINT('',(-0.208,0.21,0.5));
#17886=CARTESIAN_POINT('',(-0.242,0.089,0.5));
#17887=CARTESIAN_POINT('',(-0.292,0.21,0.5));
#17888=CARTESIAN_POINT('',(-0.292,0.21,0.5));
#17889=CARTESIAN_POINT('',(-0.25280384757729,0.219,0.5));
#17890=CARTESIAN_POINT('',(-0.258,0.21,0.5));
#17891=CARTESIAN_POINT('',(-0.258,0.21,0.5));
#17892=CARTESIAN_POINT('',(-0.292,0.089,0.5));
#17893=CARTESIAN_POINT('',(0.292,0.21,0.5));
#17894=CARTESIAN_POINT('',(0.292,0.21,0.5));
#17895=CARTESIAN_POINT('',(0.258,0.089,0.5));
#17896=CARTESIAN_POINT('',(0.258,0.21,0.5));
#17897=CARTESIAN_POINT('',(0.29719615242271,0.219,0.5));
#17898=CARTESIAN_POINT('',(0.258,0.21,0.5));
#17899=CARTESIAN_POINT('',(0.242,0.21,0.5));
#17900=CARTESIAN_POINT('',(0.242,0.21,0.5));
#17901=CARTESIAN_POINT('',(0.208,0.089,0.5));
#17902=CARTESIAN_POINT('',(0.208,0.21,0.5));
#17903=CARTESIAN_POINT('',(0.24719615242271,0.219,0.5));
#17904=CARTESIAN_POINT('',(0.208,0.21,0.5));
#17905=CARTESIAN_POINT('',(0.192,0.21,0.5));
#17906=CARTESIAN_POINT('',(0.192,0.21,0.5));
#17907=CARTESIAN_POINT('',(0.158,0.089,0.5));
#17908=CARTESIAN_POINT('',(0.158,0.21,0.5));
#17909=CARTESIAN_POINT('',(0.19719615242271,0.219,0.5));
#17910=CARTESIAN_POINT('',(0.158,0.21,0.5));
#17911=CARTESIAN_POINT('',(0.142,0.21,0.5));
#17912=CARTESIAN_POINT('',(0.142,0.21,0.5));
#17913=CARTESIAN_POINT('',(0.108,0.089,0.5));
#17914=CARTESIAN_POINT('',(0.108,0.21,0.5));
#17915=CARTESIAN_POINT('',(0.14719615242271,0.219,0.5));
#17916=CARTESIAN_POINT('',(0.108,0.21,0.5));
#17917=CARTESIAN_POINT('',(0.0919999999999999,0.21,0.5));
#17918=CARTESIAN_POINT('',(0.0919999999999999,0.21,0.5));
#17919=CARTESIAN_POINT('',(0.0579999999999999,0.089,0.5));
#17920=CARTESIAN_POINT('',(0.0579999999999999,0.21,0.5));
#17921=CARTESIAN_POINT('',(0.0971961524227099,0.219,0.5));
#17922=CARTESIAN_POINT('',(0.0579999999999999,0.21,0.5));
#17923=CARTESIAN_POINT('',(0.0419999999999999,0.21,0.5));
#17924=CARTESIAN_POINT('',(0.0419999999999999,0.21,0.5));
#17925=CARTESIAN_POINT('',(0.00799999999999993,0.089,0.5));
#17926=CARTESIAN_POINT('',(0.00799999999999993,0.21,0.5));
#17927=CARTESIAN_POINT('',(0.0471961524227099,0.219,0.5));
#17928=CARTESIAN_POINT('',(0.00799999999999993,0.21,0.5));
#17929=CARTESIAN_POINT('',(-0.00800000000000007,0.21,0.5));
#17930=CARTESIAN_POINT('',(-0.00800000000000007,0.21,0.5));
#17931=CARTESIAN_POINT('',(-0.0420000000000001,0.089,0.5));
#17932=CARTESIAN_POINT('',(-0.0420000000000001,0.21,0.5));
#17933=CARTESIAN_POINT('',(-0.00280384757729008,0.219,0.5));
#17934=CARTESIAN_POINT('',(-0.0420000000000001,0.21,0.5));
#17935=CARTESIAN_POINT('',(-0.0580000000000001,0.21,0.5));
#17936=CARTESIAN_POINT('',(-0.0580000000000001,0.21,0.5));
#17937=CARTESIAN_POINT('',(-0.0920000000000001,0.089,0.5));
#17938=CARTESIAN_POINT('',(-0.0920000000000001,0.21,0.5));
#17939=CARTESIAN_POINT('',(-0.0528038475772901,0.219,0.5));
#17940=CARTESIAN_POINT('',(-0.0920000000000001,0.21,0.5));
#17941=CARTESIAN_POINT('',(-0.108,0.21,0.5));
#17942=CARTESIAN_POINT('',(-0.108,0.21,0.5));
#17943=CARTESIAN_POINT('',(-0.142,0.089,0.5));
#17944=CARTESIAN_POINT('',(-0.142,0.21,0.5));
#17945=CARTESIAN_POINT('',(-0.10280384757729,0.219,0.5));
#17946=CARTESIAN_POINT('',(-0.142,0.21,0.5));
#17947=CARTESIAN_POINT('',(-0.158,0.21,0.5));
#17948=CARTESIAN_POINT('',(-0.158,0.21,0.5));
#17949=CARTESIAN_POINT('',(-0.192,0.089,0.5));
#17950=CARTESIAN_POINT('',(-0.192,0.21,0.5));
#17951=CARTESIAN_POINT('',(-0.15280384757729,0.219,0.5));
#17952=CARTESIAN_POINT('',(-0.192,0.21,0.5));
#17953=CARTESIAN_POINT('',(-0.208,0.21,0.5));
#17954=CARTESIAN_POINT('',(-0.208,0.21,0.5));
#17955=CARTESIAN_POINT('',(-0.242,0.089,0.5));
#17956=CARTESIAN_POINT('',(-0.242,0.21,0.5));
#17957=CARTESIAN_POINT('',(-0.20280384757729,0.219,0.5));
#17958=CARTESIAN_POINT('',(-0.242,0.21,0.5));
#17959=CARTESIAN_POINT('',(-0.292,0.089,0.5));
#17960=CARTESIAN_POINT('',(-0.292,0.21,0.5));
#17961=CARTESIAN_POINT('',(-0.258,0.21,0.5));
#17962=CARTESIAN_POINT('',(-0.258,0.21,0.5));
#17963=CARTESIAN_POINT('',(-0.292,0.21,0.5));
#17964=CARTESIAN_POINT('',(-0.25280384757729,0.219,0.5));
#17965=CARTESIAN_POINT('',(0.,0.,0.));
#17966=CARTESIAN_POINT('',(0.308,0.,-0.066));
#17967=CARTESIAN_POINT('',(0.292,0.,-0.066));
#17968=CARTESIAN_POINT('',(0.292,0.,-0.066));
#17969=CARTESIAN_POINT('',(0.292,0.,-0.115));
#17970=CARTESIAN_POINT('',(0.308,0.,-0.066));
#17971=CARTESIAN_POINT('',(0.308,0.,-0.066));
#17972=CARTESIAN_POINT('',(0.308,0.,-0.066));
#17973=CARTESIAN_POINT('',(0.308,0.,-0.115));
#17974=CARTESIAN_POINT('',(0.308,0.,-0.115));
#17975=CARTESIAN_POINT('',(0.308,0.,-0.066));
#17976=CARTESIAN_POINT('',(0.258,0.,-0.066));
#17977=CARTESIAN_POINT('',(0.258,0.,-0.115));
#17978=CARTESIAN_POINT('',(0.258,0.,-0.066));
#17979=CARTESIAN_POINT('',(0.308,0.,-0.115));
#17980=CARTESIAN_POINT('',(0.242,0.,-0.115));
#17981=CARTESIAN_POINT('',(0.242,0.,-0.066));
#17982=CARTESIAN_POINT('',(0.242,0.,-0.066));
#17983=CARTESIAN_POINT('',(0.308,0.,-0.066));
#17984=CARTESIAN_POINT('',(0.308,0.,-0.066));
#17985=CARTESIAN_POINT('',(0.208,0.,-0.066));
#17986=CARTESIAN_POINT('',(0.208,0.,-0.115));
#17987=CARTESIAN_POINT('',(0.208,0.,-0.066));
#17988=CARTESIAN_POINT('',(0.308,0.,-0.115));
#17989=CARTESIAN_POINT('',(0.192,0.,-0.115));
#17990=CARTESIAN_POINT('',(0.192,0.,-0.066));
#17991=CARTESIAN_POINT('',(0.192,0.,-0.066));
#17992=CARTESIAN_POINT('',(0.308,0.,-0.066));
#17993=CARTESIAN_POINT('',(0.308,0.,-0.066));
#17994=CARTESIAN_POINT('',(0.158,0.,-0.066));
#17995=CARTESIAN_POINT('',(0.158,0.,-0.115));
#17996=CARTESIAN_POINT('',(0.158,0.,-0.066));
#17997=CARTESIAN_POINT('',(0.308,0.,-0.115));
#17998=CARTESIAN_POINT('',(0.142,0.,-0.115));
#17999=CARTESIAN_POINT('',(0.142,0.,-0.066));
#18000=CARTESIAN_POINT('',(0.142,0.,-0.066));
#18001=CARTESIAN_POINT('',(0.308,0.,-0.066));
#18002=CARTESIAN_POINT('',(0.308,0.,-0.066));
#18003=CARTESIAN_POINT('',(0.108,0.,-0.066));
#18004=CARTESIAN_POINT('',(0.108,0.,-0.115));
#18005=CARTESIAN_POINT('',(0.108,0.,-0.066));
#18006=CARTESIAN_POINT('',(0.308,0.,-0.115));
#18007=CARTESIAN_POINT('',(0.0919999999999999,0.,-0.115));
#18008=CARTESIAN_POINT('',(0.0919999999999999,0.,-0.066));
#18009=CARTESIAN_POINT('',(0.0919999999999999,0.,-0.066));
#18010=CARTESIAN_POINT('',(0.308,0.,-0.066));
#18011=CARTESIAN_POINT('',(0.308,0.,-0.066));
#18012=CARTESIAN_POINT('',(0.0579999999999999,0.,-0.066));
#18013=CARTESIAN_POINT('',(0.0579999999999999,0.,-0.115));
#18014=CARTESIAN_POINT('',(0.0579999999999999,0.,-0.066));
#18015=CARTESIAN_POINT('',(0.308,0.,-0.115));
#18016=CARTESIAN_POINT('',(0.0419999999999999,0.,-0.115));
#18017=CARTESIAN_POINT('',(0.0419999999999999,0.,-0.066));
#18018=CARTESIAN_POINT('',(0.0419999999999999,0.,-0.066));
#18019=CARTESIAN_POINT('',(0.308,0.,-0.066));
#18020=CARTESIAN_POINT('',(0.308,0.,-0.066));
#18021=CARTESIAN_POINT('',(0.00799999999999992,0.,-0.066));
#18022=CARTESIAN_POINT('',(0.00799999999999992,0.,-0.115));
#18023=CARTESIAN_POINT('',(0.00799999999999992,0.,-0.066));
#18024=CARTESIAN_POINT('',(0.308,0.,-0.115));
#18025=CARTESIAN_POINT('',(-0.00800000000000009,0.,-0.115));
#18026=CARTESIAN_POINT('',(-0.00800000000000009,0.,-0.066));
#18027=CARTESIAN_POINT('',(-0.00800000000000009,0.,-0.066));
#18028=CARTESIAN_POINT('',(0.308,0.,-0.066));
#18029=CARTESIAN_POINT('',(0.308,0.,-0.066));
#18030=CARTESIAN_POINT('',(-0.0420000000000001,0.,-0.066));
#18031=CARTESIAN_POINT('',(-0.0420000000000001,0.,-0.115));
#18032=CARTESIAN_POINT('',(-0.0420000000000001,0.,-0.066));
#18033=CARTESIAN_POINT('',(0.308,0.,-0.115));
#18034=CARTESIAN_POINT('',(-0.058,0.,-0.115));
#18035=CARTESIAN_POINT('',(-0.058,0.,-0.066));
#18036=CARTESIAN_POINT('',(-0.058,0.,-0.066));
#18037=CARTESIAN_POINT('',(0.308,0.,-0.066));
#18038=CARTESIAN_POINT('',(0.308,0.,-0.066));
#18039=CARTESIAN_POINT('',(-0.0920000000000001,0.,-0.066));
#18040=CARTESIAN_POINT('',(-0.0920000000000001,0.,-0.115));
#18041=CARTESIAN_POINT('',(-0.0920000000000001,0.,-0.066));
#18042=CARTESIAN_POINT('',(0.308,0.,-0.115));
#18043=CARTESIAN_POINT('',(-0.108,0.,-0.115));
#18044=CARTESIAN_POINT('',(-0.108,0.,-0.066));
#18045=CARTESIAN_POINT('',(-0.108,0.,-0.066));
#18046=CARTESIAN_POINT('',(0.308,0.,-0.066));
#18047=CARTESIAN_POINT('',(0.308,0.,-0.066));
#18048=CARTESIAN_POINT('',(-0.142,0.,-0.066));
#18049=CARTESIAN_POINT('',(-0.142,0.,-0.115));
#18050=CARTESIAN_POINT('',(-0.142,0.,-0.066));
#18051=CARTESIAN_POINT('',(0.308,0.,-0.115));
#18052=CARTESIAN_POINT('',(-0.158,0.,-0.115));
#18053=CARTESIAN_POINT('',(-0.158,0.,-0.066));
#18054=CARTESIAN_POINT('',(-0.158,0.,-0.066));
#18055=CARTESIAN_POINT('',(0.308,0.,-0.066));
#18056=CARTESIAN_POINT('',(0.308,0.,-0.066));
#18057=CARTESIAN_POINT('',(-0.192,0.,-0.066));
#18058=CARTESIAN_POINT('',(-0.192,0.,-0.115));
#18059=CARTESIAN_POINT('',(-0.192,0.,-0.066));
#18060=CARTESIAN_POINT('',(0.308,0.,-0.115));
#18061=CARTESIAN_POINT('',(-0.208,0.,-0.115));
#18062=CARTESIAN_POINT('',(-0.208,0.,-0.066));
#18063=CARTESIAN_POINT('',(-0.208,0.,-0.066));
#18064=CARTESIAN_POINT('',(0.308,0.,-0.066));
#18065=CARTESIAN_POINT('',(0.308,0.,-0.066));
#18066=CARTESIAN_POINT('',(-0.242,0.,-0.066));
#18067=CARTESIAN_POINT('',(-0.242,0.,-0.115));
#18068=CARTESIAN_POINT('',(-0.242,0.,-0.066));
#18069=CARTESIAN_POINT('',(0.308,0.,-0.115));
#18070=CARTESIAN_POINT('',(-0.258,0.,-0.115));
#18071=CARTESIAN_POINT('',(-0.258,0.,-0.066));
#18072=CARTESIAN_POINT('',(-0.258,0.,-0.066));
#18073=CARTESIAN_POINT('',(0.308,0.,-0.066));
#18074=CARTESIAN_POINT('',(0.308,0.,-0.115));
#18075=CARTESIAN_POINT('',(0.292,0.,-0.115));
#18076=CARTESIAN_POINT('',(0.292,-0.016,-0.115));
#18077=CARTESIAN_POINT('',(0.308,0.,-0.115));
#18078=CARTESIAN_POINT('',(0.308,-0.016,-0.115));
#18079=CARTESIAN_POINT('',(0.308,-0.016,-0.115));
#18080=CARTESIAN_POINT('',(0.308,0.,-0.115));
#18081=CARTESIAN_POINT('',(0.258,0.,-0.115));
#18082=CARTESIAN_POINT('',(0.258,-0.016,-0.115));
#18083=CARTESIAN_POINT('',(0.308,-0.016,-0.115));
#18084=CARTESIAN_POINT('',(0.242,-0.016,-0.115));
#18085=CARTESIAN_POINT('',(0.242,0.,-0.115));
#18086=CARTESIAN_POINT('',(0.308,0.,-0.115));
#18087=CARTESIAN_POINT('',(0.208,0.,-0.115));
#18088=CARTESIAN_POINT('',(0.208,-0.016,-0.115));
#18089=CARTESIAN_POINT('',(0.308,-0.016,-0.115));
#18090=CARTESIAN_POINT('',(0.192,-0.016,-0.115));
#18091=CARTESIAN_POINT('',(0.192,0.,-0.115));
#18092=CARTESIAN_POINT('',(0.308,0.,-0.115));
#18093=CARTESIAN_POINT('',(0.158,0.,-0.115));
#18094=CARTESIAN_POINT('',(0.158,-0.016,-0.115));
#18095=CARTESIAN_POINT('',(0.308,-0.016,-0.115));
#18096=CARTESIAN_POINT('',(0.142,-0.016,-0.115));
#18097=CARTESIAN_POINT('',(0.142,0.,-0.115));
#18098=CARTESIAN_POINT('',(0.308,0.,-0.115));
#18099=CARTESIAN_POINT('',(0.108,0.,-0.115));
#18100=CARTESIAN_POINT('',(0.108,-0.016,-0.115));
#18101=CARTESIAN_POINT('',(0.308,-0.016,-0.115));
#18102=CARTESIAN_POINT('',(0.0919999999999999,-0.016,-0.115));
#18103=CARTESIAN_POINT('',(0.0919999999999999,0.,-0.115));
#18104=CARTESIAN_POINT('',(0.308,0.,-0.115));
#18105=CARTESIAN_POINT('',(0.0579999999999999,0.,-0.115));
#18106=CARTESIAN_POINT('',(0.0579999999999999,-0.016,-0.115));
#18107=CARTESIAN_POINT('',(0.308,-0.016,-0.115));
#18108=CARTESIAN_POINT('',(0.0419999999999999,-0.016,-0.115));
#18109=CARTESIAN_POINT('',(0.0419999999999999,0.,-0.115));
#18110=CARTESIAN_POINT('',(0.308,0.,-0.115));
#18111=CARTESIAN_POINT('',(0.00799999999999992,0.,-0.115));
#18112=CARTESIAN_POINT('',(0.00799999999999992,-0.016,-0.115));
#18113=CARTESIAN_POINT('',(0.308,-0.016,-0.115));
#18114=CARTESIAN_POINT('',(-0.00800000000000009,-0.016,-0.115));
#18115=CARTESIAN_POINT('',(-0.00800000000000009,0.,-0.115));
#18116=CARTESIAN_POINT('',(0.308,0.,-0.115));
#18117=CARTESIAN_POINT('',(-0.0420000000000001,0.,-0.115));
#18118=CARTESIAN_POINT('',(-0.0420000000000001,-0.016,-0.115));
#18119=CARTESIAN_POINT('',(0.308,-0.016,-0.115));
#18120=CARTESIAN_POINT('',(-0.058,-0.016,-0.115));
#18121=CARTESIAN_POINT('',(-0.058,0.,-0.115));
#18122=CARTESIAN_POINT('',(0.308,0.,-0.115));
#18123=CARTESIAN_POINT('',(-0.0920000000000001,0.,-0.115));
#18124=CARTESIAN_POINT('',(-0.0920000000000001,-0.016,-0.115));
#18125=CARTESIAN_POINT('',(0.308,-0.016,-0.115));
#18126=CARTESIAN_POINT('',(-0.108,-0.016,-0.115));
#18127=CARTESIAN_POINT('',(-0.108,0.,-0.115));
#18128=CARTESIAN_POINT('',(0.308,0.,-0.115));
#18129=CARTESIAN_POINT('',(-0.142,0.,-0.115));
#18130=CARTESIAN_POINT('',(-0.142,-0.016,-0.115));
#18131=CARTESIAN_POINT('',(0.308,-0.016,-0.115));
#18132=CARTESIAN_POINT('',(-0.158,-0.016,-0.115));
#18133=CARTESIAN_POINT('',(-0.158,0.,-0.115));
#18134=CARTESIAN_POINT('',(0.308,0.,-0.115));
#18135=CARTESIAN_POINT('',(-0.192,0.,-0.115));
#18136=CARTESIAN_POINT('',(-0.192,-0.016,-0.115));
#18137=CARTESIAN_POINT('',(0.308,-0.016,-0.115));
#18138=CARTESIAN_POINT('',(-0.208,-0.016,-0.115));
#18139=CARTESIAN_POINT('',(-0.208,0.,-0.115));
#18140=CARTESIAN_POINT('',(0.308,0.,-0.115));
#18141=CARTESIAN_POINT('',(-0.242,0.,-0.115));
#18142=CARTESIAN_POINT('',(-0.242,-0.016,-0.115));
#18143=CARTESIAN_POINT('',(0.308,-0.016,-0.115));
#18144=CARTESIAN_POINT('',(-0.258,-0.016,-0.115));
#18145=CARTESIAN_POINT('',(-0.258,0.,-0.115));
#18146=CARTESIAN_POINT('',(0.308,-0.016,-0.115));
#18147=CARTESIAN_POINT('',(0.292,-0.016,-0.115));
#18148=CARTESIAN_POINT('',(0.292,-0.016,-0.0403238075793815));
#18149=CARTESIAN_POINT('',(0.308,-0.016,-0.115));
#18150=CARTESIAN_POINT('',(0.308,-0.016,-0.0403238075793815));
#18151=CARTESIAN_POINT('',(0.308,-0.016,-0.0403238075793815));
#18152=CARTESIAN_POINT('',(0.308,-0.016,-0.115));
#18153=CARTESIAN_POINT('',(0.258,-0.016,-0.115));
#18154=CARTESIAN_POINT('',(0.258,-0.016,-0.0403238075793815));
#18155=CARTESIAN_POINT('',(0.308,-0.016,-0.0403238075793815));
#18156=CARTESIAN_POINT('',(0.242,-0.016,-0.0403238075793815));
#18157=CARTESIAN_POINT('',(0.242,-0.016,-0.115));
#18158=CARTESIAN_POINT('',(0.308,-0.016,-0.115));
#18159=CARTESIAN_POINT('',(0.208,-0.016,-0.115));
#18160=CARTESIAN_POINT('',(0.208,-0.016,-0.0403238075793815));
#18161=CARTESIAN_POINT('',(0.308,-0.016,-0.0403238075793815));
#18162=CARTESIAN_POINT('',(0.192,-0.016,-0.0403238075793815));
#18163=CARTESIAN_POINT('',(0.192,-0.016,-0.115));
#18164=CARTESIAN_POINT('',(0.308,-0.016,-0.115));
#18165=CARTESIAN_POINT('',(0.158,-0.016,-0.115));
#18166=CARTESIAN_POINT('',(0.158,-0.016,-0.0403238075793815));
#18167=CARTESIAN_POINT('',(0.308,-0.016,-0.0403238075793815));
#18168=CARTESIAN_POINT('',(0.142,-0.016,-0.0403238075793815));
#18169=CARTESIAN_POINT('',(0.142,-0.016,-0.115));
#18170=CARTESIAN_POINT('',(0.308,-0.016,-0.115));
#18171=CARTESIAN_POINT('',(0.108,-0.016,-0.115));
#18172=CARTESIAN_POINT('',(0.108,-0.016,-0.0403238075793815));
#18173=CARTESIAN_POINT('',(0.308,-0.016,-0.0403238075793815));
#18174=CARTESIAN_POINT('',(0.0919999999999999,-0.016,-0.0403238075793815));
#18175=CARTESIAN_POINT('',(0.0919999999999999,-0.016,-0.115));
#18176=CARTESIAN_POINT('',(0.308,-0.016,-0.115));
#18177=CARTESIAN_POINT('',(0.0579999999999999,-0.016,-0.115));
#18178=CARTESIAN_POINT('',(0.0579999999999999,-0.016,-0.0403238075793815));
#18179=CARTESIAN_POINT('',(0.308,-0.016,-0.0403238075793815));
#18180=CARTESIAN_POINT('',(0.0419999999999999,-0.016,-0.0403238075793815));
#18181=CARTESIAN_POINT('',(0.0419999999999999,-0.016,-0.115));
#18182=CARTESIAN_POINT('',(0.308,-0.016,-0.115));
#18183=CARTESIAN_POINT('',(0.00799999999999992,-0.016,-0.115));
#18184=CARTESIAN_POINT('',(0.00799999999999992,-0.016,-0.0403238075793815));
#18185=CARTESIAN_POINT('',(0.308,-0.016,-0.0403238075793815));
#18186=CARTESIAN_POINT('',(-0.00800000000000009,-0.016,-0.0403238075793815));
#18187=CARTESIAN_POINT('',(-0.00800000000000009,-0.016,-0.115));
#18188=CARTESIAN_POINT('',(0.308,-0.016,-0.115));
#18189=CARTESIAN_POINT('',(-0.0420000000000001,-0.016,-0.115));
#18190=CARTESIAN_POINT('',(-0.0420000000000001,-0.016,-0.0403238075793815));
#18191=CARTESIAN_POINT('',(0.308,-0.016,-0.0403238075793815));
#18192=CARTESIAN_POINT('',(-0.058,-0.016,-0.0403238075793815));
#18193=CARTESIAN_POINT('',(-0.058,-0.016,-0.115));
#18194=CARTESIAN_POINT('',(0.308,-0.016,-0.115));
#18195=CARTESIAN_POINT('',(-0.0920000000000001,-0.016,-0.115));
#18196=CARTESIAN_POINT('',(-0.0920000000000001,-0.016,-0.0403238075793815));
#18197=CARTESIAN_POINT('',(0.308,-0.016,-0.0403238075793815));
#18198=CARTESIAN_POINT('',(-0.108,-0.016,-0.0403238075793815));
#18199=CARTESIAN_POINT('',(-0.108,-0.016,-0.115));
#18200=CARTESIAN_POINT('',(0.308,-0.016,-0.115));
#18201=CARTESIAN_POINT('',(-0.142,-0.016,-0.115));
#18202=CARTESIAN_POINT('',(-0.142,-0.016,-0.0403238075793815));
#18203=CARTESIAN_POINT('',(0.308,-0.016,-0.0403238075793815));
#18204=CARTESIAN_POINT('',(-0.158,-0.016,-0.0403238075793815));
#18205=CARTESIAN_POINT('',(-0.158,-0.016,-0.115));
#18206=CARTESIAN_POINT('',(0.308,-0.016,-0.115));
#18207=CARTESIAN_POINT('',(-0.192,-0.016,-0.115));
#18208=CARTESIAN_POINT('',(-0.192,-0.016,-0.0403238075793815));
#18209=CARTESIAN_POINT('',(0.308,-0.016,-0.0403238075793815));
#18210=CARTESIAN_POINT('',(-0.208,-0.016,-0.0403238075793815));
#18211=CARTESIAN_POINT('',(-0.208,-0.016,-0.115));
#18212=CARTESIAN_POINT('',(0.308,-0.016,-0.115));
#18213=CARTESIAN_POINT('',(-0.242,-0.016,-0.115));
#18214=CARTESIAN_POINT('',(-0.242,-0.016,-0.0403238075793815));
#18215=CARTESIAN_POINT('',(0.308,-0.016,-0.0403238075793815));
#18216=CARTESIAN_POINT('',(-0.258,-0.016,-0.0403238075793815));
#18217=CARTESIAN_POINT('',(-0.258,-0.016,-0.115));
#18218=CARTESIAN_POINT('',(0.308,0.0090000000000005,-0.0403238075793815));
#18219=CARTESIAN_POINT('',(0.292,0.0090000000000005,-0.0403238075793815));
#18220=CARTESIAN_POINT('',(0.292,-1.0671281225251E-17,-0.017));
#18221=CARTESIAN_POINT('',(0.308,0.0090000000000005,-0.0403238075793815));
#18222=CARTESIAN_POINT('',(0.308,-1.28055374703012E-17,-0.017));
#18223=CARTESIAN_POINT('',(0.308,-1.28055374703012E-17,-0.017));
#18224=CARTESIAN_POINT('',(0.308,0.0090000000000005,-0.0403238075793815));
#18225=CARTESIAN_POINT('',(0.258,0.0090000000000005,-0.0403238075793815));
#18226=CARTESIAN_POINT('',(0.258,-1.0671281225251E-17,-0.017));
#18227=CARTESIAN_POINT('',(0.308,-1.28055374703012E-17,-0.017));
#18228=CARTESIAN_POINT('',(0.242,-1.0671281225251E-17,-0.017));
#18229=CARTESIAN_POINT('',(0.242,0.0090000000000005,-0.0403238075793815));
#18230=CARTESIAN_POINT('',(0.308,0.0090000000000005,-0.0403238075793815));
#18231=CARTESIAN_POINT('',(0.208,0.0090000000000005,-0.0403238075793815));
#18232=CARTESIAN_POINT('',(0.208,-1.0671281225251E-17,-0.017));
#18233=CARTESIAN_POINT('',(0.308,-1.28055374703012E-17,-0.017));
#18234=CARTESIAN_POINT('',(0.192,-1.0671281225251E-17,-0.017));
#18235=CARTESIAN_POINT('',(0.192,0.0090000000000005,-0.0403238075793815));
#18236=CARTESIAN_POINT('',(0.308,0.0090000000000005,-0.0403238075793815));
#18237=CARTESIAN_POINT('',(0.158,0.0090000000000005,-0.0403238075793815));
#18238=CARTESIAN_POINT('',(0.158,-1.0671281225251E-17,-0.017));
#18239=CARTESIAN_POINT('',(0.308,-1.28055374703012E-17,-0.017));
#18240=CARTESIAN_POINT('',(0.142,-1.0671281225251E-17,-0.017));
#18241=CARTESIAN_POINT('',(0.142,0.0090000000000005,-0.0403238075793815));
#18242=CARTESIAN_POINT('',(0.308,0.0090000000000005,-0.0403238075793815));
#18243=CARTESIAN_POINT('',(0.108,0.0090000000000005,-0.0403238075793815));
#18244=CARTESIAN_POINT('',(0.108,-1.0671281225251E-17,-0.017));
#18245=CARTESIAN_POINT('',(0.308,-1.28055374703012E-17,-0.017));
#18246=CARTESIAN_POINT('',(0.0919999999999999,-1.0671281225251E-17,-0.017));
#18247=CARTESIAN_POINT('',(0.0919999999999999,0.0090000000000005,-0.0403238075793815));
#18248=CARTESIAN_POINT('',(0.308,0.0090000000000005,-0.0403238075793815));
#18249=CARTESIAN_POINT('',(0.0579999999999999,0.0090000000000005,-0.0403238075793815));
#18250=CARTESIAN_POINT('',(0.0579999999999999,-1.0671281225251E-17,-0.017));
#18251=CARTESIAN_POINT('',(0.308,-1.28055374703012E-17,-0.017));
#18252=CARTESIAN_POINT('',(0.0419999999999999,-1.0671281225251E-17,-0.017));
#18253=CARTESIAN_POINT('',(0.0419999999999999,0.0090000000000005,-0.0403238075793815));
#18254=CARTESIAN_POINT('',(0.308,0.0090000000000005,-0.0403238075793815));
#18255=CARTESIAN_POINT('',(0.00799999999999992,0.0090000000000005,-0.0403238075793815));
#18256=CARTESIAN_POINT('',(0.00799999999999992,-1.0671281225251E-17,-0.017));
#18257=CARTESIAN_POINT('',(0.308,-1.28055374703012E-17,-0.017));
#18258=CARTESIAN_POINT('',(-0.00800000000000009,-1.0671281225251E-17,-0.017));
#18259=CARTESIAN_POINT('',(-0.00800000000000009,0.0090000000000005,-0.0403238075793815));
#18260=CARTESIAN_POINT('',(0.308,0.0090000000000005,-0.0403238075793815));
#18261=CARTESIAN_POINT('',(-0.0420000000000001,0.0090000000000005,-0.0403238075793815));
#18262=CARTESIAN_POINT('',(-0.0420000000000001,-1.0671281225251E-17,-0.017));
#18263=CARTESIAN_POINT('',(0.308,-1.28055374703012E-17,-0.017));
#18264=CARTESIAN_POINT('',(-0.058,-1.0671281225251E-17,-0.017));
#18265=CARTESIAN_POINT('',(-0.058,0.0090000000000005,-0.0403238075793815));
#18266=CARTESIAN_POINT('',(0.308,0.0090000000000005,-0.0403238075793815));
#18267=CARTESIAN_POINT('',(-0.0920000000000001,0.0090000000000005,-0.0403238075793815));
#18268=CARTESIAN_POINT('',(-0.0920000000000001,-1.0671281225251E-17,-0.017));
#18269=CARTESIAN_POINT('',(0.308,-1.28055374703012E-17,-0.017));
#18270=CARTESIAN_POINT('',(-0.108,-1.0671281225251E-17,-0.017));
#18271=CARTESIAN_POINT('',(-0.108,0.0090000000000005,-0.0403238075793815));
#18272=CARTESIAN_POINT('',(0.308,0.0090000000000005,-0.0403238075793815));
#18273=CARTESIAN_POINT('',(-0.142,0.0090000000000005,-0.0403238075793815));
#18274=CARTESIAN_POINT('',(-0.142,-1.0671281225251E-17,-0.017));
#18275=CARTESIAN_POINT('',(0.308,-1.28055374703012E-17,-0.017));
#18276=CARTESIAN_POINT('',(-0.158,-1.0671281225251E-17,-0.017));
#18277=CARTESIAN_POINT('',(-0.158,0.0090000000000005,-0.0403238075793815));
#18278=CARTESIAN_POINT('',(0.308,0.0090000000000005,-0.0403238075793815));
#18279=CARTESIAN_POINT('',(-0.192,0.0090000000000005,-0.0403238075793815));
#18280=CARTESIAN_POINT('',(-0.192,-1.0671281225251E-17,-0.017));
#18281=CARTESIAN_POINT('',(0.308,-1.28055374703012E-17,-0.017));
#18282=CARTESIAN_POINT('',(-0.208,-1.0671281225251E-17,-0.017));
#18283=CARTESIAN_POINT('',(-0.208,0.0090000000000005,-0.0403238075793815));
#18284=CARTESIAN_POINT('',(0.308,0.0090000000000005,-0.0403238075793815));
#18285=CARTESIAN_POINT('',(-0.242,0.0090000000000005,-0.0403238075793815));
#18286=CARTESIAN_POINT('',(-0.242,-1.0671281225251E-17,-0.017));
#18287=CARTESIAN_POINT('',(0.308,-1.28055374703012E-17,-0.017));
#18288=CARTESIAN_POINT('',(-0.258,-1.0671281225251E-17,-0.017));
#18289=CARTESIAN_POINT('',(-0.258,0.0090000000000005,-0.0403238075793815));
#18290=CARTESIAN_POINT('',(0.308,-8.67361737988404E-18,-0.017));
#18291=CARTESIAN_POINT('',(0.292,-8.67361737988404E-18,-0.017));
#18292=CARTESIAN_POINT('',(0.292,0.01,-0.017));
#18293=CARTESIAN_POINT('',(0.308,-8.67361737988404E-18,-0.017));
#18294=CARTESIAN_POINT('',(0.308,0.01,-0.017));
#18295=CARTESIAN_POINT('',(0.308,0.01,-0.017));
#18296=CARTESIAN_POINT('',(0.308,-8.67361737988404E-18,-0.017));
#18297=CARTESIAN_POINT('',(0.258,-8.67361737988404E-18,-0.017));
#18298=CARTESIAN_POINT('',(0.258,0.01,-0.017));
#18299=CARTESIAN_POINT('',(0.308,0.01,-0.017));
#18300=CARTESIAN_POINT('',(0.242,0.01,-0.017));
#18301=CARTESIAN_POINT('',(0.242,-8.67361737988404E-18,-0.017));
#18302=CARTESIAN_POINT('',(0.308,-8.67361737988404E-18,-0.017));
#18303=CARTESIAN_POINT('',(0.208,-8.67361737988404E-18,-0.017));
#18304=CARTESIAN_POINT('',(0.208,0.01,-0.017));
#18305=CARTESIAN_POINT('',(0.308,0.01,-0.017));
#18306=CARTESIAN_POINT('',(0.192,0.01,-0.017));
#18307=CARTESIAN_POINT('',(0.192,-8.67361737988404E-18,-0.017));
#18308=CARTESIAN_POINT('',(0.308,-8.67361737988404E-18,-0.017));
#18309=CARTESIAN_POINT('',(0.158,-8.67361737988404E-18,-0.017));
#18310=CARTESIAN_POINT('',(0.158,0.01,-0.017));
#18311=CARTESIAN_POINT('',(0.308,0.01,-0.017));
#18312=CARTESIAN_POINT('',(0.142,0.01,-0.017));
#18313=CARTESIAN_POINT('',(0.142,-8.67361737988404E-18,-0.017));
#18314=CARTESIAN_POINT('',(0.308,-8.67361737988404E-18,-0.017));
#18315=CARTESIAN_POINT('',(0.108,-8.67361737988404E-18,-0.017));
#18316=CARTESIAN_POINT('',(0.108,0.01,-0.017));
#18317=CARTESIAN_POINT('',(0.308,0.01,-0.017));
#18318=CARTESIAN_POINT('',(0.0919999999999999,0.01,-0.017));
#18319=CARTESIAN_POINT('',(0.0919999999999999,-8.67361737988404E-18,-0.017));
#18320=CARTESIAN_POINT('',(0.308,-8.67361737988404E-18,-0.017));
#18321=CARTESIAN_POINT('',(0.0579999999999999,-8.67361737988404E-18,-0.017));
#18322=CARTESIAN_POINT('',(0.0579999999999999,0.01,-0.017));
#18323=CARTESIAN_POINT('',(0.308,0.01,-0.017));
#18324=CARTESIAN_POINT('',(0.0419999999999999,0.01,-0.017));
#18325=CARTESIAN_POINT('',(0.0419999999999999,-8.67361737988404E-18,-0.017));
#18326=CARTESIAN_POINT('',(0.308,-8.67361737988404E-18,-0.017));
#18327=CARTESIAN_POINT('',(0.00799999999999992,-8.67361737988404E-18,-0.017));
#18328=CARTESIAN_POINT('',(0.00799999999999993,0.01,-0.017));
#18329=CARTESIAN_POINT('',(0.308,0.01,-0.017));
#18330=CARTESIAN_POINT('',(-0.00800000000000007,0.01,-0.017));
#18331=CARTESIAN_POINT('',(-0.00800000000000009,-8.67361737988404E-18,-0.017));
#18332=CARTESIAN_POINT('',(0.308,-8.67361737988404E-18,-0.017));
#18333=CARTESIAN_POINT('',(-0.0420000000000001,-8.67361737988404E-18,-0.017));
#18334=CARTESIAN_POINT('',(-0.0420000000000001,0.01,-0.017));
#18335=CARTESIAN_POINT('',(0.308,0.01,-0.017));
#18336=CARTESIAN_POINT('',(-0.0580000000000001,0.01,-0.017));
#18337=CARTESIAN_POINT('',(-0.058,-8.67361737988404E-18,-0.017));
#18338=CARTESIAN_POINT('',(0.308,-8.67361737988404E-18,-0.017));
#18339=CARTESIAN_POINT('',(-0.0920000000000001,-8.67361737988404E-18,-0.017));
#18340=CARTESIAN_POINT('',(-0.0920000000000001,0.01,-0.017));
#18341=CARTESIAN_POINT('',(0.308,0.01,-0.017));
#18342=CARTESIAN_POINT('',(-0.108,0.01,-0.017));
#18343=CARTESIAN_POINT('',(-0.108,-8.67361737988404E-18,-0.017));
#18344=CARTESIAN_POINT('',(0.308,-8.67361737988404E-18,-0.017));
#18345=CARTESIAN_POINT('',(-0.142,-8.67361737988404E-18,-0.017));
#18346=CARTESIAN_POINT('',(-0.142,0.01,-0.017));
#18347=CARTESIAN_POINT('',(0.308,0.01,-0.017));
#18348=CARTESIAN_POINT('',(-0.158,0.01,-0.017));
#18349=CARTESIAN_POINT('',(-0.158,-8.67361737988404E-18,-0.017));
#18350=CARTESIAN_POINT('',(0.308,-8.67361737988404E-18,-0.017));
#18351=CARTESIAN_POINT('',(-0.192,-8.67361737988404E-18,-0.017));
#18352=CARTESIAN_POINT('',(-0.192,0.01,-0.017));
#18353=CARTESIAN_POINT('',(0.308,0.01,-0.017));
#18354=CARTESIAN_POINT('',(-0.208,0.01,-0.017));
#18355=CARTESIAN_POINT('',(-0.208,-8.67361737988404E-18,-0.017));
#18356=CARTESIAN_POINT('',(0.308,-8.67361737988404E-18,-0.017));
#18357=CARTESIAN_POINT('',(-0.242,-8.67361737988404E-18,-0.017));
#18358=CARTESIAN_POINT('',(-0.242,0.01,-0.017));
#18359=CARTESIAN_POINT('',(0.308,0.01,-0.017));
#18360=CARTESIAN_POINT('',(-0.258,0.01,-0.017));
#18361=CARTESIAN_POINT('',(-0.258,-8.67361737988404E-18,-0.017));
#18362=CARTESIAN_POINT('',(0.308,0.01,0.017));
#18363=CARTESIAN_POINT('',(0.292,0.01,0.017));
#18364=CARTESIAN_POINT('',(0.292,0.01,0.017));
#18365=CARTESIAN_POINT('',(0.292,-8.53702498020082E-18,0.017));
#18366=CARTESIAN_POINT('',(0.308,0.01,0.017));
#18367=CARTESIAN_POINT('',(0.308,0.01,0.017));
#18368=CARTESIAN_POINT('',(0.308,0.01,0.017));
#18369=CARTESIAN_POINT('',(0.308,-8.53702498020082E-18,0.017));
#18370=CARTESIAN_POINT('',(0.308,-8.53702498020082E-18,0.017));
#18371=CARTESIAN_POINT('',(0.308,0.01,0.017));
#18372=CARTESIAN_POINT('',(0.258,0.01,0.017));
#18373=CARTESIAN_POINT('',(0.258,-8.53702498020082E-18,0.017));
#18374=CARTESIAN_POINT('',(0.258,0.01,0.017));
#18375=CARTESIAN_POINT('',(0.308,-8.53702498020082E-18,0.017));
#18376=CARTESIAN_POINT('',(0.242,-8.53702498020082E-18,0.017));
#18377=CARTESIAN_POINT('',(0.242,0.01,0.017));
#18378=CARTESIAN_POINT('',(0.242,0.01,0.017));
#18379=CARTESIAN_POINT('',(0.308,0.01,0.017));
#18380=CARTESIAN_POINT('',(0.308,0.01,0.017));
#18381=CARTESIAN_POINT('',(0.208,0.01,0.017));
#18382=CARTESIAN_POINT('',(0.208,-8.53702498020082E-18,0.017));
#18383=CARTESIAN_POINT('',(0.208,0.01,0.017));
#18384=CARTESIAN_POINT('',(0.308,-8.53702498020082E-18,0.017));
#18385=CARTESIAN_POINT('',(0.192,-8.53702498020082E-18,0.017));
#18386=CARTESIAN_POINT('',(0.192,0.01,0.017));
#18387=CARTESIAN_POINT('',(0.192,0.01,0.017));
#18388=CARTESIAN_POINT('',(0.308,0.01,0.017));
#18389=CARTESIAN_POINT('',(0.308,0.01,0.017));
#18390=CARTESIAN_POINT('',(0.158,0.01,0.017));
#18391=CARTESIAN_POINT('',(0.158,-8.53702498020082E-18,0.017));
#18392=CARTESIAN_POINT('',(0.158,0.01,0.017));
#18393=CARTESIAN_POINT('',(0.308,-8.53702498020082E-18,0.017));
#18394=CARTESIAN_POINT('',(0.142,-8.53702498020082E-18,0.017));
#18395=CARTESIAN_POINT('',(0.142,0.01,0.017));
#18396=CARTESIAN_POINT('',(0.142,0.01,0.017));
#18397=CARTESIAN_POINT('',(0.308,0.01,0.017));
#18398=CARTESIAN_POINT('',(0.308,0.01,0.017));
#18399=CARTESIAN_POINT('',(0.108,0.01,0.017));
#18400=CARTESIAN_POINT('',(0.108,-8.53702498020082E-18,0.017));
#18401=CARTESIAN_POINT('',(0.108,0.01,0.017));
#18402=CARTESIAN_POINT('',(0.308,-8.53702498020082E-18,0.017));
#18403=CARTESIAN_POINT('',(0.0919999999999999,-8.53702498020082E-18,0.017));
#18404=CARTESIAN_POINT('',(0.0919999999999999,0.01,0.017));
#18405=CARTESIAN_POINT('',(0.0919999999999999,0.01,0.017));
#18406=CARTESIAN_POINT('',(0.308,0.01,0.017));
#18407=CARTESIAN_POINT('',(0.308,0.01,0.017));
#18408=CARTESIAN_POINT('',(0.0579999999999999,0.01,0.017));
#18409=CARTESIAN_POINT('',(0.0579999999999999,-8.53702498020082E-18,0.017));
#18410=CARTESIAN_POINT('',(0.0579999999999999,0.01,0.017));
#18411=CARTESIAN_POINT('',(0.308,-8.53702498020082E-18,0.017));
#18412=CARTESIAN_POINT('',(0.0419999999999999,-8.53702498020082E-18,0.017));
#18413=CARTESIAN_POINT('',(0.0419999999999999,0.01,0.017));
#18414=CARTESIAN_POINT('',(0.0419999999999999,0.01,0.017));
#18415=CARTESIAN_POINT('',(0.308,0.01,0.017));
#18416=CARTESIAN_POINT('',(0.308,0.01,0.017));
#18417=CARTESIAN_POINT('',(0.00799999999999992,0.01,0.017));
#18418=CARTESIAN_POINT('',(0.00799999999999992,-8.53702498020082E-18,0.017));
#18419=CARTESIAN_POINT('',(0.00799999999999993,0.01,0.017));
#18420=CARTESIAN_POINT('',(0.308,-8.53702498020082E-18,0.017));
#18421=CARTESIAN_POINT('',(-0.00800000000000009,-8.53702498020082E-18,0.017));
#18422=CARTESIAN_POINT('',(-0.00800000000000009,0.01,0.017));
#18423=CARTESIAN_POINT('',(-0.00800000000000007,0.01,0.017));
#18424=CARTESIAN_POINT('',(0.308,0.01,0.017));
#18425=CARTESIAN_POINT('',(0.308,0.01,0.017));
#18426=CARTESIAN_POINT('',(-0.0420000000000001,0.01,0.017));
#18427=CARTESIAN_POINT('',(-0.0420000000000001,-8.53702498020082E-18,0.017));
#18428=CARTESIAN_POINT('',(-0.0420000000000001,0.01,0.017));
#18429=CARTESIAN_POINT('',(0.308,-8.53702498020082E-18,0.017));
#18430=CARTESIAN_POINT('',(-0.058,-8.53702498020082E-18,0.017));
#18431=CARTESIAN_POINT('',(-0.058,0.01,0.017));
#18432=CARTESIAN_POINT('',(-0.0580000000000001,0.01,0.017));
#18433=CARTESIAN_POINT('',(0.308,0.01,0.017));
#18434=CARTESIAN_POINT('',(0.308,0.01,0.017));
#18435=CARTESIAN_POINT('',(-0.0920000000000001,0.01,0.017));
#18436=CARTESIAN_POINT('',(-0.0920000000000001,-8.53702498020082E-18,0.017));
#18437=CARTESIAN_POINT('',(-0.0920000000000001,0.01,0.017));
#18438=CARTESIAN_POINT('',(0.308,-8.53702498020082E-18,0.017));
#18439=CARTESIAN_POINT('',(-0.108,-8.53702498020082E-18,0.017));
#18440=CARTESIAN_POINT('',(-0.108,0.01,0.017));
#18441=CARTESIAN_POINT('',(-0.108,0.01,0.017));
#18442=CARTESIAN_POINT('',(0.308,0.01,0.017));
#18443=CARTESIAN_POINT('',(0.308,0.01,0.017));
#18444=CARTESIAN_POINT('',(-0.142,0.01,0.017));
#18445=CARTESIAN_POINT('',(-0.142,-8.53702498020082E-18,0.017));
#18446=CARTESIAN_POINT('',(-0.142,0.01,0.017));
#18447=CARTESIAN_POINT('',(0.308,-8.53702498020082E-18,0.017));
#18448=CARTESIAN_POINT('',(-0.158,-8.53702498020082E-18,0.017));
#18449=CARTESIAN_POINT('',(-0.158,0.01,0.017));
#18450=CARTESIAN_POINT('',(-0.158,0.01,0.017));
#18451=CARTESIAN_POINT('',(0.308,0.01,0.017));
#18452=CARTESIAN_POINT('',(0.308,0.01,0.017));
#18453=CARTESIAN_POINT('',(-0.192,0.01,0.017));
#18454=CARTESIAN_POINT('',(-0.192,-8.53702498020082E-18,0.017));
#18455=CARTESIAN_POINT('',(-0.192,0.01,0.017));
#18456=CARTESIAN_POINT('',(0.308,-8.53702498020082E-18,0.017));
#18457=CARTESIAN_POINT('',(-0.208,-8.53702498020082E-18,0.017));
#18458=CARTESIAN_POINT('',(-0.208,0.01,0.017));
#18459=CARTESIAN_POINT('',(-0.208,0.01,0.017));
#18460=CARTESIAN_POINT('',(0.308,0.01,0.017));
#18461=CARTESIAN_POINT('',(0.308,0.01,0.017));
#18462=CARTESIAN_POINT('',(-0.242,0.01,0.017));
#18463=CARTESIAN_POINT('',(-0.242,-8.53702498020082E-18,0.017));
#18464=CARTESIAN_POINT('',(-0.242,0.01,0.017));
#18465=CARTESIAN_POINT('',(0.308,-8.53702498020082E-18,0.017));
#18466=CARTESIAN_POINT('',(-0.258,-8.53702498020082E-18,0.017));
#18467=CARTESIAN_POINT('',(-0.258,0.01,0.017));
#18468=CARTESIAN_POINT('',(-0.258,0.01,0.017));
#18469=CARTESIAN_POINT('',(0.308,0.01,0.017));
#18470=CARTESIAN_POINT('',(0.308,0.00900000000000052,0.0403238075793816));
#18471=CARTESIAN_POINT('',(0.292,0.00900000000000052,0.0403238075793816));
#18472=CARTESIAN_POINT('',(0.292,-0.016,0.0403238075793815));
#18473=CARTESIAN_POINT('',(0.308,0.00900000000000052,0.0403238075793816));
#18474=CARTESIAN_POINT('',(0.308,-0.016,0.0403238075793815));
#18475=CARTESIAN_POINT('',(0.308,-0.016,0.0403238075793815));
#18476=CARTESIAN_POINT('',(0.308,0.00900000000000052,0.0403238075793816));
#18477=CARTESIAN_POINT('',(0.258,0.00900000000000052,0.0403238075793816));
#18478=CARTESIAN_POINT('',(0.258,-0.016,0.0403238075793815));
#18479=CARTESIAN_POINT('',(0.308,-0.016,0.0403238075793815));
#18480=CARTESIAN_POINT('',(0.242,-0.016,0.0403238075793815));
#18481=CARTESIAN_POINT('',(0.242,0.00900000000000052,0.0403238075793816));
#18482=CARTESIAN_POINT('',(0.308,0.00900000000000052,0.0403238075793816));
#18483=CARTESIAN_POINT('',(0.208,0.00900000000000052,0.0403238075793816));
#18484=CARTESIAN_POINT('',(0.208,-0.016,0.0403238075793815));
#18485=CARTESIAN_POINT('',(0.308,-0.016,0.0403238075793815));
#18486=CARTESIAN_POINT('',(0.192,-0.016,0.0403238075793815));
#18487=CARTESIAN_POINT('',(0.192,0.00900000000000052,0.0403238075793816));
#18488=CARTESIAN_POINT('',(0.308,0.00900000000000052,0.0403238075793816));
#18489=CARTESIAN_POINT('',(0.158,0.00900000000000052,0.0403238075793816));
#18490=CARTESIAN_POINT('',(0.158,-0.016,0.0403238075793815));
#18491=CARTESIAN_POINT('',(0.308,-0.016,0.0403238075793815));
#18492=CARTESIAN_POINT('',(0.142,-0.016,0.0403238075793815));
#18493=CARTESIAN_POINT('',(0.142,0.00900000000000052,0.0403238075793816));
#18494=CARTESIAN_POINT('',(0.308,0.00900000000000052,0.0403238075793816));
#18495=CARTESIAN_POINT('',(0.108,0.00900000000000052,0.0403238075793816));
#18496=CARTESIAN_POINT('',(0.108,-0.016,0.0403238075793815));
#18497=CARTESIAN_POINT('',(0.308,-0.016,0.0403238075793815));
#18498=CARTESIAN_POINT('',(0.0919999999999999,-0.016,0.0403238075793815));
#18499=CARTESIAN_POINT('',(0.0919999999999999,0.00900000000000052,0.0403238075793816));
#18500=CARTESIAN_POINT('',(0.308,0.00900000000000052,0.0403238075793816));
#18501=CARTESIAN_POINT('',(0.0579999999999999,0.00900000000000052,0.0403238075793816));
#18502=CARTESIAN_POINT('',(0.0579999999999999,-0.016,0.0403238075793815));
#18503=CARTESIAN_POINT('',(0.308,-0.016,0.0403238075793815));
#18504=CARTESIAN_POINT('',(0.0419999999999999,-0.016,0.0403238075793815));
#18505=CARTESIAN_POINT('',(0.0419999999999999,0.00900000000000052,0.0403238075793816));
#18506=CARTESIAN_POINT('',(0.308,0.00900000000000052,0.0403238075793816));
#18507=CARTESIAN_POINT('',(0.00799999999999992,0.00900000000000052,0.0403238075793816));
#18508=CARTESIAN_POINT('',(0.00799999999999992,-0.016,0.0403238075793815));
#18509=CARTESIAN_POINT('',(0.308,-0.016,0.0403238075793815));
#18510=CARTESIAN_POINT('',(-0.00800000000000009,-0.016,0.0403238075793815));
#18511=CARTESIAN_POINT('',(-0.00800000000000009,0.00900000000000052,0.0403238075793816));
#18512=CARTESIAN_POINT('',(0.308,0.00900000000000052,0.0403238075793816));
#18513=CARTESIAN_POINT('',(-0.0420000000000001,0.00900000000000052,0.0403238075793816));
#18514=CARTESIAN_POINT('',(-0.0420000000000001,-0.016,0.0403238075793815));
#18515=CARTESIAN_POINT('',(0.308,-0.016,0.0403238075793815));
#18516=CARTESIAN_POINT('',(-0.058,-0.016,0.0403238075793815));
#18517=CARTESIAN_POINT('',(-0.058,0.00900000000000052,0.0403238075793816));
#18518=CARTESIAN_POINT('',(0.308,0.00900000000000052,0.0403238075793816));
#18519=CARTESIAN_POINT('',(-0.0920000000000001,0.00900000000000052,0.0403238075793816));
#18520=CARTESIAN_POINT('',(-0.0920000000000001,-0.016,0.0403238075793815));
#18521=CARTESIAN_POINT('',(0.308,-0.016,0.0403238075793815));
#18522=CARTESIAN_POINT('',(-0.108,-0.016,0.0403238075793815));
#18523=CARTESIAN_POINT('',(-0.108,0.00900000000000052,0.0403238075793816));
#18524=CARTESIAN_POINT('',(0.308,0.00900000000000052,0.0403238075793816));
#18525=CARTESIAN_POINT('',(-0.142,0.00900000000000052,0.0403238075793816));
#18526=CARTESIAN_POINT('',(-0.142,-0.016,0.0403238075793815));
#18527=CARTESIAN_POINT('',(0.308,-0.016,0.0403238075793815));
#18528=CARTESIAN_POINT('',(-0.158,-0.016,0.0403238075793815));
#18529=CARTESIAN_POINT('',(-0.158,0.00900000000000052,0.0403238075793816));
#18530=CARTESIAN_POINT('',(0.308,0.00900000000000052,0.0403238075793816));
#18531=CARTESIAN_POINT('',(-0.192,0.00900000000000052,0.0403238075793816));
#18532=CARTESIAN_POINT('',(-0.192,-0.016,0.0403238075793815));
#18533=CARTESIAN_POINT('',(0.308,-0.016,0.0403238075793815));
#18534=CARTESIAN_POINT('',(-0.208,-0.016,0.0403238075793815));
#18535=CARTESIAN_POINT('',(-0.208,0.00900000000000052,0.0403238075793816));
#18536=CARTESIAN_POINT('',(0.308,0.00900000000000052,0.0403238075793816));
#18537=CARTESIAN_POINT('',(-0.242,0.00900000000000052,0.0403238075793816));
#18538=CARTESIAN_POINT('',(-0.242,-0.016,0.0403238075793815));
#18539=CARTESIAN_POINT('',(0.308,-0.016,0.0403238075793815));
#18540=CARTESIAN_POINT('',(-0.258,-0.016,0.0403238075793815));
#18541=CARTESIAN_POINT('',(-0.258,0.00900000000000052,0.0403238075793816));
#18542=CARTESIAN_POINT('',(0.308,-0.016,0.0403238075793815));
#18543=CARTESIAN_POINT('',(0.292,-0.016,0.0403238075793815));
#18544=CARTESIAN_POINT('',(0.292,-0.016,0.115));
#18545=CARTESIAN_POINT('',(0.308,-0.016,0.0403238075793815));
#18546=CARTESIAN_POINT('',(0.308,-0.016,0.115));
#18547=CARTESIAN_POINT('',(0.308,-0.016,0.115));
#18548=CARTESIAN_POINT('',(0.308,-0.016,0.0403238075793815));
#18549=CARTESIAN_POINT('',(0.258,-0.016,0.0403238075793815));
#18550=CARTESIAN_POINT('',(0.258,-0.016,0.115));
#18551=CARTESIAN_POINT('',(0.308,-0.016,0.115));
#18552=CARTESIAN_POINT('',(0.242,-0.016,0.115));
#18553=CARTESIAN_POINT('',(0.242,-0.016,0.0403238075793815));
#18554=CARTESIAN_POINT('',(0.308,-0.016,0.0403238075793815));
#18555=CARTESIAN_POINT('',(0.208,-0.016,0.0403238075793815));
#18556=CARTESIAN_POINT('',(0.208,-0.016,0.115));
#18557=CARTESIAN_POINT('',(0.308,-0.016,0.115));
#18558=CARTESIAN_POINT('',(0.192,-0.016,0.115));
#18559=CARTESIAN_POINT('',(0.192,-0.016,0.0403238075793815));
#18560=CARTESIAN_POINT('',(0.308,-0.016,0.0403238075793815));
#18561=CARTESIAN_POINT('',(0.158,-0.016,0.0403238075793815));
#18562=CARTESIAN_POINT('',(0.158,-0.016,0.115));
#18563=CARTESIAN_POINT('',(0.308,-0.016,0.115));
#18564=CARTESIAN_POINT('',(0.142,-0.016,0.115));
#18565=CARTESIAN_POINT('',(0.142,-0.016,0.0403238075793815));
#18566=CARTESIAN_POINT('',(0.308,-0.016,0.0403238075793815));
#18567=CARTESIAN_POINT('',(0.108,-0.016,0.0403238075793815));
#18568=CARTESIAN_POINT('',(0.108,-0.016,0.115));
#18569=CARTESIAN_POINT('',(0.308,-0.016,0.115));
#18570=CARTESIAN_POINT('',(0.0919999999999999,-0.016,0.115));
#18571=CARTESIAN_POINT('',(0.0919999999999999,-0.016,0.0403238075793815));
#18572=CARTESIAN_POINT('',(0.308,-0.016,0.0403238075793815));
#18573=CARTESIAN_POINT('',(0.0579999999999999,-0.016,0.0403238075793815));
#18574=CARTESIAN_POINT('',(0.0579999999999999,-0.016,0.115));
#18575=CARTESIAN_POINT('',(0.308,-0.016,0.115));
#18576=CARTESIAN_POINT('',(0.0419999999999999,-0.016,0.115));
#18577=CARTESIAN_POINT('',(0.0419999999999999,-0.016,0.0403238075793815));
#18578=CARTESIAN_POINT('',(0.308,-0.016,0.0403238075793815));
#18579=CARTESIAN_POINT('',(0.00799999999999992,-0.016,0.0403238075793815));
#18580=CARTESIAN_POINT('',(0.00799999999999992,-0.016,0.115));
#18581=CARTESIAN_POINT('',(0.308,-0.016,0.115));
#18582=CARTESIAN_POINT('',(-0.00800000000000009,-0.016,0.115));
#18583=CARTESIAN_POINT('',(-0.00800000000000009,-0.016,0.0403238075793815));
#18584=CARTESIAN_POINT('',(0.308,-0.016,0.0403238075793815));
#18585=CARTESIAN_POINT('',(-0.0420000000000001,-0.016,0.0403238075793815));
#18586=CARTESIAN_POINT('',(-0.0420000000000001,-0.016,0.115));
#18587=CARTESIAN_POINT('',(0.308,-0.016,0.115));
#18588=CARTESIAN_POINT('',(-0.058,-0.016,0.115));
#18589=CARTESIAN_POINT('',(-0.058,-0.016,0.0403238075793815));
#18590=CARTESIAN_POINT('',(0.308,-0.016,0.0403238075793815));
#18591=CARTESIAN_POINT('',(-0.0920000000000001,-0.016,0.0403238075793815));
#18592=CARTESIAN_POINT('',(-0.0920000000000001,-0.016,0.115));
#18593=CARTESIAN_POINT('',(0.308,-0.016,0.115));
#18594=CARTESIAN_POINT('',(-0.108,-0.016,0.115));
#18595=CARTESIAN_POINT('',(-0.108,-0.016,0.0403238075793815));
#18596=CARTESIAN_POINT('',(0.308,-0.016,0.0403238075793815));
#18597=CARTESIAN_POINT('',(-0.142,-0.016,0.0403238075793815));
#18598=CARTESIAN_POINT('',(-0.142,-0.016,0.115));
#18599=CARTESIAN_POINT('',(0.308,-0.016,0.115));
#18600=CARTESIAN_POINT('',(-0.158,-0.016,0.115));
#18601=CARTESIAN_POINT('',(-0.158,-0.016,0.0403238075793815));
#18602=CARTESIAN_POINT('',(0.308,-0.016,0.0403238075793815));
#18603=CARTESIAN_POINT('',(-0.192,-0.016,0.0403238075793815));
#18604=CARTESIAN_POINT('',(-0.192,-0.016,0.115));
#18605=CARTESIAN_POINT('',(0.308,-0.016,0.115));
#18606=CARTESIAN_POINT('',(-0.208,-0.016,0.115));
#18607=CARTESIAN_POINT('',(-0.208,-0.016,0.0403238075793815));
#18608=CARTESIAN_POINT('',(0.308,-0.016,0.0403238075793815));
#18609=CARTESIAN_POINT('',(-0.242,-0.016,0.0403238075793815));
#18610=CARTESIAN_POINT('',(-0.242,-0.016,0.115));
#18611=CARTESIAN_POINT('',(0.308,-0.016,0.115));
#18612=CARTESIAN_POINT('',(-0.258,-0.016,0.115));
#18613=CARTESIAN_POINT('',(-0.258,-0.016,0.0403238075793815));
#18614=CARTESIAN_POINT('',(0.308,-0.016,0.115));
#18615=CARTESIAN_POINT('',(0.292,-0.016,0.115));
#18616=CARTESIAN_POINT('',(0.292,0.,0.115));
#18617=CARTESIAN_POINT('',(0.308,-0.016,0.115));
#18618=CARTESIAN_POINT('',(0.308,0.,0.115));
#18619=CARTESIAN_POINT('',(0.308,0.,0.115));
#18620=CARTESIAN_POINT('',(0.308,-0.016,0.115));
#18621=CARTESIAN_POINT('',(0.258,-0.016,0.115));
#18622=CARTESIAN_POINT('',(0.258,0.,0.115));
#18623=CARTESIAN_POINT('',(0.308,0.,0.115));
#18624=CARTESIAN_POINT('',(0.242,0.,0.115));
#18625=CARTESIAN_POINT('',(0.242,-0.016,0.115));
#18626=CARTESIAN_POINT('',(0.308,-0.016,0.115));
#18627=CARTESIAN_POINT('',(0.208,-0.016,0.115));
#18628=CARTESIAN_POINT('',(0.208,0.,0.115));
#18629=CARTESIAN_POINT('',(0.308,0.,0.115));
#18630=CARTESIAN_POINT('',(0.192,0.,0.115));
#18631=CARTESIAN_POINT('',(0.192,-0.016,0.115));
#18632=CARTESIAN_POINT('',(0.308,-0.016,0.115));
#18633=CARTESIAN_POINT('',(0.158,-0.016,0.115));
#18634=CARTESIAN_POINT('',(0.158,0.,0.115));
#18635=CARTESIAN_POINT('',(0.308,0.,0.115));
#18636=CARTESIAN_POINT('',(0.142,0.,0.115));
#18637=CARTESIAN_POINT('',(0.142,-0.016,0.115));
#18638=CARTESIAN_POINT('',(0.308,-0.016,0.115));
#18639=CARTESIAN_POINT('',(0.108,-0.016,0.115));
#18640=CARTESIAN_POINT('',(0.108,0.,0.115));
#18641=CARTESIAN_POINT('',(0.308,0.,0.115));
#18642=CARTESIAN_POINT('',(0.0919999999999999,0.,0.115));
#18643=CARTESIAN_POINT('',(0.0919999999999999,-0.016,0.115));
#18644=CARTESIAN_POINT('',(0.308,-0.016,0.115));
#18645=CARTESIAN_POINT('',(0.0579999999999999,-0.016,0.115));
#18646=CARTESIAN_POINT('',(0.0579999999999999,0.,0.115));
#18647=CARTESIAN_POINT('',(0.308,0.,0.115));
#18648=CARTESIAN_POINT('',(0.0419999999999999,0.,0.115));
#18649=CARTESIAN_POINT('',(0.0419999999999999,-0.016,0.115));
#18650=CARTESIAN_POINT('',(0.308,-0.016,0.115));
#18651=CARTESIAN_POINT('',(0.00799999999999992,-0.016,0.115));
#18652=CARTESIAN_POINT('',(0.00799999999999992,0.,0.115));
#18653=CARTESIAN_POINT('',(0.308,0.,0.115));
#18654=CARTESIAN_POINT('',(-0.00800000000000009,0.,0.115));
#18655=CARTESIAN_POINT('',(-0.00800000000000009,-0.016,0.115));
#18656=CARTESIAN_POINT('',(0.308,-0.016,0.115));
#18657=CARTESIAN_POINT('',(-0.0420000000000001,-0.016,0.115));
#18658=CARTESIAN_POINT('',(-0.0420000000000001,0.,0.115));
#18659=CARTESIAN_POINT('',(0.308,0.,0.115));
#18660=CARTESIAN_POINT('',(-0.058,0.,0.115));
#18661=CARTESIAN_POINT('',(-0.058,-0.016,0.115));
#18662=CARTESIAN_POINT('',(0.308,-0.016,0.115));
#18663=CARTESIAN_POINT('',(-0.0920000000000001,-0.016,0.115));
#18664=CARTESIAN_POINT('',(-0.0920000000000001,0.,0.115));
#18665=CARTESIAN_POINT('',(0.308,0.,0.115));
#18666=CARTESIAN_POINT('',(-0.108,0.,0.115));
#18667=CARTESIAN_POINT('',(-0.108,-0.016,0.115));
#18668=CARTESIAN_POINT('',(0.308,-0.016,0.115));
#18669=CARTESIAN_POINT('',(-0.142,-0.016,0.115));
#18670=CARTESIAN_POINT('',(-0.142,0.,0.115));
#18671=CARTESIAN_POINT('',(0.308,0.,0.115));
#18672=CARTESIAN_POINT('',(-0.158,0.,0.115));
#18673=CARTESIAN_POINT('',(-0.158,-0.016,0.115));
#18674=CARTESIAN_POINT('',(0.308,-0.016,0.115));
#18675=CARTESIAN_POINT('',(-0.192,-0.016,0.115));
#18676=CARTESIAN_POINT('',(-0.192,0.,0.115));
#18677=CARTESIAN_POINT('',(0.308,0.,0.115));
#18678=CARTESIAN_POINT('',(-0.208,0.,0.115));
#18679=CARTESIAN_POINT('',(-0.208,-0.016,0.115));
#18680=CARTESIAN_POINT('',(0.308,-0.016,0.115));
#18681=CARTESIAN_POINT('',(-0.242,-0.016,0.115));
#18682=CARTESIAN_POINT('',(-0.242,0.,0.115));
#18683=CARTESIAN_POINT('',(0.308,0.,0.115));
#18684=CARTESIAN_POINT('',(-0.258,0.,0.115));
#18685=CARTESIAN_POINT('',(-0.258,-0.016,0.115));
#18686=CARTESIAN_POINT('',(0.308,0.,0.115));
#18687=CARTESIAN_POINT('',(0.292,0.,0.115));
#18688=CARTESIAN_POINT('',(0.292,3.030088246176E-18,0.066));
#18689=CARTESIAN_POINT('',(0.308,0.,0.115));
#18690=CARTESIAN_POINT('',(0.308,0.,0.066));
#18691=CARTESIAN_POINT('',(0.308,0.,0.066));
#18692=CARTESIAN_POINT('',(0.308,0.,0.115));
#18693=CARTESIAN_POINT('',(0.258,0.,0.115));
#18694=CARTESIAN_POINT('',(0.258,3.030088246176E-18,0.066));
#18695=CARTESIAN_POINT('',(0.308,0.,0.066));
#18696=CARTESIAN_POINT('',(0.242,3.030088246176E-18,0.066));
#18697=CARTESIAN_POINT('',(0.242,0.,0.115));
#18698=CARTESIAN_POINT('',(0.308,0.,0.115));
#18699=CARTESIAN_POINT('',(0.208,0.,0.115));
#18700=CARTESIAN_POINT('',(0.208,3.030088246176E-18,0.066));
#18701=CARTESIAN_POINT('',(0.308,0.,0.066));
#18702=CARTESIAN_POINT('',(0.192,3.030088246176E-18,0.066));
#18703=CARTESIAN_POINT('',(0.192,0.,0.115));
#18704=CARTESIAN_POINT('',(0.308,0.,0.115));
#18705=CARTESIAN_POINT('',(0.158,0.,0.115));
#18706=CARTESIAN_POINT('',(0.158,3.030088246176E-18,0.066));
#18707=CARTESIAN_POINT('',(0.308,0.,0.066));
#18708=CARTESIAN_POINT('',(0.142,3.030088246176E-18,0.066));
#18709=CARTESIAN_POINT('',(0.142,0.,0.115));
#18710=CARTESIAN_POINT('',(0.308,0.,0.115));
#18711=CARTESIAN_POINT('',(0.108,0.,0.115));
#18712=CARTESIAN_POINT('',(0.108,3.030088246176E-18,0.066));
#18713=CARTESIAN_POINT('',(0.308,0.,0.066));
#18714=CARTESIAN_POINT('',(0.0919999999999999,3.030088246176E-18,0.066));
#18715=CARTESIAN_POINT('',(0.0919999999999999,0.,0.115));
#18716=CARTESIAN_POINT('',(0.308,0.,0.115));
#18717=CARTESIAN_POINT('',(0.0579999999999999,0.,0.115));
#18718=CARTESIAN_POINT('',(0.0579999999999999,3.030088246176E-18,0.066));
#18719=CARTESIAN_POINT('',(0.308,0.,0.066));
#18720=CARTESIAN_POINT('',(0.0419999999999999,3.030088246176E-18,0.066));
#18721=CARTESIAN_POINT('',(0.0419999999999999,0.,0.115));
#18722=CARTESIAN_POINT('',(0.308,0.,0.115));
#18723=CARTESIAN_POINT('',(0.00799999999999992,0.,0.115));
#18724=CARTESIAN_POINT('',(0.00799999999999992,3.030088246176E-18,0.066));
#18725=CARTESIAN_POINT('',(0.308,0.,0.066));
#18726=CARTESIAN_POINT('',(-0.00800000000000009,3.030088246176E-18,0.066));
#18727=CARTESIAN_POINT('',(-0.00800000000000009,0.,0.115));
#18728=CARTESIAN_POINT('',(0.308,0.,0.115));
#18729=CARTESIAN_POINT('',(-0.0420000000000001,0.,0.115));
#18730=CARTESIAN_POINT('',(-0.0420000000000001,3.030088246176E-18,0.066));
#18731=CARTESIAN_POINT('',(0.308,0.,0.066));
#18732=CARTESIAN_POINT('',(-0.058,3.030088246176E-18,0.066));
#18733=CARTESIAN_POINT('',(-0.058,0.,0.115));
#18734=CARTESIAN_POINT('',(0.308,0.,0.115));
#18735=CARTESIAN_POINT('',(-0.0920000000000001,0.,0.115));
#18736=CARTESIAN_POINT('',(-0.0920000000000001,3.030088246176E-18,0.066));
#18737=CARTESIAN_POINT('',(0.308,0.,0.066));
#18738=CARTESIAN_POINT('',(-0.108,3.030088246176E-18,0.066));
#18739=CARTESIAN_POINT('',(-0.108,0.,0.115));
#18740=CARTESIAN_POINT('',(0.308,0.,0.115));
#18741=CARTESIAN_POINT('',(-0.142,0.,0.115));
#18742=CARTESIAN_POINT('',(-0.142,3.030088246176E-18,0.066));
#18743=CARTESIAN_POINT('',(0.308,0.,0.066));
#18744=CARTESIAN_POINT('',(-0.158,3.030088246176E-18,0.066));
#18745=CARTESIAN_POINT('',(-0.158,0.,0.115));
#18746=CARTESIAN_POINT('',(0.308,0.,0.115));
#18747=CARTESIAN_POINT('',(-0.192,0.,0.115));
#18748=CARTESIAN_POINT('',(-0.192,3.030088246176E-18,0.066));
#18749=CARTESIAN_POINT('',(0.308,0.,0.066));
#18750=CARTESIAN_POINT('',(-0.208,3.030088246176E-18,0.066));
#18751=CARTESIAN_POINT('',(-0.208,0.,0.115));
#18752=CARTESIAN_POINT('',(0.308,0.,0.115));
#18753=CARTESIAN_POINT('',(-0.242,0.,0.115));
#18754=CARTESIAN_POINT('',(-0.242,3.030088246176E-18,0.066));
#18755=CARTESIAN_POINT('',(0.308,0.,0.066));
#18756=CARTESIAN_POINT('',(-0.258,3.030088246176E-18,0.066));
#18757=CARTESIAN_POINT('',(-0.258,0.,0.115));
#18758=CARTESIAN_POINT('',(0.308,0.,-0.066));
#18759=CARTESIAN_POINT('',(-0.292,0.,-0.066));
#18760=CARTESIAN_POINT('',(-0.292,0.,-0.115));
#18761=CARTESIAN_POINT('',(-0.292,0.,-0.066));
#18762=CARTESIAN_POINT('',(0.308,0.,-0.115));
#18763=CARTESIAN_POINT('',(-0.308,0.,-0.115));
#18764=CARTESIAN_POINT('',(-0.308,0.,-0.066));
#18765=CARTESIAN_POINT('',(-0.308,0.,-0.066));
#18766=CARTESIAN_POINT('',(0.308,0.,-0.066));
#18767=CARTESIAN_POINT('',(0.308,0.,-0.115));
#18768=CARTESIAN_POINT('',(-0.292,0.,-0.115));
#18769=CARTESIAN_POINT('',(-0.292,-0.016,-0.115));
#18770=CARTESIAN_POINT('',(0.308,-0.016,-0.115));
#18771=CARTESIAN_POINT('',(-0.308,-0.016,-0.115));
#18772=CARTESIAN_POINT('',(-0.308,0.,-0.115));
#18773=CARTESIAN_POINT('',(0.308,-0.016,-0.115));
#18774=CARTESIAN_POINT('',(-0.292,-0.016,-0.115));
#18775=CARTESIAN_POINT('',(-0.292,-0.016,-0.0403238075793815));
#18776=CARTESIAN_POINT('',(0.308,-0.016,-0.0403238075793815));
#18777=CARTESIAN_POINT('',(-0.308,-0.016,-0.0403238075793815));
#18778=CARTESIAN_POINT('',(-0.308,-0.016,-0.115));
#18779=CARTESIAN_POINT('',(0.308,0.0090000000000005,-0.0403238075793815));
#18780=CARTESIAN_POINT('',(-0.292,0.0090000000000005,-0.0403238075793815));
#18781=CARTESIAN_POINT('',(-0.292,-1.0671281225251E-17,-0.017));
#18782=CARTESIAN_POINT('',(0.308,-1.28055374703012E-17,-0.017));
#18783=CARTESIAN_POINT('',(-0.308,-1.28055374703012E-17,-0.017));
#18784=CARTESIAN_POINT('',(-0.308,0.0090000000000005,-0.0403238075793815));
#18785=CARTESIAN_POINT('',(0.308,-8.67361737988404E-18,-0.017));
#18786=CARTESIAN_POINT('',(-0.292,-8.67361737988404E-18,-0.017));
#18787=CARTESIAN_POINT('',(-0.292,0.01,-0.017));
#18788=CARTESIAN_POINT('',(0.308,0.01,-0.017));
#18789=CARTESIAN_POINT('',(-0.308,0.01,-0.017));
#18790=CARTESIAN_POINT('',(-0.308,-8.67361737988404E-18,-0.017));
#18791=CARTESIAN_POINT('',(0.308,0.01,-0.017));
#18792=CARTESIAN_POINT('',(-0.292,0.01,0.5));
#18793=CARTESIAN_POINT('',(-0.292,0.01,-0.0555930905438934));
#18794=CARTESIAN_POINT('',(0.308,0.00999999999999986,-0.0555930905438936));
#18795=CARTESIAN_POINT('',(-0.258,0.01,-0.0555930905438934));
#18796=CARTESIAN_POINT('',(-0.258,0.01,0.5));
#18797=CARTESIAN_POINT('',(-0.242,0.01,0.5));
#18798=CARTESIAN_POINT('',(-0.242,0.01,-0.0555930905438934));
#18799=CARTESIAN_POINT('',(0.308,0.00999999999999987,-0.0555930905438936));
#18800=CARTESIAN_POINT('',(-0.208,0.01,-0.0555930905438934));
#18801=CARTESIAN_POINT('',(-0.208,0.01,0.5));
#18802=CARTESIAN_POINT('',(-0.192,0.01,0.5));
#18803=CARTESIAN_POINT('',(-0.192,0.01,-0.0555930905438934));
#18804=CARTESIAN_POINT('',(0.308,0.00999999999999988,-0.0555930905438935));
#18805=CARTESIAN_POINT('',(-0.158,0.01,-0.0555930905438934));
#18806=CARTESIAN_POINT('',(-0.158,0.01,0.5));
#18807=CARTESIAN_POINT('',(-0.142,0.01,0.5));
#18808=CARTESIAN_POINT('',(-0.142,0.01,-0.0555930905438934));
#18809=CARTESIAN_POINT('',(0.308,0.00999999999999991,-0.0555930905438935));
#18810=CARTESIAN_POINT('',(-0.108,0.01,-0.0555930905438934));
#18811=CARTESIAN_POINT('',(-0.108,0.01,0.5));
#18812=CARTESIAN_POINT('',(-0.0920000000000001,0.01,0.5));
#18813=CARTESIAN_POINT('',(-0.0920000000000001,0.01,-0.0555930905438934));
#18814=CARTESIAN_POINT('',(0.308,0.00999999999999991,-0.0555930905438935));
#18815=CARTESIAN_POINT('',(-0.0580000000000001,0.01,-0.0555930905438934));
#18816=CARTESIAN_POINT('',(-0.0580000000000001,0.01,0.5));
#18817=CARTESIAN_POINT('',(-0.0420000000000001,0.01,0.5));
#18818=CARTESIAN_POINT('',(-0.0420000000000001,0.01,-0.0555930905438934));
#18819=CARTESIAN_POINT('',(0.308,0.00999999999999993,-0.0555930905438935));
#18820=CARTESIAN_POINT('',(-0.00800000000000007,0.01,-0.0555930905438934));
#18821=CARTESIAN_POINT('',(-0.00800000000000007,0.01,0.5));
#18822=CARTESIAN_POINT('',(0.00799999999999993,0.01,0.5));
#18823=CARTESIAN_POINT('',(0.00799999999999993,0.01,-0.0555930905438934));
#18824=CARTESIAN_POINT('',(0.308,0.00999999999999993,-0.0555930905438935));
#18825=CARTESIAN_POINT('',(0.0419999999999999,0.01,-0.0555930905438934));
#18826=CARTESIAN_POINT('',(0.0419999999999999,0.01,0.5));
#18827=CARTESIAN_POINT('',(0.0579999999999999,0.01,0.5));
#18828=CARTESIAN_POINT('',(0.0579999999999999,0.01,-0.0555930905438934));
#18829=CARTESIAN_POINT('',(0.308,0.00999999999999995,-0.0555930905438935));
#18830=CARTESIAN_POINT('',(0.0919999999999999,0.01,-0.0555930905438934));
#18831=CARTESIAN_POINT('',(0.0919999999999999,0.01,0.5));
#18832=CARTESIAN_POINT('',(0.108,0.01,0.5));
#18833=CARTESIAN_POINT('',(0.108,0.01,-0.0555930905438934));
#18834=CARTESIAN_POINT('',(0.308,0.00999999999999997,-0.0555930905438935));
#18835=CARTESIAN_POINT('',(0.142,0.01,-0.0555930905438934));
#18836=CARTESIAN_POINT('',(0.142,0.01,0.5));
#18837=CARTESIAN_POINT('',(0.158,0.01,0.5));
#18838=CARTESIAN_POINT('',(0.158,0.01,-0.0555930905438934));
#18839=CARTESIAN_POINT('',(0.308,0.00999999999999998,-0.0555930905438934));
#18840=CARTESIAN_POINT('',(0.192,0.01,-0.0555930905438934));
#18841=CARTESIAN_POINT('',(0.192,0.01,0.5));
#18842=CARTESIAN_POINT('',(0.208,0.01,0.5));
#18843=CARTESIAN_POINT('',(0.208,0.01,-0.0555930905438934));
#18844=CARTESIAN_POINT('',(0.308,0.00999999999999999,-0.0555930905438934));
#18845=CARTESIAN_POINT('',(0.242,0.01,-0.0555930905438934));
#18846=CARTESIAN_POINT('',(0.242,0.01,0.5));
#18847=CARTESIAN_POINT('',(0.258,0.01,0.5));
#18848=CARTESIAN_POINT('',(0.258,0.01,-0.0555930905438934));
#18849=CARTESIAN_POINT('',(0.308,0.01,-0.0555930905438934));
#18850=CARTESIAN_POINT('',(0.292,0.01,-0.0555930905438934));
#18851=CARTESIAN_POINT('',(0.292,0.01,0.5));
#18852=CARTESIAN_POINT('',(0.308,0.01,-0.017));
#18853=CARTESIAN_POINT('',(0.292,0.01,0.5));
#18854=CARTESIAN_POINT('',(0.292,0.01,0.0555930905438934));
#18855=CARTESIAN_POINT('',(0.308,0.01,0.0555930905438934));
#18856=CARTESIAN_POINT('',(0.258,0.01,0.0555930905438934));
#18857=CARTESIAN_POINT('',(0.258,0.01,0.5));
#18858=CARTESIAN_POINT('',(0.242,0.01,0.5));
#18859=CARTESIAN_POINT('',(0.242,0.01,0.0555930905438934));
#18860=CARTESIAN_POINT('',(0.308,0.00999999999999998,0.0555930905438934));
#18861=CARTESIAN_POINT('',(0.208,0.01,0.0555930905438934));
#18862=CARTESIAN_POINT('',(0.208,0.01,0.5));
#18863=CARTESIAN_POINT('',(0.192,0.01,0.5));
#18864=CARTESIAN_POINT('',(0.192,0.01,0.0555930905438934));
#18865=CARTESIAN_POINT('',(0.308,0.00999999999999997,0.0555930905438935));
#18866=CARTESIAN_POINT('',(0.158,0.01,0.0555930905438934));
#18867=CARTESIAN_POINT('',(0.158,0.01,0.5));
#18868=CARTESIAN_POINT('',(0.142,0.01,0.5));
#18869=CARTESIAN_POINT('',(0.142,0.01,0.0555930905438934));
#18870=CARTESIAN_POINT('',(0.308,0.00999999999999996,0.0555930905438935));
#18871=CARTESIAN_POINT('',(0.108,0.01,0.0555930905438934));
#18872=CARTESIAN_POINT('',(0.108,0.01,0.5));
#18873=CARTESIAN_POINT('',(0.0919999999999999,0.01,0.5));
#18874=CARTESIAN_POINT('',(0.0919999999999999,0.01,0.0555930905438934));
#18875=CARTESIAN_POINT('',(0.308,0.00999999999999995,0.0555930905438935));
#18876=CARTESIAN_POINT('',(0.0579999999999999,0.01,0.0555930905438934));
#18877=CARTESIAN_POINT('',(0.0579999999999999,0.01,0.5));
#18878=CARTESIAN_POINT('',(0.0419999999999999,0.01,0.5));
#18879=CARTESIAN_POINT('',(0.0419999999999999,0.01,0.0555930905438934));
#18880=CARTESIAN_POINT('',(0.308,0.00999999999999993,0.0555930905438935));
#18881=CARTESIAN_POINT('',(0.00799999999999992,0.01,0.0555930905438934));
#18882=CARTESIAN_POINT('',(0.00799999999999993,0.01,0.5));
#18883=CARTESIAN_POINT('',(-0.00800000000000007,0.01,0.5));
#18884=CARTESIAN_POINT('',(-0.00800000000000007,0.01,0.0555930905438934));
#18885=CARTESIAN_POINT('',(0.308,0.00999999999999992,0.0555930905438935));
#18886=CARTESIAN_POINT('',(-0.0420000000000001,0.01,0.0555930905438934));
#18887=CARTESIAN_POINT('',(-0.0420000000000001,0.01,0.5));
#18888=CARTESIAN_POINT('',(-0.0580000000000001,0.01,0.5));
#18889=CARTESIAN_POINT('',(-0.0580000000000001,0.01,0.0555930905438934));
#18890=CARTESIAN_POINT('',(0.308,0.00999999999999991,0.0555930905438935));
#18891=CARTESIAN_POINT('',(-0.0920000000000001,0.01,0.0555930905438934));
#18892=CARTESIAN_POINT('',(-0.0920000000000001,0.01,0.5));
#18893=CARTESIAN_POINT('',(-0.108,0.01,0.5));
#18894=CARTESIAN_POINT('',(-0.108,0.01,0.0555930905438934));
#18895=CARTESIAN_POINT('',(0.308,0.0099999999999999,0.0555930905438935));
#18896=CARTESIAN_POINT('',(-0.142,0.01,0.0555930905438934));
#18897=CARTESIAN_POINT('',(-0.142,0.01,0.5));
#18898=CARTESIAN_POINT('',(-0.158,0.01,0.5));
#18899=CARTESIAN_POINT('',(-0.158,0.01,0.0555930905438934));
#18900=CARTESIAN_POINT('',(0.308,0.00999999999999988,0.0555930905438935));
#18901=CARTESIAN_POINT('',(-0.192,0.01,0.0555930905438934));
#18902=CARTESIAN_POINT('',(-0.192,0.01,0.5));
#18903=CARTESIAN_POINT('',(-0.208,0.01,0.5));
#18904=CARTESIAN_POINT('',(-0.208,0.01,0.0555930905438934));
#18905=CARTESIAN_POINT('',(0.308,0.00999999999999987,0.0555930905438936));
#18906=CARTESIAN_POINT('',(-0.242,0.01,0.0555930905438934));
#18907=CARTESIAN_POINT('',(-0.242,0.01,0.5));
#18908=CARTESIAN_POINT('',(-0.258,0.01,0.5));
#18909=CARTESIAN_POINT('',(-0.258,0.01,0.0555930905438934));
#18910=CARTESIAN_POINT('',(0.308,0.00999999999999986,0.0555930905438936));
#18911=CARTESIAN_POINT('',(-0.292,0.01,0.0555930905438934));
#18912=CARTESIAN_POINT('',(-0.292,0.01,0.5));
#18913=CARTESIAN_POINT('',(-0.292,0.01,0.017));
#18914=CARTESIAN_POINT('',(0.308,0.01,0.017));
#18915=CARTESIAN_POINT('',(-0.308,0.01,0.017));
#18916=CARTESIAN_POINT('',(-0.308,0.01,-0.017));
#18917=CARTESIAN_POINT('',(0.308,0.01,0.017));
#18918=CARTESIAN_POINT('',(-0.292,0.01,0.017));
#18919=CARTESIAN_POINT('',(-0.292,-8.53702498020082E-18,0.017));
#18920=CARTESIAN_POINT('',(0.308,-8.53702498020082E-18,0.017));
#18921=CARTESIAN_POINT('',(-0.308,-8.53702498020082E-18,0.017));
#18922=CARTESIAN_POINT('',(-0.308,0.01,0.017));
#18923=CARTESIAN_POINT('',(0.308,0.00900000000000052,0.0403238075793816));
#18924=CARTESIAN_POINT('',(-0.292,0.00900000000000052,0.0403238075793816));
#18925=CARTESIAN_POINT('',(-0.292,-0.016,0.0403238075793815));
#18926=CARTESIAN_POINT('',(0.308,-0.016,0.0403238075793815));
#18927=CARTESIAN_POINT('',(-0.308,-0.016,0.0403238075793815));
#18928=CARTESIAN_POINT('',(-0.308,0.00900000000000052,0.0403238075793816));
#18929=CARTESIAN_POINT('',(0.308,-0.016,0.0403238075793815));
#18930=CARTESIAN_POINT('',(-0.292,-0.016,0.0403238075793815));
#18931=CARTESIAN_POINT('',(-0.292,-0.016,0.115));
#18932=CARTESIAN_POINT('',(0.308,-0.016,0.115));
#18933=CARTESIAN_POINT('',(-0.308,-0.016,0.115));
#18934=CARTESIAN_POINT('',(-0.308,-0.016,0.0403238075793815));
#18935=CARTESIAN_POINT('',(0.308,-0.016,0.115));
#18936=CARTESIAN_POINT('',(-0.292,-0.016,0.115));
#18937=CARTESIAN_POINT('',(-0.292,0.,0.115));
#18938=CARTESIAN_POINT('',(0.308,0.,0.115));
#18939=CARTESIAN_POINT('',(-0.308,0.,0.115));
#18940=CARTESIAN_POINT('',(-0.308,-0.016,0.115));
#18941=CARTESIAN_POINT('',(0.308,0.,0.115));
#18942=CARTESIAN_POINT('',(-0.292,0.,0.115));
#18943=CARTESIAN_POINT('',(-0.292,3.030088246176E-18,0.066));
#18944=CARTESIAN_POINT('',(0.308,0.,0.066));
#18945=CARTESIAN_POINT('',(-0.308,0.,0.066));
#18946=CARTESIAN_POINT('',(-0.308,0.,0.115));
#18947=CARTESIAN_POINT('',(0.308,0.,0.066));
#18948=CARTESIAN_POINT('',(0.292,0.,0.066));
#18949=CARTESIAN_POINT('',(0.308,0.,0.066));
#18950=CARTESIAN_POINT('',(0.308,0.0634194044623617,-8.53702498020082E-18));
#18951=CARTESIAN_POINT('',(0.308,0.0634194044623617,-8.53702498020082E-18));
#18952=CARTESIAN_POINT('',(-0.308,0.0634194044623617,-8.53702498020082E-18));
#18953=CARTESIAN_POINT('',(-0.308,0.,0.066));
#18954=CARTESIAN_POINT('',(-0.292,0.,0.066));
#18955=CARTESIAN_POINT('',(-0.258,0.,0.066));
#18956=CARTESIAN_POINT('',(-0.242,0.,0.066));
#18957=CARTESIAN_POINT('',(-0.208,0.,0.066));
#18958=CARTESIAN_POINT('',(-0.192,0.,0.066));
#18959=CARTESIAN_POINT('',(-0.158,0.,0.066));
#18960=CARTESIAN_POINT('',(-0.142,0.,0.066));
#18961=CARTESIAN_POINT('',(-0.108,0.,0.066));
#18962=CARTESIAN_POINT('',(-0.0920000000000001,0.,0.066));
#18963=CARTESIAN_POINT('',(-0.058,0.,0.066));
#18964=CARTESIAN_POINT('',(-0.0420000000000001,0.,0.066));
#18965=CARTESIAN_POINT('',(-0.00800000000000009,0.,0.066));
#18966=CARTESIAN_POINT('',(0.00799999999999992,0.,0.066));
#18967=CARTESIAN_POINT('',(0.0419999999999999,0.,0.066));
#18968=CARTESIAN_POINT('',(0.0579999999999999,0.,0.066));
#18969=CARTESIAN_POINT('',(0.0919999999999999,0.,0.066));
#18970=CARTESIAN_POINT('',(0.108,0.,0.066));
#18971=CARTESIAN_POINT('',(0.142,0.,0.066));
#18972=CARTESIAN_POINT('',(0.158,0.,0.066));
#18973=CARTESIAN_POINT('',(0.192,0.,0.066));
#18974=CARTESIAN_POINT('',(0.208,0.,0.066));
#18975=CARTESIAN_POINT('',(0.242,0.,0.066));
#18976=CARTESIAN_POINT('',(0.258,0.,0.066));
#18977=CARTESIAN_POINT('',(0.308,0.0634194044623617,0.));
#18978=CARTESIAN_POINT('',(0.292,0.0634194044623617,0.));
#18979=CARTESIAN_POINT('',(0.258,0.0634194044623617,0.));
#18980=CARTESIAN_POINT('',(0.242,0.0634194044623617,0.));
#18981=CARTESIAN_POINT('',(0.208,0.0634194044623617,0.));
#18982=CARTESIAN_POINT('',(0.192,0.0634194044623617,0.));
#18983=CARTESIAN_POINT('',(0.158,0.0634194044623617,0.));
#18984=CARTESIAN_POINT('',(0.142,0.0634194044623617,0.));
#18985=CARTESIAN_POINT('',(0.108,0.0634194044623617,0.));
#18986=CARTESIAN_POINT('',(0.0919999999999999,0.0634194044623617,0.));
#18987=CARTESIAN_POINT('',(0.0579999999999999,0.0634194044623617,0.));
#18988=CARTESIAN_POINT('',(0.0419999999999999,0.0634194044623617,0.));
#18989=CARTESIAN_POINT('',(0.00799999999999992,0.0634194044623617,0.));
#18990=CARTESIAN_POINT('',(-0.00800000000000009,0.0634194044623617,0.));
#18991=CARTESIAN_POINT('',(-0.0420000000000001,0.0634194044623617,0.));
#18992=CARTESIAN_POINT('',(-0.058,0.0634194044623617,0.));
#18993=CARTESIAN_POINT('',(-0.0920000000000001,0.0634194044623617,0.));
#18994=CARTESIAN_POINT('',(-0.108,0.0634194044623617,0.));
#18995=CARTESIAN_POINT('',(-0.142,0.0634194044623617,0.));
#18996=CARTESIAN_POINT('',(-0.158,0.0634194044623617,0.));
#18997=CARTESIAN_POINT('',(-0.192,0.0634194044623617,0.));
#18998=CARTESIAN_POINT('',(-0.208,0.0634194044623617,0.));
#18999=CARTESIAN_POINT('',(-0.242,0.0634194044623617,0.));
#19000=CARTESIAN_POINT('',(-0.258,0.0634194044623617,0.));
#19001=CARTESIAN_POINT('',(-0.292,0.0634194044623617,0.));
#19002=CARTESIAN_POINT('',(-0.308,0.0634194044623617,0.));
#19003=CARTESIAN_POINT('',(0.308,0.0634194044623617,0.));
#19004=CARTESIAN_POINT('',(0.308,0.0090000000000005,-0.0403238075793815));
#19005=CARTESIAN_POINT('',(-0.308,0.0090000000000005,-0.0403238075793815));
#19006=CARTESIAN_POINT('',(-0.292,-0.44609430648634,0.5));
#19007=CARTESIAN_POINT('',(-0.258,0.01,0.5));
#19008=CARTESIAN_POINT('',(-0.242,-0.44445605508514,0.5));
#19009=CARTESIAN_POINT('',(-0.208,0.01,0.5));
#19010=CARTESIAN_POINT('',(-0.192,-0.44445605508514,0.5));
#19011=CARTESIAN_POINT('',(-0.158,0.01,0.5));
#19012=CARTESIAN_POINT('',(-0.142,-0.44445605508514,0.5));
#19013=CARTESIAN_POINT('',(-0.108,0.01,0.5));
#19014=CARTESIAN_POINT('',(-0.0920000000000001,-0.44445605508514,0.5));
#19015=CARTESIAN_POINT('',(-0.0580000000000001,0.01,0.5));
#19016=CARTESIAN_POINT('',(-0.0420000000000001,-0.44445605508514,0.5));
#19017=CARTESIAN_POINT('',(-0.00800000000000007,0.01,0.5));
#19018=CARTESIAN_POINT('',(0.00799999999999993,-0.44445605508514,0.5));
#19019=CARTESIAN_POINT('',(0.0419999999999999,0.01,0.5));
#19020=CARTESIAN_POINT('',(0.0579999999999999,-0.44445605508514,0.5));
#19021=CARTESIAN_POINT('',(0.0919999999999999,0.01,0.5));
#19022=CARTESIAN_POINT('',(0.108,-0.44445605508514,0.5));
#19023=CARTESIAN_POINT('',(0.142,0.01,0.5));
#19024=CARTESIAN_POINT('',(0.158,-0.44445605508514,0.5));
#19025=CARTESIAN_POINT('',(0.192,0.01,0.5));
#19026=CARTESIAN_POINT('',(0.208,-0.44445605508514,0.5));
#19027=CARTESIAN_POINT('',(0.242,0.01,0.5));
#19028=CARTESIAN_POINT('',(0.258,-0.44445605508514,0.5));
#19029=CARTESIAN_POINT('',(0.292,0.01,0.5));
#19030=CARTESIAN_POINT('',(-0.292,-0.44609430648634,0.5));
#19031=CARTESIAN_POINT('',(-0.258,0.01,0.5));
#19032=CARTESIAN_POINT('',(-0.242,-0.44445605508514,0.5));
#19033=CARTESIAN_POINT('',(-0.208,0.01,0.5));
#19034=CARTESIAN_POINT('',(-0.192,-0.44445605508514,0.5));
#19035=CARTESIAN_POINT('',(-0.158,0.01,0.5));
#19036=CARTESIAN_POINT('',(-0.142,-0.44445605508514,0.5));
#19037=CARTESIAN_POINT('',(-0.108,0.01,0.5));
#19038=CARTESIAN_POINT('',(-0.0920000000000001,-0.44445605508514,0.5));
#19039=CARTESIAN_POINT('',(-0.0580000000000001,0.01,0.5));
#19040=CARTESIAN_POINT('',(-0.0420000000000001,-0.44445605508514,0.5));
#19041=CARTESIAN_POINT('',(-0.00800000000000007,0.01,0.5));
#19042=CARTESIAN_POINT('',(0.00799999999999993,-0.44445605508514,0.5));
#19043=CARTESIAN_POINT('',(0.0419999999999999,0.01,0.5));
#19044=CARTESIAN_POINT('',(0.0579999999999999,-0.44445605508514,0.5));
#19045=CARTESIAN_POINT('',(0.0919999999999999,0.01,0.5));
#19046=CARTESIAN_POINT('',(0.108,-0.44445605508514,0.5));
#19047=CARTESIAN_POINT('',(0.142,0.01,0.5));
#19048=CARTESIAN_POINT('',(0.158,-0.44445605508514,0.5));
#19049=CARTESIAN_POINT('',(0.192,0.01,0.5));
#19050=CARTESIAN_POINT('',(0.208,-0.44445605508514,0.5));
#19051=CARTESIAN_POINT('',(0.242,0.01,0.5));
#19052=CARTESIAN_POINT('',(0.292,0.01,0.5));
#19053=CARTESIAN_POINT('',(0.258,-0.44445605508514,0.5));
#19054=CARTESIAN_POINT('',(0.,0.,0.));
#19055=CARTESIAN_POINT('',(-0.3585,0.3193,0.06));
#19056=CARTESIAN_POINT('',(-0.34010606376166,0.3794638545094,-0.02));
#19057=CARTESIAN_POINT('',(-0.34010606376166,0.3794638545094,-0.02));
#19058=CARTESIAN_POINT('',(-0.3585,0.3193,-0.02));
#19059=CARTESIAN_POINT('',(-0.3585,0.3193,0.06));
#19060=CARTESIAN_POINT('',(-0.3585,0.3193,-0.1));
#19061=CARTESIAN_POINT('',(-0.34010606376166,0.3794638545094,-0.1));
#19062=CARTESIAN_POINT('',(-0.34010606376166,0.3794638545094,-0.1));
#19063=CARTESIAN_POINT('',(-0.34010606376166,0.3794638545094,0.06));
#19064=CARTESIAN_POINT('',(-0.4045,0.1675,0.0677204));
#19065=CARTESIAN_POINT('',(-0.4045,0.1675,-0.0677204));
#19066=CARTESIAN_POINT('',(-0.4295,0.1675,-0.0677204));
#19067=CARTESIAN_POINT('',(-0.4045,0.1675,-0.06));
#19068=CARTESIAN_POINT('',(-0.3795,0.1675,-0.06));
#19069=CARTESIAN_POINT('',(-0.035500000000001,0.2235,0.1112204));
#19070=CARTESIAN_POINT('',(-0.035500000000001,0.00449999999999989,0.1112204));
#19071=CARTESIAN_POINT('',(-0.035500000000001,0.00449999999999989,0.1112204));
#19072=CARTESIAN_POINT('',(-0.035500000000001,0.00449999999999989,0.0677204));
#19073=CARTESIAN_POINT('',(-0.035500000000001,0.2235,0.0677204));
#19074=CARTESIAN_POINT('',(-0.035500000000001,0.2235,0.0677204));
#19075=CARTESIAN_POINT('',(-0.035500000000001,0.2235,0.1112204));
#19076=CARTESIAN_POINT('',(-0.035500000000001,0.2235,0.1112204));
#19077=CARTESIAN_POINT('',(-0.035500000000001,0.2235,0.1112204));
#19078=CARTESIAN_POINT('',(-0.035500000000001,0.00449999999999989,0.1112204));
#19079=CARTESIAN_POINT('',(-0.2555,0.0044999999999999,0.1112204));
#19080=CARTESIAN_POINT('',(-0.2555,0.0044999999999999,0.1112204));
#19081=CARTESIAN_POINT('',(-0.2555,0.0044999999999999,0.0677204));
#19082=CARTESIAN_POINT('',(-0.035500000000001,0.00449999999999989,0.0677204));
#19083=CARTESIAN_POINT('',(-0.035500000000001,0.00449999999999989,0.1112204));
#19084=CARTESIAN_POINT('',(-0.2555,0.0044999999999999,0.1112204));
#19085=CARTESIAN_POINT('',(-0.2555,-0.0165,0.1112204));
#19086=CARTESIAN_POINT('',(-0.2555,-0.0165,0.1112204));
#19087=CARTESIAN_POINT('',(-0.2555,-0.0165,0.0677204));
#19088=CARTESIAN_POINT('',(-0.2555,0.0044999999999999,0.0677204));
#19089=CARTESIAN_POINT('',(-0.2555,0.0044999999999999,0.1112204));
#19090=CARTESIAN_POINT('',(-0.2555,-0.0165,0.1112204));
#19091=CARTESIAN_POINT('',(-0.4805,-0.0165,0.1112204));
#19092=CARTESIAN_POINT('',(-0.4805,-0.0165,0.1112204));
#19093=CARTESIAN_POINT('',(-0.4805,-0.0165,0.0677204));
#19094=CARTESIAN_POINT('',(-0.2555,-0.0165,0.0677204));
#19095=CARTESIAN_POINT('',(-0.2555,-0.0165,0.1112204));
#19096=CARTESIAN_POINT('',(-0.4805,-0.0165,0.1112204));
#19097=CARTESIAN_POINT('',(-0.4805,0.0035,0.1112204));
#19098=CARTESIAN_POINT('',(-0.4805,0.0035,0.1112204));
#19099=CARTESIAN_POINT('',(-0.4805,0.0035,0.0677204));
#19100=CARTESIAN_POINT('',(-0.4805,-0.0165,0.0677204));
#19101=CARTESIAN_POINT('',(-0.4805,-0.0165,0.1112204));
#19102=CARTESIAN_POINT('',(-0.4805,0.0035,0.1112204));
#19103=CARTESIAN_POINT('',(-0.5105,0.0035,0.0677204));
#19104=CARTESIAN_POINT('',(-0.5105,0.0035,0.0677204));
#19105=CARTESIAN_POINT('',(-0.5105,0.0035,-0.0677204));
#19106=CARTESIAN_POINT('',(-0.4805,0.0035,0.0677204));
#19107=CARTESIAN_POINT('',(-0.4805,0.0035,0.1112204));
#19108=CARTESIAN_POINT('',(-0.5605,0.0035,0.1112204));
#19109=CARTESIAN_POINT('',(-0.5605,0.0035,0.1112204));
#19110=CARTESIAN_POINT('',(-0.5605,0.0035,-0.1112204));
#19111=CARTESIAN_POINT('',(-0.4805,0.0035,-0.1112204));
#19112=CARTESIAN_POINT('',(-0.4805,0.0035,-0.1112204));
#19113=CARTESIAN_POINT('',(-0.4805,0.0035,0.1112204));
#19114=CARTESIAN_POINT('',(-0.4805,0.0035,-0.0677204));
#19115=CARTESIAN_POINT('',(-0.4805,0.0035,-0.0677204));
#19116=CARTESIAN_POINT('',(-0.5355,0.1035,0.1112204));
#19117=CARTESIAN_POINT('',(-0.48191016151378,0.3035,0.1112204));
#19118=CARTESIAN_POINT('',(-0.48191016151378,0.3035,0.1112204));
#19119=CARTESIAN_POINT('',(-0.48191016151378,0.3035,0.0677204));
#19120=CARTESIAN_POINT('',(-0.5355,0.1035,0.0677204));
#19121=CARTESIAN_POINT('',(-0.5355,0.1035,0.0677204));
#19122=CARTESIAN_POINT('',(-0.5355,0.1035,0.1112204));
#19123=CARTESIAN_POINT('',(-0.5355,0.1035,0.1112204));
#19124=CARTESIAN_POINT('',(-0.5355,0.1035,0.1112204));
#19125=CARTESIAN_POINT('',(-0.48191016151378,0.3035,0.1112204));
#19126=CARTESIAN_POINT('',(-0.3405,0.3035,0.1112204));
#19127=CARTESIAN_POINT('',(-0.3405,0.3035,0.1112204));
#19128=CARTESIAN_POINT('',(-0.3405,0.3035,0.0677204));
#19129=CARTESIAN_POINT('',(-0.48191016151378,0.3035,0.0677204));
#19130=CARTESIAN_POINT('',(-0.48191016151378,0.3035,0.1112204));
#19131=CARTESIAN_POINT('',(-0.3405,0.3035,0.1112204));
#19132=CARTESIAN_POINT('',(-0.3405,0.2235,0.1112204));
#19133=CARTESIAN_POINT('',(-0.3405,0.2235,0.1112204));
#19134=CARTESIAN_POINT('',(-0.3405,0.2235,0.0677204));
#19135=CARTESIAN_POINT('',(-0.3405,0.3035,0.0677204));
#19136=CARTESIAN_POINT('',(-0.3405,0.3035,0.1112204));
#19137=CARTESIAN_POINT('',(-0.3405,0.2235,0.1112204));
#19138=CARTESIAN_POINT('',(-0.3405,0.2235,0.0677204));
#19139=CARTESIAN_POINT('',(-0.3405,0.2235,0.1112204));
#19140=CARTESIAN_POINT('',(-0.035500000000001,0.2235,0.1112204));
#19141=CARTESIAN_POINT('',(-0.035500000000001,0.2235,-0.0677204));
#19142=CARTESIAN_POINT('',(-0.035500000000001,0.2235,-0.0677203999999999));
#19143=CARTESIAN_POINT('',(-0.035500000000001,0.00449999999999989,-0.0677204));
#19144=CARTESIAN_POINT('',(-0.035500000000001,0.00449999999999989,0.1112204));
#19145=CARTESIAN_POINT('',(-0.035500000000001,0.00449999999999989,-0.1112204));
#19146=CARTESIAN_POINT('',(-0.035500000000001,0.2235,-0.1112204));
#19147=CARTESIAN_POINT('',(-0.035500000000001,0.2235,-0.1112204));
#19148=CARTESIAN_POINT('',(-0.035500000000001,0.2235,0.1112204));
#19149=CARTESIAN_POINT('',(-0.035500000000001,0.00449999999999989,0.1112204));
#19150=CARTESIAN_POINT('',(-0.035500000000001,0.00449999999999989,-0.0677204));
#19151=CARTESIAN_POINT('',(-0.2555,0.0044999999999999,-0.0677204));
#19152=CARTESIAN_POINT('',(-0.2555,0.0044999999999999,0.1112204));
#19153=CARTESIAN_POINT('',(-0.2555,0.0044999999999999,-0.1112204));
#19154=CARTESIAN_POINT('',(-0.035500000000001,0.00449999999999989,-0.1112204));
#19155=CARTESIAN_POINT('',(-0.2555,0.0044999999999999,0.1112204));
#19156=CARTESIAN_POINT('',(-0.2555,0.0044999999999999,-0.0677204));
#19157=CARTESIAN_POINT('',(-0.2555,-0.0165,-0.0677204));
#19158=CARTESIAN_POINT('',(-0.2555,-0.0165,0.1112204));
#19159=CARTESIAN_POINT('',(-0.2555,-0.0165,-0.1112204));
#19160=CARTESIAN_POINT('',(-0.2555,0.0044999999999999,-0.1112204));
#19161=CARTESIAN_POINT('',(-0.2555,-0.0165,0.1112204));
#19162=CARTESIAN_POINT('',(-0.2555,-0.0165,-0.0677204));
#19163=CARTESIAN_POINT('',(-0.4805,-0.0165,-0.0677204));
#19164=CARTESIAN_POINT('',(-0.4805,-0.0165,0.1112204));
#19165=CARTESIAN_POINT('',(-0.4805,-0.0165,-0.1112204));
#19166=CARTESIAN_POINT('',(-0.2555,-0.0165,-0.1112204));
#19167=CARTESIAN_POINT('',(-0.4805,-0.0165,0.1112204));
#19168=CARTESIAN_POINT('',(-0.4805,-0.0165,-0.0677204));
#19169=CARTESIAN_POINT('',(-0.4805,-0.0165,-0.1112204));
#19170=CARTESIAN_POINT('',(-0.5605,0.0035,0.1112204));
#19171=CARTESIAN_POINT('',(-0.5605,0.0035,-0.1112204));
#19172=CARTESIAN_POINT('',(-0.5605,0.1035,-0.1112204));
#19173=CARTESIAN_POINT('',(-0.5605,0.0035,0.1112204));
#19174=CARTESIAN_POINT('',(-0.5605,0.1035,0.1112204));
#19175=CARTESIAN_POINT('',(-0.5605,0.1035,0.1112204));
#19176=CARTESIAN_POINT('',(-0.5605,0.1035,0.1112204));
#19177=CARTESIAN_POINT('',(-0.5605,0.1035,-0.1112204));
#19178=CARTESIAN_POINT('',(-0.5355,0.1035,-0.1112204));
#19179=CARTESIAN_POINT('',(-0.5605,0.1035,0.1112204));
#19180=CARTESIAN_POINT('',(-0.5105,0.1035,0.0677204));
#19181=CARTESIAN_POINT('',(-0.5105,0.1035,0.0677204));
#19182=CARTESIAN_POINT('',(-0.5105,0.1035,0.0677204));
#19183=CARTESIAN_POINT('',(-0.5105,0.1035,-0.0677204));
#19184=CARTESIAN_POINT('',(-0.5105,0.1035,-0.0677204));
#19185=CARTESIAN_POINT('',(-0.5355,0.1035,-0.0677204));
#19186=CARTESIAN_POINT('',(-0.5355,0.1035,0.1112204));
#19187=CARTESIAN_POINT('',(-0.5355,0.1035,0.1112204));
#19188=CARTESIAN_POINT('',(-0.5355,0.1035,-0.0677204));
#19189=CARTESIAN_POINT('',(-0.48191016151378,0.3035,-0.0677204));
#19190=CARTESIAN_POINT('',(-0.48191016151378,0.3035,0.1112204));
#19191=CARTESIAN_POINT('',(-0.48191016151378,0.3035,-0.1112204));
#19192=CARTESIAN_POINT('',(-0.5355,0.1035,-0.1112204));
#19193=CARTESIAN_POINT('',(-0.48191016151378,0.3035,0.1112204));
#19194=CARTESIAN_POINT('',(-0.48191016151378,0.3035,-0.0677204));
#19195=CARTESIAN_POINT('',(-0.3405,0.3035,-0.0677204));
#19196=CARTESIAN_POINT('',(-0.3405,0.3035,0.1112204));
#19197=CARTESIAN_POINT('',(-0.3405,0.3035,-0.1112204));
#19198=CARTESIAN_POINT('',(-0.48191016151378,0.3035,-0.1112204));
#19199=CARTESIAN_POINT('',(-0.3405,0.3035,0.1112204));
#19200=CARTESIAN_POINT('',(-0.3405,0.3035,-0.0677204));
#19201=CARTESIAN_POINT('',(-0.3405,0.2235,-0.0677204));
#19202=CARTESIAN_POINT('',(-0.3405,0.2235,0.1112204));
#19203=CARTESIAN_POINT('',(-0.3405,0.2235,-0.1112204));
#19204=CARTESIAN_POINT('',(-0.3405,0.3035,-0.1112204));
#19205=CARTESIAN_POINT('',(-0.3405,0.2235,0.1112204));
#19206=CARTESIAN_POINT('',(-0.3405,0.2235,-0.0677204));
#19207=CARTESIAN_POINT('',(-0.3405,0.2235,-0.1112204));
#19208=CARTESIAN_POINT('',(0.,0.,0.1112204));
#19209=CARTESIAN_POINT('',(0.,0.,-0.1112204));
#19210=CARTESIAN_POINT('',(-0.5105,0.0035,0.0677204));
#19211=CARTESIAN_POINT('',(-0.5105,0.0035,-0.0677204));
#19212=CARTESIAN_POINT('',(-0.5105,0.0035,0.0677204));
#19213=CARTESIAN_POINT('',(0.,0.,0.0677204));
#19214=CARTESIAN_POINT('',(-0.4045,0.1675,0.0677204));
#19215=CARTESIAN_POINT('',(-0.3795,0.1675,0.0677204));
#19216=CARTESIAN_POINT('',(0.,0.,-0.0677204));
#19217=CARTESIAN_POINT('',(-0.4045,0.1675,0.0677204));
#19218=CARTESIAN_POINT('',(-0.4045,0.1675,0.06));
#19219=CARTESIAN_POINT('',(-0.3795,0.1675,0.06));
#19220=CARTESIAN_POINT('',(-0.47657913837046,0.4235,0.06));
#19221=CARTESIAN_POINT('',(-0.47657913837046,0.4235,0.06));
#19222=CARTESIAN_POINT('',(-0.506458007566529,0.3193,0.06));
#19223=CARTESIAN_POINT('',(-0.538,0.2093,0.06));
#19224=CARTESIAN_POINT('',(-0.50645800756653,0.3193,0.1));
#19225=CARTESIAN_POINT('',(-0.50645800756653,0.3193,0.1));
#19226=CARTESIAN_POINT('',(-0.50645800756653,0.3193,0.1));
#19227=CARTESIAN_POINT('',(-0.47657913837046,0.4235,0.1));
#19228=CARTESIAN_POINT('',(-0.47657913837046,0.4235,0.06));
#19229=CARTESIAN_POINT('',(-0.47657913837046,0.4235,-0.1));
#19230=CARTESIAN_POINT('',(-0.50645800756653,0.3193,-0.1));
#19231=CARTESIAN_POINT('',(-0.50645800756653,0.3193,-0.1));
#19232=CARTESIAN_POINT('',(-0.50645800756653,0.3193,0.1));
#19233=CARTESIAN_POINT('',(-0.50645800756653,0.3193,-0.06));
#19234=CARTESIAN_POINT('',(-0.47657913837046,0.4235,-0.06));
#19235=CARTESIAN_POINT('',(-0.538,0.2093,-0.06));
#19236=CARTESIAN_POINT('',(-0.538,0.2093,0.06));
#19237=CARTESIAN_POINT('',(-0.538,0.2093,0.06));
#19238=CARTESIAN_POINT('',(-0.538,0.2093,-0.06));
#19239=CARTESIAN_POINT('',(-0.41988943911913,0.0293,-0.06));
#19240=CARTESIAN_POINT('',(-0.41988943911913,0.0293,0.06));
#19241=CARTESIAN_POINT('',(-0.41988943911913,0.0293,0.06));
#19242=CARTESIAN_POINT('',(-0.538,0.2093,0.06));
#19243=CARTESIAN_POINT('',(-0.41988943911913,0.0293,0.06));
#19244=CARTESIAN_POINT('',(-0.41988943911913,0.0293,-0.06));
#19245=CARTESIAN_POINT('',(-0.340872539331948,0.029299999999999,-0.06));
#19246=CARTESIAN_POINT('',(-0.340872539331948,0.029299999999999,0.06));
#19247=CARTESIAN_POINT('',(-0.340872539331948,0.029299999999999,0.06));
#19248=CARTESIAN_POINT('',(-0.41988943911913,0.0293,0.06));
#19249=CARTESIAN_POINT('',(-0.340872539331947,0.109300000000009,0.06));
#19250=CARTESIAN_POINT('',(-0.340872539331947,0.109300000000009,-0.06));
#19251=CARTESIAN_POINT('',(-0.2615,0.0993,-0.06));
#19252=CARTESIAN_POINT('',(-0.2615,0.0993,0.06));
#19253=CARTESIAN_POINT('',(-0.2615,0.0993,0.06));
#19254=CARTESIAN_POINT('',(-0.340872539331947,0.109300000000009,0.06));
#19255=CARTESIAN_POINT('',(-0.2615,0.0993,0.06));
#19256=CARTESIAN_POINT('',(-0.2615,0.0993,-0.06));
#19257=CARTESIAN_POINT('',(-0.38,0.0993,-0.06));
#19258=CARTESIAN_POINT('',(-0.38,0.0993,0.06));
#19259=CARTESIAN_POINT('',(-0.38,0.0993,0.06));
#19260=CARTESIAN_POINT('',(-0.2615,0.0993,0.06));
#19261=CARTESIAN_POINT('',(-0.38,0.0993,0.06));
#19262=CARTESIAN_POINT('',(-0.38,0.0993,-0.06));
#19263=CARTESIAN_POINT('',(-0.3635,0.3193,-0.06));
#19264=CARTESIAN_POINT('',(-0.3635,0.3193,0.06));
#19265=CARTESIAN_POINT('',(-0.3635,0.3193,0.06));
#19266=CARTESIAN_POINT('',(-0.38,0.0993,0.06));
#19267=CARTESIAN_POINT('',(-0.3635,0.3193,0.06));
#19268=CARTESIAN_POINT('',(-0.3585,0.3193,0.02));
#19269=CARTESIAN_POINT('',(-0.3585,0.3193,0.02));
#19270=CARTESIAN_POINT('',(-0.318499999999997,0.3193,0.02));
#19271=CARTESIAN_POINT('',(-0.3585,0.3193,0.06));
#19272=CARTESIAN_POINT('',(-0.3585,0.3193,0.1));
#19273=CARTESIAN_POINT('',(-0.3585,0.3193,0.1));
#19274=CARTESIAN_POINT('',(-0.340872539331947,0.3193,0.06));
#19275=CARTESIAN_POINT('',(-0.340872539331947,0.3193,-0.06));
#19276=CARTESIAN_POINT('',(-0.3585,0.3193,-0.1));
#19277=CARTESIAN_POINT('',(-0.3585,0.3193,-0.02));
#19278=CARTESIAN_POINT('',(-0.318499999999997,0.3193,-0.02));
#19279=CARTESIAN_POINT('',(-0.318499999999997,0.3193,0.02));
#19280=CARTESIAN_POINT('',(-0.3585,0.3193,0.06));
#19281=CARTESIAN_POINT('',(-0.34010606376166,0.3794638545094,0.02));
#19282=CARTESIAN_POINT('',(-0.34010606376166,0.3794638545094,0.02));
#19283=CARTESIAN_POINT('',(-0.34010606376166,0.3794638545094,0.06));
#19284=CARTESIAN_POINT('',(-0.34010606376166,0.3794638545094,0.1));
#19285=CARTESIAN_POINT('',(-0.34010606376166,0.3794638545094,0.1));
#19286=CARTESIAN_POINT('',(-0.34010606376166,0.3794638545094,0.06));
#19287=CARTESIAN_POINT('',(-0.307529694475709,0.344529975400939,-0.02));
#19288=CARTESIAN_POINT('',(-0.307529694475709,0.344529975400939,-0.02));
#19289=CARTESIAN_POINT('',(-0.381170433767,0.4235,-0.1));
#19290=CARTESIAN_POINT('',(-0.381170433767,0.4235,-0.1));
#19291=CARTESIAN_POINT('',(-0.381170433767,0.4235,0.06));
#19292=CARTESIAN_POINT('',(-0.381170433767,0.4235,0.1));
#19293=CARTESIAN_POINT('',(-0.381170433767,0.4235,0.1));
#19294=CARTESIAN_POINT('',(-0.307529694475709,0.344529975400939,0.02));
#19295=CARTESIAN_POINT('',(-0.307529694475709,0.344529975400939,0.02));
#19296=CARTESIAN_POINT('',(-0.307529694475709,0.344529975400939,0.02));
#19297=CARTESIAN_POINT('',(-0.381170433767,0.4235,0.06));
#19298=CARTESIAN_POINT('',(-0.47657913837046,0.4235,-0.1));
#19299=CARTESIAN_POINT('',(-0.47657913837046,0.4235,0.1));
#19300=CARTESIAN_POINT('',(-0.340872539331947,0.109300000000009,0.06));
#19301=CARTESIAN_POINT('',(-0.340872539331947,0.109300000000009,-0.06));
#19302=CARTESIAN_POINT('',(-0.318499999999997,0.334300000000001,0.02));
#19303=CARTESIAN_POINT('',(-0.318499999999997,0.334300000000001,-0.02));
#19304=CARTESIAN_POINT('',(-0.318499999999997,0.334300000000001,0.02));
#19305=CARTESIAN_POINT('',(-0.318499999999997,0.334300000000001,0.02));
#19306=CARTESIAN_POINT('',(-0.318499999999997,0.334300000000001,-0.02));
#19307=CARTESIAN_POINT('',(0.,0.,-0.1));
#19308=CARTESIAN_POINT('',(0.,0.,0.1));
#19309=CARTESIAN_POINT('',(-0.075,0.,0.));
#19310=CARTESIAN_POINT('',(0.075,0.,0.));
#19311=MECHANICAL_DESIGN_GEOMETRIC_PRESENTATION_REPRESENTATION('',(#12154,
#12155,#12156,#12157),#19312);
#19312=(
GEOMETRIC_REPRESENTATION_CONTEXT(3)
GLOBAL_UNCERTAINTY_ASSIGNED_CONTEXT((#19317))
GLOBAL_UNIT_ASSIGNED_CONTEXT((#19324,#19323,#19322))
REPRESENTATION_CONTEXT('FTSH-113-01-L-DV-EJ-K',
'TOP_LEVEL_ASSEMBLY_PART')
);
#19313=(
GEOMETRIC_REPRESENTATION_CONTEXT(3)
GLOBAL_UNCERTAINTY_ASSIGNED_CONTEXT((#19318))
GLOBAL_UNIT_ASSIGNED_CONTEXT((#19324,#19323,#19322))
REPRESENTATION_CONTEXT('FTSH-113-01-L-DV-EJ-K_body','COMPONENT_PART')
);
#19314=(
GEOMETRIC_REPRESENTATION_CONTEXT(3)
GLOBAL_UNCERTAINTY_ASSIGNED_CONTEXT((#19319))
GLOBAL_UNIT_ASSIGNED_CONTEXT((#19324,#19323,#19322))
REPRESENTATION_CONTEXT('FTSH-113-01-L-DV-EJ-K_pins1','COMPONENT_PART')
);
#19315=(
GEOMETRIC_REPRESENTATION_CONTEXT(3)
GLOBAL_UNCERTAINTY_ASSIGNED_CONTEXT((#19320))
GLOBAL_UNIT_ASSIGNED_CONTEXT((#19324,#19323,#19322))
REPRESENTATION_CONTEXT('FTSH-113-01-L-DV-EJ-K_pins2','COMPONENT_PART')
);
#19316=(
GEOMETRIC_REPRESENTATION_CONTEXT(3)
GLOBAL_UNCERTAINTY_ASSIGNED_CONTEXT((#19321))
GLOBAL_UNIT_ASSIGNED_CONTEXT((#19324,#19323,#19322))
REPRESENTATION_CONTEXT('FTSH-EJ_shrouds','COMPONENT_PART')
);
#19317=UNCERTAINTY_MEASURE_WITH_UNIT(LENGTH_MEASURE(3.93700787401575E-7),
#19324,'DISTANCE_ACCURACY_VALUE','Maximum Tolerance applied to model');
#19318=UNCERTAINTY_MEASURE_WITH_UNIT(LENGTH_MEASURE(3.93700787401575E-7),
#19324,'DISTANCE_ACCURACY_VALUE','Maximum Tolerance applied to model');
#19319=UNCERTAINTY_MEASURE_WITH_UNIT(LENGTH_MEASURE(3.93700787401575E-7),
#19324,'DISTANCE_ACCURACY_VALUE','Maximum Tolerance applied to model');
#19320=UNCERTAINTY_MEASURE_WITH_UNIT(LENGTH_MEASURE(3.93700787401575E-7),
#19324,'DISTANCE_ACCURACY_VALUE','Maximum Tolerance applied to model');
#19321=UNCERTAINTY_MEASURE_WITH_UNIT(LENGTH_MEASURE(3.93700787401575E-7),
#19324,'DISTANCE_ACCURACY_VALUE','Maximum Tolerance applied to model');
#19322=(
NAMED_UNIT(*)
SI_UNIT($,.STERADIAN.)
SOLID_ANGLE_UNIT()
);
#19323=(
NAMED_UNIT(*)
PLANE_ANGLE_UNIT()
SI_UNIT($,.RADIAN.)
);
#19324=(
CONVERSION_BASED_UNIT('INCH',#19326)
LENGTH_UNIT()
NAMED_UNIT(#19325)
);
#19325=DIMENSIONAL_EXPONENTS(1.,0.,0.,0.,0.,0.,0.);
#19326=LENGTH_MEASURE_WITH_UNIT(LENGTH_MEASURE(25.4),#19327);
#19327=(
LENGTH_UNIT()
NAMED_UNIT(*)
SI_UNIT(.MILLI.,.METRE.)
);
#19328=PRODUCT_DEFINITION_SHAPE('','',#19338);
#19329=PRODUCT_DEFINITION_SHAPE('','',#19339);
#19330=PRODUCT_DEFINITION_SHAPE(' ','NAUO PRDDFN',#105);
#19331=PRODUCT_DEFINITION_SHAPE('','',#19340);
#19332=PRODUCT_DEFINITION_SHAPE(' ','NAUO PRDDFN',#106);
#19333=PRODUCT_DEFINITION_SHAPE('','',#19341);
#19334=PRODUCT_DEFINITION_SHAPE(' ','NAUO PRDDFN',#107);
#19335=PRODUCT_DEFINITION_SHAPE('','',#19342);
#19336=PRODUCT_DEFINITION_SHAPE(' ','NAUO PRDDFN',#108);
#19337=PRODUCT_DEFINITION_SHAPE(' ','NAUO PRDDFN',#109);
#19338=PRODUCT_DEFINITION('','',#19348,#19343);
#19339=PRODUCT_DEFINITION('','',#19349,#19344);
#19340=PRODUCT_DEFINITION('','',#19350,#19345);
#19341=PRODUCT_DEFINITION('','',#19351,#19346);
#19342=PRODUCT_DEFINITION('','',#19352,#19347);
#19343=PRODUCT_DEFINITION_CONTEXT('',#19374,'design');
#19344=PRODUCT_DEFINITION_CONTEXT('',#19374,'design');
#19345=PRODUCT_DEFINITION_CONTEXT('',#19374,'design');
#19346=PRODUCT_DEFINITION_CONTEXT('',#19374,'design');
#19347=PRODUCT_DEFINITION_CONTEXT('',#19374,'design');
#19348=PRODUCT_DEFINITION_FORMATION_WITH_SPECIFIED_SOURCE('','',#19358,
 .NOT_KNOWN.);
#19349=PRODUCT_DEFINITION_FORMATION_WITH_SPECIFIED_SOURCE('','',#19359,
 .NOT_KNOWN.);
#19350=PRODUCT_DEFINITION_FORMATION_WITH_SPECIFIED_SOURCE('','',#19360,
 .NOT_KNOWN.);
#19351=PRODUCT_DEFINITION_FORMATION_WITH_SPECIFIED_SOURCE('','',#19361,
 .NOT_KNOWN.);
#19352=PRODUCT_DEFINITION_FORMATION_WITH_SPECIFIED_SOURCE('','',#19362,
 .NOT_KNOWN.);
#19353=PRODUCT_RELATED_PRODUCT_CATEGORY('','',(#19358));
#19354=PRODUCT_RELATED_PRODUCT_CATEGORY('','',(#19359));
#19355=PRODUCT_RELATED_PRODUCT_CATEGORY('','',(#19360));
#19356=PRODUCT_RELATED_PRODUCT_CATEGORY('','',(#19361));
#19357=PRODUCT_RELATED_PRODUCT_CATEGORY('','',(#19362));
#19358=PRODUCT('FTSH-113-01-L-DV-EJ-K','FTSH-113-01-L-DV-EJ-K',
'FTSH-113-01-L-DV-EJ-K',(#19368));
#19359=PRODUCT('FTSH-113-01-L-DV-EJ-K_body',
'FTSH-113-01-L-DV-EJ-K_body','FTSH-113-01-L-DV-EJ-K_body',(#19369));
#19360=PRODUCT('FTSH-113-01-L-DV-EJ-K_pins1',
'FTSH-113-01-L-DV-EJ-K_pins1','FTSH-113-01-L-DV-EJ-K_pins1',(#19370));
#19361=PRODUCT('FTSH-113-01-L-DV-EJ-K_pins2',
'FTSH-113-01-L-DV-EJ-K_pins2','FTSH-113-01-L-DV-EJ-K_pins2',(#19371));
#19362=PRODUCT('FTSH-EJ_shrouds','FTSH-EJ_shrouds','FTSH-EJ_shrouds',(#19372));
#19363=PRODUCT_CATEGORY('','');
#19364=PRODUCT_CATEGORY('','');
#19365=PRODUCT_CATEGORY('','');
#19366=PRODUCT_CATEGORY('','');
#19367=PRODUCT_CATEGORY('','');
#19368=PRODUCT_CONTEXT('',#19374,'mechanical');
#19369=PRODUCT_CONTEXT('',#19374,'mechanical');
#19370=PRODUCT_CONTEXT('',#19374,'mechanical');
#19371=PRODUCT_CONTEXT('',#19374,'mechanical');
#19372=PRODUCT_CONTEXT('',#19374,'mechanical');
#19373=APPLICATION_PROTOCOL_DEFINITION('international standard',
'ap242_managed_model_based_3d_engineering',2011,#19374);
#19374=APPLICATION_CONTEXT('managed model based 3d engineering');
ENDSEC;
END-ISO-10303-21;
