ISO-10303-21;
HEADER;
FILE_DESCRIPTION (( 'STEP AP203' ),
    '1' );
FILE_NAME ('MS511-10F.step',
    '2020-11-16T13:17:45',
    ( '' ),
    ( '' ),
    'SwSTEP 2.0',
    'SolidWorks 2018',
    '' );
FILE_SCHEMA (( 'CONFIG_CONTROL_DESIGN' ));
ENDSEC;

DATA;
#1 = ORIENTED_EDGE ( 'NONE', *, *, #2027, .F. ) ;
#2 = DIRECTION ( 'NONE',  ( 0.0000000000000000000, 0.0000000000000000000, -1.000000000000000000 ) ) ;
#3 = CC_DESIGN_APPROVAL ( #1911, ( #1074 ) ) ;
#4 = CARTESIAN_POINT ( 'NONE',  ( -9.085419176710471945, 0.0000000000000000000, 1.500000000000000000 ) ) ;
#5 = ORIENTED_EDGE ( 'NONE', *, *, #335, .F. ) ;
#6 = CARTESIAN_POINT ( 'NONE',  ( -9.849999999999997868, -6.499999999999998224, 25.54999999999999716 ) ) ;
#7 = CARTESIAN_POINT ( 'NONE',  ( 9.850000000000001421, -1.299999999105929449, -22.55000000000000071 ) ) ;
#8 = AXIS2_PLACEMENT_3D ( 'NONE', #2580, #92, #1730 ) ;
#9 = ADVANCED_FACE ( 'NONE', ( #1571 ), #1199, .F. ) ;
#10 = CARTESIAN_POINT ( 'NONE',  ( -12.54999999690514301, -2.000000016574674078, 14.99999999999999822 ) ) ;
#11 = AXIS2_PLACEMENT_3D ( 'NONE', #466, #1849, #2703 ) ;
#12 = EDGE_CURVE ( 'NONE', #2282, #2818, #2814, .T. ) ;
#13 = CARTESIAN_POINT ( 'NONE',  ( -9.850000000000001421, -6.499999999999998224, -25.54999999999999716 ) ) ;
#14 = DIRECTION ( 'NONE',  ( 0.0000000000000000000, 1.000000000000000000, 0.0000000000000000000 ) ) ;
#15 = EDGE_CURVE ( 'NONE', #1564, #1358, #2214, .T. ) ;
#16 = LINE ( 'NONE', #165, #2577 ) ;
#17 = DIRECTION ( 'NONE',  ( 0.0000000000000000000, 1.000000000000000000, 0.0000000000000000000 ) ) ;
#18 = CIRCLE ( 'NONE', #208, 0.2499999999999997780 ) ;
#19 = CARTESIAN_POINT ( 'NONE',  ( 10.59999999999999964, -0.2999999999999999889, 1.500000000000001332 ) ) ;
#20 = VECTOR ( 'NONE', #1482, 1000.000000000000000 ) ;
#21 = CARTESIAN_POINT ( 'NONE',  ( -11.54999999642372011, -1.300000000000000044, -22.54999999999999716 ) ) ;
#22 = ADVANCED_FACE ( 'NONE', ( #1068 ), #124, .T. ) ;
#23 = VECTOR ( 'NONE', #2752, 1000.000000000000000 ) ;
#24 = CIRCLE ( 'NONE', #1083, 0.2500000000000000000 ) ;
#25 = VERTEX_POINT ( 'NONE', #1242 ) ;
#26 = VERTEX_POINT ( 'NONE', #2839 ) ;
#27 = ORIENTED_EDGE ( 'NONE', *, *, #2217, .T. ) ;
#28 = DIRECTION ( 'NONE',  ( -0.0000000000000000000, -0.0000000000000000000, 1.000000000000000000 ) ) ;
#29 = ORIENTED_EDGE ( 'NONE', *, *, #2669, .T. ) ;
#30 = AXIS2_PLACEMENT_3D ( 'NONE', #2930, #2711, #436 ) ;
#31 = EDGE_CURVE ( 'NONE', #2753, #1358, #666, .T. ) ;
#32 = ORIENTED_EDGE ( 'NONE', *, *, #2314, .F. ) ;
#33 = CARTESIAN_POINT ( 'NONE',  ( -9.950000000000001066, -0.2999999999999999889, -0.8500000000000004219 ) ) ;
#34 = ORIENTED_EDGE ( 'NONE', *, *, #975, .F. ) ;
#35 = DIRECTION ( 'NONE',  ( 1.000000000000000000, 0.0000000000000000000, 0.0000000000000000000 ) ) ;
#36 = EDGE_CURVE ( 'NONE', #2926, #1946, #2415, .T. ) ;
#37 = ORIENTED_EDGE ( 'NONE', *, *, #520, .T. ) ;
#38 = ORIENTED_EDGE ( 'NONE', *, *, #2177, .T. ) ;
#39 = CARTESIAN_POINT ( 'NONE',  ( -9.850000000000001421, -1.299999999105929449, 22.54999999999999716 ) ) ;
#40 = ADVANCED_FACE ( 'NONE', ( #732 ), #274, .T. ) ;
#41 = CARTESIAN_POINT ( 'NONE',  ( 10.59999999999999964, -0.2999999999999999889, -1.000000000000000222 ) ) ;
#42 = DIRECTION ( 'NONE',  ( 1.000000000000000000, -0.0000000000000000000, 1.376501233090198817E-16 ) ) ;
#43 = DATE_TIME_ROLE ( 'classification_date' ) ;
#44 = AXIS2_PLACEMENT_3D ( 'NONE', #1320, #2672, #2902 ) ;
#45 = CYLINDRICAL_SURFACE ( 'NONE', #1918, 0.2500000000000002220 ) ;
#46 = PLANE ( 'NONE',  #1857 ) ;
#47 = EDGE_CURVE ( 'NONE', #1425, #1162, #1061, .T. ) ;
#48 = VECTOR ( 'NONE', #698, 1000.000000000000000 ) ;
#49 = CARTESIAN_POINT ( 'NONE',  ( -9.600000000000001421, -0.2999999999999999889, 23.30000000000000071 ) ) ;
#50 = DIRECTION ( 'NONE',  ( 1.000000000000000000, 6.877458004804173317E-10, 3.846393516578286071E-17 ) ) ;
#51 = ADVANCED_FACE ( 'NONE', ( #1353 ), #597, .F. ) ;
#52 = VECTOR ( 'NONE', #2905, 1000.000000000000000 ) ;
#53 = AXIS2_PLACEMENT_3D ( 'NONE', #1294, #2862, #170 ) ;
#54 = DIRECTION ( 'NONE',  ( 0.0000000000000000000, 0.0000000000000000000, 1.000000000000000000 ) ) ;
#55 = PERSON_AND_ORGANIZATION_ROLE ( 'design_owner' ) ;
#56 = CIRCLE ( 'NONE', #1147, 0.6499999998994603345 ) ;
#57 = CARTESIAN_POINT ( 'NONE',  ( -12.54999999690514301, -2.000000016574674078, -1.734723475976807094E-15 ) ) ;
#58 = CARTESIAN_POINT ( 'NONE',  ( -10.59999999999999964, -0.2999999999999999889, 1.499999999999999778 ) ) ;
#59 = LINE ( 'NONE', #2053, #2941 ) ;
#60 = CIRCLE ( 'NONE', #2819, 2.699999998211854990 ) ;
#61 = ORIENTED_EDGE ( 'NONE', *, *, #294, .F. ) ;
#62 = CARTESIAN_POINT ( 'NONE',  ( -12.54999999642372011, -1.299999999312253296, -22.54999999999999716 ) ) ;
#63 = VERTEX_POINT ( 'NONE', #2148 ) ;
#64 = VERTEX_POINT ( 'NONE', #305 ) ;
#65 = VECTOR ( 'NONE', #2578, 1000.000000000000000 ) ;
#66 = LINE ( 'NONE', #1715, #350 ) ;
#67 = DIRECTION ( 'NONE',  ( 0.0000000000000000000, 1.000000000000000000, 0.0000000000000000000 ) ) ;
#68 = AXIS2_PLACEMENT_3D ( 'NONE', #1494, #1728, #130 ) ;
#69 = ORIENTED_EDGE ( 'NONE', *, *, #1569, .F. ) ;
#70 = ORIENTED_EDGE ( 'NONE', *, *, #1511, .T. ) ;
#71 = ORIENTED_EDGE ( 'NONE', *, *, #1393, .T. ) ;
#72 = ORIENTED_EDGE ( 'NONE', *, *, #1584, .F. ) ;
#73 = ORIENTED_EDGE ( 'NONE', *, *, #2860, .T. ) ;
#74 = DIRECTION ( 'NONE',  ( 0.0000000000000000000, 0.0000000000000000000, 1.000000000000000000 ) ) ;
#75 = AXIS2_PLACEMENT_3D ( 'NONE', #910, #1590, #1143 ) ;
#76 = ORIENTED_EDGE ( 'NONE', *, *, #1774, .F. ) ;
#77 = EDGE_CURVE ( 'NONE', #1804, #25, #2005, .T. ) ;
#78 = ADVANCED_FACE ( 'NONE', ( #2135 ), #996, .F. ) ;
#79 = DIRECTION ( 'NONE',  ( -1.000000000000000000, -0.0000000000000000000, -0.0000000000000000000 ) ) ;
#80 = VERTEX_POINT ( 'NONE', #980 ) ;
#81 = CARTESIAN_POINT ( 'NONE',  ( 4.714045207910317004, 0.0000000000000000000, -1.666666666666666963 ) ) ;
#82 = ORIENTED_EDGE ( 'NONE', *, *, #1173, .T. ) ;
#83 = EDGE_CURVE ( 'NONE', #634, #2561, #1756, .T. ) ;
#84 = ORIENTED_EDGE ( 'NONE', *, *, #2468, .T. ) ;
#85 = PLANE ( 'NONE',  #1766 ) ;
#86 = CARTESIAN_POINT ( 'NONE',  ( 9.320087983564567580, -0.2999999999999999889, -1.499999999999999778 ) ) ;
#87 = ADVANCED_FACE ( 'NONE', ( #1856 ), #2585, .F. ) ;
#88 = DIRECTION ( 'NONE',  ( 0.0000000000000000000, 0.0000000000000000000, 1.000000000000000000 ) ) ;
#89 = AXIS2_PLACEMENT_3D ( 'NONE', #547, #1445, #1997 ) ;
#90 = VECTOR ( 'NONE', #2811, 1000.000000000000000 ) ;
#91 = EDGE_CURVE ( 'NONE', #2493, #1607, #2517, .T. ) ;
#92 = DIRECTION ( 'NONE',  ( 1.000000000000000000, 6.877458004804173317E-10, 3.846393516578285455E-17 ) ) ;
#93 = VECTOR ( 'NONE', #2576, 1000.000000000000000 ) ;
#94 = CARTESIAN_POINT ( 'NONE',  ( 0.0000000000000000000, -0.2999999999999999889, 5.000000000000000000 ) ) ;
#95 = EDGE_CURVE ( 'NONE', #726, #1248, #2103, .T. ) ;
#96 = DIRECTION ( 'NONE',  ( 0.0000000000000000000, -1.000000000000000000, 0.0000000000000000000 ) ) ;
#97 = VECTOR ( 'NONE', #2190, 1000.000000000000000 ) ;
#98 = CARTESIAN_POINT ( 'NONE',  ( -9.850000000000001421, -1.300000000000000044, 22.54999999999999716 ) ) ;
#99 = LINE ( 'NONE', #236, #1378 ) ;
#100 = ORIENTED_EDGE ( 'NONE', *, *, #1370, .T. ) ;
#101 = CYLINDRICAL_SURFACE ( 'NONE', #920, 0.2500000000000002220 ) ;
#102 = DIRECTION ( 'NONE',  ( 1.761140584748027424E-16, -6.877458004804174351E-10, -1.000000000000000000 ) ) ;
#103 = LINE ( 'NONE', #220, #2449 ) ;
#104 = ADVANCED_FACE ( 'NONE', ( #1382 ), #2667, .T. ) ;
#105 = ORIENTED_EDGE ( 'NONE', *, *, #1843, .F. ) ;
#106 = DIRECTION ( 'NONE',  ( -6.877458004804174351E-10, 1.000000000000000000, -2.645340988021821819E-26 ) ) ;
#107 = ORIENTED_EDGE ( 'NONE', *, *, #2378, .T. ) ;
#108 = ORIENTED_EDGE ( 'NONE', *, *, #413, .T. ) ;
#109 = ORIENTED_EDGE ( 'NONE', *, *, #131, .T. ) ;
#110 = ORIENTED_EDGE ( 'NONE', *, *, #437, .T. ) ;
#111 = CARTESIAN_POINT ( 'NONE',  ( 9.320087983564567580, -0.2999999999999999889, -1.250000000000000000 ) ) ;
#113 = ORIENTED_EDGE ( 'NONE', *, *, #2470, .F. ) ;
#112 = CARTESIAN_POINT ( 'NONE',  ( 10.18466880685409670, -0.2999999999999999889, -1.500000000000000000 ) ) ;
#114 = CARTESIAN_POINT ( 'NONE',  ( 12.85000000467667114, -7.099999999999997868, 5.849999999999999645 ) ) ;
#115 = CARTESIAN_POINT ( 'NONE',  ( 12.54999999690514123, -1.999999999312254140, -15.00000000000000000 ) ) ;
#116 = CARTESIAN_POINT ( 'NONE',  ( -12.84999999958735017, -7.100000017675063724, -5.849999999999999645 ) ) ;
#117 = EDGE_LOOP ( 'NONE', ( #1753, #1359, #774, #2240 ) ) ;
#118 = CARTESIAN_POINT ( 'NONE',  ( 9.850000000000004974, -6.499999999999998224, 25.55000000000000071 ) ) ;
#119 = EDGE_CURVE ( 'NONE', #1684, #1361, #949, .T. ) ;
#120 = ORIENTED_EDGE ( 'NONE', *, *, #2724, .F. ) ;
#121 = DIRECTION ( 'NONE',  ( 1.000000000000000000, -0.0000000000000000000, 1.761140584748027424E-16 ) ) ;
#122 = AXIS2_PLACEMENT_3D ( 'NONE', #2367, #1256, #2816 ) ;
#123 = DIRECTION ( 'NONE',  ( 0.0000000000000000000, 0.0000000000000000000, 1.000000000000000000 ) ) ;
#124 = PLANE ( 'NONE',  #1176 ) ;
#125 = CARTESIAN_POINT ( 'NONE',  ( 12.54999999821185774, -6.499999999999998224, -22.55000000000000426 ) ) ;
#126 = CARTESIAN_POINT ( 'NONE',  ( -9.850000000000001421, -6.499999999999998224, -22.55000000000000071 ) ) ;
#127 = CIRCLE ( 'NONE', #2857, 1.299999999999999156 ) ;
#128 = DIRECTION ( 'NONE',  ( 0.0000000000000000000, 0.0000000000000000000, -1.000000000000000000 ) ) ;
#129 = LINE ( 'NONE', #423, #333 ) ;
#130 = DIRECTION ( 'NONE',  ( 0.0000000000000000000, 0.0000000000000000000, 1.000000000000000000 ) ) ;
#131 = EDGE_CURVE ( 'NONE', #1572, #2898, #1240, .T. ) ;
#132 = FACE_OUTER_BOUND ( 'NONE', #1252, .T. ) ;
#133 = CARTESIAN_POINT ( 'NONE',  ( -12.85000000264781939, -2.650000016680457815, -15.00000000000000178 ) ) ;
#134 = FACE_OUTER_BOUND ( 'NONE', #2740, .T. ) ;
#135 = EDGE_CURVE ( 'NONE', #706, #2673, #2951, .T. ) ;
#136 = CARTESIAN_POINT ( 'NONE',  ( -12.84999999999999787, -6.499999999999998224, 22.55000000000000426 ) ) ;
#137 = DIRECTION ( 'NONE',  ( 0.0000000000000000000, 0.0000000000000000000, -1.000000000000000000 ) ) ;
#138 = CIRCLE ( 'NONE', #2699, 0.6499999998994603345 ) ;
#139 = FACE_OUTER_BOUND ( 'NONE', #2376, .T. ) ;
#140 = CARTESIAN_POINT ( 'NONE',  ( -4.949747468305833564, -0.2999999999999999889, -1.749999999999999778 ) ) ;
#141 = ORIENTED_EDGE ( 'NONE', *, *, #2945, .F. ) ;
#142 = ORIENTED_EDGE ( 'NONE', *, *, #2371, .F. ) ;
#143 = CARTESIAN_POINT ( 'NONE',  ( 9.600000000000001421, -0.2999999999999999889, 23.30000000000000071 ) ) ;
#144 = ORIENTED_EDGE ( 'NONE', *, *, #1511, .F. ) ;
#145 = DIRECTION ( 'NONE',  ( 1.819321567025722306E-35, -2.645340988021821819E-26, -1.000000000000000000 ) ) ;
#146 = LINE ( 'NONE', #753, #1824 ) ;
#147 = VECTOR ( 'NONE', #1236, 1000.000000000000000 ) ;
#148 = ORIENTED_EDGE ( 'NONE', *, *, #2955, .T. ) ;
#149 = DIRECTION ( 'NONE',  ( 0.0000000000000000000, -1.000000000000000000, 6.877458004804174351E-10 ) ) ;
#150 = CARTESIAN_POINT ( 'NONE',  ( -12.54999999645810860, -1.350000016675213521, -15.00000000000000178 ) ) ;
#151 = VERTEX_POINT ( 'NONE', #1459 ) ;
#152 = CARTESIAN_POINT ( 'NONE',  ( 12.54999999645810682, -1.349999999412793805, 0.0000000000000000000 ) ) ;
#153 = ORIENTED_EDGE ( 'NONE', *, *, #2900, .F. ) ;
#154 = CARTESIAN_POINT ( 'NONE',  ( -11.54999999642372011, -1.300000000000000044, 22.55000000000000426 ) ) ;
#155 = ORIENTED_EDGE ( 'NONE', *, *, #1699, .T. ) ;
#156 = CARTESIAN_POINT ( 'NONE',  ( -9.085419176710471945, 0.0000000000000000000, -1.500000000000000000 ) ) ;
#157 = AXIS2_PLACEMENT_3D ( 'NONE', #1144, #2046, #668 ) ;
#158 = EDGE_LOOP ( 'NONE', ( #2531, #2593, #2633, #2307 ) ) ;
#159 = CARTESIAN_POINT ( 'NONE',  ( 11.54999999642372011, -1.300000000000000044, 22.54999999999999716 ) ) ;
#160 = ORIENTED_EDGE ( 'NONE', *, *, #791, .F. ) ;
#161 = DIRECTION ( 'NONE',  ( 0.0000000000000000000, -1.000000000000000000, 2.645340988021821819E-26 ) ) ;
#162 = DIRECTION ( 'NONE',  ( 0.0000000000000000000, 1.000000000000000000, 0.0000000000000000000 ) ) ;
#163 = EDGE_CURVE ( 'NONE', #2302, #677, #66, .T. ) ;
#164 = DIRECTION ( 'NONE',  ( 0.0000000000000000000, 0.0000000000000000000, 1.000000000000000000 ) ) ;
#165 = CARTESIAN_POINT ( 'NONE',  ( -10.59999999999999964, -0.2999999999999999889, -1.500000000000000000 ) ) ;
#166 = CARTESIAN_POINT ( 'NONE',  ( -9.850000000000001421, -0.2999999999999999889, -22.55000000000000071 ) ) ;
#167 = DIRECTION ( 'NONE',  ( 0.0000000000000000000, 0.0000000000000000000, 1.000000000000000000 ) ) ;
#168 = CARTESIAN_POINT ( 'NONE',  ( 10.18466880685409670, -0.2999999999999999889, -0.8500000000000003109 ) ) ;
#169 = APPROVAL_PERSON_ORGANIZATION ( #1882, #1868, #1892 ) ;
#170 = DIRECTION ( 'NONE',  ( 0.0000000000000000000, 0.0000000000000000000, 1.000000000000000000 ) ) ;
#171 = LINE ( 'NONE', #1225, #206 ) ;
#172 = DIRECTION ( 'NONE',  ( 0.0000000000000000000, 0.0000000000000000000, 1.000000000000000000 ) ) ;
#173 = FACE_OUTER_BOUND ( 'NONE', #1832, .T. ) ;
#174 = DIRECTION ( 'NONE',  ( 0.0000000000000000000, 0.0000000000000000000, 1.000000000000000000 ) ) ;
#175 = AXIS2_PLACEMENT_3D ( 'NONE', #1035, #585, #1010 ) ;
#176 = EDGE_CURVE ( 'NONE', #1101, #776, #2588, .T. ) ;
#177 = FACE_OUTER_BOUND ( 'NONE', #1667, .T. ) ;
#178 = CARTESIAN_POINT ( 'NONE',  ( 12.54999999690514123, -1.999999999312254140, 0.0000000000000000000 ) ) ;
#179 = VERTEX_POINT ( 'NONE', #1957 ) ;
#180 = FACE_OUTER_BOUND ( 'NONE', #2922, .T. ) ;
#181 = EDGE_CURVE ( 'NONE', #2739, #2851, #1899, .T. ) ;
#182 = CIRCLE ( 'NONE', #1287, 2.999999999999995559 ) ;
#183 = FACE_OUTER_BOUND ( 'NONE', #2010, .T. ) ;
#184 = ORIENTED_EDGE ( 'NONE', *, *, #1272, .T. ) ;
#185 = ORIENTED_EDGE ( 'NONE', *, *, #437, .F. ) ;
#186 = ORIENTED_EDGE ( 'NONE', *, *, #258, .F. ) ;
#187 = ORIENTED_EDGE ( 'NONE', *, *, #1002, .F. ) ;
#188 = DIRECTION ( 'NONE',  ( 0.0000000000000000000, 1.000000000000000000, 0.0000000000000000000 ) ) ;
#189 = ORIENTED_EDGE ( 'NONE', *, *, #131, .F. ) ;
#190 = CARTESIAN_POINT ( 'NONE',  ( 12.84999999642372082, -1.299999999105929449, 22.54999999999999716 ) ) ;
#191 = CARTESIAN_POINT ( 'NONE',  ( -9.850000000000001421, -1.300000000000000044, -24.24999999642371407 ) ) ;
#192 = ORIENTED_EDGE ( 'NONE', *, *, #247, .F. ) ;
#193 = VERTEX_POINT ( 'NONE', #1971 ) ;
#194 = DIRECTION ( 'NONE',  ( 0.0000000000000000000, 0.0000000000000000000, -1.000000000000000000 ) ) ;
#195 = VERTEX_POINT ( 'NONE', #2854 ) ;
#196 = CARTESIAN_POINT ( 'NONE',  ( 9.085419176710471945, -0.2999999999999999889, 1.500000000000000000 ) ) ;
#197 = CARTESIAN_POINT ( 'NONE',  ( -9.325580516513118923, -0.2999999999999999889, -1.319444444444443976 ) ) ;
#198 = AXIS2_PLACEMENT_3D ( 'NONE', #727, #287, #527 ) ;
#199 = EDGE_CURVE ( 'NONE', #26, #64, #182, .T. ) ;
#200 = EDGE_CURVE ( 'NONE', #2302, #2780, #2809, .T. ) ;
#201 = DIRECTION ( 'NONE',  ( -6.877458004804174351E-10, 1.000000000000000000, 0.0000000000000000000 ) ) ;
#202 = CARTESIAN_POINT ( 'NONE',  ( -9.085419176710471945, -0.2999999999999999889, 1.500000000000000000 ) ) ;
#203 = CALENDAR_DATE ( 2020, 16, 11 ) ;
#204 = DIRECTION ( 'NONE',  ( -0.0000000000000000000, 1.000000000000000000, -0.0000000000000000000 ) ) ;
#205 = LINE ( 'NONE', #2558, #2618 ) ;
#206 = VECTOR ( 'NONE', #1208, 1000.000000000000000 ) ;
#207 = DIRECTION ( 'NONE',  ( 1.156482317317873105E-15, -0.0000000000000000000, 1.000000000000000000 ) ) ;
#208 = AXIS2_PLACEMENT_3D ( 'NONE', #1754, #629, #642 ) ;
#209 = FACE_OUTER_BOUND ( 'NONE', #1634, .T. ) ;
#210 = CIRCLE ( 'NONE', #2451, 0.6499999998994603345 ) ;
#211 = LINE ( 'NONE', #1198, #1122 ) ;
#212 = EDGE_CURVE ( 'NONE', #664, #2070, #2636, .T. ) ;
#213 = ORIENTED_EDGE ( 'NONE', *, *, #2331, .T. ) ;
#214 = EDGE_LOOP ( 'NONE', ( #808, #1428, #1458, #2847 ) ) ;
#215 = ORIENTED_EDGE ( 'NONE', *, *, #543, .T. ) ;
#216 = TOROIDAL_SURFACE ( 'NONE', #2501, 1.699999996423718462, 1.300000000000000044 ) ;
#217 = FACE_OUTER_BOUND ( 'NONE', #1534, .T. ) ;
#218 = AXIS2_PLACEMENT_3D ( 'NONE', #1840, #1375, #2257 ) ;
#219 = EDGE_LOOP ( 'NONE', ( #854, #1128, #2138, #113 ) ) ;
#220 = CARTESIAN_POINT ( 'NONE',  ( 10.59999999999999964, 0.0000000000000000000, -1.000000000000000000 ) ) ;
#221 = ORIENTED_EDGE ( 'NONE', *, *, #1000, .T. ) ;
#222 = ORIENTED_EDGE ( 'NONE', *, *, #2154, .T. ) ;
#223 = ORIENTED_EDGE ( 'NONE', *, *, #1018, .F. ) ;
#224 = CARTESIAN_POINT ( 'NONE',  ( -11.54999999642372188, 0.0000000000000000000, 22.55000000000000426 ) ) ;
#225 = AXIS2_PLACEMENT_3D ( 'NONE', #1916, #1673, #781 ) ;
#226 = ORIENTED_EDGE ( 'NONE', *, *, #163, .T. ) ;
#227 = EDGE_CURVE ( 'NONE', #776, #1075, #1454, .T. ) ;
#228 = CARTESIAN_POINT ( 'NONE',  ( 12.55000000041264663, -7.100000000206321715, 6.850000000000000533 ) ) ;
#229 = EDGE_CURVE ( 'NONE', #2856, #1612, #1317, .T. ) ;
#230 = DIRECTION ( 'NONE',  ( -6.877458004804173317E-10, -1.000000000000000000, 2.645340988021820671E-26 ) ) ;
#231 = DIRECTION ( 'NONE',  ( 0.0000000000000000000, 0.0000000000000000000, 1.000000000000000000 ) ) ;
#232 = DIRECTION ( 'NONE',  ( 0.0000000000000000000, -0.0000000000000000000, -1.000000000000000000 ) ) ;
#233 = VECTOR ( 'NONE', #1034, 1000.000000000000000 ) ;
#234 = PLANE ( 'NONE',  #75 ) ;
#235 = VECTOR ( 'NONE', #67, 1000.000000000000000 ) ;
#236 = CARTESIAN_POINT ( 'NONE',  ( 12.54999999642372011, -1.299999999312253296, 22.54999999999999716 ) ) ;
#237 = FACE_OUTER_BOUND ( 'NONE', #2956, .T. ) ;
#238 = VECTOR ( 'NONE', #2465, 1000.000000000000000 ) ;
#239 = VECTOR ( 'NONE', #360, 1000.000000000000000 ) ;
#240 = CARTESIAN_POINT ( 'NONE',  ( -9.850000000000001421, -0.2999999999999999889, 22.54999999999999716 ) ) ;
#241 = AXIS2_PLACEMENT_3D ( 'NONE', #1729, #2867, #358 ) ;
#242 = ORIENTED_EDGE ( 'NONE', *, *, #91, .F. ) ;
#243 = CIRCLE ( 'NONE', #2756, 0.2500000000000002220 ) ;
#244 = VECTOR ( 'NONE', #1692, 1000.000000000000000 ) ;
#245 = EDGE_LOOP ( 'NONE', ( #2420, #2459, #1860, #671, #186, #728, #2211, #120 ) ) ;
#246 = ORIENTED_EDGE ( 'NONE', *, *, #2439, .T. ) ;
#247 = EDGE_CURVE ( 'NONE', #398, #1465, #2067, .T. ) ;
#248 = ORIENTED_EDGE ( 'NONE', *, *, #2827, .F. ) ;
#249 = CARTESIAN_POINT ( 'NONE',  ( 10.59999999999999964, -0.2999999999999999889, -1.000000000000000000 ) ) ;
#250 = EDGE_LOOP ( 'NONE', ( #2480, #69, #1463, #489 ) ) ;
#251 = VERTEX_POINT ( 'NONE', #2208 ) ;
#252 = ADVANCED_FACE ( 'NONE', ( #217 ), #2483, .F. ) ;
#253 = CARTESIAN_POINT ( 'NONE',  ( 12.84999999642372082, -1.299999999105929449, 22.54999999999999716 ) ) ;
#254 = EDGE_LOOP ( 'NONE', ( #110, #2586, #463, #1679 ) ) ;
#255 = CARTESIAN_POINT ( 'NONE',  ( -12.54999999552965129, -2.063237401441252150E-10, -22.54999999999999716 ) ) ;
#256 = AXIS2_PLACEMENT_3D ( 'NONE', #1866, #471, #931 ) ;
#257 = CARTESIAN_POINT ( 'NONE',  ( -12.84999999999999787, -6.499999999999998224, -22.54999999999999716 ) ) ;
#258 = EDGE_CURVE ( 'NONE', #954, #1092, #1532, .T. ) ;
#259 = PERSON_AND_ORGANIZATION ( #1689, #1266 ) ;
#260 = ADVANCED_FACE ( 'NONE', ( #1285 ), #1422, .F. ) ;
#261 = AXIS2_PLACEMENT_3D ( 'NONE', #2716, #194, #2225 ) ;
#262 = FACE_OUTER_BOUND ( 'NONE', #780, .T. ) ;
#263 = CC_DESIGN_APPROVAL ( #1868, ( #1290 ) ) ;
#264 = CARTESIAN_POINT ( 'NONE',  ( 9.950000000000001066, -0.2999999999999999889, 1.500000000000000000 ) ) ;
#265 = LINE ( 'NONE', #2112, #93 ) ;
#266 = DIRECTION ( 'NONE',  ( -1.000000000000000000, -0.0000000000000000000, -0.0000000000000000000 ) ) ;
#267 = CIRCLE ( 'NONE', #1988, 1.699999996423718462 ) ;
#268 = CIRCLE ( 'NONE', #2392, 0.2500000000000002220 ) ;
#269 = ORIENTED_EDGE ( 'NONE', *, *, #900, .F. ) ;
#270 = ORIENTED_EDGE ( 'NONE', *, *, #2955, .F. ) ;
#271 = VERTEX_POINT ( 'NONE', #1998 ) ;
#272 = VECTOR ( 'NONE', #1687, 1000.000000000000000 ) ;
#273 = DIRECTION ( 'NONE',  ( 0.0000000000000000000, 0.0000000000000000000, 1.000000000000000000 ) ) ;
#274 = CYLINDRICAL_SURFACE ( 'NONE', #122, 5.000000000000000000 ) ;
#275 = AXIS2_PLACEMENT_3D ( 'NONE', #1506, #2864, #804 ) ;
#276 = EDGE_CURVE ( 'NONE', #1946, #1164, #518, .T. ) ;
#277 = ADVANCED_FACE ( 'NONE', ( #1127 ), #453, .T. ) ;
#278 = CARTESIAN_POINT ( 'NONE',  ( -9.849999999999997868, -0.2999999999999999334, 24.24999999642371407 ) ) ;
#279 = EDGE_LOOP ( 'NONE', ( #430, #269, #2461, #70 ) ) ;
#280 = VERTEX_POINT ( 'NONE', #136 ) ;
#281 = EDGE_CURVE ( 'NONE', #64, #1575, #1669, .T. ) ;
#282 = EDGE_LOOP ( 'NONE', ( #2553, #1908, #947, #2305 ) ) ;
#283 = DIRECTION ( 'NONE',  ( 0.0000000000000000000, 6.877458004804174351E-10, -1.000000000000000000 ) ) ;
#284 = APPROVAL_ROLE ( '' ) ;
#285 = ORIENTED_EDGE ( 'NONE', *, *, #1825, .F. ) ;
#286 = CARTESIAN_POINT ( 'NONE',  ( 4.949747468305833564, -0.2999999999999999889, 1.750000000000000222 ) ) ;
#287 = DIRECTION ( 'NONE',  ( 1.000000000000000000, 6.877458004804173317E-10, 3.846393516578286071E-17 ) ) ;
#288 = DIRECTION ( 'NONE',  ( 1.000000000000000000, 0.0000000000000000000, 0.0000000000000000000 ) ) ;
#289 = ADVANCED_FACE ( 'NONE', ( #1498 ), #1111, .T. ) ;
#290 = MECHANICAL_CONTEXT ( 'NONE', #1966, 'mechanical' ) ;
#291 = AXIS2_PLACEMENT_3D ( 'NONE', #1275, #2173, #548 ) ;
#292 = PERSON_AND_ORGANIZATION ( #1689, #1266 ) ;
#293 = DIRECTION ( 'NONE',  ( 0.0000000000000000000, 0.0000000000000000000, 1.000000000000000000 ) ) ;
#294 = EDGE_CURVE ( 'NONE', #1385, #2525, #2737, .T. ) ;
#295 = VECTOR ( 'NONE', #1553, 1000.000000000000000 ) ;
#296 = DIRECTION ( 'NONE',  ( 0.0000000000000000000, 1.000000000000000000, 0.0000000000000000000 ) ) ;
#297 = DIRECTION ( 'NONE',  ( 0.0000000000000000000, 0.0000000000000000000, 1.000000000000000000 ) ) ;
#298 = FACE_OUTER_BOUND ( 'NONE', #843, .T. ) ;
#299 = APPROVAL ( #1193, 'UNSPECIFIED' ) ;
#300 = FACE_BOUND ( 'NONE', #1936, .T. ) ;
#301 = DIRECTION ( 'NONE',  ( -0.0000000000000000000, -1.000000000000000000, -0.0000000000000000000 ) ) ;
#302 = ADVANCED_FACE ( 'NONE', ( #2556 ), #2013, .F. ) ;
#303 = LINE ( 'NONE', #608, #719 ) ;
#304 = CIRCLE ( 'NONE', #826, 1.699999996423718462 ) ;
#305 = CARTESIAN_POINT ( 'NONE',  ( 9.849999999999997868, -6.499999999999998224, -25.54999999999999716 ) ) ;
#306 = ORIENTED_EDGE ( 'NONE', *, *, #539, .T. ) ;
#307 = VECTOR ( 'NONE', #1462, 1000.000000000000000 ) ;
#308 = FACE_OUTER_BOUND ( 'NONE', #1323, .T. ) ;
#309 = CARTESIAN_POINT ( 'NONE',  ( -10.59999999999999964, -0.2999999999999999889, 22.30000000000000071 ) ) ;
#310 = AXIS2_PLACEMENT_3D ( 'NONE', #126, #1481, #1942 ) ;
#311 = VERTEX_POINT ( 'NONE', #156 ) ;
#312 = ORIENTED_EDGE ( 'NONE', *, *, #1727, .T. ) ;
#313 = ORIENTED_EDGE ( 'NONE', *, *, #176, .F. ) ;
#314 = ORIENTED_EDGE ( 'NONE', *, *, #1262, .T. ) ;
#315 = DIRECTION ( 'NONE',  ( 0.0000000000000000000, 0.0000000000000000000, 1.000000000000000000 ) ) ;
#316 = AXIS2_PLACEMENT_3D ( 'NONE', #1524, #397, #2000 ) ;
#317 = ORIENTED_EDGE ( 'NONE', *, *, #449, .F. ) ;
#318 = EDGE_CURVE ( 'NONE', #2850, #1384, #912, .T. ) ;
#319 = DIRECTION ( 'NONE',  ( 0.0000000000000000000, 1.000000000000000000, 0.0000000000000000000 ) ) ;
#320 = ORIENTED_EDGE ( 'NONE', *, *, #644, .T. ) ;
#321 = DIRECTION ( 'NONE',  ( -1.000000000000000000, 6.877458004804174351E-10, 0.0000000000000000000 ) ) ;
#322 = AXIS2_PLACEMENT_3D ( 'NONE', #1468, #2836, #777 ) ;
#323 = DIRECTION ( 'NONE',  ( 0.0000000000000000000, 0.0000000000000000000, 1.000000000000000000 ) ) ;
#324 = VERTEX_POINT ( 'NONE', #2042 ) ;
#325 = CARTESIAN_POINT ( 'NONE',  ( -9.850000000000001421, -1.300000000000000044, -22.55000000000000071 ) ) ;
#326 = CARTESIAN_POINT ( 'NONE',  ( 11.54999999642372188, 0.0000000000000000000, 22.54999999999999716 ) ) ;
#327 = CARTESIAN_POINT ( 'NONE',  ( -9.950000000000001066, 0.0000000000000000000, -0.8500000000000004219 ) ) ;
#328 = CARTESIAN_POINT ( 'NONE',  ( -12.84999999958735017, -7.100000017675063724, -5.849999999999999645 ) ) ;
#329 = CARTESIAN_POINT ( 'NONE',  ( 4.949747468305832676, 0.0000000000000000000, -1.500000000000000000 ) ) ;
#330 = EDGE_CURVE ( 'NONE', #80, #2858, #103, .T. ) ;
#331 = CARTESIAN_POINT ( 'NONE',  ( 10.59999999999999964, -0.2999999999999999889, -1.000000000000000222 ) ) ;
#332 = ADVANCED_FACE ( 'NONE', ( #308 ), #1602, .F. ) ;
#333 = VECTOR ( 'NONE', #2454, 1000.000000000000000 ) ;
#334 = CARTESIAN_POINT ( 'NONE',  ( 12.84999999690514194, -1.999999999105930515, 15.00000000000000000 ) ) ;
#335 = EDGE_CURVE ( 'NONE', #1431, #251, #883, .T. ) ;
#336 = CARTESIAN_POINT ( 'NONE',  ( 9.850000000000004974, 0.0000000000000000000, 25.54999999552964951 ) ) ;
#337 = LINE ( 'NONE', #1175, #2293 ) ;
#338 = CARTESIAN_POINT ( 'NONE',  ( -12.85000000354188998, -1.350000016881537146, 14.99999999999999822 ) ) ;
#339 = CIRCLE ( 'NONE', #2227, 0.2500000000000000000 ) ;
#340 = DIRECTION ( 'NONE',  ( 0.0000000000000000000, 0.0000000000000000000, 1.000000000000000000 ) ) ;
#341 = CARTESIAN_POINT ( 'NONE',  ( 9.600000000000001421, 0.0000000000000000000, 23.30000000000000071 ) ) ;
#342 = LINE ( 'NONE', #2252, #2448 ) ;
#343 = DIRECTION ( 'NONE',  ( 0.0000000000000000000, 1.000000000000000000, 0.0000000000000000000 ) ) ;
#344 = CIRCLE ( 'NONE', #511, 0.6499999998994601125 ) ;
#345 = ORIENTED_EDGE ( 'NONE', *, *, #1876, .F. ) ;
#346 = CARTESIAN_POINT ( 'NONE',  ( -12.54999999642372011, -1.299999999312253296, 22.55000000000000426 ) ) ;
#347 = ORIENTED_EDGE ( 'NONE', *, *, #2395, .F. ) ;
#348 = VERTEX_POINT ( 'NONE', #419 ) ;
#349 = FACE_BOUND ( 'NONE', #2479, .T. ) ;
#350 = VECTOR ( 'NONE', #1263, 1000.000000000000000 ) ;
#352 = VERTEX_POINT ( 'NONE', #1084 ) ;
#351 = DIRECTION ( 'NONE',  ( -0.0000000000000000000, 1.000000000000000000, -0.0000000000000000000 ) ) ;
#353 = ORIENTED_EDGE ( 'NONE', *, *, #2314, .T. ) ;
#354 = ADVANCED_FACE ( 'NONE', ( #811 ), #2373, .F. ) ;
#355 = CARTESIAN_POINT ( 'NONE',  ( -12.84999999999999787, -6.499999999999998224, -22.54999999999999716 ) ) ;
#356 = ORIENTED_EDGE ( 'NONE', *, *, #580, .T. ) ;
#357 = CARTESIAN_POINT ( 'NONE',  ( -12.84999999642372082, -1.299999999105929449, -22.54999999999999716 ) ) ;
#358 = DIRECTION ( 'NONE',  ( -6.877458005867953435E-10, 1.000000000000000000, 0.0000000000000000000 ) ) ;
#359 = ORIENTED_EDGE ( 'NONE', *, *, #1000, .F. ) ;
#360 = DIRECTION ( 'NONE',  ( -1.000000000000000000, -0.0000000000000000000, -0.0000000000000000000 ) ) ;
#361 = EDGE_CURVE ( 'NONE', #1092, #2244, #1631, .T. ) ;
#362 = ORIENTED_EDGE ( 'NONE', *, *, #651, .F. ) ;
#363 = DIRECTION ( 'NONE',  ( 0.0000000000000000000, 1.000000000000000000, 0.0000000000000000000 ) ) ;
#364 = EDGE_CURVE ( 'NONE', #1499, #398, #1090, .T. ) ;
#365 = PLANE ( 'NONE',  #1510 ) ;
#366 = CARTESIAN_POINT ( 'NONE',  ( 12.55000000041264663, -7.100000000206321715, 6.850000000000000533 ) ) ;
#367 = DIRECTION ( 'NONE',  ( -0.0000000000000000000, 1.000000000000000000, -0.0000000000000000000 ) ) ;
#368 = MANIFOLD_SOLID_BREP ( 'Boss-Extrude1', #1616 ) ;
#369 = DIRECTION ( 'NONE',  ( 1.000000000000000000, -0.0000000000000000000, 1.761140584748027424E-16 ) ) ;
#370 = CARTESIAN_POINT ( 'NONE',  ( -9.325580516513118923, -0.2999999999999999889, -1.319444444444443976 ) ) ;
#371 = CARTESIAN_POINT ( 'NONE',  ( 0.0000000000000000000, 0.0000000000000000000, 0.0000000000000000000 ) ) ;
#372 = DIRECTION ( 'NONE',  ( 0.0000000000000000000, 0.0000000000000000000, 1.000000000000000000 ) ) ;
#373 = AXIS2_PLACEMENT_3D ( 'NONE', #1013, #605, #1043 ) ;
#374 = FACE_BOUND ( 'NONE', #1348, .T. ) ;
#375 = DIRECTION ( 'NONE',  ( -0.0000000000000000000, 1.000000000000000000, -0.0000000000000000000 ) ) ;
#376 = AXIS2_PLACEMENT_3D ( 'NONE', #98, #2788, #323 ) ;
#377 = EDGE_CURVE ( 'NONE', #2344, #2411, #2238, .T. ) ;
#378 = LINE ( 'NONE', #1925, #1927 ) ;
#379 = CARTESIAN_POINT ( 'NONE',  ( -12.84999999958735017, -7.100000017675063724, -6.850000000000000533 ) ) ;
#380 = CYLINDRICAL_SURFACE ( 'NONE', #925, 2.999999998211856589 ) ;
#381 = EDGE_CURVE ( 'NONE', #1465, #2952, #1665, .T. ) ;
#382 = DIRECTION ( 'NONE',  ( 0.0000000000000000000, 0.0000000000000000000, -1.000000000000000000 ) ) ;
#383 = CIRCLE ( 'NONE', #2043, 2.699999998211858543 ) ;
#384 = LINE ( 'NONE', #2757, #483 ) ;
#385 = ORIENTED_EDGE ( 'NONE', *, *, #2844, .T. ) ;
#386 = CARTESIAN_POINT ( 'NONE',  ( -12.85000000309485380, -2.000000016780997480, -15.00000000000000178 ) ) ;
#387 = VECTOR ( 'NONE', #1303, 1000.000000000000000 ) ;
#388 = ORIENTED_EDGE ( 'NONE', *, *, #1335, .F. ) ;
#389 = ORIENTED_EDGE ( 'NONE', *, *, #2158, .F. ) ;
#390 = CARTESIAN_POINT ( 'NONE',  ( 9.850000000000001421, 0.0000000000000000000, -22.55000000000000071 ) ) ;
#391 = DIRECTION ( 'NONE',  ( 1.000000000000000000, 0.0000000000000000000, -0.0000000000000000000 ) ) ;
#392 = VERTEX_POINT ( 'NONE', #2698 ) ;
#393 = ORIENTED_EDGE ( 'NONE', *, *, #834, .T. ) ;
#394 = ORIENTED_EDGE ( 'NONE', *, *, #2249, .T. ) ;
#395 = ORIENTED_EDGE ( 'NONE', *, *, #2423, .T. ) ;
#396 = DIRECTION ( 'NONE',  ( 0.0000000000000000000, 0.0000000000000000000, 1.000000000000000000 ) ) ;
#397 = DIRECTION ( 'NONE',  ( -0.0000000000000000000, -1.000000000000000000, -0.0000000000000000000 ) ) ;
#398 = VERTEX_POINT ( 'NONE', #1619 ) ;
#399 = EDGE_CURVE ( 'NONE', #2858, #179, #1417, .T. ) ;
#400 = ORIENTED_EDGE ( 'NONE', *, *, #247, .T. ) ;
#401 = DIRECTION ( 'NONE',  ( 0.0000000000000000000, 1.000000000000000000, 0.0000000000000000000 ) ) ;
#402 = ORIENTED_EDGE ( 'NONE', *, *, #1302, .F. ) ;
#403 = EDGE_CURVE ( 'NONE', #25, #1392, #514, .T. ) ;
#404 = CARTESIAN_POINT ( 'NONE',  ( -4.714045207910317892, -0.2999999999999999889, -1.666666666666666297 ) ) ;
#405 = SHAPE_DEFINITION_REPRESENTATION ( #2823, #1394 ) ;
#406 = CARTESIAN_POINT ( 'NONE',  ( -12.85000000264781939, -2.650000016680457815, -1.655121434044541829E-15 ) ) ;
#407 = AXIS2_PLACEMENT_3D ( 'NONE', #264, #973, #273 ) ;
#408 = DIRECTION ( 'NONE',  ( 1.000000000000000000, -0.0000000000000000000, 0.0000000000000000000 ) ) ;
#409 = VECTOR ( 'NONE', #446, 1000.000000000000000 ) ;
#410 = PLANE ( 'NONE',  #1653 ) ;
#411 = LINE ( 'NONE', #1881, #2731 ) ;
#412 = DIRECTION ( 'NONE',  ( 1.000000000000000000, -0.0000000000000000000, 1.761140584748027424E-16 ) ) ;
#413 = EDGE_CURVE ( 'NONE', #2411, #1675, #418, .T. ) ;
#414 = VECTOR ( 'NONE', #35, 1000.000000000000000 ) ;
#415 = CARTESIAN_POINT ( 'NONE',  ( 12.84999999552965022, 0.0000000000000000000, 22.54999999999999716 ) ) ;
#416 = VECTOR ( 'NONE', #2198, 1000.000000000000000 ) ;
#417 = AXIS2_PLACEMENT_3D ( 'NONE', #2943, #17, #1587 ) ;
#418 = LINE ( 'NONE', #921, #944 ) ;
#419 = CARTESIAN_POINT ( 'NONE',  ( 10.59999999999999964, 0.0000000000000000000, 1.500000000000000000 ) ) ;
#420 = PLANE ( 'NONE',  #805 ) ;
#421 = ORIENTED_EDGE ( 'NONE', *, *, #2030, .T. ) ;
#422 = ORIENTED_EDGE ( 'NONE', *, *, #770, .F. ) ;
#424 = ORIENTED_EDGE ( 'NONE', *, *, #1301, .F. ) ;
#423 = CARTESIAN_POINT ( 'NONE',  ( 4.949747468305832676, -0.2999999999999999889, 1.500000000000000000 ) ) ;
#425 = LINE ( 'NONE', #1228, #272 ) ;
#426 = ORIENTED_EDGE ( 'NONE', *, *, #1516, .F. ) ;
#427 = EDGE_LOOP ( 'NONE', ( #1579, #1750 ) ) ;
#428 = ORIENTED_EDGE ( 'NONE', *, *, #2030, .F. ) ;
#429 = EDGE_LOOP ( 'NONE', ( #515, #2457, #314, #1466 ) ) ;
#430 = ORIENTED_EDGE ( 'NONE', *, *, #330, .T. ) ;
#431 = DIRECTION ( 'NONE',  ( 0.0000000000000000000, 1.000000000000000000, 0.0000000000000000000 ) ) ;
#432 = ORIENTED_EDGE ( 'NONE', *, *, #2761, .T. ) ;
#433 = ORIENTED_EDGE ( 'NONE', *, *, #2584, .F. ) ;
#434 = DIRECTION ( 'NONE',  ( 0.0000000000000000000, 0.0000000000000000000, 1.000000000000000000 ) ) ;
#435 = EDGE_CURVE ( 'NONE', #2484, #2493, #725, .T. ) ;
#436 = DIRECTION ( 'NONE',  ( 0.0000000000000000000, 0.0000000000000000000, -1.000000000000000000 ) ) ;
#437 = EDGE_CURVE ( 'NONE', #2143, #1362, #384, .T. ) ;
#438 = DIRECTION ( 'NONE',  ( -6.877458005867953435E-10, 1.000000000000000000, 0.0000000000000000000 ) ) ;
#439 = DIRECTION ( 'NONE',  ( 0.0000000000000000000, -1.000000000000000000, 0.0000000000000000000 ) ) ;
#440 = CARTESIAN_POINT ( 'NONE',  ( 9.849999999999997868, -1.299999999105929449, -25.54999999642371833 ) ) ;
#441 = LINE ( 'NONE', #1134, #1478 ) ;
#442 = LINE ( 'NONE', #2832, #2619 ) ;
#443 = AXIS2_PLACEMENT_3D ( 'NONE', #2686, #412, #2236 ) ;
#444 = DIRECTION ( 'NONE',  ( 1.000000000000000000, 6.877458004804174351E-10, 3.846393516578286071E-17 ) ) ;
#445 = CYLINDRICAL_SURFACE ( 'NONE', #443, 1.000000000000000888 ) ;
#446 = DIRECTION ( 'NONE',  ( -1.000000000000000000, -6.877455780799758508E-10, -0.0000000000000000000 ) ) ;
#447 = VECTOR ( 'NONE', #1479, 1000.000000000000000 ) ;
#448 = CIRCLE ( 'NONE', #1332, 0.6499999998994603345 ) ;
#449 = EDGE_CURVE ( 'NONE', #1358, #26, #1891, .T. ) ;
#450 = ORIENTED_EDGE ( 'NONE', *, *, #1038, .T. ) ;
#451 = ORIENTED_EDGE ( 'NONE', *, *, #2801, .F. ) ;
#452 = FACE_OUTER_BOUND ( 'NONE', #245, .T. ) ;
#453 = CYLINDRICAL_SURFACE ( 'NONE', #2298, 2.999999998211860142 ) ;
#454 = EDGE_LOOP ( 'NONE', ( #2807, #607, #1209, #785 ) ) ;
#455 = VERTEX_POINT ( 'NONE', #1156 ) ;
#456 = CARTESIAN_POINT ( 'NONE',  ( 10.18466880685409670, 0.0000000000000000000, -1.500000000000000000 ) ) ;
#457 = ORIENTED_EDGE ( 'NONE', *, *, #2635, .T. ) ;
#458 = ADVANCED_FACE ( 'NONE', ( #1709 ), #2734, .F. ) ;
#459 = ORIENTED_EDGE ( 'NONE', *, *, #91, .T. ) ;
#460 = EDGE_LOOP ( 'NONE', ( #424, #395, #1096, #1100 ) ) ;
#461 = ORIENTED_EDGE ( 'NONE', *, *, #31, .F. ) ;
#462 = AXIS2_PLACEMENT_3D ( 'NONE', #325, #2820, #88 ) ;
#463 = ORIENTED_EDGE ( 'NONE', *, *, #2249, .F. ) ;
#464 = ORIENTED_EDGE ( 'NONE', *, *, #868, .T. ) ;
#465 = DIRECTION ( 'NONE',  ( 1.000000000000000000, 8.340016711426962191E-16, 0.0000000000000000000 ) ) ;
#466 = CARTESIAN_POINT ( 'NONE',  ( -9.850000000000001421, 0.0000000000000000000, 22.54999999999999716 ) ) ;
#467 = AXIS2_PLACEMENT_3D ( 'NONE', #1304, #1333, #172 ) ;
#468 = EDGE_CURVE ( 'NONE', #2779, #1713, #803, .T. ) ;
#469 = ADVANCED_FACE ( 'NONE', ( #2942 ), #473, .T. ) ;
#470 = AXIS2_PLACEMENT_3D ( 'NONE', #967, #321, #2600 ) ;
#471 = DIRECTION ( 'NONE',  ( 1.000000000000000000, 6.877458004804173317E-10, 3.846393516578286071E-17 ) ) ;
#472 = APPROVAL_PERSON_ORGANIZATION ( #2794, #299, #284 ) ;
#473 = PLANE ( 'NONE',  #962 ) ;
#474 = COORDINATED_UNIVERSAL_TIME_OFFSET ( 2, 0, .AHEAD. ) ;
#475 = DIRECTION ( 'NONE',  ( 0.0000000000000000000, 0.0000000000000000000, -1.000000000000000000 ) ) ;
#476 = LINE ( 'NONE', #492, #2292 ) ;
#477 = CIRCLE ( 'NONE', #1210, 0.6499999999999998002 ) ;
#478 = CARTESIAN_POINT ( 'NONE',  ( -12.85000000264781939, -2.650000016680457815, -1.649351843654279157E-15 ) ) ;
#479 = VECTOR ( 'NONE', #1615, 1000.000000000000000 ) ;
#480 = DIRECTION ( 'NONE',  ( -1.000000000000000000, 0.0000000000000000000, 0.0000000000000000000 ) ) ;
#481 = EDGE_CURVE ( 'NONE', #2813, #1325, #631, .T. ) ;
#482 = ADVANCED_FACE ( 'NONE', ( #2846 ), #2056, .T. ) ;
#483 = VECTOR ( 'NONE', #28, 1000.000000000000000 ) ;
#484 = ORIENTED_EDGE ( 'NONE', *, *, #2260, .T. ) ;
#485 = ORIENTED_EDGE ( 'NONE', *, *, #609, .F. ) ;
#486 = ORIENTED_EDGE ( 'NONE', *, *, #676, .T. ) ;
#487 = EDGE_CURVE ( 'NONE', #1319, #1574, #2805, .T. ) ;
#488 = ORIENTED_EDGE ( 'NONE', *, *, #2878, .T. ) ;
#489 = ORIENTED_EDGE ( 'NONE', *, *, #2708, .T. ) ;
#490 = CARTESIAN_POINT ( 'NONE',  ( 9.085419176710471945, 0.0000000000000000000, 1.250000000000000000 ) ) ;
#491 = ORIENTED_EDGE ( 'NONE', *, *, #2378, .F. ) ;
#492 = CARTESIAN_POINT ( 'NONE',  ( 9.849999999999997868, -2.063237401441252150E-10, -25.24999999552964525 ) ) ;
#493 = ORIENTED_EDGE ( 'NONE', *, *, #1280, .F. ) ;
#494 = ORIENTED_EDGE ( 'NONE', *, *, #711, .T. ) ;
#495 = ADVANCED_FACE ( 'NONE', ( #139 ), #1793, .F. ) ;
#496 = APPLICATION_CONTEXT ( 'configuration controlled 3d designs of mechanical parts and assemblies' ) ;
#497 = AXIS2_PLACEMENT_3D ( 'NONE', #1984, #606, #174 ) ;
#498 = EDGE_CURVE ( 'NONE', #954, #1902, #1017, .T. ) ;
#499 = DIRECTION ( 'NONE',  ( -1.000000000000000000, 6.877458004804174351E-10, 0.0000000000000000000 ) ) ;
#500 = DIRECTION ( 'NONE',  ( 0.0000000000000000000, 0.0000000000000000000, 1.000000000000000000 ) ) ;
#501 = EDGE_CURVE ( 'NONE', #324, #2452, #24, .T. ) ;
#502 = AXIS2_PLACEMENT_3D ( 'NONE', #1469, #2604, #1695 ) ;
#503 = APPLICATION_PROTOCOL_DEFINITION ( 'international standard', 'config_control_design', 1994, #496 ) ;
#504 = VECTOR ( 'NONE', #716, 1000.000000000000000 ) ;
#505 = DIRECTION ( 'NONE',  ( -0.0000000000000000000, 1.000000000000000000, -0.0000000000000000000 ) ) ;
#506 = ADVANCED_FACE ( 'NONE', ( #2770 ), #2697, .F. ) ;
#507 = CYLINDRICAL_SURFACE ( 'NONE', #175, 1.299999999999999156 ) ;
#508 = CARTESIAN_POINT ( 'NONE',  ( 9.850000000000004974, -6.499999999999998224, 25.24999999821185526 ) ) ;
#509 = LINE ( 'NONE', #1991, #2127 ) ;
#510 = DIRECTION ( 'NONE',  ( -0.0000000000000000000, -0.0000000000000000000, 1.000000000000000000 ) ) ;
#511 = AXIS2_PLACEMENT_3D ( 'NONE', #57, #499, #713 ) ;
#512 = CIRCLE ( 'NONE', #2014, 1.299999999999999156 ) ;
#513 = CARTESIAN_POINT ( 'NONE',  ( 4.949747468305832676, 0.0000000000000000000, -1.500000000000000000 ) ) ;
#514 = CIRCLE ( 'NONE', #2549, 0.6499999999999998002 ) ;
#515 = ORIENTED_EDGE ( 'NONE', *, *, #1702, .F. ) ;
#516 = ORIENTED_EDGE ( 'NONE', *, *, #2460, .F. ) ;
#517 = FACE_OUTER_BOUND ( 'NONE', #1905, .T. ) ;
#518 = CIRCLE ( 'NONE', #2105, 0.6499999999999996891 ) ;
#519 = AXIS2_PLACEMENT_3D ( 'NONE', #2110, #688, #1638 ) ;
#520 = EDGE_CURVE ( 'NONE', #2851, #2739, #344, .T. ) ;
#521 = ORIENTED_EDGE ( 'NONE', *, *, #2688, .T. ) ;
#522 = PLANE ( 'NONE',  #1560 ) ;
#523 = ORIENTED_EDGE ( 'NONE', *, *, #1561, .F. ) ;
#524 = ORIENTED_EDGE ( 'NONE', *, *, #872, .F. ) ;
#525 = ORIENTED_EDGE ( 'NONE', *, *, #1640, .F. ) ;
#526 = CARTESIAN_POINT ( 'NONE',  ( -9.950000000000001066, -0.2999999999999999889, 1.500000000000000000 ) ) ;
#527 = DIRECTION ( 'NONE',  ( -6.877458005867953435E-10, 1.000000000000000000, 0.0000000000000000000 ) ) ;
#528 = EDGE_CURVE ( 'NONE', #1775, #1821, #1278, .T. ) ;
#529 = ORIENTED_EDGE ( 'NONE', *, *, #680, .F. ) ;
#530 = ORIENTED_EDGE ( 'NONE', *, *, #1995, .F. ) ;
#531 = ORIENTED_EDGE ( 'NONE', *, *, #1322, .T. ) ;
#532 = ORIENTED_EDGE ( 'NONE', *, *, #1335, .T. ) ;
#533 = DIRECTION ( 'NONE',  ( -0.0000000000000000000, -1.000000000000000000, -0.0000000000000000000 ) ) ;
#534 = DIRECTION ( 'NONE',  ( 0.0000000000000000000, 0.0000000000000000000, 1.000000000000000000 ) ) ;
#535 = CARTESIAN_POINT ( 'NONE',  ( -12.54999999958735124, -7.100000017468740765, -5.849999999999999645 ) ) ;
#536 = DIRECTION ( 'NONE',  ( 1.000000000000000000, 0.0000000000000000000, 4.961637056426560467E-17 ) ) ;
#537 = PERSON_AND_ORGANIZATION_ROLE ( 'creator' ) ;
#538 = AXIS2_PLACEMENT_3D ( 'NONE', #1059, #1044, #613 ) ;
#539 = EDGE_CURVE ( 'NONE', #1859, #2418, #448, .T. ) ;
#540 = CARTESIAN_POINT ( 'NONE',  ( -12.54999999690514301, -2.000000016574674078, -15.00000000000000178 ) ) ;
#541 = ADVANCED_FACE ( 'NONE', ( #2551 ), #1563, .F. ) ;
#542 = CARTESIAN_POINT ( 'NONE',  ( 10.59999999999999964, 0.0000000000000000000, -22.30000000000000071 ) ) ;
#543 = EDGE_CURVE ( 'NONE', #2923, #352, #2096, .T. ) ;
#544 = LOCAL_TIME ( 15, 17, 45.00000000000000000, #2758 ) ;
#545 = CARTESIAN_POINT ( 'NONE',  ( 9.849999999999999645, -1.300000000000000044, -24.24999999642371407 ) ) ;
#546 = FACE_OUTER_BOUND ( 'NONE', #859, .T. ) ;
#547 = CARTESIAN_POINT ( 'NONE',  ( 11.54999999642372011, -1.300000000000000044, 22.54999999999999716 ) ) ;
#548 = DIRECTION ( 'NONE',  ( 0.0000000000000000000, 0.0000000000000000000, 1.000000000000000000 ) ) ;
#549 = CYLINDRICAL_SURFACE ( 'NONE', #2370, 2.699999998211854990 ) ;
#550 = CARTESIAN_POINT ( 'NONE',  ( 9.849999999999997868, 0.0000000000000000000, -24.24999999642371407 ) ) ;
#551 = CYLINDRICAL_SURFACE ( 'NONE', #2435, 1.000000000000000888 ) ;
#552 = CARTESIAN_POINT ( 'NONE',  ( 9.320087983564567580, 0.0000000000000000000, -1.250000000000000000 ) ) ;
#553 = CIRCLE ( 'NONE', #2540, 2.999999999999997335 ) ;
#554 = VECTOR ( 'NONE', #1662, 1000.000000000000000 ) ;
#555 = AXIS2_PLACEMENT_3D ( 'NONE', #1080, #1549, #812 ) ;
#556 = ADVANCED_FACE ( 'NONE', ( #1964 ), #906, .T. ) ;
#557 = CARTESIAN_POINT ( 'NONE',  ( 12.54999999999999893, -6.500000000206322071, 5.849999999999999645 ) ) ;
#558 = ORIENTED_EDGE ( 'NONE', *, *, #276, .T. ) ;
#559 = VERTEX_POINT ( 'NONE', #1912 ) ;
#560 = CARTESIAN_POINT ( 'NONE',  ( 12.55000000041264663, -7.100000000206321715, 6.850000000000000533 ) ) ;
#561 = ORIENTED_EDGE ( 'NONE', *, *, #2059, .F. ) ;
#562 = DIRECTION ( 'NONE',  ( 0.0000000000000000000, 1.000000000000000000, -2.645340988021821819E-26 ) ) ;
#563 = ORIENTED_EDGE ( 'NONE', *, *, #2059, .T. ) ;
#564 = DIRECTION ( 'NONE',  ( -1.000000000000000000, -0.0000000000000000000, -0.0000000000000000000 ) ) ;
#565 = ORIENTED_EDGE ( 'NONE', *, *, #2118, .F. ) ;
#566 = EDGE_CURVE ( 'NONE', #2713, #1093, #659, .T. ) ;
#567 = DIRECTION ( 'NONE',  ( -0.0000000000000000000, 1.000000000000000000, -0.0000000000000000000 ) ) ;
#568 = ORIENTED_EDGE ( 'NONE', *, *, #47, .F. ) ;
#569 = DIRECTION ( 'NONE',  ( 0.0000000000000000000, -1.000000000000000000, 2.645340988021821819E-26 ) ) ;
#570 = EDGE_CURVE ( 'NONE', #2848, #2779, #60, .T. ) ;
#571 = EDGE_LOOP ( 'NONE', ( #1389, #1031, #1420, #1829 ) ) ;
#572 = CC_DESIGN_DATE_AND_TIME_ASSIGNMENT ( #714, #2114, ( #1290 ) ) ;
#573 = DIRECTION ( 'NONE',  ( 0.0000000000000000000, -1.000000000000000000, 6.877458004804174351E-10 ) ) ;
#574 = CARTESIAN_POINT ( 'NONE',  ( 9.849999999999997868, -6.499999999999998224, -25.54999999999999716 ) ) ;
#575 = DIRECTION ( 'NONE',  ( -5.243173292900185497E-17, 0.0000000000000000000, -1.000000000000000000 ) ) ;
#576 = CARTESIAN_POINT ( 'NONE',  ( -9.850000000000001421, -1.299999999105929449, -25.54999999642371833 ) ) ;
#577 = DIRECTION ( 'NONE',  ( 0.0000000000000000000, 0.0000000000000000000, 1.000000000000000000 ) ) ;
#578 = DIRECTION ( 'NONE',  ( 1.000000000000000000, 6.877458004804173317E-10, 3.846393516578286071E-17 ) ) ;
#579 = AXIS2_PLACEMENT_3D ( 'NONE', #1341, #2270, #2476 ) ;
#580 = EDGE_CURVE ( 'NONE', #2525, #726, #2202, .T. ) ;
#581 = DIRECTION ( 'NONE',  ( -0.0000000000000000000, -1.000000000000000000, -0.0000000000000000000 ) ) ;
#582 = LINE ( 'NONE', #1576, #409 ) ;
#583 = EDGE_CURVE ( 'NONE', #677, #348, #2881, .T. ) ;
#584 = CIRCLE ( 'NONE', #1258, 1.000000000000000888 ) ;
#585 = DIRECTION ( 'NONE',  ( 3.846393516578286071E-17, -0.0000000000000000000, -1.000000000000000000 ) ) ;
#586 = CIRCLE ( 'NONE', #497, 1.699999996423718462 ) ;
#587 = CARTESIAN_POINT ( 'NONE',  ( -12.85000000264781939, -2.650000016680457815, -15.00000000000000178 ) ) ;
#588 = VECTOR ( 'NONE', #2641, 1000.000000000000000 ) ;
#589 = CARTESIAN_POINT ( 'NONE',  ( 11.54999999642372188, 0.0000000000000000000, 22.54999999999999716 ) ) ;
#590 = LINE ( 'NONE', #964, #554 ) ;
#591 = PLANE ( 'NONE',  #2684 ) ;
#592 = ORIENTED_EDGE ( 'NONE', *, *, #2371, .T. ) ;
#593 = DIRECTION ( 'NONE',  ( 0.0000000000000000000, 0.0000000000000000000, 1.000000000000000000 ) ) ;
#594 = ORIENTED_EDGE ( 'NONE', *, *, #2584, .T. ) ;
#595 = EDGE_LOOP ( 'NONE', ( #2137, #2554, #184, #2205 ) ) ;
#596 = VECTOR ( 'NONE', #369, 1000.000000000000000 ) ;
#597 = CYLINDRICAL_SURFACE ( 'NONE', #1777, 0.6499999999999998002 ) ;
#598 = CARTESIAN_POINT ( 'NONE',  ( 9.850000000000001421, -0.2999999999999999889, 22.54999999999999716 ) ) ;
#599 = ORIENTED_EDGE ( 'NONE', *, *, #891, .T. ) ;
#600 = ORIENTED_EDGE ( 'NONE', *, *, #119, .F. ) ;
#602 = ORIENTED_EDGE ( 'NONE', *, *, #1722, .F. ) ;
#601 = CARTESIAN_POINT ( 'NONE',  ( -10.60000000000000142, -0.2999999999999999889, -22.30000000000000071 ) ) ;
#603 = ORIENTED_EDGE ( 'NONE', *, *, #498, .F. ) ;
#604 = AXIS2_PLACEMENT_3D ( 'NONE', #1334, #42, #701 ) ;
#605 = DIRECTION ( 'NONE',  ( 1.000000000000000000, 6.877458004804173317E-10, 3.846393516578285455E-17 ) ) ;
#606 = DIRECTION ( 'NONE',  ( -0.0000000000000000000, 1.000000000000000000, -0.0000000000000000000 ) ) ;
#607 = ORIENTED_EDGE ( 'NONE', *, *, #2260, .F. ) ;
#608 = CARTESIAN_POINT ( 'NONE',  ( 12.85000000467667114, -7.099999999999997868, 6.850000000000000533 ) ) ;
#609 = EDGE_CURVE ( 'NONE', #2379, #1771, #878, .T. ) ;
#610 = ORIENTED_EDGE ( 'NONE', *, *, #2545, .T. ) ;
#611 = EDGE_LOOP ( 'NONE', ( #2183, #242, #1451, #697 ) ) ;
#612 = CARTESIAN_POINT ( 'NONE',  ( 4.882993680347146779E-09, -7.100000008837528576, 1.587204592813092977E-26 ) ) ;
#613 = DIRECTION ( 'NONE',  ( -1.000000000000000000, 0.0000000000000000000, -0.0000000000000000000 ) ) ;
#614 = DIRECTION ( 'NONE',  ( 0.0000000000000000000, 6.877458004804174351E-10, -1.000000000000000000 ) ) ;
#615 = DIRECTION ( 'NONE',  ( 0.0000000000000000000, 0.0000000000000000000, 1.000000000000000000 ) ) ;
#616 = CARTESIAN_POINT ( 'NONE',  ( 9.850000000000004974, -1.299999999105929449, 25.54999999642372188 ) ) ;
#617 = CARTESIAN_POINT ( 'NONE',  ( -10.60000000000000142, 0.0000000000000000000, -22.30000000000000071 ) ) ;
#618 = DIRECTION ( 'NONE',  ( 1.000000000000000000, 6.877455780799758508E-10, 0.0000000000000000000 ) ) ;
#619 = AXIS2_PLACEMENT_3D ( 'NONE', #1432, #50, #1659 ) ;
#620 = EDGE_CURVE ( 'NONE', #311, #2427, #590, .T. ) ;
#621 = LINE ( 'NONE', #1448, #970 ) ;
#622 = DIRECTION ( 'NONE',  ( 0.0000000000000000000, 0.0000000000000000000, 1.000000000000000000 ) ) ;
#623 = CIRCLE ( 'NONE', #1054, 0.2500000000000002220 ) ;
#624 = AXIS2_PLACEMENT_3D ( 'NONE', #1517, #1269, #1071 ) ;
#625 = DIRECTION ( 'NONE',  ( 1.000000000000000000, 6.877458004804173317E-10, 3.846393516578285455E-17 ) ) ;
#626 = LINE ( 'NONE', #62, #1853 ) ;
#627 = CARTESIAN_POINT ( 'NONE',  ( -9.950000000000001066, 0.0000000000000000000, 1.500000000000000000 ) ) ;
#628 = VERTEX_POINT ( 'NONE', #331 ) ;
#629 = DIRECTION ( 'NONE',  ( 0.0000000000000000000, 1.000000000000000000, 0.0000000000000000000 ) ) ;
#630 = CYLINDRICAL_SURFACE ( 'NONE', #1852, 1.000000000000000888 ) ;
#631 = CIRCLE ( 'NONE', #1434, 0.6499999998994603345 ) ;
#632 = ORIENTED_EDGE ( 'NONE', *, *, #2831, .F. ) ;
#633 = ORIENTED_EDGE ( 'NONE', *, *, #543, .F. ) ;
#634 = VERTEX_POINT ( 'NONE', #2565 ) ;
#635 = ORIENTED_EDGE ( 'NONE', *, *, #1529, .F. ) ;
#636 = PLANE ( 'NONE',  #999 ) ;
#637 = ORIENTED_EDGE ( 'NONE', *, *, #888, .T. ) ;
#638 = DIRECTION ( 'NONE',  ( 3.846393516578286071E-17, -0.0000000000000000000, -1.000000000000000000 ) ) ;
#639 = ORIENTED_EDGE ( 'NONE', *, *, #1742, .T. ) ;
#640 = EDGE_CURVE ( 'NONE', #1684, #954, #211, .T. ) ;
#641 = VERTEX_POINT ( 'NONE', #1500 ) ;
#642 = DIRECTION ( 'NONE',  ( 0.0000000000000000000, 0.0000000000000000000, 1.000000000000000000 ) ) ;
#643 = ORIENTED_EDGE ( 'NONE', *, *, #1920, .F. ) ;
#644 = EDGE_CURVE ( 'NONE', #2520, #1248, #2266, .T. ) ;
#645 = DIRECTION ( 'NONE',  ( 0.0000000000000000000, 0.0000000000000000000, 1.000000000000000000 ) ) ;
#646 = CARTESIAN_POINT ( 'NONE',  ( 12.84999999999999787, -6.499999999999998224, 22.54999999999999716 ) ) ;
#647 = DIRECTION ( 'NONE',  ( -0.0000000000000000000, -1.000000000000000000, -0.0000000000000000000 ) ) ;
#648 = CIRCLE ( 'NONE', #1405, 0.6499999998994603345 ) ;
#649 = AXIS2_PLACEMENT_3D ( 'NONE', #2901, #853, #862 ) ;
#650 = CIRCLE ( 'NONE', #2115, 0.2499999999999997780 ) ;
#651 = EDGE_CURVE ( 'NONE', #2044, #1130, #1489, .T. ) ;
#652 = DIRECTION ( 'NONE',  ( -6.877458005867955503E-10, -1.000000000000000000, 0.0000000000000000000 ) ) ;
#653 = VECTOR ( 'NONE', #1190, 1000.000000000000000 ) ;
#654 = EDGE_CURVE ( 'NONE', #2898, #1567, #2299, .T. ) ;
#655 = CIRCLE ( 'NONE', #198, 0.6499999998994603345 ) ;
#656 = DIRECTION ( 'NONE',  ( -1.000000000000000000, -6.877458004804174351E-10, -3.846393516578286071E-17 ) ) ;
#657 = VECTOR ( 'NONE', #2674, 1000.000000000000000 ) ;
#658 = AXIS2_PLACEMENT_3D ( 'NONE', #526, #2125, #615 ) ;
#659 = LINE ( 'NONE', #1636, #1159 ) ;
#660 = CARTESIAN_POINT ( 'NONE',  ( -9.849999999999997868, -1.300000000000000044, 24.24999999642371407 ) ) ;
#661 = CC_DESIGN_PERSON_AND_ORGANIZATION_ASSIGNMENT ( #292, #2821, ( #1074 ) ) ;
#662 = ORIENTED_EDGE ( 'NONE', *, *, #583, .T. ) ;
#663 = ORIENTED_EDGE ( 'NONE', *, *, #609, .T. ) ;
#664 = VERTEX_POINT ( 'NONE', #2163 ) ;
#665 = CYLINDRICAL_SURFACE ( 'NONE', #1011, 1.000000000000000888 ) ;
#666 = LINE ( 'NONE', #114, #1970 ) ;
#667 = EDGE_LOOP ( 'NONE', ( #317, #2929, #1635, #699 ) ) ;
#668 = DIRECTION ( 'NONE',  ( 0.0000000000000000000, 0.0000000000000000000, 1.000000000000000000 ) ) ;
#669 = VERTEX_POINT ( 'NONE', #133 ) ;
#670 = ORIENTED_EDGE ( 'NONE', *, *, #15, .T. ) ;
#671 = ORIENTED_EDGE ( 'NONE', *, *, #361, .F. ) ;
#672 = CARTESIAN_POINT ( 'NONE',  ( 10.18466880685409670, 0.0000000000000000000, -1.500000000000000000 ) ) ;
#673 = VERTEX_POINT ( 'NONE', #1267 ) ;
#674 = DIRECTION ( 'NONE',  ( 0.0000000000000000000, 0.0000000000000000000, -1.000000000000000000 ) ) ;
#675 = AXIS2_PLACEMENT_3D ( 'NONE', #2304, #723, #938 ) ;
#676 = EDGE_CURVE ( 'NONE', #1575, #2848, #2032, .T. ) ;
#677 = VERTEX_POINT ( 'NONE', #2355 ) ;
#678 = DIRECTION ( 'NONE',  ( 1.819321541166937290E-35, -2.645340988021821819E-26, -1.000000000000000000 ) ) ;
#679 = ADVANCED_FACE ( 'NONE', ( #1595 ), #2153, .T. ) ;
#680 = EDGE_CURVE ( 'NONE', #1612, #1974, #1528, .T. ) ;
#681 = PLANE ( 'NONE',  #2209 ) ;
#682 = CARTESIAN_POINT ( 'NONE',  ( -9.600000000000001421, 0.0000000000000000000, -23.30000000000000071 ) ) ;
#683 = LINE ( 'NONE', #2164, #935 ) ;
#684 = VECTOR ( 'NONE', #2212, 1000.000000000000000 ) ;
#685 = AXIS2_PLACEMENT_3D ( 'NONE', #159, #2876, #2444 ) ;
#686 = ADVANCED_FACE ( 'NONE', ( #2168 ), #2145, .T. ) ;
#687 = VECTOR ( 'NONE', #929, 1000.000000000000000 ) ;
#688 = DIRECTION ( 'NONE',  ( 1.000000000000000000, 6.877458004804173317E-10, 3.846393516578286071E-17 ) ) ;
#689 = EDGE_CURVE ( 'NONE', #2822, #2598, #1346, .T. ) ;
#690 = DIRECTION ( 'NONE',  ( -1.000000000000000000, -0.0000000000000000000, -0.0000000000000000000 ) ) ;
#691 = ORIENTED_EDGE ( 'NONE', *, *, #1239, .F. ) ;
#692 = LINE ( 'NONE', #2896, #657 ) ;
#693 = VECTOR ( 'NONE', #207, 1000.000000000000000 ) ;
#694 = ORIENTED_EDGE ( 'NONE', *, *, #2016, .F. ) ;
#695 = VERTEX_POINT ( 'NONE', #1001 ) ;
#696 = ORIENTED_EDGE ( 'NONE', *, *, #2784, .T. ) ;
#697 = ORIENTED_EDGE ( 'NONE', *, *, #1280, .T. ) ;
#698 = DIRECTION ( 'NONE',  ( 0.0000000000000000000, 1.000000000000000000, 0.0000000000000000000 ) ) ;
#699 = ORIENTED_EDGE ( 'NONE', *, *, #1259, .F. ) ;
#700 = PLANE ( 'NONE',  #1426 ) ;
#702 = ORIENTED_EDGE ( 'NONE', *, *, #2417, .F. ) ;
#701 = DIRECTION ( 'NONE',  ( 0.0000000000000000000, 8.340016711426962191E-16, 1.000000000000000000 ) ) ;
#703 = ADVANCED_FACE ( 'NONE', ( #2061 ), #842, .T. ) ;
#704 = AXIS2_PLACEMENT_3D ( 'NONE', #1265, #578, #1705 ) ;
#705 = ORIENTED_EDGE ( 'NONE', *, *, #1441, .F. ) ;
#706 = VERTEX_POINT ( 'NONE', #1930 ) ;
#707 = CARTESIAN_POINT ( 'NONE',  ( 12.84999999690514194, -1.999999999105930515, -15.00000000000000000 ) ) ;
#708 = DIRECTION ( 'NONE',  ( 0.0000000000000000000, 1.000000000000000000, 0.0000000000000000000 ) ) ;
#709 = EDGE_CURVE ( 'NONE', #455, #1641, #1450, .T. ) ;
#710 = CARTESIAN_POINT ( 'NONE',  ( -9.950000000000001066, -0.2999999999999999889, -0.8500000000000004219 ) ) ;
#711 = EDGE_CURVE ( 'NONE', #1160, #2850, #845, .T. ) ;
#712 = CC_DESIGN_PERSON_AND_ORGANIZATION_ASSIGNMENT ( #1305, #2354, ( #1074 ) ) ;
#713 = DIRECTION ( 'NONE',  ( -6.877458005867955503E-10, -1.000000000000000000, 0.0000000000000000000 ) ) ;
#714 = DATE_AND_TIME ( #1082, #1371 ) ;
#715 = ADVANCED_FACE ( 'NONE', ( #2583 ), #2663, .F. ) ;
#716 = DIRECTION ( 'NONE',  ( 3.846393516578286071E-17, -0.0000000000000000000, -1.000000000000000000 ) ) ;
#717 = FACE_OUTER_BOUND ( 'NONE', #2387, .T. ) ;
#718 = FACE_OUTER_BOUND ( 'NONE', #2346, .T. ) ;
#719 = VECTOR ( 'NONE', #2433, 1000.000000000000000 ) ;
#720 = DIRECTION ( 'NONE',  ( -1.000000000000000000, -0.0000000000000000000, -0.0000000000000000000 ) ) ;
#721 = AXIS2_PLACEMENT_3D ( 'NONE', #2119, #743, #1460 ) ;
#722 = EDGE_CURVE ( 'NONE', #1131, #1541, #768, .T. ) ;
#723 = DIRECTION ( 'NONE',  ( 0.0000000000000000000, 1.000000000000000000, 0.0000000000000000000 ) ) ;
#724 = CIRCLE ( 'NONE', #1383, 0.2500000000000002220 ) ;
#725 = CIRCLE ( 'NONE', #778, 1.299999999999999156 ) ;
#726 = VERTEX_POINT ( 'NONE', #2657 ) ;
#727 = CARTESIAN_POINT ( 'NONE',  ( -12.85000000309485380, -2.000000016780997480, -15.00000000000000178 ) ) ;
#728 = ORIENTED_EDGE ( 'NONE', *, *, #640, .F. ) ;
#729 = ORIENTED_EDGE ( 'NONE', *, *, #212, .F. ) ;
#730 = FACE_OUTER_BOUND ( 'NONE', #2146, .T. ) ;
#731 = EDGE_CURVE ( 'NONE', #1499, #1822, #304, .T. ) ;
#732 = FACE_OUTER_BOUND ( 'NONE', #214, .T. ) ;
#733 = DIRECTION ( 'NONE',  ( -0.0000000000000000000, 1.000000000000000000, -0.0000000000000000000 ) ) ;
#734 = ADVANCED_FACE ( 'NONE', ( #183 ), #2218, .F. ) ;
#735 = ORIENTED_EDGE ( 'NONE', *, *, #2878, .F. ) ;
#736 = ORIENTED_EDGE ( 'NONE', *, *, #1702, .T. ) ;
#737 = ORIENTED_EDGE ( 'NONE', *, *, #676, .F. ) ;
#738 = CARTESIAN_POINT ( 'NONE',  ( 10.59999999999999964, 0.0000000000000000000, 22.30000000000000071 ) ) ;
#739 = VERTEX_POINT ( 'NONE', #1963 ) ;
#740 = CARTESIAN_POINT ( 'NONE',  ( -9.085419176710471945, -0.2999999999999999889, 1.249999999999999778 ) ) ;
#741 = ORIENTED_EDGE ( 'NONE', *, *, #2533, .T. ) ;
#742 = ORIENTED_EDGE ( 'NONE', *, *, #1355, .F. ) ;
#743 = DIRECTION ( 'NONE',  ( -4.961637056426559850E-17, 0.0000000000000000000, 1.000000000000000000 ) ) ;
#744 = ORIENTED_EDGE ( 'NONE', *, *, #2935, .F. ) ;
#745 = PLANE ( 'NONE',  #2407 ) ;
#746 = AXIS2_PLACEMENT_3D ( 'NONE', #2315, #1649, #2088 ) ;
#747 = EDGE_CURVE ( 'NONE', #2493, #1572, #771, .T. ) ;
#748 = DIRECTION ( 'NONE',  ( 0.0000000000000000000, 0.0000000000000000000, 1.000000000000000000 ) ) ;
#749 = ADVANCED_FACE ( 'NONE', ( #2736 ), #1284, .F. ) ;
#750 = CARTESIAN_POINT ( 'NONE',  ( 12.54999999735217564, -2.649999999211714474, -6.723678906655017982E-16 ) ) ;
#751 = EDGE_CURVE ( 'NONE', #726, #2822, #1352, .T. ) ;
#752 = DIRECTION ( 'NONE',  ( -0.0000000000000000000, -1.000000000000000000, -0.0000000000000000000 ) ) ;
#753 = CARTESIAN_POINT ( 'NONE',  ( -9.850000000000001421, -2.063237401441252150E-10, -25.24999999552964525 ) ) ;
#754 = PERSON_AND_ORGANIZATION ( #1689, #1266 ) ;
#755 = CC_DESIGN_PERSON_AND_ORGANIZATION_ASSIGNMENT ( #259, #55, ( #1472 ) ) ;
#756 = CARTESIAN_POINT ( 'NONE',  ( 9.849999999999997868, -6.500000000206322071, -25.24999999999999289 ) ) ;
#757 = CIRCLE ( 'NONE', #619, 0.6499999998994603345 ) ;
#758 = DIRECTION ( 'NONE',  ( 0.0000000000000000000, 1.000000000000000000, 0.0000000000000000000 ) ) ;
#759 = DIRECTION ( 'NONE',  ( 0.0000000000000000000, 0.0000000000000000000, 1.000000000000000000 ) ) ;
#760 = FACE_OUTER_BOUND ( 'NONE', #250, .T. ) ;
#761 = AXIS2_PLACEMENT_3D ( 'NONE', #1067, #614, #2193 ) ;
#762 = ADVANCED_FACE ( 'NONE', ( #1060 ), #216, .T. ) ;
#763 = CIRCLE ( 'NONE', #1620, 0.6499999998994603345 ) ;
#764 = CARTESIAN_POINT ( 'NONE',  ( 12.55000000041264663, -7.100000000206321715, 5.849999999999999645 ) ) ;
#765 = ORIENTED_EDGE ( 'NONE', *, *, #1808, .F. ) ;
#766 = TOROIDAL_SURFACE ( 'NONE', #1167, 1.699999996423715132, 1.000000000000000000 ) ;
#767 = CARTESIAN_POINT ( 'NONE',  ( 9.085419176710471945, -0.2999999999999999889, 1.250000000000000000 ) ) ;
#768 = LINE ( 'NONE', #2880, #1192 ) ;
#769 = AXIS2_PLACEMENT_3D ( 'NONE', #2620, #2159, #123 ) ;
#770 = EDGE_CURVE ( 'NONE', #923, #559, #2064, .T. ) ;
#771 = LINE ( 'NONE', #841, #596 ) ;
#772 = CARTESIAN_POINT ( 'NONE',  ( 12.84999999552965022, 0.0000000000000000000, 22.54999999999999716 ) ) ;
#773 = ORIENTED_EDGE ( 'NONE', *, *, #2417, .T. ) ;
#774 = ORIENTED_EDGE ( 'NONE', *, *, #1038, .F. ) ;
#775 = ORIENTED_EDGE ( 'NONE', *, *, #2787, .F. ) ;
#776 = VERTEX_POINT ( 'NONE', #1759 ) ;
#777 = DIRECTION ( 'NONE',  ( 0.0000000000000000000, 0.0000000000000000000, 1.000000000000000000 ) ) ;
#778 = AXIS2_PLACEMENT_3D ( 'NONE', #660, #1610, #2512 ) ;
#780 = EDGE_LOOP ( 'NONE', ( #1204, #388, #34, #100 ) ) ;
#779 = DIRECTION ( 'NONE',  ( 1.000000000000000000, 0.0000000000000000000, 0.0000000000000000000 ) ) ;
#781 = DIRECTION ( 'NONE',  ( 0.0000000000000000000, 0.0000000000000000000, 1.000000000000000000 ) ) ;
#782 = CARTESIAN_POINT ( 'NONE',  ( 9.850000000000001421, 0.0000000000000000000, 22.54999999999999716 ) ) ;
#783 = ORIENTED_EDGE ( 'NONE', *, *, #1152, .F. ) ;
#784 = DIRECTION ( 'NONE',  ( -1.000000000000000000, -0.0000000000000000000, -0.0000000000000000000 ) ) ;
#785 = ORIENTED_EDGE ( 'NONE', *, *, #403, .T. ) ;
#786 = CARTESIAN_POINT ( 'NONE',  ( 4.714045207910317892, -0.2999999999999999889, 1.666666666666666741 ) ) ;
#787 = DIRECTION ( 'NONE',  ( -0.0000000000000000000, 1.000000000000000000, -0.0000000000000000000 ) ) ;
#788 = CARTESIAN_POINT ( 'NONE',  ( -9.849999999999997868, -2.063237401441252150E-10, 25.24999999552964525 ) ) ;
#789 = AXIS2_PLACEMENT_3D ( 'NONE', #1906, #1180, #2333 ) ;
#790 = DIRECTION ( 'NONE',  ( -1.000000000000000000, -6.877455683047577950E-10, -0.0000000000000000000 ) ) ;
#791 = EDGE_CURVE ( 'NONE', #1902, #2015, #1668, .T. ) ;
#792 = DIRECTION ( 'NONE',  ( 1.000000000000000000, 6.877458004804174351E-10, 3.846393516578286071E-17 ) ) ;
#793 = ADVANCED_FACE ( 'NONE', ( #2634 ), #665, .F. ) ;
#794 = FACE_OUTER_BOUND ( 'NONE', #2078, .T. ) ;
#795 = CARTESIAN_POINT ( 'NONE',  ( -12.54999999958735124, -7.100000017468740765, -6.850000000000000533 ) ) ;
#796 = CARTESIAN_POINT ( 'NONE',  ( 12.54999999552965129, -2.063237401441252150E-10, 22.54999999999999716 ) ) ;
#797 = LINE ( 'NONE', #2793, #653 ) ;
#798 = CARTESIAN_POINT ( 'NONE',  ( -10.59999999999999964, 0.0000000000000000000, -1.500000000000000000 ) ) ;
#799 = DIRECTION ( 'NONE',  ( 1.000000000000000000, 0.0000000000000000000, 0.0000000000000000000 ) ) ;
#800 = TOROIDAL_SURFACE ( 'NONE', #2132, 1.699999996423716686, 1.000000000000000000 ) ;
#801 = CARTESIAN_POINT ( 'NONE',  ( 9.850000000000001421, -6.499999999999998224, -22.55000000000000071 ) ) ;
#802 = CIRCLE ( 'NONE', #2661, 5.000000000000000000 ) ;
#803 = LINE ( 'NONE', #1846, #1052 ) ;
#804 = DIRECTION ( 'NONE',  ( 0.0000000000000000000, -0.0000000000000000000, -1.000000000000000000 ) ) ;
#805 = AXIS2_PLACEMENT_3D ( 'NONE', #2932, #1597, #232 ) ;
#806 = ORIENTED_EDGE ( 'NONE', *, *, #1212, .T. ) ;
#807 = ORIENTED_EDGE ( 'NONE', *, *, #722, .T. ) ;
#808 = ORIENTED_EDGE ( 'NONE', *, *, #689, .F. ) ;
#809 = DIRECTION ( 'NONE',  ( 0.0000000000000000000, 0.0000000000000000000, 1.000000000000000000 ) ) ;
#810 = LINE ( 'NONE', #404, #2666 ) ;
#811 = FACE_OUTER_BOUND ( 'NONE', #2074, .T. ) ;
#812 = DIRECTION ( 'NONE',  ( -6.877458005867955503E-10, -1.000000000000000000, 0.0000000000000000000 ) ) ;
#813 = ORIENTED_EDGE ( 'NONE', *, *, #654, .F. ) ;
#814 = EDGE_CURVE ( 'NONE', #1974, #1612, #1601, .T. ) ;
#815 = ORIENTED_EDGE ( 'NONE', *, *, #2724, .T. ) ;
#816 =( NAMED_UNIT ( * ) PLANE_ANGLE_UNIT ( ) SI_UNIT ( $, .RADIAN. ) );
#817 = VERTEX_POINT ( 'NONE', #190 ) ;
#818 = DIRECTION ( 'NONE',  ( 6.877458004804174351E-10, -1.000000000000000000, -0.0000000000000000000 ) ) ;
#819 = AXIS2_PLACEMENT_3D ( 'NONE', #1781, #1794, #1331 ) ;
#820 = DIRECTION ( 'NONE',  ( 0.0000000000000000000, 0.0000000000000000000, 1.000000000000000000 ) ) ;
#821 = ORIENTED_EDGE ( 'NONE', *, *, #872, .T. ) ;
#822 = DIRECTION ( 'NONE',  ( 0.0000000000000000000, 0.0000000000000000000, 1.000000000000000000 ) ) ;
#823 = CARTESIAN_POINT ( 'NONE',  ( 4.949747468305832676, -0.2999999999999999889, -1.500000000000000000 ) ) ;
#824 = CARTESIAN_POINT ( 'NONE',  ( -9.085419176710471945, -0.2999999999999999889, -1.500000000000000000 ) ) ;
#825 = CARTESIAN_POINT ( 'NONE',  ( -12.84999999958735017, -7.100000017675063724, -6.850000000000000533 ) ) ;
#826 = AXIS2_PLACEMENT_3D ( 'NONE', #390, #2680, #1993 ) ;
#827 = DIRECTION ( 'NONE',  ( 0.0000000000000000000, -1.000000000000000000, 0.0000000000000000000 ) ) ;
#828 = CARTESIAN_POINT ( 'NONE',  ( -12.84999999999999609, -6.499999999999998224, -22.54999999999999716 ) ) ;
#829 = PLANE ( 'NONE',  #1314 ) ;
#830 = AXIS2_PLACEMENT_3D ( 'NONE', #2515, #2094, #1390 ) ;
#831 = APPROVAL_DATE_TIME ( #1780, #299 ) ;
#832 = EDGE_CURVE ( 'NONE', #2452, #2520, #1934, .T. ) ;
#833 = LINE ( 'NONE', #2396, #2024 ) ;
#834 = EDGE_CURVE ( 'NONE', #1133, #1567, #2102, .T. ) ;
#835 = DIRECTION ( 'NONE',  ( -0.0000000000000000000, 1.000000000000000000, -0.0000000000000000000 ) ) ;
#836 = DIRECTION ( 'NONE',  ( 0.0000000000000000000, -0.0000000000000000000, -1.000000000000000000 ) ) ;
#837 = CIRCLE ( 'NONE', #685, 1.299999999999999156 ) ;
#838 = CARTESIAN_POINT ( 'NONE',  ( 4.949747468305832676, -0.2999999999999999889, -1.500000000000000000 ) ) ;
#839 = DIRECTION ( 'NONE',  ( 0.0000000000000000000, -1.000000000000000000, 0.0000000000000000000 ) ) ;
#840 = FACE_OUTER_BOUND ( 'NONE', #1834, .T. ) ;
#841 = CARTESIAN_POINT ( 'NONE',  ( -9.849999999999997868, -1.299999999105929449, 25.54999999642371833 ) ) ;
#842 = CYLINDRICAL_SURFACE ( 'NONE', #2350, 0.2500000000000000000 ) ;
#843 = EDGE_LOOP ( 'NONE', ( #633, #2774, #2038, #246 ) ) ;
#844 = LINE ( 'NONE', #513, #2587 ) ;
#845 = CIRCLE ( 'NONE', #1543, 0.6499999998994603345 ) ;
#846 = CARTESIAN_POINT ( 'NONE',  ( -12.85000000309485380, -2.000000016780997480, -15.00000000000000178 ) ) ;
#847 = ORIENTED_EDGE ( 'NONE', *, *, #2747, .F. ) ;
#849 = ORIENTED_EDGE ( 'NONE', *, *, #2904, .T. ) ;
#848 = CARTESIAN_POINT ( 'NONE',  ( 12.54999999735217564, -2.649999999211714474, -15.00000000000000000 ) ) ;
#850 = ORIENTED_EDGE ( 'NONE', *, *, #77, .T. ) ;
#851 = AXIS2_PLACEMENT_3D ( 'NONE', #2075, #2519, #2755 ) ;
#852 = EDGE_CURVE ( 'NONE', #2742, #1803, #1497, .T. ) ;
#853 = DIRECTION ( 'NONE',  ( 0.0000000000000000000, 1.000000000000000000, 0.0000000000000000000 ) ) ;
#854 = ORIENTED_EDGE ( 'NONE', *, *, #276, .F. ) ;
#855 = CARTESIAN_POINT ( 'NONE',  ( 4.949747468305832676, 0.0000000000000000000, 1.500000000000000000 ) ) ;
#856 = EDGE_CURVE ( 'NONE', #1757, #1499, #2134, .T. ) ;
#857 = ORIENTED_EDGE ( 'NONE', *, *, #200, .T. ) ;
#858 = DIRECTION ( 'NONE',  ( -1.000000000000000000, -0.0000000000000000000, 5.243173292900185497E-17 ) ) ;
#859 = EDGE_LOOP ( 'NONE', ( #2947, #916, #705, #951 ) ) ;
#860 = DESIGN_CONTEXT ( 'detailed design', #496, 'design' ) ;
#861 = DIRECTION ( 'NONE',  ( -0.0000000000000000000, -0.0000000000000000000, 1.000000000000000000 ) ) ;
#862 = DIRECTION ( 'NONE',  ( 0.0000000000000000000, 0.0000000000000000000, 1.000000000000000000 ) ) ;
#863 = CARTESIAN_POINT ( 'NONE',  ( 4.949747468305833564, 0.0000000000000000000, -1.750000000000000222 ) ) ;
#864 = DIRECTION ( 'NONE',  ( 0.0000000000000000000, 0.0000000000000000000, -1.000000000000000000 ) ) ;
#865 = AXIS2_PLACEMENT_3D ( 'NONE', #2201, #1520, #161 ) ;
#866 = DIRECTION ( 'NONE',  ( 6.877455683047577950E-10, -1.000000000000000000, 0.0000000000000000000 ) ) ;
#867 = DIRECTION ( 'NONE',  ( 0.0000000000000000000, 1.000000000000000000, 0.0000000000000000000 ) ) ;
#868 = EDGE_CURVE ( 'NONE', #776, #2413, #982, .T. ) ;
#869 = CYLINDRICAL_SURFACE ( 'NONE', #1185, 1.299999999999999156 ) ;
#870 = CARTESIAN_POINT ( 'NONE',  ( 12.84999999999999964, -6.499999999999998224, -22.55000000000000426 ) ) ;
#871 = CIRCLE ( 'NONE', #316, 5.000000000000000000 ) ;
#872 = EDGE_CURVE ( 'NONE', #559, #193, #810, .T. ) ;
#873 = DIRECTION ( 'NONE',  ( 0.0000000000000000000, 0.0000000000000000000, 1.000000000000000000 ) ) ;
#874 = SECURITY_CLASSIFICATION ( '', '', #2121 ) ;
#875 = LINE ( 'NONE', #202, #238 ) ;
#876 = DIRECTION ( 'NONE',  ( -6.877458005867953435E-10, 1.000000000000000000, 0.0000000000000000000 ) ) ;
#877 = FACE_OUTER_BOUND ( 'NONE', #1980, .T. ) ;
#878 = CIRCLE ( 'NONE', #2562, 0.6499999998994603345 ) ;
#879 = ORIENTED_EDGE ( 'NONE', *, *, #539, .F. ) ;
#880 = VERTEX_POINT ( 'NONE', #764 ) ;
#881 = EDGE_LOOP ( 'NONE', ( #670, #461, #702, #1854 ) ) ;
#882 = VECTOR ( 'NONE', #1909, 1000.000000000000000 ) ;
#883 = LINE ( 'NONE', #2682, #2037 ) ;
#884 = ORIENTED_EDGE ( 'NONE', *, *, #1322, .F. ) ;
#885 = ORIENTED_EDGE ( 'NONE', *, *, #2154, .F. ) ;
#886 = DIRECTION ( 'NONE',  ( -0.0000000000000000000, 1.000000000000000000, -0.0000000000000000000 ) ) ;
#887 = ORIENTED_EDGE ( 'NONE', *, *, #2395, .T. ) ;
#888 = EDGE_CURVE ( 'NONE', #1140, #1567, #425, .T. ) ;
#889 = EDGE_LOOP ( 'NONE', ( #2248, #643, #2352, #2039 ) ) ;
#890 = ORIENTED_EDGE ( 'NONE', *, *, #31, .T. ) ;
#891 = EDGE_CURVE ( 'NONE', #2678, #1910, #1755, .T. ) ;
#892 = CARTESIAN_POINT ( 'NONE',  ( 11.54999999642372366, -0.2999999999999999334, -22.55000000000000426 ) ) ;
#893 = DIRECTION ( 'NONE',  ( 0.0000000000000000000, 1.000000000000000000, 0.0000000000000000000 ) ) ;
#894 = CARTESIAN_POINT ( 'NONE',  ( 9.600000000000001421, -0.2999999999999999889, -22.30000000000000071 ) ) ;
#895 = CARTESIAN_POINT ( 'NONE',  ( 9.320087983564567580, -0.2999999999999999889, -1.250000000000000000 ) ) ;
#896 = CARTESIAN_POINT ( 'NONE',  ( -9.085419176710471945, 0.0000000000000000000, 1.249999999999999778 ) ) ;
#897 = DIRECTION ( 'NONE',  ( 3.846393516578286071E-17, -0.0000000000000000000, -1.000000000000000000 ) ) ;
#898 = AXIS2_PLACEMENT_3D ( 'NONE', #1229, #2594, #822 ) ;
#899 = LINE ( 'NONE', #197, #1955 ) ;
#900 = EDGE_CURVE ( 'NONE', #2949, #2858, #2336, .T. ) ;
#901 = ADVANCED_FACE ( 'NONE', ( #730 ), #2950, .T. ) ;
#902 = CARTESIAN_POINT ( 'NONE',  ( 9.850000000000001421, -0.2999999999999999334, -22.55000000000000071 ) ) ;
#903 = LINE ( 'NONE', #338, #2656 ) ;
#904 = EDGE_CURVE ( 'NONE', #1803, #1804, #844, .T. ) ;
#905 = CIRCLE ( 'NONE', #2841, 0.6499999999999998002 ) ;
#906 = TOROIDAL_SURFACE ( 'NONE', #2256, 1.699999996423718462, 1.300000000000000044 ) ;
#907 = CARTESIAN_POINT ( 'NONE',  ( -12.84999999642372082, -1.299999999105929449, 22.55000000000000426 ) ) ;
#908 = CARTESIAN_POINT ( 'NONE',  ( 9.600000000000001421, 0.0000000000000000000, 22.30000000000000071 ) ) ;
#909 = ORIENTED_EDGE ( 'NONE', *, *, #566, .F. ) ;
#910 = CARTESIAN_POINT ( 'NONE',  ( -10.59999999999999964, -0.2999999999999999889, 22.30000000000000071 ) ) ;
#911 = VECTOR ( 'NONE', #1138, 1000.000000000000000 ) ;
#912 = LINE ( 'NONE', #406, #1935 ) ;
#913 = CARTESIAN_POINT ( 'NONE',  ( 9.850000000000001421, -1.300000000000000044, -22.55000000000000071 ) ) ;
#914 = ORIENTED_EDGE ( 'NONE', *, *, #2649, .F. ) ;
#915 = ORIENTED_EDGE ( 'NONE', *, *, #2917, .T. ) ;
#916 = ORIENTED_EDGE ( 'NONE', *, *, #163, .F. ) ;
#917 = DIRECTION ( 'NONE',  ( -1.000000000000000000, 8.340016711426962191E-16, 0.0000000000000000000 ) ) ;
#918 = ADVANCED_FACE ( 'NONE', ( #1421 ), #745, .F. ) ;
#919 = ORIENTED_EDGE ( 'NONE', *, *, #2635, .F. ) ;
#920 = AXIS2_PLACEMENT_3D ( 'NONE', #2650, #2658, #2471 ) ;
#921 = CARTESIAN_POINT ( 'NONE',  ( -10.59999999999999964, 0.0000000000000000000, -1.500000000000000000 ) ) ;
#922 = EDGE_LOOP ( 'NONE', ( #737, #1062, #1296, #2171 ) ) ;
#923 = VERTEX_POINT ( 'NONE', #1191 ) ;
#924 = CARTESIAN_POINT ( 'NONE',  ( -12.54999999999999893, -6.500000000206322071, -22.54999999999999716 ) ) ;
#925 = AXIS2_PLACEMENT_3D ( 'NONE', #2534, #2928, #941 ) ;
#926 = EDGE_CURVE ( 'NONE', #1093, #2806, #1969, .T. ) ;
#927 = EDGE_LOOP ( 'NONE', ( #1108, #691, #1356, #1424 ) ) ;
#928 = ORIENTED_EDGE ( 'NONE', *, *, #1259, .T. ) ;
#929 = DIRECTION ( 'NONE',  ( 0.0000000000000000000, 1.000000000000000000, 0.0000000000000000000 ) ) ;
#930 = AXIS2_PLACEMENT_3D ( 'NONE', #1286, #1986, #1049 ) ;
#931 = DIRECTION ( 'NONE',  ( -6.877458005867953435E-10, 1.000000000000000000, 0.0000000000000000000 ) ) ;
#932 = DIRECTION ( 'NONE',  ( 3.846393516578286071E-17, -0.0000000000000000000, -1.000000000000000000 ) ) ;
#933 = ADVANCED_FACE ( 'NONE', ( #452, #1316, #349 ), #85, .T. ) ;
#934 = CALENDAR_DATE ( 2020, 16, 11 ) ;
#935 = VECTOR ( 'NONE', #1484, 1000.000000000000000 ) ;
#936 = FACE_OUTER_BOUND ( 'NONE', #2412, .T. ) ;
#937 = AXIS2_PLACEMENT_3D ( 'NONE', #1738, #1247, #1509 ) ;
#938 = DIRECTION ( 'NONE',  ( 0.0000000000000000000, 0.0000000000000000000, 1.000000000000000000 ) ) ;
#939 = LINE ( 'NONE', #2676, #1931 ) ;
#940 = EDGE_CURVE ( 'NONE', #1902, #2848, #146, .T. ) ;
#941 = DIRECTION ( 'NONE',  ( 0.0000000000000000000, 0.0000000000000000000, 1.000000000000000000 ) ) ;
#942 = ADVANCED_FACE ( 'NONE', ( #517 ), #2775, .T. ) ;
#943 = CYLINDRICAL_SURFACE ( 'NONE', #1226, 1.000000000000000888 ) ;
#944 = VECTOR ( 'NONE', #2526, 1000.000000000000000 ) ;
#945 = ORIENTED_EDGE ( 'NONE', *, *, #644, .F. ) ;
#946 = EDGE_LOOP ( 'NONE', ( #494, #1542 ) ) ;
#947 = ORIENTED_EDGE ( 'NONE', *, *, #1483, .F. ) ;
#948 = DIRECTION ( 'NONE',  ( 0.0000000000000000000, 0.0000000000000000000, -1.000000000000000000 ) ) ;
#949 = CIRCLE ( 'NONE', #1488, 1.000000000000000888 ) ;
#950 = CARTESIAN_POINT ( 'NONE',  ( -12.54999999645810860, -1.350000016675213521, -1.728953885599178227E-15 ) ) ;
#951 = ORIENTED_EDGE ( 'NONE', *, *, #1079, .T. ) ;
#952 = ORIENTED_EDGE ( 'NONE', *, *, #364, .T. ) ;
#954 = VERTEX_POINT ( 'NONE', #2353 ) ;
#953 = CARTESIAN_POINT ( 'NONE',  ( 9.849999999999997868, -1.300000000000000044, -24.24999999642371407 ) ) ;
#955 = AXIS2_PLACEMENT_3D ( 'NONE', #782, #367, #809 ) ;
#956 = ORIENTED_EDGE ( 'NONE', *, *, #689, .T. ) ;
#957 = DIRECTION ( 'NONE',  ( 0.0000000000000000000, 0.0000000000000000000, 1.000000000000000000 ) ) ;
#958 = ADVANCED_FACE ( 'NONE', ( #2482 ), #1125, .T. ) ;
#959 = CARTESIAN_POINT ( 'NONE',  ( -12.85000000264781939, -2.650000016680457815, 14.99999999999999822 ) ) ;
#960 = EDGE_CURVE ( 'NONE', #664, #1362, #2884, .T. ) ;
#961 = DIRECTION ( 'NONE',  ( 1.000000000000000000, 6.877458004804173317E-10, 3.846393516578285455E-17 ) ) ;
#962 = AXIS2_PLACEMENT_3D ( 'NONE', #2502, #2079, #2286 ) ;
#963 = CARTESIAN_POINT ( 'NONE',  ( -9.849999999999994316, -0.2999999999999999334, 24.24999999642371407 ) ) ;
#964 = CARTESIAN_POINT ( 'NONE',  ( -9.085419176710471945, 0.0000000000000000000, -1.500000000000000000 ) ) ;
#965 = CARTESIAN_POINT ( 'NONE',  ( -11.54999999642372188, 0.0000000000000000000, -22.54999999999999716 ) ) ;
#966 = CIRCLE ( 'NONE', #2782, 5.000000000000000000 ) ;
#967 = CARTESIAN_POINT ( 'NONE',  ( -12.54999999690514301, -2.000000016574674078, 14.99999999999999822 ) ) ;
#968 = AXIS2_PLACEMENT_3D ( 'NONE', #2123, #1884, #2767 ) ;
#969 = ADVANCED_FACE ( 'NONE', ( #2206 ), #2808, .F. ) ;
#970 = VECTOR ( 'NONE', #288, 1000.000000000000000 ) ;
#971 = CARTESIAN_POINT ( 'NONE',  ( 10.59999999999999964, -0.2999999999999999889, -22.30000000000000071 ) ) ;
#972 = LINE ( 'NONE', #249, #2764 ) ;
#973 = DIRECTION ( 'NONE',  ( 0.0000000000000000000, 1.000000000000000000, 0.0000000000000000000 ) ) ;
#974 = AXIS2_PLACEMENT_3D ( 'NONE', #1172, #266, #2544 ) ;
#975 = EDGE_CURVE ( 'NONE', #1641, #706, #243, .T. ) ;
#976 = UNCERTAINTY_MEASURE_WITH_UNIT (LENGTH_MEASURE( 1.000000000000000082E-05 ), #1956, 'distance_accuracy_value', 'NONE');
#977 = CARTESIAN_POINT ( 'NONE',  ( 9.085419176710471945, -0.2999999999999999889, 1.500000000000000000 ) ) ;
#978 = TOROIDAL_SURFACE ( 'NONE', #2245, 1.699999996423716686, 1.300000000000000044 ) ;
#979 = VECTOR ( 'NONE', #343, 1000.000000000000000 ) ;
#980 = CARTESIAN_POINT ( 'NONE',  ( 10.59999999999999964, 0.0000000000000000000, -1.000000000000000222 ) ) ;
#981 = ORIENTED_EDGE ( 'NONE', *, *, #926, .F. ) ;
#982 = LINE ( 'NONE', #379, #911 ) ;
#983 = EDGE_CURVE ( 'NONE', #2780, #673, #2414, .T. ) ;
#984 = VECTOR ( 'NONE', #296, 1000.000000000000000 ) ;
#985 = DIRECTION ( 'NONE',  ( 0.0000000000000000000, 0.0000000000000000000, -1.000000000000000000 ) ) ;
#986 = ORIENTED_EDGE ( 'NONE', *, *, #1102, .T. ) ;
#987 = CARTESIAN_POINT ( 'NONE',  ( -10.59999999999999964, -0.2999999999999999889, 22.30000000000000071 ) ) ;
#988 = ORIENTED_EDGE ( 'NONE', *, *, #983, .T. ) ;
#989 = PERSON_AND_ORGANIZATION_ROLE ( 'classification_officer' ) ;
#990 = ORIENTED_EDGE ( 'NONE', *, *, #2885, .F. ) ;
#991 = DIRECTION ( 'NONE',  ( -1.000000000000000000, 6.877458004804174351E-10, 0.0000000000000000000 ) ) ;
#992 = ORIENTED_EDGE ( 'NONE', *, *, #199, .F. ) ;
#993 = ADVANCED_FACE ( 'NONE', ( #2272 ), #1381, .F. ) ;
#994 = DIRECTION ( 'NONE',  ( 0.0000000000000000000, 1.000000000000000000, 0.0000000000000000000 ) ) ;
#995 = ORIENTED_EDGE ( 'NONE', *, *, #2936, .T. ) ;
#996 = PLANE ( 'NONE',  #1924 ) ;
#997 = DIRECTION ( 'NONE',  ( -0.0000000000000000000, -0.0000000000000000000, 1.000000000000000000 ) ) ;
#998 = ORIENTED_EDGE ( 'NONE', *, *, #135, .T. ) ;
#999 = AXIS2_PLACEMENT_3D ( 'NONE', #1330, #1403, #315 ) ;
#1000 = EDGE_CURVE ( 'NONE', #1983, #1674, #2516, .T. ) ;
#1001 = CARTESIAN_POINT ( 'NONE',  ( 12.55000000041264663, -7.100000000206321715, 6.850000000000000533 ) ) ;
#1002 = EDGE_CURVE ( 'NONE', #1101, #2424, #2174, .T. ) ;
#1003 = DIRECTION ( 'NONE',  ( -1.000000000000000000, -0.0000000000000000000, 1.209802949635452503E-15 ) ) ;
#1004 = DIRECTION ( 'NONE',  ( -1.000000000000000000, -0.0000000000000000000, -0.0000000000000000000 ) ) ;
#1005 = ADVANCED_FACE ( 'NONE', ( #180 ), #766, .F. ) ;
#1006 = CIRCLE ( 'NONE', #2058, 0.2499999999999997780 ) ;
#1007 = DIRECTION ( 'NONE',  ( -1.000000000000000000, 0.0000000000000000000, -0.0000000000000000000 ) ) ;
#1008 = VECTOR ( 'NONE', #1901, 1000.000000000000000 ) ;
#1009 = LINE ( 'NONE', #255, #2232 ) ;
#1010 = DIRECTION ( 'NONE',  ( -1.000000000000000000, 0.0000000000000000000, 0.0000000000000000000 ) ) ;
#1011 = AXIS2_PLACEMENT_3D ( 'NONE', #1978, #1512, #1788 ) ;
#1012 = CIRCLE ( 'NONE', #1580, 1.000000000000000888 ) ;
#1013 = CARTESIAN_POINT ( 'NONE',  ( -12.85000000309485380, -2.000000016780997480, -1.734723475976807094E-15 ) ) ;
#1014 = PLANE ( 'NONE',  #937 ) ;
#1015 = LINE ( 'NONE', #1752, #2845 ) ;
#1016 = CARTESIAN_POINT ( 'NONE',  ( 4.882993743886067657E-09, -7.100000008837533905, 1.587204592813092977E-26 ) ) ;
#1017 = CIRCLE ( 'NONE', #2509, 1.000000000000000888 ) ;
#1018 = EDGE_CURVE ( 'NONE', #352, #1140, #1568, .T. ) ;
#1019 = ORIENTED_EDGE ( 'NONE', *, *, #975, .T. ) ;
#1020 = EDGE_LOOP ( 'NONE', ( #1765, #773, #1725, #1211 ) ) ;
#1021 = ORIENTED_EDGE ( 'NONE', *, *, #2685, .F. ) ;
#1022 = VECTOR ( 'NONE', #149, 1000.000000000000000 ) ;
#1023 = ORIENTED_EDGE ( 'NONE', *, *, #227, .T. ) ;
#1024 = CARTESIAN_POINT ( 'NONE',  ( 9.849999999999997868, -6.499999999999998224, -25.54999999999999716 ) ) ;
#1025 = EDGE_CURVE ( 'NONE', #695, #880, #2705, .T. ) ;
#1026 = ORIENTED_EDGE ( 'NONE', *, *, #2118, .T. ) ;
#1027 = ORIENTED_EDGE ( 'NONE', *, *, #654, .T. ) ;
#1028 = DIRECTION ( 'NONE',  ( -6.877458005867953435E-10, 1.000000000000000000, 0.0000000000000000000 ) ) ;
#1029 = CC_DESIGN_SECURITY_CLASSIFICATION ( #874, ( #1074 ) ) ;
#1030 = CARTESIAN_POINT ( 'NONE',  ( 9.325580516513118923, -0.2999999999999999889, 1.319444444444443976 ) ) ;
#1031 = ORIENTED_EDGE ( 'NONE', *, *, #1370, .F. ) ;
#1032 = DIRECTION ( 'NONE',  ( -0.0000000000000000000, 1.000000000000000000, -0.0000000000000000000 ) ) ;
#1033 = ORIENTED_EDGE ( 'NONE', *, *, #1742, .F. ) ;
#1034 = DIRECTION ( 'NONE',  ( -1.000000000000000000, -0.0000000000000000000, -0.0000000000000000000 ) ) ;
#1035 = CARTESIAN_POINT ( 'NONE',  ( 11.54999999642372011, -1.300000000000000044, 22.54999999999999716 ) ) ;
#1036 = PLANE ( 'NONE',  #2527 ) ;
#1037 = AXIS2_PLACEMENT_3D ( 'NONE', #1948, #787, #128 ) ;
#1038 = EDGE_CURVE ( 'NONE', #1168, #2006, #2200, .T. ) ;
#1039 = APPLICATION_PROTOCOL_DEFINITION ( 'international standard', 'config_control_design', 1994, #1966 ) ;
#1040 = EDGE_CURVE ( 'NONE', #2919, #1796, #1487, .T. ) ;
#1041 = CARTESIAN_POINT ( 'NONE',  ( -9.850000000000001421, -0.2999999999999999889, 22.54999999999999716 ) ) ;
#1042 = FACE_OUTER_BOUND ( 'NONE', #1400, .T. ) ;
#1043 = DIRECTION ( 'NONE',  ( -6.877458005867953435E-10, 1.000000000000000000, 0.0000000000000000000 ) ) ;
#1044 = DIRECTION ( 'NONE',  ( 0.0000000000000000000, 0.0000000000000000000, -1.000000000000000000 ) ) ;
#1045 = VECTOR ( 'NONE', #2142, 1000.000000000000000 ) ;
#1046 = CARTESIAN_POINT ( 'NONE',  ( 9.850000000000001421, -1.300000000000000044, 22.54999999999999716 ) ) ;
#1047 = CARTESIAN_POINT ( 'NONE',  ( -9.849999999999997868, -6.499999999999998224, 25.54999999999999716 ) ) ;
#1048 = FACE_BOUND ( 'NONE', #1194, .T. ) ;
#1049 = DIRECTION ( 'NONE',  ( 1.000000000000000000, 0.0000000000000000000, -1.156482318696507131E-15 ) ) ;
#1050 = CARTESIAN_POINT ( 'NONE',  ( 12.54999999552965306, -2.063237401441240260E-10, -22.55000000000000426 ) ) ;
#1051 = FACE_OUTER_BOUND ( 'NONE', #2007, .T. ) ;
#1052 = VECTOR ( 'NONE', #1146, 1000.000000000000000 ) ;
#1053 = CARTESIAN_POINT ( 'NONE',  ( 10.59999999999999964, -0.2999999999999999889, 1.500000000000000000 ) ) ;
#1054 = AXIS2_PLACEMENT_3D ( 'NONE', #2693, #2062, #2076 ) ;
#1055 = EDGE_CURVE ( 'NONE', #2424, #280, #2626, .T. ) ;
#1056 = ORIENTED_EDGE ( 'NONE', *, *, #2139, .T. ) ;
#1057 = CARTESIAN_POINT ( 'NONE',  ( -12.84999999999999787, -6.499999999999998224, -22.54999999999999716 ) ) ;
#1058 = ORIENTED_EDGE ( 'NONE', *, *, #1302, .T. ) ;
#1059 = CARTESIAN_POINT ( 'NONE',  ( -9.085419176710471945, -0.2999999999999999889, 1.500000000000000000 ) ) ;
#1060 = FACE_OUTER_BOUND ( 'NONE', #429, .T. ) ;
#1061 = CIRCLE ( 'NONE', #470, 0.6499999998994601125 ) ;
#1062 = ORIENTED_EDGE ( 'NONE', *, *, #2708, .F. ) ;
#1063 = ORIENTED_EDGE ( 'NONE', *, *, #680, .T. ) ;
#1064 = VERTEX_POINT ( 'NONE', #125 ) ;
#1065 = ORIENTED_EDGE ( 'NONE', *, *, #1654, .F. ) ;
#1066 = EDGE_CURVE ( 'NONE', #2484, #739, #1015, .T. ) ;
#1067 = CARTESIAN_POINT ( 'NONE',  ( 9.849999999999997868, 0.0000000000000000000, -25.54999999552964951 ) ) ;
#1068 = FACE_OUTER_BOUND ( 'NONE', #2490, .T. ) ;
#1069 = EDGE_LOOP ( 'NONE', ( #2852, #2374, #2849, #807 ) ) ;
#1070 = ORIENTED_EDGE ( 'NONE', *, *, #770, .T. ) ;
#1071 = DIRECTION ( 'NONE',  ( 0.0000000000000000000, 0.0000000000000000000, 1.000000000000000000 ) ) ;
#1072 = DIRECTION ( 'NONE',  ( 0.0000000000000000000, 0.0000000000000000000, 1.000000000000000000 ) ) ;
#1073 = ORIENTED_EDGE ( 'NONE', *, *, #2936, .F. ) ;
#1074 = PRODUCT_DEFINITION_FORMATION_WITH_SPECIFIED_SOURCE ( 'ANY', '', #1472, .NOT_KNOWN. ) ;
#1075 = VERTEX_POINT ( 'NONE', #795 ) ;
#1076 = DIRECTION ( 'NONE',  ( 0.0000000000000000000, 1.000000000000000000, 0.0000000000000000000 ) ) ;
#1077 = AXIS2_PLACEMENT_3D ( 'NONE', #39, #1427, #748 ) ;
#1078 = CARTESIAN_POINT ( 'NONE',  ( -12.84999999999999787, -6.499999999999998224, -5.850000000000001421 ) ) ;
#1079 = EDGE_CURVE ( 'NONE', #641, #1821, #1819, .T. ) ;
#1080 = CARTESIAN_POINT ( 'NONE',  ( -12.54999999690514301, -2.000000016574674078, -15.00000000000000178 ) ) ;
#1081 = PLANE ( 'NONE',  #761 ) ;
#1082 = CALENDAR_DATE ( 2020, 16, 11 ) ;
#1083 = AXIS2_PLACEMENT_3D ( 'NONE', #490, #301, #74 ) ;
#1084 = CARTESIAN_POINT ( 'NONE',  ( -9.849999999999997868, -1.299999999105929449, 25.24999999821185526 ) ) ;
#1085 = LINE ( 'NONE', #1656, #1782 ) ;
#1086 = CIRCLE ( 'NONE', #1893, 2.999999999999999112 ) ;
#1087 = CARTESIAN_POINT ( 'NONE',  ( 12.54999999999999893, -6.500000000206322071, 22.54999999999999716 ) ) ;
#1088 = FACE_OUTER_BOUND ( 'NONE', #219, .T. ) ;
#1089 = FACE_BOUND ( 'NONE', #427, .T. ) ;
#1090 = CIRCLE ( 'NONE', #2253, 1.299999999999999156 ) ;
#1091 = CARTESIAN_POINT ( 'NONE',  ( -10.59999999999999964, 0.0000000000000000000, 22.30000000000000071 ) ) ;
#1092 = VERTEX_POINT ( 'NONE', #2859 ) ;
#1093 = VERTEX_POINT ( 'NONE', #1718 ) ;
#1095 = EDGE_LOOP ( 'NONE', ( #2773, #1249, #663, #76 ) ) ;
#1094 = CARTESIAN_POINT ( 'NONE',  ( -9.849999999999997868, -1.299999999105929449, 25.54999999642371833 ) ) ;
#1096 = ORIENTED_EDGE ( 'NONE', *, *, #2545, .F. ) ;
#1097 = AXIS2_PLACEMENT_3D ( 'NONE', #2169, #1271, #2391 ) ;
#1098 = EDGE_CURVE ( 'NONE', #695, #392, #1664, .T. ) ;
#1099 = ORIENTED_EDGE ( 'NONE', *, *, #2316, .F. ) ;
#1100 = ORIENTED_EDGE ( 'NONE', *, *, #2139, .F. ) ;
#1101 = VERTEX_POINT ( 'NONE', #1737 ) ;
#1102 = EDGE_CURVE ( 'NONE', #2418, #1859, #210, .T. ) ;
#1103 = CARTESIAN_POINT ( 'NONE',  ( -9.850000000000001421, -6.499999999999998224, 22.54999999999999716 ) ) ;
#1104 = ORIENTED_EDGE ( 'NONE', *, *, #1186, .T. ) ;
#1105 = ORIENTED_EDGE ( 'NONE', *, *, #1727, .F. ) ;
#1106 = CARTESIAN_POINT ( 'NONE',  ( 9.849999999999997868, -1.299999999105929449, -25.54999999642371833 ) ) ;
#1107 = ORIENTED_EDGE ( 'NONE', *, *, #570, .T. ) ;
#1108 = ORIENTED_EDGE ( 'NONE', *, *, #904, .T. ) ;
#1109 = DIRECTION ( 'NONE',  ( -6.877458005867953435E-10, 1.000000000000000000, 0.0000000000000000000 ) ) ;
#1110 = DIRECTION ( 'NONE',  ( 0.0000000000000000000, 0.0000000000000000000, 1.000000000000000000 ) ) ;
#1111 = PLANE ( 'NONE',  #2358 ) ;
#1112 = CARTESIAN_POINT ( 'NONE',  ( -12.85000000309485380, -2.000000016780997480, -15.00000000000000178 ) ) ;
#1113 = EDGE_CURVE ( 'NONE', #352, #1133, #1890, .T. ) ;
#1114 = LINE ( 'NONE', #2719, #2194 ) ;
#1115 = VECTOR ( 'NONE', #2664, 1000.000000000000000 ) ;
#1116 = AXIS2_PLACEMENT_3D ( 'NONE', #111, #1923, #759 ) ;
#1117 = CARTESIAN_POINT ( 'NONE',  ( 12.84999999999999787, -6.499999999999998224, 5.850000000000001421 ) ) ;
#1118 = CC_DESIGN_PERSON_AND_ORGANIZATION_ASSIGNMENT ( #1731, #989, ( #874 ) ) ;
#1119 = VECTOR ( 'NONE', #2615, 1000.000000000000000 ) ;
#1120 = CARTESIAN_POINT ( 'NONE',  ( -11.54999999642372011, -1.300000000000000044, -22.54999999999999716 ) ) ;
#1121 = DIRECTION ( 'NONE',  ( 0.0000000000000000000, 1.000000000000000000, -2.645340988021821819E-26 ) ) ;
#1122 = VECTOR ( 'NONE', #564, 1000.000000000000000 ) ;
#1123 = ORIENTED_EDGE ( 'NONE', *, *, #2027, .T. ) ;
#1124 = ORIENTED_EDGE ( 'NONE', *, *, #199, .T. ) ;
#1125 = CYLINDRICAL_SURFACE ( 'NONE', #225, 5.000000000000000000 ) ;
#1126 = DIRECTION ( 'NONE',  ( 1.000000000000000000, 6.877458004804173317E-10, 3.846393516578285455E-17 ) ) ;
#1127 = FACE_OUTER_BOUND ( 'NONE', #611, .T. ) ;
#1128 = ORIENTED_EDGE ( 'NONE', *, *, #2685, .T. ) ;
#1129 = ORIENTED_EDGE ( 'NONE', *, *, #1548, .F. ) ;
#1130 = VERTEX_POINT ( 'NONE', #828 ) ;
#1131 = VERTEX_POINT ( 'NONE', #1508 ) ;
#1132 = DIRECTION ( 'NONE',  ( -0.0000000000000000000, 1.000000000000000000, -0.0000000000000000000 ) ) ;
#1133 = VERTEX_POINT ( 'NONE', #1770 ) ;
#1134 = CARTESIAN_POINT ( 'NONE',  ( -4.949747468305832676, -0.2999999999999999889, -1.500000000000000000 ) ) ;
#1135 = ORIENTED_EDGE ( 'NONE', *, *, #834, .F. ) ;
#1136 = EDGE_CURVE ( 'NONE', #2742, #2271, #2477, .T. ) ;
#1137 = ORIENTED_EDGE ( 'NONE', *, *, #1841, .T. ) ;
#1138 = DIRECTION ( 'NONE',  ( -6.877458004804174351E-10, 1.000000000000000000, -2.645340988021821819E-26 ) ) ;
#1139 = CARTESIAN_POINT ( 'NONE',  ( 9.849999999999997868, -1.300000000000000044, -24.24999999642371407 ) ) ;
#1140 = VERTEX_POINT ( 'NONE', #2436 ) ;
#1141 = DIRECTION ( 'NONE',  ( -1.000000000000000000, -0.0000000000000000000, -0.0000000000000000000 ) ) ;
#1142 = ADVANCED_FACE ( 'NONE', ( #2265 ), #2297, .F. ) ;
#1143 = DIRECTION ( 'NONE',  ( 0.0000000000000000000, 0.0000000000000000000, 1.000000000000000000 ) ) ;
#1144 = CARTESIAN_POINT ( 'NONE',  ( 9.950000000000001066, 0.0000000000000000000, 1.500000000000000000 ) ) ;
#1145 = CARTESIAN_POINT ( 'NONE',  ( 10.18466880685409670, -0.2999999999999999889, -1.500000000000000000 ) ) ;
#1146 = DIRECTION ( 'NONE',  ( 0.0000000000000000000, 0.0000000000000000000, 1.000000000000000000 ) ) ;
#1147 = AXIS2_PLACEMENT_3D ( 'NONE', #386, #1786, #1307 ) ;
#1148 = EDGE_CURVE ( 'NONE', #2850, #1160, #1855, .T. ) ;
#1149 = CARTESIAN_POINT ( 'NONE',  ( 4.949747468305832676, -0.2999999999999999889, -1.500000000000000000 ) ) ;
#1150 = CYLINDRICAL_SURFACE ( 'NONE', #1547, 0.6499999998994603345 ) ;
#1151 = DIRECTION ( 'NONE',  ( 0.0000000000000000000, 0.0000000000000000000, -1.000000000000000000 ) ) ;
#1152 = EDGE_CURVE ( 'NONE', #271, #2952, #512, .T. ) ;
#1153 = ADVANCED_FACE ( 'NONE', ( #1158 ), #1081, .T. ) ;
#1154 = CIRCLE ( 'NONE', #898, 5.000000000000000000 ) ;
#1155 = VECTOR ( 'NONE', #2403, 1000.000000000000000 ) ;
#1156 = CARTESIAN_POINT ( 'NONE',  ( -4.949747468305832676, -0.2999999999999999889, 1.500000000000000000 ) ) ;
#1157 = CARTESIAN_POINT ( 'NONE',  ( -12.54999999958735124, -7.100000017468740765, -5.849999999999999645 ) ) ;
#1158 = FACE_OUTER_BOUND ( 'NONE', #1666, .T. ) ;
#1159 = VECTOR ( 'NONE', #1917, 1000.000000000000000 ) ;
#1160 = VERTEX_POINT ( 'NONE', #152 ) ;
#1161 = CARTESIAN_POINT ( 'NONE',  ( -12.54999999735217742, -2.650000016474134412, 14.99999999999999822 ) ) ;
#1162 = VERTEX_POINT ( 'NONE', #1743 ) ;
#1163 = ORIENTED_EDGE ( 'NONE', *, *, #2331, .F. ) ;
#1164 = VERTEX_POINT ( 'NONE', #370 ) ;
#1165 = VERTEX_POINT ( 'NONE', #1979 ) ;
#1166 = ORIENTED_EDGE ( 'NONE', *, *, #1818, .T. ) ;
#1167 = AXIS2_PLACEMENT_3D ( 'NONE', #2614, #2866, #340 ) ;
#1168 = VERTEX_POINT ( 'NONE', #2921 ) ;
#1169 = DIRECTION ( 'NONE',  ( 0.0000000000000000000, 0.0000000000000000000, -1.000000000000000000 ) ) ;
#1170 = ORIENTED_EDGE ( 'NONE', *, *, #1239, .T. ) ;
#1171 = ADVANCED_FACE ( 'NONE', ( #2031 ), #978, .T. ) ;
#1172 = CARTESIAN_POINT ( 'NONE',  ( 9.849999999999997868, -1.300000000000000044, -24.24999999642371407 ) ) ;
#1173 = EDGE_CURVE ( 'NONE', #1607, #1140, #692, .T. ) ;
#1174 = EDGE_LOOP ( 'NONE', ( #1196, #990 ) ) ;
#1175 = CARTESIAN_POINT ( 'NONE',  ( -9.600000000000001421, 0.0000000000000000000, -23.30000000000000071 ) ) ;
#1176 = AXIS2_PLACEMENT_3D ( 'NONE', #355, #2151, #2613 ) ;
#1177 = CARTESIAN_POINT ( 'NONE',  ( -12.85000000354188998, -1.350000016881537146, -1.734723475976807094E-15 ) ) ;
#1178 = PRODUCT_RELATED_PRODUCT_CATEGORY ( 'detail', '', ( #1472 ) ) ;
#1179 = DIRECTION ( 'NONE',  ( -2.645340988021820671E-26, -1.000000000000000000, -6.877458004804173317E-10 ) ) ;
#1180 = DIRECTION ( 'NONE',  ( 0.0000000000000000000, -1.000000000000000000, 0.0000000000000000000 ) ) ;
#1181 = DIRECTION ( 'NONE',  ( 1.000000000000000000, 6.877458004804173317E-10, 3.846393516578285455E-17 ) ) ;
#1182 = LINE ( 'NONE', #965, #2538 ) ;
#1183 = ADVANCED_FACE ( 'NONE', ( #1792 ), #101, .F. ) ;
#1184 = FACE_BOUND ( 'NONE', #1293, .T. ) ;
#1185 = AXIS2_PLACEMENT_3D ( 'NONE', #1120, #1363, #1613 ) ;
#1186 = EDGE_CURVE ( 'NONE', #2713, #1101, #59, .T. ) ;
#1187 = FACE_OUTER_BOUND ( 'NONE', #460, .T. ) ;
#1188 = FACE_OUTER_BOUND ( 'NONE', #2144, .T. ) ;
#1189 = EDGE_CURVE ( 'NONE', #1092, #2015, #2769, .T. ) ;
#1190 = DIRECTION ( 'NONE',  ( -1.000000000000000000, -6.877455683047577950E-10, -0.0000000000000000000 ) ) ;
#1191 = CARTESIAN_POINT ( 'NONE',  ( -4.949747468305832676, -0.2999999999999999889, -1.500000000000000000 ) ) ;
#1192 = VECTOR ( 'NONE', #401, 1000.000000000000000 ) ;
#1193 = APPROVAL_STATUS ( 'not_yet_approved' ) ;
#1194 = EDGE_LOOP ( 'NONE', ( #1751, #2034 ) ) ;
#1195 = ORIENTED_EDGE ( 'NONE', *, *, #1441, .T. ) ;
#1196 = ORIENTED_EDGE ( 'NONE', *, *, #1040, .F. ) ;
#1197 = VECTOR ( 'NONE', #573, 1000.000000000000000 ) ;
#1198 = CARTESIAN_POINT ( 'NONE',  ( 9.849999999999997868, -0.2999999999999999334, -24.24999999642371407 ) ) ;
#1199 = CYLINDRICAL_SURFACE ( 'NONE', #1447, 0.6499999998994603345 ) ;
#1200 = ADVANCED_FACE ( 'NONE', ( #1089, #1276, #2409, #2329 ), #681, .T. ) ;
#1201 = VERTEX_POINT ( 'NONE', #1809 ) ;
#1202 = DIRECTION ( 'NONE',  ( 0.0000000000000000000, 0.0000000000000000000, 1.000000000000000000 ) ) ;
#1203 = ORIENTED_EDGE ( 'NONE', *, *, #1173, .F. ) ;
#1204 = ORIENTED_EDGE ( 'NONE', *, *, #1355, .T. ) ;
#1205 = VERTEX_POINT ( 'NONE', #2500 ) ;
#1206 = CARTESIAN_POINT ( 'NONE',  ( 12.55000000041264663, -7.100000000206321715, 5.849999999999999645 ) ) ;
#1207 = CARTESIAN_POINT ( 'NONE',  ( -9.950000000000001066, -0.2999999999999999889, -1.500000000000000000 ) ) ;
#1209 = ORIENTED_EDGE ( 'NONE', *, *, #2231, .T. ) ;
#1208 = DIRECTION ( 'NONE',  ( 0.0000000000000000000, 1.000000000000000000, 0.0000000000000000000 ) ) ;
#1210 = AXIS2_PLACEMENT_3D ( 'NONE', #1145, #2748, #1396 ) ;
#1211 = ORIENTED_EDGE ( 'NONE', *, *, #2945, .T. ) ;
#1212 = EDGE_CURVE ( 'NONE', #2822, #1431, #802, .T. ) ;
#1213 = DIRECTION ( 'NONE',  ( 1.000000000000000000, 0.0000000000000000000, 0.0000000000000000000 ) ) ;
#1214 = ORIENTED_EDGE ( 'NONE', *, *, #1025, .F. ) ;
#1215 = DIRECTION ( 'NONE',  ( 0.0000000000000000000, 0.0000000000000000000, 1.000000000000000000 ) ) ;
#1216 = EDGE_CURVE ( 'NONE', #1248, #2598, #1238, .T. ) ;
#1217 = CARTESIAN_POINT ( 'NONE',  ( -9.849999999999997868, -2.063237401441252150E-10, 25.24999999552964525 ) ) ;
#1218 = ADVANCED_FACE ( 'NONE', ( #877 ), #943, .F. ) ;
#1219 = CARTESIAN_POINT ( 'NONE',  ( -12.85000000309485380, -2.000000016780997480, -1.734723475976807094E-15 ) ) ;
#1220 = APPROVAL_STATUS ( 'not_yet_approved' ) ;
#1221 = CARTESIAN_POINT ( 'NONE',  ( 12.54999999690514123, -1.999999999312254140, 0.0000000000000000000 ) ) ;
#1222 = CARTESIAN_POINT ( 'NONE',  ( -12.54999999821185952, -6.499999999999998224, 22.55000000000000071 ) ) ;
#1223 = CIRCLE ( 'NONE', #2624, 0.6499999999999996891 ) ;
#1224 = DIRECTION ( 'NONE',  ( 0.0000000000000000000, -1.000000000000000000, 6.877458004804174351E-10 ) ) ;
#1225 = CARTESIAN_POINT ( 'NONE',  ( 9.560249323367214558, -0.2999999999999999889, -1.319444444444444420 ) ) ;
#1226 = AXIS2_PLACEMENT_3D ( 'NONE', #1139, #2728, #645 ) ;
#1227 = VECTOR ( 'NONE', #1004, 1000.000000000000000 ) ;
#1228 = CARTESIAN_POINT ( 'NONE',  ( -9.849999999999997868, -6.500000000206322071, 25.24999999999999289 ) ) ;
#1229 = CARTESIAN_POINT ( 'NONE',  ( 0.0000000000000000000, 0.0000000000000000000, 0.0000000000000000000 ) ) ;
#1230 = VECTOR ( 'NONE', #2458, 1000.000000000000000 ) ;
#1231 = DIRECTION ( 'NONE',  ( -6.877458005867955503E-10, -1.000000000000000000, 0.0000000000000000000 ) ) ;
#1232 = AXIS2_PLACEMENT_3D ( 'NONE', #646, #2426, #2890 ) ;
#1233 = EDGE_CURVE ( 'NONE', #280, #1607, #553, .T. ) ;
#1234 = CARTESIAN_POINT ( 'NONE',  ( -12.85000000354188998, -1.350000016881537146, -1.734723475976807094E-15 ) ) ;
#1235 = FACE_OUTER_BOUND ( 'NONE', #2958, .T. ) ;
#1236 = DIRECTION ( 'NONE',  ( -1.000000000000000000, -0.0000000000000000000, -0.0000000000000000000 ) ) ;
#1237 = ORIENTED_EDGE ( 'NONE', *, *, #330, .F. ) ;
#1238 = CIRCLE ( 'NONE', #2091, 5.000000000000000000 ) ;
#1239 = EDGE_CURVE ( 'NONE', #2271, #1804, #342, .T. ) ;
#1240 = LINE ( 'NONE', #336, #244 ) ;
#1241 = DIRECTION ( 'NONE',  ( -0.0000000000000000000, 1.000000000000000000, -0.0000000000000000000 ) ) ;
#1242 = CARTESIAN_POINT ( 'NONE',  ( 9.560249323367214558, 0.0000000000000000000, -1.319444444444444420 ) ) ;
#1243 = ORIENTED_EDGE ( 'NONE', *, *, #2904, .F. ) ;
#1244 = ORIENTED_EDGE ( 'NONE', *, *, #1681, .T. ) ;
#1245 = DIRECTION ( 'NONE',  ( -6.877458005867953435E-10, 1.000000000000000000, 0.0000000000000000000 ) ) ;
#1246 = VERTEX_POINT ( 'NONE', #224 ) ;
#1247 = DIRECTION ( 'NONE',  ( 0.0000000000000000000, 0.0000000000000000000, 1.000000000000000000 ) ) ;
#1248 = VERTEX_POINT ( 'NONE', #1826 ) ;
#1249 = ORIENTED_EDGE ( 'NONE', *, *, #1622, .T. ) ;
#1250 = EDGE_LOOP ( 'NONE', ( #2891, #362, #2204, #1107 ) ) ;
#1251 = DIRECTION ( 'NONE',  ( 3.846393516578286071E-17, -0.0000000000000000000, -1.000000000000000000 ) ) ;
#1252 = EDGE_LOOP ( 'NONE', ( #2596, #524, #422, #2744 ) ) ;
#1253 = CARTESIAN_POINT ( 'NONE',  ( -9.085419176710471945, -0.2999999999999999889, -1.500000000000000000 ) ) ;
#1254 = ADVANCED_FACE ( 'NONE', ( #1051 ), #630, .F. ) ;
#1255 = ORIENTED_EDGE ( 'NONE', *, *, #1189, .F. ) ;
#1256 = DIRECTION ( 'NONE',  ( 0.0000000000000000000, 1.000000000000000000, 0.0000000000000000000 ) ) ;
#1257 = DIRECTION ( 'NONE',  ( 1.000000000000000000, 6.877458004804173317E-10, 3.846393516578285455E-17 ) ) ;
#1258 = AXIS2_PLACEMENT_3D ( 'NONE', #2235, #1536, #2442 ) ;
#1259 = EDGE_CURVE ( 'NONE', #26, #1064, #2804, .T. ) ;
#1260 = CARTESIAN_POINT ( 'NONE',  ( 0.0000000000000000000, -0.2999999999999999889, 5.000000000000000000 ) ) ;
#1261 = DIRECTION ( 'NONE',  ( -1.000000000000000000, 0.0000000000000000000, 2.312964637393013079E-15 ) ) ;
#1262 = EDGE_CURVE ( 'NONE', #1572, #817, #1562, .T. ) ;
#1263 = DIRECTION ( 'NONE',  ( 0.0000000000000000000, 1.000000000000000000, 0.0000000000000000000 ) ) ;
#1264 = CARTESIAN_POINT ( 'NONE',  ( 10.59999999999999964, -0.2999999999999999889, 22.30000000000000071 ) ) ;
#1265 = CARTESIAN_POINT ( 'NONE',  ( 12.84999999690514194, -1.999999999105930515, 15.00000000000000000 ) ) ;
#1266 = ORGANIZATION ( 'UNSPECIFIED', 'UNSPECIFIED', '' ) ;
#1267 = CARTESIAN_POINT ( 'NONE',  ( 9.325580516513118923, -0.2999999999999999889, 1.319444444444443976 ) ) ;
#1268 = CIRCLE ( 'NONE', #1698, 1.000000000000000888 ) ;
#1269 = DIRECTION ( 'NONE',  ( 0.0000000000000000000, 1.000000000000000000, 0.0000000000000000000 ) ) ;
#1270 = LINE ( 'NONE', #2021, #684 ) ;
#1271 = DIRECTION ( 'NONE',  ( -0.0000000000000000000, 1.000000000000000000, -0.0000000000000000000 ) ) ;
#1272 = EDGE_CURVE ( 'NONE', #2813, #2739, #2095, .T. ) ;
#1273 = LINE ( 'NONE', #49, #414 ) ;
#1274 = DIRECTION ( 'NONE',  ( 0.0000000000000000000, -1.000000000000000000, 0.0000000000000000000 ) ) ;
#1275 = CARTESIAN_POINT ( 'NONE',  ( 9.850000000000001421, -6.499999999999998224, -22.55000000000000071 ) ) ;
#1276 = FACE_BOUND ( 'NONE', #1174, .T. ) ;
#1277 = DIRECTION ( 'NONE',  ( 0.0000000000000000000, 0.0000000000000000000, 1.000000000000000000 ) ) ;
#1278 = LINE ( 'NONE', #1414, #1820 ) ;
#1279 = DIRECTION ( 'NONE',  ( 0.0000000000000000000, 0.0000000000000000000, 1.000000000000000000 ) ) ;
#1280 = EDGE_CURVE ( 'NONE', #1674, #280, #1707, .T. ) ;
#1281 = ORIENTED_EDGE ( 'NONE', *, *, #1212, .F. ) ;
#1282 = ORIENTED_EDGE ( 'NONE', *, *, #814, .T. ) ;
#1283 = ORIENTED_EDGE ( 'NONE', *, *, #1920, .T. ) ;
#1284 = CYLINDRICAL_SURFACE ( 'NONE', #1295, 0.6499999998994603345 ) ;
#1285 = FACE_OUTER_BOUND ( 'NONE', #1069, .T. ) ;
#1286 = CARTESIAN_POINT ( 'NONE',  ( 9.850000000000001421, -1.299999999105929449, -22.55000000000000071 ) ) ;
#1287 = AXIS2_PLACEMENT_3D ( 'NONE', #801, #1486, #2398 ) ;
#1288 = ORIENTED_EDGE ( 'NONE', *, *, #2885, .T. ) ;
#1289 = ORIENTED_EDGE ( 'NONE', *, *, #435, .F. ) ;
#1290 = PRODUCT_DEFINITION ( 'UNKNOWN', '', #1074, #860 ) ;
#1291 = DIRECTION ( 'NONE',  ( 0.0000000000000000000, -0.0000000000000000000, -1.000000000000000000 ) ) ;
#1292 = ORIENTED_EDGE ( 'NONE', *, *, #2784, .F. ) ;
#1293 = EDGE_LOOP ( 'NONE', ( #2239, #1714, #1501, #523, #185, #347, #742, #2710, #919, #1105, #2639, #945, #2017, #1867, #1495 ) ) ;
#1294 = CARTESIAN_POINT ( 'NONE',  ( -9.850000000000001421, -0.2999999999999999334, -22.55000000000000071 ) ) ;
#1295 = AXIS2_PLACEMENT_3D ( 'NONE', #2643, #1309, #2224 ) ;
#1296 = ORIENTED_EDGE ( 'NONE', *, *, #2116, .T. ) ;
#1297 = DIRECTION ( 'NONE',  ( 0.0000000000000000000, 1.000000000000000000, 0.0000000000000000000 ) ) ;
#1298 = DIRECTION ( 'NONE',  ( -6.877458005867953435E-10, 1.000000000000000000, 0.0000000000000000000 ) ) ;
#1299 = CARTESIAN_POINT ( 'NONE',  ( -9.850000000000001421, -6.499999999999998224, 22.54999999999999716 ) ) ;
#1300 = AXIS2_PLACEMENT_3D ( 'NONE', #1693, #2149, #779 ) ;
#1301 = EDGE_CURVE ( 'NONE', #1205, #1397, #2548, .T. ) ;
#1302 = EDGE_CURVE ( 'NONE', #2818, #311, #268, .T. ) ;
#1303 = DIRECTION ( 'NONE',  ( 0.0000000000000000000, 0.0000000000000000000, -1.000000000000000000 ) ) ;
#1304 = CARTESIAN_POINT ( 'NONE',  ( -9.850000000000001421, -6.499999999999998224, 22.54999999999999716 ) ) ;
#1305 = PERSON_AND_ORGANIZATION ( #1689, #1266 ) ;
#1306 = DIRECTION ( 'NONE',  ( -0.0000000000000000000, 1.000000000000000000, -0.0000000000000000000 ) ) ;
#1307 = DIRECTION ( 'NONE',  ( -6.877458005867953435E-10, 1.000000000000000000, 0.0000000000000000000 ) ) ;
#1308 = CYLINDRICAL_SURFACE ( 'NONE', #1097, 2.999999998211856589 ) ;
#1309 = DIRECTION ( 'NONE',  ( 1.000000000000000000, 6.877458004804173317E-10, 3.846393516578285455E-17 ) ) ;
#1310 = CIRCLE ( 'NONE', #604, 1.299999999999999156 ) ;
#1311 = DIRECTION ( 'NONE',  ( 0.0000000000000000000, 0.0000000000000000000, 1.000000000000000000 ) ) ;
#1312 = CIRCLE ( 'NONE', #2488, 0.2500000000000002220 ) ;
#1313 = CARTESIAN_POINT ( 'NONE',  ( -12.85000000264781939, -2.650000016680457815, 14.99999999999999822 ) ) ;
#1314 = AXIS2_PLACEMENT_3D ( 'NONE', #1299, #839, #1291 ) ;
#1315 = ORIENTED_EDGE ( 'NONE', *, *, #832, .T. ) ;
#1316 = FACE_BOUND ( 'NONE', #2251, .T. ) ;
#1317 = LINE ( 'NONE', #2637, #2207 ) ;
#1318 = ORIENTED_EDGE ( 'NONE', *, *, #1526, .F. ) ;
#1319 = VERTEX_POINT ( 'NONE', #892 ) ;
#1320 = CARTESIAN_POINT ( 'NONE',  ( -9.850000000000001421, -1.299999999105929449, -22.55000000000000071 ) ) ;
#1321 = ORIENTED_EDGE ( 'NONE', *, *, #487, .T. ) ;
#1322 = EDGE_CURVE ( 'NONE', #1160, #1201, #1962, .T. ) ;
#1323 = EDGE_LOOP ( 'NONE', ( #2035, #879, #2311, #1166 ) ) ;
#1324 = ORIENTED_EDGE ( 'NONE', *, *, #2439, .F. ) ;
#1325 = VERTEX_POINT ( 'NONE', #478 ) ;
#1326 = ORIENTED_EDGE ( 'NONE', *, *, #722, .F. ) ;
#1327 = CARTESIAN_POINT ( 'NONE',  ( 9.850000000000008527, -0.2999999999999999334, 24.24999999642371762 ) ) ;
#1328 = ORIENTED_EDGE ( 'NONE', *, *, #2844, .F. ) ;
#1329 = ORIENTED_EDGE ( 'NONE', *, *, #498, .T. ) ;
#1330 = CARTESIAN_POINT ( 'NONE',  ( -10.59999999999999964, -0.2999999999999999889, -1.500000000000000000 ) ) ;
#1331 = DIRECTION ( 'NONE',  ( -6.877458005867953435E-10, 1.000000000000000000, 0.0000000000000000000 ) ) ;
#1332 = AXIS2_PLACEMENT_3D ( 'NONE', #2108, #1404, #1435 ) ;
#1333 = DIRECTION ( 'NONE',  ( -0.0000000000000000000, 1.000000000000000000, -0.0000000000000000000 ) ) ;
#1334 = CARTESIAN_POINT ( 'NONE',  ( 9.850000000000008527, -1.300000000000000044, 24.24999999642371762 ) ) ;
#1335 = EDGE_CURVE ( 'NONE', #706, #1538, #1416, .T. ) ;
#1336 = DIRECTION ( 'NONE',  ( -1.000000000000000000, -6.877455780799758508E-10, -0.0000000000000000000 ) ) ;
#1337 = LINE ( 'NONE', #1663, #2361 ) ;
#1338 = DIRECTION ( 'NONE',  ( 0.0000000000000000000, 1.000000000000000000, 0.0000000000000000000 ) ) ;
#1339 = CARTESIAN_POINT ( 'NONE',  ( -12.85000000354188998, -1.350000016881537146, 14.99999999999999822 ) ) ;
#1340 = LINE ( 'NONE', #33, #48 ) ;
#1341 = CARTESIAN_POINT ( 'NONE',  ( 9.850000000000001421, 0.0000000000000000000, 22.54999999999999716 ) ) ;
#1342 = CIRCLE ( 'NONE', #2566, 1.000000000000000888 ) ;
#1343 = FACE_OUTER_BOUND ( 'NONE', #279, .T. ) ;
#1344 = DIRECTION ( 'NONE',  ( 0.0000000000000000000, 1.000000000000000000, 0.0000000000000000000 ) ) ;
#1345 = VECTOR ( 'NONE', #1952, 1000.000000000000000 ) ;
#1346 = LINE ( 'NONE', #1260, #979 ) ;
#1347 = CARTESIAN_POINT ( 'NONE',  ( 4.949747468305832676, -0.2999999999999999889, 1.500000000000000000 ) ) ;
#1348 = EDGE_LOOP ( 'NONE', ( #610, #2277 ) ) ;
#1349 = ORIENTED_EDGE ( 'NONE', *, *, #1148, .F. ) ;
#1351 = EDGE_LOOP ( 'NONE', ( #744, #2335, #1798, #486 ) ) ;
#1350 = DIRECTION ( 'NONE',  ( -6.877458004804173317E-10, -1.000000000000000000, 2.645340988021820671E-26 ) ) ;
#1352 = CIRCLE ( 'NONE', #1438, 5.000000000000000000 ) ;
#1353 = FACE_OUTER_BOUND ( 'NONE', #454, .T. ) ;
#1354 = AXIS2_PLACEMENT_3D ( 'NONE', #140, #2366, #1476 ) ;
#1355 = EDGE_CURVE ( 'NONE', #2561, #1538, #724, .T. ) ;
#1356 = ORIENTED_EDGE ( 'NONE', *, *, #1136, .F. ) ;
#1357 = EDGE_LOOP ( 'NONE', ( #2250, #2528, #914, #2918 ) ) ;
#1358 = VERTEX_POINT ( 'NONE', #1117 ) ;
#1359 = ORIENTED_EDGE ( 'NONE', *, *, #2177, .F. ) ;
#1360 = EDGE_CURVE ( 'NONE', #2812, #195, #138, .T. ) ;
#1361 = VERTEX_POINT ( 'NONE', #2268 ) ;
#1362 = VERTEX_POINT ( 'NONE', #1091 ) ;
#1363 = DIRECTION ( 'NONE',  ( -0.0000000000000000000, -0.0000000000000000000, 1.000000000000000000 ) ) ;
#1364 = ORIENTED_EDGE ( 'NONE', *, *, #2669, .F. ) ;
#1365 =( GEOMETRIC_REPRESENTATION_CONTEXT ( 3 ) GLOBAL_UNCERTAINTY_ASSIGNED_CONTEXT ( ( #976 ) ) GLOBAL_UNIT_ASSIGNED_CONTEXT ( ( #1956, #816, #2861 ) ) REPRESENTATION_CONTEXT ( 'NONE', 'WORKASPACE' ) );
#1366 = EDGE_CURVE ( 'NONE', #1686, #392, #2696, .T. ) ;
#1367 = DIRECTION ( 'NONE',  ( 0.0000000000000000000, 0.0000000000000000000, 1.000000000000000000 ) ) ;
#1368 = LOCAL_TIME ( 15, 17, 45.00000000000000000, #1586 ) ;
#1369 = DIRECTION ( 'NONE',  ( -0.0000000000000000000, 1.000000000000000000, -0.0000000000000000000 ) ) ;
#1370 = EDGE_CURVE ( 'NONE', #1641, #2561, #875, .T. ) ;
#1371 = LOCAL_TIME ( 15, 17, 45.00000000000000000, #1989 ) ;
#1372 = ADVANCED_FACE ( 'NONE', ( #840 ), #1961, .F. ) ;
#1373 = CARTESIAN_POINT ( 'NONE',  ( -9.600000000000001421, -0.2999999999999999889, 22.30000000000000071 ) ) ;
#1374 = FACE_OUTER_BOUND ( 'NONE', #2714, .T. ) ;
#1375 = DIRECTION ( 'NONE',  ( -0.0000000000000000000, 1.000000000000000000, -0.0000000000000000000 ) ) ;
#1376 = CYLINDRICAL_SURFACE ( 'NONE', #649, 1.000000000000000888 ) ;
#1377 = CARTESIAN_POINT ( 'NONE',  ( 4.949747468305832676, -0.2999999999999999889, 1.500000000000000000 ) ) ;
#1378 = VECTOR ( 'NONE', #1873, 1000.000000000000000 ) ;
#1379 = CARTESIAN_POINT ( 'NONE',  ( 12.54999999552965129, -2.063237401441252150E-10, 22.54999999999999716 ) ) ;
#1380 = ORIENTED_EDGE ( 'NONE', *, *, #2761, .F. ) ;
#1381 = CYLINDRICAL_SURFACE ( 'NONE', #373, 0.6499999998994603345 ) ;
#1382 = FACE_OUTER_BOUND ( 'NONE', #2701, .T. ) ;
#1383 = AXIS2_PLACEMENT_3D ( 'NONE', #896, #439, #2489 ) ;
#1384 = VERTEX_POINT ( 'NONE', #1552 ) ;
#1385 = VERTEX_POINT ( 'NONE', #196 ) ;
#1386 = EDGE_LOOP ( 'NONE', ( #1123, #635, #1243, #421 ) ) ;
#1387 = ORIENTED_EDGE ( 'NONE', *, *, #1825, .T. ) ;
#1388 = ADVANCED_FACE ( 'NONE', ( #2662 ), #2700, .F. ) ;
#1389 = ORIENTED_EDGE ( 'NONE', *, *, #83, .T. ) ;
#1390 = DIRECTION ( 'NONE',  ( 0.0000000000000000000, 0.0000000000000000000, 1.000000000000000000 ) ) ;
#1391 = AXIS2_PLACEMENT_3D ( 'NONE', #902, #886, #434 ) ;
#1392 = VERTEX_POINT ( 'NONE', #1581 ) ;
#1393 = EDGE_CURVE ( 'NONE', #1910, #1165, #267, .T. ) ;
#1394 = ADVANCED_BREP_SHAPE_REPRESENTATION ( 'MS511-10F', ( #368, #2401 ), #1365 ) ;
#1395 = DIRECTION ( 'NONE',  ( 0.0000000000000000000, 1.000000000000000000, 0.0000000000000000000 ) ) ;
#1397 = VERTEX_POINT ( 'NONE', #1339 ) ;
#1396 = DIRECTION ( 'NONE',  ( 0.0000000000000000000, 0.0000000000000000000, 1.000000000000000000 ) ) ;
#1398 = ORIENTED_EDGE ( 'NONE', *, *, #449, .T. ) ;
#1399 = EDGE_CURVE ( 'NONE', #1821, #677, #1012, .T. ) ;
#1400 = EDGE_LOOP ( 'NONE', ( #1981, #82, #637, #813 ) ) ;
#1401 = PLANE ( 'NONE',  #2668 ) ;
#1402 = ADVANCED_FACE ( 'NONE', ( #2295 ), #420, .T. ) ;
#1403 = DIRECTION ( 'NONE',  ( -1.000000000000000000, 0.0000000000000000000, 0.0000000000000000000 ) ) ;
#1404 = DIRECTION ( 'NONE',  ( 1.000000000000000000, 6.877458004804174351E-10, 3.846393516578286071E-17 ) ) ;
#1405 = AXIS2_PLACEMENT_3D ( 'NONE', #334, #2575, #1950 ) ;
#1406 = APPROVAL_PERSON_ORGANIZATION ( #754, #1911, #1688 ) ;
#1407 = EDGE_CURVE ( 'NONE', #1567, #1686, #383, .T. ) ;
#1408 = DIRECTION ( 'NONE',  ( -0.0000000000000000000, -1.000000000000000000, -6.877458004804174351E-10 ) ) ;
#1409 = LINE ( 'NONE', #2768, #1008 ) ;
#1410 = EDGE_CURVE ( 'NONE', #2271, #1937, #2843, .T. ) ;
#1411 = CARTESIAN_POINT ( 'NONE',  ( -12.54999999735217742, -2.650000016474134412, -15.00000000000000178 ) ) ;
#1412 = LINE ( 'NONE', #1313, #52 ) ;
#1413 = LINE ( 'NONE', #1050, #2475 ) ;
#1414 = CARTESIAN_POINT ( 'NONE',  ( -9.600000000000001421, 0.0000000000000000000, 23.30000000000000071 ) ) ;
#1415 = ADVANCED_FACE ( 'NONE', ( #2546 ), #700, .F. ) ;
#1416 = LINE ( 'NONE', #2789, #23 ) ;
#1417 = CIRCLE ( 'NONE', #218, 1.000000000000000888 ) ;
#1418 = ORIENTED_EDGE ( 'NONE', *, *, #135, .F. ) ;
#1419 = ORIENTED_EDGE ( 'NONE', *, *, #1516, .T. ) ;
#1420 = ORIENTED_EDGE ( 'NONE', *, *, #709, .F. ) ;
#1421 = FACE_OUTER_BOUND ( 'NONE', #922, .T. ) ;
#1422 = CYLINDRICAL_SURFACE ( 'NONE', #624, 0.2500000000000002220 ) ;
#1423 = DIRECTION ( 'NONE',  ( 0.0000000000000000000, 8.340016711426962191E-16, -1.000000000000000000 ) ) ;
#1424 = ORIENTED_EDGE ( 'NONE', *, *, #852, .T. ) ;
#1425 = VERTEX_POINT ( 'NONE', #1161 ) ;
#1426 = AXIS2_PLACEMENT_3D ( 'NONE', #228, #678, #1121 ) ;
#1427 = DIRECTION ( 'NONE',  ( -0.0000000000000000000, 1.000000000000000000, -0.0000000000000000000 ) ) ;
#1428 = ORIENTED_EDGE ( 'NONE', *, *, #751, .F. ) ;
#1429 = DIRECTION ( 'NONE',  ( 1.000000000000000000, -0.0000000000000000000, 1.761140584748027424E-16 ) ) ;
#1430 = EDGE_CURVE ( 'NONE', #348, #324, #1887, .T. ) ;
#1431 = VERTEX_POINT ( 'NONE', #2287 ) ;
#1432 = CARTESIAN_POINT ( 'NONE',  ( 12.84999999690514194, -1.999999999105930515, 0.0000000000000000000 ) ) ;
#1433 = ADVANCED_FACE ( 'NONE', ( #2029 ), #800, .F. ) ;
#1434 = AXIS2_PLACEMENT_3D ( 'NONE', #2741, #2280, #2486 ) ;
#1435 = DIRECTION ( 'NONE',  ( -6.877458005867953435E-10, 1.000000000000000000, 0.0000000000000000000 ) ) ;
#1436 = CARTESIAN_POINT ( 'NONE',  ( -12.54999999735217742, -2.650000016474134412, -1.649351843667828632E-15 ) ) ;
#1437 = CARTESIAN_POINT ( 'NONE',  ( -9.325580516513118923, 0.0000000000000000000, 1.319444444444444420 ) ) ;
#1438 = AXIS2_PLACEMENT_3D ( 'NONE', #2895, #581, #167 ) ;
#1439 = CYLINDRICAL_SURFACE ( 'NONE', #1720, 0.2499999999999997780 ) ;
#1440 = AXIS2_PLACEMENT_3D ( 'NONE', #10, #1811, #652 ) ;
#1441 = EDGE_CURVE ( 'NONE', #641, #2302, #2445, .T. ) ;
#1442 = CIRCLE ( 'NONE', #2723, 2.699999998211858543 ) ;
#1443 = CARTESIAN_POINT ( 'NONE',  ( -9.325580516513118923, 0.0000000000000000000, -1.319444444444443976 ) ) ;
#1444 = DIRECTION ( 'NONE',  ( -1.761140584748027424E-16, 6.877458004804174351E-10, 1.000000000000000000 ) ) ;
#1445 = DIRECTION ( 'NONE',  ( 3.846393516578286071E-17, -0.0000000000000000000, -1.000000000000000000 ) ) ;
#1446 = FACE_BOUND ( 'NONE', #1828, .T. ) ;
#1447 = AXIS2_PLACEMENT_3D ( 'NONE', #2547, #2591, #1028 ) ;
#1448 = CARTESIAN_POINT ( 'NONE',  ( -9.085419176710471945, -0.2999999999999999889, -1.500000000000000000 ) ) ;
#1449 = CIRCLE ( 'NONE', #955, 1.699999996423718462 ) ;
#1450 = LINE ( 'NONE', #2178, #239 ) ;
#1451 = ORIENTED_EDGE ( 'NONE', *, *, #2917, .F. ) ;
#1452 = VECTOR ( 'NONE', #2402, 1000.000000000000000 ) ;
#1453 = DIRECTION ( 'NONE',  ( -6.877458005867953435E-10, 1.000000000000000000, 0.0000000000000000000 ) ) ;
#1454 = LINE ( 'NONE', #825, #2706 ) ;
#1455 = CARTESIAN_POINT ( 'NONE',  ( 9.849999999999997868, -6.499999999999998224, -25.54999999999999716 ) ) ;
#1456 = ORIENTED_EDGE ( 'NONE', *, *, #381, .T. ) ;
#1457 = ORIENTED_EDGE ( 'NONE', *, *, #1410, .T. ) ;
#1458 = ORIENTED_EDGE ( 'NONE', *, *, #95, .T. ) ;
#1459 = CARTESIAN_POINT ( 'NONE',  ( -11.54999999642371655, 0.0000000000000000000, -22.54999999999999716 ) ) ;
#1461 = ORIENTED_EDGE ( 'NONE', *, *, #1548, .T. ) ;
#1460 = DIRECTION ( 'NONE',  ( 1.000000000000000000, 0.0000000000000000000, 4.961637056426559850E-17 ) ) ;
#1462 = DIRECTION ( 'NONE',  ( 0.0000000000000000000, 1.000000000000000000, 0.0000000000000000000 ) ) ;
#1463 = ORIENTED_EDGE ( 'NONE', *, *, #1658, .T. ) ;
#1464 = EDGE_CURVE ( 'NONE', #1607, #2898, #1628, .T. ) ;
#1465 = VERTEX_POINT ( 'NONE', #440 ) ;
#1466 = ORIENTED_EDGE ( 'NONE', *, *, #1880, .F. ) ;
#1467 = EDGE_CURVE ( 'NONE', #2069, #1574, #99, .T. ) ;
#1468 = CARTESIAN_POINT ( 'NONE',  ( -9.950000000000001066, -0.2999999999999999889, -1.500000000000000000 ) ) ;
#1469 = CARTESIAN_POINT ( 'NONE',  ( -9.950000000000001066, 0.0000000000000000000, -1.500000000000000000 ) ) ;
#1470 = CARTESIAN_POINT ( 'NONE',  ( 12.84999999999999787, -6.499999999999998224, 22.54999999999999716 ) ) ;
#1471 = DIRECTION ( 'NONE',  ( 6.123233995736766036E-17, -0.0000000000000000000, -1.000000000000000000 ) ) ;
#1472 = PRODUCT ( 'MS511-10F', 'MS511-10F', '', ( #290 ) ) ;
#1473 = DIRECTION ( 'NONE',  ( 1.000000000000000000, 6.877458004804173317E-10, 3.846393516578286071E-17 ) ) ;
#1474 = LINE ( 'NONE', #977, #1623 ) ;
#1475 = DIRECTION ( 'NONE',  ( -1.734723475976805517E-15, 8.673617379884027583E-16, -1.000000000000000000 ) ) ;
#1476 = DIRECTION ( 'NONE',  ( 0.0000000000000000000, 0.0000000000000000000, 1.000000000000000000 ) ) ;
#1477 = AXIS2_PLACEMENT_3D ( 'NONE', #286, #505, #1169 ) ;
#1478 = VECTOR ( 'NONE', #2254, 1000.000000000000000 ) ;
#1479 = DIRECTION ( 'NONE',  ( -6.877458004804174351E-10, 1.000000000000000000, -2.645340988021821819E-26 ) ) ;
#1480 = CIRCLE ( 'NONE', #2416, 0.6499999998994603345 ) ;
#1481 = DIRECTION ( 'NONE',  ( -0.0000000000000000000, 1.000000000000000000, -0.0000000000000000000 ) ) ;
#1482 = DIRECTION ( 'NONE',  ( 1.000000000000000000, 6.877458004804173317E-10, 3.846393516578285455E-17 ) ) ;
#1483 = EDGE_CURVE ( 'NONE', #2070, #641, #1273, .T. ) ;
#1484 = DIRECTION ( 'NONE',  ( -0.0000000000000000000, -6.877458004804174351E-10, 1.000000000000000000 ) ) ;
#1485 = CIRCLE ( 'NONE', #789, 0.2500000000000002220 ) ;
#1486 = DIRECTION ( 'NONE',  ( -0.0000000000000000000, 1.000000000000000000, -0.0000000000000000000 ) ) ;
#1487 = CIRCLE ( 'NONE', #704, 0.6499999998994603345 ) ;
#1488 = AXIS2_PLACEMENT_3D ( 'NONE', #545, #1003, #1475 ) ;
#1489 = CIRCLE ( 'NONE', #310, 2.999999999999995559 ) ;
#1490 = CARTESIAN_POINT ( 'NONE',  ( 9.850000000000001421, -1.299999999105929449, 22.54999999999999716 ) ) ;
#1491 = ADVANCED_FACE ( 'NONE', ( #1088 ), #2092, .F. ) ;
#1492 = EDGE_LOOP ( 'NONE', ( #1124, #2340, #192, #2521 ) ) ;
#1493 = ORIENTED_EDGE ( 'NONE', *, *, #2860, .F. ) ;
#1494 = CARTESIAN_POINT ( 'NONE',  ( 9.950000000000001066, -0.2999999999999999889, 1.500000000000000000 ) ) ;
#1495 = ORIENTED_EDGE ( 'NONE', *, *, #1430, .F. ) ;
#1496 = CARTESIAN_POINT ( 'NONE',  ( 9.849999999999997868, 0.0000000000000000000, -24.24999999642371762 ) ) ;
#1497 = LINE ( 'NONE', #823, #2555 ) ;
#1498 = FACE_OUTER_BOUND ( 'NONE', #667, .T. ) ;
#1499 = VERTEX_POINT ( 'NONE', #1886 ) ;
#1500 = CARTESIAN_POINT ( 'NONE',  ( 9.600000000000001421, -0.2999999999999999889, 23.30000000000000071 ) ) ;
#1501 = ORIENTED_EDGE ( 'NONE', *, *, #528, .F. ) ;
#1502 = ORIENTED_EDGE ( 'NONE', *, *, #2399, .T. ) ;
#1503 = DIRECTION ( 'NONE',  ( 3.846393516578286071E-17, -0.0000000000000000000, 1.000000000000000000 ) ) ;
#1504 = ORIENTED_EDGE ( 'NONE', *, *, #2827, .T. ) ;
#1505 = DIRECTION ( 'NONE',  ( -0.0000000000000000000, 1.000000000000000000, -0.0000000000000000000 ) ) ;
#1506 = CARTESIAN_POINT ( 'NONE',  ( -9.850000000000001421, -6.499999999999998224, -22.55000000000000071 ) ) ;
#1507 = ORIENTED_EDGE ( 'NONE', *, *, #1186, .F. ) ;
#1508 = CARTESIAN_POINT ( 'NONE',  ( 4.714045207910317004, -0.2999999999999999889, -1.666666666666666963 ) ) ;
#1509 = DIRECTION ( 'NONE',  ( 1.000000000000000000, 0.0000000000000000000, -0.0000000000000000000 ) ) ;
#1510 = AXIS2_PLACEMENT_3D ( 'NONE', #1749, #827, #836 ) ;
#1511 = EDGE_CURVE ( 'NONE', #628, #80, #2733, .T. ) ;
#1512 = DIRECTION ( 'NONE',  ( -0.0000000000000000000, -0.0000000000000000000, 1.000000000000000000 ) ) ;
#1513 = CARTESIAN_POINT ( 'NONE',  ( -9.085419176710471945, -0.2999999999999999889, 1.500000000000000000 ) ) ;
#1514 = ADVANCED_FACE ( 'NONE', ( #134 ), #2234, .T. ) ;
#1515 = CARTESIAN_POINT ( 'NONE',  ( -9.850000000000001421, -1.299999999105929449, 22.54999999999999716 ) ) ;
#1516 = EDGE_CURVE ( 'NONE', #1164, #2274, #1485, .T. ) ;
#1517 = CARTESIAN_POINT ( 'NONE',  ( 4.949747468305833564, -0.2999999999999999889, -1.750000000000000222 ) ) ;
#1518 = DIRECTION ( 'NONE',  ( 0.0000000000000000000, 1.000000000000000000, 0.0000000000000000000 ) ) ;
#1519 = CARTESIAN_POINT ( 'NONE',  ( 9.850000000000001421, -0.2999999999999999889, -22.55000000000000071 ) ) ;
#1520 = DIRECTION ( 'NONE',  ( -1.819321567025722306E-35, 2.645340988021821819E-26, 1.000000000000000000 ) ) ;
#1521 = CIRCLE ( 'NONE', #2313, 2.999999996423717619 ) ;
#1522 = DIRECTION ( 'NONE',  ( 1.000000000000000000, 6.877455780799758508E-10, 0.0000000000000000000 ) ) ;
#1523 = FACE_OUTER_BOUND ( 'NONE', #1250, .T. ) ;
#1524 = CARTESIAN_POINT ( 'NONE',  ( 0.0000000000000000000, -0.2999999999999999889, 0.0000000000000000000 ) ) ;
#1525 = AXIS2_PLACEMENT_3D ( 'NONE', #1112, #2718, #1833 ) ;
#1526 = EDGE_CURVE ( 'NONE', #669, #2856, #655, .T. ) ;
#1527 = CIRCLE ( 'NONE', #1784, 1.000000000000000888 ) ;
#1528 = CIRCLE ( 'NONE', #1806, 0.6499999998994601125 ) ;
#1529 = EDGE_CURVE ( 'NONE', #1943, #2001, #1999, .T. ) ;
#1530 = ORIENTED_EDGE ( 'NONE', *, *, #2900, .T. ) ;
#1531 = VECTOR ( 'NONE', #1985, 1000.000000000000000 ) ;
#1532 = CIRCLE ( 'NONE', #53, 1.699999996423715132 ) ;
#1533 = DIRECTION ( 'NONE',  ( -0.0000000000000000000, 1.000000000000000000, -0.0000000000000000000 ) ) ;
#1534 = EDGE_LOOP ( 'NONE', ( #213, #2892, #2308, #1135 ) ) ;
#1535 = ORIENTED_EDGE ( 'NONE', *, *, #12, .F. ) ;
#1537 = ORIENTED_EDGE ( 'NONE', *, *, #399, .F. ) ;
#1536 = DIRECTION ( 'NONE',  ( 1.000000000000000000, -0.0000000000000000000, -1.324601230144360997E-15 ) ) ;
#1538 = VERTEX_POINT ( 'NONE', #1437 ) ;
#1539 = CC_DESIGN_DATE_AND_TIME_ASSIGNMENT ( #2868, #43, ( #874 ) ) ;
#1540 = DIRECTION ( 'NONE',  ( 0.0000000000000000000, 0.0000000000000000000, 1.000000000000000000 ) ) ;
#1541 = VERTEX_POINT ( 'NONE', #81 ) ;
#1542 = ORIENTED_EDGE ( 'NONE', *, *, #1148, .T. ) ;
#1543 = AXIS2_PLACEMENT_3D ( 'NONE', #1221, #2825, #1453 ) ;
#1544 = ORIENTED_EDGE ( 'NONE', *, *, #709, .T. ) ;
#1545 = CARTESIAN_POINT ( 'NONE',  ( -4.949747468305832676, 0.0000000000000000000, -1.500000000000000000 ) ) ;
#1546 = CARTESIAN_POINT ( 'NONE',  ( -12.84999999999999609, -6.500000017675064079, -6.850000000000000533 ) ) ;
#1547 = AXIS2_PLACEMENT_3D ( 'NONE', #2051, #2933, #876 ) ;
#1548 = EDGE_CURVE ( 'NONE', #673, #1385, #339, .T. ) ;
#1549 = DIRECTION ( 'NONE',  ( -1.000000000000000000, 6.877458004804174351E-10, 0.0000000000000000000 ) ) ;
#1550 = EDGE_CURVE ( 'NONE', #2015, #2923, #626, .T. ) ;
#1551 = DIRECTION ( 'NONE',  ( -0.0000000000000000000, -0.0000000000000000000, 1.000000000000000000 ) ) ;
#1552 = CARTESIAN_POINT ( 'NONE',  ( 12.84999999735217813, -2.649999999005391071, -6.723678905415954158E-16 ) ) ;
#1553 = DIRECTION ( 'NONE',  ( 0.0000000000000000000, 1.000000000000000000, 0.0000000000000000000 ) ) ;
#1554 = FACE_OUTER_BOUND ( 'NONE', #2100, .T. ) ;
#1555 = FACE_OUTER_BOUND ( 'NONE', #2677, .T. ) ;
#1556 = FACE_OUTER_BOUND ( 'NONE', #2592, .T. ) ;
#1557 = DIRECTION ( 'NONE',  ( -0.0000000000000000000, 1.000000000000000000, -0.0000000000000000000 ) ) ;
#1558 = CYLINDRICAL_SURFACE ( 'NONE', #89, 1.000000000000000888 ) ;
#1559 = CARTESIAN_POINT ( 'NONE',  ( -10.59999999999999964, -0.2999999999999999889, -1.500000000000000000 ) ) ;
#1560 = AXIS2_PLACEMENT_3D ( 'NONE', #1914, #2581, #2364 ) ;
#1561 = EDGE_CURVE ( 'NONE', #1362, #1775, #1527, .T. ) ;
#1562 = CIRCLE ( 'NONE', #2291, 2.999999996423721171 ) ;
#1563 = CYLINDRICAL_SURFACE ( 'NONE', #407, 0.6499999999999995781 ) ;
#1564 = VERTEX_POINT ( 'NONE', #2855 ) ;
#1565 = ORIENTED_EDGE ( 'NONE', *, *, #2625, .T. ) ;
#1566 = CARTESIAN_POINT ( 'NONE',  ( -12.85000000309485380, -2.000000016780997480, 14.99999999999999822 ) ) ;
#1567 = VERTEX_POINT ( 'NONE', #508 ) ;
#1568 = LINE ( 'NONE', #788, #1197 ) ;
#1569 = EDGE_CURVE ( 'NONE', #1574, #1064, #1413, .T. ) ;
#1570 = CARTESIAN_POINT ( 'NONE',  ( -11.54999999642371655, -1.300000000000000044, -22.54999999999999716 ) ) ;
#1571 = FACE_OUTER_BOUND ( 'NONE', #595, .T. ) ;
#1572 = VERTEX_POINT ( 'NONE', #616 ) ;
#1573 = CARTESIAN_POINT ( 'NONE',  ( 11.54999999642372011, -1.300000000000000044, -22.55000000000000426 ) ) ;
#1574 = VERTEX_POINT ( 'NONE', #2226 ) ;
#1575 = VERTEX_POINT ( 'NONE', #2408 ) ;
#1576 = CARTESIAN_POINT ( 'NONE',  ( -12.84999999999999609, -6.500000017675064079, -5.849999999999999645 ) ) ;
#1577 = ORIENTED_EDGE ( 'NONE', *, *, #381, .F. ) ;
#1578 = ORIENTED_EDGE ( 'NONE', *, *, #2787, .T. ) ;
#1579 = ORIENTED_EDGE ( 'NONE', *, *, #2182, .F. ) ;
#1580 = AXIS2_PLACEMENT_3D ( 'NONE', #908, #1132, #2 ) ;
#1581 = CARTESIAN_POINT ( 'NONE',  ( 10.18466880685409670, 0.0000000000000000000, -0.8500000000000003109 ) ) ;
#1582 = DIRECTION ( 'NONE',  ( 1.000000000000000000, 6.877458004804173317E-10, 3.846393516578285455E-17 ) ) ;
#1583 = CARTESIAN_POINT ( 'NONE',  ( 9.850000000000001421, -6.499999999999998224, 22.54999999999999716 ) ) ;
#1584 = EDGE_CURVE ( 'NONE', #1392, #80, #905, .T. ) ;
#1585 = CARTESIAN_POINT ( 'NONE',  ( 0.0000000000000000000, 0.0000000000000000000, 0.0000000000000000000 ) ) ;
#1586 = COORDINATED_UNIVERSAL_TIME_OFFSET ( 2, 0, .AHEAD. ) ;
#1587 = DIRECTION ( 'NONE',  ( 0.0000000000000000000, 0.0000000000000000000, 1.000000000000000000 ) ) ;
#1588 = DIRECTION ( 'NONE',  ( -6.877458005867953435E-10, 1.000000000000000000, 0.0000000000000000000 ) ) ;
#1589 = LINE ( 'NONE', #253, #2122 ) ;
#1590 = DIRECTION ( 'NONE',  ( -1.000000000000000000, 0.0000000000000000000, 0.0000000000000000000 ) ) ;
#1591 = FACE_OUTER_BOUND ( 'NONE', #2300, .T. ) ;
#1592 = FACE_BOUND ( 'NONE', #946, .T. ) ;
#1593 = AXIS2_PLACEMENT_3D ( 'NONE', #2324, #2360, #54 ) ;
#1594 = VECTOR ( 'NONE', #2045, 1000.000000000000000 ) ;
#1595 = FACE_OUTER_BOUND ( 'NONE', #1351, .T. ) ;
#1596 = CARTESIAN_POINT ( 'NONE',  ( 11.54999999642372188, -1.300000000000000044, -22.55000000000000426 ) ) ;
#1597 = DIRECTION ( 'NONE',  ( 0.0000000000000000000, -1.000000000000000000, 0.0000000000000000000 ) ) ;
#1598 = ORIENTED_EDGE ( 'NONE', *, *, #1977, .T. ) ;
#1599 = ADVANCED_FACE ( 'NONE', ( #2129 ), #551, .F. ) ;
#1600 = CARTESIAN_POINT ( 'NONE',  ( 12.84999999552965022, 0.0000000000000000000, -22.55000000000000426 ) ) ;
#1601 = CIRCLE ( 'NONE', #555, 0.6499999998994601125 ) ;
#1602 = CYLINDRICAL_SURFACE ( 'NONE', #2220, 0.6499999998994603345 ) ;
#1603 = EDGE_CURVE ( 'NONE', #2269, #2006, #303, .T. ) ;
#1604 = EDGE_LOOP ( 'NONE', ( #400, #885, #2243, #952 ) ) ;
#1605 = ORIENTED_EDGE ( 'NONE', *, *, #1055, .F. ) ;
#1606 = EDGE_LOOP ( 'NONE', ( #1021, #1761, #84, #995 ) ) ;
#1607 = VERTEX_POINT ( 'NONE', #1047 ) ;
#1608 = ORIENTED_EDGE ( 'NONE', *, *, #2529, .T. ) ;
#1609 = ORIENTED_EDGE ( 'NONE', *, *, #1467, .T. ) ;
#1610 = DIRECTION ( 'NONE',  ( 1.000000000000000000, -0.0000000000000000000, -3.846393516578286071E-17 ) ) ;
#1611 = ORIENTED_EDGE ( 'NONE', *, *, #1430, .T. ) ;
#1612 = VERTEX_POINT ( 'NONE', #150 ) ;
#1613 = DIRECTION ( 'NONE',  ( 1.000000000000000000, 0.0000000000000000000, 0.0000000000000000000 ) ) ;
#1614 = ORIENTED_EDGE ( 'NONE', *, *, #620, .T. ) ;
#1615 = DIRECTION ( 'NONE',  ( 1.000000000000000000, -0.0000000000000000000, 1.761140584748027424E-16 ) ) ;
#1616 = CLOSED_SHELL ( 'NONE', ( #749, #969, #1372, #2136, #2283, #715, #942, #1491, #495, #482, #22, #289, #2499, #933, #2535, #1599, #1671, #51, #104, #2089, #260, #958, #2318, #1618, #2750, #2327, #1655, #1848, #302, #2563, #1724, #1254, #2609, #506, #2791, #1838, #2828, #40, #1183, #1626, #703, #541, #1388, #1926, #2290, #679, #1402, #2362, #2778, #252, #2730, #87, #1877, #458, #2120, #2803, #793, #1142, #1005, #918, #1218, #1889, #1433, #2081, #1691, #1514, #762, #469, #1644, #277, #556, #1944, #2589, #2351, #901, #1153, #2759, #2050, #1171, #1200, #2303, #354, #2542, #9, #2514, #993, #332, #78, #1415, #2383, #734, #1703, #686 ) ) ;
#1617 = CARTESIAN_POINT ( 'NONE',  ( -9.600000000000001421, -0.2999999999999999889, 23.30000000000000071 ) ) ;
#1618 = ADVANCED_FACE ( 'NONE', ( #2060 ), #591, .F. ) ;
#1619 = CARTESIAN_POINT ( 'NONE',  ( 12.84999999642372259, -1.299999999105929449, -22.55000000000000426 ) ) ;
#1620 = AXIS2_PLACEMENT_3D ( 'NONE', #1566, #2903, #1109 ) ;
#1621 = CARTESIAN_POINT ( 'NONE',  ( -4.949747468305833564, 0.0000000000000000000, 1.749999999999999778 ) ) ;
#1622 = EDGE_CURVE ( 'NONE', #2418, #2379, #2582, .T. ) ;
#1623 = VECTOR ( 'NONE', #2345, 1000.000000000000000 ) ;
#1624 = CYLINDRICAL_SURFACE ( 'NONE', #675, 0.2500000000000002220 ) ;
#1625 = DIRECTION ( 'NONE',  ( -0.0000000000000000000, 1.000000000000000000, -0.0000000000000000000 ) ) ;
#1626 = ADVANCED_FACE ( 'NONE', ( #209 ), #2438, .F. ) ;
#1627 = LINE ( 'NONE', #587, #2405 ) ;
#1628 = LINE ( 'NONE', #6, #479 ) ;
#1629 = CARTESIAN_POINT ( 'NONE',  ( 12.54999999642372011, -1.299999999312253518, 22.54999999999999716 ) ) ;
#1630 = VECTOR ( 'NONE', #1518, 1000.000000000000000 ) ;
#1631 = LINE ( 'NONE', #2910, #2131 ) ;
#1632 = AXIS2_PLACEMENT_3D ( 'NONE', #2597, #1032, #2834 ) ;
#1633 = ORIENTED_EDGE ( 'NONE', *, *, #2263, .F. ) ;
#1634 = EDGE_LOOP ( 'NONE', ( #1315, #1871, #61, #385 ) ) ;
#1635 = ORIENTED_EDGE ( 'NONE', *, *, #1876, .T. ) ;
#1636 = CARTESIAN_POINT ( 'NONE',  ( -12.54999999958735124, -7.100000017468740765, -5.849999999999999645 ) ) ;
#1637 = ORIENTED_EDGE ( 'NONE', *, *, #1483, .T. ) ;
#1638 = DIRECTION ( 'NONE',  ( -6.877458005867953435E-10, 1.000000000000000000, 0.0000000000000000000 ) ) ;
#1639 = VERTEX_POINT ( 'NONE', #168 ) ;
#1640 = EDGE_CURVE ( 'NONE', #1397, #1205, #763, .T. ) ;
#1641 = VERTEX_POINT ( 'NONE', #1513 ) ;
#1643 = ORIENTED_EDGE ( 'NONE', *, *, #1569, .T. ) ;
#1642 = DIRECTION ( 'NONE',  ( -6.877458004804174351E-10, -1.000000000000000000, 0.0000000000000000000 ) ) ;
#1644 = ADVANCED_FACE ( 'NONE', ( #177 ), #2165, .T. ) ;
#1645 = EDGE_CURVE ( 'NONE', #1465, #64, #939, .T. ) ;
#1646 = ORIENTED_EDGE ( 'NONE', *, *, #2294, .F. ) ;
#1647 = EDGE_LOOP ( 'NONE', ( #2552, #992, #928, #2532 ) ) ;
#1648 = CARTESIAN_POINT ( 'NONE',  ( -9.849999999999997868, -6.499999999999998224, 25.54999999999999716 ) ) ;
#1649 = DIRECTION ( 'NONE',  ( -0.0000000000000000000, 1.000000000000000000, -0.0000000000000000000 ) ) ;
#1650 = DIRECTION ( 'NONE',  ( -6.877458005867953435E-10, 1.000000000000000000, 0.0000000000000000000 ) ) ;
#1651 = CARTESIAN_POINT ( 'NONE',  ( 9.850000000000001421, -0.2999999999999999889, 22.54999999999999716 ) ) ;
#1652 = APPROVAL_STATUS ( 'not_yet_approved' ) ;
#1653 = AXIS2_PLACEMENT_3D ( 'NONE', #612, #866, #1987 ) ;
#1654 = EDGE_CURVE ( 'NONE', #1541, #1803, #1312, .T. ) ;
#1655 = ADVANCED_FACE ( 'NONE', ( #2511 ), #636, .F. ) ;
#1656 = CARTESIAN_POINT ( 'NONE',  ( -12.84999999999999787, -6.499999999999998224, 22.55000000000000426 ) ) ;
#1657 = CYLINDRICAL_SURFACE ( 'NONE', #974, 1.299999999999999156 ) ;
#1658 = EDGE_CURVE ( 'NONE', #1574, #1361, #2912, .T. ) ;
#1659 = DIRECTION ( 'NONE',  ( -6.877458005867953435E-10, 1.000000000000000000, 0.0000000000000000000 ) ) ;
#1660 = CYLINDRICAL_SURFACE ( 'NONE', #2176, 0.6499999998994603345 ) ;
#1661 = VECTOR ( 'NONE', #188, 1000.000000000000000 ) ;
#1662 = DIRECTION ( 'NONE',  ( 1.000000000000000000, 0.0000000000000000000, 0.0000000000000000000 ) ) ;
#1663 = CARTESIAN_POINT ( 'NONE',  ( 12.55000000041264663, -7.100000000206321715, 5.849999999999999645 ) ) ;
#1664 = LINE ( 'NONE', #366, #447 ) ;
#1665 = LINE ( 'NONE', #1106, #2916 ) ;
#1666 = EDGE_LOOP ( 'NONE', ( #2077, #2746, #1577, #2560 ) ) ;
#1667 = EDGE_LOOP ( 'NONE', ( #2447, #2072, #1839, #2213 ) ) ;
#1668 = CIRCLE ( 'NONE', #44, 2.699999998211854990 ) ;
#1669 = LINE ( 'NONE', #1024, #693 ) ;
#1670 = CARTESIAN_POINT ( 'NONE',  ( -10.59999999999999964, 0.0000000000000000000, 1.499999999999999778 ) ) ;
#1671 = ADVANCED_FACE ( 'NONE', ( #1343 ), #2590, .F. ) ;
#1672 = ORIENTED_EDGE ( 'NONE', *, *, #1410, .F. ) ;
#1673 = DIRECTION ( 'NONE',  ( 0.0000000000000000000, 1.000000000000000000, 0.0000000000000000000 ) ) ;
#1674 = VERTEX_POINT ( 'NONE', #907 ) ;
#1675 = VERTEX_POINT ( 'NONE', #798 ) ;
#1676 = AXIS2_PLACEMENT_3D ( 'NONE', #7, #2066, #2510 ) ;
#1677 = ORIENTED_EDGE ( 'NONE', *, *, #1808, .T. ) ;
#1678 = DIRECTION ( 'NONE',  ( -0.0000000000000000000, 1.000000000000000000, -0.0000000000000000000 ) ) ;
#1679 = ORIENTED_EDGE ( 'NONE', *, *, #1954, .T. ) ;
#1680 = CARTESIAN_POINT ( 'NONE',  ( -4.949747468305833564, -0.2999999999999999889, 1.749999999999999778 ) ) ;
#1681 = EDGE_CURVE ( 'NONE', #1384, #1201, #2368, .T. ) ;
#1682 = ORIENTED_EDGE ( 'NONE', *, *, #1945, .T. ) ;
#1683 = DIRECTION ( 'NONE',  ( 2.645340988021820671E-26, -1.000000000000000000, 6.877458004804173317E-10 ) ) ;
#1684 = VERTEX_POINT ( 'NONE', #2503 ) ;
#1685 = DIRECTION ( 'NONE',  ( -1.000000000000000000, -0.0000000000000000000, 3.846393516578286071E-17 ) ) ;
#1686 = VERTEX_POINT ( 'NONE', #2432 ) ;
#1687 = DIRECTION ( 'NONE',  ( 1.000000000000000000, 1.211217041216082564E-25, 1.761140584748027424E-16 ) ) ;
#1688 = APPROVAL_ROLE ( '' ) ;
#1689 = PERSON ( 'UNSPECIFIED', 'UNSPECIFIED', 'UNSPECIFIED', ('UNSPECIFIED'), ('UNSPECIFIED'), ('UNSPECIFIED') ) ;
#1690 = DIRECTION ( 'NONE',  ( 0.0000000000000000000, 1.000000000000000000, 0.0000000000000000000 ) ) ;
#1691 = ADVANCED_FACE ( 'NONE', ( #1235 ), #1558, .F. ) ;
#1692 = DIRECTION ( 'NONE',  ( -9.466829424139003825E-26, -1.000000000000000000, 6.877458004804173317E-10 ) ) ;
#1693 = CARTESIAN_POINT ( 'NONE',  ( -11.54999999642372011, -1.300000000000000044, 22.55000000000000426 ) ) ;
#1694 = AXIS2_PLACEMENT_3D ( 'NONE', #178, #1762, #1790 ) ;
#1695 = DIRECTION ( 'NONE',  ( 0.0000000000000000000, 0.0000000000000000000, 1.000000000000000000 ) ) ;
#1696 = PERSON_AND_ORGANIZATION ( #1689, #1266 ) ;
#1697 = DIRECTION ( 'NONE',  ( -6.877458005867953435E-10, 1.000000000000000000, 0.0000000000000000000 ) ) ;
#1698 = AXIS2_PLACEMENT_3D ( 'NONE', #894, #2745, #674 ) ;
#1699 = EDGE_CURVE ( 'NONE', #673, #324, #1787, .T. ) ;
#1700 = VECTOR ( 'NONE', #2913, 1000.000000000000000 ) ;
#1701 = LINE ( 'NONE', #2296, #687 ) ;
#1702 = EDGE_CURVE ( 'NONE', #739, #1757, #1449, .T. ) ;
#1703 = ADVANCED_FACE ( 'NONE', ( #2694 ), #1036, .F. ) ;
#1704 = LINE ( 'NONE', #796, #1119 ) ;
#1705 = DIRECTION ( 'NONE',  ( -6.877458005867953435E-10, 1.000000000000000000, 0.0000000000000000000 ) ) ;
#1706 = CARTESIAN_POINT ( 'NONE',  ( 12.84999999645810753, -1.349999999206470180, -15.00000000000000000 ) ) ;
#1707 = LINE ( 'NONE', #2264, #2372 ) ;
#1708 = DIRECTION ( 'NONE',  ( 0.0000000000000000000, -1.000000000000000000, -6.877458004804174351E-10 ) ) ;
#1709 = FACE_OUTER_BOUND ( 'NONE', #2924, .T. ) ;
#1710 = ORIENTED_EDGE ( 'NONE', *, *, #181, .T. ) ;
#1711 = CARTESIAN_POINT ( 'NONE',  ( -9.600000000000001421, -0.2999999999999999889, -23.30000000000000071 ) ) ;
#1712 = EDGE_LOOP ( 'NONE', ( #1710, #37 ) ) ;
#1713 = VERTEX_POINT ( 'NONE', #1719 ) ;
#1714 = ORIENTED_EDGE ( 'NONE', *, *, #1399, .F. ) ;
#1715 = CARTESIAN_POINT ( 'NONE',  ( 10.59999999999999964, -0.2999999999999999889, 22.30000000000000071 ) ) ;
#1717 = EDGE_LOOP ( 'NONE', ( #2781, #1255, #1764, #2702 ) ) ;
#1716 = CARTESIAN_POINT ( 'NONE',  ( 12.54999999690514123, -1.999999999312254140, 15.00000000000000000 ) ) ;
#1718 = CARTESIAN_POINT ( 'NONE',  ( -12.54999999999999893, -6.500000017468740232, -5.849999999999999645 ) ) ;
#1719 = CARTESIAN_POINT ( 'NONE',  ( -12.54999999999999893, -6.500000017468740232, -6.850000000000000533 ) ) ;
#1720 = AXIS2_PLACEMENT_3D ( 'NONE', #1680, #994, #1202 ) ;
#1721 = ORIENTED_EDGE ( 'NONE', *, *, #1584, .T. ) ;
#1722 = EDGE_CURVE ( 'NONE', #2069, #1686, #1704, .T. ) ;
#1723 = DIRECTION ( 'NONE',  ( 0.0000000000000000000, 0.0000000000000000000, 1.000000000000000000 ) ) ;
#1724 = ADVANCED_FACE ( 'NONE', ( #1996 ), #1014, .F. ) ;
#1725 = ORIENTED_EDGE ( 'NONE', *, *, #1858, .T. ) ;
#1726 = ORIENTED_EDGE ( 'NONE', *, *, #1894, .T. ) ;
#1727 = EDGE_CURVE ( 'NONE', #2598, #251, #1154, .T. ) ;
#1728 = DIRECTION ( 'NONE',  ( 0.0000000000000000000, 1.000000000000000000, 0.0000000000000000000 ) ) ;
#1729 = CARTESIAN_POINT ( 'NONE',  ( 12.84999999690514194, -1.999999999105930515, -15.00000000000000000 ) ) ;
#1730 = DIRECTION ( 'NONE',  ( -6.877458005867953435E-10, 1.000000000000000000, 0.0000000000000000000 ) ) ;
#1731 = PERSON_AND_ORGANIZATION ( #1689, #1266 ) ;
#1732 = DIRECTION ( 'NONE',  ( -6.877458005867955503E-10, -1.000000000000000000, 0.0000000000000000000 ) ) ;
#1733 = DIRECTION ( 'NONE',  ( 0.0000000000000000000, 1.000000000000000000, 0.0000000000000000000 ) ) ;
#1734 = AXIS2_PLACEMENT_3D ( 'NONE', #21, #2288, #917 ) ;
#1735 = LINE ( 'NONE', #959, #2160 ) ;
#1736 = EDGE_CURVE ( 'NONE', #1064, #1575, #2443, .T. ) ;
#1737 = CARTESIAN_POINT ( 'NONE',  ( -12.84999999958735017, -7.100000017675063724, -5.849999999999999645 ) ) ;
#1738 = CARTESIAN_POINT ( 'NONE',  ( -9.600000000000001421, -0.2999999999999999889, 23.30000000000000071 ) ) ;
#1739 = LINE ( 'NONE', #535, #1958 ) ;
#1740 = DIRECTION ( 'NONE',  ( -0.0000000000000000000, 1.000000000000000000, -0.0000000000000000000 ) ) ;
#1741 = DIRECTION ( 'NONE',  ( -6.877458005867953435E-10, 1.000000000000000000, 0.0000000000000000000 ) ) ;
#1742 = EDGE_CURVE ( 'NONE', #1165, #2069, #2659, .T. ) ;
#1743 = CARTESIAN_POINT ( 'NONE',  ( -12.54999999645810860, -1.350000016675213521, 14.99999999999999822 ) ) ;
#1744 = CARTESIAN_POINT ( 'NONE',  ( -10.59999999999999964, -0.2999999999999999889, -1.500000000000000000 ) ) ;
#1745 = CIRCLE ( 'NONE', #241, 0.6499999998994603345 ) ;
#1746 = DIRECTION ( 'NONE',  ( 0.0000000000000000000, 0.0000000000000000000, -1.000000000000000000 ) ) ;
#1747 = VECTOR ( 'NONE', #1126, 1000.000000000000000 ) ;
#1748 = VECTOR ( 'NONE', #1338, 1000.000000000000000 ) ;
#1749 = CARTESIAN_POINT ( 'NONE',  ( 9.850000000000001421, -6.499999999999998224, 22.54999999999999716 ) ) ;
#1750 = ORIENTED_EDGE ( 'NONE', *, *, #1681, .F. ) ;
#1751 = ORIENTED_EDGE ( 'NONE', *, *, #1640, .T. ) ;
#1752 = CARTESIAN_POINT ( 'NONE',  ( -9.849999999999994316, 0.0000000000000000000, 24.24999999642371407 ) ) ;
#1753 = ORIENTED_EDGE ( 'NONE', *, *, #1366, .T. ) ;
#1754 = CARTESIAN_POINT ( 'NONE',  ( -4.949747468305833564, 0.0000000000000000000, -1.749999999999999778 ) ) ;
#1755 = LINE ( 'NONE', #963, #882 ) ;
#1756 = LINE ( 'NONE', #1947, #147 ) ;
#1757 = VERTEX_POINT ( 'NONE', #326 ) ;
#1758 = ORIENTED_EDGE ( 'NONE', *, *, #1055, .T. ) ;
#1759 = CARTESIAN_POINT ( 'NONE',  ( -12.84999999958735017, -7.100000017675063724, -6.850000000000000533 ) ) ;
#1760 = CARTESIAN_POINT ( 'NONE',  ( 9.600000000000001421, -0.2999999999999999889, -22.30000000000000071 ) ) ;
#1761 = ORIENTED_EDGE ( 'NONE', *, *, #36, .F. ) ;
#1762 = DIRECTION ( 'NONE',  ( 1.000000000000000000, 6.877458004804174351E-10, 3.846393516578286071E-17 ) ) ;
#1763 = ORIENTED_EDGE ( 'NONE', *, *, #95, .F. ) ;
#1764 = ORIENTED_EDGE ( 'NONE', *, *, #361, .T. ) ;
#1765 = ORIENTED_EDGE ( 'NONE', *, *, #1025, .T. ) ;
#1766 = AXIS2_PLACEMENT_3D ( 'NONE', #1651, #2113, #1938 ) ;
#1767 = CARTESIAN_POINT ( 'NONE',  ( -9.600000000000001421, 0.0000000000000000000, 22.30000000000000071 ) ) ;
#1768 = DIRECTION ( 'NONE',  ( 0.0000000000000000000, 1.000000000000000000, 0.0000000000000000000 ) ) ;
#1769 = ORIENTED_EDGE ( 'NONE', *, *, #229, .F. ) ;
#1770 = CARTESIAN_POINT ( 'NONE',  ( 9.850000000000004974, -1.299999999312253296, 25.24999999642372117 ) ) ;
#1771 = VERTEX_POINT ( 'NONE', #1706 ) ;
#1772 = CARTESIAN_POINT ( 'NONE',  ( -12.84999999552965022, 0.0000000000000000000, -22.54999999999999716 ) ) ;
#1773 = AXIS2_PLACEMENT_3D ( 'NONE', #2610, #121, #2328 ) ;
#1774 = EDGE_CURVE ( 'NONE', #1859, #1771, #2326, .T. ) ;
#1775 = VERTEX_POINT ( 'NONE', #2385 ) ;
#1776 = CARTESIAN_POINT ( 'NONE',  ( -4.949747468305833564, -0.2999999999999999889, -1.749999999999999778 ) ) ;
#1777 = AXIS2_PLACEMENT_3D ( 'NONE', #2380, #1932, #534 ) ;
#1778 = CARTESIAN_POINT ( 'NONE',  ( -9.950000000000001066, -0.2999999999999999889, -1.500000000000000000 ) ) ;
#1779 = CARTESIAN_POINT ( 'NONE',  ( -9.600000000000001421, -0.2999999999999999889, -23.30000000000000426 ) ) ;
#1780 = DATE_AND_TIME ( #934, #1368 ) ;
#1781 = CARTESIAN_POINT ( 'NONE',  ( -12.85000000309485380, -2.000000016780997480, 14.99999999999999822 ) ) ;
#1782 = VECTOR ( 'NONE', #1878, 1000.000000000000000 ) ;
#1783 = CARTESIAN_POINT ( 'NONE',  ( -12.85000000264781939, -2.650000016680457815, -1.655121434044541829E-15 ) ) ;
#1784 = AXIS2_PLACEMENT_3D ( 'NONE', #1767, #2887, #137 ) ;
#1785 = VECTOR ( 'NONE', #1800, 1000.000000000000000 ) ;
#1786 = DIRECTION ( 'NONE',  ( 1.000000000000000000, 6.877458004804173317E-10, 3.846393516578286071E-17 ) ) ;
#1787 = LINE ( 'NONE', #1030, #1155 ) ;
#1788 = DIRECTION ( 'NONE',  ( 1.000000000000000000, 0.0000000000000000000, 0.0000000000000000000 ) ) ;
#1789 = EDGE_CURVE ( 'NONE', #1130, #2779, #2057, .T. ) ;
#1790 = DIRECTION ( 'NONE',  ( -6.877458005867953435E-10, 1.000000000000000000, 0.0000000000000000000 ) ) ;
#1791 = DIRECTION ( 'NONE',  ( -2.645340988021820671E-26, -1.000000000000000000, -6.877458004804173317E-10 ) ) ;
#1792 = FACE_OUTER_BOUND ( 'NONE', #2140, .T. ) ;
#1793 = CYLINDRICAL_SURFACE ( 'NONE', #417, 0.6499999999999998002 ) ;
#1794 = DIRECTION ( 'NONE',  ( 1.000000000000000000, 6.877458004804173317E-10, 3.846393516578285455E-17 ) ) ;
#1795 = CARTESIAN_POINT ( 'NONE',  ( 10.59999999999999964, -0.2999999999999999889, 22.30000000000000071 ) ) ;
#1796 = VERTEX_POINT ( 'NONE', #2393 ) ;
#1797 = ORIENTED_EDGE ( 'NONE', *, *, #640, .T. ) ;
#1798 = ORIENTED_EDGE ( 'NONE', *, *, #281, .T. ) ;
#1799 = ORIENTED_EDGE ( 'NONE', *, *, #814, .F. ) ;
#1800 = DIRECTION ( 'NONE',  ( 3.846393516578286071E-17, 2.645340988021821245E-26, -1.000000000000000000 ) ) ;
#1801 = ORIENTED_EDGE ( 'NONE', *, *, #2285, .T. ) ;
#1802 = DIRECTION ( 'NONE',  ( -0.0000000000000000000, -1.000000000000000000, -0.0000000000000000000 ) ) ;
#1803 = VERTEX_POINT ( 'NONE', #329 ) ;
#1804 = VERTEX_POINT ( 'NONE', #2152 ) ;
#1805 = CARTESIAN_POINT ( 'NONE',  ( -10.60000000000000142, -0.2999999999999999889, -22.30000000000000071 ) ) ;
#1806 = AXIS2_PLACEMENT_3D ( 'NONE', #540, #991, #1231 ) ;
#1807 = ORIENTED_EDGE ( 'NONE', *, *, #399, .T. ) ;
#1808 = EDGE_CURVE ( 'NONE', #669, #1974, #1627, .T. ) ;
#1809 = CARTESIAN_POINT ( 'NONE',  ( 12.84999999645810753, -1.349999999206470180, 0.0000000000000000000 ) ) ;
#1810 = AXIS2_PLACEMENT_3D ( 'NONE', #2187, #835, #1746 ) ;
#1811 = DIRECTION ( 'NONE',  ( -1.000000000000000000, 6.877458004804174351E-10, 0.0000000000000000000 ) ) ;
#1812 = VECTOR ( 'NONE', #79, 1000.000000000000000 ) ;
#1813 = LINE ( 'NONE', #1559, #295 ) ;
#1814 = DIRECTION ( 'NONE',  ( 0.0000000000000000000, 0.0000000000000000000, 1.000000000000000000 ) ) ;
#1815 = LINE ( 'NONE', #2199, #1661 ) ;
#1816 = DIRECTION ( 'NONE',  ( 0.0000000000000000000, 1.000000000000000000, 0.0000000000000000000 ) ) ;
#1817 = AXIS2_PLACEMENT_3D ( 'NONE', #2938, #1582, #2073 ) ;
#1818 = EDGE_CURVE ( 'NONE', #1771, #2379, #1745, .T. ) ;
#1819 = LINE ( 'NONE', #143, #1630 ) ;
#1820 = VECTOR ( 'NONE', #1213, 1000.000000000000000 ) ;
#1821 = VERTEX_POINT ( 'NONE', #341 ) ;
#1822 = VERTEX_POINT ( 'NONE', #1496 ) ;
#1823 = ORIENTED_EDGE ( 'NONE', *, *, #1113, .F. ) ;
#1824 = VECTOR ( 'NONE', #2369, 1000.000000000000000 ) ;
#1825 = EDGE_CURVE ( 'NONE', #2856, #669, #56, .T. ) ;
#1826 = CARTESIAN_POINT ( 'NONE',  ( 4.714045207910317892, 0.0000000000000000000, 1.666666666666666741 ) ) ;
#1827 = VECTOR ( 'NONE', #1683, 1000.000000000000000 ) ;
#1828 = EDGE_LOOP ( 'NONE', ( #1897, #1801 ) ) ;
#1829 = ORIENTED_EDGE ( 'NONE', *, *, #2083, .T. ) ;
#1830 = EDGE_LOOP ( 'NONE', ( #662, #516, #2109, #226 ) ) ;
#1831 = CARTESIAN_POINT ( 'NONE',  ( 12.84999999999999787, -6.499999999999998224, 22.54999999999999716 ) ) ;
#1832 = EDGE_LOOP ( 'NONE', ( #1203, #2735, #29, #2133 ) ) ;
#1833 = DIRECTION ( 'NONE',  ( -6.877458005867953435E-10, 1.000000000000000000, 0.0000000000000000000 ) ) ;
#1834 = EDGE_LOOP ( 'NONE', ( #1318, #1677, #529, #1769 ) ) ;
#1835 = ORIENTED_EDGE ( 'NONE', *, *, #481, .T. ) ;
#1836 = DIRECTION ( 'NONE',  ( 0.0000000000000000000, 0.0000000000000000000, 1.000000000000000000 ) ) ;
#1837 = ORIENTED_EDGE ( 'NONE', *, *, #1603, .F. ) ;
#1838 = ADVANCED_FACE ( 'NONE', ( #1851 ), #2229, .F. ) ;
#1839 = ORIENTED_EDGE ( 'NONE', *, *, #1066, .F. ) ;
#1840 = CARTESIAN_POINT ( 'NONE',  ( 9.600000000000001421, 0.0000000000000000000, -22.30000000000000071 ) ) ;
#1841 = EDGE_CURVE ( 'NONE', #2274, #311, #509, .T. ) ;
#1842 = DIRECTION ( 'NONE',  ( 6.877458004804173317E-10, -1.000000000000000000, 0.0000000000000000000 ) ) ;
#1843 = EDGE_CURVE ( 'NONE', #2427, #193, #18, .T. ) ;
#1844 = DIRECTION ( 'NONE',  ( 0.0000000000000000000, 0.0000000000000000000, -1.000000000000000000 ) ) ;
#1845 = LOCAL_TIME ( 15, 17, 45.00000000000000000, #1919 ) ;
#1846 = CARTESIAN_POINT ( 'NONE',  ( -12.54999999999999893, -6.500000000206322071, -22.54999999999999716 ) ) ;
#1847 = CIRCLE ( 'NONE', #1875, 2.999999996423719395 ) ;
#1848 = ADVANCED_FACE ( 'NONE', ( #237 ), #1376, .F. ) ;
#1849 = DIRECTION ( 'NONE',  ( -0.0000000000000000000, 1.000000000000000000, -0.0000000000000000000 ) ) ;
#1850 = CIRCLE ( 'NONE', #2877, 0.6499999999999995781 ) ;
#1851 = FACE_OUTER_BOUND ( 'NONE', #571, .T. ) ;
#1852 = AXIS2_PLACEMENT_3D ( 'NONE', #1373, #2048, #2931 ) ;
#1853 = VECTOR ( 'NONE', #2571, 1000.000000000000000 ) ;
#1854 = ORIENTED_EDGE ( 'NONE', *, *, #2831, .T. ) ;
#1855 = CIRCLE ( 'NONE', #1694, 0.6499999998994603345 ) ;
#1856 = FACE_OUTER_BOUND ( 'NONE', #1872, .T. ) ;
#1857 = AXIS2_PLACEMENT_3D ( 'NONE', #1648, #2792, #1429 ) ;
#1858 = EDGE_CURVE ( 'NONE', #2753, #2269, #2875, .T. ) ;
#1859 = VERTEX_POINT ( 'NONE', #2648 ) ;
#1860 = ORIENTED_EDGE ( 'NONE', *, *, #1903, .F. ) ;
#1861 = ORIENTED_EDGE ( 'NONE', *, *, #2285, .F. ) ;
#1862 = ORIENTED_EDGE ( 'NONE', *, *, #1818, .F. ) ;
#1863 = CARTESIAN_POINT ( 'NONE',  ( 12.85000000426402345, -6.499999999999998224, 6.850000000000000533 ) ) ;
#1864 = ORIENTED_EDGE ( 'NONE', *, *, #1995, .T. ) ;
#1865 = CARTESIAN_POINT ( 'NONE',  ( 10.59999999999999964, -0.2999999999999999889, -1.000000000000000000 ) ) ;
#1866 = CARTESIAN_POINT ( 'NONE',  ( -12.85000000309485380, -2.000000016780997480, 14.99999999999999822 ) ) ;
#1867 = ORIENTED_EDGE ( 'NONE', *, *, #501, .F. ) ;
#1868 = APPROVAL ( #1220, 'UNSPECIFIED' ) ;
#1869 = DIRECTION ( 'NONE',  ( -0.0000000000000000000, -0.0000000000000000000, 1.000000000000000000 ) ) ;
#1870 = ORIENTED_EDGE ( 'NONE', *, *, #868, .F. ) ;
#1871 = ORIENTED_EDGE ( 'NONE', *, *, #2492, .F. ) ;
#1872 = EDGE_LOOP ( 'NONE', ( #2275, #223, #2349, #393 ) ) ;
#1873 = DIRECTION ( 'NONE',  ( 3.846393516578286071E-17, 2.645340988021821245E-26, -1.000000000000000000 ) ) ;
#1874 = DIRECTION ( 'NONE',  ( 0.0000000000000000000, 0.0000000000000000000, 1.000000000000000000 ) ) ;
#1875 = AXIS2_PLACEMENT_3D ( 'NONE', #1515, #567, #1261 ) ;
#1876 = EDGE_CURVE ( 'NONE', #1564, #1064, #2365, .T. ) ;
#1877 = ADVANCED_FACE ( 'NONE', ( #1188 ), #445, .F. ) ;
#1878 = DIRECTION ( 'NONE',  ( 1.000000000000000000, -6.877458004804174351E-10, -0.0000000000000000000 ) ) ;
#1879 = DIRECTION ( 'NONE',  ( 0.0000000000000000000, 1.000000000000000000, 0.0000000000000000000 ) ) ;
#1880 = EDGE_CURVE ( 'NONE', #1757, #817, #837, .T. ) ;
#1881 = CARTESIAN_POINT ( 'NONE',  ( -12.54999999958735124, -7.100000017468740765, -6.850000000000000533 ) ) ;
#1882 = PERSON_AND_ORGANIZATION ( #1689, #1266 ) ;
#1883 = CIRCLE ( 'NONE', #1440, 0.6499999998994601125 ) ;
#1884 = DIRECTION ( 'NONE',  ( 0.0000000000000000000, 1.000000000000000000, 0.0000000000000000000 ) ) ;
#1885 = LINE ( 'NONE', #1053, #1700 ) ;
#1886 = CARTESIAN_POINT ( 'NONE',  ( 11.54999999642372366, 0.0000000000000000000, -22.55000000000000426 ) ) ;
#1887 = CIRCLE ( 'NONE', #157, 0.6499999999999995781 ) ;
#1888 = CARTESIAN_POINT ( 'NONE',  ( -4.949747468305832676, -0.2999999999999999889, 1.500000000000000000 ) ) ;
#1889 = ADVANCED_FACE ( 'NONE', ( #760 ), #549, .F. ) ;
#1890 = LINE ( 'NONE', #2428, #1345 ) ;
#1891 = LINE ( 'NONE', #1831, #2330 ) ;
#1892 = APPROVAL_ROLE ( '' ) ;
#1893 = AXIS2_PLACEMENT_3D ( 'NONE', #2523, #204, #1874 ) ;
#1894 = EDGE_CURVE ( 'NONE', #1639, #1392, #1815, .T. ) ;
#1895 = ORIENTED_EDGE ( 'NONE', *, *, #1550, .T. ) ;
#1896 = ORIENTED_EDGE ( 'NONE', *, *, #900, .T. ) ;
#1897 = ORIENTED_EDGE ( 'NONE', *, *, #1360, .T. ) ;
#1898 = VECTOR ( 'NONE', #2573, 1000.000000000000000 ) ;
#1899 = CIRCLE ( 'NONE', #2863, 0.6499999998994601125 ) ;
#1900 = EDGE_LOOP ( 'NONE', ( #450, #1837, #2111, #890, #1398, #2284, #1292, #488 ) ) ;
#1901 = DIRECTION ( 'NONE',  ( -6.877458004804174351E-10, -1.000000000000000000, 0.0000000000000000000 ) ) ;
#1902 = VERTEX_POINT ( 'NONE', #2655 ) ;
#1903 = EDGE_CURVE ( 'NONE', #2244, #2678, #586, .T. ) ;
#1904 = EDGE_LOOP ( 'NONE', ( #1614, #2785, #389, #1137 ) ) ;
#1905 = EDGE_LOOP ( 'NONE', ( #1281, #956, #312, #5 ) ) ;
#1906 = CARTESIAN_POINT ( 'NONE',  ( -9.085419176710471945, -0.2999999999999999889, -1.249999999999999778 ) ) ;
#1908 = ORIENTED_EDGE ( 'NONE', *, *, #1079, .F. ) ;
#1907 = PLANE ( 'NONE',  #721 ) ;
#1909 = DIRECTION ( 'NONE',  ( 1.000000000000000000, -0.0000000000000000000, 1.761140584748027424E-16 ) ) ;
#1910 = VERTEX_POINT ( 'NONE', #1327 ) ;
#1911 = APPROVAL ( #1652, 'UNSPECIFIED' ) ;
#1912 = CARTESIAN_POINT ( 'NONE',  ( -4.714045207910317892, -0.2999999999999999889, -1.666666666666666297 ) ) ;
#1913 = ORIENTED_EDGE ( 'NONE', *, *, #711, .F. ) ;
#1914 = CARTESIAN_POINT ( 'NONE',  ( -12.54999999552965129, -2.063237401441252150E-10, -22.54999999999999716 ) ) ;
#1915 = AXIS2_PLACEMENT_3D ( 'NONE', #1219, #2605, #1245 ) ;
#1916 = CARTESIAN_POINT ( 'NONE',  ( 0.0000000000000000000, -0.2999999999999999889, 0.0000000000000000000 ) ) ;
#1917 = DIRECTION ( 'NONE',  ( -6.877458004804174351E-10, 1.000000000000000000, -2.645340988021821819E-26 ) ) ;
#1918 = AXIS2_PLACEMENT_3D ( 'NONE', #740, #758, #1215 ) ;
#1919 = COORDINATED_UNIVERSAL_TIME_OFFSET ( 2, 0, .AHEAD. ) ;
#1920 = EDGE_CURVE ( 'NONE', #2413, #1713, #2262, .T. ) ;
#1921 = CARTESIAN_POINT ( 'NONE',  ( -4.949747468305833564, -0.2999999999999999889, 1.749999999999999778 ) ) ;
#1922 = DATE_AND_TIME ( #203, #2085 ) ;
#1923 = DIRECTION ( 'NONE',  ( 0.0000000000000000000, 1.000000000000000000, 0.0000000000000000000 ) ) ;
#1924 = AXIS2_PLACEMENT_3D ( 'NONE', #1206, #2347, #569 ) ;
#1925 = CARTESIAN_POINT ( 'NONE',  ( -12.85000000354188998, -1.350000016881537146, 14.99999999999999822 ) ) ;
#1926 = ADVANCED_FACE ( 'NONE', ( #173 ), #829, .T. ) ;
#1927 = VECTOR ( 'NONE', #961, 1000.000000000000000 ) ;
#1928 = DIRECTION ( 'NONE',  ( 0.0000000000000000000, 1.000000000000000000, 6.877458004804174351E-10 ) ) ;
#1929 = CIRCLE ( 'NONE', #1734, 1.299999999999999156 ) ;
#1930 = CARTESIAN_POINT ( 'NONE',  ( -9.325580516513118923, -0.2999999999999999889, 1.319444444444444420 ) ) ;
#1931 = VECTOR ( 'NONE', #1791, 1000.000000000000000 ) ;
#1932 = DIRECTION ( 'NONE',  ( 0.0000000000000000000, 1.000000000000000000, 0.0000000000000000000 ) ) ;
#1933 = ORIENTED_EDGE ( 'NONE', *, *, #2688, .F. ) ;
#1934 = LINE ( 'NONE', #855, #1531 ) ;
#1935 = VECTOR ( 'NONE', #2462, 1000.000000000000000 ) ;
#1936 = EDGE_LOOP ( 'NONE', ( #306, #986 ) ) ;
#1937 = VERTEX_POINT ( 'NONE', #2914 ) ;
#1938 = DIRECTION ( 'NONE',  ( 0.0000000000000000000, -0.0000000000000000000, -1.000000000000000000 ) ) ;
#1939 = ORIENTED_EDGE ( 'NONE', *, *, #377, .T. ) ;
#1940 = CARTESIAN_POINT ( 'NONE',  ( -12.85000000354188998, -1.350000016881537146, -15.00000000000000178 ) ) ;
#1941 = ORIENTED_EDGE ( 'NONE', *, *, #1526, .T. ) ;
#1942 = DIRECTION ( 'NONE',  ( 0.0000000000000000000, 0.0000000000000000000, -1.000000000000000000 ) ) ;
#1943 = VERTEX_POINT ( 'NONE', #1779 ) ;
#1944 = ADVANCED_FACE ( 'NONE', ( #2909, #1048, #1556, #2508 ), #2223, .T. ) ;
#1945 = EDGE_CURVE ( 'NONE', #151, #1983, #1929, .T. ) ;
#1946 = VERTEX_POINT ( 'NONE', #710 ) ;
#1947 = CARTESIAN_POINT ( 'NONE',  ( -9.085419176710471945, 0.0000000000000000000, 1.500000000000000000 ) ) ;
#1948 = CARTESIAN_POINT ( 'NONE',  ( -9.850000000000001421, 0.0000000000000000000, -22.55000000000000071 ) ) ;
#1949 = ORIENTED_EDGE ( 'NONE', *, *, #1658, .F. ) ;
#1950 = DIRECTION ( 'NONE',  ( -6.877458005867953435E-10, 1.000000000000000000, 0.0000000000000000000 ) ) ;
#1951 = PLANE ( 'NONE',  #275 ) ;
#1952 = DIRECTION ( 'NONE',  ( 1.000000000000000000, 1.211217041216082564E-25, 1.761140584748027424E-16 ) ) ;
#1953 = FACE_BOUND ( 'NONE', #1712, .T. ) ;
#1954 = EDGE_CURVE ( 'NONE', #2673, #2143, #1701, .T. ) ;
#1955 = VECTOR ( 'NONE', #1297, 1000.000000000000000 ) ;
#1956 =( LENGTH_UNIT ( ) NAMED_UNIT ( * ) SI_UNIT ( .MILLI., .METRE. ) );
#1957 = CARTESIAN_POINT ( 'NONE',  ( 9.600000000000001421, 0.0000000000000000000, -23.30000000000000426 ) ) ;
#1958 = VECTOR ( 'NONE', #997, 1000.000000000000000 ) ;
#1959 = AXIS2_PLACEMENT_3D ( 'NONE', #598, #1533, #2425 ) ;
#1960 = CARTESIAN_POINT ( 'NONE',  ( -9.600000000000001421, -0.2999999999999999889, -22.30000000000000071 ) ) ;
#1961 = CYLINDRICAL_SURFACE ( 'NONE', #1525, 0.6499999998994603345 ) ;
#1962 = LINE ( 'NONE', #1177, #2237 ) ;
#1963 = CARTESIAN_POINT ( 'NONE',  ( 9.850000000000008527, 0.0000000000000000000, 24.24999999642371762 ) ) ;
#1964 = FACE_OUTER_BOUND ( 'NONE', #2389, .T. ) ;
#1965 = ORIENTED_EDGE ( 'NONE', *, *, #1990, .T. ) ;
#1966 = APPLICATION_CONTEXT ( 'configuration controlled 3d designs of mechanical parts and assemblies' ) ;
#1967 = ORIENTED_EDGE ( 'NONE', *, *, #1464, .T. ) ;
#1968 = EDGE_LOOP ( 'NONE', ( #1611, #2175, #2310, #2824 ) ) ;
#1969 = LINE ( 'NONE', #2341, #1898 ) ;
#1970 = VECTOR ( 'NONE', #2570, 1000.000000000000000 ) ;
#1971 = CARTESIAN_POINT ( 'NONE',  ( -4.714045207910317892, 0.0000000000000000000, -1.666666666666666297 ) ) ;
#1973 = ORIENTED_EDGE ( 'NONE', *, *, #1529, .T. ) ;
#1972 = CARTESIAN_POINT ( 'NONE',  ( 12.84999999999999787, -6.499999999999998224, 22.54999999999999716 ) ) ;
#1974 = VERTEX_POINT ( 'NONE', #1411 ) ;
#1975 = DIRECTION ( 'NONE',  ( 1.000000000000000000, 8.673617379884027583E-16, 0.0000000000000000000 ) ) ;
#1976 = ORIENTED_EDGE ( 'NONE', *, *, #2182, .T. ) ;
#1977 = EDGE_CURVE ( 'NONE', #2898, #1168, #1086, .T. ) ;
#1978 = CARTESIAN_POINT ( 'NONE',  ( -11.54999999642372011, -1.300000000000000044, -22.54999999999999716 ) ) ;
#1979 = CARTESIAN_POINT ( 'NONE',  ( 11.54999999642372188, -0.2999999999999999889, 22.54999999999999716 ) ) ;
#1980 = EDGE_LOOP ( 'NONE', ( #2071, #600, #1797, #1329 ) ) ;
#1981 = ORIENTED_EDGE ( 'NONE', *, *, #1464, .F. ) ;
#1982 = EDGE_CURVE ( 'NONE', #739, #1572, #1310, .T. ) ;
#1983 = VERTEX_POINT ( 'NONE', #2507 ) ;
#1984 = CARTESIAN_POINT ( 'NONE',  ( -9.850000000000001421, -0.2999999999999999334, 22.54999999999999716 ) ) ;
#1985 = DIRECTION ( 'NONE',  ( -1.000000000000000000, -0.0000000000000000000, 5.243173292900185497E-17 ) ) ;
#1986 = DIRECTION ( 'NONE',  ( -0.0000000000000000000, 1.000000000000000000, -0.0000000000000000000 ) ) ;
#1987 = DIRECTION ( 'NONE',  ( 1.000000000000000000, 6.877455683047577950E-10, 0.0000000000000000000 ) ) ;
#1988 = AXIS2_PLACEMENT_3D ( 'NONE', #2925, #1557, #873 ) ;
#1989 = COORDINATED_UNIVERSAL_TIME_OFFSET ( 2, 0, .AHEAD. ) ;
#1990 = EDGE_CURVE ( 'NONE', #1131, #2742, #623, .T. ) ;
#1991 = CARTESIAN_POINT ( 'NONE',  ( -9.085419176710471945, -0.2999999999999999889, -1.500000000000000000 ) ) ;
#1992 = CIRCLE ( 'NONE', #2934, 1.299999999999999156 ) ;
#1993 = DIRECTION ( 'NONE',  ( 1.000000000000000000, 0.0000000000000000000, -2.040851152501336932E-15 ) ) ;
#1994 = CARTESIAN_POINT ( 'NONE',  ( -12.85000000264781939, -2.650000016680457815, -15.00000000000000178 ) ) ;
#1995 = EDGE_CURVE ( 'NONE', #1639, #628, #477, .T. ) ;
#1996 = FACE_OUTER_BOUND ( 'NONE', #282, .T. ) ;
#1997 = DIRECTION ( 'NONE',  ( -1.000000000000000000, 0.0000000000000000000, 0.0000000000000000000 ) ) ;
#1998 = CARTESIAN_POINT ( 'NONE',  ( -9.850000000000001421, 0.0000000000000000000, -24.24999999642371407 ) ) ;
#1999 = LINE ( 'NONE', #2321, #2766 ) ;
#2000 = DIRECTION ( 'NONE',  ( 0.0000000000000000000, 0.0000000000000000000, 1.000000000000000000 ) ) ;
#2001 = VERTEX_POINT ( 'NONE', #682 ) ;
#2002 = DIRECTION ( 'NONE',  ( 1.000000000000000000, 6.877458004804174351E-10, 3.846393516578286071E-17 ) ) ;
#2003 = DIRECTION ( 'NONE',  ( -1.000000000000000000, 6.877458004804174351E-10, 0.0000000000000000000 ) ) ;
#2004 = VECTOR ( 'NONE', #2840, 1000.000000000000000 ) ;
#2005 = CIRCLE ( 'NONE', #2765, 0.2500000000000000000 ) ;
#2006 = VERTEX_POINT ( 'NONE', #1863 ) ;
#2007 = EDGE_LOOP ( 'NONE', ( #2068, #847, #729, #2888 ) ) ;
#2008 = DIRECTION ( 'NONE',  ( 1.000000000000000000, 6.877458004804173317E-10, 3.846393516578286071E-17 ) ) ;
#2009 = ORIENTED_EDGE ( 'NONE', *, *, #229, .T. ) ;
#2010 = EDGE_LOOP ( 'NONE', ( #1283, #561, #2513, #464 ) ) ;
#2011 = ORIENTED_EDGE ( 'NONE', *, *, #1603, .T. ) ;
#2012 = ORIENTED_EDGE ( 'NONE', *, *, #2158, .T. ) ;
#2013 = PLANE ( 'NONE',  #261 ) ;
#2014 = AXIS2_PLACEMENT_3D ( 'NONE', #191, #2446, #2689 ) ;
#2015 = VERTEX_POINT ( 'NONE', #2464 ) ;
#2016 = EDGE_CURVE ( 'NONE', #2015, #2779, #1009, .T. ) ;
#2017 = ORIENTED_EDGE ( 'NONE', *, *, #832, .F. ) ;
#2018 = ORIENTED_EDGE ( 'NONE', *, *, #620, .F. ) ;
#2019 = AXIS2_PLACEMENT_3D ( 'NONE', #1217, #1444, #1224 ) ;
#2020 = DIRECTION ( 'NONE',  ( 0.0000000000000000000, 0.0000000000000000000, -1.000000000000000000 ) ) ;
#2021 = CARTESIAN_POINT ( 'NONE',  ( 12.55000000041264663, -7.100000000206321715, 5.849999999999999645 ) ) ;
#2022 = CARTESIAN_POINT ( 'NONE',  ( 12.85000000467667114, -7.099999999999997868, 6.850000000000000533 ) ) ;
#2023 = DIRECTION ( 'NONE',  ( -1.000000000000000000, 8.673617379884027583E-16, 0.0000000000000000000 ) ) ;
#2024 = VECTOR ( 'NONE', #790, 1000.000000000000000 ) ;
#2025 = FACE_OUTER_BOUND ( 'NONE', #117, .T. ) ;
#2026 = PLANE ( 'NONE',  #1232 ) ;
#2027 = EDGE_CURVE ( 'NONE', #179, #2001, #337, .T. ) ;
#2028 = LINE ( 'NONE', #1972, #1227 ) ;
#2029 = FACE_OUTER_BOUND ( 'NONE', #2953, .T. ) ;
#2030 = EDGE_CURVE ( 'NONE', #63, #179, #2802, .T. ) ;
#2031 = FACE_OUTER_BOUND ( 'NONE', #1604, .T. ) ;
#2032 = LINE ( 'NONE', #756, #2478 ) ;
#2033 = EDGE_LOOP ( 'NONE', ( #2889, #1913, #531, #1976 ) ) ;
#2034 = ORIENTED_EDGE ( 'NONE', *, *, #1301, .T. ) ;
#2035 = ORIENTED_EDGE ( 'NONE', *, *, #1622, .F. ) ;
#2036 = VECTOR ( 'NONE', #2191, 1000.000000000000000 ) ;
#2037 = VECTOR ( 'NONE', #431, 1000.000000000000000 ) ;
#2038 = ORIENTED_EDGE ( 'NONE', *, *, #1903, .T. ) ;
#2039 = ORIENTED_EDGE ( 'NONE', *, *, #1789, .T. ) ;
#2040 = CARTESIAN_POINT ( 'NONE',  ( -12.85000000354188998, -1.350000016881537146, -1.734723475976807094E-15 ) ) ;
#2041 = ORIENTED_EDGE ( 'NONE', *, *, #1189, .T. ) ;
#2042 = CARTESIAN_POINT ( 'NONE',  ( 9.325580516513118923, 0.0000000000000000000, 1.319444444444443976 ) ) ;
#2043 = AXIS2_PLACEMENT_3D ( 'NONE', #1583, #1369, #2498 ) ;
#2044 = VERTEX_POINT ( 'NONE', #13 ) ;
#2045 = DIRECTION ( 'NONE',  ( 3.846393516578286071E-17, 2.645340988021821245E-26, -1.000000000000000000 ) ) ;
#2046 = DIRECTION ( 'NONE',  ( 0.0000000000000000000, 1.000000000000000000, 0.0000000000000000000 ) ) ;
#2047 = EDGE_CURVE ( 'NONE', #628, #2949, #972, .T. ) ;
#2048 = DIRECTION ( 'NONE',  ( 0.0000000000000000000, 1.000000000000000000, 0.0000000000000000000 ) ) ;
#2049 = DIRECTION ( 'NONE',  ( -6.877458004804174351E-10, -1.000000000000000000, -0.0000000000000000000 ) ) ;
#2050 = ADVANCED_FACE ( 'NONE', ( #2842 ), #380, .T. ) ;
#2051 = CARTESIAN_POINT ( 'NONE',  ( -12.85000000309485380, -2.000000016780997480, 14.99999999999999822 ) ) ;
#2052 = VECTOR ( 'NONE', #2646, 1000.000000000000000 ) ;
#2053 = CARTESIAN_POINT ( 'NONE',  ( -12.84999999958735017, -7.100000017675063724, -5.849999999999999645 ) ) ;
#2054 = AXIS2_PLACEMENT_3D ( 'NONE', #166, #1306, #1540 ) ;
#2055 = CYLINDRICAL_SURFACE ( 'NONE', #1354, 0.2499999999999997780 ) ;
#2056 = PLANE ( 'NONE',  #2611 ) ;
#2057 = LINE ( 'NONE', #2623, #2162 ) ;
#2058 = AXIS2_PLACEMENT_3D ( 'NONE', #1921, #319, #293 ) ;
#2059 = EDGE_CURVE ( 'NONE', #1075, #1713, #411, .T. ) ;
#2060 = FACE_OUTER_BOUND ( 'NONE', #1904, .T. ) ;
#2061 = FACE_OUTER_BOUND ( 'NONE', #2522, .T. ) ;
#2062 = DIRECTION ( 'NONE',  ( 0.0000000000000000000, 1.000000000000000000, 0.0000000000000000000 ) ) ;
#2063 = ORIENTED_EDGE ( 'NONE', *, *, #413, .F. ) ;
#2064 = CIRCLE ( 'NONE', #2602, 0.2499999999999997780 ) ;
#2065 = AXIS2_PLACEMENT_3D ( 'NONE', #240, #1625, #2496 ) ;
#2066 = DIRECTION ( 'NONE',  ( -0.0000000000000000000, 1.000000000000000000, -0.0000000000000000000 ) ) ;
#2067 = CIRCLE ( 'NONE', #930, 2.999999996423717619 ) ;
#2068 = ORIENTED_EDGE ( 'NONE', *, *, #1561, .T. ) ;
#2069 = VERTEX_POINT ( 'NONE', #1629 ) ;
#2070 = VERTEX_POINT ( 'NONE', #1617 ) ;
#2071 = ORIENTED_EDGE ( 'NONE', *, *, #2116, .F. ) ;
#2072 = ORIENTED_EDGE ( 'NONE', *, *, #1982, .F. ) ;
#2073 = DIRECTION ( 'NONE',  ( -6.877458005867953435E-10, 1.000000000000000000, 0.0000000000000000000 ) ) ;
#2074 = EDGE_LOOP ( 'NONE', ( #1380, #2216, #2170, #2595 ) ) ;
#2075 = CARTESIAN_POINT ( 'NONE',  ( 9.600000000000001421, -0.2999999999999999889, 22.30000000000000071 ) ) ;
#2077 = ORIENTED_EDGE ( 'NONE', *, *, #2797, .T. ) ;
#2076 = DIRECTION ( 'NONE',  ( 0.0000000000000000000, 0.0000000000000000000, 1.000000000000000000 ) ) ;
#2078 = EDGE_LOOP ( 'NONE', ( #765, #285, #2009, #1799 ) ) ;
#2079 = DIRECTION ( 'NONE',  ( -1.761140584748027424E-16, 6.877458004804174351E-10, 1.000000000000000000 ) ) ;
#2080 = AXIS2_PLACEMENT_3D ( 'NONE', #1772, #2003, #2104 ) ;
#2081 = ADVANCED_FACE ( 'NONE', ( #1592, #1446, #2197, #300 ), #1401, .F. ) ;
#2082 = DIRECTION ( 'NONE',  ( 0.0000000000000000000, 1.000000000000000000, 0.0000000000000000000 ) ) ;
#2083 = EDGE_CURVE ( 'NONE', #455, #634, #2090, .T. ) ;
#2084 = CARTESIAN_POINT ( 'NONE',  ( 9.600000000000001421, -0.2999999999999999889, -23.30000000000000071 ) ) ;
#2085 = LOCAL_TIME ( 15, 17, 45.00000000000000000, #474 ) ;
#2086 = CARTESIAN_POINT ( 'NONE',  ( -9.600000000000001421, -0.2999999999999999889, 23.30000000000000071 ) ) ;
#2087 = FACE_OUTER_BOUND ( 'NONE', #2751, .T. ) ;
#2088 = DIRECTION ( 'NONE',  ( 0.0000000000000000000, 0.0000000000000000000, 1.000000000000000000 ) ) ;
#2089 = ADVANCED_FACE ( 'NONE', ( #2441 ), #1907, .F. ) ;
#2090 = LINE ( 'NONE', #1888, #235 ) ;
#2091 = AXIS2_PLACEMENT_3D ( 'NONE', #1585, #1802, #1110 ) ;
#2092 = CYLINDRICAL_SURFACE ( 'NONE', #2795, 0.6499999999999996891 ) ;
#2093 = CARTESIAN_POINT ( 'NONE',  ( -9.850000000000001421, -1.300000000000000044, -24.24999999642371407 ) ) ;
#2094 = DIRECTION ( 'NONE',  ( -0.0000000000000000000, 1.000000000000000000, -0.0000000000000000000 ) ) ;
#2095 = LINE ( 'NONE', #2040, #1747 ) ;
#2096 = CIRCLE ( 'NONE', #1077, 2.699999998211858543 ) ;
#2097 = EDGE_CURVE ( 'NONE', #2244, #2923, #2196, .T. ) ;
#2098 = ORIENTED_EDGE ( 'NONE', *, *, #926, .T. ) ;
#2099 = DIRECTION ( 'NONE',  ( 0.0000000000000000000, 1.000000000000000000, 0.0000000000000000000 ) ) ;
#2100 = EDGE_LOOP ( 'NONE', ( #457, #2246, #1493, #2219 ) ) ;
#2101 = ORIENTED_EDGE ( 'NONE', *, *, #1954, .F. ) ;
#2102 = LINE ( 'NONE', #2869, #1022 ) ;
#2103 = LINE ( 'NONE', #786, #984 ) ;
#2104 = DIRECTION ( 'NONE',  ( -6.877458004804174351E-10, -1.000000000000000000, 0.0000000000000000000 ) ) ;
#2105 = AXIS2_PLACEMENT_3D ( 'NONE', #1778, #2406, #396 ) ;
#2106 = ORIENTED_EDGE ( 'NONE', *, *, #1880, .T. ) ;
#2107 = EDGE_LOOP ( 'NONE', ( #887, #2101, #1418, #532 ) ) ;
#2108 = CARTESIAN_POINT ( 'NONE',  ( 12.54999999690514123, -1.999999999312254140, -15.00000000000000000 ) ) ;
#2109 = ORIENTED_EDGE ( 'NONE', *, *, #200, .F. ) ;
#2110 = CARTESIAN_POINT ( 'NONE',  ( -12.85000000309485380, -2.000000016780997480, -1.734723475976807094E-15 ) ) ;
#2111 = ORIENTED_EDGE ( 'NONE', *, *, #1858, .F. ) ;
#2112 = CARTESIAN_POINT ( 'NONE',  ( 9.849999999999997868, -1.299999999312253296, -25.24999999642371762 ) ) ;
#2113 = DIRECTION ( 'NONE',  ( 0.0000000000000000000, -1.000000000000000000, 0.0000000000000000000 ) ) ;
#2114 = DATE_TIME_ROLE ( 'creation_date' ) ;
#2115 = AXIS2_PLACEMENT_3D ( 'NONE', #1621, #2082, #500 ) ;
#2116 = EDGE_CURVE ( 'NONE', #1361, #1902, #265, .T. ) ;
#2117 = CARTESIAN_POINT ( 'NONE',  ( -9.850000000000001421, -6.499999999999998224, -25.24999999821185526 ) ) ;
#2118 = EDGE_CURVE ( 'NONE', #1075, #2713, #1739, .T. ) ;
#2119 = CARTESIAN_POINT ( 'NONE',  ( 4.949747468305832676, -0.2999999999999999889, -1.500000000000000000 ) ) ;
#2120 = ADVANCED_FACE ( 'NONE', ( #298 ), #2873, .F. ) ;
#2121 = SECURITY_CLASSIFICATION_LEVEL ( 'unclassified' ) ;
#2122 = VECTOR ( 'NONE', #1251, 1000.000000000000000 ) ;
#2123 = CARTESIAN_POINT ( 'NONE',  ( -9.950000000000001066, -0.2999999999999999889, 1.500000000000000000 ) ) ;
#2124 = LINE ( 'NONE', #309, #1045 ) ;
#2125 = DIRECTION ( 'NONE',  ( 0.0000000000000000000, 1.000000000000000000, 0.0000000000000000000 ) ) ;
#2126 = CARTESIAN_POINT ( 'NONE',  ( 9.085419176710471945, -0.2999999999999999889, 1.250000000000000000 ) ) ;
#2127 = VECTOR ( 'NONE', #867, 1000.000000000000000 ) ;
#2128 = CARTESIAN_POINT ( 'NONE',  ( -12.85000000309485380, -2.000000016780997480, -1.734723475976807094E-15 ) ) ;
#2129 = FACE_OUTER_BOUND ( 'NONE', #2301, .T. ) ;
#2130 = CARTESIAN_POINT ( 'NONE',  ( 9.849999999999997868, -2.063237401441252150E-10, -25.24999999552964525 ) ) ;
#2131 = VECTOR ( 'NONE', #1551, 1000.000000000000000 ) ;
#2132 = AXIS2_PLACEMENT_3D ( 'NONE', #913, #2491, #1836 ) ;
#2133 = ORIENTED_EDGE ( 'NONE', *, *, #2357, .T. ) ;
#2134 = LINE ( 'NONE', #589, #2036 ) ;
#2135 = FACE_OUTER_BOUND ( 'NONE', #881, .T. ) ;
#2136 = ADVANCED_FACE ( 'NONE', ( #718 ), #1660, .F. ) ;
#2137 = ORIENTED_EDGE ( 'NONE', *, *, #2399, .F. ) ;
#2138 = ORIENTED_EDGE ( 'NONE', *, *, #12, .T. ) ;
#2139 = EDGE_CURVE ( 'NONE', #1397, #1162, #378, .T. ) ;
#2140 = EDGE_LOOP ( 'NONE', ( #320, #1763, #2422, #2704 ) ) ;
#2141 = DIRECTION ( 'NONE',  ( 0.0000000000000000000, 0.0000000000000000000, -1.000000000000000000 ) ) ;
#2143 = VERTEX_POINT ( 'NONE', #1670 ) ;
#2142 = DIRECTION ( 'NONE',  ( -0.0000000000000000000, -0.0000000000000000000, 1.000000000000000000 ) ) ;
#2144 = EDGE_LOOP ( 'NONE', ( #1823, #1324, #599, #1504 ) ) ;
#2145 = PLANE ( 'NONE',  #2150 ) ;
#2146 = EDGE_LOOP ( 'NONE', ( #2455, #2665, #32, #2172 ) ) ;
#2147 = CARTESIAN_POINT ( 'NONE',  ( -12.85000000354188998, -1.350000016881537146, -15.00000000000000178 ) ) ;
#2148 = CARTESIAN_POINT ( 'NONE',  ( 9.600000000000001421, -0.2999999999999999889, -23.30000000000000071 ) ) ;
#2149 = DIRECTION ( 'NONE',  ( -0.0000000000000000000, -0.0000000000000000000, 1.000000000000000000 ) ) ;
#2150 = AXIS2_PLACEMENT_3D ( 'NONE', #1016, #2627, #2616 ) ;
#2151 = DIRECTION ( 'NONE',  ( -6.877458004804174351E-10, -1.000000000000000000, -0.0000000000000000000 ) ) ;
#2152 = CARTESIAN_POINT ( 'NONE',  ( 9.320087983564567580, 0.0000000000000000000, -1.499999999999999778 ) ) ;
#2153 = PLANE ( 'NONE',  #2721 ) ;
#2154 = EDGE_CURVE ( 'NONE', #1822, #1465, #1992, .T. ) ;
#2155 = CARTESIAN_POINT ( 'NONE',  ( 0.0000000000000000000, 0.0000000000000000000, 0.0000000000000000000 ) ) ;
#2156 = LINE ( 'NONE', #772, #90 ) ;
#2157 = CARTESIAN_POINT ( 'NONE',  ( -9.849999999999997868, 0.0000000000000000000, 25.54999999552964951 ) ) ;
#2158 = EDGE_CURVE ( 'NONE', #2274, #923, #621, .T. ) ;
#2159 = DIRECTION ( 'NONE',  ( 0.0000000000000000000, 1.000000000000000000, 0.0000000000000000000 ) ) ;
#2160 = VECTOR ( 'NONE', #2754, 1000.000000000000000 ) ;
#2161 = DIRECTION ( 'NONE',  ( 1.000000000000000000, -0.0000000000000000000, 1.761140584748027424E-16 ) ) ;
#2162 = VECTOR ( 'NONE', #2833, 1000.000000000000000 ) ;
#2163 = CARTESIAN_POINT ( 'NONE',  ( -10.59999999999999964, -0.2999999999999999889, 22.30000000000000071 ) ) ;
#2164 = CARTESIAN_POINT ( 'NONE',  ( -9.850000000000001421, -6.499999999999998224, -25.54999999999999716 ) ) ;
#2165 = CYLINDRICAL_SURFACE ( 'NONE', #30, 1.299999999999999156 ) ;
#2166 = CARTESIAN_POINT ( 'NONE',  ( -12.84999999958735017, -7.100000017675063724, -5.849999999999999645 ) ) ;
#2167 = VECTOR ( 'NONE', #2622, 1000.000000000000000 ) ;
#2168 = FACE_OUTER_BOUND ( 'NONE', #2717, .T. ) ;
#2169 = CARTESIAN_POINT ( 'NONE',  ( -9.850000000000001421, -0.2999999999999999889, -22.55000000000000071 ) ) ;
#2170 = ORIENTED_EDGE ( 'NONE', *, *, #2316, .T. ) ;
#2171 = ORIENTED_EDGE ( 'NONE', *, *, #940, .T. ) ;
#2172 = ORIENTED_EDGE ( 'NONE', *, *, #1152, .T. ) ;
#2173 = DIRECTION ( 'NONE',  ( -0.0000000000000000000, 1.000000000000000000, -0.0000000000000000000 ) ) ;
#2174 = LINE ( 'NONE', #328, #1452 ) ;
#2175 = ORIENTED_EDGE ( 'NONE', *, *, #1699, .F. ) ;
#2176 = AXIS2_PLACEMENT_3D ( 'NONE', #2128, #1181, #1650 ) ;
#2177 = EDGE_CURVE ( 'NONE', #2006, #392, #797, .T. ) ;
#2178 = CARTESIAN_POINT ( 'NONE',  ( -9.085419176710471945, -0.2999999999999999889, 1.500000000000000000 ) ) ;
#2179 = ORIENTED_EDGE ( 'NONE', *, *, #1098, .T. ) ;
#2180 = EDGE_LOOP ( 'NONE', ( #221, #270, #451, #1682 ) ) ;
#2181 = DIRECTION ( 'NONE',  ( 0.0000000000000000000, 0.0000000000000000000, 1.000000000000000000 ) ) ;
#2182 = EDGE_CURVE ( 'NONE', #1201, #1384, #757, .T. ) ;
#2183 = ORIENTED_EDGE ( 'NONE', *, *, #1233, .T. ) ;
#2184 = CARTESIAN_POINT ( 'NONE',  ( -12.54999999690514301, -2.000000016574674078, -1.734723475976807094E-15 ) ) ;
#2185 = ORIENTED_EDGE ( 'NONE', *, *, #2505, .T. ) ;
#2186 = CARTESIAN_POINT ( 'NONE',  ( -9.085419176710471945, -0.2999999999999999889, 1.249999999999999778 ) ) ;
#2187 = CARTESIAN_POINT ( 'NONE',  ( -9.600000000000001421, -0.2999999999999999889, 22.30000000000000071 ) ) ;
#2188 = CARTESIAN_POINT ( 'NONE',  ( -12.85000000309485380, -2.000000016780997480, 14.99999999999999822 ) ) ;
#2189 = AXIS2_PLACEMENT_3D ( 'NONE', #2607, #1471, #1975 ) ;
#2190 = DIRECTION ( 'NONE',  ( 1.000000000000000000, 6.877458004804173317E-10, 3.846393516578285455E-17 ) ) ;
#2191 = DIRECTION ( 'NONE',  ( 3.846393516578286071E-17, -0.0000000000000000000, -1.000000000000000000 ) ) ;
#2192 = EDGE_CURVE ( 'NONE', #2001, #2411, #2939, .T. ) ;
#2193 = DIRECTION ( 'NONE',  ( 0.0000000000000000000, 1.000000000000000000, 6.877458004804174351E-10 ) ) ;
#2194 = VECTOR ( 'NONE', #1350, 1000.000000000000000 ) ;
#2195 = CARTESIAN_POINT ( 'NONE',  ( -9.950000000000001066, 0.0000000000000000000, -1.500000000000000000 ) ) ;
#2196 = CIRCLE ( 'NONE', #1300, 1.000000000000000888 ) ;
#2197 = FACE_OUTER_BOUND ( 'NONE', #2815, .T. ) ;
#2198 = DIRECTION ( 'NONE',  ( 3.846393516578286071E-17, -0.0000000000000000000, -1.000000000000000000 ) ) ;
#2199 = CARTESIAN_POINT ( 'NONE',  ( 10.18466880685409670, -0.2999999999999999889, -0.8500000000000003109 ) ) ;
#2200 = LINE ( 'NONE', #1470, #416 ) ;
#2201 = CARTESIAN_POINT ( 'NONE',  ( -12.84999999958735017, -7.100000017675063724, -6.850000000000000533 ) ) ;
#2202 = CIRCLE ( 'NONE', #1477, 0.2500000000000002220 ) ;
#2203 = CARTESIAN_POINT ( 'NONE',  ( 9.850000000000001421, -1.300000000000000044, -22.55000000000000071 ) ) ;
#2204 = ORIENTED_EDGE ( 'NONE', *, *, #2935, .T. ) ;
#2205 = ORIENTED_EDGE ( 'NONE', *, *, #520, .F. ) ;
#2206 = FACE_OUTER_BOUND ( 'NONE', #2518, .T. ) ;
#2207 = VECTOR ( 'NONE', #2651, 1000.000000000000000 ) ;
#2208 = CARTESIAN_POINT ( 'NONE',  ( -4.714045207910317892, 0.0000000000000000000, 1.666666666666665186 ) ) ;
#2209 = AXIS2_PLACEMENT_3D ( 'NONE', #415, #2278, #201 ) ;
#2210 = EDGE_LOOP ( 'NONE', ( #1835, #521 ) ) ;
#2211 = ORIENTED_EDGE ( 'NONE', *, *, #2533, .F. ) ;
#2213 = ORIENTED_EDGE ( 'NONE', *, *, #435, .T. ) ;
#2212 = DIRECTION ( 'NONE',  ( 1.000000000000000000, 6.877455683047577950E-10, 0.0000000000000000000 ) ) ;
#2214 = LINE ( 'NONE', #557, #2273 ) ;
#2215 = ORIENTED_EDGE ( 'NONE', *, *, #1467, .F. ) ;
#2216 = ORIENTED_EDGE ( 'NONE', *, *, #1360, .F. ) ;
#2217 = EDGE_CURVE ( 'NONE', #1130, #2413, #442, .T. ) ;
#2218 = PLANE ( 'NONE',  #865 ) ;
#2219 = ORIENTED_EDGE ( 'NONE', *, *, #335, .T. ) ;
#2220 = AXIS2_PLACEMENT_3D ( 'NONE', #846, #625, #438 ) ;
#2221 = EDGE_LOOP ( 'NONE', ( #1387, #1941 ) ) ;
#2222 = CARTESIAN_POINT ( 'NONE',  ( -12.84999999999999609, -6.500000017675064079, -6.850000000000000533 ) ) ;
#2223 = PLANE ( 'NONE',  #2080 ) ;
#2224 = DIRECTION ( 'NONE',  ( -6.877458005867953435E-10, 1.000000000000000000, 0.0000000000000000000 ) ) ;
#2225 = DIRECTION ( 'NONE',  ( -1.000000000000000000, 0.0000000000000000000, -0.0000000000000000000 ) ) ;
#2226 = CARTESIAN_POINT ( 'NONE',  ( 12.54999999642372188, -1.299999999312253296, -22.55000000000000426 ) ) ;
#2227 = AXIS2_PLACEMENT_3D ( 'NONE', #2126, #752, #2348 ) ;
#2228 = LINE ( 'NONE', #1711, #2052 ) ;
#2229 = PLANE ( 'NONE',  #538 ) ;
#2230 = TOROIDAL_SURFACE ( 'NONE', #830, 1.699999996423718462, 1.000000000000000000 ) ;
#2231 = EDGE_CURVE ( 'NONE', #1937, #25, #171, .T. ) ;
#2232 = VECTOR ( 'NONE', #1642, 1000.000000000000000 ) ;
#2233 = CARTESIAN_POINT ( 'NONE',  ( 12.54999999690514123, -1.999999999312254140, 15.00000000000000000 ) ) ;
#2234 = CYLINDRICAL_SURFACE ( 'NONE', #746, 2.999999998211860142 ) ;
#2235 = CARTESIAN_POINT ( 'NONE',  ( -9.849999999999999645, -1.300000000000000044, 24.24999999642371407 ) ) ;
#2236 = DIRECTION ( 'NONE',  ( 0.0000000000000000000, 0.0000000000000000000, -1.000000000000000000 ) ) ;
#2237 = VECTOR ( 'NONE', #2550, 1000.000000000000000 ) ;
#2238 = LINE ( 'NONE', #1805, #1748 ) ;
#2239 = ORIENTED_EDGE ( 'NONE', *, *, #583, .F. ) ;
#2240 = ORIENTED_EDGE ( 'NONE', *, *, #2294, .T. ) ;
#2241 = EDGE_LOOP ( 'NONE', ( #1063, #1282 ) ) ;
#2242 = DIRECTION ( 'NONE',  ( -0.0000000000000000000, 1.000000000000000000, -0.0000000000000000000 ) ) ;
#2243 = ORIENTED_EDGE ( 'NONE', *, *, #731, .F. ) ;
#2244 = VERTEX_POINT ( 'NONE', #2817 ) ;
#2245 = AXIS2_PLACEMENT_3D ( 'NONE', #2203, #2421, #164 ) ;
#2246 = ORIENTED_EDGE ( 'NONE', *, *, #2083, .F. ) ;
#2247 = CARTESIAN_POINT ( 'NONE',  ( 9.600000000000001421, -0.2999999999999999889, 22.30000000000000071 ) ) ;
#2248 = ORIENTED_EDGE ( 'NONE', *, *, #468, .T. ) ;
#2249 = EDGE_CURVE ( 'NONE', #2673, #664, #2124, .T. ) ;
#2250 = ORIENTED_EDGE ( 'NONE', *, *, #651, .T. ) ;
#2251 = EDGE_LOOP ( 'NONE', ( #1195, #857, #988, #1461, #2810, #356, #2495, #806, #73, #1544, #1019, #998, #394, #2783, #1637 ) ) ;
#2252 = CARTESIAN_POINT ( 'NONE',  ( 9.320087983564567580, -0.2999999999999999889, -1.499999999999999778 ) ) ;
#2253 = AXIS2_PLACEMENT_3D ( 'NONE', #1573, #2267, #465 ) ;
#2254 = DIRECTION ( 'NONE',  ( 0.0000000000000000000, 1.000000000000000000, 0.0000000000000000000 ) ) ;
#2255 = DIRECTION ( 'NONE',  ( 1.592659819528147545E-15, 0.0000000000000000000, 1.000000000000000000 ) ) ;
#2256 = AXIS2_PLACEMENT_3D ( 'NONE', #2798, #1678, #2574 ) ;
#2257 = DIRECTION ( 'NONE',  ( 0.0000000000000000000, 0.0000000000000000000, -1.000000000000000000 ) ) ;
#2258 = FACE_OUTER_BOUND ( 'NONE', #2332, .T. ) ;
#2259 = AXIS2_PLACEMENT_3D ( 'NONE', #2247, #1816, #1367 ) ;
#2260 = EDGE_CURVE ( 'NONE', #1937, #1639, #2323, .T. ) ;
#2261 = CYLINDRICAL_SURFACE ( 'NONE', #769, 0.6499999999999996891 ) ;
#2262 = LINE ( 'NONE', #1546, #2579 ) ;
#2263 = EDGE_CURVE ( 'NONE', #1943, #2344, #1342, .T. ) ;
#2264 = CARTESIAN_POINT ( 'NONE',  ( -12.84999999552965022, 0.0000000000000000000, 22.55000000000000426 ) ) ;
#2265 = FACE_OUTER_BOUND ( 'NONE', #158, .T. ) ;
#2266 = CIRCLE ( 'NONE', #1632, 0.2500000000000002220 ) ;
#2267 = DIRECTION ( 'NONE',  ( -0.0000000000000000000, -0.0000000000000000000, -1.000000000000000000 ) ) ;
#2268 = CARTESIAN_POINT ( 'NONE',  ( 9.849999999999999645, -1.299999999105929449, -25.24999999821185526 ) ) ;
#2269 = VERTEX_POINT ( 'NONE', #2338 ) ;
#2271 = VERTEX_POINT ( 'NONE', #86 ) ;
#2270 = DIRECTION ( 'NONE',  ( 0.0000000000000000000, -1.000000000000000000, 0.0000000000000000000 ) ) ;
#2272 = FACE_OUTER_BOUND ( 'NONE', #2033, .T. ) ;
#2273 = VECTOR ( 'NONE', #2384, 1000.000000000000000 ) ;
#2274 = VERTEX_POINT ( 'NONE', #1253 ) ;
#2275 = ORIENTED_EDGE ( 'NONE', *, *, #888, .F. ) ;
#2276 = EDGE_LOOP ( 'NONE', ( #1862, #485 ) ) ;
#2277 = ORIENTED_EDGE ( 'NONE', *, *, #47, .T. ) ;
#2278 = DIRECTION ( 'NONE',  ( 1.000000000000000000, 6.877458004804174351E-10, 3.846393516578286071E-17 ) ) ;
#2279 = ORIENTED_EDGE ( 'NONE', *, *, #2468, .F. ) ;
#2280 = DIRECTION ( 'NONE',  ( 1.000000000000000000, 6.877458004804173317E-10, 3.846393516578286071E-17 ) ) ;
#2281 = AXIS2_PLACEMENT_3D ( 'NONE', #2617, #575, #2629 ) ;
#2282 = VERTEX_POINT ( 'NONE', #327 ) ;
#2283 = ADVANCED_FACE ( 'NONE', ( #1187 ), #2729, .F. ) ;
#2284 = ORIENTED_EDGE ( 'NONE', *, *, #2608, .F. ) ;
#2285 = EDGE_CURVE ( 'NONE', #195, #2812, #1480, .T. ) ;
#2286 = DIRECTION ( 'NONE',  ( 0.0000000000000000000, -1.000000000000000000, 6.877458004804174351E-10 ) ) ;
#2287 = CARTESIAN_POINT ( 'NONE',  ( -4.714045207910317892, -0.2999999999999999889, 1.666666666666665186 ) ) ;
#2288 = DIRECTION ( 'NONE',  ( 3.846393516578286071E-17, -0.0000000000000000000, 1.000000000000000000 ) ) ;
#2289 = APPROVAL_DATE_TIME ( #2690, #1868 ) ;
#2290 = ADVANCED_FACE ( 'NONE', ( #1523 ), #1951, .T. ) ;
#2291 = AXIS2_PLACEMENT_3D ( 'NONE', #2494, #2242, #1814 ) ;
#2292 = VECTOR ( 'NONE', #1408, 1000.000000000000000 ) ;
#2293 = VECTOR ( 'NONE', #690, 1000.000000000000000 ) ;
#2294 = EDGE_CURVE ( 'NONE', #1168, #1686, #2028, .T. ) ;
#2295 = FACE_OUTER_BOUND ( 'NONE', #1647, .T. ) ;
#2296 = CARTESIAN_POINT ( 'NONE',  ( -10.59999999999999964, -0.2999999999999999889, 1.499999999999999778 ) ) ;
#2297 = CYLINDRICAL_SURFACE ( 'NONE', #2054, 2.699999998211854990 ) ;
#2298 = AXIS2_PLACEMENT_3D ( 'NONE', #1041, #1505, #372 ) ;
#2299 = LINE ( 'NONE', #118, #2628 ) ;
#2300 = EDGE_LOOP ( 'NONE', ( #1646, #2675, #1027, #2681 ) ) ;
#2301 = EDGE_LOOP ( 'NONE', ( #1807, #428, #433, #1896 ) ) ;
#2302 = VERTEX_POINT ( 'NONE', #1264 ) ;
#2303 = ADVANCED_FACE ( 'NONE', ( #1374 ), #507, .T. ) ;
#2304 = CARTESIAN_POINT ( 'NONE',  ( -9.085419176710471945, -0.2999999999999999889, -1.249999999999999778 ) ) ;
#2305 = ORIENTED_EDGE ( 'NONE', *, *, #2747, .T. ) ;
#2307 = ORIENTED_EDGE ( 'NONE', *, *, #2016, .T. ) ;
#2306 = DIRECTION ( 'NONE',  ( 0.0000000000000000000, 1.000000000000000000, 0.0000000000000000000 ) ) ;
#2308 = ORIENTED_EDGE ( 'NONE', *, *, #1407, .F. ) ;
#2309 = CARTESIAN_POINT ( 'NONE',  ( -9.085419176710471945, 0.0000000000000000000, -1.249999999999999778 ) ) ;
#2310 = ORIENTED_EDGE ( 'NONE', *, *, #983, .F. ) ;
#2311 = ORIENTED_EDGE ( 'NONE', *, *, #1774, .T. ) ;
#2312 = DIRECTION ( 'NONE',  ( 0.0000000000000000000, 0.0000000000000000000, 1.000000000000000000 ) ) ;
#2313 = AXIS2_PLACEMENT_3D ( 'NONE', #2530, #2760, #475 ) ;
#2314 = EDGE_CURVE ( 'NONE', #271, #151, #2692, .T. ) ;
#2315 = CARTESIAN_POINT ( 'NONE',  ( 9.850000000000001421, -0.2999999999999999889, 22.54999999999999716 ) ) ;
#2316 = EDGE_CURVE ( 'NONE', #2812, #2919, #903, .T. ) ;
#2317 = DIRECTION ( 'NONE',  ( -6.877458004804174351E-10, 1.000000000000000000, 0.0000000000000000000 ) ) ;
#2318 = ADVANCED_FACE ( 'NONE', ( #132 ), #2055, .F. ) ;
#2319 = CALENDAR_DATE ( 2020, 16, 11 ) ;
#2320 = VECTOR ( 'NONE', #708, 1000.000000000000000 ) ;
#2321 = CARTESIAN_POINT ( 'NONE',  ( -9.600000000000001421, -0.2999999999999999889, -23.30000000000000071 ) ) ;
#2322 = CARTESIAN_POINT ( 'NONE',  ( -9.600000000000001421, 0.0000000000000000000, -22.30000000000000071 ) ) ;
#2323 = CIRCLE ( 'NONE', #2467, 0.6499999999999998002 ) ;
#2324 = CARTESIAN_POINT ( 'NONE',  ( 0.0000000000000000000, -0.2999999999999999889, 0.0000000000000000000 ) ) ;
#2325 = AXIS2_PLACEMENT_3D ( 'NONE', #1795, #408, #2020 ) ;
#2326 = LINE ( 'NONE', #1940, #97 ) ;
#2327 = ADVANCED_FACE ( 'NONE', ( #2799 ), #2261, .F. ) ;
#2328 = DIRECTION ( 'NONE',  ( 0.0000000000000000000, 0.0000000000000000000, -1.000000000000000000 ) ) ;
#2329 = FACE_BOUND ( 'NONE', #2276, .T. ) ;
#2330 = VECTOR ( 'NONE', #932, 1000.000000000000000 ) ;
#2331 = EDGE_CURVE ( 'NONE', #1133, #2069, #1442, .T. ) ;
#2332 = EDGE_LOOP ( 'NONE', ( #2386, #736, #2568, #2927, #1530, #353, #2343, #2185 ) ) ;
#2333 = DIRECTION ( 'NONE',  ( 0.0000000000000000000, 0.0000000000000000000, -1.000000000000000000 ) ) ;
#2334 = ORIENTED_EDGE ( 'NONE', *, *, #2505, .F. ) ;
#2335 = ORIENTED_EDGE ( 'NONE', *, *, #2797, .F. ) ;
#2336 = LINE ( 'NONE', #971, #307 ) ;
#2337 = VECTOR ( 'NONE', #382, 1000.000000000000000 ) ;
#2338 = CARTESIAN_POINT ( 'NONE',  ( 12.85000000467667114, -7.099999999999997868, 6.850000000000000533 ) ) ;
#2339 = EDGE_LOOP ( 'NONE', ( #1578, #1326, #142, #821 ) ) ;
#2340 = ORIENTED_EDGE ( 'NONE', *, *, #1645, .F. ) ;
#2341 = CARTESIAN_POINT ( 'NONE',  ( -12.54999999999999893, -6.500000000206322071, -22.54999999999999716 ) ) ;
#2342 = ORIENTED_EDGE ( 'NONE', *, *, #2192, .F. ) ;
#2343 = ORIENTED_EDGE ( 'NONE', *, *, #2801, .T. ) ;
#2344 = VERTEX_POINT ( 'NONE', #601 ) ;
#2345 = DIRECTION ( 'NONE',  ( 0.0000000000000000000, 1.000000000000000000, 0.0000000000000000000 ) ) ;
#2346 = EDGE_LOOP ( 'NONE', ( #1933, #1502, #2453, #2463 ) ) ;
#2347 = DIRECTION ( 'NONE',  ( -1.819321541166937290E-35, 2.645340988021821819E-26, 1.000000000000000000 ) ) ;
#2348 = DIRECTION ( 'NONE',  ( 0.0000000000000000000, 0.0000000000000000000, 1.000000000000000000 ) ) ;
#2349 = ORIENTED_EDGE ( 'NONE', *, *, #1113, .T. ) ;
#2350 = AXIS2_PLACEMENT_3D ( 'NONE', #767, #1690, #1723 ) ;
#2351 = ADVANCED_FACE ( 'NONE', ( #2404 ), #1308, .T. ) ;
#2352 = ORIENTED_EDGE ( 'NONE', *, *, #2217, .F. ) ;
#2353 = CARTESIAN_POINT ( 'NONE',  ( -9.850000000000001421, -0.2999999999999999334, -24.24999999642371407 ) ) ;
#2354 = PERSON_AND_ORGANIZATION_ROLE ( 'creator' ) ;
#2355 = CARTESIAN_POINT ( 'NONE',  ( 10.59999999999999964, 0.0000000000000000000, 22.30000000000000071 ) ) ;
#2356 = AXIS2_PLACEMENT_3D ( 'NONE', #2188, #2381, #2837 ) ;
#2357 = EDGE_CURVE ( 'NONE', #2806, #1140, #2506, .T. ) ;
#2358 = AXIS2_PLACEMENT_3D ( 'NONE', #2450, #2473, #638 ) ;
#2359 = CARTESIAN_POINT ( 'NONE',  ( 12.84999999690514194, -1.999999999105930515, 0.0000000000000000000 ) ) ;
#2360 = DIRECTION ( 'NONE',  ( 0.0000000000000000000, 1.000000000000000000, 0.0000000000000000000 ) ) ;
#2361 = VECTOR ( 'NONE', #106, 1000.000000000000000 ) ;
#2362 = ADVANCED_FACE ( 'NONE', ( #1591 ), #365, .T. ) ;
#2363 = CIRCLE ( 'NONE', #519, 0.6499999998994603345 ) ;
#2364 = DIRECTION ( 'NONE',  ( -6.877458004804174351E-10, -1.000000000000000000, 0.0000000000000000000 ) ) ;
#2365 = LINE ( 'NONE', #1087, #1785 ) ;
#2366 = DIRECTION ( 'NONE',  ( 0.0000000000000000000, 1.000000000000000000, 0.0000000000000000000 ) ) ;
#2367 = CARTESIAN_POINT ( 'NONE',  ( 0.0000000000000000000, -0.2999999999999999889, 0.0000000000000000000 ) ) ;
#2368 = CIRCLE ( 'NONE', #2743, 0.6499999998994603345 ) ;
#2369 = DIRECTION ( 'NONE',  ( -0.0000000000000000000, -1.000000000000000000, -6.877458004804174351E-10 ) ) ;
#2370 = AXIS2_PLACEMENT_3D ( 'NONE', #1519, #375, #2907 ) ;
#2371 = EDGE_CURVE ( 'NONE', #559, #1131, #871, .T. ) ;
#2372 = VECTOR ( 'NONE', #230, 1000.000000000000000 ) ;
#2373 = CYLINDRICAL_SURFACE ( 'NONE', #819, 0.6499999998994603345 ) ;
#2374 = ORIENTED_EDGE ( 'NONE', *, *, #852, .F. ) ;
#2375 = CARTESIAN_POINT ( 'NONE',  ( 9.850000000000004974, -6.499999999999998224, 25.55000000000000071 ) ) ;
#2376 = EDGE_LOOP ( 'NONE', ( #530, #1726, #1721, #144 ) ) ;
#2377 = ORIENTED_EDGE ( 'NONE', *, *, #1098, .F. ) ;
#2378 = EDGE_CURVE ( 'NONE', #2344, #2926, #16, .T. ) ;
#2379 = VERTEX_POINT ( 'NONE', #2434 ) ;
#2380 = CARTESIAN_POINT ( 'NONE',  ( 10.18466880685409670, -0.2999999999999999889, -1.500000000000000000 ) ) ;
#2382 = ORIENTED_EDGE ( 'NONE', *, *, #501, .T. ) ;
#2381 = DIRECTION ( 'NONE',  ( 1.000000000000000000, 6.877458004804173317E-10, 3.846393516578285455E-17 ) ) ;
#2383 = ADVANCED_FACE ( 'NONE', ( #2543 ), #410, .T. ) ;
#2384 = DIRECTION ( 'NONE',  ( 1.000000000000000000, 6.877455683047577950E-10, 0.0000000000000000000 ) ) ;
#2385 = CARTESIAN_POINT ( 'NONE',  ( -9.600000000000001421, 0.0000000000000000000, 23.30000000000000071 ) ) ;
#2386 = ORIENTED_EDGE ( 'NONE', *, *, #1066, .T. ) ;
#2387 = EDGE_LOOP ( 'NONE', ( #71, #639, #1163, #248 ) ) ;
#2388 = CARTESIAN_POINT ( 'NONE',  ( 10.59999999999999964, -0.2999999999999999889, -22.30000000000000071 ) ) ;
#2389 = EDGE_LOOP ( 'NONE', ( #915, #1289, #2334, #148 ) ) ;
#2390 = CARTESIAN_POINT ( 'NONE',  ( 10.59999999999999964, -0.2999999999999999889, 22.30000000000000071 ) ) ;
#2391 = DIRECTION ( 'NONE',  ( 0.0000000000000000000, 0.0000000000000000000, 1.000000000000000000 ) ) ;
#2392 = AXIS2_PLACEMENT_3D ( 'NONE', #2309, #2539, #2524 ) ;
#2393 = CARTESIAN_POINT ( 'NONE',  ( 12.84999999735217813, -2.649999999005391071, 15.00000000000000000 ) ) ;
#2394 = DIRECTION ( 'NONE',  ( 0.0000000000000000000, 0.0000000000000000000, 1.000000000000000000 ) ) ;
#2395 = EDGE_CURVE ( 'NONE', #1538, #2143, #1850, .T. ) ;
#2396 = CARTESIAN_POINT ( 'NONE',  ( 12.55000000041264663, -7.100000000206321715, 6.850000000000000533 ) ) ;
#2397 = FACE_OUTER_BOUND ( 'NONE', #2894, .T. ) ;
#2398 = DIRECTION ( 'NONE',  ( 1.000000000000000000, 0.0000000000000000000, -1.156482317317873105E-15 ) ) ;
#2399 = EDGE_CURVE ( 'NONE', #1325, #2851, #2472, .T. ) ;
#2400 = CIRCLE ( 'NONE', #1391, 1.699999996423718462 ) ;
#2401 = AXIS2_PLACEMENT_3D ( 'NONE', #371, #2181, #799 ) ;
#2402 = DIRECTION ( 'NONE',  ( -6.877458004804174351E-10, 1.000000000000000000, -2.645340988021821819E-26 ) ) ;
#2403 = DIRECTION ( 'NONE',  ( 0.0000000000000000000, 1.000000000000000000, 0.0000000000000000000 ) ) ;
#2404 = FACE_OUTER_BOUND ( 'NONE', #1357, .T. ) ;
#2405 = VECTOR ( 'NONE', #1257, 1000.000000000000000 ) ;
#2406 = DIRECTION ( 'NONE',  ( 0.0000000000000000000, 1.000000000000000000, 0.0000000000000000000 ) ) ;
#2407 = AXIS2_PLACEMENT_3D ( 'NONE', #2130, #283, #1928 ) ;
#2408 = CARTESIAN_POINT ( 'NONE',  ( 9.849999999999997868, -6.500000000206322071, -25.24999999999999289 ) ) ;
#2409 = FACE_OUTER_BOUND ( 'NONE', #1900, .T. ) ;
#2410 = VECTOR ( 'NONE', #948, 1000.000000000000000 ) ;
#2411 = VERTEX_POINT ( 'NONE', #617 ) ;
#2412 = EDGE_LOOP ( 'NONE', ( #1058, #2645, #426, #2671 ) ) ;
#2413 = VERTEX_POINT ( 'NONE', #2222 ) ;
#2414 = CIRCLE ( 'NONE', #68, 0.6499999999999995781 ) ;
#2415 = CIRCLE ( 'NONE', #322, 0.6499999999999996891 ) ;
#2416 = AXIS2_PLACEMENT_3D ( 'NONE', #1716, #792, #2601 ) ;
#2417 = EDGE_CURVE ( 'NONE', #880, #2753, #1270, .T. ) ;
#2418 = VERTEX_POINT ( 'NONE', #848 ) ;
#2419 = ORIENTED_EDGE ( 'NONE', *, *, #1366, .F. ) ;
#2420 = ORIENTED_EDGE ( 'NONE', *, *, #1393, .F. ) ;
#2421 = DIRECTION ( 'NONE',  ( -0.0000000000000000000, 1.000000000000000000, -0.0000000000000000000 ) ) ;
#2422 = ORIENTED_EDGE ( 'NONE', *, *, #580, .F. ) ;
#2423 = EDGE_CURVE ( 'NONE', #1205, #1425, #1412, .T. ) ;
#2424 = VERTEX_POINT ( 'NONE', #1078 ) ;
#2425 = DIRECTION ( 'NONE',  ( 0.0000000000000000000, 0.0000000000000000000, 1.000000000000000000 ) ) ;
#2426 = DIRECTION ( 'NONE',  ( 6.877458004804174351E-10, -1.000000000000000000, 2.645340988021821245E-26 ) ) ;
#2427 = VERTEX_POINT ( 'NONE', #1545 ) ;
#2428 = CARTESIAN_POINT ( 'NONE',  ( -9.849999999999997868, -1.299999999312253296, 25.24999999642371762 ) ) ;
#2429 = ORIENTED_EDGE ( 'NONE', *, *, #318, .T. ) ;
#2430 = ORIENTED_EDGE ( 'NONE', *, *, #77, .F. ) ;
#2431 = DIRECTION ( 'NONE',  ( 0.0000000000000000000, 1.000000000000000000, 0.0000000000000000000 ) ) ;
#2432 = CARTESIAN_POINT ( 'NONE',  ( 12.54999999999999893, -6.500000000206322071, 22.54999999999999716 ) ) ;
#2433 = DIRECTION ( 'NONE',  ( -6.877458004804174351E-10, 1.000000000000000000, -2.645340988021821819E-26 ) ) ;
#2434 = CARTESIAN_POINT ( 'NONE',  ( 12.84999999735217813, -2.649999999005391071, -15.00000000000000000 ) ) ;
#2435 = AXIS2_PLACEMENT_3D ( 'NONE', #1760, #162, #1279 ) ;
#2436 = CARTESIAN_POINT ( 'NONE',  ( -9.849999999999997868, -6.500000000206322071, 25.24999999999999289 ) ) ;
#2437 = DIRECTION ( 'NONE',  ( 0.0000000000000000000, 1.000000000000000000, 0.0000000000000000000 ) ) ;
#2438 = PLANE ( 'NONE',  #2281 ) ;
#2439 = EDGE_CURVE ( 'NONE', #2678, #352, #584, .T. ) ;
#2440 = LINE ( 'NONE', #550, #233 ) ;
#2441 = FACE_OUTER_BOUND ( 'NONE', #927, .T. ) ;
#2442 = DIRECTION ( 'NONE',  ( 1.734723475976805517E-15, 8.673617379884027583E-16, 1.000000000000000000 ) ) ;
#2443 = CIRCLE ( 'NONE', #291, 2.699999998211854990 ) ;
#2444 = DIRECTION ( 'NONE',  ( 1.000000000000000000, 1.834803676513931643E-15, 0.0000000000000000000 ) ) ;
#2445 = CIRCLE ( 'NONE', #851, 1.000000000000000888 ) ;
#2446 = DIRECTION ( 'NONE',  ( -1.000000000000000000, -0.0000000000000000000, 3.846393516578286071E-17 ) ) ;
#2447 = ORIENTED_EDGE ( 'NONE', *, *, #747, .T. ) ;
#2448 = VECTOR ( 'NONE', #1344, 1000.000000000000000 ) ;
#2449 = VECTOR ( 'NONE', #864, 1000.000000000000000 ) ;
#2450 = CARTESIAN_POINT ( 'NONE',  ( 12.84999999999999787, -6.499999999999998224, 22.54999999999999716 ) ) ;
#2451 = AXIS2_PLACEMENT_3D ( 'NONE', #115, #2002, #1298 ) ;
#2452 = VERTEX_POINT ( 'NONE', #2683 ) ;
#2453 = ORIENTED_EDGE ( 'NONE', *, *, #181, .F. ) ;
#2455 = ORIENTED_EDGE ( 'NONE', *, *, #2649, .T. ) ;
#2454 = DIRECTION ( 'NONE',  ( 0.0000000000000000000, 1.000000000000000000, 0.0000000000000000000 ) ) ;
#2456 = ORIENTED_EDGE ( 'NONE', *, *, #377, .F. ) ;
#2457 = ORIENTED_EDGE ( 'NONE', *, *, #1982, .T. ) ;
#2458 = DIRECTION ( 'NONE',  ( -0.0000000000000000000, -0.0000000000000000000, 1.000000000000000000 ) ) ;
#2459 = ORIENTED_EDGE ( 'NONE', *, *, #891, .F. ) ;
#2460 = EDGE_CURVE ( 'NONE', #2780, #348, #1885, .T. ) ;
#2461 = ORIENTED_EDGE ( 'NONE', *, *, #2047, .F. ) ;
#2462 = DIRECTION ( 'NONE',  ( 1.000000000000000000, 6.877458004804173317E-10, 3.846393516578285455E-17 ) ) ;
#2463 = ORIENTED_EDGE ( 'NONE', *, *, #1272, .F. ) ;
#2464 = CARTESIAN_POINT ( 'NONE',  ( -12.54999999821185774, -1.299999999105929449, -22.54999999999999716 ) ) ;
#2465 = DIRECTION ( 'NONE',  ( 0.0000000000000000000, 1.000000000000000000, 0.0000000000000000000 ) ) ;
#2466 = CARTESIAN_POINT ( 'NONE',  ( 11.54999999642372188, -0.2999999999999999334, 22.54999999999999716 ) ) ;
#2467 = AXIS2_PLACEMENT_3D ( 'NONE', #112, #1733, #820 ) ;
#2468 = EDGE_CURVE ( 'NONE', #2926, #1675, #1813, .T. ) ;
#2469 = FACE_BOUND ( 'NONE', #2638, .T. ) ;
#2470 = EDGE_CURVE ( 'NONE', #1164, #2818, #899, .T. ) ;
#2471 = DIRECTION ( 'NONE',  ( 0.0000000000000000000, 0.0000000000000000000, 1.000000000000000000 ) ) ;
#2472 = LINE ( 'NONE', #1783, #1115 ) ;
#2473 = DIRECTION ( 'NONE',  ( 6.877458004804174351E-10, -1.000000000000000000, 2.645340988021821245E-26 ) ) ;
#2474 = CARTESIAN_POINT ( 'NONE',  ( 12.54999999999999893, -6.500000000206322071, 22.54999999999999716 ) ) ;
#2475 = VECTOR ( 'NONE', #818, 1000.000000000000000 ) ;
#2476 = DIRECTION ( 'NONE',  ( 0.0000000000000000000, -0.0000000000000000000, -1.000000000000000000 ) ) ;
#2477 = LINE ( 'NONE', #838, #2879 ) ;
#2478 = VECTOR ( 'NONE', #1007, 1000.000000000000000 ) ;
#2479 = EDGE_LOOP ( 'NONE', ( #594, #849, #2882, #107, #2786, #558, #1419, #2012, #1070, #592, #1965, #2897, #1457, #484, #1864, #2679 ) ) ;
#2480 = ORIENTED_EDGE ( 'NONE', *, *, #1736, .F. ) ;
#2481 = EDGE_LOOP ( 'NONE', ( #108, #2279, #491, #1939 ) ) ;
#2482 = FACE_OUTER_BOUND ( 'NONE', #2339, .T. ) ;
#2483 = CYLINDRICAL_SURFACE ( 'NONE', #1959, 2.699999998211858543 ) ;
#2484 = VERTEX_POINT ( 'NONE', #2653 ) ;
#2485 = ORIENTED_EDGE ( 'NONE', *, *, #2231, .F. ) ;
#2486 = DIRECTION ( 'NONE',  ( -6.877458005867953435E-10, 1.000000000000000000, 0.0000000000000000000 ) ) ;
#2487 = ORIENTED_EDGE ( 'NONE', *, *, #2572, .T. ) ;
#2488 = AXIS2_PLACEMENT_3D ( 'NONE', #863, #1076, #1311 ) ;
#2489 = DIRECTION ( 'NONE',  ( 0.0000000000000000000, 0.0000000000000000000, -1.000000000000000000 ) ) ;
#2490 = EDGE_LOOP ( 'NONE', ( #1605, #2632, #2098, #1364 ) ) ;
#2491 = DIRECTION ( 'NONE',  ( -0.0000000000000000000, 1.000000000000000000, -0.0000000000000000000 ) ) ;
#2492 = EDGE_CURVE ( 'NONE', #2525, #2520, #129, .T. ) ;
#2493 = VERTEX_POINT ( 'NONE', #1094 ) ;
#2494 = CARTESIAN_POINT ( 'NONE',  ( 9.850000000000001421, -1.299999999105929449, 22.54999999999999716 ) ) ;
#2495 = ORIENTED_EDGE ( 'NONE', *, *, #751, .T. ) ;
#2496 = DIRECTION ( 'NONE',  ( 0.0000000000000000000, 0.0000000000000000000, 1.000000000000000000 ) ) ;
#2497 = CC_DESIGN_APPROVAL ( #299, ( #874 ) ) ;
#2498 = DIRECTION ( 'NONE',  ( 0.0000000000000000000, 0.0000000000000000000, 1.000000000000000000 ) ) ;
#2499 = ADVANCED_FACE ( 'NONE', ( #2025 ), #2026, .T. ) ;
#2500 = CARTESIAN_POINT ( 'NONE',  ( -12.85000000264781939, -2.650000016680457815, 14.99999999999999822 ) ) ;
#2501 = AXIS2_PLACEMENT_3D ( 'NONE', #1046, #1740, #1277 ) ;
#2502 = CARTESIAN_POINT ( 'NONE',  ( -9.849999999999997868, 0.0000000000000000000, 25.54999999552964951 ) ) ;
#2503 = CARTESIAN_POINT ( 'NONE',  ( 9.849999999999997868, -0.2999999999999999334, -24.24999999642371762 ) ) ;
#2504 = APPROVAL_DATE_TIME ( #1922, #1911 ) ;
#2505 = EDGE_CURVE ( 'NONE', #1246, #2484, #2726, .T. ) ;
#2506 = CIRCLE ( 'NONE', #467, 2.699999998211858543 ) ;
#2507 = CARTESIAN_POINT ( 'NONE',  ( -12.84999999642371904, -1.299999999105929449, -22.54999999999999716 ) ) ;
#2508 = FACE_BOUND ( 'NONE', #2221, .T. ) ;
#2509 = AXIS2_PLACEMENT_3D ( 'NONE', #2093, #720, #957 ) ;
#2510 = DIRECTION ( 'NONE',  ( 0.0000000000000000000, 0.0000000000000000000, 1.000000000000000000 ) ) ;
#2511 = FACE_OUTER_BOUND ( 'NONE', #2481, .T. ) ;
#2512 = DIRECTION ( 'NONE',  ( 0.0000000000000000000, 8.340016711426962191E-16, 1.000000000000000000 ) ) ;
#2513 = ORIENTED_EDGE ( 'NONE', *, *, #227, .F. ) ;
#2514 = ADVANCED_FACE ( 'NONE', ( #794 ), #2838, .F. ) ;
#2515 = CARTESIAN_POINT ( 'NONE',  ( 9.850000000000001421, -1.300000000000000044, 22.54999999999999716 ) ) ;
#2516 = LINE ( 'NONE', #357, #2004 ) ;
#2517 = LINE ( 'NONE', #2157, #1827 ) ;
#2518 = EDGE_LOOP ( 'NONE', ( #1349, #2429, #1244, #884 ) ) ;
#2519 = DIRECTION ( 'NONE',  ( -0.0000000000000000000, 1.000000000000000000, -0.0000000000000000000 ) ) ;
#2520 = VERTEX_POINT ( 'NONE', #2732 ) ;
#2521 = ORIENTED_EDGE ( 'NONE', *, *, #2608, .T. ) ;
#2522 = EDGE_LOOP ( 'NONE', ( #2382, #1328, #1129, #155 ) ) ;
#2523 = CARTESIAN_POINT ( 'NONE',  ( 9.850000000000001421, -6.499999999999998224, 22.54999999999999716 ) ) ;
#2524 = DIRECTION ( 'NONE',  ( 0.0000000000000000000, 0.0000000000000000000, -1.000000000000000000 ) ) ;
#2525 = VERTEX_POINT ( 'NONE', #1377 ) ;
#2526 = DIRECTION ( 'NONE',  ( -0.0000000000000000000, -0.0000000000000000000, 1.000000000000000000 ) ) ;
#2527 = AXIS2_PLACEMENT_3D ( 'NONE', #116, #145, #562 ) ;
#2528 = ORIENTED_EDGE ( 'NONE', *, *, #2572, .F. ) ;
#2529 = EDGE_CURVE ( 'NONE', #1093, #2424, #582, .T. ) ;
#2530 = CARTESIAN_POINT ( 'NONE',  ( -9.850000000000001421, -1.299999999105929449, -22.55000000000000071 ) ) ;
#2531 = ORIENTED_EDGE ( 'NONE', *, *, #570, .F. ) ;
#2532 = ORIENTED_EDGE ( 'NONE', *, *, #1736, .T. ) ;
#2533 = EDGE_CURVE ( 'NONE', #1319, #1684, #2400, .T. ) ;
#2534 = CARTESIAN_POINT ( 'NONE',  ( 9.850000000000001421, -0.2999999999999999889, -22.55000000000000071 ) ) ;
#2535 = ADVANCED_FACE ( 'NONE', ( #2258, #1184, #2469 ), #2948, .F. ) ;
#2536 = CARTESIAN_POINT ( 'NONE',  ( -9.850000000000001421, -6.499999999999998224, -22.55000000000000071 ) ) ;
#2537 = CARTESIAN_POINT ( 'NONE',  ( 12.85000000467667114, -7.099999999999997868, 5.849999999999999645 ) ) ;
#2538 = VECTOR ( 'NONE', #2569, 1000.000000000000000 ) ;
#2539 = DIRECTION ( 'NONE',  ( 0.0000000000000000000, -1.000000000000000000, 0.0000000000000000000 ) ) ;
#2540 = AXIS2_PLACEMENT_3D ( 'NONE', #1103, #2957, #2695 ) ;
#2541 = FACE_OUTER_BOUND ( 'NONE', #254, .T. ) ;
#2542 = ADVANCED_FACE ( 'NONE', ( #2087 ), #1150, .F. ) ;
#2543 = FACE_OUTER_BOUND ( 'NONE', #1020, .T. ) ;
#2544 = DIRECTION ( 'NONE',  ( 0.0000000000000000000, 0.0000000000000000000, 1.000000000000000000 ) ) ;
#2545 = EDGE_CURVE ( 'NONE', #1162, #1425, #1883, .T. ) ;
#2546 = FACE_OUTER_BOUND ( 'NONE', #2670, .T. ) ;
#2547 = CARTESIAN_POINT ( 'NONE',  ( -12.85000000309485380, -2.000000016780997480, -1.734723475976807094E-15 ) ) ;
#2548 = CIRCLE ( 'NONE', #256, 0.6499999998994603345 ) ;
#2549 = AXIS2_PLACEMENT_3D ( 'NONE', #672, #893, #231 ) ;
#2550 = DIRECTION ( 'NONE',  ( 1.000000000000000000, 6.877458004804173317E-10, 3.846393516578285455E-17 ) ) ;
#2551 = FACE_OUTER_BOUND ( 'NONE', #1968, .T. ) ;
#2552 = ORIENTED_EDGE ( 'NONE', *, *, #281, .F. ) ;
#2553 = ORIENTED_EDGE ( 'NONE', *, *, #528, .T. ) ;
#2554 = ORIENTED_EDGE ( 'NONE', *, *, #481, .F. ) ;
#2555 = VECTOR ( 'NONE', #2431, 1000.000000000000000 ) ;
#2556 = FACE_OUTER_BOUND ( 'NONE', #1386, .T. ) ;
#2557 = ORIENTED_EDGE ( 'NONE', *, *, #747, .F. ) ;
#2558 = CARTESIAN_POINT ( 'NONE',  ( -9.850000000000001421, 0.0000000000000000000, -25.54999999552964951 ) ) ;
#2559 = ORIENTED_EDGE ( 'NONE', *, *, #856, .F. ) ;
#2560 = ORIENTED_EDGE ( 'NONE', *, *, #1645, .T. ) ;
#2561 = VERTEX_POINT ( 'NONE', #4 ) ;
#2562 = AXIS2_PLACEMENT_3D ( 'NONE', #707, #1473, #1697 ) ;
#2563 = ADVANCED_FACE ( 'NONE', ( #546 ), #2762, .F. ) ;
#2564 = EDGE_LOOP ( 'NONE', ( #1967, #189, #2557, #459 ) ) ;
#2565 = CARTESIAN_POINT ( 'NONE',  ( -4.949747468305832676, 0.0000000000000000000, 1.500000000000000000 ) ) ;
#2566 = AXIS2_PLACEMENT_3D ( 'NONE', #1960, #1241, #2874 ) ;
#2567 = EDGE_CURVE ( 'NONE', #923, #2427, #441, .T. ) ;
#2568 = ORIENTED_EDGE ( 'NONE', *, *, #856, .T. ) ;
#2569 = DIRECTION ( 'NONE',  ( -0.0000000000000000000, -0.0000000000000000000, 1.000000000000000000 ) ) ;
#2570 = DIRECTION ( 'NONE',  ( -6.877458004804174351E-10, 1.000000000000000000, -2.645340988021821819E-26 ) ) ;
#2571 = DIRECTION ( 'NONE',  ( 0.0000000000000000000, 0.0000000000000000000, 1.000000000000000000 ) ) ;
#2572 = EDGE_CURVE ( 'NONE', #1983, #1130, #1114, .T. ) ;
#2573 = DIRECTION ( 'NONE',  ( 0.0000000000000000000, 0.0000000000000000000, 1.000000000000000000 ) ) ;
#2574 = DIRECTION ( 'NONE',  ( 0.0000000000000000000, 0.0000000000000000000, 1.000000000000000000 ) ) ;
#2575 = DIRECTION ( 'NONE',  ( 1.000000000000000000, 6.877458004804173317E-10, 3.846393516578286071E-17 ) ) ;
#2576 = DIRECTION ( 'NONE',  ( -1.000000000000000000, 0.0000000000000000000, -0.0000000000000000000 ) ) ;
#2577 = VECTOR ( 'NONE', #861, 1000.000000000000000 ) ;
#2578 = DIRECTION ( 'NONE',  ( 0.0000000000000000000, 1.000000000000000000, 0.0000000000000000000 ) ) ;
#2579 = VECTOR ( 'NONE', #618, 1000.000000000000000 ) ;
#2580 = CARTESIAN_POINT ( 'NONE',  ( -12.85000000309485380, -2.000000016780997480, 14.99999999999999822 ) ) ;
#2581 = DIRECTION ( 'NONE',  ( -1.000000000000000000, 6.877458004804174351E-10, 0.0000000000000000000 ) ) ;
#2582 = LINE ( 'NONE', #1994, #20 ) ;
#2583 = FACE_OUTER_BOUND ( 'NONE', #2630, .T. ) ;
#2584 = EDGE_CURVE ( 'NONE', #2949, #63, #1268, .T. ) ;
#2585 = PLANE ( 'NONE',  #2019 ) ;
#2586 = ORIENTED_EDGE ( 'NONE', *, *, #960, .F. ) ;
#2587 = VECTOR ( 'NONE', #536, 1000.000000000000000 ) ;
#2588 = LINE ( 'NONE', #2166, #387 ) ;
#2589 = ADVANCED_FACE ( 'NONE', ( #2870 ), #869, .T. ) ;
#2590 = PLANE ( 'NONE',  #2899 ) ;
#2591 = DIRECTION ( 'NONE',  ( 1.000000000000000000, 6.877458004804173317E-10, 3.846393516578285455E-17 ) ) ;
#2592 = EDGE_LOOP ( 'NONE', ( #27, #1870, #313, #2883, #1758, #493, #359, #2487 ) ) ;
#2593 = ORIENTED_EDGE ( 'NONE', *, *, #940, .F. ) ;
#2594 = DIRECTION ( 'NONE',  ( -0.0000000000000000000, -1.000000000000000000, -0.0000000000000000000 ) ) ;
#2595 = ORIENTED_EDGE ( 'NONE', *, *, #1040, .T. ) ;
#2596 = ORIENTED_EDGE ( 'NONE', *, *, #1843, .T. ) ;
#2597 = CARTESIAN_POINT ( 'NONE',  ( 4.949747468305833564, 0.0000000000000000000, 1.750000000000000222 ) ) ;
#2598 = VERTEX_POINT ( 'NONE', #2722 ) ;
#2599 = ORIENTED_EDGE ( 'NONE', *, *, #258, .T. ) ;
#2600 = DIRECTION ( 'NONE',  ( -6.877458005867955503E-10, -1.000000000000000000, 0.0000000000000000000 ) ) ;
#2601 = DIRECTION ( 'NONE',  ( -6.877458005867953435E-10, 1.000000000000000000, 0.0000000000000000000 ) ) ;
#2602 = AXIS2_PLACEMENT_3D ( 'NONE', #1776, #2437, #622 ) ;
#2603 = ORIENTED_EDGE ( 'NONE', *, *, #2423, .F. ) ;
#2604 = DIRECTION ( 'NONE',  ( 0.0000000000000000000, 1.000000000000000000, 0.0000000000000000000 ) ) ;
#2605 = DIRECTION ( 'NONE',  ( 1.000000000000000000, 6.877458004804173317E-10, 3.846393516578285455E-17 ) ) ;
#2606 = ORIENTED_EDGE ( 'NONE', *, *, #2625, .F. ) ;
#2607 = CARTESIAN_POINT ( 'NONE',  ( 11.54999999642372011, -1.300000000000000044, 22.54999999999999716 ) ) ;
#2608 = EDGE_CURVE ( 'NONE', #398, #26, #2908, .T. ) ;
#2609 = ADVANCED_FACE ( 'NONE', ( #2541 ), #234, .F. ) ;
#2610 = CARTESIAN_POINT ( 'NONE',  ( 9.850000000000008527, -1.300000000000000044, 24.24999999642371762 ) ) ;
#2611 = AXIS2_PLACEMENT_3D ( 'NONE', #257, #2049, #1869 ) ;
#2612 = DIRECTION ( 'NONE',  ( 1.000000000000000000, 6.877458004804173317E-10, 3.846393516578285455E-17 ) ) ;
#2613 = DIRECTION ( 'NONE',  ( -0.0000000000000000000, -0.0000000000000000000, 1.000000000000000000 ) ) ;
#2614 = CARTESIAN_POINT ( 'NONE',  ( -9.850000000000001421, -1.300000000000000044, -22.55000000000000071 ) ) ;
#2615 = DIRECTION ( 'NONE',  ( 6.877458004804174351E-10, -1.000000000000000000, -0.0000000000000000000 ) ) ;
#2616 = DIRECTION ( 'NONE',  ( 1.000000000000000000, 6.877455780799758508E-10, 0.0000000000000000000 ) ) ;
#2617 = CARTESIAN_POINT ( 'NONE',  ( 4.949747468305832676, -0.2999999999999999889, 1.500000000000000000 ) ) ;
#2618 = VECTOR ( 'NONE', #1179, 1000.000000000000000 ) ;
#2619 = VECTOR ( 'NONE', #510, 1000.000000000000000 ) ;
#2620 = CARTESIAN_POINT ( 'NONE',  ( -9.950000000000001066, -0.2999999999999999889, -1.500000000000000000 ) ) ;
#2621 = VECTOR ( 'NONE', #2099, 1000.000000000000000 ) ;
#2622 = DIRECTION ( 'NONE',  ( 0.0000000000000000000, 0.0000000000000000000, -1.000000000000000000 ) ) ;
#2623 = CARTESIAN_POINT ( 'NONE',  ( -12.84999999999999609, -6.499999999999998224, -22.54999999999999716 ) ) ;
#2624 = AXIS2_PLACEMENT_3D ( 'NONE', #2195, #363, #593 ) ;
#2625 = EDGE_CURVE ( 'NONE', #2923, #2806, #1409, .T. ) ;
#2626 = LINE ( 'NONE', #1057, #588 ) ;
#2627 = DIRECTION ( 'NONE',  ( 6.877455780799758508E-10, -1.000000000000000000, 0.0000000000000000000 ) ) ;
#2628 = VECTOR ( 'NONE', #102, 1000.000000000000000 ) ;
#2629 = DIRECTION ( 'NONE',  ( -1.000000000000000000, 0.0000000000000000000, 5.243173292900185497E-17 ) ) ;
#2630 = EDGE_LOOP ( 'NONE', ( #1861, #432, #1288, #1099 ) ) ;
#2631 = DIRECTION ( 'NONE',  ( -1.000000000000000000, 1.834803676513931643E-15, 0.0000000000000000000 ) ) ;
#2632 = ORIENTED_EDGE ( 'NONE', *, *, #2529, .F. ) ;
#2633 = ORIENTED_EDGE ( 'NONE', *, *, #791, .T. ) ;
#2634 = FACE_OUTER_BOUND ( 'NONE', #1717, .T. ) ;
#2635 = EDGE_CURVE ( 'NONE', #251, #634, #650, .T. ) ;
#2636 = CIRCLE ( 'NONE', #1810, 1.000000000000000888 ) ;
#2637 = CARTESIAN_POINT ( 'NONE',  ( -12.85000000354188998, -1.350000016881537146, -15.00000000000000178 ) ) ;
#2638 = EDGE_LOOP ( 'NONE', ( #1, #1537, #1237, #72, #2749, #2430, #2776, #1065, #775, #105, #2018, #402, #1535, #1073, #2063, #2342 ) ) ;
#2639 = ORIENTED_EDGE ( 'NONE', *, *, #1216, .F. ) ;
#2640 = ORIENTED_EDGE ( 'NONE', *, *, #1018, .T. ) ;
#2641 = DIRECTION ( 'NONE',  ( -0.0000000000000000000, -0.0000000000000000000, 1.000000000000000000 ) ) ;
#2642 = ORIENTED_EDGE ( 'NONE', *, *, #468, .F. ) ;
#2643 = CARTESIAN_POINT ( 'NONE',  ( -12.85000000309485380, -2.000000016780997480, -15.00000000000000178 ) ) ;
#2644 = DIRECTION ( 'NONE',  ( 0.0000000000000000000, 0.0000000000000000000, 1.000000000000000000 ) ) ;
#2645 = ORIENTED_EDGE ( 'NONE', *, *, #1841, .F. ) ;
#2646 = DIRECTION ( 'NONE',  ( -1.000000000000000000, -0.0000000000000000000, -0.0000000000000000000 ) ) ;
#2647 = DIRECTION ( 'NONE',  ( 0.0000000000000000000, 0.0000000000000000000, -1.000000000000000000 ) ) ;
#2648 = CARTESIAN_POINT ( 'NONE',  ( 12.54999999645810682, -1.349999999412793805, -15.00000000000000000 ) ) ;
#2649 = EDGE_CURVE ( 'NONE', #2952, #1983, #1521, .T. ) ;
#2650 = CARTESIAN_POINT ( 'NONE',  ( 4.949747468305833564, -0.2999999999999999889, 1.750000000000000222 ) ) ;
#2651 = DIRECTION ( 'NONE',  ( 1.000000000000000000, 6.877458004804173317E-10, 3.846393516578285455E-17 ) ) ;
#2652 = DIRECTION ( 'NONE',  ( 0.0000000000000000000, 0.0000000000000000000, -1.000000000000000000 ) ) ;
#2653 = CARTESIAN_POINT ( 'NONE',  ( -9.849999999999997868, 0.0000000000000000000, 24.24999999642371407 ) ) ;
#2654 = VECTOR ( 'NONE', #1842, 1000.000000000000000 ) ;
#2655 = CARTESIAN_POINT ( 'NONE',  ( -9.850000000000001421, -1.299999999312253296, -25.24999999642371762 ) ) ;
#2656 = VECTOR ( 'NONE', #2612, 1000.000000000000000 ) ;
#2657 = CARTESIAN_POINT ( 'NONE',  ( 4.714045207910317892, -0.2999999999999999889, 1.666666666666666741 ) ) ;
#2658 = DIRECTION ( 'NONE',  ( 0.0000000000000000000, 1.000000000000000000, 0.0000000000000000000 ) ) ;
#2659 = CIRCLE ( 'NONE', #2189, 1.000000000000000888 ) ;
#2660 = DIRECTION ( 'NONE',  ( -1.000000000000000000, 6.877458004804174351E-10, 0.0000000000000000000 ) ) ;
#2661 = AXIS2_PLACEMENT_3D ( 'NONE', #2712, #647, #2720 ) ;
#2662 = FACE_OUTER_BOUND ( 'NONE', #1830, .T. ) ;
#2663 = CYLINDRICAL_SURFACE ( 'NONE', #8, 0.6499999998994603345 ) ;
#2664 = DIRECTION ( 'NONE',  ( 1.000000000000000000, 6.877458004804173317E-10, 3.846393516578285455E-17 ) ) ;
#2665 = ORIENTED_EDGE ( 'NONE', *, *, #1945, .F. ) ;
#2666 = VECTOR ( 'NONE', #14, 1000.000000000000000 ) ;
#2667 = CYLINDRICAL_SURFACE ( 'NONE', #1116, 0.2500000000000000000 ) ;
#2668 = AXIS2_PLACEMENT_3D ( 'NONE', #1379, #2777, #2317 ) ;
#2669 = EDGE_CURVE ( 'NONE', #280, #2806, #1085, .T. ) ;
#2670 = EDGE_LOOP ( 'NONE', ( #38, #2377, #141, #2011 ) ) ;
#2671 = ORIENTED_EDGE ( 'NONE', *, *, #2470, .T. ) ;
#2672 = DIRECTION ( 'NONE',  ( -0.0000000000000000000, 1.000000000000000000, -0.0000000000000000000 ) ) ;
#2673 = VERTEX_POINT ( 'NONE', #58 ) ;
#2674 = DIRECTION ( 'NONE',  ( -1.156482317317871725E-15, -0.0000000000000000000, -1.000000000000000000 ) ) ;
#2675 = ORIENTED_EDGE ( 'NONE', *, *, #1977, .F. ) ;
#2676 = CARTESIAN_POINT ( 'NONE',  ( 9.849999999999997868, 0.0000000000000000000, -25.54999999552964951 ) ) ;
#2677 = EDGE_LOOP ( 'NONE', ( #1456, #783, #153, #222 ) ) ;
#2678 = VERTEX_POINT ( 'NONE', #278 ) ;
#2679 = ORIENTED_EDGE ( 'NONE', *, *, #2047, .T. ) ;
#2680 = DIRECTION ( 'NONE',  ( -0.0000000000000000000, 1.000000000000000000, -0.0000000000000000000 ) ) ;
#2681 = ORIENTED_EDGE ( 'NONE', *, *, #1407, .T. ) ;
#2682 = CARTESIAN_POINT ( 'NONE',  ( -4.714045207910317892, -0.2999999999999999889, 1.666666666666665186 ) ) ;
#2683 = CARTESIAN_POINT ( 'NONE',  ( 9.085419176710471945, 0.0000000000000000000, 1.500000000000000000 ) ) ;
#2684 = AXIS2_PLACEMENT_3D ( 'NONE', #824, #2394, #391 ) ;
#2685 = EDGE_CURVE ( 'NONE', #1946, #2282, #1340, .T. ) ;
#2686 = CARTESIAN_POINT ( 'NONE',  ( -9.849999999999994316, -1.300000000000000044, 24.24999999642371407 ) ) ;
#2687 = CALENDAR_DATE ( 2020, 16, 11 ) ;
#2688 = EDGE_CURVE ( 'NONE', #1325, #2813, #2363, .T. ) ;
#2689 = DIRECTION ( 'NONE',  ( 0.0000000000000000000, 8.340016711426962191E-16, -1.000000000000000000 ) ) ;
#2690 = DATE_AND_TIME ( #2319, #544 ) ;
#2691 = LINE ( 'NONE', #2466, #504 ) ;
#2692 = CIRCLE ( 'NONE', #1037, 1.699999996423715132 ) ;
#2693 = CARTESIAN_POINT ( 'NONE',  ( 4.949747468305833564, -0.2999999999999999889, -1.750000000000000222 ) ) ;
#2694 = FACE_OUTER_BOUND ( 'NONE', #2853, .T. ) ;
#2695 = DIRECTION ( 'NONE',  ( -1.000000000000000000, 0.0000000000000000000, 2.312964634635745028E-15 ) ) ;
#2696 = LINE ( 'NONE', #2474, #1594 ) ;
#2697 = CYLINDRICAL_SURFACE ( 'NONE', #968, 0.6499999999999995781 ) ;
#2698 = CARTESIAN_POINT ( 'NONE',  ( 12.54999999999999893, -6.500000000206322071, 6.850000000000000533 ) ) ;
#2699 = AXIS2_PLACEMENT_3D ( 'NONE', #2233, #444, #1588 ) ;
#2700 = PLANE ( 'NONE',  #2325 ) ;
#2701 = EDGE_LOOP ( 'NONE', ( #850, #2485, #1672, #1170 ) ) ;
#2702 = ORIENTED_EDGE ( 'NONE', *, *, #2097, .T. ) ;
#2704 = ORIENTED_EDGE ( 'NONE', *, *, #2492, .T. ) ;
#2703 = DIRECTION ( 'NONE',  ( -1.000000000000000000, 0.0000000000000000000, 4.081702305002669131E-15 ) ) ;
#2705 = LINE ( 'NONE', #560, #2167 ) ;
#2706 = VECTOR ( 'NONE', #1522, 1000.000000000000000 ) ;
#2707 = ORIENTED_EDGE ( 'NONE', *, *, #176, .T. ) ;
#2708 = EDGE_CURVE ( 'NONE', #1361, #1575, #476, .T. ) ;
#2709 = ORIENTED_EDGE ( 'NONE', *, *, #119, .T. ) ;
#2710 = ORIENTED_EDGE ( 'NONE', *, *, #83, .F. ) ;
#2711 = DIRECTION ( 'NONE',  ( 1.000000000000000000, -0.0000000000000000000, 1.761140584748027424E-16 ) ) ;
#2712 = CARTESIAN_POINT ( 'NONE',  ( 0.0000000000000000000, -0.2999999999999999889, 0.0000000000000000000 ) ) ;
#2713 = VERTEX_POINT ( 'NONE', #1157 ) ;
#2714 = EDGE_LOOP ( 'NONE', ( #696, #2954, #2559, #2106 ) ) ;
#2715 = AXIS2_PLACEMENT_3D ( 'NONE', #1596, #897, #480 ) ;
#2716 = CARTESIAN_POINT ( 'NONE',  ( -9.600000000000001421, -0.2999999999999999889, -23.30000000000000071 ) ) ;
#2717 = EDGE_LOOP ( 'NONE', ( #2707, #1023, #1026, #1104 ) ) ;
#2718 = DIRECTION ( 'NONE',  ( 1.000000000000000000, 6.877458004804173317E-10, 3.846393516578285455E-17 ) ) ;
#2719 = CARTESIAN_POINT ( 'NONE',  ( -12.84999999552965022, 0.0000000000000000000, -22.54999999999999716 ) ) ;
#2720 = DIRECTION ( 'NONE',  ( 0.0000000000000000000, 0.0000000000000000000, 1.000000000000000000 ) ) ;
#2721 = AXIS2_PLACEMENT_3D ( 'NONE', #574, #1708, #784 ) ;
#2722 = CARTESIAN_POINT ( 'NONE',  ( 0.0000000000000000000, 0.0000000000000000000, 5.000000000000000000 ) ) ;
#2723 = AXIS2_PLACEMENT_3D ( 'NONE', #1490, #351, #577 ) ;
#2724 = EDGE_CURVE ( 'NONE', #1165, #1319, #2691, .T. ) ;
#2725 = DIRECTION ( 'NONE',  ( 0.0000000000000000000, -1.000000000000000000, 0.0000000000000000000 ) ) ;
#2726 = CIRCLE ( 'NONE', #11, 1.699999996423720239 ) ;
#2727 = EDGE_CURVE ( 'NONE', #2952, #2044, #205, .T. ) ;
#2728 = DIRECTION ( 'NONE',  ( -1.000000000000000000, -0.0000000000000000000, -0.0000000000000000000 ) ) ;
#2729 = CYLINDRICAL_SURFACE ( 'NONE', #2356, 0.6499999998994603345 ) ;
#2730 = ADVANCED_FACE ( 'NONE', ( #717 ), #2230, .F. ) ;
#2731 = VECTOR ( 'NONE', #2763, 1000.000000000000000 ) ;
#2732 = CARTESIAN_POINT ( 'NONE',  ( 4.949747468305832676, 0.0000000000000000000, 1.500000000000000000 ) ) ;
#2733 = LINE ( 'NONE', #41, #2621 ) ;
#2734 = CYLINDRICAL_SURFACE ( 'NONE', #2065, 2.699999998211858543 ) ;
#2735 = ORIENTED_EDGE ( 'NONE', *, *, #1233, .F. ) ;
#2736 = FACE_OUTER_BOUND ( 'NONE', #1095, .T. ) ;
#2737 = LINE ( 'NONE', #1347, #2886 ) ;
#2738 = ORIENTED_EDGE ( 'NONE', *, *, #2192, .T. ) ;
#2739 = VERTEX_POINT ( 'NONE', #950 ) ;
#2740 = EDGE_LOOP ( 'NONE', ( #2829, #109, #1598, #735 ) ) ;
#2741 = CARTESIAN_POINT ( 'NONE',  ( -12.85000000309485380, -2.000000016780997480, -1.734723475976807094E-15 ) ) ;
#2742 = VERTEX_POINT ( 'NONE', #1149 ) ;
#2743 = AXIS2_PLACEMENT_3D ( 'NONE', #2359, #2008, #1741 ) ;
#2744 = ORIENTED_EDGE ( 'NONE', *, *, #2567, .T. ) ;
#2745 = DIRECTION ( 'NONE',  ( -0.0000000000000000000, 1.000000000000000000, -0.0000000000000000000 ) ) ;
#2746 = ORIENTED_EDGE ( 'NONE', *, *, #2727, .F. ) ;
#2747 = EDGE_CURVE ( 'NONE', #2070, #1775, #2937, .T. ) ;
#2749 = ORIENTED_EDGE ( 'NONE', *, *, #403, .F. ) ;
#2748 = DIRECTION ( 'NONE',  ( 0.0000000000000000000, 1.000000000000000000, 0.0000000000000000000 ) ) ;
#2750 = ADVANCED_FACE ( 'NONE', ( #936 ), #1624, .T. ) ;
#2751 = EDGE_LOOP ( 'NONE', ( #2603, #525, #1056, #568 ) ) ;
#2752 = DIRECTION ( 'NONE',  ( 0.0000000000000000000, 1.000000000000000000, 0.0000000000000000000 ) ) ;
#2753 = VERTEX_POINT ( 'NONE', #2537 ) ;
#2754 = DIRECTION ( 'NONE',  ( 1.000000000000000000, 6.877458004804173317E-10, 3.846393516578285455E-17 ) ) ;
#2755 = DIRECTION ( 'NONE',  ( 0.0000000000000000000, 0.0000000000000000000, -1.000000000000000000 ) ) ;
#2756 = AXIS2_PLACEMENT_3D ( 'NONE', #2186, #1274, #2647 ) ;
#2757 = CARTESIAN_POINT ( 'NONE',  ( -10.59999999999999964, 0.0000000000000000000, 22.30000000000000071 ) ) ;
#2758 = COORDINATED_UNIVERSAL_TIME_OFFSET ( 2, 0, .AHEAD. ) ;
#2759 = ADVANCED_FACE ( 'NONE', ( #1555 ), #1657, .T. ) ;
#2760 = DIRECTION ( 'NONE',  ( -0.0000000000000000000, 1.000000000000000000, -0.0000000000000000000 ) ) ;
#2761 = EDGE_CURVE ( 'NONE', #195, #1796, #1735, .T. ) ;
#2762 = CYLINDRICAL_SURFACE ( 'NONE', #2259, 1.000000000000000888 ) ;
#2763 = DIRECTION ( 'NONE',  ( -6.877458004804174351E-10, 1.000000000000000000, -2.645340988021821819E-26 ) ) ;
#2764 = VECTOR ( 'NONE', #1844, 1000.000000000000000 ) ;
#2765 = AXIS2_PLACEMENT_3D ( 'NONE', #552, #96, #2141 ) ;
#2766 = VECTOR ( 'NONE', #2772, 1000.000000000000000 ) ;
#2767 = DIRECTION ( 'NONE',  ( 0.0000000000000000000, 0.0000000000000000000, 1.000000000000000000 ) ) ;
#2768 = CARTESIAN_POINT ( 'NONE',  ( -12.54999999552965129, -2.063237401441252150E-10, 22.55000000000000426 ) ) ;
#2769 = CIRCLE ( 'NONE', #2911, 1.000000000000000888 ) ;
#2770 = FACE_OUTER_BOUND ( 'NONE', #2107, .T. ) ;
#2771 = ORIENTED_EDGE ( 'NONE', *, *, #566, .T. ) ;
#2772 = DIRECTION ( 'NONE',  ( 0.0000000000000000000, 1.000000000000000000, 0.0000000000000000000 ) ) ;
#2773 = ORIENTED_EDGE ( 'NONE', *, *, #1102, .F. ) ;
#2774 = ORIENTED_EDGE ( 'NONE', *, *, #2097, .F. ) ;
#2775 = CYLINDRICAL_SURFACE ( 'NONE', #1593, 5.000000000000000000 ) ;
#2776 = ORIENTED_EDGE ( 'NONE', *, *, #904, .F. ) ;
#2777 = DIRECTION ( 'NONE',  ( 1.000000000000000000, 6.877458004804174351E-10, 3.846393516578286071E-17 ) ) ;
#2778 = ADVANCED_FACE ( 'NONE', ( #1042 ), #46, .T. ) ;
#2779 = VERTEX_POINT ( 'NONE', #924 ) ;
#2780 = VERTEX_POINT ( 'NONE', #19 ) ;
#2781 = ORIENTED_EDGE ( 'NONE', *, *, #1550, .F. ) ;
#2782 = AXIS2_PLACEMENT_3D ( 'NONE', #2155, #533, #2800 ) ;
#2783 = ORIENTED_EDGE ( 'NONE', *, *, #212, .T. ) ;
#2784 = EDGE_CURVE ( 'NONE', #817, #398, #1589, .T. ) ;
#2785 = ORIENTED_EDGE ( 'NONE', *, *, #2567, .F. ) ;
#2786 = ORIENTED_EDGE ( 'NONE', *, *, #36, .T. ) ;
#2787 = EDGE_CURVE ( 'NONE', #193, #1541, #966, .T. ) ;
#2788 = DIRECTION ( 'NONE',  ( -0.0000000000000000000, 1.000000000000000000, -0.0000000000000000000 ) ) ;
#2789 = CARTESIAN_POINT ( 'NONE',  ( -9.325580516513118923, -0.2999999999999999889, 1.319444444444444420 ) ) ;
#2790 = DIRECTION ( 'NONE',  ( -0.0000000000000000000, 1.000000000000000000, -0.0000000000000000000 ) ) ;
#2791 = ADVANCED_FACE ( 'NONE', ( #262 ), #45, .T. ) ;
#2792 = DIRECTION ( 'NONE',  ( -1.211217041216082564E-25, -1.000000000000000000, 6.877458004804174351E-10 ) ) ;
#2793 = CARTESIAN_POINT ( 'NONE',  ( 12.54999999999999893, -6.500000000206322071, 6.850000000000000533 ) ) ;
#2794 = PERSON_AND_ORGANIZATION ( #1689, #1266 ) ;
#2795 = AXIS2_PLACEMENT_3D ( 'NONE', #1207, #1879, #297 ) ;
#2796 = LINE ( 'NONE', #1455, #1812 ) ;
#2797 = EDGE_CURVE ( 'NONE', #64, #2044, #2796, .T. ) ;
#2798 = CARTESIAN_POINT ( 'NONE',  ( -9.850000000000001421, -1.300000000000000044, 22.54999999999999716 ) ) ;
#2799 = FACE_OUTER_BOUND ( 'NONE', #1606, .T. ) ;
#2800 = DIRECTION ( 'NONE',  ( 0.0000000000000000000, 0.0000000000000000000, 1.000000000000000000 ) ) ;
#2801 = EDGE_CURVE ( 'NONE', #151, #1246, #1182, .T. ) ;
#2802 = LINE ( 'NONE', #2084, #2940 ) ;
#2803 = ADVANCED_FACE ( 'NONE', ( #1953, #374, #2397, #2835 ), #522, .F. ) ;
#2804 = LINE ( 'NONE', #870, #2915 ) ;
#2805 = CIRCLE ( 'NONE', #2715, 0.9999999999999991118 ) ;
#2806 = VERTEX_POINT ( 'NONE', #1222 ) ;
#2807 = ORIENTED_EDGE ( 'NONE', *, *, #1894, .F. ) ;
#2808 = CYLINDRICAL_SURFACE ( 'NONE', #1915, 0.6499999998994603345 ) ;
#2809 = LINE ( 'NONE', #2390, #2337 ) ;
#2810 = ORIENTED_EDGE ( 'NONE', *, *, #294, .T. ) ;
#2811 = DIRECTION ( 'NONE',  ( 6.877458004804173317E-10, -1.000000000000000000, 0.0000000000000000000 ) ) ;
#2812 = VERTEX_POINT ( 'NONE', #2830 ) ;
#2813 = VERTEX_POINT ( 'NONE', #1234 ) ;
#2814 = CIRCLE ( 'NONE', #502, 0.6499999999999996891 ) ;
#2815 = EDGE_LOOP ( 'NONE', ( #2419, #602, #1609, #1643, #345, #632, #1214, #2179 ) ) ;
#2816 = DIRECTION ( 'NONE',  ( 0.0000000000000000000, 0.0000000000000000000, 1.000000000000000000 ) ) ;
#2818 = VERTEX_POINT ( 'NONE', #1443 ) ;
#2817 = CARTESIAN_POINT ( 'NONE',  ( -11.54999999642372188, -0.2999999999999999334, 22.55000000000000426 ) ) ;
#2819 = AXIS2_PLACEMENT_3D ( 'NONE', #2536, #2790, #2312 ) ;
#2820 = DIRECTION ( 'NONE',  ( -0.0000000000000000000, 1.000000000000000000, -0.0000000000000000000 ) ) ;
#2821 = PERSON_AND_ORGANIZATION_ROLE ( 'design_supplier' ) ;
#2822 = VERTEX_POINT ( 'NONE', #94 ) ;
#2823 = PRODUCT_DEFINITION_SHAPE ( 'NONE', 'NONE',  #1290 ) ;
#2824 = ORIENTED_EDGE ( 'NONE', *, *, #2460, .T. ) ;
#2825 = DIRECTION ( 'NONE',  ( 1.000000000000000000, 6.877458004804174351E-10, 3.846393516578286071E-17 ) ) ;
#2826 = AXIS2_PLACEMENT_3D ( 'NONE', #2322, #733, #985 ) ;
#2827 = EDGE_CURVE ( 'NONE', #1910, #1133, #2906, .T. ) ;
#2828 = ADVANCED_FACE ( 'NONE', ( #1554 ), #1439, .F. ) ;
#2829 = ORIENTED_EDGE ( 'NONE', *, *, #1262, .F. ) ;
#2830 = CARTESIAN_POINT ( 'NONE',  ( 12.54999999645810682, -1.349999999412793805, 15.00000000000000000 ) ) ;
#2831 = EDGE_CURVE ( 'NONE', #880, #1564, #1337, .T. ) ;
#2832 = CARTESIAN_POINT ( 'NONE',  ( -12.84999999999999787, -6.499999999999998224, -22.54999999999999716 ) ) ;
#2833 = DIRECTION ( 'NONE',  ( 1.000000000000000000, -0.0000000000000000000, -1.156482317317873105E-15 ) ) ;
#2834 = DIRECTION ( 'NONE',  ( 0.0000000000000000000, 0.0000000000000000000, -1.000000000000000000 ) ) ;
#2835 = FACE_BOUND ( 'NONE', #2241, .T. ) ;
#2836 = DIRECTION ( 'NONE',  ( 0.0000000000000000000, 1.000000000000000000, 0.0000000000000000000 ) ) ;
#2837 = DIRECTION ( 'NONE',  ( -6.877458005867953435E-10, 1.000000000000000000, 0.0000000000000000000 ) ) ;
#2838 = CYLINDRICAL_SURFACE ( 'NONE', #1817, 0.6499999998994603345 ) ;
#2839 = CARTESIAN_POINT ( 'NONE',  ( 12.84999999999999964, -6.499999999999998224, -22.55000000000000426 ) ) ;
#2840 = DIRECTION ( 'NONE',  ( -0.0000000000000000000, -0.0000000000000000000, 1.000000000000000000 ) ) ;
#2841 = AXIS2_PLACEMENT_3D ( 'NONE', #456, #1395, #2644 ) ;
#2842 = FACE_OUTER_BOUND ( 'NONE', #1492, .T. ) ;
#2843 = CIRCLE ( 'NONE', #2944, 0.2500000000000000000 ) ;
#2844 = EDGE_CURVE ( 'NONE', #1385, #2452, #1474, .T. ) ;
#2845 = VECTOR ( 'NONE', #2161, 1000.000000000000000 ) ;
#2846 = FACE_OUTER_BOUND ( 'NONE', #889, .T. ) ;
#2847 = ORIENTED_EDGE ( 'NONE', *, *, #1216, .T. ) ;
#2848 = VERTEX_POINT ( 'NONE', #2117 ) ;
#2849 = ORIENTED_EDGE ( 'NONE', *, *, #1990, .F. ) ;
#2850 = VERTEX_POINT ( 'NONE', #750 ) ;
#2851 = VERTEX_POINT ( 'NONE', #1436 ) ;
#2852 = ORIENTED_EDGE ( 'NONE', *, *, #1654, .T. ) ;
#2853 = EDGE_LOOP ( 'NONE', ( #1608, #187, #1507, #2771 ) ) ;
#2854 = CARTESIAN_POINT ( 'NONE',  ( 12.54999999735217564, -2.649999999211714474, 15.00000000000000000 ) ) ;
#2855 = CARTESIAN_POINT ( 'NONE',  ( 12.54999999999999893, -6.500000000206322071, 5.849999999999999645 ) ) ;
#2856 = VERTEX_POINT ( 'NONE', #2147 ) ;
#2857 = AXIS2_PLACEMENT_3D ( 'NONE', #154, #1503, #2631 ) ;
#2858 = VERTEX_POINT ( 'NONE', #542 ) ;
#2859 = CARTESIAN_POINT ( 'NONE',  ( -11.54999999642371655, -0.2999999999999999334, -22.54999999999999716 ) ) ;
#2860 = EDGE_CURVE ( 'NONE', #1431, #455, #1006, .T. ) ;
#2861 =( NAMED_UNIT ( * ) SI_UNIT ( $, .STERADIAN. ) SOLID_ANGLE_UNIT ( ) );
#2862 = DIRECTION ( 'NONE',  ( -0.0000000000000000000, 1.000000000000000000, -0.0000000000000000000 ) ) ;
#2863 = AXIS2_PLACEMENT_3D ( 'NONE', #2184, #2660, #1732 ) ;
#2864 = DIRECTION ( 'NONE',  ( 0.0000000000000000000, -1.000000000000000000, 0.0000000000000000000 ) ) ;
#2865 = CC_DESIGN_PERSON_AND_ORGANIZATION_ASSIGNMENT ( #1696, #537, ( #1290 ) ) ;
#2866 = DIRECTION ( 'NONE',  ( -0.0000000000000000000, 1.000000000000000000, -0.0000000000000000000 ) ) ;
#2867 = DIRECTION ( 'NONE',  ( 1.000000000000000000, 6.877458004804173317E-10, 3.846393516578286071E-17 ) ) ;
#2868 = DATE_AND_TIME ( #2687, #1845 ) ;
#2869 = CARTESIAN_POINT ( 'NONE',  ( 9.850000000000004974, -2.063237401441228110E-10, 25.24999999552964880 ) ) ;
#2870 = FACE_OUTER_BOUND ( 'NONE', #2180, .T. ) ;
#2871 = CARTESIAN_POINT ( 'NONE',  ( 12.84999999645810753, -1.349999999206470180, 15.00000000000000000 ) ) ;
#2872 = DIRECTION ( 'NONE',  ( 1.000000000000000000, -0.0000000000000000000, 0.0000000000000000000 ) ) ;
#2873 = TOROIDAL_SURFACE ( 'NONE', #376, 1.699999996423718462, 1.000000000000000000 ) ;
#2874 = DIRECTION ( 'NONE',  ( 0.0000000000000000000, 0.0000000000000000000, -1.000000000000000000 ) ) ;
#2875 = LINE ( 'NONE', #2022, #1230 ) ;
#2876 = DIRECTION ( 'NONE',  ( -0.0000000000000000000, -0.0000000000000000000, -1.000000000000000000 ) ) ;
#2877 = AXIS2_PLACEMENT_3D ( 'NONE', #627, #1768, #1072 ) ;
#2878 = EDGE_CURVE ( 'NONE', #817, #1168, #2156, .T. ) ;
#2879 = VECTOR ( 'NONE', #2893, 1000.000000000000000 ) ;
#2880 = CARTESIAN_POINT ( 'NONE',  ( 4.714045207910317004, -0.2999999999999999889, -1.666666666666666963 ) ) ;
#2881 = LINE ( 'NONE', #738, #2410 ) ;
#2882 = ORIENTED_EDGE ( 'NONE', *, *, #2263, .T. ) ;
#2883 = ORIENTED_EDGE ( 'NONE', *, *, #1002, .T. ) ;
#2884 = LINE ( 'NONE', #987, #65 ) ;
#2885 = EDGE_CURVE ( 'NONE', #1796, #2919, #648, .T. ) ;
#2886 = VECTOR ( 'NONE', #858, 1000.000000000000000 ) ;
#2887 = DIRECTION ( 'NONE',  ( -0.0000000000000000000, 1.000000000000000000, -0.0000000000000000000 ) ) ;
#2888 = ORIENTED_EDGE ( 'NONE', *, *, #960, .T. ) ;
#2889 = ORIENTED_EDGE ( 'NONE', *, *, #318, .F. ) ;
#2891 = ORIENTED_EDGE ( 'NONE', *, *, #1789, .F. ) ;
#2890 = DIRECTION ( 'NONE',  ( 3.846393516578286071E-17, -0.0000000000000000000, -1.000000000000000000 ) ) ;
#2892 = ORIENTED_EDGE ( 'NONE', *, *, #1722, .T. ) ;
#2893 = DIRECTION ( 'NONE',  ( 1.000000000000000000, 0.0000000000000000000, 4.961637056426560467E-17 ) ) ;
#2894 = EDGE_LOOP ( 'NONE', ( #2642, #694, #1895, #1565, #981, #909, #565, #563 ) ) ;
#2895 = CARTESIAN_POINT ( 'NONE',  ( 0.0000000000000000000, -0.2999999999999999889, 0.0000000000000000000 ) ) ;
#2896 = CARTESIAN_POINT ( 'NONE',  ( -9.849999999999997868, -6.499999999999998224, 25.54999999999999716 ) ) ;
#2897 = ORIENTED_EDGE ( 'NONE', *, *, #1136, .T. ) ;
#2898 = VERTEX_POINT ( 'NONE', #2375 ) ;
#2899 = AXIS2_PLACEMENT_3D ( 'NONE', #1865, #2872, #2652 ) ;
#2900 = EDGE_CURVE ( 'NONE', #1822, #271, #2440, .T. ) ;
#2901 = CARTESIAN_POINT ( 'NONE',  ( -9.600000000000001421, -0.2999999999999999889, -22.30000000000000071 ) ) ;
#2902 = DIRECTION ( 'NONE',  ( 0.0000000000000000000, 0.0000000000000000000, 1.000000000000000000 ) ) ;
#2903 = DIRECTION ( 'NONE',  ( 1.000000000000000000, 6.877458004804173317E-10, 3.846393516578286071E-17 ) ) ;
#2904 = EDGE_CURVE ( 'NONE', #63, #1943, #2228, .T. ) ;
#2905 = DIRECTION ( 'NONE',  ( 1.000000000000000000, 6.877458004804173317E-10, 3.846393516578285455E-17 ) ) ;
#2906 = CIRCLE ( 'NONE', #1773, 1.000000000000000888 ) ;
#2907 = DIRECTION ( 'NONE',  ( 0.0000000000000000000, 0.0000000000000000000, 1.000000000000000000 ) ) ;
#2908 = LINE ( 'NONE', #1600, #2654 ) ;
#2909 = FACE_BOUND ( 'NONE', #2210, .T. ) ;
#2910 = CARTESIAN_POINT ( 'NONE',  ( -11.54999999642372188, -0.2999999999999999334, -22.54999999999999716 ) ) ;
#2911 = AXIS2_PLACEMENT_3D ( 'NONE', #1570, #2255, #2023 ) ;
#2912 = CIRCLE ( 'NONE', #1676, 2.699999998211854990 ) ;
#2913 = DIRECTION ( 'NONE',  ( 0.0000000000000000000, 1.000000000000000000, 0.0000000000000000000 ) ) ;
#2914 = CARTESIAN_POINT ( 'NONE',  ( 9.560249323367214558, -0.2999999999999999889, -1.319444444444444420 ) ) ;
#2915 = VECTOR ( 'NONE', #656, 1000.000000000000000 ) ;
#2916 = VECTOR ( 'NONE', #1141, 1000.000000000000000 ) ;
#2917 = EDGE_CURVE ( 'NONE', #1674, #2493, #1847, .T. ) ;
#2918 = ORIENTED_EDGE ( 'NONE', *, *, #2727, .T. ) ;
#2919 = VERTEX_POINT ( 'NONE', #2871 ) ;
#2920 = ORIENTED_EDGE ( 'NONE', *, *, #487, .F. ) ;
#2921 = CARTESIAN_POINT ( 'NONE',  ( 12.84999999999999787, -6.499999999999998224, 22.54999999999999716 ) ) ;
#2922 = EDGE_LOOP ( 'NONE', ( #160, #603, #2599, #2041 ) ) ;
#2923 = VERTEX_POINT ( 'NONE', #346 ) ;
#2924 = EDGE_LOOP ( 'NONE', ( #2946, #2606, #215, #2640 ) ) ;
#2925 = CARTESIAN_POINT ( 'NONE',  ( 9.850000000000001421, -0.2999999999999999334, 22.54999999999999716 ) ) ;
#2926 = VERTEX_POINT ( 'NONE', #1744 ) ;
#2927 = ORIENTED_EDGE ( 'NONE', *, *, #731, .T. ) ;
#2928 = DIRECTION ( 'NONE',  ( -0.0000000000000000000, 1.000000000000000000, -0.0000000000000000000 ) ) ;
#2929 = ORIENTED_EDGE ( 'NONE', *, *, #15, .F. ) ;
#2930 = CARTESIAN_POINT ( 'NONE',  ( -9.849999999999994316, -1.300000000000000044, 24.24999999642371407 ) ) ;
#2931 = DIRECTION ( 'NONE',  ( 0.0000000000000000000, 0.0000000000000000000, 1.000000000000000000 ) ) ;
#2932 = CARTESIAN_POINT ( 'NONE',  ( 9.850000000000001421, -6.499999999999998224, -22.55000000000000071 ) ) ;
#2933 = DIRECTION ( 'NONE',  ( 1.000000000000000000, 6.877458004804173317E-10, 3.846393516578285455E-17 ) ) ;
#2934 = AXIS2_PLACEMENT_3D ( 'NONE', #953, #1685, #1423 ) ;
#2935 = EDGE_CURVE ( 'NONE', #2044, #2848, #683, .T. ) ;
#2936 = EDGE_CURVE ( 'NONE', #1675, #2282, #1223, .T. ) ;
#2937 = LINE ( 'NONE', #2086, #2320 ) ;
#2938 = CARTESIAN_POINT ( 'NONE',  ( -12.85000000309485380, -2.000000016780997480, -15.00000000000000178 ) ) ;
#2939 = CIRCLE ( 'NONE', #2826, 1.000000000000000888 ) ;
#2940 = VECTOR ( 'NONE', #2306, 1000.000000000000000 ) ;
#2941 = VECTOR ( 'NONE', #1336, 1000.000000000000000 ) ;
#2942 = FACE_OUTER_BOUND ( 'NONE', #2564, .T. ) ;
#2943 = CARTESIAN_POINT ( 'NONE',  ( 10.18466880685409670, -0.2999999999999999889, -1.500000000000000000 ) ) ;
#2944 = AXIS2_PLACEMENT_3D ( 'NONE', #895, #2725, #1151 ) ;
#2945 = EDGE_CURVE ( 'NONE', #2269, #695, #833, .T. ) ;
#2946 = ORIENTED_EDGE ( 'NONE', *, *, #2357, .F. ) ;
#2947 = ORIENTED_EDGE ( 'NONE', *, *, #1399, .T. ) ;
#2949 = VERTEX_POINT ( 'NONE', #2388 ) ;
#2948 = PLANE ( 'NONE',  #579 ) ;
#2950 = TOROIDAL_SURFACE ( 'NONE', #462, 1.699999996423715132, 1.300000000000000044 ) ;
#2951 = CIRCLE ( 'NONE', #658, 0.6499999999999995781 ) ;
#2952 = VERTEX_POINT ( 'NONE', #576 ) ;
#2953 = EDGE_LOOP ( 'NONE', ( #1949, #2920, #741, #2709 ) ) ;
#2954 = ORIENTED_EDGE ( 'NONE', *, *, #364, .F. ) ;
#2955 = EDGE_CURVE ( 'NONE', #1246, #1674, #127, .T. ) ;
#2956 = EDGE_LOOP ( 'NONE', ( #2738, #2456, #1633, #1973 ) ) ;
#2957 = DIRECTION ( 'NONE',  ( -0.0000000000000000000, 1.000000000000000000, -0.0000000000000000000 ) ) ;
#2958 = EDGE_LOOP ( 'NONE', ( #2215, #1033, #815, #1321 ) ) ;
ENDSEC;
END-ISO-10303-21;
