ISO-10303-21;
HEADER;
FILE_DESCRIPTION (( 'STEP AP203' ),
    '1' );
FILE_NAME ('MS511-20F.step',
    '2020-11-16T13:19:27',
    ( '' ),
    ( '' ),
    'SwSTEP 2.0',
    'SolidWorks 2018',
    '' );
FILE_SCHEMA (( 'CONFIG_CONTROL_DESIGN' ));
ENDSEC;

DATA;
#1 = ORIENTED_EDGE ( 'NONE', *, *, #696, .F. ) ;
#2 = ORIENTED_EDGE ( 'NONE', *, *, #2793, .F. ) ;
#3 = DIRECTION ( 'NONE',  ( 1.000000000000000000, -8.340016711426962191E-16, 0.0000000000000000000 ) ) ;
#4 = ORIENTED_EDGE ( 'NONE', *, *, #682, .F. ) ;
#5 = ORIENTED_EDGE ( 'NONE', *, *, #2516, .T. ) ;
#6 = ORIENTED_EDGE ( 'NONE', *, *, #1436, .F. ) ;
#7 = VECTOR ( 'NONE', #1760, 1000.000000000000000 ) ;
#8 = LINE ( 'NONE', #93, #2142 ) ;
#9 = EDGE_CURVE ( 'NONE', #2058, #2776, #2288, .T. ) ;
#10 = VECTOR ( 'NONE', #2116, 1000.000000000000000 ) ;
#11 = DIRECTION ( 'NONE',  ( -8.832469204583053680E-39, -2.664535259474970637E-15, 1.000000000000000000 ) ) ;
#12 = FACE_OUTER_BOUND ( 'NONE', #1842, .T. ) ;
#13 = CIRCLE ( 'NONE', #447, 1.000000000000000888 ) ;
#14 = EDGE_CURVE ( 'NONE', #2029, #2747, #329, .T. ) ;
#15 = CARTESIAN_POINT ( 'NONE',  ( -19.20000000264782258, -2.650000026691632371, 14.99999999999999467 ) ) ;
#16 = ORIENTED_EDGE ( 'NONE', *, *, #2719, .F. ) ;
#17 = CARTESIAN_POINT ( 'NONE',  ( 18.89999999552962606, -2.062629581023323055E-10, 22.55000000000001137 ) ) ;
#18 = AXIS2_PLACEMENT_3D ( 'NONE', #2685, #629, #1730 ) ;
#19 = CC_DESIGN_PERSON_AND_ORGANIZATION_ASSIGNMENT ( #1983, #179, ( #2957 ) ) ;
#20 = CARTESIAN_POINT ( 'NONE',  ( 16.94999999999998508, -3.469446951953614189E-15, -1.845747965847528649 ) ) ;
#21 = CYLINDRICAL_SURFACE ( 'NONE', #467, 0.6500000011763020780 ) ;
#22 = CARTESIAN_POINT ( 'NONE',  ( -15.43541917671047514, -1.734723475976807094E-15, -1.500000000000001332 ) ) ;
#23 = DIRECTION ( 'NONE',  ( 1.000000000000000000, 6.877458004804189861E-10, 3.846393723910830979E-17 ) ) ;
#24 = FACE_OUTER_BOUND ( 'NONE', #1348, .T. ) ;
#25 = EDGE_CURVE ( 'NONE', #1214, #797, #816, .T. ) ;
#26 = DIRECTION ( 'NONE',  ( 1.000000000000000000, 6.877458004804189861E-10, 3.846393723910830979E-17 ) ) ;
#27 = ORIENTED_EDGE ( 'NONE', *, *, #2063, .T. ) ;
#28 = CIRCLE ( 'NONE', #1173, 1.299999999999999156 ) ;
#29 = CARTESIAN_POINT ( 'NONE',  ( 0.5000000044703480917, -6.500000012860912335, -25.55000000000001847 ) ) ;
#30 = ORIENTED_EDGE ( 'NONE', *, *, #2012, .F. ) ;
#31 = DIRECTION ( 'NONE',  ( -1.654361040770606036E-24, -1.000000000000000000, 6.877431359451575076E-10 ) ) ;
#32 = EDGE_CURVE ( 'NONE', #1144, #2848, #1504, .T. ) ;
#33 = DIRECTION ( 'NONE',  ( -1.000000000000000000, -1.654361029918985120E-24, -2.408024537242689745E-25 ) ) ;
#34 = AXIS2_PLACEMENT_3D ( 'NONE', #37, #695, #1621 ) ;
#35 = PLANE ( 'NONE',  #2417 ) ;
#36 = ORIENTED_EDGE ( 'NONE', *, *, #1116, .T. ) ;
#37 = CARTESIAN_POINT ( 'NONE',  ( -19.20000000309485699, -2.000000025515330293, 14.99999999999999645 ) ) ;
#38 = ORIENTED_EDGE ( 'NONE', *, *, #1762, .T. ) ;
#39 = ORIENTED_EDGE ( 'NONE', *, *, #2836, .T. ) ;
#40 = ORIENTED_EDGE ( 'NONE', *, *, #2751, .F. ) ;
#41 = VERTEX_POINT ( 'NONE', #48 ) ;
#42 = VERTEX_POINT ( 'NONE', #2114 ) ;
#43 = CARTESIAN_POINT ( 'NONE',  ( -0.4999999955296527410, -6.500000013548522304, 25.54999999999996874 ) ) ;
#44 = CYLINDRICAL_SURFACE ( 'NONE', #1520, 0.2500000000000002220 ) ;
#45 = ORIENTED_EDGE ( 'NONE', *, *, #208, .F. ) ;
#46 = CYLINDRICAL_SURFACE ( 'NONE', #1696, 1.299999999999999156 ) ;
#47 = CARTESIAN_POINT ( 'NONE',  ( -16.19999999999998863, -6.591949208711866959E-14, -24.24999999642372828 ) ) ;
#48 = CARTESIAN_POINT ( 'NONE',  ( -16.20000000000002416, -1.299999999105863502, 25.24999999821185170 ) ) ;
#49 = EDGE_CURVE ( 'NONE', #1512, #714, #221, .T. ) ;
#50 = FACE_OUTER_BOUND ( 'NONE', #1678, .T. ) ;
#51 = DIRECTION ( 'NONE',  ( 1.000000000000000000, 6.877458004804189861E-10, 3.846393723910830979E-17 ) ) ;
#52 = EDGE_LOOP ( 'NONE', ( #1250, #133, #505, #1275 ) ) ;
#53 = AXIS2_PLACEMENT_3D ( 'NONE', #323, #126, #561 ) ;
#54 = ADVANCED_FACE ( 'NONE', ( #292 ), #2772, .F. ) ;
#55 = DIRECTION ( 'NONE',  ( -6.877457992358068473E-10, 1.000000000000000000, 2.664535259474971425E-15 ) ) ;
#56 = DIRECTION ( 'NONE',  ( -6.877458004804188827E-10, -1.000000000000000000, -2.664535259474970637E-15 ) ) ;
#57 = CYLINDRICAL_SURFACE ( 'NONE', #256, 1.000000000000000888 ) ;
#58 = CARTESIAN_POINT ( 'NONE',  ( 16.20000000000000995, -1.300000000000065770, -24.24999999642371407 ) ) ;
#59 = AXIS2_PLACEMENT_3D ( 'NONE', #354, #795, #2435 ) ;
#60 = DIRECTION ( 'NONE',  ( 2.067968919895900044E-17, 2.664535259474969848E-15, 1.000000000000000000 ) ) ;
#61 = LINE ( 'NONE', #1839, #2155 ) ;
#62 = DIRECTION ( 'NONE',  ( -1.654361043747359972E-24, -1.000000000000000000, -2.664535259474971031E-15 ) ) ;
#63 = ORIENTED_EDGE ( 'NONE', *, *, #1970, .T. ) ;
#64 = TOROIDAL_SURFACE ( 'NONE', #2520, 1.699999996423718462, 1.300000000000000044 ) ;
#65 = DIRECTION ( 'NONE',  ( 1.654361043747359972E-24, 1.000000000000000000, 2.664535259474971031E-15 ) ) ;
#66 = DIRECTION ( 'NONE',  ( -2.408024537242689745E-25, -2.664535259474969848E-15, -1.000000000000000000 ) ) ;
#67 = DIRECTION ( 'NONE',  ( -1.654361043747359972E-24, -1.000000000000000000, -2.664535259474971031E-15 ) ) ;
#68 = ORIENTED_EDGE ( 'NONE', *, *, #14, .T. ) ;
#69 = CALENDAR_DATE ( 2020, 16, 11 ) ;
#70 = DIRECTION ( 'NONE',  ( 1.654361043747359972E-24, 1.000000000000000000, 2.664535259474971031E-15 ) ) ;
#71 = AXIS2_PLACEMENT_3D ( 'NONE', #312, #1196, #1898 ) ;
#72 = EDGE_CURVE ( 'NONE', #1279, #185, #2638, .T. ) ;
#73 = ORIENTED_EDGE ( 'NONE', *, *, #1483, .T. ) ;
#74 = ADVANCED_FACE ( 'NONE', ( #1038 ), #1568, .F. ) ;
#75 = CARTESIAN_POINT ( 'NONE',  ( -19.20000000309485699, -2.000000025515330293, 14.99999999999999645 ) ) ;
#76 = EDGE_CURVE ( 'NONE', #2095, #1572, #2783, .T. ) ;
#77 = DIRECTION ( 'NONE',  ( -1.084202165782361629E-15, 2.664535259474969848E-15, 1.000000000000000000 ) ) ;
#78 = AXIS2_PLACEMENT_3D ( 'NONE', #2097, #248, #929 ) ;
#79 = ORIENTED_EDGE ( 'NONE', *, *, #1820, .T. ) ;
#80 = ORIENTED_EDGE ( 'NONE', *, *, #2573, .F. ) ;
#81 = CARTESIAN_POINT ( 'NONE',  ( -15.43541917671047514, -0.3000000000000016542, -1.500000000000001332 ) ) ;
#82 = EDGE_LOOP ( 'NONE', ( #1200, #574, #544, #1925 ) ) ;
#83 = VECTOR ( 'NONE', #1645, 1000.000000000000000 ) ;
#84 = ORIENTED_EDGE ( 'NONE', *, *, #1501, .T. ) ;
#85 = FACE_OUTER_BOUND ( 'NONE', #1864, .T. ) ;
#86 = DIRECTION ( 'NONE',  ( 1.654361043747359972E-24, 1.000000000000000000, 2.664535259474971031E-15 ) ) ;
#87 = ADVANCED_FACE ( 'NONE', ( #1426 ), #135, .F. ) ;
#88 = CARTESIAN_POINT ( 'NONE',  ( -19.20000000264782258, -2.650000026691707866, -15.00000000000001421 ) ) ;
#89 = FACE_OUTER_BOUND ( 'NONE', #1595, .T. ) ;
#90 = EDGE_CURVE ( 'NONE', #2238, #889, #8, .T. ) ;
#91 = LINE ( 'NONE', #721, #2445 ) ;
#92 = CARTESIAN_POINT ( 'NONE',  ( -4.949747468305829123, -0.2999999999999938272, 1.750000000000005107 ) ) ;
#93 = CARTESIAN_POINT ( 'NONE',  ( -16.30000000000001137, -0.3000000000000016542, -0.8499999999999983125 ) ) ;
#94 = EDGE_CURVE ( 'NONE', #2826, #122, #445, .T. ) ;
#95 = CARTESIAN_POINT ( 'NONE',  ( 16.94999999999998508, 3.469446951953614189E-15, 1.500000000000004885 ) ) ;
#96 = AXIS2_PLACEMENT_3D ( 'NONE', #2222, #1987, #2468 ) ;
#97 = CARTESIAN_POINT ( 'NONE',  ( -18.89999999645811002, -1.350000024132783416, -15.00000000000001243 ) ) ;
#98 = ORIENTED_EDGE ( 'NONE', *, *, #2530, .F. ) ;
#99 = TOROIDAL_SURFACE ( 'NONE', #2042, 1.699999996423718462, 1.000000000000000000 ) ;
#100 = DIRECTION ( 'NONE',  ( 2.891205775820964654E-15, -2.664535259474969848E-15, -1.000000000000000000 ) ) ;
#101 = ADVANCED_FACE ( 'NONE', ( #2709 ), #2602, .T. ) ;
#102 = ORIENTED_EDGE ( 'NONE', *, *, #2337, .T. ) ;
#103 = FACE_OUTER_BOUND ( 'NONE', #408, .T. ) ;
#104 = DIRECTION ( 'NONE',  ( 0.0000000000000000000, -2.602085213965208275E-15, -1.000000000000000000 ) ) ;
#105 = ORIENTED_EDGE ( 'NONE', *, *, #605, .T. ) ;
#106 = DIRECTION ( 'NONE',  ( 1.654361043747359972E-24, 1.000000000000000000, 2.664535259474971031E-15 ) ) ;
#107 = DIRECTION ( 'NONE',  ( 0.0000000000000000000, 2.656295322589483497E-15, 1.000000000000000000 ) ) ;
#108 = CARTESIAN_POINT ( 'NONE',  ( -16.19999999999998863, -1.299999999312319021, -25.24999999642373183 ) ) ;
#109 = AXIS2_PLACEMENT_3D ( 'NONE', #1172, #1412, #694 ) ;
#110 = EDGE_CURVE ( 'NONE', #395, #1599, #1336, .T. ) ;
#111 = DIRECTION ( 'NONE',  ( 1.654361043747359972E-24, 1.000000000000000000, 2.664535259474971031E-15 ) ) ;
#112 = DIRECTION ( 'NONE',  ( 1.000000000000000000, 6.877458004804189861E-10, 3.846393723910830979E-17 ) ) ;
#113 = DIRECTION ( 'NONE',  ( 1.000000000000000000, 1.654360230909294036E-24, 0.0000000000000000000 ) ) ;
#114 = ORIENTED_EDGE ( 'NONE', *, *, #534, .F. ) ;
#115 = AXIS2_PLACEMENT_3D ( 'NONE', #2365, #67, #319 ) ;
#116 = ORIENTED_EDGE ( 'NONE', *, *, #9, .T. ) ;
#118 = EDGE_LOOP ( 'NONE', ( #2277, #1186, #1529, #547 ) ) ;
#117 = DIRECTION ( 'NONE',  ( 1.654361043747359972E-24, 1.000000000000000000, 2.664535259474971031E-15 ) ) ;
#119 = ADVANCED_FACE ( 'NONE', ( #50 ), #2621, .T. ) ;
#120 = DIRECTION ( 'NONE',  ( 1.654361043747359972E-24, 1.000000000000000000, 2.664535259474971031E-15 ) ) ;
#121 = ORIENTED_EDGE ( 'NONE', *, *, #2460, .F. ) ;
#122 = VERTEX_POINT ( 'NONE', #1243 ) ;
#123 = VECTOR ( 'NONE', #2850, 1000.000000000000000 ) ;
#124 = ORIENTED_EDGE ( 'NONE', *, *, #1205, .T. ) ;
#125 = DIRECTION ( 'NONE',  ( -1.000000000000000000, -6.877458004804157808E-10, -4.336808666165981978E-15 ) ) ;
#126 = DIRECTION ( 'NONE',  ( -1.000000000000000000, -1.654361029918984018E-24, 2.408024537242733826E-25 ) ) ;
#127 = CIRCLE ( 'NONE', #2386, 2.699999998211865204 ) ;
#128 = VERTEX_POINT ( 'NONE', #1945 ) ;
#129 = FACE_OUTER_BOUND ( 'NONE', #503, .T. ) ;
#130 = VECTOR ( 'NONE', #160, 1000.000000000000000 ) ;
#131 = DIRECTION ( 'NONE',  ( 1.000000000000000000, 6.877458004804189861E-10, 3.846393723910830979E-17 ) ) ;
#132 = CARTESIAN_POINT ( 'NONE',  ( -15.94999999999999574, -5.898059818321144121E-14, -22.30000000000001492 ) ) ;
#133 = ORIENTED_EDGE ( 'NONE', *, *, #826, .T. ) ;
#134 = EDGE_CURVE ( 'NONE', #2178, #1725, #2293, .T. ) ;
#135 = PLANE ( 'NONE',  #53 ) ;
#136 = EDGE_CURVE ( 'NONE', #546, #477, #661, .T. ) ;
#137 = CIRCLE ( 'NONE', #2141, 0.2499999999999997780 ) ;
#138 = DIRECTION ( 'NONE',  ( -6.877457992358068473E-10, 1.000000000000000000, 2.668805342826901320E-15 ) ) ;
#139 = CARTESIAN_POINT ( 'NONE',  ( 19.19999999552964809, 6.071532165918824830E-14, 22.55000000000001137 ) ) ;
#140 = AXIS2_PLACEMENT_3D ( 'NONE', #555, #994, #301 ) ;
#141 = DIRECTION ( 'NONE',  ( -1.707267864551459687E-24, -1.000000000000000000, -6.877484650156772593E-10 ) ) ;
#142 = VECTOR ( 'NONE', #141, 1000.000000000000000 ) ;
#143 = ORIENTED_EDGE ( 'NONE', *, *, #2086, .T. ) ;
#144 = CARTESIAN_POINT ( 'NONE',  ( -15.43541917671047514, -1.734723475976807094E-15, -1.250000000000011546 ) ) ;
#145 = ADVANCED_FACE ( 'NONE', ( #451 ), #1688, .T. ) ;
#146 = EDGE_CURVE ( 'NONE', #2498, #128, #556, .T. ) ;
#147 = PLANE ( 'NONE',  #905 ) ;
#148 = VERTEX_POINT ( 'NONE', #1238 ) ;
#149 = CARTESIAN_POINT ( 'NONE',  ( 15.67558051651309725, -0.2999999999999964362, 1.319444444444456410 ) ) ;
#150 = CARTESIAN_POINT ( 'NONE',  ( -16.95000000000000995, -0.2999999999999964362, 1.499999999999987566 ) ) ;
#151 = AXIS2_PLACEMENT_3D ( 'NONE', #2069, #232, #930 ) ;
#152 = VERTEX_POINT ( 'NONE', #2370 ) ;
#153 = CARTESIAN_POINT ( 'NONE',  ( 19.19999999690513093, -1.999999999105930515, -1.040834085586084257E-14 ) ) ;
#154 = VECTOR ( 'NONE', #690, 1000.000000000000000 ) ;
#155 = ORIENTED_EDGE ( 'NONE', *, *, #90, .F. ) ;
#156 = CIRCLE ( 'NONE', #2152, 1.299999999999999156 ) ;
#157 = APPLICATION_PROTOCOL_DEFINITION ( 'international standard', 'config_control_design', 1994, #1305 ) ;
#158 = CARTESIAN_POINT ( 'NONE',  ( -16.95000000000002416, -0.2999999999999409250, 22.29999999999999716 ) ) ;
#159 = VECTOR ( 'NONE', #742, 1000.000000000000000 ) ;
#160 = DIRECTION ( 'NONE',  ( -1.707267864551459687E-24, -1.000000000000000000, -6.877484650156772593E-10 ) ) ;
#161 = ADVANCED_FACE ( 'NONE', ( #931 ), #1794, .T. ) ;
#162 = CARTESIAN_POINT ( 'NONE',  ( -18.89999999999998437, -6.500000000206383355, -22.55000000000001492 ) ) ;
#163 = CARTESIAN_POINT ( 'NONE',  ( 18.89999999645809936, -1.349999998135912094, 15.00000000000000178 ) ) ;
#164 = DIRECTION ( 'NONE',  ( 0.0000000000000000000, -2.664535259474970637E-15, -1.000000000000000000 ) ) ;
#165 = AXIS2_PLACEMENT_3D ( 'NONE', #252, #1401, #488 ) ;
#166 = EDGE_CURVE ( 'NONE', #1137, #2133, #730, .T. ) ;
#167 = CARTESIAN_POINT ( 'NONE',  ( -0.4999999951170105983, -7.100000013548521949, 25.54999999999996874 ) ) ;
#168 = CIRCLE ( 'NONE', #1074, 0.2499999999999997780 ) ;
#169 = CARTESIAN_POINT ( 'NONE',  ( 0.5000000048829902344, -7.100000012860776977, 25.24999999821183394 ) ) ;
#170 = EDGE_CURVE ( 'NONE', #2437, #2702, #2408, .T. ) ;
#171 = CIRCLE ( 'NONE', #773, 1.000000000000000888 ) ;
#172 = DIRECTION ( 'NONE',  ( 0.0000000000000000000, 2.664535259474969848E-15, 1.000000000000000000 ) ) ;
#173 = DIRECTION ( 'NONE',  ( 1.654361043747359972E-24, 1.000000000000000000, 2.664535259474971031E-15 ) ) ;
#174 = ORIENTED_EDGE ( 'NONE', *, *, #1302, .T. ) ;
#175 = AXIS2_PLACEMENT_3D ( 'NONE', #583, #2188, #388 ) ;
#176 = CARTESIAN_POINT ( 'NONE',  ( 16.39958348125051302, -0.3000000000000033751, -1.499999999999990896 ) ) ;
#177 = CC_DESIGN_APPROVAL ( #982, ( #831 ) ) ;
#178 = DIRECTION ( 'NONE',  ( 1.654361043747359972E-24, 1.000000000000000000, 2.664535259474971031E-15 ) ) ;
#179 = PERSON_AND_ORGANIZATION_ROLE ( 'design_owner' ) ;
#180 = ORIENTED_EDGE ( 'NONE', *, *, #954, .T. ) ;
#181 = DIRECTION ( 'NONE',  ( 1.654361043747359972E-24, 1.000000000000000000, 2.664535259474971031E-15 ) ) ;
#182 = EDGE_CURVE ( 'NONE', #2385, #2306, #483, .T. ) ;
#184 = ORIENTED_EDGE ( 'NONE', *, *, #1829, .T. ) ;
#183 = CARTESIAN_POINT ( 'NONE',  ( -17.89999999642370909, -1.300000000000058886, -22.55000000000001492 ) ) ;
#185 = VERTEX_POINT ( 'NONE', #1964 ) ;
#186 = ORIENTED_EDGE ( 'NONE', *, *, #770, .F. ) ;
#187 = EDGE_CURVE ( 'NONE', #1202, #42, #1723, .T. ) ;
#188 = DIRECTION ( 'NONE',  ( -6.877457992358068473E-10, 1.000000000000000000, 2.664535259474971425E-15 ) ) ;
#189 = CARTESIAN_POINT ( 'NONE',  ( -0.4999999955296527410, -6.500000013548522304, 25.54999999999996874 ) ) ;
#190 = ORIENTED_EDGE ( 'NONE', *, *, #1376, .T. ) ;
#191 = VERTEX_POINT ( 'NONE', #2161 ) ;
#192 = LINE ( 'NONE', #2156, #621 ) ;
#193 = EDGE_LOOP ( 'NONE', ( #494, #2853, #486, #650 ) ) ;
#194 = DIRECTION ( 'NONE',  ( 2.408024537242689745E-25, 2.667137344314340908E-15, 1.000000000000000000 ) ) ;
#195 = CARTESIAN_POINT ( 'NONE',  ( -4.949747468305829123, -0.2999999999999938272, 1.499999999999994449 ) ) ;
#196 = AXIS2_PLACEMENT_3D ( 'NONE', #812, #1744, #2431 ) ;
#197 = CYLINDRICAL_SURFACE ( 'NONE', #1609, 2.699999998211865204 ) ;
#198 = ORIENTED_EDGE ( 'NONE', *, *, #599, .F. ) ;
#199 = FACE_OUTER_BOUND ( 'NONE', #2791, .T. ) ;
#200 = DIRECTION ( 'NONE',  ( 1.654361043747359972E-24, 1.000000000000000000, 2.664535259474971031E-15 ) ) ;
#201 = DIRECTION ( 'NONE',  ( 2.408024537242689745E-25, 2.664535259474969848E-15, 1.000000000000000000 ) ) ;
#202 = LINE ( 'NONE', #1499, #130 ) ;
#203 = CARTESIAN_POINT ( 'NONE',  ( -0.4999999951170105983, -7.100000013548523725, 25.24999999821183394 ) ) ;
#204 = ORIENTED_EDGE ( 'NONE', *, *, #2423, .F. ) ;
#205 = DIRECTION ( 'NONE',  ( 0.0000000000000000000, -2.664535259474970242E-15, -1.000000000000000000 ) ) ;
#206 = FACE_OUTER_BOUND ( 'NONE', #224, .T. ) ;
#207 = CARTESIAN_POINT ( 'NONE',  ( -19.19999999999999218, -6.500000000000060396, -22.55000000000005755 ) ) ;
#208 = EDGE_CURVE ( 'NONE', #1567, #2437, #266, .T. ) ;
#209 = VECTOR ( 'NONE', #2414, 1000.000000000000000 ) ;
#210 = PLANE ( 'NONE',  #679 ) ;
#211 = LINE ( 'NONE', #1323, #1872 ) ;
#212 = CARTESIAN_POINT ( 'NONE',  ( 18.89999999690513377, -1.999999999312214172, 15.00000000000000000 ) ) ;
#213 = EDGE_LOOP ( 'NONE', ( #780, #1734, #504, #124 ) ) ;
#214 = DATE_AND_TIME ( #745, #807 ) ;
#215 = CC_DESIGN_SECURITY_CLASSIFICATION ( #2206, ( #831 ) ) ;
#216 = ORIENTED_EDGE ( 'NONE', *, *, #2659, .T. ) ;
#217 = EDGE_CURVE ( 'NONE', #767, #1161, #2752, .T. ) ;
#218 = EDGE_LOOP ( 'NONE', ( #1745, #2523, #1272, #1928 ) ) ;
#219 = DIRECTION ( 'NONE',  ( 1.654361043747359972E-24, 1.000000000000000000, 2.664535259474971031E-15 ) ) ;
#220 = VERTEX_POINT ( 'NONE', #1524 ) ;
#221 = LINE ( 'NONE', #736, #368 ) ;
#222 = EDGE_CURVE ( 'NONE', #1610, #2251, #1546, .T. ) ;
#223 = LINE ( 'NONE', #713, #1636 ) ;
#224 = EDGE_LOOP ( 'NONE', ( #102, #2274, #2666, #2913 ) ) ;
#225 = CIRCLE ( 'NONE', #230, 0.6500000000000030198 ) ;
#226 = CARTESIAN_POINT ( 'NONE',  ( -19.20000000000001350, -6.499999999999939604, 22.54999999999999716 ) ) ;
#227 = VECTOR ( 'NONE', #1594, 1000.000000000000000 ) ;
#228 = PERSON ( 'UNSPECIFIED', 'UNSPECIFIED', 'UNSPECIFIED', ('UNSPECIFIED'), ('UNSPECIFIED'), ('UNSPECIFIED') ) ;
#229 = PLANE ( 'NONE',  #2810 ) ;
#230 = AXIS2_PLACEMENT_3D ( 'NONE', #1825, #499, #2534 ) ;
#231 = DIRECTION ( 'NONE',  ( 1.000000000000000000, 1.654361029918985120E-24, 2.408024537242689745E-25 ) ) ;
#232 = DIRECTION ( 'NONE',  ( 1.654361043747359972E-24, 1.000000000000000000, 2.664535259474971031E-15 ) ) ;
#233 = LINE ( 'NONE', #158, #1011 ) ;
#234 = CARTESIAN_POINT ( 'NONE',  ( 4.949747468305829123, -6.938893903907228378E-15, -1.499999999999997780 ) ) ;
#235 = VECTOR ( 'NONE', #2924, 1000.000000000000000 ) ;
#236 = EDGE_CURVE ( 'NONE', #1599, #1666, #1259, .T. ) ;
#237 = ORIENTED_EDGE ( 'NONE', *, *, #1478, .T. ) ;
#238 = VERTEX_POINT ( 'NONE', #1741 ) ;
#239 = COORDINATED_UNIVERSAL_TIME_OFFSET ( 2, 0, .AHEAD. ) ;
#240 = CARTESIAN_POINT ( 'NONE',  ( 18.89999999552966159, -2.063809192986987284E-10, -22.54999999999999361 ) ) ;
#241 = ORIENTED_EDGE ( 'NONE', *, *, #434, .T. ) ;
#242 = AXIS2_PLACEMENT_3D ( 'NONE', #1280, #864, #1324 ) ;
#243 = CARTESIAN_POINT ( 'NONE',  ( 16.39958348125051302, -0.3000000000000051514, -0.8499999999999928724 ) ) ;
#244 = PLANE ( 'NONE',  #2295 ) ;
#245 = CARTESIAN_POINT ( 'NONE',  ( -16.20000000000002416, -1.299999999105870607, 22.54999999999999716 ) ) ;
#246 = ORIENTED_EDGE ( 'NONE', *, *, #2653, .T. ) ;
#247 = ORIENTED_EDGE ( 'NONE', *, *, #2219, .F. ) ;
#248 = DIRECTION ( 'NONE',  ( 1.000000000000000000, 6.877458004804189861E-10, 3.846393723910830979E-17 ) ) ;
#249 = ORIENTED_EDGE ( 'NONE', *, *, #749, .T. ) ;
#250 = VERTEX_POINT ( 'NONE', #1981 ) ;
#251 = ORIENTED_EDGE ( 'NONE', *, *, #2553, .T. ) ;
#252 = CARTESIAN_POINT ( 'NONE',  ( -18.89999999690514443, -2.000000025309085494, -15.00000000000001421 ) ) ;
#253 = VERTEX_POINT ( 'NONE', #169 ) ;
#254 = ORIENTED_EDGE ( 'NONE', *, *, #884, .T. ) ;
#255 = LINE ( 'NONE', #2763, #2864 ) ;
#256 = AXIS2_PLACEMENT_3D ( 'NONE', #674, #2255, #2944 ) ;
#257 = EDGE_LOOP ( 'NONE', ( #630, #882 ) ) ;
#258 = EDGE_CURVE ( 'NONE', #400, #1144, #202, .T. ) ;
#259 = CARTESIAN_POINT ( 'NONE',  ( 19.19999999999998863, -6.499999999999935163, 22.54999999999998295 ) ) ;
#260 = DIRECTION ( 'NONE',  ( 1.000000000000000000, 1.654361029918985120E-24, 2.408024537242689745E-25 ) ) ;
#261 = CIRCLE ( 'NONE', #1020, 0.2499999999999997780 ) ;
#262 = ORIENTED_EDGE ( 'NONE', *, *, #1602, .F. ) ;
#263 = LINE ( 'NONE', #1261, #1004 ) ;
#264 = AXIS2_PLACEMENT_3D ( 'NONE', #1169, #23, #699 ) ;
#265 = DIRECTION ( 'NONE',  ( 1.000000000000000000, 1.654361029918985120E-24, 2.408024537242689745E-25 ) ) ;
#266 = LINE ( 'NONE', #834, #337 ) ;
#267 = ORIENTED_EDGE ( 'NONE', *, *, #2224, .F. ) ;
#268 = ORIENTED_EDGE ( 'NONE', *, *, #1639, .F. ) ;
#269 = DIRECTION ( 'NONE',  ( -2.408024537242689745E-25, -2.664535259474969848E-15, -1.000000000000000000 ) ) ;
#270 = AXIS2_PLACEMENT_3D ( 'NONE', #1296, #602, #1278 ) ;
#271 = CARTESIAN_POINT ( 'NONE',  ( -15.67558051651312212, -0.2999999999999964362, 1.319444444444432207 ) ) ;
#272 = VECTOR ( 'NONE', #2384, 1000.000000000000000 ) ;
#273 = DIRECTION ( 'NONE',  ( 6.877458004804157808E-10, -1.000000000000000000, -2.664535259474971031E-15 ) ) ;
#274 = DIRECTION ( 'NONE',  ( 0.0000000000000000000, 2.668805347656621354E-15, 1.000000000000000000 ) ) ;
#275 = FACE_OUTER_BOUND ( 'NONE', #2572, .T. ) ;
#276 = CARTESIAN_POINT ( 'NONE',  ( -0.4999999951170105983, -7.100000013548521949, 25.54999999999996874 ) ) ;
#277 = LINE ( 'NONE', #863, #1732 ) ;
#278 = ADVANCED_FACE ( 'NONE', ( #2620 ), #2420, .F. ) ;
#279 = ORIENTED_EDGE ( 'NONE', *, *, #2402, .T. ) ;
#280 = FACE_OUTER_BOUND ( 'NONE', #1289, .T. ) ;
#281 = CARTESIAN_POINT ( 'NONE',  ( -16.95000000000000995, -0.3000000000000033751, -1.500000000000001332 ) ) ;
#282 = EDGE_CURVE ( 'NONE', #1878, #1244, #376, .T. ) ;
#283 = DIRECTION ( 'NONE',  ( 1.654361043747359972E-24, 1.000000000000000000, 2.664535259474971031E-15 ) ) ;
#284 = AXIS2_PLACEMENT_3D ( 'NONE', #342, #2585, #2806 ) ;
#285 = CARTESIAN_POINT ( 'NONE',  ( -16.20000000000002416, -0.2999999999999409250, 22.54999999999999716 ) ) ;
#286 = DIRECTION ( 'NONE',  ( 1.000000000000000000, 1.654361023047264081E-24, -2.067968919895900044E-17 ) ) ;
#287 = EDGE_LOOP ( 'NONE', ( #1359, #1256, #121, #985 ) ) ;
#288 = DIRECTION ( 'NONE',  ( 0.0000000000000000000, 2.656295324172758494E-15, 1.000000000000000000 ) ) ;
#289 = EDGE_LOOP ( 'NONE', ( #80, #2674, #2713, #757 ) ) ;
#290 = VERTEX_POINT ( 'NONE', #2210 ) ;
#291 = ORIENTED_EDGE ( 'NONE', *, *, #866, .T. ) ;
#292 = FACE_OUTER_BOUND ( 'NONE', #1648, .T. ) ;
#293 = ADVANCED_FACE ( 'NONE', ( #588 ), #1117, .F. ) ;
#294 = CARTESIAN_POINT ( 'NONE',  ( -15.67558051651312212, -3.469446951953614189E-15, -1.319444444444456410 ) ) ;
#295 = VECTOR ( 'NONE', #496, 1000.000000000000000 ) ;
#296 = ORIENTED_EDGE ( 'NONE', *, *, #2202, .T. ) ;
#297 = VECTOR ( 'NONE', #2331, 1000.000000000000000 ) ;
#298 = DIRECTION ( 'NONE',  ( -1.000000000000000000, -1.654361029918985120E-24, -2.408024537242689745E-25 ) ) ;
#299 = EDGE_CURVE ( 'NONE', #2461, #372, #1511, .T. ) ;
#300 = LINE ( 'NONE', #1811, #1937 ) ;
#301 = DIRECTION ( 'NONE',  ( -8.792610053167254842E-39, -2.664535259474970637E-15, 1.000000000000000000 ) ) ;
#302 = ORIENTED_EDGE ( 'NONE', *, *, #2910, .F. ) ;
#303 = AXIS2_PLACEMENT_3D ( 'NONE', #338, #1517, #2201 ) ;
#304 = PLANE ( 'NONE',  #870 ) ;
#305 = CARTESIAN_POINT ( 'NONE',  ( -16.20000000000000995, -6.500000000206253681, 25.24999999999999289 ) ) ;
#306 = ADVANCED_FACE ( 'NONE', ( #2550 ), #2939, .T. ) ;
#307 = CIRCLE ( 'NONE', #865, 2.999999996423724724 ) ;
#308 = CARTESIAN_POINT ( 'NONE',  ( -19.19999999999997797, -6.500000000000060396, -22.55000000000001492 ) ) ;
#309 = VECTOR ( 'NONE', #415, 1000.000000000000000 ) ;
#310 = ORIENTED_EDGE ( 'NONE', *, *, #1988, .F. ) ;
#311 = EDGE_CURVE ( 'NONE', #2313, #1844, #1432, .T. ) ;
#312 = CARTESIAN_POINT ( 'NONE',  ( -16.20000000000002416, -6.499999999999936939, 22.54999999999999716 ) ) ;
#313 = CARTESIAN_POINT ( 'NONE',  ( 16.39958348125051302, -0.3000000000000016542, -0.8499999999999928724 ) ) ;
#314 = VERTEX_POINT ( 'NONE', #1954 ) ;
#315 = PLANE ( 'NONE',  #557 ) ;
#316 = EDGE_CURVE ( 'NONE', #546, #2551, #965, .T. ) ;
#317 = DIRECTION ( 'NONE',  ( 1.654361043747359972E-24, 1.000000000000000000, 2.664535259474971031E-15 ) ) ;
#318 = ADVANCED_FACE ( 'NONE', ( #413, #2868, #2682, #515 ), #147, .T. ) ;
#319 = DIRECTION ( 'NONE',  ( 0.0000000000000000000, 2.602085213965217347E-15, 1.000000000000000000 ) ) ;
#320 = CARTESIAN_POINT ( 'NONE',  ( -16.30000000000001137, -0.3000000000000033751, -1.500000000000001332 ) ) ;
#321 = ORIENTED_EDGE ( 'NONE', *, *, #2122, .T. ) ;
#322 = CARTESIAN_POINT ( 'NONE',  ( -15.95000000000002238, 5.898059818321144121E-14, 22.29999999999999716 ) ) ;
#323 = CARTESIAN_POINT ( 'NONE',  ( -16.95000000000000995, -0.3000000000000033751, -1.500000000000001332 ) ) ;
#324 = ORIENTED_EDGE ( 'NONE', *, *, #311, .F. ) ;
#325 = ORIENTED_EDGE ( 'NONE', *, *, #1879, .T. ) ;
#326 = ORIENTED_EDGE ( 'NONE', *, *, #311, .T. ) ;
#327 = VERTEX_POINT ( 'NONE', #2259 ) ;
#328 = VECTOR ( 'NONE', #2814, 1000.000000000000000 ) ;
#329 = LINE ( 'NONE', #1207, #2676 ) ;
#330 = CARTESIAN_POINT ( 'NONE',  ( -16.19999999999998863, -6.499999999999928946, 25.54999999999998650 ) ) ;
#331 = DIRECTION ( 'NONE',  ( 1.000000000000000000, 6.877458004804189861E-10, 3.846393723910830979E-17 ) ) ;
#332 = LINE ( 'NONE', #2311, #1603 ) ;
#333 = ORIENTED_EDGE ( 'NONE', *, *, #2569, .T. ) ;
#334 = EDGE_CURVE ( 'NONE', #2848, #2935, #2646, .T. ) ;
#335 = CIRCLE ( 'NONE', #794, 0.2499999999999973910 ) ;
#336 = DIRECTION ( 'NONE',  ( 1.654361043747359972E-24, 1.000000000000000000, 2.664535259474971031E-15 ) ) ;
#337 = VECTOR ( 'NONE', #2894, 1000.000000000000000 ) ;
#338 = CARTESIAN_POINT ( 'NONE',  ( -16.19999999999998863, -1.300000000000065770, -24.24999999642372828 ) ) ;
#339 = ADVANCED_FACE ( 'NONE', ( #900 ), #2922, .F. ) ;
#340 = EDGE_CURVE ( 'NONE', #435, #2139, #1643, .T. ) ;
#341 = EDGE_LOOP ( 'NONE', ( #2807, #2546, #656, #1939, #1036, #1, #1171, #2918, #310, #2326, #2656, #2146, #1715, #1092, #444, #1851 ) ) ;
#342 = CARTESIAN_POINT ( 'NONE',  ( -16.19999999999999574, -5.898059818321144121E-14, -22.55000000000001492 ) ) ;
#343 = CARTESIAN_POINT ( 'NONE',  ( 16.20000000000000995, -5.898059818321144121E-14, -22.54999999999999361 ) ) ;
#344 = AXIS2_PLACEMENT_3D ( 'NONE', #1318, #181, #194 ) ;
#345 = DIRECTION ( 'NONE',  ( -1.000000000000000000, -1.654361029918985120E-24, -2.408024537242689745E-25 ) ) ;
#346 = DIRECTION ( 'NONE',  ( 1.654361043747359972E-24, 1.000000000000000000, 2.664535259474971031E-15 ) ) ;
#347 = CYLINDRICAL_SURFACE ( 'NONE', #1012, 0.6500000011763020780 ) ;
#348 = DIRECTION ( 'NONE',  ( 1.654361043747359972E-24, 1.000000000000000000, 2.664535259474971031E-15 ) ) ;
#349 = LINE ( 'NONE', #2701, #2691 ) ;
#350 = DIRECTION ( 'NONE',  ( 1.654361030084596662E-24, -1.000000000000000000, -6.877484650156773627E-10 ) ) ;
#351 = DIRECTION ( 'NONE',  ( 1.654361043747359972E-24, 1.000000000000000000, 2.664535259474971031E-15 ) ) ;
#352 = VERTEX_POINT ( 'NONE', #899 ) ;
#353 = DATE_AND_TIME ( #69, #2195 ) ;
#354 = CARTESIAN_POINT ( 'NONE',  ( -16.30000000000001137, -3.469446951953614189E-15, -1.500000000000001332 ) ) ;
#355 = DIRECTION ( 'NONE',  ( 0.0000000000000000000, 2.602085213965217347E-15, 1.000000000000000000 ) ) ;
#356 = ORIENTED_EDGE ( 'NONE', *, *, #187, .T. ) ;
#357 = EDGE_CURVE ( 'NONE', #2330, #1235, #2260, .T. ) ;
#358 = VERTEX_POINT ( 'NONE', #2690 ) ;
#359 = CARTESIAN_POINT ( 'NONE',  ( 16.20000000000000995, -0.3000000000000658251, -24.24999999642371407 ) ) ;
#360 = ORIENTED_EDGE ( 'NONE', *, *, #1164, .T. ) ;
#361 = EDGE_CURVE ( 'NONE', #1599, #1523, #2718, .T. ) ;
#363 = VERTEX_POINT ( 'NONE', #1342 ) ;
#362 = CARTESIAN_POINT ( 'NONE',  ( -15.94999999999999574, -6.245004513516505540E-14, -23.30000000000001492 ) ) ;
#364 = DIRECTION ( 'NONE',  ( 0.0000000000000000000, 2.668805347656634370E-15, 1.000000000000000000 ) ) ;
#365 = AXIS2_PLACEMENT_3D ( 'NONE', #2447, #871, #2899 ) ;
#366 = VERTEX_POINT ( 'NONE', #1555 ) ;
#367 = EDGE_LOOP ( 'NONE', ( #902, #1447, #646, #2096, #2064, #2036, #2575, #2496 ) ) ;
#368 = VECTOR ( 'NONE', #1884, 1000.000000000000000 ) ;
#369 = CARTESIAN_POINT ( 'NONE',  ( 16.94999999999998508, 5.898059818321144121E-14, 22.30000000000001137 ) ) ;
#370 = ADVANCED_FACE ( 'NONE', ( #2112 ), #2182, .F. ) ;
#371 = CIRCLE ( 'NONE', #2018, 0.2500000000000002220 ) ;
#372 = VERTEX_POINT ( 'NONE', #2023 ) ;
#373 = CYLINDRICAL_SURFACE ( 'NONE', #728, 1.000000000000000888 ) ;
#374 = DIRECTION ( 'NONE',  ( 1.654361043747359972E-24, 1.000000000000000000, 2.664535259474971031E-15 ) ) ;
#375 = CARTESIAN_POINT ( 'NONE',  ( 16.94999999999998508, -0.3000000000000033751, -1.845747965847528649 ) ) ;
#376 = CIRCLE ( 'NONE', #423, 0.6500000011763020780 ) ;
#377 = PRODUCT_DEFINITION_SHAPE ( 'NONE', 'NONE',  #2271 ) ;
#378 = DIRECTION ( 'NONE',  ( 1.654361043747359972E-24, 1.000000000000000000, 2.664535259474971031E-15 ) ) ;
#379 = ORIENTED_EDGE ( 'NONE', *, *, #1478, .F. ) ;
#380 = AXIS2_PLACEMENT_3D ( 'NONE', #1039, #125, #1727 ) ;
#381 = EDGE_CURVE ( 'NONE', #2599, #2430, #1394, .T. ) ;
#382 = PERSON_AND_ORGANIZATION_ROLE ( 'creator' ) ;
#383 = DIRECTION ( 'NONE',  ( 1.000000000000000000, 6.877458004804190895E-10, 7.692787240489117050E-17 ) ) ;
#384 = EDGE_CURVE ( 'NONE', #2029, #2330, #300, .T. ) ;
#385 = DIRECTION ( 'NONE',  ( 1.000000000000000000, 6.877458004804189861E-10, 3.846393723910830979E-17 ) ) ;
#386 = VECTOR ( 'NONE', #1226, 1000.000000000000000 ) ;
#387 = AXIS2_PLACEMENT_3D ( 'NONE', #2694, #1094, #1087 ) ;
#388 = DIRECTION ( 'NONE',  ( -6.877457992358068473E-10, 1.000000000000000000, 2.668805342826901320E-15 ) ) ;
#389 = FACE_OUTER_BOUND ( 'NONE', #1672, .T. ) ;
#390 = APPROVAL_STATUS ( 'not_yet_approved' ) ;
#391 = EDGE_LOOP ( 'NONE', ( #1586, #2538, #1072, #1562 ) ) ;
#392 = PERSON_AND_ORGANIZATION ( #228, #2089 ) ;
#393 = CARTESIAN_POINT ( 'NONE',  ( -16.20000000000002416, 6.591949208711866959E-14, 24.24999999642371051 ) ) ;
#394 = CARTESIAN_POINT ( 'NONE',  ( 18.89999999690513377, -1.999999999312252363, -1.040834085586084257E-14 ) ) ;
#395 = VERTEX_POINT ( 'NONE', #2493 ) ;
#396 = EDGE_CURVE ( 'NONE', #1112, #1713, #1148, .T. ) ;
#397 = DIRECTION ( 'NONE',  ( -6.877457992358068473E-10, 1.000000000000000000, 2.664535259474971425E-15 ) ) ;
#398 = EDGE_CURVE ( 'NONE', #1112, #2430, #2790, .T. ) ;
#399 = CARTESIAN_POINT ( 'NONE',  ( 18.89999999690513377, -1.999999999312214172, 15.00000000000000000 ) ) ;
#400 = VERTEX_POINT ( 'NONE', #2954 ) ;
#401 = AXIS2_PLACEMENT_3D ( 'NONE', #891, #875, #1592 ) ;
#402 = VERTEX_POINT ( 'NONE', #453 ) ;
#403 = ORIENTED_EDGE ( 'NONE', *, *, #208, .T. ) ;
#404 = CARTESIAN_POINT ( 'NONE',  ( -18.89999999645811002, -1.350000024132745446, -1.214007029505792450E-14 ) ) ;
#405 = ORIENTED_EDGE ( 'NONE', *, *, #2434, .F. ) ;
#406 = CIRCLE ( 'NONE', #2536, 1.000000000000000888 ) ;
#407 = ORIENTED_EDGE ( 'NONE', *, *, #25, .F. ) ;
#408 = EDGE_LOOP ( 'NONE', ( #2720, #535, #325, #1320 ) ) ;
#409 = CIRCLE ( 'NONE', #1558, 0.6500000011763020780 ) ;
#410 = ORIENTED_EDGE ( 'NONE', *, *, #2793, .T. ) ;
#411 = LINE ( 'NONE', #1201, #1790 ) ;
#412 = CARTESIAN_POINT ( 'NONE',  ( -18.89999999552964738, -2.063843887456506820E-10, -22.55000000000005755 ) ) ;
#413 = FACE_BOUND ( 'NONE', #2505, .T. ) ;
#414 = DIRECTION ( 'NONE',  ( 0.0000000000000000000, 2.664535259474969453E-15, 1.000000000000000000 ) ) ;
#415 = DIRECTION ( 'NONE',  ( 1.000000000000000000, 6.877458004804189861E-10, 3.846393723910830979E-17 ) ) ;
#416 = ORIENTED_EDGE ( 'NONE', *, *, #1692, .F. ) ;
#417 = AXIS2_PLACEMENT_3D ( 'NONE', #2261, #901, #2940 ) ;
#418 = EDGE_CURVE ( 'NONE', #1523, #440, #1082, .T. ) ;
#419 = APPROVAL_ROLE ( '' ) ;
#420 = FACE_OUTER_BOUND ( 'NONE', #999, .T. ) ;
#421 = DIRECTION ( 'NONE',  ( -2.408024537242689745E-25, -2.664535259474969848E-15, -1.000000000000000000 ) ) ;
#422 = CARTESIAN_POINT ( 'NONE',  ( 18.89999999690513732, -1.999999999312290555, -15.00000000000000000 ) ) ;
#423 = AXIS2_PLACEMENT_3D ( 'NONE', #399, #383, #627 ) ;
#424 = VECTOR ( 'NONE', #872, 1000.000000000000000 ) ;
#425 = CARTESIAN_POINT ( 'NONE',  ( -17.89999999642373751, -1.299999999999940981, 22.54999999999999716 ) ) ;
#426 = AXIS2_PLACEMENT_3D ( 'NONE', #2465, #1071, #1986 ) ;
#427 = LINE ( 'NONE', #362, #880 ) ;
#428 = PLANE ( 'NONE',  #387 ) ;
#429 = CC_DESIGN_DATE_AND_TIME_ASSIGNMENT ( #1371, #2912, ( #2271 ) ) ;
#430 = CARTESIAN_POINT ( 'NONE',  ( -15.43541917671047514, -0.3000000000000016542, -1.250000000000011546 ) ) ;
#431 = CARTESIAN_POINT ( 'NONE',  ( 15.94999999999999574, -0.3000000000000623834, -23.29999999999999361 ) ) ;
#432 = VERTEX_POINT ( 'NONE', #226 ) ;
#433 = CARTESIAN_POINT ( 'NONE',  ( 4.949747468305829123, -0.2999999999999999334, 1.500000000000004885 ) ) ;
#434 = EDGE_CURVE ( 'NONE', #1104, #675, #1255, .T. ) ;
#435 = VERTEX_POINT ( 'NONE', #2706 ) ;
#437 = ORIENTED_EDGE ( 'NONE', *, *, #1602, .T. ) ;
#436 = CARTESIAN_POINT ( 'NONE',  ( 19.19999999690513448, -1.999999999105970483, -15.00000000000000000 ) ) ;
#438 = CARTESIAN_POINT ( 'NONE',  ( 16.29999999999998650, -0.2999999999999964362, 1.500000000000004885 ) ) ;
#439 = DIRECTION ( 'NONE',  ( 1.654361043747359972E-24, 1.000000000000000000, 2.664535259474971031E-15 ) ) ;
#440 = VERTEX_POINT ( 'NONE', #1772 ) ;
#441 = EDGE_LOOP ( 'NONE', ( #2401, #1382, #1848, #600 ) ) ;
#442 = EDGE_CURVE ( 'NONE', #122, #358, #1046, .T. ) ;
#443 = VERTEX_POINT ( 'NONE', #2006 ) ;
#444 = ORIENTED_EDGE ( 'NONE', *, *, #182, .F. ) ;
#445 = CIRCLE ( 'NONE', #2149, 0.6500000011763020780 ) ;
#446 = DIRECTION ( 'NONE',  ( 2.408024537242689745E-25, 2.664535259474969848E-15, 1.000000000000000000 ) ) ;
#447 = AXIS2_PLACEMENT_3D ( 'NONE', #1247, #1519, #598 ) ;
#448 = LINE ( 'NONE', #1854, #295 ) ;
#449 = EDGE_LOOP ( 'NONE', ( #1923, #1683 ) ) ;
#450 = CIRCLE ( 'NONE', #59, 0.6500000000000030198 ) ;
#451 = FACE_OUTER_BOUND ( 'NONE', #1008, .T. ) ;
#452 = ORIENTED_EDGE ( 'NONE', *, *, #2927, .T. ) ;
#453 = CARTESIAN_POINT ( 'NONE',  ( 15.94999999999999574, -0.3000000000000623834, -23.29999999999999361 ) ) ;
#454 = CARTESIAN_POINT ( 'NONE',  ( -16.19999999999998863, -1.299999999105863502, 25.54999999642372188 ) ) ;
#455 = VECTOR ( 'NONE', #2297, 1000.000000000000000 ) ;
#456 = CARTESIAN_POINT ( 'NONE',  ( 18.89999999735217173, -2.650000000488554441, -1.405888808870233831E-14 ) ) ;
#457 = EDGE_CURVE ( 'NONE', #1244, #2372, #2746, .T. ) ;
#458 = CYLINDRICAL_SURFACE ( 'NONE', #1495, 1.000000000000000888 ) ;
#459 = CIRCLE ( 'NONE', #2761, 0.2499999999999973910 ) ;
#460 = AXIS2_PLACEMENT_3D ( 'NONE', #2111, #1882, #55 ) ;
#461 = CARTESIAN_POINT ( 'NONE',  ( 16.20000000000000995, -1.299999999312319021, -25.24999999642371762 ) ) ;
#462 = ORIENTED_EDGE ( 'NONE', *, *, #2434, .T. ) ;
#463 = COORDINATED_UNIVERSAL_TIME_OFFSET ( 2, 0, .AHEAD. ) ;
#464 = DIRECTION ( 'NONE',  ( -1.000000000000000000, -1.654361029918984018E-24, 2.408024537242733826E-25 ) ) ;
#465 = EDGE_LOOP ( 'NONE', ( #2741, #30, #2628, #410 ) ) ;
#466 = EDGE_LOOP ( 'NONE', ( #326, #892 ) ) ;
#467 = AXIS2_PLACEMENT_3D ( 'NONE', #2443, #625, #188 ) ;
#468 = EDGE_CURVE ( 'NONE', #2251, #920, #620, .T. ) ;
#469 = CARTESIAN_POINT ( 'NONE',  ( 4.949747468305829123, -6.938893903907228378E-15, -1.499999999999997780 ) ) ;
#470 = ORIENTED_EDGE ( 'NONE', *, *, #2625, .T. ) ;
#471 = ORIENTED_EDGE ( 'NONE', *, *, #665, .F. ) ;
#472 = EDGE_CURVE ( 'NONE', #1564, #2769, #2828, .T. ) ;
#473 = ORIENTED_EDGE ( 'NONE', *, *, #2639, .F. ) ;
#474 = CIRCLE ( 'NONE', #1710, 1.000000000000000888 ) ;
#475 = ORIENTED_EDGE ( 'NONE', *, *, #915, .T. ) ;
#476 = DIRECTION ( 'NONE',  ( 1.654361043747359972E-24, 1.000000000000000000, 2.664535259474971031E-15 ) ) ;
#477 = VERTEX_POINT ( 'NONE', #939 ) ;
#478 = CARTESIAN_POINT ( 'NONE',  ( 16.19999999999998508, -0.2999999999999409250, 22.55000000000001137 ) ) ;
#479 = VECTOR ( 'NONE', #1548, 1000.000000000000000 ) ;
#480 = VERTEX_POINT ( 'NONE', #1588 ) ;
#481 = LINE ( 'NONE', #149, #123 ) ;
#482 = DIRECTION ( 'NONE',  ( 6.877458004804157808E-10, -1.000000000000000000, -2.664535259474971031E-15 ) ) ;
#483 = LINE ( 'NONE', #1227, #2008 ) ;
#484 = DIRECTION ( 'NONE',  ( 1.654361043747359972E-24, 1.000000000000000000, 2.664535259474971031E-15 ) ) ;
#485 = CARTESIAN_POINT ( 'NONE',  ( -19.19999999642372046, -1.299999999105990289, -22.55000000000005755 ) ) ;
#486 = ORIENTED_EDGE ( 'NONE', *, *, #2241, .F. ) ;
#487 = VECTOR ( 'NONE', #2749, 1000.000000000000000 ) ;
#488 = DIRECTION ( 'NONE',  ( -6.877457992358068473E-10, -1.000000000000000000, -2.668805342826901320E-15 ) ) ;
#489 = VECTOR ( 'NONE', #1482, 1000.000000000000000 ) ;
#490 = EDGE_CURVE ( 'NONE', #1999, #1463, #1002, .T. ) ;
#491 = ORIENTED_EDGE ( 'NONE', *, *, #1587, .F. ) ;
#492 = CIRCLE ( 'NONE', #1377, 5.000000000000000000 ) ;
#493 = DIRECTION ( 'NONE',  ( -1.000000000000000000, -1.654361123072367668E-24, -2.067968968056390173E-17 ) ) ;
#494 = ORIENTED_EDGE ( 'NONE', *, *, #527, .T. ) ;
#495 = AXIS2_PLACEMENT_3D ( 'NONE', #1920, #178, #2189 ) ;
#496 = DIRECTION ( 'NONE',  ( -6.877458004804157808E-10, 1.000000000000000000, 2.664535259448517764E-15 ) ) ;
#497 = DIRECTION ( 'NONE',  ( -6.877457992358068473E-10, 1.000000000000000000, 2.668805342826901320E-15 ) ) ;
#498 = ORIENTED_EDGE ( 'NONE', *, *, #2734, .T. ) ;
#499 = DIRECTION ( 'NONE',  ( 1.654361043747359972E-24, 1.000000000000000000, 2.664535259474971031E-15 ) ) ;
#500 = ADVANCED_FACE ( 'NONE', ( #926 ), #44, .F. ) ;
#501 = DIRECTION ( 'NONE',  ( -2.408024537242689745E-25, -2.664535259474969848E-15, -1.000000000000000000 ) ) ;
#502 = ORIENTED_EDGE ( 'NONE', *, *, #903, .T. ) ;
#503 = EDGE_LOOP ( 'NONE', ( #853, #1109, #1311, #2609, #1782, #40, #1949, #851 ) ) ;
#504 = ORIENTED_EDGE ( 'NONE', *, *, #2265, .T. ) ;
#505 = ORIENTED_EDGE ( 'NONE', *, *, #2355, .F. ) ;
#506 = VERTEX_POINT ( 'NONE', #1837 ) ;
#507 = EDGE_CURVE ( 'NONE', #1698, #920, #2003, .T. ) ;
#508 = CARTESIAN_POINT ( 'NONE',  ( 0.0000000000000000000, -0.2999999999999999334, 0.0000000000000000000 ) ) ;
#509 = DIRECTION ( 'NONE',  ( 1.654361043747359972E-24, 1.000000000000000000, 2.664535259474971031E-15 ) ) ;
#510 = FACE_OUTER_BOUND ( 'NONE', #2309, .T. ) ;
#511 = ORIENTED_EDGE ( 'NONE', *, *, #49, .F. ) ;
#512 = CIRCLE ( 'NONE', #1958, 0.6500000011763020780 ) ;
#513 = AXIS2_PLACEMENT_3D ( 'NONE', #2946, #879, #205 ) ;
#514 = CARTESIAN_POINT ( 'NONE',  ( 16.20000000000000995, -6.591949208711866959E-14, -24.24999999642371407 ) ) ;
#515 = FACE_BOUND ( 'NONE', #2543, .T. ) ;
#516 = ORIENTED_EDGE ( 'NONE', *, *, #2241, .T. ) ;
#517 = CARTESIAN_POINT ( 'NONE',  ( 16.19999999999999218, -6.500000000000067502, -25.55000000000001847 ) ) ;
#518 = ADVANCED_FACE ( 'NONE', ( #1293 ), #2759, .T. ) ;
#519 = DIRECTION ( 'NONE',  ( -1.084202165782361629E-15, 2.664535259474969848E-15, 1.000000000000000000 ) ) ;
#520 = CARTESIAN_POINT ( 'NONE',  ( 18.89999999735217528, -2.650000000488592633, -15.00000000000001421 ) ) ;
#521 = VECTOR ( 'NONE', #1690, 1000.000000000000000 ) ;
#522 = DIRECTION ( 'NONE',  ( 1.654361043747359972E-24, 1.000000000000000000, 2.664535259474971031E-15 ) ) ;
#523 = CARTESIAN_POINT ( 'NONE',  ( -16.20000000000002416, -6.500000000206253681, 25.24999999999999289 ) ) ;
#524 = FACE_OUTER_BOUND ( 'NONE', #2174, .T. ) ;
#525 = CARTESIAN_POINT ( 'NONE',  ( 16.94999999999999574, -0.3000000000000588862, -22.29999999999999361 ) ) ;
#526 = AXIS2_PLACEMENT_3D ( 'NONE', #1606, #1385, #2533 ) ;
#527 = EDGE_CURVE ( 'NONE', #1966, #1144, #824, .T. ) ;
#528 = FACE_OUTER_BOUND ( 'NONE', #1561, .T. ) ;
#529 = DIRECTION ( 'NONE',  ( 1.000000000000000000, 1.654361029918985120E-24, 2.408024537242689745E-25 ) ) ;
#530 = ORIENTED_EDGE ( 'NONE', *, *, #1940, .T. ) ;
#531 = VECTOR ( 'NONE', #56, 1000.000000000000000 ) ;
#532 = CARTESIAN_POINT ( 'NONE',  ( -16.20000000000002416, -0.2999999999999409250, 22.54999999999999716 ) ) ;
#533 = DIRECTION ( 'NONE',  ( -1.654361043747359972E-24, -1.000000000000000000, -2.664535259474971031E-15 ) ) ;
#534 = EDGE_CURVE ( 'NONE', #290, #2848, #860, .T. ) ;
#535 = ORIENTED_EDGE ( 'NONE', *, *, #765, .F. ) ;
#536 = DIRECTION ( 'NONE',  ( -6.877457992358068473E-10, 1.000000000000000000, 2.668805342826901320E-15 ) ) ;
#537 = ADVANCED_FACE ( 'NONE', ( #1391 ), #2404, .F. ) ;
#538 = DIRECTION ( 'NONE',  ( 2.067968968056390173E-17, -2.664535259474969848E-15, -1.000000000000000000 ) ) ;
#539 = AXIS2_PLACEMENT_3D ( 'NONE', #2203, #173, #2888 ) ;
#540 = AXIS2_PLACEMENT_3D ( 'NONE', #774, #568, #2885 ) ;
#541 = CARTESIAN_POINT ( 'NONE',  ( -0.4999999951170105983, -7.100000013548656952, -25.24999999821188368 ) ) ;
#542 = CARTESIAN_POINT ( 'NONE',  ( -15.43541917671047514, -0.3000000000000016542, -1.500000000000001332 ) ) ;
#543 = ORIENTED_EDGE ( 'NONE', *, *, #2879, .T. ) ;
#544 = ORIENTED_EDGE ( 'NONE', *, *, #739, .F. ) ;
#545 = EDGE_CURVE ( 'NONE', #2605, #2029, #2934, .T. ) ;
#546 = VERTEX_POINT ( 'NONE', #2549 ) ;
#547 = ORIENTED_EDGE ( 'NONE', *, *, #2838, .F. ) ;
#548 = FACE_OUTER_BOUND ( 'NONE', #1128, .T. ) ;
#549 = ORIENTED_EDGE ( 'NONE', *, *, #1040, .F. ) ;
#550 = DIRECTION ( 'NONE',  ( 0.0000000000000000000, 2.602085213965208275E-15, 1.000000000000000000 ) ) ;
#551 = ADVANCED_FACE ( 'NONE', ( #1719 ), #1788, .F. ) ;
#552 = EDGE_CURVE ( 'NONE', #2372, #2151, #553, .T. ) ;
#553 = CIRCLE ( 'NONE', #2756, 0.6500000011763020780 ) ;
#554 = FACE_OUTER_BOUND ( 'NONE', #218, .T. ) ;
#555 = CARTESIAN_POINT ( 'NONE',  ( -16.19999999999999574, -1.300000000000058886, -22.55000000000001492 ) ) ;
#556 = LINE ( 'NONE', #313, #867 ) ;
#557 = AXIS2_PLACEMENT_3D ( 'NONE', #308, #1918, #1009 ) ;
#558 = DIRECTION ( 'NONE',  ( 1.654361043747359972E-24, 1.000000000000000000, 2.664535259474971031E-15 ) ) ;
#559 = ORIENTED_EDGE ( 'NONE', *, *, #472, .T. ) ;
#560 = DIRECTION ( 'NONE',  ( 1.000000000000000000, 1.654361029918985120E-24, 2.408024537242689745E-25 ) ) ;
#561 = DIRECTION ( 'NONE',  ( 2.408024537242689745E-25, 2.664535259474969848E-15, 1.000000000000000000 ) ) ;
#562 = CIRCLE ( 'NONE', #1686, 0.2500000000000002220 ) ;
#563 = DIRECTION ( 'NONE',  ( 1.654361043747359972E-24, 1.000000000000000000, 2.664535259474971031E-15 ) ) ;
#564 = FACE_OUTER_BOUND ( 'NONE', #1521, .T. ) ;
#565 = ADVANCED_FACE ( 'NONE', ( #2616 ), #2513, .F. ) ;
#566 = VERTEX_POINT ( 'NONE', #294 ) ;
#567 = FACE_BOUND ( 'NONE', #845, .T. ) ;
#568 = DIRECTION ( 'NONE',  ( 0.0000000000000000000, 0.0000000000000000000, 1.000000000000000000 ) ) ;
#569 = EDGE_CURVE ( 'NONE', #41, #1666, #332, .T. ) ;
#570 = DIRECTION ( 'NONE',  ( 7.692787009076325537E-17, -2.664535259422063313E-15, -1.000000000000000000 ) ) ;
#571 = ORIENTED_EDGE ( 'NONE', *, *, #545, .T. ) ;
#572 = CARTESIAN_POINT ( 'NONE',  ( -0.4999999951170105983, -7.100000013548656952, -25.24999999821188368 ) ) ;
#573 = AXIS2_PLACEMENT_3D ( 'NONE', #2937, #1560, #2501 ) ;
#574 = ORIENTED_EDGE ( 'NONE', *, *, #2499, .T. ) ;
#575 = APPROVAL ( #2231, 'UNSPECIFIED' ) ;
#576 = DIRECTION ( 'NONE',  ( 1.654361029753374864E-24, -1.000000000000000000, 6.877431359451575076E-10 ) ) ;
#577 = EDGE_LOOP ( 'NONE', ( #1628, #1328, #1509, #2696 ) ) ;
#578 = ORIENTED_EDGE ( 'NONE', *, *, #1596, .F. ) ;
#579 = VERTEX_POINT ( 'NONE', #1193 ) ;
#580 = DIRECTION ( 'NONE',  ( 0.0000000000000000000, 3.502807018799324475E-15, 1.000000000000000000 ) ) ;
#581 = ORIENTED_EDGE ( 'NONE', *, *, #2012, .T. ) ;
#582 = VERTEX_POINT ( 'NONE', #2128 ) ;
#583 = CARTESIAN_POINT ( 'NONE',  ( -19.20000000309485699, -2.000000025515330293, 14.99999999999999645 ) ) ;
#584 = LINE ( 'NONE', #1649, #159 ) ;
#585 = ORIENTED_EDGE ( 'NONE', *, *, #534, .T. ) ;
#586 = EDGE_CURVE ( 'NONE', #443, #1416, #2217, .T. ) ;
#587 = CIRCLE ( 'NONE', #1312, 0.6500000011763020780 ) ;
#588 = FACE_OUTER_BOUND ( 'NONE', #52, .T. ) ;
#589 = EDGE_CURVE ( 'NONE', #1543, #1279, #2444, .T. ) ;
#590 = ORIENTED_EDGE ( 'NONE', *, *, #1496, .F. ) ;
#591 = DIRECTION ( 'NONE',  ( 1.000000000000000000, 6.877449998388146414E-10, 2.073323279716671667E-24 ) ) ;
#592 = AXIS2_PLACEMENT_3D ( 'NONE', #2903, #633, #843 ) ;
#593 = DIRECTION ( 'NONE',  ( 0.0000000000000000000, -1.734723475976805517E-15, -1.000000000000000000 ) ) ;
#594 = ADVANCED_FACE ( 'NONE', ( #657 ), #304, .F. ) ;
#595 = CARTESIAN_POINT ( 'NONE',  ( 18.89999999821187870, -6.500000000000056843, -22.55000000000001492 ) ) ;
#596 = CIRCLE ( 'NONE', #1582, 1.299999999999999156 ) ;
#597 = FACE_OUTER_BOUND ( 'NONE', #1461, .T. ) ;
#598 = DIRECTION ( 'NONE',  ( 0.0000000000000000000, 2.602085213965208275E-15, 1.000000000000000000 ) ) ;
#599 = EDGE_CURVE ( 'NONE', #2421, #1112, #1821, .T. ) ;
#600 = ORIENTED_EDGE ( 'NONE', *, *, #2181, .T. ) ;
#601 = DATE_AND_TIME ( #768, #1876 ) ;
#602 = DIRECTION ( 'NONE',  ( 1.000000000000000000, 6.877458004804157808E-10, 7.692787240489117050E-17 ) ) ;
#603 = EDGE_LOOP ( 'NONE', ( #254, #578, #1747, #2439 ) ) ;
#604 = VERTEX_POINT ( 'NONE', #969 ) ;
#605 = EDGE_CURVE ( 'NONE', #714, #2205, #1179, .T. ) ;
#606 = DIRECTION ( 'NONE',  ( 1.654361043747359972E-24, 1.000000000000000000, 2.664535259474971031E-15 ) ) ;
#607 = DIRECTION ( 'NONE',  ( -6.877457992358068473E-10, 1.000000000000000000, 2.664535259474971425E-15 ) ) ;
#608 = DIRECTION ( 'NONE',  ( 1.654361043747359972E-24, 1.000000000000000000, 2.664535259474971031E-15 ) ) ;
#609 = ORIENTED_EDGE ( 'NONE', *, *, #1900, .F. ) ;
#610 = ORIENTED_EDGE ( 'NONE', *, *, #623, .T. ) ;
#611 = CARTESIAN_POINT ( 'NONE',  ( -16.95000000000002416, -0.2999999999999409250, 22.29999999999999716 ) ) ;
#612 = DIRECTION ( 'NONE',  ( 1.000000000000000000, 1.654361023047264081E-24, -2.067968919895900044E-17 ) ) ;
#613 = ORIENTED_EDGE ( 'NONE', *, *, #1246, .T. ) ;
#614 = ORIENTED_EDGE ( 'NONE', *, *, #755, .T. ) ;
#615 = LINE ( 'NONE', #2908, #2742 ) ;
#616 = ORIENTED_EDGE ( 'NONE', *, *, #2360, .F. ) ;
#617 = VECTOR ( 'NONE', #772, 1000.000000000000000 ) ;
#618 = DIRECTION ( 'NONE',  ( -2.408024537242689745E-25, -2.664535259474969848E-15, -1.000000000000000000 ) ) ;
#619 = CARTESIAN_POINT ( 'NONE',  ( -16.20000000000000995, -2.062577539319043751E-10, 25.24999999552964880 ) ) ;
#620 = CIRCLE ( 'NONE', #1166, 1.299999999999999156 ) ;
#621 = VECTOR ( 'NONE', #591, 1000.000000000000000 ) ;
#622 = ADVANCED_FACE ( 'NONE', ( #1470 ), #197, .F. ) ;
#623 = EDGE_CURVE ( 'NONE', #2898, #1824, #261, .T. ) ;
#624 =( NAMED_UNIT ( * ) PLANE_ANGLE_UNIT ( ) SI_UNIT ( $, .RADIAN. ) );
#625 = DIRECTION ( 'NONE',  ( 1.000000000000000000, 6.877458004804189861E-10, 3.846393723910830979E-17 ) ) ;
#626 = ORIENTED_EDGE ( 'NONE', *, *, #2774, .T. ) ;
#627 = DIRECTION ( 'NONE',  ( -6.877457992358068473E-10, 1.000000000000000000, 2.668805342826901320E-15 ) ) ;
#628 = EDGE_CURVE ( 'NONE', #191, #2852, #584, .T. ) ;
#629 = DIRECTION ( 'NONE',  ( 6.877458004804157808E-10, -1.000000000000000000, 2.664535259527876776E-15 ) ) ;
#630 = ORIENTED_EDGE ( 'NONE', *, *, #2418, .T. ) ;
#631 = LINE ( 'NONE', #2119, #2047 ) ;
#632 = AXIS2_PLACEMENT_3D ( 'NONE', #1240, #2841, #1262 ) ;
#633 = DIRECTION ( 'NONE',  ( 1.000000000000000000, 1.654360831793050628E-24, -7.692787009076316909E-17 ) ) ;
#634 = CIRCLE ( 'NONE', #1746, 1.000000000000000888 ) ;
#635 = DIRECTION ( 'NONE',  ( 1.654361043747359972E-24, 1.000000000000000000, 2.664535259474971031E-15 ) ) ;
#636 = DIRECTION ( 'NONE',  ( 7.692787009076325537E-17, -2.664535259474969848E-15, -1.000000000000000000 ) ) ;
#637 = ORIENTED_EDGE ( 'NONE', *, *, #2728, .T. ) ;
#638 = VECTOR ( 'NONE', #1971, 1000.000000000000000 ) ;
#639 = PLANE ( 'NONE',  #2883 ) ;
#640 = DIRECTION ( 'NONE',  ( -1.696198399768476349E-16, -2.664535259474969848E-15, -1.000000000000000000 ) ) ;
#641 = ORIENTED_EDGE ( 'NONE', *, *, #2927, .F. ) ;
#642 = CARTESIAN_POINT ( 'NONE',  ( 15.94999999999998508, 5.898059818321144121E-14, 22.30000000000001137 ) ) ;
#643 = EDGE_CURVE ( 'NONE', #432, #2471, #2479, .T. ) ;
#644 = CARTESIAN_POINT ( 'NONE',  ( -16.95000000000002416, -0.2999999999999409250, 22.29999999999999716 ) ) ;
#645 = CARTESIAN_POINT ( 'NONE',  ( -19.20000000354189140, -1.350000024339067295, -1.214583988602142754E-14 ) ) ;
#646 = ORIENTED_EDGE ( 'NONE', *, *, #2377, .T. ) ;
#647 = DIRECTION ( 'NONE',  ( 1.000000000000000000, 6.877458004804190895E-10, 7.692787240489117050E-17 ) ) ;
#648 = DIRECTION ( 'NONE',  ( 1.000000000000000000, 6.877449998388146414E-10, 2.073323279716671667E-24 ) ) ;
#649 = AXIS2_PLACEMENT_3D ( 'NONE', #2148, #2115, #973 ) ;
#650 = ORIENTED_EDGE ( 'NONE', *, *, #1130, .T. ) ;
#651 = ORIENTED_EDGE ( 'NONE', *, *, #2263, .F. ) ;
#652 = ORIENTED_EDGE ( 'NONE', *, *, #2677, .T. ) ;
#653 = DIRECTION ( 'NONE',  ( -1.000000000000000000, -1.654361029918985120E-24, -2.408024537242689745E-25 ) ) ;
#654 = CARTESIAN_POINT ( 'NONE',  ( 4.949747468305829123, -0.3000000000000068723, -1.750000000000001554 ) ) ;
#655 = ORIENTED_EDGE ( 'NONE', *, *, #1120, .T. ) ;
#656 = ORIENTED_EDGE ( 'NONE', *, *, #2625, .F. ) ;
#657 = FACE_OUTER_BOUND ( 'NONE', #1423, .T. ) ;
#658 = ORIENTED_EDGE ( 'NONE', *, *, #918, .F. ) ;
#659 = VECTOR ( 'NONE', #265, 1000.000000000000000 ) ;
#660 = DIRECTION ( 'NONE',  ( 1.000000000000000000, 6.877458004804189861E-10, 3.846393723910830979E-17 ) ) ;
#661 = LINE ( 'NONE', #2153, #2482 ) ;
#662 = DIRECTION ( 'NONE',  ( 1.654361043747359972E-24, 1.000000000000000000, 2.664535259474971031E-15 ) ) ;
#663 = ORIENTED_EDGE ( 'NONE', *, *, #1779, .T. ) ;
#664 = CARTESIAN_POINT ( 'NONE',  ( 16.94999999999998508, -0.3000000000000033751, -1.845747965847528649 ) ) ;
#665 = EDGE_CURVE ( 'NONE', #1235, #2599, #1111, .T. ) ;
#666 = CYLINDRICAL_SURFACE ( 'NONE', #1281, 1.299999999999999156 ) ;
#667 = AXIS2_PLACEMENT_3D ( 'NONE', #1188, #60, #286 ) ;
#668 = CARTESIAN_POINT ( 'NONE',  ( 4.949747468305829123, -0.3000000000000068723, -1.499999999999997780 ) ) ;
#669 = FACE_BOUND ( 'NONE', #957, .T. ) ;
#670 = DIRECTION ( 'NONE',  ( 1.000000000000000000, 0.0000000000000000000, 0.0000000000000000000 ) ) ;
#671 = DIRECTION ( 'NONE',  ( -1.000000000000000000, -1.654361029918985120E-24, -2.408024537242689745E-25 ) ) ;
#672 = CYLINDRICAL_SURFACE ( 'NONE', #1904, 0.6499999999999980238 ) ;
#673 = CARTESIAN_POINT ( 'NONE',  ( -16.20000000000000284, -6.500000000000065725, -25.55000000000001847 ) ) ;
#674 = CARTESIAN_POINT ( 'NONE',  ( 15.94999999999999574, -0.3000000000000588862, -22.29999999999999361 ) ) ;
#675 = VERTEX_POINT ( 'NONE', #97 ) ;
#676 = PERSON_AND_ORGANIZATION ( #228, #2089 ) ;
#677 = ORIENTED_EDGE ( 'NONE', *, *, #2317, .F. ) ;
#678 = DIRECTION ( 'NONE',  ( 1.654361043747359972E-24, 1.000000000000000000, 2.664535259474971031E-15 ) ) ;
#679 = AXIS2_PLACEMENT_3D ( 'NONE', #2011, #877, #1795 ) ;
#680 = EDGE_CURVE ( 'NONE', #185, #806, #409, .T. ) ;
#681 = ORIENTED_EDGE ( 'NONE', *, *, #2728, .F. ) ;
#682 = EDGE_CURVE ( 'NONE', #2124, #1140, #2145, .T. ) ;
#683 = ORIENTED_EDGE ( 'NONE', *, *, #222, .T. ) ;
#684 = CARTESIAN_POINT ( 'NONE',  ( -16.30000000000001137, -0.3000000000000051514, -0.8499999999999983125 ) ) ;
#685 = AXIS2_PLACEMENT_3D ( 'NONE', #1700, #792, #1028 ) ;
#686 = ORIENTED_EDGE ( 'NONE', *, *, #384, .F. ) ;
#687 = LINE ( 'NONE', #1439, #1817 ) ;
#688 = ORIENTED_EDGE ( 'NONE', *, *, #1373, .T. ) ;
#689 = CIRCLE ( 'NONE', #2411, 0.2499999999999973910 ) ;
#690 = DIRECTION ( 'NONE',  ( 2.408024537242689745E-25, -6.877431359451575076E-10, 1.000000000000000000 ) ) ;
#691 = CIRCLE ( 'NONE', #2843, 2.699999998211862096 ) ;
#692 = CIRCLE ( 'NONE', #980, 1.699999996423722015 ) ;
#693 = CARTESIAN_POINT ( 'NONE',  ( -16.19999999999999574, -0.3000000000000588862, -22.55000000000001492 ) ) ;
#694 = DIRECTION ( 'NONE',  ( -6.877457992358068473E-10, 1.000000000000000000, 2.668805342826901320E-15 ) ) ;
#695 = DIRECTION ( 'NONE',  ( 1.000000000000000000, 6.877458004804189861E-10, 3.846393723910830979E-17 ) ) ;
#696 = EDGE_CURVE ( 'NONE', #2205, #2072, #2545, .T. ) ;
#697 = VECTOR ( 'NONE', #1871, 1000.000000000000000 ) ;
#698 = CARTESIAN_POINT ( 'NONE',  ( -15.43541917671047514, 5.204170427930421283E-15, 1.499999999999987566 ) ) ;
#699 = DIRECTION ( 'NONE',  ( -6.877457992358068473E-10, 1.000000000000000000, 2.668805342826901320E-15 ) ) ;
#700 = VECTOR ( 'NONE', #1053, 1000.000000000000000 ) ;
#701 = AXIS2_PLACEMENT_3D ( 'NONE', #664, #1122, #1115 ) ;
#702 = CARTESIAN_POINT ( 'NONE',  ( -19.20000000309485699, -2.000000025515369373, -1.387778780781445676E-14 ) ) ;
#703 = ORIENTED_EDGE ( 'NONE', *, *, #1190, .F. ) ;
#704 = VECTOR ( 'NONE', #1506, 1000.000000000000000 ) ;
#705 = DIRECTION ( 'NONE',  ( 0.0000000000000000000, 2.668805347656613859E-15, 1.000000000000000000 ) ) ;
#706 = ORIENTED_EDGE ( 'NONE', *, *, #2639, .T. ) ;
#707 = CARTESIAN_POINT ( 'NONE',  ( -15.43541917671047514, -0.2999999999999947153, 1.499999999999987566 ) ) ;
#708 = DIRECTION ( 'NONE',  ( 0.0000000000000000000, -2.602085213965208275E-15, -1.000000000000000000 ) ) ;
#709 = CARTESIAN_POINT ( 'NONE',  ( 16.20000000000000995, -0.3000000000000658251, -24.24999999642371407 ) ) ;
#710 = DIRECTION ( 'NONE',  ( 7.692787009076325537E-17, -2.664535259474969848E-15, -1.000000000000000000 ) ) ;
#711 = ORIENTED_EDGE ( 'NONE', *, *, #2106, .T. ) ;
#712 = EDGE_CURVE ( 'NONE', #152, #2385, #1969, .T. ) ;
#713 = CARTESIAN_POINT ( 'NONE',  ( 19.19999999552965875, -5.724587470723463412E-14, -22.54999999999999361 ) ) ;
#714 = VERTEX_POINT ( 'NONE', #1669 ) ;
#715 = VERTEX_POINT ( 'NONE', #88 ) ;
#716 = ORIENTED_EDGE ( 'NONE', *, *, #628, .F. ) ;
#717 = AXIS2_PLACEMENT_3D ( 'NONE', #2812, #576, #798 ) ;
#718 = ORIENTED_EDGE ( 'NONE', *, *, #1302, .F. ) ;
#719 = CIRCLE ( 'NONE', #2070, 0.6500000011763020780 ) ;
#720 = ORIENTED_EDGE ( 'NONE', *, *, #840, .T. ) ;
#721 = CARTESIAN_POINT ( 'NONE',  ( 0.5000000048829902344, -7.100000012860911092, -25.24999999821188368 ) ) ;
#722 = DIRECTION ( 'NONE',  ( -6.877457992358068473E-10, 1.000000000000000000, 2.668805342826901320E-15 ) ) ;
#723 = DIRECTION ( 'NONE',  ( 1.654361043747359972E-24, 1.000000000000000000, 2.664535259474971031E-15 ) ) ;
#724 = CIRCLE ( 'NONE', #888, 0.9999999999999974465 ) ;
#725 = ORIENTED_EDGE ( 'NONE', *, *, #1800, .T. ) ;
#726 = VECTOR ( 'NONE', #1168, 1000.000000000000000 ) ;
#727 = DIRECTION ( 'NONE',  ( 1.654361043747359972E-24, 1.000000000000000000, 2.664535259474971031E-15 ) ) ;
#728 = AXIS2_PLACEMENT_3D ( 'NONE', #1680, #317, #107 ) ;
#729 = ADVANCED_FACE ( 'NONE', ( #1932 ), #1146, .T. ) ;
#730 = LINE ( 'NONE', #2827, #2831 ) ;
#731 = DIRECTION ( 'NONE',  ( 0.0000000000000000000, 2.650271978941996330E-15, 1.000000000000000000 ) ) ;
#732 = VERTEX_POINT ( 'NONE', #1941 ) ;
#733 = CARTESIAN_POINT ( 'NONE',  ( 17.89999999642371264, -0.2999999999999409250, 22.55000000000001137 ) ) ;
#734 = CARTESIAN_POINT ( 'NONE',  ( 4.949747468305829123, -0.2999999999999999334, 1.749999999999998002 ) ) ;
#735 = LINE ( 'NONE', #22, #272 ) ;
#736 = CARTESIAN_POINT ( 'NONE',  ( 4.949747468305829123, -0.3000000000000068723, -1.499999999999997780 ) ) ;
#737 = VECTOR ( 'NONE', #1773, 1000.000000000000000 ) ;
#738 = CARTESIAN_POINT ( 'NONE',  ( 16.19999999999998508, -0.2999999999999409250, 22.55000000000001137 ) ) ;
#739 = EDGE_CURVE ( 'NONE', #477, #1170, #127, .T. ) ;
#740 = LINE ( 'NONE', #1712, #142 ) ;
#741 = ADVANCED_FACE ( 'NONE', ( #2325 ), #761, .T. ) ;
#742 = DIRECTION ( 'NONE',  ( 1.654361043747359972E-24, 1.000000000000000000, 2.664535259474971031E-15 ) ) ;
#743 = VERTEX_POINT ( 'NONE', #108 ) ;
#744 = AXIS2_PLACEMENT_3D ( 'NONE', #1263, #1703, #355 ) ;
#745 = CALENDAR_DATE ( 2020, 16, 11 ) ;
#746 = DIRECTION ( 'NONE',  ( 0.0000000000000000000, 2.664535259474967481E-15, 1.000000000000000000 ) ) ;
#747 = DIRECTION ( 'NONE',  ( 0.0000000000000000000, 2.602085213965208275E-15, 1.000000000000000000 ) ) ;
#748 = CARTESIAN_POINT ( 'NONE',  ( 15.53500265796099278, -0.3000000000000033751, -1.499999999999990896 ) ) ;
#749 = EDGE_CURVE ( 'NONE', #352, #372, #691, .T. ) ;
#750 = DIRECTION ( 'NONE',  ( 1.654361043747359972E-24, 1.000000000000000000, 2.664535259474971031E-15 ) ) ;
#751 = ORIENTED_EDGE ( 'NONE', *, *, #49, .T. ) ;
#752 = CARTESIAN_POINT ( 'NONE',  ( 19.19999999999998863, -6.499999999999935163, 22.54999999999998295 ) ) ;
#753 = VERTEX_POINT ( 'NONE', #2834 ) ;
#754 = ADVANCED_FACE ( 'NONE', ( #1363 ), #789, .T. ) ;
#755 = EDGE_CURVE ( 'NONE', #1370, #443, #2901, .T. ) ;
#756 = FACE_OUTER_BOUND ( 'NONE', #1174, .T. ) ;
#757 = ORIENTED_EDGE ( 'NONE', *, *, #2280, .T. ) ;
#758 = FACE_OUTER_BOUND ( 'NONE', #1223, .T. ) ;
#759 = AXIS2_PLACEMENT_3D ( 'NONE', #1906, #111, #991 ) ;
#760 = CARTESIAN_POINT ( 'NONE',  ( -15.95000000000002238, -0.2999999999999409250, 22.29999999999999716 ) ) ;
#761 = CYLINDRICAL_SURFACE ( 'NONE', #1351, 5.000000000000000000 ) ;
#762 = ADVANCED_FACE ( 'NONE', ( #89 ), #1682, .F. ) ;
#763 = CYLINDRICAL_SURFACE ( 'NONE', #2652, 0.6500000011763020780 ) ;
#764 = AXIS2_PLACEMENT_3D ( 'NONE', #2369, #1663, #2825 ) ;
#765 = EDGE_CURVE ( 'NONE', #220, #2498, #2366, .T. ) ;
#766 = VECTOR ( 'NONE', #907, 1000.000000000000000 ) ;
#767 = VERTEX_POINT ( 'NONE', #595 ) ;
#768 = CALENDAR_DATE ( 2020, 16, 11 ) ;
#769 = CARTESIAN_POINT ( 'NONE',  ( 18.89999999735217173, -2.650000000488516250, 14.99999999999999645 ) ) ;
#770 = EDGE_CURVE ( 'NONE', #2134, #477, #1219, .T. ) ;
#771 = ORIENTED_EDGE ( 'NONE', *, *, #1133, .T. ) ;
#772 = DIRECTION ( 'NONE',  ( 1.000000000000000000, 1.654361029918985120E-24, 2.408024537242689745E-25 ) ) ;
#773 = AXIS2_PLACEMENT_3D ( 'NONE', #2393, #2633, #1270 ) ;
#774 = CARTESIAN_POINT ( 'NONE',  ( 0.0000000000000000000, 0.0000000000000000000, 0.0000000000000000000 ) ) ;
#775 = CARTESIAN_POINT ( 'NONE',  ( 16.20000000000000995, -1.300000000000065770, -24.24999999642371407 ) ) ;
#776 = ADVANCED_FACE ( 'NONE', ( #12 ), #2287, .F. ) ;
#777 = DIRECTION ( 'NONE',  ( 1.000000000000000000, 6.877458004804189861E-10, 3.846393723910830979E-17 ) ) ;
#778 = DIRECTION ( 'NONE',  ( 1.654361043747359972E-24, 1.000000000000000000, 2.664535259474971031E-15 ) ) ;
#779 = EDGE_LOOP ( 'NONE', ( #1332, #1287, #1816, #1660 ) ) ;
#780 = ORIENTED_EDGE ( 'NONE', *, *, #1501, .F. ) ;
#782 = ORIENTED_EDGE ( 'NONE', *, *, #2122, .F. ) ;
#781 = DIRECTION ( 'NONE',  ( 0.0000000000000000000, 2.670349796964280744E-15, 1.000000000000000000 ) ) ;
#783 = ORIENTED_EDGE ( 'NONE', *, *, #1345, .F. ) ;
#784 = ORIENTED_EDGE ( 'NONE', *, *, #696, .T. ) ;
#785 = FACE_OUTER_BOUND ( 'NONE', #1670, .T. ) ;
#786 = ORIENTED_EDGE ( 'NONE', *, *, #2143, .F. ) ;
#787 = DIRECTION ( 'NONE',  ( 0.0000000000000000000, -2.602085213965208275E-15, -1.000000000000000000 ) ) ;
#788 = EDGE_CURVE ( 'NONE', #363, #2747, #724, .T. ) ;
#789 = CYLINDRICAL_SURFACE ( 'NONE', #850, 1.299999999999999156 ) ;
#790 = EDGE_LOOP ( 'NONE', ( #1676, #2686, #1589, #688 ) ) ;
#791 = CIRCLE ( 'NONE', #2228, 2.699999998211862096 ) ;
#792 = DIRECTION ( 'NONE',  ( 1.000000000000000000, 6.877458004804189861E-10, 3.846393723910830979E-17 ) ) ;
#793 = VECTOR ( 'NONE', #1479, 1000.000000000000000 ) ;
#794 = AXIS2_PLACEMENT_3D ( 'NONE', #144, #1481, #1276 ) ;
#795 = DIRECTION ( 'NONE',  ( 1.654361043747359972E-24, 1.000000000000000000, 2.664535259474971031E-15 ) ) ;
#796 = ADVANCED_FACE ( 'NONE', ( #1331 ), #2177, .F. ) ;
#797 = VERTEX_POINT ( 'NONE', #1095 ) ;
#798 = DIRECTION ( 'NONE',  ( 1.000000000000000000, 1.654361029918985120E-24, 2.408024537242689745E-25 ) ) ;
#799 = VECTOR ( 'NONE', #2492, 1000.000000000000000 ) ;
#800 = LINE ( 'NONE', #2040, #2491 ) ;
#801 = ORIENTED_EDGE ( 'NONE', *, *, #2555, .F. ) ;
#802 = CARTESIAN_POINT ( 'NONE',  ( 16.19999999999998508, -6.499999999999938716, 22.54999999999998295 ) ) ;
#803 = FACE_OUTER_BOUND ( 'NONE', #603, .T. ) ;
#804 = EDGE_CURVE ( 'NONE', #128, #1140, #1215, .T. ) ;
#805 = DIRECTION ( 'NONE',  ( 2.408024537242689745E-25, 2.667137344314340908E-15, 1.000000000000000000 ) ) ;
#806 = VERTEX_POINT ( 'NONE', #404 ) ;
#807 = LOCAL_TIME ( 15, 19, 27.00000000000000000, #2657 ) ;
#808 = EDGE_CURVE ( 'NONE', #732, #358, #1466, .T. ) ;
#809 = CARTESIAN_POINT ( 'NONE',  ( -4.714045207910314339, -0.3000000000000007661, -1.666666666666663410 ) ) ;
#810 = CARTESIAN_POINT ( 'NONE',  ( -16.20000000000000995, -6.500000000206253681, 25.24999999999999289 ) ) ;
#811 = ORIENTED_EDGE ( 'NONE', *, *, #2670, .F. ) ;
#812 = CARTESIAN_POINT ( 'NONE',  ( -19.20000000309485699, -2.000000025515330293, 14.99999999999999645 ) ) ;
#813 = VERTEX_POINT ( 'NONE', #2436 ) ;
#814 = CARTESIAN_POINT ( 'NONE',  ( -15.67558051651312212, 3.469446951953614189E-15, 1.319444444444432207 ) ) ;
#815 = ORIENTED_EDGE ( 'NONE', *, *, #1815, .F. ) ;
#816 = LINE ( 'NONE', #1665, #2175 ) ;
#817 = CARTESIAN_POINT ( 'NONE',  ( 17.89999999642371264, -1.299999999999940981, 22.55000000000001137 ) ) ;
#818 = ADVANCED_FACE ( 'NONE', ( #2000 ), #1514, .F. ) ;
#819 = LINE ( 'NONE', #1654, #328 ) ;
#820 = AXIS2_PLACEMENT_3D ( 'NONE', #619, #859, #1957 ) ;
#821 = ORIENTED_EDGE ( 'NONE', *, *, #2859, .T. ) ;
#822 = EDGE_CURVE ( 'NONE', #1410, #395, #1041, .T. ) ;
#823 = VECTOR ( 'NONE', #493, 1000.000000000000000 ) ;
#824 = CIRCLE ( 'NONE', #2187, 2.999999999999999112 ) ;
#825 = CARTESIAN_POINT ( 'NONE',  ( 16.20000000000000995, -6.500000000000058620, -22.55000000000001492 ) ) ;
#826 = EDGE_CURVE ( 'NONE', #1165, #1137, #2711, .T. ) ;
#827 = ORIENTED_EDGE ( 'NONE', *, *, #2719, .T. ) ;
#828 = DIRECTION ( 'NONE',  ( -1.654361043747359972E-24, -1.000000000000000000, -2.664535259474971031E-15 ) ) ;
#829 = AXIS2_PLACEMENT_3D ( 'NONE', #2525, #1860, #2078 ) ;
#830 = CARTESIAN_POINT ( 'NONE',  ( 16.19999999999999218, -6.500000000000067502, -25.55000000000001847 ) ) ;
#831 = PRODUCT_DEFINITION_FORMATION_WITH_SPECIFIED_SOURCE ( 'ANY', '', #2957, .NOT_KNOWN. ) ;
#832 = DIRECTION ( 'NONE',  ( -6.877458004804157808E-10, 1.000000000000000000, 2.664535259448517764E-15 ) ) ;
#833 = CIRCLE ( 'NONE', #1828, 0.2500000000000002220 ) ;
#834 = CARTESIAN_POINT ( 'NONE',  ( 16.20000000000000995, -6.591949208711866959E-14, -24.24999999642371407 ) ) ;
#835 = ADVANCED_FACE ( 'NONE', ( #2675 ), #2897, .T. ) ;
#836 = LINE ( 'NONE', #849, #1697 ) ;
#837 = CARTESIAN_POINT ( 'NONE',  ( 16.39958348125051302, -3.469446951953614189E-15, -1.499999999999990896 ) ) ;
#838 = PLANE ( 'NONE',  #18 ) ;
#839 = ORIENTED_EDGE ( 'NONE', *, *, #1532, .T. ) ;
#840 = EDGE_CURVE ( 'NONE', #1170, #767, #2579, .T. ) ;
#841 = ORIENTED_EDGE ( 'NONE', *, *, #1726, .T. ) ;
#842 = CALENDAR_DATE ( 2020, 16, 11 ) ;
#843 = DIRECTION ( 'NONE',  ( 0.0000000000000000000, 3.502807018799324475E-15, 1.000000000000000000 ) ) ;
#844 = APPROVAL_STATUS ( 'not_yet_approved' ) ;
#845 = EDGE_LOOP ( 'NONE', ( #462, #655 ) ) ;
#846 = EDGE_CURVE ( 'NONE', #1993, #2870, #1751, .T. ) ;
#847 = DIRECTION ( 'NONE',  ( 2.408024537242689745E-25, 2.664535259474969848E-15, 1.000000000000000000 ) ) ;
#848 = DIRECTION ( 'NONE',  ( -1.000000000000000000, -1.654361029918985120E-24, -2.408024537242689745E-25 ) ) ;
#849 = CARTESIAN_POINT ( 'NONE',  ( -16.94999999999999574, -0.3000000000000588862, -22.30000000000001492 ) ) ;
#850 = AXIS2_PLACEMENT_3D ( 'NONE', #2159, #2166, #1694 ) ;
#851 = ORIENTED_EDGE ( 'NONE', *, *, #110, .T. ) ;
#852 = PERSON_AND_ORGANIZATION_ROLE ( 'creator' ) ;
#853 = ORIENTED_EDGE ( 'NONE', *, *, #361, .T. ) ;
#854 = ORIENTED_EDGE ( 'NONE', *, *, #1829, .F. ) ;
#855 = ORIENTED_EDGE ( 'NONE', *, *, #1759, .T. ) ;
#856 = ORIENTED_EDGE ( 'NONE', *, *, #398, .T. ) ;
#857 = VECTOR ( 'NONE', #2329, 1000.000000000000000 ) ;
#858 = ORIENTED_EDGE ( 'NONE', *, *, #1057, .T. ) ;
#859 = DIRECTION ( 'NONE',  ( 2.408024537242601583E-25, 6.877431359451575076E-10, 1.000000000000000000 ) ) ;
#860 = LINE ( 'NONE', #1613, #227 ) ;
#861 = ORIENTED_EDGE ( 'NONE', *, *, #110, .F. ) ;
#862 = CIRCLE ( 'NONE', #649, 1.699999996423718462 ) ;
#863 = CARTESIAN_POINT ( 'NONE',  ( -16.95000000000002416, 5.898059818321144121E-14, 22.29999999999999716 ) ) ;
#864 = DIRECTION ( 'NONE',  ( 1.654361043747359972E-24, 1.000000000000000000, 2.664535259474971031E-15 ) ) ;
#865 = AXIS2_PLACEMENT_3D ( 'NONE', #1859, #2087, #2556 ) ;
#866 = EDGE_CURVE ( 'NONE', #2905, #395, #1387, .T. ) ;
#867 = VECTOR ( 'NONE', #1468, 1000.000000000000000 ) ;
#868 = ORIENTED_EDGE ( 'NONE', *, *, #76, .F. ) ;
#869 = CARTESIAN_POINT ( 'NONE',  ( 4.949747468305829123, -0.2999999999999999334, 1.500000000000004885 ) ) ;
#870 = AXIS2_PLACEMENT_3D ( 'NONE', #2322, #538, #1869 ) ;
#871 = DIRECTION ( 'NONE',  ( -1.000000000000000000, 6.877458004804155740E-10, 1.591720541635623076E-24 ) ) ;
#872 = DIRECTION ( 'NONE',  ( -1.654361046724113907E-24, -1.000000000000000000, -6.877484650156773627E-10 ) ) ;
#873 = CIRCLE ( 'NONE', #526, 5.000000000000000000 ) ;
#874 = AXIS2_PLACEMENT_3D ( 'NONE', #2672, #2240, #2840 ) ;
#875 = DIRECTION ( 'NONE',  ( 1.654361043747359972E-24, 1.000000000000000000, 2.664535259474971031E-15 ) ) ;
#876 = FACE_OUTER_BOUND ( 'NONE', #1933, .T. ) ;
#877 = DIRECTION ( 'NONE',  ( 6.877449998388146414E-10, -1.000000000000000000, -2.664535257486558373E-15 ) ) ;
#878 = UNCERTAINTY_MEASURE_WITH_UNIT (LENGTH_MEASURE( 1.000000000000000082E-05 ), #1476, 'distance_accuracy_value', 'NONE');
#879 = DIRECTION ( 'NONE',  ( -1.654361043747359972E-24, -1.000000000000000000, -2.664535259474971031E-15 ) ) ;
#880 = VECTOR ( 'NONE', #653, 1000.000000000000000 ) ;
#881 = CARTESIAN_POINT ( 'NONE',  ( 16.19999999999998508, -1.299999999105870607, 22.55000000000001137 ) ) ;
#882 = ORIENTED_EDGE ( 'NONE', *, *, #1271, .T. ) ;
#883 = LINE ( 'NONE', #1185, #531 ) ;
#884 = EDGE_CURVE ( 'NONE', #2732, #432, #2362, .T. ) ;
#885 = DIRECTION ( 'NONE',  ( 1.668003339877366767E-16, -2.664535259474969848E-15, -1.000000000000000000 ) ) ;
#886 = ORIENTED_EDGE ( 'NONE', *, *, #915, .F. ) ;
#887 = ORIENTED_EDGE ( 'NONE', *, *, #971, .F. ) ;
#888 = AXIS2_PLACEMENT_3D ( 'NONE', #642, #1777, #164 ) ;
#889 = VERTEX_POINT ( 'NONE', #1347 ) ;
#890 = EDGE_LOOP ( 'NONE', ( #216, #2212, #2952, #1593 ) ) ;
#891 = CARTESIAN_POINT ( 'NONE',  ( -16.30000000000001137, -0.3000000000000033751, -1.500000000000001332 ) ) ;
#892 = ORIENTED_EDGE ( 'NONE', *, *, #1743, .T. ) ;
#893 = VECTOR ( 'NONE', #298, 1000.000000000000000 ) ;
#894 = CARTESIAN_POINT ( 'NONE',  ( 0.0000000000000000000, 0.0000000000000000000, 0.0000000000000000000 ) ) ;
#895 = DIRECTION ( 'NONE',  ( 2.408024537242689745E-25, 2.664535259474969848E-15, 1.000000000000000000 ) ) ;
#896 = CYLINDRICAL_SURFACE ( 'NONE', #2323, 2.999999998211863694 ) ;
#897 = EDGE_LOOP ( 'NONE', ( #2245, #1498, #511, #5 ) ) ;
#898 = FACE_OUTER_BOUND ( 'NONE', #2281, .T. ) ;
#899 = CARTESIAN_POINT ( 'NONE',  ( -16.19999999999998863, -6.500000000000063949, -25.24999999821186947 ) ) ;
#900 = FACE_OUTER_BOUND ( 'NONE', #2010, .T. ) ;
#901 = DIRECTION ( 'NONE',  ( -1.654361043747358869E-24, -1.000000000000000000, 2.664535259474969848E-15 ) ) ;
#902 = ORIENTED_EDGE ( 'NONE', *, *, #1362, .F. ) ;
#903 = EDGE_CURVE ( 'NONE', #1353, #352, #1288, .T. ) ;
#904 = DIRECTION ( 'NONE',  ( 0.0000000000000000000, 2.602085213965208275E-15, 1.000000000000000000 ) ) ;
#905 = AXIS2_PLACEMENT_3D ( 'NONE', #1733, #2267, #1124 ) ;
#906 = LINE ( 'NONE', #1803, #1907 ) ;
#907 = DIRECTION ( 'NONE',  ( 1.000000000000000000, 6.877458004804189861E-10, 3.846393723910830979E-17 ) ) ;
#908 = TOROIDAL_SURFACE ( 'NONE', #539, 1.699999996423722015, 1.300000000000000044 ) ;
#909 = CARTESIAN_POINT ( 'NONE',  ( -15.95000000000002238, -0.2999999999999374833, 23.29999999999999716 ) ) ;
#910 = ORIENTED_EDGE ( 'NONE', *, *, #2265, .F. ) ;
#911 = CARTESIAN_POINT ( 'NONE',  ( 19.19999999642370980, -1.299999999105868831, 22.54999999999998295 ) ) ;
#912 = EDGE_LOOP ( 'NONE', ( #2090, #2683, #2162, #2858 ) ) ;
#913 = DIRECTION ( 'NONE',  ( 1.654361043747359972E-24, 1.000000000000000000, 2.664535259474971031E-15 ) ) ;
#914 = AXIS2_PLACEMENT_3D ( 'NONE', #881, #1127, #1563 ) ;
#915 = EDGE_CURVE ( 'NONE', #1713, #2932, #615, .T. ) ;
#916 = CARTESIAN_POINT ( 'NONE',  ( 4.949747468305829123, 0.0000000000000000000, 1.500000000000004885 ) ) ;
#917 = EDGE_LOOP ( 'NONE', ( #38, #1534, #45, #1105 ) ) ;
#918 = EDGE_CURVE ( 'NONE', #2635, #2133, #406, .T. ) ;
#919 = DIRECTION ( 'NONE',  ( 2.408024537242601583E-25, 6.877431359451575076E-10, 1.000000000000000000 ) ) ;
#920 = VERTEX_POINT ( 'NONE', #2733 ) ;
#921 = ORIENTED_EDGE ( 'NONE', *, *, #765, .T. ) ;
#922 = ORIENTED_EDGE ( 'NONE', *, *, #1569, .T. ) ;
#923 = TOROIDAL_SURFACE ( 'NONE', #1863, 1.699999996423722015, 1.300000000000000044 ) ;
#924 = VERTEX_POINT ( 'NONE', #2252 ) ;
#925 = DIRECTION ( 'NONE',  ( -1.654361043747358869E-24, -1.000000000000000000, 2.664535259474969848E-15 ) ) ;
#926 = FACE_OUTER_BOUND ( 'NONE', #1392, .T. ) ;
#927 = ORIENTED_EDGE ( 'NONE', *, *, #1874, .T. ) ;
#928 = CIRCLE ( 'NONE', #1047, 5.000000000000000000 ) ;
#929 = DIRECTION ( 'NONE',  ( -6.877457992358068473E-10, 1.000000000000000000, 2.664535259474971425E-15 ) ) ;
#930 = DIRECTION ( 'NONE',  ( 0.0000000000000000000, -2.664535259474973792E-15, -1.000000000000000000 ) ) ;
#931 = FACE_OUTER_BOUND ( 'NONE', #2541, .T. ) ;
#932 = ORIENTED_EDGE ( 'NONE', *, *, #357, .T. ) ;
#933 = CARTESIAN_POINT ( 'NONE',  ( 0.5000000048829902344, -7.100000012860911092, -25.24999999821188368 ) ) ;
#934 = CARTESIAN_POINT ( 'NONE',  ( 16.20000000000000995, -2.063895929160786125E-10, -25.24999999552964525 ) ) ;
#935 = EDGE_CURVE ( 'NONE', #2330, #2421, #1143, .T. ) ;
#936 = LINE ( 'NONE', #2275, #1443 ) ;
#937 = DIRECTION ( 'NONE',  ( 0.0000000000000000000, -2.602085213965237857E-15, -1.000000000000000000 ) ) ;
#938 = ADVANCED_FACE ( 'NONE', ( #548 ), #923, .T. ) ;
#939 = CARTESIAN_POINT ( 'NONE',  ( 16.19999999999998508, -6.499999999999931610, 25.24999999821183749 ) ) ;
#940 = VECTOR ( 'NONE', #1135, 1000.000000000000000 ) ;
#941 = AXIS2_PLACEMENT_3D ( 'NONE', #837, #2684, #172 ) ;
#942 = CARTESIAN_POINT ( 'NONE',  ( -0.4999999951170105983, -7.100000013548521949, 25.54999999999996874 ) ) ;
#943 = VECTOR ( 'NONE', #2558, 1000.000000000000000 ) ;
#945 = VERTEX_POINT ( 'NONE', #909 ) ;
#944 = DIRECTION ( 'NONE',  ( 1.000000000000000000, 6.877458004804189861E-10, 3.846393723910830979E-17 ) ) ;
#946 = PERSON_AND_ORGANIZATION ( #228, #2089 ) ;
#947 = DIRECTION ( 'NONE',  ( 7.692787057236816282E-17, 2.664535259474969848E-15, 1.000000000000000000 ) ) ;
#948 = ORIENTED_EDGE ( 'NONE', *, *, #134, .F. ) ;
#949 = CARTESIAN_POINT ( 'NONE',  ( 4.714045207910314339, 0.0000000000000000000, 1.666666666666660079 ) ) ;
#950 = DIRECTION ( 'NONE',  ( 1.654361043747359972E-24, 1.000000000000000000, 2.664535259474971031E-15 ) ) ;
#951 = ORIENTED_EDGE ( 'NONE', *, *, #1639, .T. ) ;
#952 = ORIENTED_EDGE ( 'NONE', *, *, #282, .T. ) ;
#953 = ADVANCED_FACE ( 'NONE', ( #1073 ), #2256, .F. ) ;
#954 = EDGE_CURVE ( 'NONE', #1463, #2461, #474, .T. ) ;
#955 = DIRECTION ( 'NONE',  ( 1.654361043747359972E-24, 1.000000000000000000, 2.664535259474971031E-15 ) ) ;
#956 = ORIENTED_EDGE ( 'NONE', *, *, #739, .T. ) ;
#957 = EDGE_LOOP ( 'NONE', ( #2928, #2456 ) ) ;
#958 = AXIS2_PLACEMENT_3D ( 'NONE', #1218, #350, #1671 ) ;
#959 = ORIENTED_EDGE ( 'NONE', *, *, #1800, .F. ) ;
#960 = DIRECTION ( 'NONE',  ( -6.877458004804189861E-10, -1.000000000000000000, -2.664535261012795807E-15 ) ) ;
#961 = LINE ( 'NONE', #469, #2067 ) ;
#962 = ORIENTED_EDGE ( 'NONE', *, *, #1436, .T. ) ;
#963 = CIRCLE ( 'NONE', #2820, 5.000000000000000000 ) ;
#964 = PLANE ( 'NONE',  #2568 ) ;
#965 = CIRCLE ( 'NONE', #1081, 3.000000000000002665 ) ;
#966 = ORIENTED_EDGE ( 'NONE', *, *, #334, .F. ) ;
#967 = CARTESIAN_POINT ( 'NONE',  ( -17.89999999642365580, -1.300000000000058886, -22.55000000000005755 ) ) ;
#968 = ADVANCED_FACE ( 'NONE', ( #785 ), #2020, .F. ) ;
#969 = CARTESIAN_POINT ( 'NONE',  ( -16.20000000000002416, -0.2999999999999339861, 24.24999999642371051 ) ) ;
#970 = DIRECTION ( 'NONE',  ( 0.0000000000000000000, 2.602085213965213008E-15, 1.000000000000000000 ) ) ;
#971 = EDGE_CURVE ( 'NONE', #2669, #945, #2823, .T. ) ;
#972 = LINE ( 'NONE', #17, #2947 ) ;
#973 = DIRECTION ( 'NONE',  ( -1.000000000000000000, -1.654360230909297526E-24, 0.0000000000000000000 ) ) ;
#974 = DIRECTION ( 'NONE',  ( 1.654361043747359972E-24, 1.000000000000000000, 2.664535259474971031E-15 ) ) ;
#975 = EDGE_CURVE ( 'NONE', #2484, #2205, #961, .T. ) ;
#976 = CIRCLE ( 'NONE', #2703, 2.699999998211858543 ) ;
#977 = CARTESIAN_POINT ( 'NONE',  ( 19.19999999642370980, -1.299999999105868831, 22.54999999999998295 ) ) ;
#978 = CARTESIAN_POINT ( 'NONE',  ( 16.94999999999998508, -0.3000000000000033751, -1.845747965847528649 ) ) ;
#979 = ORIENTED_EDGE ( 'NONE', *, *, #2101, .T. ) ;
#980 = AXIS2_PLACEMENT_3D ( 'NONE', #2565, #2557, #1192 ) ;
#981 = PERSON_AND_ORGANIZATION ( #228, #2089 ) ;
#982 = APPROVAL ( #844, 'UNSPECIFIED' ) ;
#983 = CARTESIAN_POINT ( 'NONE',  ( 15.67558051651309725, 3.469446951953614189E-15, 1.319444444444456410 ) ) ;
#984 = ORIENTED_EDGE ( 'NONE', *, *, #1667, .F. ) ;
#985 = ORIENTED_EDGE ( 'NONE', *, *, #1740, .T. ) ;
#986 = ADVANCED_FACE ( 'NONE', ( #1677 ), #1571, .F. ) ;
#987 = PLANE ( 'NONE',  #1000 ) ;
#988 = EDGE_CURVE ( 'NONE', #1463, #579, #997, .T. ) ;
#989 = ORIENTED_EDGE ( 'NONE', *, *, #1955, .T. ) ;
#990 = CARTESIAN_POINT ( 'NONE',  ( -15.95000000000002238, 6.245004513516505540E-14, 23.29999999999999716 ) ) ;
#991 = DIRECTION ( 'NONE',  ( 0.0000000000000000000, 2.602085213965237857E-15, 1.000000000000000000 ) ) ;
#992 = ORIENTED_EDGE ( 'NONE', *, *, #918, .T. ) ;
#993 = EDGE_CURVE ( 'NONE', #714, #220, #371, .T. ) ;
#994 = DIRECTION ( 'NONE',  ( 1.654361043747359972E-24, 1.000000000000000000, 2.664535259474971031E-15 ) ) ;
#995 = EDGE_LOOP ( 'NONE', ( #416, #324, #1675, #2253 ) ) ;
#996 = ORIENTED_EDGE ( 'NONE', *, *, #316, .T. ) ;
#997 = LINE ( 'NONE', #1866, #83 ) ;
#998 = ORIENTED_EDGE ( 'NONE', *, *, #770, .T. ) ;
#999 = EDGE_LOOP ( 'NONE', ( #1547, #1216, #2184, #174 ) ) ;
#1000 = AXIS2_PLACEMENT_3D ( 'NONE', #1449, #1674, #2339 ) ;
#1001 = ADVANCED_FACE ( 'NONE', ( #1893 ), #896, .T. ) ;
#1002 = CIRCLE ( 'NONE', #2915, 1.699999996423722015 ) ;
#1003 = ORIENTED_EDGE ( 'NONE', *, *, #2101, .F. ) ;
#1004 = VECTOR ( 'NONE', #2407, 1000.000000000000000 ) ;
#1005 = CARTESIAN_POINT ( 'NONE',  ( -17.89999999642373751, 5.898059818321144121E-14, 22.54999999999999716 ) ) ;
#1006 = VECTOR ( 'NONE', #421, 1000.000000000000000 ) ;
#1007 = DIRECTION ( 'NONE',  ( 1.654361043747359972E-24, 1.000000000000000000, 2.664535259474971031E-15 ) ) ;
#1008 = EDGE_LOOP ( 'NONE', ( #516, #2637, #2882, #1107 ) ) ;
#1009 = DIRECTION ( 'NONE',  ( 2.408024537242689745E-25, 2.664535259474969848E-15, 1.000000000000000000 ) ) ;
#1010 = DIRECTION ( 'NONE',  ( -6.877457992358068473E-10, -1.000000000000000000, -2.668805342826901320E-15 ) ) ;
#1011 = VECTOR ( 'NONE', #847, 1000.000000000000000 ) ;
#1012 = AXIS2_PLACEMENT_3D ( 'NONE', #702, #2539, #1847 ) ;
#1013 = EDGE_CURVE ( 'NONE', #2138, #1161, #2035, .T. ) ;
#1014 = FACE_OUTER_BOUND ( 'NONE', #391, .T. ) ;
#1015 = DIRECTION ( 'NONE',  ( 1.654361043747359972E-24, 1.000000000000000000, 2.664535259474971031E-15 ) ) ;
#1016 = ADVANCED_FACE ( 'NONE', ( #1508 ), #1538, .F. ) ;
#1017 = ORIENTED_EDGE ( 'NONE', *, *, #665, .T. ) ;
#1018 = VECTOR ( 'NONE', #944, 1000.000000000000000 ) ;
#1019 = DIRECTION ( 'NONE',  ( -6.877457992358068473E-10, -1.000000000000000000, -2.668805342826901320E-15 ) ) ;
#1020 = AXIS2_PLACEMENT_3D ( 'NONE', #2098, #2344, #1452 ) ;
#1021 = ORIENTED_EDGE ( 'NONE', *, *, #2278, .T. ) ;
#1022 = DIRECTION ( 'NONE',  ( 1.654361043747359972E-24, 1.000000000000000000, 2.664535259474971031E-15 ) ) ;
#1023 = DIRECTION ( 'NONE',  ( 0.0000000000000000000, -2.664535259474967481E-15, -1.000000000000000000 ) ) ;
#1024 = ORIENTED_EDGE ( 'NONE', *, *, #712, .T. ) ;
#1025 = AXIS2_PLACEMENT_3D ( 'NONE', #2916, #2455, #648 ) ;
#1026 = VERTEX_POINT ( 'NONE', #2289 ) ;
#1027 = CARTESIAN_POINT ( 'NONE',  ( -16.30000000000001137, -0.3000000000000033751, -1.500000000000001332 ) ) ;
#1028 = DIRECTION ( 'NONE',  ( -6.877457992358068473E-10, 1.000000000000000000, 2.668805342826901320E-15 ) ) ;
#1029 = ORIENTED_EDGE ( 'NONE', *, *, #2751, .T. ) ;
#1030 = CARTESIAN_POINT ( 'NONE',  ( 19.20000000000001350, -6.500000000000055955, -22.55000000000001492 ) ) ;
#1031 = ORIENTED_EDGE ( 'NONE', *, *, #1896, .F. ) ;
#1033 = ORIENTED_EDGE ( 'NONE', *, *, #2317, .T. ) ;
#1032 = DIRECTION ( 'NONE',  ( 1.000000000000000000, -8.340016711426962191E-16, 0.0000000000000000000 ) ) ;
#1034 = DIRECTION ( 'NONE',  ( -6.877458004804157808E-10, 1.000000000000000000, 2.664535259448517764E-15 ) ) ;
#1035 = DESIGN_CONTEXT ( 'detailed design', #2428, 'design' ) ;
#1036 = ORIENTED_EDGE ( 'NONE', *, *, #1441, .F. ) ;
#1037 = ORIENTED_EDGE ( 'NONE', *, *, #2811, .F. ) ;
#1038 = FACE_OUTER_BOUND ( 'NONE', #213, .T. ) ;
#1039 = CARTESIAN_POINT ( 'NONE',  ( 0.5000000048829902344, -7.100000012860911092, -25.24999999821188368 ) ) ;
#1040 = EDGE_CURVE ( 'NONE', #250, #2139, #2213, .T. ) ;
#1041 = CIRCLE ( 'NONE', #592, 1.299999999999999156 ) ;
#1042 = ORIENTED_EDGE ( 'NONE', *, *, #334, .T. ) ;
#1043 = FACE_OUTER_BOUND ( 'NONE', #2671, .T. ) ;
#1044 = CARTESIAN_POINT ( 'NONE',  ( -19.20000000309485699, -2.000000025515369373, -1.387778780781445676E-14 ) ) ;
#1045 = CARTESIAN_POINT ( 'NONE',  ( 4.714045207910314339, -0.2999999999999999334, 1.666666666666660079 ) ) ;
#1046 = LINE ( 'NONE', #645, #2150 ) ;
#1047 = AXIS2_PLACEMENT_3D ( 'NONE', #2185, #828, #2392 ) ;
#1048 = CARTESIAN_POINT ( 'NONE',  ( 4.714045207910314339, -0.3000000000000068723, -1.666666666666670515 ) ) ;
#1049 = ORIENTED_EDGE ( 'NONE', *, *, #1149, .T. ) ;
#1050 = DIRECTION ( 'NONE',  ( 1.000000000000000000, 6.877458004804189861E-10, 3.846393723910830979E-17 ) ) ;
#1051 = FACE_OUTER_BOUND ( 'NONE', #897, .T. ) ;
#1052 = CARTESIAN_POINT ( 'NONE',  ( -16.20000000000000284, -6.500000000000065725, -25.55000000000001847 ) ) ;
#1053 = DIRECTION ( 'NONE',  ( 2.408024537242689745E-25, 2.664535259474969848E-15, 1.000000000000000000 ) ) ;
#1054 = CIRCLE ( 'NONE', #1637, 2.999999996423724724 ) ;
#1055 = DIRECTION ( 'NONE',  ( 1.654361043747359972E-24, 1.000000000000000000, 2.664535259474971031E-15 ) ) ;
#1056 = CIRCLE ( 'NONE', #1489, 1.299999999999999156 ) ;
#1057 = EDGE_CURVE ( 'NONE', #253, #2134, #448, .T. ) ;
#1058 = DIRECTION ( 'NONE',  ( 0.0000000000000000000, 2.602085213965208275E-15, 1.000000000000000000 ) ) ;
#1059 = ORIENTED_EDGE ( 'NONE', *, *, #1515, .T. ) ;
#1060 = DATE_AND_TIME ( #2346, #2953 ) ;
#1061 = CARTESIAN_POINT ( 'NONE',  ( -15.95000000000002238, -0.2999999999999374833, 23.29999999999999716 ) ) ;
#1062 = CARTESIAN_POINT ( 'NONE',  ( 18.89999999642372686, -1.299999999312310361, -22.54999999999999361 ) ) ;
#1063 = ORIENTED_EDGE ( 'NONE', *, *, #418, .T. ) ;
#1064 = CARTESIAN_POINT ( 'NONE',  ( -0.4999999951170105983, -7.100000013548523725, 25.24999999821183394 ) ) ;
#1065 = ADVANCED_FACE ( 'NONE', ( #510 ), #2438, .T. ) ;
#1066 = CARTESIAN_POINT ( 'NONE',  ( 16.94999999999998508, -0.2999999999999409250, 22.30000000000001137 ) ) ;
#1067 = ORIENTED_EDGE ( 'NONE', *, *, #1483, .F. ) ;
#1068 = DIRECTION ( 'NONE',  ( 1.654361043747359972E-24, 1.000000000000000000, 2.664535259474971031E-15 ) ) ;
#1069 = ORIENTED_EDGE ( 'NONE', *, *, #2118, .T. ) ;
#1070 = ORIENTED_EDGE ( 'NONE', *, *, #166, .T. ) ;
#1071 = DIRECTION ( 'NONE',  ( -2.408024537242733826E-25, 2.664535259474969848E-15, 1.000000000000000000 ) ) ;
#1072 = ORIENTED_EDGE ( 'NONE', *, *, #545, .F. ) ;
#1073 = FACE_OUTER_BOUND ( 'NONE', #2167, .T. ) ;
#1074 = AXIS2_PLACEMENT_3D ( 'NONE', #2050, #913, #2519 ) ;
#1075 = ORIENTED_EDGE ( 'NONE', *, *, #2530, .T. ) ;
#1076 = EDGE_CURVE ( 'NONE', #604, #41, #2509, .T. ) ;
#1077 = FACE_BOUND ( 'NONE', #1911, .T. ) ;
#1078 = VERTEX_POINT ( 'NONE', #2785 ) ;
#1079 = VECTOR ( 'NONE', #273, 1000.000000000000000 ) ;
#1080 = DIRECTION ( 'NONE',  ( 0.0000000000000000000, 2.656295324172761649E-15, 1.000000000000000000 ) ) ;
#1081 = AXIS2_PLACEMENT_3D ( 'NONE', #2191, #2429, #1058 ) ;
#1082 = LINE ( 'NONE', #189, #1006 ) ;
#1083 = CARTESIAN_POINT ( 'NONE',  ( -0.4999999955296527410, -6.500000000000066613, -25.55000000000001847 ) ) ;
#1084 = CARTESIAN_POINT ( 'NONE',  ( 0.5000000044703480917, -6.500000012860777332, 25.24999999821183394 ) ) ;
#1085 = VERTEX_POINT ( 'NONE', #485 ) ;
#1086 = AXIS2_PLACEMENT_3D ( 'NONE', #1274, #117, #2872 ) ;
#1087 = DIRECTION ( 'NONE',  ( -6.877458004804188827E-10, -1.000000000000000000, -2.664535259474970637E-15 ) ) ;
#1088 = VECTOR ( 'NONE', #1369, 1000.000000000000000 ) ;
#1089 = FACE_BOUND ( 'NONE', #2382, .T. ) ;
#1090 = DIRECTION ( 'NONE',  ( 2.408024537242689745E-25, 2.664535259474969848E-15, 1.000000000000000000 ) ) ;
#1091 = EDGE_CURVE ( 'NONE', #1557, #41, #1965, .T. ) ;
#1092 = ORIENTED_EDGE ( 'NONE', *, *, #1726, .F. ) ;
#1093 = LINE ( 'NONE', #1527, #1269 ) ;
#1094 = DIRECTION ( 'NONE',  ( -1.000000000000000000, 6.877458004804188827E-10, 1.591720541635631892E-24 ) ) ;
#1095 = CARTESIAN_POINT ( 'NONE',  ( 19.19999999645810007, -1.349999997929668405, -14.99999999999999822 ) ) ;
#1096 = ORIENTED_EDGE ( 'NONE', *, *, #988, .F. ) ;
#1097 = EDGE_CURVE ( 'NONE', #2359, #2540, #2614, .T. ) ;
#1098 = CARTESIAN_POINT ( 'NONE',  ( 16.20000000000000995, -2.063895929160786125E-10, -25.24999999552964525 ) ) ;
#1099 = CARTESIAN_POINT ( 'NONE',  ( 15.43541917671046626, -0.2999999999999981570, 1.500000000000004885 ) ) ;
#1100 = AXIS2_PLACEMENT_3D ( 'NONE', #1972, #2452, #2943 ) ;
#1101 = ORIENTED_EDGE ( 'NONE', *, *, #1707, .F. ) ;
#1102 = CARTESIAN_POINT ( 'NONE',  ( 17.89999999642372330, -1.300000000000058886, -22.54999999999999361 ) ) ;
#1103 = CARTESIAN_POINT ( 'NONE',  ( 16.20000000000000284, 6.591949208711866959E-14, 25.54999999552966017 ) ) ;
#1104 = VERTEX_POINT ( 'NONE', #2076 ) ;
#1105 = ORIENTED_EDGE ( 'NONE', *, *, #2515, .T. ) ;
#1106 = DIRECTION ( 'NONE',  ( -1.696198399768476349E-16, -2.664535259474969848E-15, -1.000000000000000000 ) ) ;
#1107 = ORIENTED_EDGE ( 'NONE', *, *, #468, .T. ) ;
#1108 = EDGE_LOOP ( 'NONE', ( #291, #2855, #2051, #1141 ) ) ;
#1109 = ORIENTED_EDGE ( 'NONE', *, *, #2442, .F. ) ;
#1110 = DIRECTION ( 'NONE',  ( -1.654361043747358869E-24, -1.000000000000000000, 2.664535259474969848E-15 ) ) ;
#1111 = CIRCLE ( 'NONE', #1622, 0.6500000000000012434 ) ;
#1112 = VERTEX_POINT ( 'NONE', #1381 ) ;
#1113 = LINE ( 'NONE', #733, #726 ) ;
#1114 = CARTESIAN_POINT ( 'NONE',  ( -17.89999999642370909, -5.898059818321144121E-14, -22.55000000000001492 ) ) ;
#1115 = DIRECTION ( 'NONE',  ( -1.696198399768476349E-16, -2.664535259474969848E-15, -1.000000000000000000 ) ) ;
#1116 = EDGE_CURVE ( 'NONE', #2250, #477, #255, .T. ) ;
#1117 = TOROIDAL_SURFACE ( 'NONE', #1417, 1.699999996423722015, 1.000000000000000000 ) ;
#1118 = ORIENTED_EDGE ( 'NONE', *, *, #1246, .F. ) ;
#1119 = CARTESIAN_POINT ( 'NONE',  ( 0.5000000044703480917, -6.500000012860911447, -25.24999999821188368 ) ) ;
#1120 = EDGE_CURVE ( 'NONE', #715, #1104, #2641, .T. ) ;
#1121 = DIRECTION ( 'NONE',  ( 1.654361043747359972E-24, 1.000000000000000000, 2.664535259474971031E-15 ) ) ;
#1122 = DIRECTION ( 'NONE',  ( 1.000000000000000000, 1.654360628428811170E-24, -1.696198399768476349E-16 ) ) ;
#1123 = FACE_OUTER_BOUND ( 'NONE', #1960, .T. ) ;
#1124 = DIRECTION ( 'NONE',  ( -6.877458004804157808E-10, 1.000000000000000000, 2.664535259474971031E-15 ) ) ;
#1125 = FACE_OUTER_BOUND ( 'NONE', #289, .T. ) ;
#1126 = CARTESIAN_POINT ( 'NONE',  ( 0.5000000044703480917, -6.499999999999929834, 25.54999999999996874 ) ) ;
#1127 = DIRECTION ( 'NONE',  ( 1.654361043747359972E-24, 1.000000000000000000, 2.664535259474971031E-15 ) ) ;
#1128 = EDGE_LOOP ( 'NONE', ( #2113, #2262, #652, #1338 ) ) ;
#1129 = LINE ( 'NONE', #1662, #1492 ) ;
#1130 = EDGE_CURVE ( 'NONE', #920, #1966, #223, .T. ) ;
#1131 = ORIENTED_EDGE ( 'NONE', *, *, #340, .T. ) ;
#1132 = DIRECTION ( 'NONE',  ( 0.0000000000000000000, 2.602085213965208275E-15, 1.000000000000000000 ) ) ;
#1133 = EDGE_CURVE ( 'NONE', #1543, #806, #2786, .T. ) ;
#1134 = CARTESIAN_POINT ( 'NONE',  ( -19.20000000309485699, -2.000000025515369373, -1.387778780781445676E-14 ) ) ;
#1135 = DIRECTION ( 'NONE',  ( 1.654361043747359972E-24, 1.000000000000000000, 2.664535259474971031E-15 ) ) ;
#1136 = AXIS2_PLACEMENT_3D ( 'NONE', #2906, #2424, #2667 ) ;
#1137 = VERTEX_POINT ( 'NONE', #1405 ) ;
#1138 = CC_DESIGN_APPROVAL ( #575, ( #2206 ) ) ;
#1139 = CARTESIAN_POINT ( 'NONE',  ( -16.20000000000002416, -6.499999999999936939, 22.54999999999999716 ) ) ;
#1140 = VERTEX_POINT ( 'NONE', #20 ) ;
#1141 = ORIENTED_EDGE ( 'NONE', *, *, #1973, .T. ) ;
#1142 = EDGE_LOOP ( 'NONE', ( #2088, #2608, #686, #68 ) ) ;
#1143 = CIRCLE ( 'NONE', #1195, 0.6500000000000012434 ) ;
#1144 = VERTEX_POINT ( 'NONE', #2522 ) ;
#1145 = CARTESIAN_POINT ( 'NONE',  ( 16.29999999999998650, -0.2999999999999964362, 1.500000000000004885 ) ) ;
#1146 = CYLINDRICAL_SURFACE ( 'NONE', #744, 0.2499999999999993616 ) ;
#1147 = LINE ( 'NONE', #81, #2147 ) ;
#1148 = LINE ( 'NONE', #433, #2223 ) ;
#1149 = EDGE_CURVE ( 'NONE', #253, #1993, #687, .T. ) ;
#1150 = VERTEX_POINT ( 'NONE', #1629 ) ;
#1151 = DIRECTION ( 'NONE',  ( 2.408024537242689745E-25, 2.664535259474969848E-15, 1.000000000000000000 ) ) ;
#1152 = AXIS2_PLACEMENT_3D ( 'NONE', #75, #777, #1886 ) ;
#1153 = CARTESIAN_POINT ( 'NONE',  ( -18.89999999821187870, -6.499999999999938716, 22.54999999999999716 ) ) ;
#1154 = CARTESIAN_POINT ( 'NONE',  ( -16.95000000000002416, -0.2999999999999409250, 22.29999999999999716 ) ) ;
#1155 = LINE ( 'NONE', #2024, #2654 ) ;
#1156 = ORIENTED_EDGE ( 'NONE', *, *, #1225, .T. ) ;
#1157 = CIRCLE ( 'NONE', #175, 0.6500000011763020780 ) ;
#1158 = CARTESIAN_POINT ( 'NONE',  ( 16.94999999999999574, -5.898059818321144121E-14, -22.29999999999999361 ) ) ;
#1159 = EDGE_LOOP ( 'NONE', ( #784, #1317, #2450, #105 ) ) ;
#1160 = CARTESIAN_POINT ( 'NONE',  ( -19.19999999642373467, -1.299999999105872384, 22.54999999999999716 ) ) ;
#1161 = VERTEX_POINT ( 'NONE', #2094 ) ;
#1162 = CARTESIAN_POINT ( 'NONE',  ( 4.949747468305829123, -0.3000000000000068723, -1.499999999999997780 ) ) ;
#1163 = AXIS2_PLACEMENT_3D ( 'NONE', #322, #2334, #1883 ) ;
#1164 = EDGE_CURVE ( 'NONE', #1144, #1161, #819, .T. ) ;
#1165 = VERTEX_POINT ( 'NONE', #2125 ) ;
#1166 = AXIS2_PLACEMENT_3D ( 'NONE', #2735, #501, #3 ) ;
#1167 = DIRECTION ( 'NONE',  ( 1.654361043747359972E-24, 1.000000000000000000, 2.664535259474971031E-15 ) ) ;
#1168 = DIRECTION ( 'NONE',  ( 7.692787009076325537E-17, -2.664535259474969848E-15, -1.000000000000000000 ) ) ;
#1169 = CARTESIAN_POINT ( 'NONE',  ( -19.20000000309485699, -2.000000025515405788, -15.00000000000001421 ) ) ;
#1170 = VERTEX_POINT ( 'NONE', #2131 ) ;
#1171 = ORIENTED_EDGE ( 'NONE', *, *, #975, .F. ) ;
#1172 = CARTESIAN_POINT ( 'NONE',  ( -19.20000000309485699, -2.000000025515405788, -15.00000000000001421 ) ) ;
#1173 = AXIS2_PLACEMENT_3D ( 'NONE', #817, #1929, #1032 ) ;
#1174 = EDGE_LOOP ( 'NONE', ( #333, #861, #2661, #2473 ) ) ;
#1175 = EDGE_LOOP ( 'NONE', ( #703, #1752 ) ) ;
#1176 = ORIENTED_EDGE ( 'NONE', *, *, #589, .T. ) ;
#1177 = DIRECTION ( 'NONE',  ( 6.877458004804156774E-10, -1.000000000000000000, -2.664535259474971425E-15 ) ) ;
#1178 = DIRECTION ( 'NONE',  ( 2.408024537242689745E-25, 2.664535259474969848E-15, 1.000000000000000000 ) ) ;
#1179 = LINE ( 'NONE', #748, #2071 ) ;
#1180 = ORIENTED_EDGE ( 'NONE', *, *, #1779, .F. ) ;
#1181 = LINE ( 'NONE', #2777, #1333 ) ;
#1182 = DIRECTION ( 'NONE',  ( -1.654361040770606036E-24, -1.000000000000000000, 6.877431359451575076E-10 ) ) ;
#1183 = ADVANCED_FACE ( 'NONE', ( #756 ), #2542, .T. ) ;
#1184 = VECTOR ( 'NONE', #612, 1000.000000000000000 ) ;
#1185 = CARTESIAN_POINT ( 'NONE',  ( -18.89999999552967580, -2.062664275492842592E-10, 22.54999999999999716 ) ) ;
#1186 = ORIENTED_EDGE ( 'NONE', *, *, #90, .T. ) ;
#1187 = CARTESIAN_POINT ( 'NONE',  ( -18.89999999821186449, -1.299999999105990289, -22.55000000000005755 ) ) ;
#1188 = CARTESIAN_POINT ( 'NONE',  ( -15.43541917671047514, -0.3000000000000016542, -1.500000000000001332 ) ) ;
#1189 = DIRECTION ( 'NONE',  ( 1.654361043747359972E-24, 1.000000000000000000, 2.664535259474971031E-15 ) ) ;
#1190 = EDGE_CURVE ( 'NONE', #2151, #2372, #2367, .T. ) ;
#1191 = CIRCLE ( 'NONE', #2459, 0.6500000000000030198 ) ;
#1192 = DIRECTION ( 'NONE',  ( 0.0000000000000000000, 2.664535259474972214E-15, 1.000000000000000000 ) ) ;
#1193 = CARTESIAN_POINT ( 'NONE',  ( -17.89999999642373751, -0.2999999999999409250, 22.54999999999999716 ) ) ;
#1194 = CIRCLE ( 'NONE', #71, 2.999999999999999112 ) ;
#1195 = AXIS2_PLACEMENT_3D ( 'NONE', #438, #1566, #1367 ) ;
#1196 = DIRECTION ( 'NONE',  ( 1.654361043747359972E-24, 1.000000000000000000, 2.664535259474971031E-15 ) ) ;
#1197 = CIRCLE ( 'NONE', #1943, 1.299999999999999156 ) ;
#1198 = CARTESIAN_POINT ( 'NONE',  ( -16.20000000000000995, -1.299999999999934097, 24.24999999642371051 ) ) ;
#1199 = ADVANCED_FACE ( 'NONE', ( #1754 ), #987, .T. ) ;
#1200 = ORIENTED_EDGE ( 'NONE', *, *, #2355, .T. ) ;
#1201 = CARTESIAN_POINT ( 'NONE',  ( -15.95000000000002238, -0.2999999999999374833, 23.29999999999999716 ) ) ;
#1202 = VERTEX_POINT ( 'NONE', #542 ) ;
#1203 = DIRECTION ( 'NONE',  ( -1.000000000000000000, -8.340016711426962191E-16, -2.668805347656628059E-15 ) ) ;
#1204 = DIRECTION ( 'NONE',  ( -1.654361040770606036E-24, -1.000000000000000000, 6.877431359451575076E-10 ) ) ;
#1205 = EDGE_CURVE ( 'NONE', #506, #2250, #2681, .T. ) ;
#1206 = DIRECTION ( 'NONE',  ( -8.792610053167262672E-39, -2.664535259474971820E-15, 1.000000000000000000 ) ) ;
#1207 = CARTESIAN_POINT ( 'NONE',  ( 16.94999999999998508, -0.2999999999999409250, 22.30000000000001137 ) ) ;
#1208 = EDGE_CURVE ( 'NONE', #945, #2348, #411, .T. ) ;
#1209 = ORIENTED_EDGE ( 'NONE', *, *, #2816, .T. ) ;
#1210 = AXIS2_PLACEMENT_3D ( 'NONE', #1134, #2745, #2517 ) ;
#1211 = ORIENTED_EDGE ( 'NONE', *, *, #2026, .T. ) ;
#1212 = DIRECTION ( 'NONE',  ( 1.654361043747359972E-24, 1.000000000000000000, 2.664535259474971031E-15 ) ) ;
#1213 = ADVANCED_FACE ( 'NONE', ( #554 ), #315, .T. ) ;
#1214 = VERTEX_POINT ( 'NONE', #2570 ) ;
#1215 = CIRCLE ( 'NONE', #242, 0.6499999999999980238 ) ;
#1216 = ORIENTED_EDGE ( 'NONE', *, *, #1704, .F. ) ;
#1217 = VECTOR ( 'NONE', #131, 1000.000000000000000 ) ;
#1218 = CARTESIAN_POINT ( 'NONE',  ( 16.19999999999999218, -6.500000000000067502, -25.55000000000001847 ) ) ;
#1219 = LINE ( 'NONE', #810, #1753 ) ;
#1220 = PLANE ( 'NONE',  #2909 ) ;
#1221 = FACE_OUTER_BOUND ( 'NONE', #2537, .T. ) ;
#1222 = DIRECTION ( 'NONE',  ( 0.0000000000000000000, 2.602085213965213008E-15, 1.000000000000000000 ) ) ;
#1223 = EDGE_LOOP ( 'NONE', ( #1024, #1284, #1003, #581 ) ) ;
#1224 = AXIS2_PLACEMENT_3D ( 'NONE', #1835, #1167, #2765 ) ;
#1225 = EDGE_CURVE ( 'NONE', #2611, #1410, #862, .T. ) ;
#1226 = DIRECTION ( 'NONE',  ( 1.000000000000000000, 1.654361029918985120E-24, 2.408024537242689745E-25 ) ) ;
#1227 = CARTESIAN_POINT ( 'NONE',  ( -16.95000000000000995, -3.469446951953614189E-15, -1.500000000000001332 ) ) ;
#1228 = ADVANCED_FACE ( 'NONE', ( #1221 ), #2748, .F. ) ;
#1229 = LINE ( 'NONE', #203, #2376 ) ;
#1230 = CARTESIAN_POINT ( 'NONE',  ( -17.89999999642370909, -5.898059818321144121E-14, -22.55000000000005755 ) ) ;
#1231 = AXIS2_PLACEMENT_3D ( 'NONE', #869, #2243, #2014 ) ;
#1232 = FACE_BOUND ( 'NONE', #257, .T. ) ;
#1233 = DIRECTION ( 'NONE',  ( 0.0000000000000000000, 2.670349796964280744E-15, 1.000000000000000000 ) ) ;
#1234 = DIRECTION ( 'NONE',  ( 1.654361043747359972E-24, 1.000000000000000000, 2.664535259474971031E-15 ) ) ;
#1235 = VERTEX_POINT ( 'NONE', #95 ) ;
#1236 = AXIS2_PLACEMENT_3D ( 'NONE', #2158, #1055, #2396 ) ;
#1237 = CIRCLE ( 'NONE', #2867, 1.699999996423722015 ) ;
#1238 = CARTESIAN_POINT ( 'NONE',  ( -16.95000000000002416, 5.898059818321144121E-14, 22.29999999999999716 ) ) ;
#1239 = ORIENTED_EDGE ( 'NONE', *, *, #1282, .F. ) ;
#1240 = CARTESIAN_POINT ( 'NONE',  ( -18.89999999690514443, -2.000000025309047302, -1.387778780781445676E-14 ) ) ;
#1241 = ADVANCED_FACE ( 'NONE', ( #1927 ), #2073, .F. ) ;
#1242 = ORIENTED_EDGE ( 'NONE', *, *, #282, .F. ) ;
#1243 = CARTESIAN_POINT ( 'NONE',  ( 18.89999999645809936, -1.349999998135950285, -8.676392934067813350E-15 ) ) ;
#1244 = VERTEX_POINT ( 'NONE', #769 ) ;
#1245 = ORIENTED_EDGE ( 'NONE', *, *, #788, .F. ) ;
#1246 = EDGE_CURVE ( 'NONE', #2437, #1251, #2830, .T. ) ;
#1247 = CARTESIAN_POINT ( 'NONE',  ( -16.19999999999998863, -1.300000000000065770, -24.24999999642372828 ) ) ;
#1248 = ORIENTED_EDGE ( 'NONE', *, *, #490, .F. ) ;
#1249 = CARTESIAN_POINT ( 'NONE',  ( -16.20000000000002416, -6.499999999999936939, 22.54999999999999716 ) ) ;
#1250 = ORIENTED_EDGE ( 'NONE', *, *, #2876, .T. ) ;
#1251 = VERTEX_POINT ( 'NONE', #1230 ) ;
#1252 = AXIS2_PLACEMENT_3D ( 'NONE', #132, #120, #1254 ) ;
#1253 = DIRECTION ( 'NONE',  ( -6.877457992358068473E-10, 1.000000000000000000, 2.668805342826901320E-15 ) ) ;
#1254 = DIRECTION ( 'NONE',  ( 0.0000000000000000000, -2.664535259474973792E-15, -1.000000000000000000 ) ) ;
#1255 = LINE ( 'NONE', #1316, #479 ) ;
#1256 = ORIENTED_EDGE ( 'NONE', *, *, #1583, .F. ) ;
#1257 = LINE ( 'NONE', #2548, #659 ) ;
#1258 = CARTESIAN_POINT ( 'NONE',  ( 15.94999999999998508, -0.2999999999999374833, 23.30000000000001137 ) ) ;
#1259 = LINE ( 'NONE', #2887, #1862 ) ;
#1260 = ORIENTED_EDGE ( 'NONE', *, *, #72, .F. ) ;
#1261 = CARTESIAN_POINT ( 'NONE',  ( 16.20000000000000995, -6.500000000206389572, -25.25000000000002132 ) ) ;
#1262 = DIRECTION ( 'NONE',  ( -6.877457992358068473E-10, -1.000000000000000000, -2.664535259474971425E-15 ) ) ;
#1263 = CARTESIAN_POINT ( 'NONE',  ( 15.43541917671046626, -0.2999999999999981570, 1.250000000000011546 ) ) ;
#1264 = FACE_OUTER_BOUND ( 'NONE', #287, .T. ) ;
#1265 = EDGE_CURVE ( 'NONE', #1202, #1150, #1147, .T. ) ;
#1266 = FACE_OUTER_BOUND ( 'NONE', #2780, .T. ) ;
#1267 = DIRECTION ( 'NONE',  ( -6.877458004804188827E-10, -1.000000000000000000, -2.664535259474970637E-15 ) ) ;
#1268 = ORIENTED_EDGE ( 'NONE', *, *, #749, .F. ) ;
#1269 = VECTOR ( 'NONE', #1313, 1000.000000000000000 ) ;
#1270 = DIRECTION ( 'NONE',  ( 0.0000000000000000000, -2.656295322589483497E-15, -1.000000000000000000 ) ) ;
#1271 = EDGE_CURVE ( 'NONE', #1078, #675, #587, .T. ) ;
#1272 = ORIENTED_EDGE ( 'NONE', *, *, #1900, .T. ) ;
#1273 = PERSON_AND_ORGANIZATION ( #228, #2089 ) ;
#1274 = CARTESIAN_POINT ( 'NONE',  ( 15.53500265796099278, -0.3000000000000033751, -1.249999999999987121 ) ) ;
#1275 = ORIENTED_EDGE ( 'NONE', *, *, #1205, .F. ) ;
#1276 = DIRECTION ( 'NONE',  ( 0.0000000000000000000, -2.664535259474970242E-15, -1.000000000000000000 ) ) ;
#1277 = CARTESIAN_POINT ( 'NONE',  ( -4.714045207910314339, -0.3000000000000007661, -1.666666666666663410 ) ) ;
#1279 = VERTEX_POINT ( 'NONE', #1737 ) ;
#1278 = DIRECTION ( 'NONE',  ( -6.877458004804157808E-10, 1.000000000000000000, 2.664535259474971031E-15 ) ) ;
#1280 = CARTESIAN_POINT ( 'NONE',  ( 16.39958348125051302, -3.469446951953614189E-15, -1.499999999999990896 ) ) ;
#1281 = AXIS2_PLACEMENT_3D ( 'NONE', #2506, #231, #1853 ) ;
#1282 = EDGE_CURVE ( 'NONE', #2932, #1572, #1544, .T. ) ;
#1283 = APPROVAL_ROLE ( '' ) ;
#1284 = ORIENTED_EDGE ( 'NONE', *, *, #2181, .F. ) ;
#1285 = ADVANCED_FACE ( 'NONE', ( #1294 ), #2327, .F. ) ;
#1286 = EDGE_CURVE ( 'NONE', #2635, #1565, #1472, .T. ) ;
#1287 = ORIENTED_EDGE ( 'NONE', *, *, #72, .T. ) ;
#1288 = LINE ( 'NONE', #673, #154 ) ;
#1289 = EDGE_LOOP ( 'NONE', ( #2926, #2531, #268, #1889 ) ) ;
#1290 = CIRCLE ( 'NONE', #2307, 1.000000000000000888 ) ;
#1291 = DIRECTION ( 'NONE',  ( 0.0000000000000000000, -2.664535259474968664E-15, -1.000000000000000000 ) ) ;
#1292 = CARTESIAN_POINT ( 'NONE',  ( -16.95000000000000995, -0.3000000000000033751, -1.500000000000001332 ) ) ;
#1293 = FACE_OUTER_BOUND ( 'NONE', #2027, .T. ) ;
#1294 = FACE_OUTER_BOUND ( 'NONE', #2059, .T. ) ;
#1295 = AXIS2_PLACEMENT_3D ( 'NONE', #760, #86, #1668 ) ;
#1296 = CARTESIAN_POINT ( 'NONE',  ( 18.89999999552962606, -2.062629581023323055E-10, 22.55000000000001137 ) ) ;
#1297 = DIRECTION ( 'NONE',  ( 1.654361043747359972E-24, 1.000000000000000000, 2.664535259474971031E-15 ) ) ;
#1298 = DIRECTION ( 'NONE',  ( 1.654361043747359972E-24, 1.000000000000000000, 2.664535259474971031E-15 ) ) ;
#1299 = CARTESIAN_POINT ( 'NONE',  ( 16.19999999999998508, -6.499999999999938716, 22.54999999999998295 ) ) ;
#1300 = PLANE ( 'NONE',  #1136 ) ;
#1301 = CYLINDRICAL_SURFACE ( 'NONE', #764, 0.2499999999999997780 ) ;
#1302 = EDGE_CURVE ( 'NONE', #1999, #743, #13, .T. ) ;
#1303 = DIRECTION ( 'NONE',  ( 1.000000000000000000, 6.877458004804189861E-10, 3.846393723910830979E-17 ) ) ;
#1304 = LINE ( 'NONE', #461, #737 ) ;
#1305 = APPLICATION_CONTEXT ( 'configuration controlled 3d designs of mechanical parts and assemblies' ) ;
#1306 = EDGE_CURVE ( 'NONE', #1279, #1543, #512, .T. ) ;
#1307 = DIRECTION ( 'NONE',  ( 1.668003339877366767E-16, -2.664535259474969848E-15, -1.000000000000000000 ) ) ;
#1308 = ORIENTED_EDGE ( 'NONE', *, *, #146, .T. ) ;
#1309 = COORDINATED_UNIVERSAL_TIME_OFFSET ( 2, 0, .AHEAD. ) ;
#1310 = CARTESIAN_POINT ( 'NONE',  ( -16.20000000000000995, 6.591949208711866959E-14, 24.24999999642371051 ) ) ;
#1311 = ORIENTED_EDGE ( 'NONE', *, *, #2653, .F. ) ;
#1312 = AXIS2_PLACEMENT_3D ( 'NONE', #1708, #2871, #1019 ) ;
#1313 = DIRECTION ( 'NONE',  ( 1.654361043747359972E-24, 1.000000000000000000, 2.664535259474971031E-15 ) ) ;
#1314 = DIRECTION ( 'NONE',  ( 0.0000000000000000000, 2.602085213965237857E-15, 1.000000000000000000 ) ) ;
#1315 = CARTESIAN_POINT ( 'NONE',  ( 17.89999999642372330, -0.3000000000000588862, -22.54999999999999361 ) ) ;
#1316 = CARTESIAN_POINT ( 'NONE',  ( -19.20000000354189140, -1.350000024339103710, -15.00000000000001243 ) ) ;
#1317 = ORIENTED_EDGE ( 'NONE', *, *, #1879, .F. ) ;
#1318 = CARTESIAN_POINT ( 'NONE',  ( 0.0000000000000000000, -0.2999999999999999334, 0.0000000000000000000 ) ) ;
#1319 = CARTESIAN_POINT ( 'NONE',  ( -19.20000000354189140, -1.350000024339028215, 14.99999999999999822 ) ) ;
#1320 = ORIENTED_EDGE ( 'NONE', *, *, #1441, .T. ) ;
#1321 = ORIENTED_EDGE ( 'NONE', *, *, #2774, .F. ) ;
#1322 = ORIENTED_EDGE ( 'NONE', *, *, #384, .T. ) ;
#1323 = CARTESIAN_POINT ( 'NONE',  ( -4.949747468305829123, -0.3000000000000007661, -1.500000000000001332 ) ) ;
#1324 = DIRECTION ( 'NONE',  ( 0.0000000000000000000, 2.664535259474969848E-15, 1.000000000000000000 ) ) ;
#1325 = ORIENTED_EDGE ( 'NONE', *, *, #2499, .F. ) ;
#1326 = FACE_OUTER_BOUND ( 'NONE', #890, .T. ) ;
#1327 = AXIS2_PLACEMENT_3D ( 'NONE', #2698, #1989, #2225 ) ;
#1328 = ORIENTED_EDGE ( 'NONE', *, *, #1692, .T. ) ;
#1329 = EDGE_CURVE ( 'NONE', #2095, #191, #928, .T. ) ;
#1330 = DIRECTION ( 'NONE',  ( 1.654361046724113907E-24, 1.000000000000000000, 6.877484650156773627E-10 ) ) ;
#1331 = FACE_OUTER_BOUND ( 'NONE', #2737, .T. ) ;
#1332 = ORIENTED_EDGE ( 'NONE', *, *, #1306, .F. ) ;
#1333 = VECTOR ( 'NONE', #66, 1000.000000000000000 ) ;
#1334 = DIRECTION ( 'NONE',  ( -4.336808663851855357E-15, 2.664535259474969848E-15, 1.000000000000000000 ) ) ;
#1335 = AXIS2_PLACEMENT_3D ( 'NONE', #1198, #529, #787 ) ;
#1336 = LINE ( 'NONE', #1705, #793 ) ;
#1337 = CARTESIAN_POINT ( 'NONE',  ( -16.20000000000000995, -0.2999999999999339861, 24.24999999642371051 ) ) ;
#1338 = ORIENTED_EDGE ( 'NONE', *, *, #1820, .F. ) ;
#1339 = AXIS2_PLACEMENT_3D ( 'NONE', #422, #2007, #497 ) ;
#1340 = CARTESIAN_POINT ( 'NONE',  ( -17.89999999642370909, -1.300000000000058886, -22.55000000000004334 ) ) ;
#1341 = VECTOR ( 'NONE', #1121, 1000.000000000000000 ) ;
#1342 = CARTESIAN_POINT ( 'NONE',  ( 15.94999999999998508, 6.245004513516505540E-14, 23.30000000000001137 ) ) ;
#1343 = VECTOR ( 'NONE', #1090, 1000.000000000000000 ) ;
#1344 = AXIS2_PLACEMENT_3D ( 'NONE', #2731, #2060, #2753 ) ;
#1345 = EDGE_CURVE ( 'NONE', #2421, #2599, #481, .T. ) ;
#1346 = LINE ( 'NONE', #2176, #1770 ) ;
#1347 = CARTESIAN_POINT ( 'NONE',  ( -16.30000000000001137, -5.201394870612353090E-15, -0.8499999999999983125 ) ) ;
#1348 = EDGE_LOOP ( 'NONE', ( #1785, #910, #302, #1096, #1248, #1497, #2527, #1067 ) ) ;
#1349 = EDGE_CURVE ( 'NONE', #945, #2605, #2406, .T. ) ;
#1350 = CARTESIAN_POINT ( 'NONE',  ( -19.20000000264782258, -2.650000026691671451, -1.553013368751885013E-14 ) ) ;
#1351 = AXIS2_PLACEMENT_3D ( 'NONE', #2389, #2375, #1724 ) ;
#1352 = CARTESIAN_POINT ( 'NONE',  ( -15.95000000000002238, -0.2999999999999409250, 22.29999999999999716 ) ) ;
#1353 = VERTEX_POINT ( 'NONE', #1052 ) ;
#1354 = DIRECTION ( 'NONE',  ( 1.000000000000000000, 1.654361029918985120E-24, 2.408024537242689745E-25 ) ) ;
#1355 = ORIENTED_EDGE ( 'NONE', *, *, #2700, .T. ) ;
#1356 = EDGE_CURVE ( 'NONE', #566, #1150, #335, .T. ) ;
#1357 = CARTESIAN_POINT ( 'NONE',  ( -16.94999999999999574, -5.898059818321144121E-14, -22.30000000000001492 ) ) ;
#1358 = VECTOR ( 'NONE', #51, 1000.000000000000000 ) ;
#1359 = ORIENTED_EDGE ( 'NONE', *, *, #2670, .T. ) ;
#1360 = CYLINDRICAL_SURFACE ( 'NONE', #2920, 2.699999998211862096 ) ;
#1361 = DIRECTION ( 'NONE',  ( 0.0000000000000000000, 2.664535259474972214E-15, 1.000000000000000000 ) ) ;
#1362 = EDGE_CURVE ( 'NONE', #1161, #2935, #263, .T. ) ;
#1363 = FACE_OUTER_BOUND ( 'NONE', #2004, .T. ) ;
#1364 = CARTESIAN_POINT ( 'NONE',  ( 15.94999999999998508, -0.2999999999999409250, 22.30000000000001137 ) ) ;
#1365 = AXIS2_PLACEMENT_3D ( 'NONE', #1145, #476, #274 ) ;
#1366 = CARTESIAN_POINT ( 'NONE',  ( 16.19999999999998508, -0.2999999999999409250, 22.55000000000001137 ) ) ;
#1367 = DIRECTION ( 'NONE',  ( 0.0000000000000000000, 2.668805347656621354E-15, 1.000000000000000000 ) ) ;
#1368 = LINE ( 'NONE', #572, #209 ) ;
#1369 = DIRECTION ( 'NONE',  ( -1.000000000000000000, -1.654361029918985120E-24, -2.408024537242689745E-25 ) ) ;
#1370 = VERTEX_POINT ( 'NONE', #2881 ) ;
#1371 = DATE_AND_TIME ( #842, #2497 ) ;
#1372 = AXIS2_PLACEMENT_3D ( 'NONE', #2034, #2009, #1805 ) ;
#1373 = EDGE_CURVE ( 'NONE', #797, #2776, #719, .T. ) ;
#1374 = EDGE_LOOP ( 'NONE', ( #2353, #1638, #198, #1632 ) ) ;
#1375 = DIRECTION ( 'NONE',  ( 0.0000000000000000000, -2.602085213965208275E-15, -1.000000000000000000 ) ) ;
#1376 = EDGE_CURVE ( 'NONE', #1709, #253, #192, .T. ) ;
#1377 = AXIS2_PLACEMENT_3D ( 'NONE', #2593, #533, #1178 ) ;
#1378 = ORIENTED_EDGE ( 'NONE', *, *, #527, .F. ) ;
#1379 = CC_DESIGN_PERSON_AND_ORGANIZATION_ASSIGNMENT ( #946, #852, ( #2271 ) ) ;
#1380 = CARTESIAN_POINT ( 'NONE',  ( 16.20000000000000284, -1.299999999105863502, 25.54999999642373609 ) ) ;
#1381 = CARTESIAN_POINT ( 'NONE',  ( 15.43541917671046626, -0.2999999999999981570, 1.500000000000004885 ) ) ;
#1382 = ORIENTED_EDGE ( 'NONE', *, *, #2381, .F. ) ;
#1383 = EDGE_LOOP ( 'NONE', ( #716, #1994, #1720, #637 ) ) ;
#1384 = ORIENTED_EDGE ( 'NONE', *, *, #507, .F. ) ;
#1385 = DIRECTION ( 'NONE',  ( -1.654361043747359972E-24, -1.000000000000000000, -2.664535259474971031E-15 ) ) ;
#1386 = ORIENTED_EDGE ( 'NONE', *, *, #586, .T. ) ;
#1387 = CIRCLE ( 'NONE', #1100, 2.999999996423721171 ) ;
#1388 = ORIENTED_EDGE ( 'NONE', *, *, #434, .F. ) ;
#1389 = DIRECTION ( 'NONE',  ( -1.654361043747359972E-24, -1.000000000000000000, -2.664535259474971031E-15 ) ) ;
#1390 = DIRECTION ( 'NONE',  ( 1.654361030084596662E-24, -1.000000000000000000, -6.877484650156773627E-10 ) ) ;
#1391 = FACE_OUTER_BOUND ( 'NONE', #2804, .T. ) ;
#1392 = EDGE_LOOP ( 'NONE', ( #1535, #868, #2892, #475 ) ) ;
#1393 = CYLINDRICAL_SURFACE ( 'NONE', #2900, 0.6500000000000030198 ) ;
#1394 = CIRCLE ( 'NONE', #573, 0.2499999999999993616 ) ;
#1395 = DIRECTION ( 'NONE',  ( 1.000000000000000000, 6.877458004804189861E-10, 3.846393723910830979E-17 ) ) ;
#1396 = EDGE_CURVE ( 'NONE', #1565, #1999, #1822, .T. ) ;
#1397 = ORIENTED_EDGE ( 'NONE', *, *, #1704, .T. ) ;
#1398 = DIRECTION ( 'NONE',  ( 1.000000000000000000, 6.877458004804189861E-10, 3.846393723910830979E-17 ) ) ;
#1399 = AXIS2_PLACEMENT_3D ( 'NONE', #2358, #112, #2373 ) ;
#1400 = FACE_OUTER_BOUND ( 'NONE', #2617, .T. ) ;
#1401 = DIRECTION ( 'NONE',  ( -1.000000000000000000, 6.877458004804155740E-10, 1.591720541635623076E-24 ) ) ;
#1402 = ADVANCED_FACE ( 'NONE', ( #2936 ), #1393, .F. ) ;
#1403 = CARTESIAN_POINT ( 'NONE',  ( 16.20000000000000995, -6.500000000206389572, -25.25000000000002132 ) ) ;
#1404 = CIRCLE ( 'NONE', #914, 2.699999998211865204 ) ;
#1405 = CARTESIAN_POINT ( 'NONE',  ( 18.89999999642371620, -1.299999999312193344, 22.55000000000001137 ) ) ;
#1406 = CARTESIAN_POINT ( 'NONE',  ( -16.19999999999998863, -0.3000000000000658251, -24.24999999642372828 ) ) ;
#1407 = CIRCLE ( 'NONE', #1236, 0.6500000000000030198 ) ;
#1408 = DIRECTION ( 'NONE',  ( 1.668003339877366767E-16, -2.664535259474969848E-15, -1.000000000000000000 ) ) ;
#1409 = CARTESIAN_POINT ( 'NONE',  ( -16.19999999999998863, 6.591949208711866959E-14, 25.54999999552964596 ) ) ;
#1410 = VERTEX_POINT ( 'NONE', #393 ) ;
#1411 = VECTOR ( 'NONE', #348, 1000.000000000000000 ) ;
#1412 = DIRECTION ( 'NONE',  ( 1.000000000000000000, 6.877458004804189861E-10, 3.846393723910830979E-17 ) ) ;
#1413 = EDGE_CURVE ( 'NONE', #2139, #813, #2291, .T. ) ;
#1414 = DIRECTION ( 'NONE',  ( -1.000000000000000000, -1.654361123072367668E-24, -2.067968968056390173E-17 ) ) ;
#1415 = CARTESIAN_POINT ( 'NONE',  ( 4.949747468305829123, -6.938893903907228378E-15, -1.750000000000001554 ) ) ;
#1416 = VERTEX_POINT ( 'NONE', #1083 ) ;
#1417 = AXIS2_PLACEMENT_3D ( 'NONE', #1974, #1298, #2640 ) ;
#1418 = CARTESIAN_POINT ( 'NONE',  ( 4.949747468305829123, -0.2999999999999999334, 1.749999999999998002 ) ) ;
#1419 = CARTESIAN_POINT ( 'NONE',  ( 4.949747468305829123, -0.3000000000000068723, -1.499999999999997780 ) ) ;
#1420 = ADVANCED_FACE ( 'NONE', ( #2481 ), #1721, .T. ) ;
#1421 = DIRECTION ( 'NONE',  ( -6.877457992358068473E-10, -1.000000000000000000, -2.664535259474971425E-15 ) ) ;
#1422 = ORIENTED_EDGE ( 'NONE', *, *, #1855, .F. ) ;
#1423 = EDGE_LOOP ( 'NONE', ( #2580, #2318, #2707, #279 ) ) ;
#1424 = PRODUCT_RELATED_PRODUCT_CATEGORY ( 'detail', '', ( #2957 ) ) ;
#1425 = ORIENTED_EDGE ( 'NONE', *, *, #1802, .F. ) ;
#1426 = FACE_OUTER_BOUND ( 'NONE', #441, .T. ) ;
#1427 = DIRECTION ( 'NONE',  ( 1.000000000000000000, 1.654361029918985120E-24, 2.408024537242689745E-25 ) ) ;
#1428 = CARTESIAN_POINT ( 'NONE',  ( -16.20000000000002416, -1.299999999999940981, 22.54999999999999716 ) ) ;
#1429 = VECTOR ( 'NONE', #1414, 1000.000000000000000 ) ;
#1430 = EDGE_LOOP ( 'NONE', ( #1063, #2817, #590, #2102 ) ) ;
#1431 = CYLINDRICAL_SURFACE ( 'NONE', #2464, 1.000000000000000888 ) ;
#1432 = CIRCLE ( 'NONE', #2246, 0.6500000011763020780 ) ;
#1433 = CARTESIAN_POINT ( 'NONE',  ( -4.949747468305829123, 0.0000000000000000000, -1.500000000000001332 ) ) ;
#1434 = EDGE_LOOP ( 'NONE', ( #1176, #2886 ) ) ;
#1435 = AXIS2_PLACEMENT_3D ( 'NONE', #2503, #2938, #2722 ) ;
#1436 = EDGE_CURVE ( 'NONE', #743, #2461, #791, .T. ) ;
#1437 = DIRECTION ( 'NONE',  ( -1.000000000000000000, -6.877458004804157808E-10, -1.084202168096488644E-15 ) ) ;
#1438 = ADVANCED_FACE ( 'NONE', ( #1934 ), #639, .T. ) ;
#1439 = CARTESIAN_POINT ( 'NONE',  ( 0.5000000048829902344, -7.100000012860776089, 25.54999999999996874 ) ) ;
#1440 = CARTESIAN_POINT ( 'NONE',  ( 0.5000000048829902344, -7.100000012860776089, 25.54999999999996874 ) ) ;
#1441 = EDGE_CURVE ( 'NONE', #2072, #128, #2005, .T. ) ;
#1442 = DIRECTION ( 'NONE',  ( -1.000000000000000000, 6.877458004804155740E-10, 1.591720541635623076E-24 ) ) ;
#1443 = VECTOR ( 'NONE', #1408, 1000.000000000000000 ) ;
#1444 = AXIS2_PLACEMENT_3D ( 'NONE', #1909, #2818, #1010 ) ;
#1445 = CC_DESIGN_APPROVAL ( #2578, ( #2271 ) ) ;
#1446 = CIRCLE ( 'NONE', #2100, 2.999999996423721171 ) ;
#1447 = ORIENTED_EDGE ( 'NONE', *, *, #1013, .F. ) ;
#1448 = CIRCLE ( 'NONE', #1618, 0.6500000000000030198 ) ;
#1449 = CARTESIAN_POINT ( 'NONE',  ( 16.19999999999999218, -6.591949208711866959E-14, -25.54999999552964951 ) ) ;
#1450 = ORIENTED_EDGE ( 'NONE', *, *, #2381, .T. ) ;
#1451 = ADVANCED_FACE ( 'NONE', ( #1858 ), #2902, .T. ) ;
#1452 = DIRECTION ( 'NONE',  ( 0.0000000000000000000, 2.664535259474971031E-15, 1.000000000000000000 ) ) ;
#1453 = CARTESIAN_POINT ( 'NONE',  ( 15.94999999999998508, -0.2999999999999374833, 23.30000000000001137 ) ) ;
#1454 = DIRECTION ( 'NONE',  ( 2.408024537242689745E-25, 2.664535259474969848E-15, 1.000000000000000000 ) ) ;
#1455 = EDGE_CURVE ( 'NONE', #582, #2743, #2547, .T. ) ;
#1456 = DIRECTION ( 'NONE',  ( 0.0000000000000000000, 2.656295324172761649E-15, 1.000000000000000000 ) ) ;
#1457 = ORIENTED_EDGE ( 'NONE', *, *, #935, .T. ) ;
#1458 = AXIS2_PLACEMENT_3D ( 'NONE', #1956, #351, #1924 ) ;
#1459 = ORIENTED_EDGE ( 'NONE', *, *, #1120, .F. ) ;
#1461 = EDGE_LOOP ( 'NONE', ( #1738, #267, #1985, #1796 ) ) ;
#1460 = CARTESIAN_POINT ( 'NONE',  ( -16.19999999999999574, -0.3000000000000588862, -22.55000000000001492 ) ) ;
#1462 = CARTESIAN_POINT ( 'NONE',  ( -19.20000000309485699, -2.000000025515369373, -1.387778780781445676E-14 ) ) ;
#1463 = VERTEX_POINT ( 'NONE', #2215 ) ;
#1464 = DIRECTION ( 'NONE',  ( 1.654361043747359972E-24, 1.000000000000000000, 2.664535259474971031E-15 ) ) ;
#1465 = ORIENTED_EDGE ( 'NONE', *, *, #1091, .T. ) ;
#1466 = CIRCLE ( 'NONE', #1505, 0.6500000011763020780 ) ;
#1467 = ORIENTED_EDGE ( 'NONE', *, *, #628, .T. ) ;
#1468 = DIRECTION ( 'NONE',  ( 1.654361043747359972E-24, 1.000000000000000000, 2.664535259474971031E-15 ) ) ;
#1469 = ADVANCED_FACE ( 'NONE', ( #199 ), #1984, .T. ) ;
#1470 = FACE_OUTER_BOUND ( 'NONE', #82, .T. ) ;
#1471 = ORIENTED_EDGE ( 'NONE', *, *, #1190, .T. ) ;
#1472 = CIRCLE ( 'NONE', #1458, 1.699999996423722015 ) ;
#1473 = VECTOR ( 'NONE', #1354, 1000.000000000000000 ) ;
#1474 = DIRECTION ( 'NONE',  ( 1.000000000000000000, 6.877458004804189861E-10, 3.846393723910830979E-17 ) ) ;
#1475 = ORIENTED_EDGE ( 'NONE', *, *, #2590, .T. ) ;
#1476 =( LENGTH_UNIT ( ) NAMED_UNIT ( * ) SI_UNIT ( .MILLI., .METRE. ) );
#1477 = AXIS2_PLACEMENT_3D ( 'NONE', #894, #2242, #2500 ) ;
#1478 = EDGE_CURVE ( 'NONE', #358, #732, #1684, .T. ) ;
#1479 = DIRECTION ( 'NONE',  ( -1.601454222943260991E-24, -1.000000000000000000, 6.877431359451574042E-10 ) ) ;
#1480 = CYLINDRICAL_SURFACE ( 'NONE', #1435, 2.999999998211863694 ) ;
#1481 = DIRECTION ( 'NONE',  ( -1.654361043747359972E-24, -1.000000000000000000, -2.664535259474971031E-15 ) ) ;
#1482 = DIRECTION ( 'NONE',  ( 6.877458004804156774E-10, -1.000000000000000000, -2.664535259474971425E-15 ) ) ;
#1483 = EDGE_CURVE ( 'NONE', #1165, #2635, #1113, .T. ) ;
#1484 = FACE_BOUND ( 'NONE', #341, .T. ) ;
#1485 = EDGE_LOOP ( 'NONE', ( #2316, #114, #677, #2200, #725, #2636, #2399, #2466 ) ) ;
#1486 = CARTESIAN_POINT ( 'NONE',  ( -4.714045207910314339, 0.0000000000000000000, -1.666666666666663410 ) ) ;
#1487 = ADVANCED_FACE ( 'NONE', ( #129 ), #2766, .T. ) ;
#1488 = DIRECTION ( 'NONE',  ( 1.654361043747359972E-24, 1.000000000000000000, 2.664535259474971031E-15 ) ) ;
#1489 = AXIS2_PLACEMENT_3D ( 'NONE', #1887, #1948, #580 ) ;
#1490 = DIRECTION ( 'NONE',  ( 1.000000000000000000, 6.877458004804190895E-10, 7.692787240489117050E-17 ) ) ;
#1491 = ORIENTED_EDGE ( 'NONE', *, *, #2048, .F. ) ;
#1492 = VECTOR ( 'NONE', #2779, 1000.000000000000000 ) ;
#1493 = DIRECTION ( 'NONE',  ( 1.000000000000000000, 6.877458004804189861E-10, 3.846393723910830979E-17 ) ) ;
#1494 = CARTESIAN_POINT ( 'NONE',  ( -4.714045207910314339, 6.938893903907228378E-15, 1.666666666666673846 ) ) ;
#1495 = AXIS2_PLACEMENT_3D ( 'NONE', #58, #2801, #550 ) ;
#1496 = EDGE_CURVE ( 'NONE', #1892, #1709, #1181, .T. ) ;
#1497 = ORIENTED_EDGE ( 'NONE', *, *, #1396, .F. ) ;
#1498 = ORIENTED_EDGE ( 'NONE', *, *, #605, .F. ) ;
#1499 = CARTESIAN_POINT ( 'NONE',  ( 16.19999999999999218, -6.591949208711866959E-14, -25.54999999552964951 ) ) ;
#1500 = ORIENTED_EDGE ( 'NONE', *, *, #1936, .F. ) ;
#1501 = EDGE_CURVE ( 'NONE', #41, #2250, #1257, .T. ) ;
#1502 = ORIENTED_EDGE ( 'NONE', *, *, #1349, .F. ) ;
#1503 = ORIENTED_EDGE ( 'NONE', *, *, #2816, .F. ) ;
#1504 = LINE ( 'NONE', #517, #893 ) ;
#1505 = AXIS2_PLACEMENT_3D ( 'NONE', #153, #2207, #397 ) ;
#1506 = DIRECTION ( 'NONE',  ( 1.654361043747359972E-24, 1.000000000000000000, 2.664535259474971031E-15 ) ) ;
#1507 = CARTESIAN_POINT ( 'NONE',  ( 16.39958348125051302, -0.3000000000000033751, -1.499999999999990896 ) ) ;
#1508 = FACE_OUTER_BOUND ( 'NONE', #1961, .T. ) ;
#1509 = ORIENTED_EDGE ( 'NONE', *, *, #1647, .F. ) ;
#1510 = CYLINDRICAL_SURFACE ( 'NONE', #2204, 0.6500000011763020780 ) ;
#1511 = LINE ( 'NONE', #412, #2328 ) ;
#1512 = VERTEX_POINT ( 'NONE', #1419 ) ;
#1513 = PLANE ( 'NONE',  #1894 ) ;
#1514 = PLANE ( 'NONE',  #2127 ) ;
#1515 = EDGE_CURVE ( 'NONE', #2498, #2124, #2220, .T. ) ;
#1516 = VECTOR ( 'NONE', #1625, 1000.000000000000000 ) ;
#1517 = DIRECTION ( 'NONE',  ( -1.000000000000000000, -1.654360831793050628E-24, 7.692787009076316909E-17 ) ) ;
#1518 = LINE ( 'NONE', #2227, #2911 ) ;
#1519 = DIRECTION ( 'NONE',  ( -1.000000000000000000, -1.654361029918985120E-24, -2.408024537242689745E-25 ) ) ;
#1520 = AXIS2_PLACEMENT_3D ( 'NONE', #734, #2726, #904 ) ;
#1521 = EDGE_LOOP ( 'NONE', ( #1982, #984, #998, #2170 ) ) ;
#1522 = DIRECTION ( 'NONE',  ( 2.408024537242733826E-25, -2.664535259474969848E-15, -1.000000000000000000 ) ) ;
#1523 = VERTEX_POINT ( 'NONE', #43 ) ;
#1524 = CARTESIAN_POINT ( 'NONE',  ( 15.77516399776363798, -0.3000000000000033751, -1.319444444444432207 ) ) ;
#1525 = ADVANCED_FACE ( 'NONE', ( #1326 ), #46, .T. ) ;
#1526 = CARTESIAN_POINT ( 'NONE',  ( 17.89999999642372330, -5.898059818321144121E-14, -22.54999999999999361 ) ) ;
#1528 = ORIENTED_EDGE ( 'NONE', *, *, #840, .F. ) ;
#1527 = CARTESIAN_POINT ( 'NONE',  ( 15.77516399776363798, -0.3000000000000033751, -1.319444444444432207 ) ) ;
#1529 = ORIENTED_EDGE ( 'NONE', *, *, #1554, .T. ) ;
#1530 = CARTESIAN_POINT ( 'NONE',  ( 18.89999999999999147, -6.500000000206259898, 22.54999999999998295 ) ) ;
#1531 = AXIS2_PLACEMENT_3D ( 'NONE', #1098, #2688, #1330 ) ;
#1532 = EDGE_CURVE ( 'NONE', #2133, #767, #1850, .T. ) ;
#1533 = MECHANICAL_CONTEXT ( 'NONE', #1305, 'mechanical' ) ;
#1534 = ORIENTED_EDGE ( 'NONE', *, *, #170, .F. ) ;
#1535 = ORIENTED_EDGE ( 'NONE', *, *, #1282, .T. ) ;
#1536 = EDGE_CURVE ( 'NONE', #290, #2480, #91, .T. ) ;
#1537 = EDGE_LOOP ( 'NONE', ( #2740, #1033, #2668, #143 ) ) ;
#1538 = CYLINDRICAL_SURFACE ( 'NONE', #34, 0.6500000011763020780 ) ;
#1539 = ORIENTED_EDGE ( 'NONE', *, *, #2811, .T. ) ;
#1540 = DIRECTION ( 'NONE',  ( 1.654361043747359972E-24, 1.000000000000000000, 2.664535259474971031E-15 ) ) ;
#1541 = DIRECTION ( 'NONE',  ( -1.000000000000000000, 6.877458004804188827E-10, 1.591720541635631892E-24 ) ) ;
#1542 = VECTOR ( 'NONE', #1398, 1000.000000000000000 ) ;
#1543 = VERTEX_POINT ( 'NONE', #2744 ) ;
#1544 = CIRCLE ( 'NONE', #1807, 0.2500000000000002220 ) ;
#1545 = CC_DESIGN_PERSON_AND_ORGANIZATION_ASSIGNMENT ( #676, #1761, ( #2206 ) ) ;
#1546 = LINE ( 'NONE', #2655, #1576 ) ;
#1547 = ORIENTED_EDGE ( 'NONE', *, *, #2377, .F. ) ;
#1548 = DIRECTION ( 'NONE',  ( 1.000000000000000000, 6.877458004804189861E-10, 3.846393723910830979E-17 ) ) ;
#1549 = DIRECTION ( 'NONE',  ( 1.000000000000000000, 1.654361029918985120E-24, 2.408024537242689745E-25 ) ) ;
#1550 = CIRCLE ( 'NONE', #1224, 3.000000000000002665 ) ;
#1551 = EDGE_CURVE ( 'NONE', #327, #1610, #692, .T. ) ;
#1552 = DIRECTION ( 'NONE',  ( 1.654361043747359972E-24, 1.000000000000000000, 2.664535259474971031E-15 ) ) ;
#1553 = FACE_OUTER_BOUND ( 'NONE', #2172, .T. ) ;
#1554 = EDGE_CURVE ( 'NONE', #889, #566, #225, .T. ) ;
#1555 = CARTESIAN_POINT ( 'NONE',  ( -4.714045207910314339, -0.2999999999999938272, 1.666666666666673846 ) ) ;
#1556 = VECTOR ( 'NONE', #2264, 1000.000000000000000 ) ;
#1557 = VERTEX_POINT ( 'NONE', #2789 ) ;
#1558 = AXIS2_PLACEMENT_3D ( 'NONE', #2809, #1442, #1421 ) ;
#1559 = DIRECTION ( 'NONE',  ( -1.000000000000000000, 0.0000000000000000000, 0.0000000000000000000 ) ) ;
#1560 = DIRECTION ( 'NONE',  ( -1.654361043747359972E-24, -1.000000000000000000, -2.664535259474971031E-15 ) ) ;
#1561 = EDGE_LOOP ( 'NONE', ( #1491, #641, #1465, #1711 ) ) ;
#1562 = ORIENTED_EDGE ( 'NONE', *, *, #2951, .T. ) ;
#1563 = DIRECTION ( 'NONE',  ( 0.0000000000000000000, 2.650271978941990019E-15, 1.000000000000000000 ) ) ;
#1564 = VERTEX_POINT ( 'NONE', #1158 ) ;
#1565 = VERTEX_POINT ( 'NONE', #709 ) ;
#1566 = DIRECTION ( 'NONE',  ( 1.654361043747359972E-24, 1.000000000000000000, 2.664535259474971031E-15 ) ) ;
#1567 = VERTEX_POINT ( 'NONE', #514 ) ;
#1568 = CYLINDRICAL_SURFACE ( 'NONE', #1335, 1.000000000000000888 ) ;
#1569 = EDGE_CURVE ( 'NONE', #480, #1202, #689, .T. ) ;
#1570 = CARTESIAN_POINT ( 'NONE',  ( 15.94999999999999574, -6.245004513516505540E-14, -23.29999999999999361 ) ) ;
#1571 = CYLINDRICAL_SURFACE ( 'NONE', #2270, 0.2500000000000002220 ) ;
#1572 = VERTEX_POINT ( 'NONE', #949 ) ;
#1573 = LINE ( 'NONE', #2292, #297 ) ;
#1574 = DIRECTION ( 'NONE',  ( -1.000000000000000000, -1.654361029918985120E-24, -2.408024537242689745E-25 ) ) ;
#1575 = AXIS2_PLACEMENT_3D ( 'NONE', #2869, #1990, #1080 ) ;
#1576 = VECTOR ( 'NONE', #636, 1000.000000000000000 ) ;
#1577 = ORIENTED_EDGE ( 'NONE', *, *, #217, .F. ) ;
#1578 = DIRECTION ( 'NONE',  ( 1.654361043747359972E-24, 1.000000000000000000, 2.664535259474971031E-15 ) ) ;
#1579 = CARTESIAN_POINT ( 'NONE',  ( -19.20000000309485699, -2.000000025515405788, -15.00000000000001421 ) ) ;
#1580 = FACE_OUTER_BOUND ( 'NONE', #1430, .T. ) ;
#1581 = CARTESIAN_POINT ( 'NONE',  ( -19.20000000354189140, -1.350000024339028215, 14.99999999999999822 ) ) ;
#1582 = AXIS2_PLACEMENT_3D ( 'NONE', #775, #2792, #2356 ) ;
#1583 = EDGE_CURVE ( 'NONE', #1085, #2732, #1967, .T. ) ;
#1584 = CIRCLE ( 'NONE', #632, 0.6500000011763020780 ) ;
#1585 = ORIENTED_EDGE ( 'NONE', *, *, #1265, .F. ) ;
#1586 = ORIENTED_EDGE ( 'NONE', *, *, #788, .T. ) ;
#1587 = EDGE_CURVE ( 'NONE', #1631, #435, #1640, .T. ) ;
#1588 = CARTESIAN_POINT ( 'NONE',  ( -15.67558051651312212, -0.3000000000000033751, -1.319444444444459963 ) ) ;
#1589 = ORIENTED_EDGE ( 'NONE', *, *, #25, .T. ) ;
#1590 = AXIS2_PLACEMENT_3D ( 'NONE', #2660, #848, #1976 ) ;
#1591 = CC_DESIGN_PERSON_AND_ORGANIZATION_ASSIGNMENT ( #392, #2002, ( #831 ) ) ;
#1592 = DIRECTION ( 'NONE',  ( 0.0000000000000000000, 2.668805347656613859E-15, 1.000000000000000000 ) ) ;
#1593 = ORIENTED_EDGE ( 'NONE', *, *, #1687, .T. ) ;
#1594 = DIRECTION ( 'NONE',  ( -6.877458004804157808E-10, 1.000000000000000000, 2.664535259448517764E-15 ) ) ;
#1595 = EDGE_LOOP ( 'NONE', ( #1260, #1806, #771, #2563 ) ) ;
#1596 = EDGE_CURVE ( 'NONE', #2905, #432, #1573, .T. ) ;
#1597 = CARTESIAN_POINT ( 'NONE',  ( 15.43541917671046626, 1.734723475976807094E-15, 1.500000000000004885 ) ) ;
#1598 = ORIENTED_EDGE ( 'NONE', *, *, #1356, .T. ) ;
#1599 = VERTEX_POINT ( 'NONE', #330 ) ;
#1600 = VECTOR ( 'NONE', #832, 1000.000000000000000 ) ;
#1601 = VECTOR ( 'NONE', #2092, 1000.000000000000000 ) ;
#1602 = EDGE_CURVE ( 'NONE', #191, #366, #963, .T. ) ;
#1603 = VECTOR ( 'NONE', #1204, 1000.000000000000000 ) ;
#1604 = ORIENTED_EDGE ( 'NONE', *, *, #136, .T. ) ;
#1605 = VECTOR ( 'NONE', #2627, 1000.000000000000000 ) ;
#1606 = CARTESIAN_POINT ( 'NONE',  ( 0.0000000000000000000, 0.0000000000000000000, 0.0000000000000000000 ) ) ;
#1607 = CARTESIAN_POINT ( 'NONE',  ( -17.89999999642370909, -1.300000000000058886, -22.55000000000001492 ) ) ;
#1608 = VECTOR ( 'NONE', #1797, 1000.000000000000000 ) ;
#1609 = AXIS2_PLACEMENT_3D ( 'NONE', #2137, #2819, #2799 ) ;
#1610 = VERTEX_POINT ( 'NONE', #2596 ) ;
#1611 = CARTESIAN_POINT ( 'NONE',  ( 15.53500265796099278, -0.3000000000000033751, -1.249999999999987121 ) ) ;
#1612 = LINE ( 'NONE', #942, #1516 ) ;
#1613 = CARTESIAN_POINT ( 'NONE',  ( 0.5000000048829902344, -7.100000012860911980, -25.55000000000001847 ) ) ;
#1614 = LINE ( 'NONE', #2948, #424 ) ;
#1615 = DIRECTION ( 'NONE',  ( -1.654361043747358869E-24, -1.000000000000000000, 2.664535259474969848E-15 ) ) ;
#1616 = ORIENTED_EDGE ( 'NONE', *, *, #236, .F. ) ;
#1617 = FACE_BOUND ( 'NONE', #1434, .T. ) ;
#1618 = AXIS2_PLACEMENT_3D ( 'NONE', #320, #1464, #1913 ) ;
#1619 = EDGE_CURVE ( 'NONE', #2870, #546, #2866, .T. ) ;
#1620 = EDGE_LOOP ( 'NONE', ( #1425, #116, #184, #407 ) ) ;
#1621 = DIRECTION ( 'NONE',  ( -6.877457992358068473E-10, 1.000000000000000000, 2.668805342826901320E-15 ) ) ;
#1622 = AXIS2_PLACEMENT_3D ( 'NONE', #1681, #2588, #2598 ) ;
#1623 = ADVANCED_FACE ( 'NONE', ( #2179 ), #1360, .F. ) ;
#1624 = CARTESIAN_POINT ( 'NONE',  ( 16.20000000000000995, -6.500000000000058620, -22.55000000000001492 ) ) ;
#1625 = DIRECTION ( 'NONE',  ( -6.877458004804157808E-10, 1.000000000000000000, 2.664535259448517764E-15 ) ) ;
#1626 = ORIENTED_EDGE ( 'NONE', *, *, #1953, .T. ) ;
#1627 = AXIS2_PLACEMENT_3D ( 'NONE', #2844, #558, #781 ) ;
#1628 = ORIENTED_EDGE ( 'NONE', *, *, #1743, .F. ) ;
#1629 = CARTESIAN_POINT ( 'NONE',  ( -15.43541917671047514, -1.734723475976807094E-15, -1.500000000000001332 ) ) ;
#1630 = DIRECTION ( 'NONE',  ( -1.000000000000000000, -8.340016711426962191E-16, 0.0000000000000000000 ) ) ;
#1631 = VERTEX_POINT ( 'NONE', #2587 ) ;
#1632 = ORIENTED_EDGE ( 'NONE', *, *, #1345, .T. ) ;
#1633 = ORIENTED_EDGE ( 'NONE', *, *, #1707, .T. ) ;
#1634 = EDGE_LOOP ( 'NONE', ( #1845, #1245, #98, #2889, #1031, #2209, #1689, #491, #2021, #1321, #681, #1239, #1037, #2254, #471 ) ) ;
#1635 = EDGE_LOOP ( 'NONE', ( #1386, #2787, #801, #614 ) ) ;
#1636 = VECTOR ( 'NONE', #1177, 1000.000000000000000 ) ;
#1637 = AXIS2_PLACEMENT_3D ( 'NONE', #1823, #950, #2528 ) ;
#1638 = ORIENTED_EDGE ( 'NONE', *, *, #398, .F. ) ;
#1639 = EDGE_CURVE ( 'NONE', #366, #2359, #2109, .T. ) ;
#1640 = LINE ( 'NONE', #698, #823 ) ;
#1641 = CARTESIAN_POINT ( 'NONE',  ( -19.20000000264782258, -2.650000026691707866, -15.00000000000001421 ) ) ;
#1642 = ADVANCED_FACE ( 'NONE', ( #758 ), #373, .F. ) ;
#1643 = CIRCLE ( 'NONE', #513, 0.2499999999999973910 ) ;
#1644 = CARTESIAN_POINT ( 'NONE',  ( 1.452166425183428462E-24, -1.332267629737485516E-14, 5.000000000000000000 ) ) ;
#1645 = DIRECTION ( 'NONE',  ( 2.408024537242689745E-25, 2.664535259474969848E-15, 1.000000000000000000 ) ) ;
#1646 = DIRECTION ( 'NONE',  ( 0.0000000000000000000, -2.602085213965237857E-15, -1.000000000000000000 ) ) ;
#1647 = EDGE_CURVE ( 'NONE', #2743, #582, #2715, .T. ) ;
#1648 = EDGE_LOOP ( 'NONE', ( #498, #1422, #1991, #1926 ) ) ;
#1649 = CARTESIAN_POINT ( 'NONE',  ( 1.204012268621344873E-24, -0.2999999999999866107, 5.000000000000000000 ) ) ;
#1650 = AXIS2_PLACEMENT_3D ( 'NONE', #532, #2105, #1456 ) ;
#1651 = LINE ( 'NONE', #259, #455 ) ;
#1652 = DIRECTION ( 'NONE',  ( 1.000000000000000000, 6.877458004804189861E-10, 3.846393723910830979E-17 ) ) ;
#1653 = FACE_OUTER_BOUND ( 'NONE', #912, .T. ) ;
#1654 = CARTESIAN_POINT ( 'NONE',  ( 16.19999999999999218, -6.500000000000067502, -25.55000000000001847 ) ) ;
#1655 = CARTESIAN_POINT ( 'NONE',  ( -17.89999999642373751, -1.299999999999940981, 22.54999999999999716 ) ) ;
#1656 = CYLINDRICAL_SURFACE ( 'NONE', #2662, 1.000000000000000888 ) ;
#1657 = CARTESIAN_POINT ( 'NONE',  ( 0.5000000044703480917, -6.500000012860776444, 25.54999999999996874 ) ) ;
#1658 = ADVANCED_FACE ( 'NONE', ( #1043 ), #2788, .F. ) ;
#1659 = CARTESIAN_POINT ( 'NONE',  ( -19.20000000000001350, -6.499999999999939604, 22.54999999999999716 ) ) ;
#1660 = ORIENTED_EDGE ( 'NONE', *, *, #1133, .F. ) ;
#1661 = APPROVAL_DATE_TIME ( #601, #982 ) ;
#1662 = CARTESIAN_POINT ( 'NONE',  ( -0.4999999951170105983, -7.100000013548656952, -25.55000000000001847 ) ) ;
#1663 = DIRECTION ( 'NONE',  ( 1.654361043747359972E-24, 1.000000000000000000, 2.664535259474971031E-15 ) ) ;
#1664 = ORIENTED_EDGE ( 'NONE', *, *, #1013, .T. ) ;
#1665 = CARTESIAN_POINT ( 'NONE',  ( -19.20000000354189140, -1.350000024339103710, -15.00000000000001243 ) ) ;
#1666 = VERTEX_POINT ( 'NONE', #523 ) ;
#1667 = EDGE_CURVE ( 'NONE', #2134, #2870, #2440, .T. ) ;
#1668 = DIRECTION ( 'NONE',  ( 0.0000000000000000000, 2.656295322589483497E-15, 1.000000000000000000 ) ) ;
#1669 = CARTESIAN_POINT ( 'NONE',  ( 15.53500265796099278, -0.3000000000000033751, -1.499999999999990896 ) ) ;
#1670 = EDGE_LOOP ( 'NONE', ( #470, #2474, #2218, #2755 ) ) ;
#1671 = DIRECTION ( 'NONE',  ( -1.000000000000000000, -1.654361029918985120E-24, -2.408024537242689745E-25 ) ) ;
#1672 = EDGE_LOOP ( 'NONE', ( #2865, #2062, #1769, #452 ) ) ;
#1673 = ADVANCED_FACE ( 'NONE', ( #1819 ), #1510, .F. ) ;
#1674 = DIRECTION ( 'NONE',  ( -2.408024537242601583E-25, 6.877484650156773627E-10, -1.000000000000000000 ) ) ;
#1675 = ORIENTED_EDGE ( 'NONE', *, *, #1917, .T. ) ;
#1676 = ORIENTED_EDGE ( 'NONE', *, *, #9, .F. ) ;
#1677 = FACE_OUTER_BOUND ( 'NONE', #2226, .T. ) ;
#1678 = EDGE_LOOP ( 'NONE', ( #2919, #966, #1789, #360 ) ) ;
#1679 = EDGE_LOOP ( 'NONE', ( #2860, #1378, #2891, #1915 ) ) ;
#1680 = CARTESIAN_POINT ( 'NONE',  ( -15.94999999999999574, -0.3000000000000588862, -22.30000000000001492 ) ) ;
#1681 = CARTESIAN_POINT ( 'NONE',  ( 16.29999999999998650, 3.469446951953614189E-15, 1.500000000000004885 ) ) ;
#1682 = CYLINDRICAL_SURFACE ( 'NONE', #2449, 0.6500000011763020780 ) ;
#1683 = ORIENTED_EDGE ( 'NONE', *, *, #680, .T. ) ;
#1684 = CIRCLE ( 'NONE', #78, 0.6500000011763020780 ) ;
#1685 = DIRECTION ( 'NONE',  ( 0.0000000000000000000, 2.678617137658004354E-15, 1.000000000000000000 ) ) ;
#1686 = AXIS2_PLACEMENT_3D ( 'NONE', #2757, #522, #747 ) ;
#1687 = EDGE_CURVE ( 'NONE', #1251, #1085, #156, .T. ) ;
#1688 = TOROIDAL_SURFACE ( 'NONE', #1834, 1.699999996423722015, 1.300000000000000044 ) ;
#1689 = ORIENTED_EDGE ( 'NONE', *, *, #340, .F. ) ;
#1690 = DIRECTION ( 'NONE',  ( -1.000000000000000000, -1.654361029918985120E-24, -2.408024537242689745E-25 ) ) ;
#1691 = CARTESIAN_POINT ( 'NONE',  ( 16.19999999999998508, -1.299999999999934097, 24.24999999642372472 ) ) ;
#1692 = EDGE_CURVE ( 'NONE', #1844, #582, #1897, .T. ) ;
#1693 = ADVANCED_FACE ( 'NONE', ( #898 ), #1431, .F. ) ;
#1694 = DIRECTION ( 'NONE',  ( -1.000000000000000000, 0.0000000000000000000, 0.0000000000000000000 ) ) ;
#1695 = LINE ( 'NONE', #2305, #1088 ) ;
#1696 = AXIS2_PLACEMENT_3D ( 'NONE', #1607, #1151, #1843 ) ;
#1697 = VECTOR ( 'NONE', #2644, 1000.000000000000000 ) ;
#1698 = VERTEX_POINT ( 'NONE', #977 ) ;
#1699 = LINE ( 'NONE', #1114, #2693 ) ;
#1700 = CARTESIAN_POINT ( 'NONE',  ( -19.20000000309485699, -2.000000025515405788, -15.00000000000001421 ) ) ;
#1701 = EDGE_LOOP ( 'NONE', ( #1075, #2606, #1502, #2039 ) ) ;
#1702 = DIRECTION ( 'NONE',  ( 1.000000000000000000, 6.877458004804190895E-10, 7.692787240489117050E-17 ) ) ;
#1703 = DIRECTION ( 'NONE',  ( 1.654361043747359972E-24, 1.000000000000000000, 2.664535259474971031E-15 ) ) ;
#1704 = EDGE_CURVE ( 'NONE', #1565, #2138, #1290, .T. ) ;
#1705 = CARTESIAN_POINT ( 'NONE',  ( -16.19999999999998863, 6.591949208711866959E-14, 25.54999999552964596 ) ) ;
#1706 = ADVANCED_FACE ( 'NONE', ( #85 ), #2643, .F. ) ;
#1707 = EDGE_CURVE ( 'NONE', #715, #1078, #2581, .T. ) ;
#1708 = CARTESIAN_POINT ( 'NONE',  ( -18.89999999690514443, -2.000000025309085494, -15.00000000000001421 ) ) ;
#1709 = VERTEX_POINT ( 'NONE', #1064 ) ;
#1710 = AXIS2_PLACEMENT_3D ( 'NONE', #1340, #2490, #1793 ) ;
#1711 = ORIENTED_EDGE ( 'NONE', *, *, #569, .T. ) ;
#1713 = VERTEX_POINT ( 'NONE', #2808 ) ;
#1712 = CARTESIAN_POINT ( 'NONE',  ( -16.20000000000000284, -6.591949208711866959E-14, -25.54999999552966372 ) ) ;
#1714 = DIRECTION ( 'NONE',  ( 1.000000000000000000, 1.654361029918985120E-24, 2.408024537242689745E-25 ) ) ;
#1715 = ORIENTED_EDGE ( 'NONE', *, *, #1554, .F. ) ;
#1716 = ORIENTED_EDGE ( 'NONE', *, *, #1855, .T. ) ;
#1717 = ORIENTED_EDGE ( 'NONE', *, *, #2645, .T. ) ;
#1718 = DIRECTION ( 'NONE',  ( -6.877457992358068473E-10, 1.000000000000000000, 2.664535259474971425E-15 ) ) ;
#1719 = FACE_OUTER_BOUND ( 'NONE', #2031, .T. ) ;
#1720 = ORIENTED_EDGE ( 'NONE', *, *, #76, .T. ) ;
#1721 = CYLINDRICAL_SURFACE ( 'NONE', #344, 5.000000000000000000 ) ;
#1722 = DIRECTION ( 'NONE',  ( 1.654361043747359972E-24, 1.000000000000000000, 2.664535259474971031E-15 ) ) ;
#1723 = LINE ( 'NONE', #2665, #1184 ) ;
#1724 = DIRECTION ( 'NONE',  ( 2.408024537242689745E-25, 2.667137344314340908E-15, 1.000000000000000000 ) ) ;
#1725 = VERTEX_POINT ( 'NONE', #1048 ) ;
#1726 = EDGE_CURVE ( 'NONE', #2306, #889, #450, .T. ) ;
#1727 = DIRECTION ( 'NONE',  ( 6.877458004804157808E-10, -1.000000000000000000, -2.664535259474971031E-15 ) ) ;
#1728 = DIRECTION ( 'NONE',  ( 0.0000000000000000000, 2.569960706852841710E-15, 1.000000000000000000 ) ) ;
#1729 = LINE ( 'NONE', #1103, #799 ) ;
#1730 = DIRECTION ( 'NONE',  ( 7.692787009076325537E-17, -2.664535259474969848E-15, -1.000000000000000000 ) ) ;
#1731 = CIRCLE ( 'NONE', #165, 0.6500000011763020780 ) ;
#1732 = VECTOR ( 'NONE', #2458, 1000.000000000000000 ) ;
#1733 = CARTESIAN_POINT ( 'NONE',  ( 19.19999999552964809, 6.071532165918824830E-14, 22.55000000000001137 ) ) ;
#1734 = ORIENTED_EDGE ( 'NONE', *, *, #1076, .F. ) ;
#1735 = APPROVAL_DATE_TIME ( #214, #2578 ) ;
#1736 = ADVANCED_FACE ( 'NONE', ( #1077, #2037, #2075, #2475 ), #1959, .F. ) ;
#1737 = CARTESIAN_POINT ( 'NONE',  ( -19.20000000264782258, -2.650000026691671451, -1.552436409709246986E-14 ) ) ;
#1738 = ORIENTED_EDGE ( 'NONE', *, *, #1413, .T. ) ;
#1739 = AXIS2_PLACEMENT_3D ( 'NONE', #478, #723, #2303 ) ;
#1740 = EDGE_CURVE ( 'NONE', #2702, #1353, #740, .T. ) ;
#1741 = CARTESIAN_POINT ( 'NONE',  ( -16.94999999999999574, -0.3000000000000588862, -22.30000000000001492 ) ) ;
#1742 = ORIENTED_EDGE ( 'NONE', *, *, #2859, .F. ) ;
#1743 = EDGE_CURVE ( 'NONE', #1844, #2313, #1157, .T. ) ;
#1744 = DIRECTION ( 'NONE',  ( 1.000000000000000000, 6.877458004804189861E-10, 3.846393723910830979E-17 ) ) ;
#1745 = ORIENTED_EDGE ( 'NONE', *, *, #643, .F. ) ;
#1746 = AXIS2_PLACEMENT_3D ( 'NONE', #2216, #2448, #1767 ) ;
#1747 = ORIENTED_EDGE ( 'NONE', *, *, #2659, .F. ) ;
#1748 = DIRECTION ( 'NONE',  ( 2.408024537242689745E-25, 2.664535259474969848E-15, 1.000000000000000000 ) ) ;
#1749 = ADVANCED_FACE ( 'NONE', ( #2914 ), #1804, .T. ) ;
#1750 = ORIENTED_EDGE ( 'NONE', *, *, #1076, .T. ) ;
#1751 = LINE ( 'NONE', #2198, #1600 ) ;
#1752 = ORIENTED_EDGE ( 'NONE', *, *, #552, .F. ) ;
#1753 = VECTOR ( 'NONE', #1714, 1000.000000000000000 ) ;
#1754 = FACE_OUTER_BOUND ( 'NONE', #1485, .T. ) ;
#1755 = DIRECTION ( 'NONE',  ( -6.877457992358068473E-10, 1.000000000000000000, 2.668805342826901320E-15 ) ) ;
#1756 = CARTESIAN_POINT ( 'NONE',  ( -16.19999999999999574, -1.299999999105988513, -22.55000000000001492 ) ) ;
#1757 = CARTESIAN_POINT ( 'NONE',  ( -16.95000000000000995, -0.2999999999999964362, 1.499999999999987566 ) ) ;
#1758 = ORIENTED_EDGE ( 'NONE', *, *, #2714, .T. ) ;
#1759 = EDGE_CURVE ( 'NONE', #250, #2194, #1407, .T. ) ;
#1760 = DIRECTION ( 'NONE',  ( 7.692787009076325537E-17, -2.664535259422063313E-15, -1.000000000000000000 ) ) ;
#1761 = PERSON_AND_ORGANIZATION_ROLE ( 'classification_officer' ) ;
#1762 = EDGE_CURVE ( 'NONE', #400, #2702, #2192, .T. ) ;
#1763 = FACE_OUTER_BOUND ( 'NONE', #1635, .T. ) ;
#1764 = CARTESIAN_POINT ( 'NONE',  ( 16.20000000000000995, -1.299999999105988513, -22.54999999999999361 ) ) ;
#1765 = LINE ( 'NONE', #1292, #1343 ) ;
#1766 = CARTESIAN_POINT ( 'NONE',  ( -16.30000000000001137, 3.469446951953614189E-15, 1.499999999999987566 ) ) ;
#1767 = DIRECTION ( 'NONE',  ( 0.0000000000000000000, -2.656295322589483497E-15, -1.000000000000000000 ) ) ;
#1768 = AXIS2_PLACEMENT_3D ( 'NONE', #430, #1297, #1314 ) ;
#1769 = ORIENTED_EDGE ( 'NONE', *, *, #2573, .T. ) ;
#1770 = VECTOR ( 'NONE', #1022, 1000.000000000000000 ) ;
#1771 = ORIENTED_EDGE ( 'NONE', *, *, #1988, .T. ) ;
#1772 = CARTESIAN_POINT ( 'NONE',  ( -0.4999999955296527410, -6.500000013548523192, 25.24999999821183394 ) ) ;
#1773 = DIRECTION ( 'NONE',  ( -1.000000000000000000, -1.654361029918985120E-24, -2.408024537242689745E-25 ) ) ;
#1774 = ADVANCED_BREP_SHAPE_REPRESENTATION ( 'MS511-20F', ( #2478, #540 ), #1778 ) ;
#1776 = ORIENTED_EDGE ( 'NONE', *, *, #457, .F. ) ;
#1775 = DIRECTION ( 'NONE',  ( 0.0000000000000000000, 2.668805347656634370E-15, 1.000000000000000000 ) ) ;
#1777 = DIRECTION ( 'NONE',  ( 1.654361043747359972E-24, 1.000000000000000000, 2.664535259474971031E-15 ) ) ;
#1778 =( GEOMETRIC_REPRESENTATION_CONTEXT ( 3 ) GLOBAL_UNCERTAINTY_ASSIGNED_CONTEXT ( ( #878 ) ) GLOBAL_UNIT_ASSIGNED_CONTEXT ( ( #1476, #624, #2664 ) ) REPRESENTATION_CONTEXT ( 'NONE', 'WORKASPACE' ) );
#1779 = EDGE_CURVE ( 'NONE', #1725, #1026, #1346, .T. ) ;
#1780 = CARTESIAN_POINT ( 'NONE',  ( 19.19999999735216889, -2.650000000282272339, -15.00000000000001421 ) ) ;
#1781 = ORIENTED_EDGE ( 'NONE', *, *, #1551, .T. ) ;
#1782 = ORIENTED_EDGE ( 'NONE', *, *, #1619, .T. ) ;
#1783 = PLANE ( 'NONE',  #1327 ) ;
#1784 = ORIENTED_EDGE ( 'NONE', *, *, #166, .F. ) ;
#1785 = ORIENTED_EDGE ( 'NONE', *, *, #2876, .F. ) ;
#1786 = ORIENTED_EDGE ( 'NONE', *, *, #2423, .T. ) ;
#1787 = CARTESIAN_POINT ( 'NONE',  ( 16.94999999999998508, -0.2999999999999964362, 1.500000000000011768 ) ) ;
#1788 = CYLINDRICAL_SURFACE ( 'NONE', #1365, 0.6500000000000012434 ) ;
#1789 = ORIENTED_EDGE ( 'NONE', *, *, #32, .F. ) ;
#1790 = VECTOR ( 'NONE', #2592, 1000.000000000000000 ) ;
#1791 = AXIS2_PLACEMENT_3D ( 'NONE', #2135, #1212, #1222 ) ;
#1792 = DIRECTION ( 'NONE',  ( 2.408024537242689745E-25, 2.664535259474969848E-15, 1.000000000000000000 ) ) ;
#1793 = DIRECTION ( 'NONE',  ( -1.000000000000000000, 8.673617379884027583E-16, -1.734723475976805517E-14 ) ) ;
#1794 = CYLINDRICAL_SURFACE ( 'NONE', #759, 0.2499999999999973910 ) ;
#1795 = DIRECTION ( 'NONE',  ( 1.000000000000000000, 6.877449998388146414E-10, 2.073323279716671667E-24 ) ) ;
#1796 = ORIENTED_EDGE ( 'NONE', *, *, #1040, .T. ) ;
#1797 = DIRECTION ( 'NONE',  ( 1.654361043747359972E-24, 1.000000000000000000, 2.664535259474971031E-15 ) ) ;
#1798 = AXIS2_PLACEMENT_3D ( 'NONE', #285, #336, #1685 ) ;
#1799 = VECTOR ( 'NONE', #439, 1000.000000000000000 ) ;
#1800 = EDGE_CURVE ( 'NONE', #1416, #1353, #1946, .T. ) ;
#1801 = FACE_OUTER_BOUND ( 'NONE', #2320, .T. ) ;
#1802 = EDGE_CURVE ( 'NONE', #2058, #1214, #2235, .T. ) ;
#1803 = CARTESIAN_POINT ( 'NONE',  ( -19.19999999642370625, -1.299999999105990289, -22.55000000000001492 ) ) ;
#1804 = CYLINDRICAL_SURFACE ( 'NONE', #1086, 0.2500000000000002220 ) ;
#1805 = DIRECTION ( 'NONE',  ( 0.0000000000000000000, 2.656295322589492569E-15, 1.000000000000000000 ) ) ;
#1806 = ORIENTED_EDGE ( 'NONE', *, *, #589, .F. ) ;
#1807 = AXIS2_PLACEMENT_3D ( 'NONE', #1968, #374, #1291 ) ;
#1808 = PERSON_AND_ORGANIZATION ( #228, #2089 ) ;
#1809 = DIRECTION ( 'NONE',  ( 2.408024537242689745E-25, 2.664535259474969848E-15, 1.000000000000000000 ) ) ;
#1810 = EDGE_LOOP ( 'NONE', ( #1042, #1500, #2835, #585 ) ) ;
#1811 = CARTESIAN_POINT ( 'NONE',  ( 16.94999999999998508, -0.2999999999999409250, 22.30000000000001137 ) ) ;
#1812 = DIRECTION ( 'NONE',  ( -2.408024537242689745E-25, -2.664535259474969848E-15, -1.000000000000000000 ) ) ;
#1813 = ORIENTED_EDGE ( 'NONE', *, *, #1569, .F. ) ;
#1814 = ORIENTED_EDGE ( 'NONE', *, *, #1349, .T. ) ;
#1815 = EDGE_CURVE ( 'NONE', #2178, #1824, #2764, .T. ) ;
#1816 = ORIENTED_EDGE ( 'NONE', *, *, #2082, .F. ) ;
#1817 = VECTOR ( 'NONE', #519, 1000.000000000000000 ) ;
#1818 = EDGE_LOOP ( 'NONE', ( #952, #821 ) ) ;
#1819 = FACE_OUTER_BOUND ( 'NONE', #995, .T. ) ;
#1820 = EDGE_CURVE ( 'NONE', #1610, #1698, #28, .T. ) ;
#1821 = CIRCLE ( 'NONE', #115, 0.2499999999999993616 ) ;
#1822 = LINE ( 'NONE', #359, #2618 ) ;
#1823 = CARTESIAN_POINT ( 'NONE',  ( -16.19999999999999574, -1.299999999105988513, -22.55000000000001492 ) ) ;
#1824 = VERTEX_POINT ( 'NONE', #1486 ) ;
#1825 = CARTESIAN_POINT ( 'NONE',  ( -16.30000000000001137, -3.469446951953614189E-15, -1.500000000000001332 ) ) ;
#1826 = CARTESIAN_POINT ( 'NONE',  ( 19.19999999690513093, -1.999999999105893211, 15.00000000000000000 ) ) ;
#1827 = CIRCLE ( 'NONE', #1163, 1.000000000000000888 ) ;
#1828 = AXIS2_PLACEMENT_3D ( 'NONE', #1418, #65, #708 ) ;
#1829 = EDGE_CURVE ( 'NONE', #2776, #797, #2340, .T. ) ;
#1830 = FACE_BOUND ( 'NONE', #449, .T. ) ;
#1831 = DIRECTION ( 'NONE',  ( 1.654361043747359972E-24, 1.000000000000000000, 2.664535259474971031E-15 ) ) ;
#1832 = ORIENTED_EDGE ( 'NONE', *, *, #2910, .T. ) ;
#1833 = FACE_OUTER_BOUND ( 'NONE', #1108, .T. ) ;
#1834 = AXIS2_PLACEMENT_3D ( 'NONE', #2589, #2144, #2130 ) ;
#1835 = CARTESIAN_POINT ( 'NONE',  ( -16.19999999999998863, -6.500000000000056843, -22.55000000000001492 ) ) ;
#1836 = DIRECTION ( 'NONE',  ( -4.336808663851855357E-15, 2.664535259474969848E-15, 1.000000000000000000 ) ) ;
#1837 = CARTESIAN_POINT ( 'NONE',  ( 16.19999999999998508, -0.2999999999999339861, 24.24999999642372472 ) ) ;
#1838 = ORIENTED_EDGE ( 'NONE', *, *, #1532, .F. ) ;
#1839 = CARTESIAN_POINT ( 'NONE',  ( -4.949747468305829123, -0.2999999999999938272, 1.499999999999994449 ) ) ;
#1840 = AXIS2_PLACEMENT_3D ( 'NONE', #2427, #1702, #1253 ) ;
#1841 = CARTESIAN_POINT ( 'NONE',  ( -15.67558051651312212, -0.3000000000000033751, -1.319444444444459963 ) ) ;
#1842 = EDGE_LOOP ( 'NONE', ( #2861, #1308, #2286, #4 ) ) ;
#1843 = DIRECTION ( 'NONE',  ( 1.000000000000000000, 0.0000000000000000000, 0.0000000000000000000 ) ) ;
#1844 = VERTEX_POINT ( 'NONE', #2165 ) ;
#1845 = ORIENTED_EDGE ( 'NONE', *, *, #2695, .F. ) ;
#1846 = EDGE_CURVE ( 'NONE', #2769, #152, #427, .T. ) ;
#1847 = DIRECTION ( 'NONE',  ( -6.877457992358068473E-10, 1.000000000000000000, 2.664535259474971425E-15 ) ) ;
#1848 = ORIENTED_EDGE ( 'NONE', *, *, #2202, .F. ) ;
#1849 = ORIENTED_EDGE ( 'NONE', *, *, #236, .T. ) ;
#1850 = LINE ( 'NONE', #240, #1079 ) ;
#1851 = ORIENTED_EDGE ( 'NONE', *, *, #712, .F. ) ;
#1852 = ADVANCED_FACE ( 'NONE', ( #2562 ), #2647, .F. ) ;
#1853 = DIRECTION ( 'NONE',  ( 0.0000000000000000000, -2.668805347656628059E-15, -1.000000000000000000 ) ) ;
#1854 = CARTESIAN_POINT ( 'NONE',  ( 0.5000000048829902344, -7.100000012860776977, 25.24999999821183394 ) ) ;
#1855 = EDGE_CURVE ( 'NONE', #42, #2898, #211, .T. ) ;
#1856 = VECTOR ( 'NONE', #2332, 1000.000000000000000 ) ;
#1857 = ORIENTED_EDGE ( 'NONE', *, *, #396, .T. ) ;
#1858 = FACE_OUTER_BOUND ( 'NONE', #917, .T. ) ;
#1859 = CARTESIAN_POINT ( 'NONE',  ( 16.19999999999998508, -1.299999999105870607, 22.55000000000001137 ) ) ;
#1860 = DIRECTION ( 'NONE',  ( 1.654361043747359972E-24, 1.000000000000000000, 2.664535259474971031E-15 ) ) ;
#1861 = CARTESIAN_POINT ( 'NONE',  ( 16.19999999999999218, -6.500000000000067502, -25.55000000000001847 ) ) ;
#1862 = VECTOR ( 'NONE', #2631, 1000.000000000000000 ) ;
#1863 = AXIS2_PLACEMENT_3D ( 'NONE', #2930, #219, #11 ) ;
#1864 = EDGE_LOOP ( 'NONE', ( #251, #2410, #887, #1717 ) ) ;
#1865 = DIRECTION ( 'NONE',  ( -6.877458004804157808E-10, 1.000000000000000000, 2.664535259474971031E-15 ) ) ;
#1866 = CARTESIAN_POINT ( 'NONE',  ( -17.89999999642370909, -0.3000000000000588862, -22.55000000000001492 ) ) ;
#1867 = LINE ( 'NONE', #916, #2623 ) ;
#1868 = ADVANCED_FACE ( 'NONE', ( #1617, #2272, #803, #567 ), #428, .T. ) ;
#1869 = DIRECTION ( 'NONE',  ( -1.000000000000000000, -1.654361123072367668E-24, -2.067968968056390173E-17 ) ) ;
#1870 = LINE ( 'NONE', #1319, #309 ) ;
#1871 = DIRECTION ( 'NONE',  ( -1.000000000000000000, -6.877458004804190895E-10, -7.692787240489117050E-17 ) ) ;
#1872 = VECTOR ( 'NONE', #2663, 1000.000000000000000 ) ;
#1873 = CARTESIAN_POINT ( 'NONE',  ( -19.20000000264782258, -2.650000026691671451, -1.553013368751885013E-14 ) ) ;
#1874 = EDGE_CURVE ( 'NONE', #1251, #2611, #1699, .T. ) ;
#1875 = ORIENTED_EDGE ( 'NONE', *, *, #457, .T. ) ;
#1876 = LOCAL_TIME ( 15, 19, 27.00000000000000000, #239 ) ;
#1877 = CARTESIAN_POINT ( 'NONE',  ( 16.94999999999998508, -0.2999999999999409250, 22.30000000000001137 ) ) ;
#1878 = VERTEX_POINT ( 'NONE', #163 ) ;
#1879 = EDGE_CURVE ( 'NONE', #220, #2072, #1093, .T. ) ;
#1880 = CARTESIAN_POINT ( 'NONE',  ( -18.89999999645811002, -1.350000024132707255, 14.99999999999999822 ) ) ;
#1881 = CARTESIAN_POINT ( 'NONE',  ( 0.0000000000000000000, -0.2999999999999999334, 0.0000000000000000000 ) ) ;
#1882 = DIRECTION ( 'NONE',  ( 1.000000000000000000, 6.877458004804189861E-10, 3.846393723910830979E-17 ) ) ;
#1883 = DIRECTION ( 'NONE',  ( 0.0000000000000000000, -2.664535259474973792E-15, -1.000000000000000000 ) ) ;
#1884 = DIRECTION ( 'NONE',  ( 1.000000000000000000, 1.654361029918985120E-24, 2.408024537242689745E-25 ) ) ;
#1885 = ADVANCED_FACE ( 'NONE', ( #1125 ), #1656, .F. ) ;
#1886 = DIRECTION ( 'NONE',  ( -6.877457992358068473E-10, 1.000000000000000000, 2.668805342826901320E-15 ) ) ;
#1887 = CARTESIAN_POINT ( 'NONE',  ( 16.19999999999998508, -1.299999999999934097, 24.24999999642372472 ) ) ;
#1888 = ORIENTED_EDGE ( 'NONE', *, *, #2219, .T. ) ;
#1889 = ORIENTED_EDGE ( 'NONE', *, *, #2360, .T. ) ;
#1890 = DIRECTION ( 'NONE',  ( -1.000000000000000000, 0.0000000000000000000, 0.0000000000000000000 ) ) ;
#1891 = DIRECTION ( 'NONE',  ( 2.891205775820964654E-15, -2.664535259474969848E-15, -1.000000000000000000 ) ) ;
#1892 = VERTEX_POINT ( 'NONE', #2687 ) ;
#1893 = FACE_OUTER_BOUND ( 'NONE', #2896, .T. ) ;
#1894 = AXIS2_PLACEMENT_3D ( 'NONE', #2463, #1541, #1992 ) ;
#1895 = EDGE_LOOP ( 'NONE', ( #2955, #2234, #1786, #720 ) ) ;
#1896 = EDGE_CURVE ( 'NONE', #813, #148, #277, .T. ) ;
#1897 = LINE ( 'NONE', #2351, #10 ) ;
#1898 = DIRECTION ( 'NONE',  ( -1.000000000000000000, 0.0000000000000000000, 0.0000000000000000000 ) ) ;
#1899 = VECTOR ( 'NONE', #1910, 1000.000000000000000 ) ;
#1900 = EDGE_CURVE ( 'NONE', #2732, #372, #2019, .T. ) ;
#1901 = CARTESIAN_POINT ( 'NONE',  ( -16.19999999999998863, -6.499999999999928946, 25.55000000000000071 ) ) ;
#1902 = ADVANCED_FACE ( 'NONE', ( #528 ), #2950, .F. ) ;
#1903 = DIRECTION ( 'NONE',  ( -1.654361043747359972E-24, -1.000000000000000000, -2.664535259474971031E-15 ) ) ;
#1904 = AXIS2_PLACEMENT_3D ( 'NONE', #176, #200, #1775 ) ;
#1905 = CARTESIAN_POINT ( 'NONE',  ( -15.43541917671047514, -0.2999999999999947153, 1.499999999999987566 ) ) ;
#1906 = CARTESIAN_POINT ( 'NONE',  ( -15.43541917671047514, -0.2999999999999947153, 1.249999999999987121 ) ) ;
#1907 = VECTOR ( 'NONE', #895, 1000.000000000000000 ) ;
#1908 = LINE ( 'NONE', #1350, #766 ) ;
#1909 = CARTESIAN_POINT ( 'NONE',  ( -18.89999999690514443, -2.000000025309009111, 14.99999999999999645 ) ) ;
#1910 = DIRECTION ( 'NONE',  ( 1.654361043747359972E-24, 1.000000000000000000, 2.664535259474971031E-15 ) ) ;
#1911 = EDGE_LOOP ( 'NONE', ( #1888, #1963 ) ) ;
#1912 = APPROVAL_PERSON_ORGANIZATION ( #1808, #575, #2469 ) ;
#1913 = DIRECTION ( 'NONE',  ( 0.0000000000000000000, 2.668805347656613859E-15, 1.000000000000000000 ) ) ;
#1914 = DIRECTION ( 'NONE',  ( 1.654361043747359972E-24, 1.000000000000000000, 2.664535259474971031E-15 ) ) ;
#1915 = ORIENTED_EDGE ( 'NONE', *, *, #217, .T. ) ;
#1916 = ADVANCED_FACE ( 'NONE', ( #103 ), #672, .F. ) ;
#1917 = EDGE_CURVE ( 'NONE', #2313, #2743, #2847, .T. ) ;
#1918 = DIRECTION ( 'NONE',  ( -6.877458004804188827E-10, -1.000000000000000000, 2.664535259474969848E-15 ) ) ;
#1919 = AXIS2_PLACEMENT_3D ( 'NONE', #508, #1189, #2084 ) ;
#1920 = CARTESIAN_POINT ( 'NONE',  ( 16.20000000000000995, -1.300000000000058886, -22.54999999999999361 ) ) ;
#1921 = ORIENTED_EDGE ( 'NONE', *, *, #2590, .F. ) ;
#1922 = ORIENTED_EDGE ( 'NONE', *, *, #316, .F. ) ;
#1923 = ORIENTED_EDGE ( 'NONE', *, *, #2082, .T. ) ;
#1924 = DIRECTION ( 'NONE',  ( 0.0000000000000000000, 2.678617137657998832E-15, 1.000000000000000000 ) ) ;
#1925 = ORIENTED_EDGE ( 'NONE', *, *, #1116, .F. ) ;
#1926 = ORIENTED_EDGE ( 'NONE', *, *, #1265, .T. ) ;
#1927 = FACE_OUTER_BOUND ( 'NONE', #577, .T. ) ;
#1928 = ORIENTED_EDGE ( 'NONE', *, *, #2163, .T. ) ;
#1929 = DIRECTION ( 'NONE',  ( -2.408024537242689745E-25, -2.664535259474969848E-15, -1.000000000000000000 ) ) ;
#1930 = ADVANCED_FACE ( 'NONE', ( #597 ), #2160, .F. ) ;
#1931 = CARTESIAN_POINT ( 'NONE',  ( -0.4999999951170105983, -7.100000013548656952, -25.24999999821188368 ) ) ;
#1932 = FACE_OUTER_BOUND ( 'NONE', #1374, .T. ) ;
#1933 = EDGE_LOOP ( 'NONE', ( #1459, #1633, #2061, #1388 ) ) ;
#1934 = FACE_OUTER_BOUND ( 'NONE', #2705, .T. ) ;
#1935 = AXIS2_PLACEMENT_3D ( 'NONE', #92, #70, #970 ) ;
#1936 = EDGE_CURVE ( 'NONE', #2480, #2935, #2494, .T. ) ;
#1937 = VECTOR ( 'NONE', #885, 1000.000000000000000 ) ;
#1938 = DIRECTION ( 'NONE',  ( -1.654361043747359972E-24, -1.000000000000000000, -2.664535259474971031E-15 ) ) ;
#1939 = ORIENTED_EDGE ( 'NONE', *, *, #804, .F. ) ;
#1940 = EDGE_CURVE ( 'NONE', #402, #314, #2419, .T. ) ;
#1941 = CARTESIAN_POINT ( 'NONE',  ( 19.19999999735216534, -2.650000000282232371, -1.405888808810576857E-14 ) ) ;
#1942 = LINE ( 'NONE', #1841, #1341 ) ;
#1943 = AXIS2_PLACEMENT_3D ( 'NONE', #1655, #947, #1630 ) ;
#1944 = LINE ( 'NONE', #1310, #2230 ) ;
#1945 = CARTESIAN_POINT ( 'NONE',  ( 16.39958348125051302, -5.201394870612340468E-15, -0.8499999999999928724 ) ) ;
#1946 = LINE ( 'NONE', #830, #2457 ) ;
#1947 = DIRECTION ( 'NONE',  ( -1.000000000000000000, -1.654361029918985120E-24, -2.408024537242689745E-25 ) ) ;
#1948 = DIRECTION ( 'NONE',  ( 1.000000000000000000, 1.654360831793050628E-24, -7.692787009076316909E-17 ) ) ;
#1949 = ORIENTED_EDGE ( 'NONE', *, *, #2337, .F. ) ;
#1950 = APPROVAL_PERSON_ORGANIZATION ( #2422, #2578, #419 ) ;
#1951 = CARTESIAN_POINT ( 'NONE',  ( 16.39958348125051302, -0.3000000000000033751, -1.499999999999990896 ) ) ;
#1952 = AXIS2_PLACEMENT_3D ( 'NONE', #394, #1977, #2477 ) ;
#1953 = EDGE_CURVE ( 'NONE', #2133, #2138, #2308, .T. ) ;
#1954 = CARTESIAN_POINT ( 'NONE',  ( -15.94999999999999574, -0.3000000000000623834, -23.30000000000001492 ) ) ;
#1955 = EDGE_CURVE ( 'NONE', #1214, #2058, #2626, .T. ) ;
#1956 = CARTESIAN_POINT ( 'NONE',  ( 16.20000000000000995, -0.3000000000000588862, -22.54999999999999361 ) ) ;
#1957 = DIRECTION ( 'NONE',  ( -1.654361040770606036E-24, -1.000000000000000000, 6.877431359451575076E-10 ) ) ;
#1958 = AXIS2_PLACEMENT_3D ( 'NONE', #1044, #385, #607 ) ;
#1960 = EDGE_LOOP ( 'NONE', ( #610, #815, #2077, #1716 ) ) ;
#1959 = PLANE ( 'NONE',  #270 ) ;
#1961 = EDGE_LOOP ( 'NONE', ( #1742, #1875, #2103, #782 ) ) ;
#1962 = DATE_TIME_ROLE ( 'classification_date' ) ;
#1963 = ORIENTED_EDGE ( 'NONE', *, *, #94, .T. ) ;
#1964 = CARTESIAN_POINT ( 'NONE',  ( -18.89999999735218239, -2.650000026485349380, -1.552436409683114549E-14 ) ) ;
#1965 = CIRCLE ( 'NONE', #2595, 2.699999998211858543 ) ;
#1966 = VERTEX_POINT ( 'NONE', #1030 ) ;
#1967 = LINE ( 'NONE', #2300, #2511 ) ;
#1968 = CARTESIAN_POINT ( 'NONE',  ( 4.949747468305829123, 0.0000000000000000000, 1.749999999999998002 ) ) ;
#1969 = CIRCLE ( 'NONE', #1252, 1.000000000000000888 ) ;
#1970 = EDGE_CURVE ( 'NONE', #1026, #2484, #2880, .T. ) ;
#1971 = DIRECTION ( 'NONE',  ( -1.000000000000000000, -1.654361029918985120E-24, -2.408024537242689745E-25 ) ) ;
#1972 = CARTESIAN_POINT ( 'NONE',  ( -16.20000000000002416, -1.299999999105870607, 22.54999999999999716 ) ) ;
#1973 = EDGE_CURVE ( 'NONE', #2611, #2905, #1197, .T. ) ;
#1974 = CARTESIAN_POINT ( 'NONE',  ( 16.19999999999998508, -1.299999999999940981, 22.55000000000001137 ) ) ;
#1975 = ADVANCED_FACE ( 'NONE', ( #1833 ), #64, .T. ) ;
#1976 = DIRECTION ( 'NONE',  ( 0.0000000000000000000, 2.668805347656628059E-15, 1.000000000000000000 ) ) ;
#1977 = DIRECTION ( 'NONE',  ( 1.000000000000000000, 6.877458004804190895E-10, 7.692787240489117050E-17 ) ) ;
#1978 = VECTOR ( 'NONE', #2678, 1000.000000000000000 ) ;
#1979 = CARTESIAN_POINT ( 'NONE',  ( -16.20000000000002416, -0.2999999999999409250, 22.54999999999999716 ) ) ;
#1980 = CYLINDRICAL_SURFACE ( 'NONE', #1372, 0.9999999999999974465 ) ;
#1981 = CARTESIAN_POINT ( 'NONE',  ( -15.67558051651312212, -0.2999999999999964362, 1.319444444444432207 ) ) ;
#1982 = ORIENTED_EDGE ( 'NONE', *, *, #1619, .F. ) ;
#1983 = PERSON_AND_ORGANIZATION ( #228, #2089 ) ;
#1984 = PLANE ( 'NONE',  #1025 ) ;
#1985 = ORIENTED_EDGE ( 'NONE', *, *, #1759, .F. ) ;
#1986 = DIRECTION ( 'NONE',  ( 1.000000000000000000, 1.654361029918985120E-24, 2.408024537242689745E-25 ) ) ;
#1987 = DIRECTION ( 'NONE',  ( 6.123233971656520663E-17, -2.664535259474969848E-15, -1.000000000000000000 ) ) ;
#1988 = EDGE_CURVE ( 'NONE', #1824, #1026, #492, .T. ) ;
#1989 = DIRECTION ( 'NONE',  ( 1.000000000000000000, 6.877458004804157808E-10, 2.891205778135094430E-15 ) ) ;
#1990 = DIRECTION ( 'NONE',  ( 1.654361043747359972E-24, 1.000000000000000000, 2.664535259474971031E-15 ) ) ;
#1991 = ORIENTED_EDGE ( 'NONE', *, *, #187, .F. ) ;
#1992 = DIRECTION ( 'NONE',  ( -6.877458004804188827E-10, -1.000000000000000000, -2.664535259474970637E-15 ) ) ;
#1993 = VERTEX_POINT ( 'NONE', #1440 ) ;
#1994 = ORIENTED_EDGE ( 'NONE', *, *, #1329, .F. ) ;
#1995 = AXIS2_PLACEMENT_3D ( 'NONE', #436, #1303, #2489 ) ;
#1996 = ORIENTED_EDGE ( 'NONE', *, *, #170, .T. ) ;
#1997 = DIRECTION ( 'NONE',  ( 1.000000000000000000, 1.654398009363116657E-24, 1.387778780805524235E-14 ) ) ;
#1998 = CARTESIAN_POINT ( 'NONE',  ( -19.19999999999997797, -6.500000000000060396, -22.55000000000001492 ) ) ;
#1999 = VERTEX_POINT ( 'NONE', #1406 ) ;
#2000 = FACE_OUTER_BOUND ( 'NONE', #465, .T. ) ;
#2001 = ORIENTED_EDGE ( 'NONE', *, *, #1815, .T. ) ;
#2002 = PERSON_AND_ORGANIZATION_ROLE ( 'design_supplier' ) ;
#2003 = LINE ( 'NONE', #911, #2584 ) ;
#2004 = EDGE_LOOP ( 'NONE', ( #2244, #2054, #2433, #79 ) ) ;
#2005 = CIRCLE ( 'NONE', #941, 0.6499999999999980238 ) ;
#2006 = CARTESIAN_POINT ( 'NONE',  ( -0.4999999955296527410, -6.500000013548657307, -25.24999999821188368 ) ) ;
#2007 = DIRECTION ( 'NONE',  ( 1.000000000000000000, 6.877458004804190895E-10, 7.692787240489117050E-17 ) ) ;
#2008 = VECTOR ( 'NONE', #1454, 1000.000000000000000 ) ;
#2009 = DIRECTION ( 'NONE',  ( 1.654361043747359972E-24, 1.000000000000000000, 2.664535259474971031E-15 ) ) ;
#2010 = EDGE_LOOP ( 'NONE', ( #1539, #886, #2829, #856 ) ) ;
#2011 = CARTESIAN_POINT ( 'NONE',  ( 4.882982906906363496E-09, -7.100000013204716964, -2.775557561562891351E-14 ) ) ;
#2012 = EDGE_CURVE ( 'NONE', #314, #152, #2802, .T. ) ;
#2013 = CIRCLE ( 'NONE', #1477, 5.000000000000000000 ) ;
#2014 = DIRECTION ( 'NONE',  ( -1.000000000000000000, -1.654361029918985120E-24, -2.408024537242689745E-25 ) ) ;
#2015 = DIRECTION ( 'NONE',  ( -6.877457992358068473E-10, 1.000000000000000000, 2.668805342826901320E-15 ) ) ;
#2016 = FACE_BOUND ( 'NONE', #2361, .T. ) ;
#2017 = CARTESIAN_POINT ( 'NONE',  ( -16.95000000000000995, -3.469446951953614189E-15, -1.500000000000001332 ) ) ;
#2018 = AXIS2_PLACEMENT_3D ( 'NONE', #1611, #2544, #1375 ) ;
#2019 = LINE ( 'NONE', #207, #2383 ) ;
#2020 = PLANE ( 'NONE',  #701 ) ;
#2021 = ORIENTED_EDGE ( 'NONE', *, *, #2796, .F. ) ;
#2022 = APPROVAL_PERSON_ORGANIZATION ( #981, #982, #1283 ) ;
#2023 = CARTESIAN_POINT ( 'NONE',  ( -18.89999999999998437, -6.500000000206383355, -22.55000000000005755 ) ) ;
#2024 = CARTESIAN_POINT ( 'NONE',  ( -0.4999999951170105983, -7.100000013548656952, -25.55000000000001847 ) ) ;
#2025 = VERTEX_POINT ( 'NONE', #281 ) ;
#2026 = EDGE_CURVE ( 'NONE', #2540, #250, #459, .T. ) ;
#2027 = EDGE_LOOP ( 'NONE', ( #959, #2400, #2363, #2680 ) ) ;
#2028 = CARTESIAN_POINT ( 'NONE',  ( 0.5000000048829902344, -7.100000012860911092, -25.24999999821188368 ) ) ;
#2029 = VERTEX_POINT ( 'NONE', #1877 ) ;
#2030 = AXIS2_PLACEMENT_3D ( 'NONE', #1579, #2276, #2485 ) ;
#2031 = EDGE_LOOP ( 'NONE', ( #1017, #783, #2283, #932 ) ) ;
#2032 = VECTOR ( 'NONE', #2335, 1000.000000000000000 ) ;
#2033 = DIRECTION ( 'NONE',  ( -2.408024537242733826E-25, 2.664535259474969848E-15, 1.000000000000000000 ) ) ;
#2034 = CARTESIAN_POINT ( 'NONE',  ( 15.94999999999998508, -0.2999999999999409250, 22.30000000000001137 ) ) ;
#2035 = LINE ( 'NONE', #934, #857 ) ;
#2036 = ORIENTED_EDGE ( 'NONE', *, *, #755, .F. ) ;
#2037 = FACE_BOUND ( 'NONE', #1818, .T. ) ;
#2038 = VECTOR ( 'NONE', #1334, 1000.000000000000000 ) ;
#2039 = ORIENTED_EDGE ( 'NONE', *, *, #1208, .T. ) ;
#2040 = CARTESIAN_POINT ( 'NONE',  ( -16.95000000000000995, -0.3000000000000033751, -1.500000000000001332 ) ) ;
#2041 = CARTESIAN_POINT ( 'NONE',  ( -15.94999999999999574, -0.3000000000000623834, -23.30000000000001492 ) ) ;
#2042 = AXIS2_PLACEMENT_3D ( 'NONE', #2129, #1914, #1206 ) ;
#2043 = EDGE_CURVE ( 'NONE', #327, #2845, #1056, .T. ) ;
#2044 = DIRECTION ( 'NONE',  ( 1.654361043747359972E-24, 1.000000000000000000, 2.664535259474971031E-15 ) ) ;
#2045 = CARTESIAN_POINT ( 'NONE',  ( -19.20000000354189140, -1.350000024339028215, 14.99999999999999822 ) ) ;
#2046 = DIRECTION ( 'NONE',  ( 1.654361043747359972E-24, 1.000000000000000000, 2.664535259474971031E-15 ) ) ;
#2047 = VECTOR ( 'NONE', #2582, 1000.000000000000000 ) ;
#2048 = EDGE_CURVE ( 'NONE', #2471, #1666, #976, .T. ) ;
#2049 = LINE ( 'NONE', #1337, #235 ) ;
#2050 = CARTESIAN_POINT ( 'NONE',  ( -4.949747468305829123, -0.3000000000000007661, -1.750000000000001554 ) ) ;
#2051 = ORIENTED_EDGE ( 'NONE', *, *, #1225, .F. ) ;
#2052 = AXIS2_PLACEMENT_3D ( 'NONE', #1764, #106, #2586 ) ;
#2053 = SHAPE_DEFINITION_REPRESENTATION ( #377, #1774 ) ;
#2054 = ORIENTED_EDGE ( 'NONE', *, *, #468, .F. ) ;
#2055 = DIRECTION ( 'NONE',  ( 1.654361043747359972E-24, 1.000000000000000000, 2.664535259474971031E-15 ) ) ;
#2056 = DIRECTION ( 'NONE',  ( 1.000000000000000000, 6.877458004804189861E-10, 3.846393723910830979E-17 ) ) ;
#2057 = DIRECTION ( 'NONE',  ( -6.877457992358068473E-10, 1.000000000000000000, 2.668805342826901320E-15 ) ) ;
#2058 = VERTEX_POINT ( 'NONE', #520 ) ;
#2059 = EDGE_LOOP ( 'NONE', ( #1776, #1242, #321, #1471 ) ) ;
#2060 = DIRECTION ( 'NONE',  ( -1.654361043747358869E-24, -1.000000000000000000, 2.664535259474969848E-15 ) ) ;
#2061 = ORIENTED_EDGE ( 'NONE', *, *, #2418, .F. ) ;
#2062 = ORIENTED_EDGE ( 'NONE', *, *, #299, .F. ) ;
#2063 = EDGE_CURVE ( 'NONE', #2251, #1567, #1237, .T. ) ;
#2064 = ORIENTED_EDGE ( 'NONE', *, *, #2854, .F. ) ;
#2065 = DIRECTION ( 'NONE',  ( -6.877458004804157808E-10, 1.000000000000000000, 2.664535259448517764E-15 ) ) ;
#2066 = ORIENTED_EDGE ( 'NONE', *, *, #1896, .T. ) ;
#2067 = VECTOR ( 'NONE', #2717, 1000.000000000000000 ) ;
#2068 = ORIENTED_EDGE ( 'NONE', *, *, #2296, .F. ) ;
#2069 = CARTESIAN_POINT ( 'NONE',  ( 15.94999999999999574, -5.898059818321144121E-14, -22.29999999999999361 ) ) ;
#2070 = AXIS2_PLACEMENT_3D ( 'NONE', #2857, #1493, #138 ) ;
#2071 = VECTOR ( 'NONE', #283, 1000.000000000000000 ) ;
#2072 = VERTEX_POINT ( 'NONE', #2173 ) ;
#2073 = CYLINDRICAL_SURFACE ( 'NONE', #1152, 0.6500000011763020780 ) ;
#2074 = CARTESIAN_POINT ( 'NONE',  ( 15.67558051651309725, -0.2999999999999964362, 1.319444444444456410 ) ) ;
#2075 = FACE_OUTER_BOUND ( 'NONE', #2613, .T. ) ;
#2076 = CARTESIAN_POINT ( 'NONE',  ( -19.20000000354189140, -1.350000024339103710, -15.00000000000001243 ) ) ;
#2077 = ORIENTED_EDGE ( 'NONE', *, *, #2483, .F. ) ;
#2078 = DIRECTION ( 'NONE',  ( 0.0000000000000000000, 2.668805347656634370E-15, 1.000000000000000000 ) ) ;
#2079 = DIRECTION ( 'NONE',  ( 0.0000000000000000000, -2.656295322589492569E-15, -1.000000000000000000 ) ) ;
#2080 = VECTOR ( 'NONE', #750, 1000.000000000000000 ) ;
#2081 = CARTESIAN_POINT ( 'NONE',  ( -19.20000000309485699, -2.000000025515405788, -15.00000000000001421 ) ) ;
#2082 = EDGE_CURVE ( 'NONE', #806, #185, #1584, .T. ) ;
#2083 = FACE_BOUND ( 'NONE', #1634, .T. ) ;
#2084 = DIRECTION ( 'NONE',  ( 2.408024537242689745E-25, 2.667137344314340908E-15, 1.000000000000000000 ) ) ;
#2085 = VECTOR ( 'NONE', #974, 1000.000000000000000 ) ;
#2086 = EDGE_CURVE ( 'NONE', #2480, #1370, #1368, .T. ) ;
#2087 = DIRECTION ( 'NONE',  ( 1.654361043747359972E-24, 1.000000000000000000, 2.664535259474971031E-15 ) ) ;
#2088 = ORIENTED_EDGE ( 'NONE', *, *, #2695, .T. ) ;
#2089 = ORGANIZATION ( 'UNSPECIFIED', 'UNSPECIFIED', '' ) ;
#2090 = ORIENTED_EDGE ( 'NONE', *, *, #94, .F. ) ;
#2091 = DIRECTION ( 'NONE',  ( 1.000000000000000000, 6.877458004804157808E-10, 2.073325449084152209E-24 ) ) ;
#2092 = DIRECTION ( 'NONE',  ( 1.000000000000000000, 6.877458004804189861E-10, 3.846393723910830979E-17 ) ) ;
#2093 = ADVANCED_FACE ( 'NONE', ( #2120 ), #2842, .F. ) ;
#2094 = CARTESIAN_POINT ( 'NONE',  ( 16.20000000000000995, -6.500000000206389572, -25.25000000000002132 ) ) ;
#2095 = VERTEX_POINT ( 'NONE', #1045 ) ;
#2096 = ORIENTED_EDGE ( 'NONE', *, *, #2263, .T. ) ;
#2097 = CARTESIAN_POINT ( 'NONE',  ( 19.19999999690513093, -1.999999999105930515, -1.040834085586084257E-14 ) ) ;
#2098 = CARTESIAN_POINT ( 'NONE',  ( -4.949747468305829123, 0.0000000000000000000, -1.750000000000001554 ) ) ;
#2099 = VERTEX_POINT ( 'NONE', #1494 ) ;
#2100 = AXIS2_PLACEMENT_3D ( 'NONE', #2692, #662, #670 ) ;
#2101 = EDGE_CURVE ( 'NONE', #314, #238, #171, .T. ) ;
#2102 = ORIENTED_EDGE ( 'NONE', *, *, #2442, .T. ) ;
#2103 = ORIENTED_EDGE ( 'NONE', *, *, #552, .T. ) ;
#2104 = VECTOR ( 'NONE', #1015, 1000.000000000000000 ) ;
#2105 = DIRECTION ( 'NONE',  ( 1.654361043747359972E-24, 1.000000000000000000, 2.664535259474971031E-15 ) ) ;
#2106 = EDGE_CURVE ( 'NONE', #1698, #2551, #2727, .T. ) ;
#2107 = VECTOR ( 'NONE', #201, 1000.000000000000000 ) ;
#2108 = EDGE_LOOP ( 'NONE', ( #989, #2214 ) ) ;
#2109 = CIRCLE ( 'NONE', #1791, 0.2499999999999997780 ) ;
#2110 = ADVANCED_FACE ( 'NONE', ( #564 ), #1300, .T. ) ;
#2111 = CARTESIAN_POINT ( 'NONE',  ( -19.20000000309485699, -2.000000025515369373, -1.387778780781445676E-14 ) ) ;
#2112 = FACE_OUTER_BOUND ( 'NONE', #790, .T. ) ;
#2113 = ORIENTED_EDGE ( 'NONE', *, *, #1551, .F. ) ;
#2114 = CARTESIAN_POINT ( 'NONE',  ( -4.949747468305829123, -0.3000000000000007661, -1.500000000000001332 ) ) ;
#2115 = DIRECTION ( 'NONE',  ( 1.654361043747359972E-24, 1.000000000000000000, 2.664535259474971031E-15 ) ) ;
#2116 = DIRECTION ( 'NONE',  ( 1.000000000000000000, 6.877458004804189861E-10, 3.846393723910830979E-17 ) ) ;
#2117 = FACE_OUTER_BOUND ( 'NONE', #367, .T. ) ;
#2118 = EDGE_CURVE ( 'NONE', #1410, #327, #1944, .T. ) ;
#2119 = CARTESIAN_POINT ( 'NONE',  ( -18.89999999642371264, -1.299999999312313914, -22.55000000000001492 ) ) ;
#2120 = FACE_OUTER_BOUND ( 'NONE', #2603, .T. ) ;
#2121 = ADVANCED_FACE ( 'NONE', ( #1266 ), #908, .T. ) ;
#2122 = EDGE_CURVE ( 'NONE', #1878, #2151, #1870, .T. ) ;
#2123 = ORIENTED_EDGE ( 'NONE', *, *, #2933, .T. ) ;
#2124 = VERTEX_POINT ( 'NONE', #375 ) ;
#2125 = CARTESIAN_POINT ( 'NONE',  ( 17.89999999642371264, -0.2999999999999409250, 22.55000000000001137 ) ) ;
#2126 = ORIENTED_EDGE ( 'NONE', *, *, #1687, .F. ) ;
#2127 = AXIS2_PLACEMENT_3D ( 'NONE', #2921, #1522, #2673 ) ;
#2128 = CARTESIAN_POINT ( 'NONE',  ( -18.89999999735218239, -2.650000026485311189, 14.99999999999999467 ) ) ;
#2129 = CARTESIAN_POINT ( 'NONE',  ( -16.20000000000002416, -1.299999999999940981, 22.54999999999999716 ) ) ;
#2130 = DIRECTION ( 'NONE',  ( -8.832469204583053680E-39, -2.664535259474970637E-15, 1.000000000000000000 ) ) ;
#2131 = CARTESIAN_POINT ( 'NONE',  ( 18.89999999999999147, -6.500000000206259898, 22.54999999999998295 ) ) ;
#2132 = DIRECTION ( 'NONE',  ( 0.0000000000000000000, 2.569960706852844866E-15, 1.000000000000000000 ) ) ;
#2133 = VERTEX_POINT ( 'NONE', #1062 ) ;
#2134 = VERTEX_POINT ( 'NONE', #1084 ) ;
#2135 = CARTESIAN_POINT ( 'NONE',  ( -4.949747468305829123, -0.2999999999999938272, 1.750000000000005107 ) ) ;
#2136 = ADVANCED_FACE ( 'NONE', ( #2762 ), #838, .T. ) ;
#2137 = CARTESIAN_POINT ( 'NONE',  ( 16.19999999999998508, -0.2999999999999409250, 22.55000000000001137 ) ) ;
#2138 = VERTEX_POINT ( 'NONE', #2193 ) ;
#2139 = VERTEX_POINT ( 'NONE', #814 ) ;
#2140 = VECTOR ( 'NONE', #955, 1000.000000000000000 ) ;
#2141 = AXIS2_PLACEMENT_3D ( 'NONE', #2724, #484, #1361 ) ;
#2142 = VECTOR ( 'NONE', #1007, 1000.000000000000000 ) ;
#2143 = EDGE_CURVE ( 'NONE', #924, #402, #634, .T. ) ;
#2144 = DIRECTION ( 'NONE',  ( 1.654361043747359972E-24, 1.000000000000000000, 2.664535259474971031E-15 ) ) ;
#2145 = LINE ( 'NONE', #978, #1899 ) ;
#2146 = ORIENTED_EDGE ( 'NONE', *, *, #1356, .F. ) ;
#2147 = VECTOR ( 'NONE', #563, 1000.000000000000000 ) ;
#2148 = CARTESIAN_POINT ( 'NONE',  ( -16.20000000000002416, 5.898059818321144121E-14, 22.54999999999999716 ) ) ;
#2149 = AXIS2_PLACEMENT_3D ( 'NONE', #2380, #1490, #1718 ) ;
#2150 = VECTOR ( 'NONE', #660, 1000.000000000000000 ) ;
#2151 = VERTEX_POINT ( 'NONE', #2917 ) ;
#2152 = AXIS2_PLACEMENT_3D ( 'NONE', #967, #2576, #1203 ) ;
#2153 = CARTESIAN_POINT ( 'NONE',  ( 16.20000000000000284, -6.499999999999930722, 25.54999999999998650 ) ) ;
#2154 = ADVANCED_FACE ( 'NONE', ( #275 ), #2432, .F. ) ;
#2155 = VECTOR ( 'NONE', #727, 1000.000000000000000 ) ;
#2156 = CARTESIAN_POINT ( 'NONE',  ( -0.4999999951170105983, -7.100000013548523725, 25.24999999821183394 ) ) ;
#2157 = VECTOR ( 'NONE', #608, 1000.000000000000000 ) ;
#2158 = CARTESIAN_POINT ( 'NONE',  ( -16.30000000000001137, -0.2999999999999964362, 1.499999999999987566 ) ) ;
#2159 = CARTESIAN_POINT ( 'NONE',  ( 17.89999999642371264, -1.299999999999940981, 22.55000000000001137 ) ) ;
#2160 = CYLINDRICAL_SURFACE ( 'NONE', #874, 0.6500000000000030198 ) ;
#2161 = CARTESIAN_POINT ( 'NONE',  ( 1.452166425183414320E-24, -0.3000000000000132561, 5.000000000000000000 ) ) ;
#2162 = ORIENTED_EDGE ( 'NONE', *, *, #808, .T. ) ;
#2163 = EDGE_CURVE ( 'NONE', #372, #2471, #2594, .T. ) ;
#2164 = AXIS2_PLACEMENT_3D ( 'NONE', #1951, #346, #2863 ) ;
#2165 = CARTESIAN_POINT ( 'NONE',  ( -19.20000000264782258, -2.650000026691632371, 14.99999999999999467 ) ) ;
#2166 = DIRECTION ( 'NONE',  ( 7.692787009076325537E-17, -2.664535259474969848E-15, -1.000000000000000000 ) ) ;
#2167 = EDGE_LOOP ( 'NONE', ( #155, #1503, #1450, #841 ) ) ;
#2168 = ORIENTED_EDGE ( 'NONE', *, *, #442, .T. ) ;
#2169 = CARTESIAN_POINT ( 'NONE',  ( 0.0000000000000000000, -0.2999999999999999334, 0.0000000000000000000 ) ) ;
#2170 = ORIENTED_EDGE ( 'NONE', *, *, #136, .F. ) ;
#2171 = DIRECTION ( 'NONE',  ( 0.0000000000000000000, 2.668805347656613859E-15, 1.000000000000000000 ) ) ;
#2172 = EDGE_LOOP ( 'NONE', ( #1069, #1781, #683, #27, #403, #613, #927, #1156 ) ) ;
#2173 = CARTESIAN_POINT ( 'NONE',  ( 15.77516399776363798, -3.469446951953614189E-15, -1.319444444444432207 ) ) ;
#2174 = EDGE_LOOP ( 'NONE', ( #609, #811, #502, #249 ) ) ;
#2175 = VECTOR ( 'NONE', #1652, 1000.000000000000000 ) ;
#2176 = CARTESIAN_POINT ( 'NONE',  ( 4.714045207910314339, -0.3000000000000068723, -1.666666666666670515 ) ) ;
#2177 = TOROIDAL_SURFACE ( 'NONE', #495, 1.699999996423722015, 1.000000000000000000 ) ;
#2178 = VERTEX_POINT ( 'NONE', #1277 ) ;
#2179 = FACE_OUTER_BOUND ( 'NONE', #2574, .T. ) ;
#2180 = CARTESIAN_POINT ( 'NONE',  ( 4.949747468305829123, 0.0000000000000000000, 1.500000000000004885 ) ) ;
#2181 = EDGE_CURVE ( 'NONE', #238, #2385, #836, .T. ) ;
#2182 = CYLINDRICAL_SURFACE ( 'NONE', #2030, 0.6500000011763020780 ) ;
#2183 = CARTESIAN_POINT ( 'NONE',  ( -19.20000000309485699, -2.000000025515330293, 14.99999999999999645 ) ) ;
#2184 = ORIENTED_EDGE ( 'NONE', *, *, #1396, .T. ) ;
#2185 = CARTESIAN_POINT ( 'NONE',  ( 0.0000000000000000000, -0.2999999999999999334, 0.0000000000000000000 ) ) ;
#2186 = CARTESIAN_POINT ( 'NONE',  ( 15.53500265796099278, -3.469446951953614189E-15, -1.499999999999990896 ) ) ;
#2187 = AXIS2_PLACEMENT_3D ( 'NONE', #1624, #2526, #2512 ) ;
#2188 = DIRECTION ( 'NONE',  ( 1.000000000000000000, 6.877458004804189861E-10, 3.846393723910830979E-17 ) ) ;
#2189 = DIRECTION ( 'NONE',  ( -8.792610053167254842E-39, -2.664535259474970637E-15, 1.000000000000000000 ) ) ;
#2190 = FACE_OUTER_BOUND ( 'NONE', #779, .T. ) ;
#2191 = CARTESIAN_POINT ( 'NONE',  ( 16.19999999999998508, -6.499999999999938716, 22.54999999999998295 ) ) ;
#2192 = LINE ( 'NONE', #2651, #638 ) ;
#2193 = CARTESIAN_POINT ( 'NONE',  ( 16.20000000000000995, -1.299999999105995396, -25.24999999821185526 ) ) ;
#2194 = VERTEX_POINT ( 'NONE', #1757 ) ;
#2195 = LOCAL_TIME ( 15, 19, 27.00000000000000000, #463 ) ;
#2196 = CARTESIAN_POINT ( 'NONE',  ( -19.20000000264782258, -2.650000026691707866, -15.00000000000001421 ) ) ;
#2197 = ADVANCED_FACE ( 'NONE', ( #1830, #669, #389, #1232 ), #1513, .F. ) ;
#2198 = CARTESIAN_POINT ( 'NONE',  ( 0.5000000048829902344, -7.100000012860776089, 25.54999999999996874 ) ) ;
#2199 = EDGE_CURVE ( 'NONE', #2124, #924, #1518, .T. ) ;
#2200 = ORIENTED_EDGE ( 'NONE', *, *, #2893, .T. ) ;
#2201 = DIRECTION ( 'NONE',  ( 0.0000000000000000000, -1.834803676513931643E-15, -1.000000000000000000 ) ) ;
#2202 = EDGE_CURVE ( 'NONE', #238, #2025, #1765, .T. ) ;
#2203 = CARTESIAN_POINT ( 'NONE',  ( -16.19999999999999574, -1.300000000000058886, -22.55000000000001492 ) ) ;
#2204 = AXIS2_PLACEMENT_3D ( 'NONE', #2374, #1474, #536 ) ;
#2205 = VERTEX_POINT ( 'NONE', #2186 ) ;
#2206 = SECURITY_CLASSIFICATION ( '', '', #2441 ) ;
#2207 = DIRECTION ( 'NONE',  ( 1.000000000000000000, 6.877458004804189861E-10, 3.846393723910830979E-17 ) ) ;
#2208 = APPLICATION_PROTOCOL_DEFINITION ( 'international standard', 'config_control_design', 1994, #2428 ) ;
#2209 = ORIENTED_EDGE ( 'NONE', *, *, #1413, .F. ) ;
#2210 = CARTESIAN_POINT ( 'NONE',  ( 0.5000000048829902344, -7.100000012860911980, -25.55000000000001847 ) ) ;
#2211 = ORIENTED_EDGE ( 'NONE', *, *, #2280, .F. ) ;
#2212 = ORIENTED_EDGE ( 'NONE', *, *, #1973, .F. ) ;
#2213 = LINE ( 'NONE', #271, #2140 ) ;
#2214 = ORIENTED_EDGE ( 'NONE', *, *, #1802, .T. ) ;
#2215 = CARTESIAN_POINT ( 'NONE',  ( -17.89999999642370909, -0.3000000000000588862, -22.55000000000005755 ) ) ;
#2216 = CARTESIAN_POINT ( 'NONE',  ( 15.94999999999999574, -0.3000000000000588862, -22.29999999999999361 ) ) ;
#2217 = LINE ( 'NONE', #2567, #2679 ) ;
#2218 = ORIENTED_EDGE ( 'NONE', *, *, #2199, .F. ) ;
#2219 = EDGE_CURVE ( 'NONE', #122, #2826, #2454, .T. ) ;
#2220 = CIRCLE ( 'NONE', #829, 0.6499999999999980238 ) ;
#2221 = DIRECTION ( 'NONE',  ( 0.0000000000000000000, 2.670349796964284294E-15, 1.000000000000000000 ) ) ;
#2222 = CARTESIAN_POINT ( 'NONE',  ( 17.89999999642371264, -1.299999999999940981, 22.55000000000001137 ) ) ;
#2223 = VECTOR ( 'NONE', #1574, 1000.000000000000000 ) ;
#2224 = EDGE_CURVE ( 'NONE', #2194, #813, #2302, .T. ) ;
#2225 = DIRECTION ( 'NONE',  ( -6.877458004804157808E-10, 1.000000000000000000, 2.664535259474971031E-15 ) ) ;
#2226 = EDGE_LOOP ( 'NONE', ( #63, #2394, #16, #663 ) ) ;
#2227 = CARTESIAN_POINT ( 'NONE',  ( 16.94999999999998508, -0.3000000000000033751, -1.845747965847528649 ) ) ;
#2228 = AXIS2_PLACEMENT_3D ( 'NONE', #1756, #1068, #2236 ) ;
#2229 = VECTOR ( 'NONE', #1106, 1000.000000000000000 ) ;
#2230 = VECTOR ( 'NONE', #1549, 1000.000000000000000 ) ;
#2231 = APPROVAL_STATUS ( 'not_yet_approved' ) ;
#2232 = PLANE ( 'NONE',  #1531 ) ;
#2233 = ORIENTED_EDGE ( 'NONE', *, *, #2569, .F. ) ;
#2234 = ORIENTED_EDGE ( 'NONE', *, *, #2836, .F. ) ;
#2235 = CIRCLE ( 'NONE', #1840, 0.6500000011763020780 ) ;
#2236 = DIRECTION ( 'NONE',  ( 0.0000000000000000000, 2.650271978941993174E-15, 1.000000000000000000 ) ) ;
#2237 = CARTESIAN_POINT ( 'NONE',  ( -15.95000000000002238, 6.245004513516505540E-14, 23.29999999999999716 ) ) ;
#2238 = VERTEX_POINT ( 'NONE', #684 ) ;
#2239 = ORIENTED_EDGE ( 'NONE', *, *, #490, .T. ) ;
#2240 = DIRECTION ( 'NONE',  ( 1.654361043747359972E-24, 1.000000000000000000, 2.664535259474971031E-15 ) ) ;
#2241 = EDGE_CURVE ( 'NONE', #920, #400, #1446, .T. ) ;
#2242 = DIRECTION ( 'NONE',  ( -1.654361043747359972E-24, -1.000000000000000000, -2.664535259474971031E-15 ) ) ;
#2243 = DIRECTION ( 'NONE',  ( 2.408024537242733826E-25, -2.664535259474969848E-15, -1.000000000000000000 ) ) ;
#2244 = ORIENTED_EDGE ( 'NONE', *, *, #507, .T. ) ;
#2245 = ORIENTED_EDGE ( 'NONE', *, *, #975, .T. ) ;
#2246 = AXIS2_PLACEMENT_3D ( 'NONE', #2183, #1050, #1755 ) ;
#2247 = DIRECTION ( 'NONE',  ( 1.000000000000000000, 1.654361029918985120E-24, 2.408024537242689745E-25 ) ) ;
#2248 = ORIENTED_EDGE ( 'NONE', *, *, #643, .T. ) ;
#2249 = ORIENTED_EDGE ( 'NONE', *, *, #2645, .F. ) ;
#2250 = VERTEX_POINT ( 'NONE', #2495 ) ;
#2251 = VERTEX_POINT ( 'NONE', #1526 ) ;
#2252 = CARTESIAN_POINT ( 'NONE',  ( 16.94999999999999574, -0.3000000000000588862, -22.29999999999999361 ) ) ;
#2253 = ORIENTED_EDGE ( 'NONE', *, *, #1455, .F. ) ;
#2254 = ORIENTED_EDGE ( 'NONE', *, *, #381, .F. ) ;
#2255 = DIRECTION ( 'NONE',  ( 1.654361043747359972E-24, 1.000000000000000000, 2.664535259474971031E-15 ) ) ;
#2256 = CYLINDRICAL_SURFACE ( 'NONE', #401, 0.6500000000000030198 ) ;
#2257 = EDGE_LOOP ( 'NONE', ( #559, #2, #786, #543 ) ) ;
#2258 = VECTOR ( 'NONE', #77, 1000.000000000000000 ) ;
#2259 = CARTESIAN_POINT ( 'NONE',  ( 16.19999999999998508, 6.591949208711866959E-14, 24.24999999642372472 ) ) ;
#2260 = LINE ( 'NONE', #2699, #2904 ) ;
#2261 = CARTESIAN_POINT ( 'NONE',  ( 16.19999999999998508, 5.898059818321144121E-14, 22.55000000000001137 ) ) ;
#2262 = ORIENTED_EDGE ( 'NONE', *, *, #2043, .T. ) ;
#2263 = EDGE_CURVE ( 'NONE', #743, #352, #1614, .T. ) ;
#2264 = DIRECTION ( 'NONE',  ( -1.000000000000000000, -1.654361029918985120E-24, -2.408024537242689745E-25 ) ) ;
#2265 = EDGE_CURVE ( 'NONE', #604, #506, #2049, .T. ) ;
#2266 = FACE_OUTER_BOUND ( 'NONE', #1537, .T. ) ;
#2267 = DIRECTION ( 'NONE',  ( 1.000000000000000000, 6.877458004804157808E-10, 7.692787240489117050E-17 ) ) ;
#2268 = DIRECTION ( 'NONE',  ( 1.000000000000000000, 1.654361029918985120E-24, 2.408024537242689745E-25 ) ) ;
#2269 = LINE ( 'NONE', #990, #2415 ) ;
#2270 = AXIS2_PLACEMENT_3D ( 'NONE', #654, #2507, #1132 ) ;
#2271 = PRODUCT_DEFINITION ( 'UNKNOWN', '', #831, #1035 ) ;
#2272 = FACE_BOUND ( 'NONE', #466, .T. ) ;
#2273 = DIRECTION ( 'NONE',  ( 0.0000000000000000000, -2.656295322589483497E-15, -1.000000000000000000 ) ) ;
#2274 = ORIENTED_EDGE ( 'NONE', *, *, #2043, .F. ) ;
#2275 = CARTESIAN_POINT ( 'NONE',  ( 16.94999999999998508, 5.898059818321144121E-14, 22.30000000000001137 ) ) ;
#2276 = DIRECTION ( 'NONE',  ( 1.000000000000000000, 6.877458004804189861E-10, 3.846393723910830979E-17 ) ) ;
#2277 = ORIENTED_EDGE ( 'NONE', *, *, #2933, .F. ) ;
#2278 = EDGE_CURVE ( 'NONE', #2540, #435, #2521, .T. ) ;
#2279 = DIRECTION ( 'NONE',  ( 7.692787009076325537E-17, -2.664535259474969848E-15, -1.000000000000000000 ) ) ;
#2280 = EDGE_CURVE ( 'NONE', #579, #1557, #2624, .T. ) ;
#2281 = EDGE_LOOP ( 'NONE', ( #1784, #2425, #73, #992 ) ) ;
#2282 = AXIS2_PLACEMENT_3D ( 'NONE', #1766, #1540, #414 ) ;
#2283 = ORIENTED_EDGE ( 'NONE', *, *, #935, .F. ) ;
#2284 = PLANE ( 'NONE',  #2712 ) ;
#2285 = EDGE_LOOP ( 'NONE', ( #1475, #2345, #2397, #1849 ) ) ;
#2286 = ORIENTED_EDGE ( 'NONE', *, *, #804, .T. ) ;
#2287 = CYLINDRICAL_SURFACE ( 'NONE', #2164, 0.6499999999999980238 ) ;
#2288 = LINE ( 'NONE', #1641, #1601 ) ;
#2289 = CARTESIAN_POINT ( 'NONE',  ( 4.714045207910314339, -6.938893903907228378E-15, -1.666666666666670515 ) ) ;
#2290 = VECTOR ( 'NONE', #1034, 1000.000000000000000 ) ;
#2291 = CIRCLE ( 'NONE', #2282, 0.6500000000000030198 ) ;
#2292 = CARTESIAN_POINT ( 'NONE',  ( -19.19999999552967296, 5.724587470723463412E-14, 22.54999999999999716 ) ) ;
#2293 = CIRCLE ( 'NONE', #2956, 5.000000000000000000 ) ;
#2294 = ORIENTED_EDGE ( 'NONE', *, *, #2048, .T. ) ;
#2295 = AXIS2_PLACEMENT_3D ( 'NONE', #1154, #464, #1809 ) ;
#2296 = EDGE_CURVE ( 'NONE', #2826, #732, #1908, .T. ) ;
#2297 = DIRECTION ( 'NONE',  ( 7.692787009076325537E-17, -2.664535259474969848E-15, -1.000000000000000000 ) ) ;
#2298 = CIRCLE ( 'NONE', #109, 0.6500000011763020780 ) ;
#2299 = AXIS2_PLACEMENT_3D ( 'NONE', #1066, #2446, #1307 ) ;
#2300 = CARTESIAN_POINT ( 'NONE',  ( -19.19999999552958769, -6.071532165918824830E-14, -22.55000000000005755 ) ) ;
#2301 = DIRECTION ( 'NONE',  ( 0.0000000000000000000, 2.678617137657998832E-15, 1.000000000000000000 ) ) ;
#2302 = LINE ( 'NONE', #150, #2157 ) ;
#2303 = DIRECTION ( 'NONE',  ( 0.0000000000000000000, 2.678617137657998832E-15, 1.000000000000000000 ) ) ;
#2304 = ORIENTED_EDGE ( 'NONE', *, *, #1057, .F. ) ;
#2305 = CARTESIAN_POINT ( 'NONE',  ( 19.19999999999998863, -6.499999999999935163, 22.54999999999998295 ) ) ;
#2306 = VERTEX_POINT ( 'NONE', #2017 ) ;
#2307 = AXIS2_PLACEMENT_3D ( 'NONE', #2364, #2884, #593 ) ;
#2308 = CIRCLE ( 'NONE', #2052, 2.699999998211862096 ) ;
#2309 = EDGE_LOOP ( 'NONE', ( #1771, #1180, #948, #2001 ) ) ;
#2310 = CARTESIAN_POINT ( 'NONE',  ( -19.20000000309485699, -2.000000025515405788, -15.00000000000001421 ) ) ;
#2311 = CARTESIAN_POINT ( 'NONE',  ( -16.20000000000002416, -2.062577539319043751E-10, 25.24999999552964880 ) ) ;
#2312 = DIRECTION ( 'NONE',  ( 1.654361043747359972E-24, 1.000000000000000000, 2.664535259474971031E-15 ) ) ;
#2313 = VERTEX_POINT ( 'NONE', #1581 ) ;
#2314 = DIRECTION ( 'NONE',  ( -6.877457992358068473E-10, 1.000000000000000000, 2.668805342826901320E-15 ) ) ;
#2315 = ORIENTED_EDGE ( 'NONE', *, *, #2199, .T. ) ;
#2316 = ORIENTED_EDGE ( 'NONE', *, *, #32, .T. ) ;
#2317 = EDGE_CURVE ( 'NONE', #753, #290, #1155, .T. ) ;
#2318 = ORIENTED_EDGE ( 'NONE', *, *, #2278, .F. ) ;
#2319 = CARTESIAN_POINT ( 'NONE',  ( -16.20000000000000284, -1.299999999105995396, -25.54999999642373965 ) ) ;
#2320 = EDGE_LOOP ( 'NONE', ( #2634, #2775, #2856, #858 ) ) ;
#2321 = ORIENTED_EDGE ( 'NONE', *, *, #134, .T. ) ;
#2322 = CARTESIAN_POINT ( 'NONE',  ( -15.43541917671047514, -0.2999999999999947153, 1.499999999999987566 ) ) ;
#2323 = AXIS2_PLACEMENT_3D ( 'NONE', #738, #2055, #288 ) ;
#2324 = CARTESIAN_POINT ( 'NONE',  ( 0.5000000044703480917, -6.500000012860911447, -25.24999999821188368 ) ) ;
#2325 = FACE_OUTER_BOUND ( 'NONE', #2923, .T. ) ;
#2326 = ORIENTED_EDGE ( 'NONE', *, *, #623, .F. ) ;
#2327 = CYLINDRICAL_SURFACE ( 'NONE', #196, 0.6500000011763020780 ) ;
#2328 = VECTOR ( 'NONE', #1267, 1000.000000000000000 ) ;
#2329 = DIRECTION ( 'NONE',  ( -1.654361046724113907E-24, -1.000000000000000000, -6.877484650156773627E-10 ) ) ;
#2330 = VERTEX_POINT ( 'NONE', #1787 ) ;
#2331 = DIRECTION ( 'NONE',  ( -6.877458004804189861E-10, -1.000000000000000000, -2.664535259422064102E-15 ) ) ;
#2332 = DIRECTION ( 'NONE',  ( 1.000000000000000000, -6.877458004804155740E-10, -1.591720541635623076E-24 ) ) ;
#2333 = LINE ( 'NONE', #1403, #521 ) ;
#2334 = DIRECTION ( 'NONE',  ( 1.654361043747359972E-24, 1.000000000000000000, 2.664535259474971031E-15 ) ) ;
#2335 = DIRECTION ( 'NONE',  ( 1.000000000000000000, 6.877458004804189861E-10, 3.846393723910830979E-17 ) ) ;
#2336 = ADVANCED_FACE ( 'NONE', ( #24, #1089, #2016 ), #229, .T. ) ;
#2337 = EDGE_CURVE ( 'NONE', #395, #2845, #2379, .T. ) ;
#2338 = FACE_OUTER_BOUND ( 'NONE', #2895, .T. ) ;
#2339 = DIRECTION ( 'NONE',  ( 1.654361046724113907E-24, 1.000000000000000000, 6.877484650156773627E-10 ) ) ;
#2340 = CIRCLE ( 'NONE', #1995, 0.6500000011763020780 ) ;
#2341 = AXIS2_PLACEMENT_3D ( 'NONE', #825, #606, #1728 ) ;
#2342 = CARTESIAN_POINT ( 'NONE',  ( -19.19999999999999218, -6.500000000000060396, -22.55000000000005755 ) ) ;
#2343 = DIRECTION ( 'NONE',  ( 1.654361043747359972E-24, 1.000000000000000000, 2.664535259474971031E-15 ) ) ;
#2344 = DIRECTION ( 'NONE',  ( 1.654361043747359972E-24, 1.000000000000000000, 2.664535259474971031E-15 ) ) ;
#2345 = ORIENTED_EDGE ( 'NONE', *, *, #418, .F. ) ;
#2346 = CALENDAR_DATE ( 2020, 16, 11 ) ;
#2347 = DIRECTION ( 'NONE',  ( 6.877458004804157808E-10, -1.000000000000000000, -2.664535259474971031E-15 ) ) ;
#2348 = VERTEX_POINT ( 'NONE', #2237 ) ;
#2349 = CLOSED_SHELL ( 'NONE', ( #565, #2632, #2388, #2416, #1241, #1016, #741, #1402, #776, #518, #119, #101, #2110, #2336, #2371, #2767, #968, #1916, #1749, #2862, #986, #1065, #2597, #54, #835, #953, #87, #1642, #818, #2352, #1852, #1706, #2798, #1930, #161, #594, #2890, #1420, #500, #339, #729, #551, #278, #2813, #1213, #2403, #2833, #2136, #1438, #622, #293, #2154, #74, #1902, #2583, #2197, #1885, #1623, #1228, #2658, #2552, #1658, #796, #1736, #1693, #1001, #938, #1487, #2849, #1183, #1975, #1868, #1525, #2878, #2121, #1199, #1451, #306, #145, #318, #754, #1285, #1673, #762, #2093, #537, #370, #2451, #2566, #1469, #2648, #2610, #2784 ) ) ;
#2350 = CARTESIAN_POINT ( 'NONE',  ( -15.94999999999999574, -0.3000000000000623834, -23.30000000000001492 ) ) ;
#2351 = CARTESIAN_POINT ( 'NONE',  ( -19.20000000264782258, -2.650000026691632371, 14.99999999999999467 ) ) ;
#2352 = ADVANCED_FACE ( 'NONE', ( #1014 ), #1980, .F. ) ;
#2353 = ORIENTED_EDGE ( 'NONE', *, *, #381, .T. ) ;
#2354 = AXIS2_PLACEMENT_3D ( 'NONE', #1139, #925, #2958 ) ;
#2355 = EDGE_CURVE ( 'NONE', #2250, #1137, #1404, .T. ) ;
#2356 = DIRECTION ( 'NONE',  ( 0.0000000000000000000, -1.834803676513931643E-15, -1.000000000000000000 ) ) ;
#2357 = ORIENTED_EDGE ( 'NONE', *, *, #2143, .T. ) ;
#2358 = CARTESIAN_POINT ( 'NONE',  ( 19.19999999690513093, -1.999999999105893211, 15.00000000000000000 ) ) ;
#2359 = VERTEX_POINT ( 'NONE', #195 ) ;
#2360 = EDGE_CURVE ( 'NONE', #366, #2099, #349, .T. ) ;
#2361 = EDGE_LOOP ( 'NONE', ( #2357, #530, #979, #296, #1209, #2123, #922, #356, #2704, #2321, #827, #751, #2622, #921, #1059, #2315 ) ) ;
#2362 = LINE ( 'NONE', #1998, #2107 ) ;
#2363 = ORIENTED_EDGE ( 'NONE', *, *, #2854, .T. ) ;
#2364 = CARTESIAN_POINT ( 'NONE',  ( 16.20000000000000995, -1.300000000000065770, -24.24999999642371407 ) ) ;
#2365 = CARTESIAN_POINT ( 'NONE',  ( 15.43541917671046626, -0.2999999999999981570, 1.250000000000011546 ) ) ;
#2366 = CIRCLE ( 'NONE', #2723, 0.6499999999999980238 ) ;
#2367 = CIRCLE ( 'NONE', #1399, 0.6500000011763020780 ) ;
#2368 = AXIS2_PLACEMENT_3D ( 'NONE', #1979, #1552, #2221 ) ;
#2369 = CARTESIAN_POINT ( 'NONE',  ( -4.949747468305829123, -0.3000000000000007661, -1.750000000000001554 ) ) ;
#2370 = CARTESIAN_POINT ( 'NONE',  ( -15.94999999999999574, -6.245004513516505540E-14, -23.30000000000001492 ) ) ;
#2371 = ADVANCED_FACE ( 'NONE', ( #1553, #2083, #1484 ), #2486, .F. ) ;
#2372 = VERTEX_POINT ( 'NONE', #2504 ) ;
#2373 = DIRECTION ( 'NONE',  ( -6.877457992358068473E-10, 1.000000000000000000, 2.668805342826901320E-15 ) ) ;
#2374 = CARTESIAN_POINT ( 'NONE',  ( -19.20000000309485699, -2.000000025515330293, 14.99999999999999645 ) ) ;
#2375 = DIRECTION ( 'NONE',  ( 1.654361043747359972E-24, 1.000000000000000000, 2.664535259474971031E-15 ) ) ;
#2376 = VECTOR ( 'NONE', #2065, 1000.000000000000000 ) ;
#2377 = EDGE_CURVE ( 'NONE', #2138, #743, #1304, .T. ) ;
#2378 = CARTESIAN_POINT ( 'NONE',  ( 19.20000000000001350, -6.500000000000055955, -22.55000000000001492 ) ) ;
#2379 = LINE ( 'NONE', #454, #2559 ) ;
#2380 = CARTESIAN_POINT ( 'NONE',  ( 18.89999999690513377, -1.999999999312252363, -1.040834085586084257E-14 ) ) ;
#2381 = EDGE_CURVE ( 'NONE', #2025, #2306, #800, .T. ) ;
#2382 = EDGE_LOOP ( 'NONE', ( #571, #1322, #1457, #2821, #1857, #1758, #2803, #437, #951, #2739, #1211, #855, #706, #2615, #1814 ) ) ;
#2383 = VECTOR ( 'NONE', #1997, 1000.000000000000000 ) ;
#2384 = DIRECTION ( 'NONE',  ( 1.000000000000000000, 1.654361023047264081E-24, -2.067968919895900044E-17 ) ) ;
#2385 = VERTEX_POINT ( 'NONE', #1357 ) ;
#2386 = AXIS2_PLACEMENT_3D ( 'NONE', #802, #378, #2398 ) ;
#2387 = DIRECTION ( 'NONE',  ( 7.692787009076325537E-17, -2.664535259474969848E-15, -1.000000000000000000 ) ) ;
#2388 = ADVANCED_FACE ( 'NONE', ( #876 ), #763, .F. ) ;
#2389 = CARTESIAN_POINT ( 'NONE',  ( 0.0000000000000000000, -0.2999999999999999334, 0.0000000000000000000 ) ) ;
#2390 = PLANE ( 'NONE',  #380 ) ;
#2391 = CARTESIAN_POINT ( 'NONE',  ( 4.714045207910314339, -0.2999999999999999334, 1.666666666666660079 ) ) ;
#2392 = DIRECTION ( 'NONE',  ( 2.408024537242689745E-25, 2.667137344314340908E-15, 1.000000000000000000 ) ) ;
#2393 = CARTESIAN_POINT ( 'NONE',  ( -15.94999999999999574, -0.3000000000000588862, -22.30000000000001492 ) ) ;
#2394 = ORIENTED_EDGE ( 'NONE', *, *, #2516, .F. ) ;
#2395 = ORIENTED_EDGE ( 'NONE', *, *, #1091, .F. ) ;
#2397 = ORIENTED_EDGE ( 'NONE', *, *, #361, .F. ) ;
#2396 = DIRECTION ( 'NONE',  ( 0.0000000000000000000, 2.668805347656613859E-15, 1.000000000000000000 ) ) ;
#2398 = DIRECTION ( 'NONE',  ( 0.0000000000000000000, 2.569960706852838555E-15, 1.000000000000000000 ) ) ;
#2399 = ORIENTED_EDGE ( 'NONE', *, *, #1762, .F. ) ;
#2400 = ORIENTED_EDGE ( 'NONE', *, *, #586, .F. ) ;
#2401 = ORIENTED_EDGE ( 'NONE', *, *, #182, .T. ) ;
#2402 = EDGE_CURVE ( 'NONE', #2359, #1631, #61, .T. ) ;
#2403 = ADVANCED_FACE ( 'NONE', ( #524 ), #35, .T. ) ;
#2404 = CYLINDRICAL_SURFACE ( 'NONE', #1210, 0.6500000011763020780 ) ;
#2405 = ORIENTED_EDGE ( 'NONE', *, *, #1271, .F. ) ;
#2406 = LINE ( 'NONE', #1061, #1605 ) ;
#2407 = DIRECTION ( 'NONE',  ( -1.000000000000000000, -1.654361029918985120E-24, -2.408024537242689745E-25 ) ) ;
#2408 = CIRCLE ( 'NONE', #303, 1.299999999999999156 ) ;
#2409 = DIRECTION ( 'NONE',  ( -6.877457992358068473E-10, 1.000000000000000000, 2.664535259474971425E-15 ) ) ;
#2410 = ORIENTED_EDGE ( 'NONE', *, *, #1208, .F. ) ;
#2411 = AXIS2_PLACEMENT_3D ( 'NONE', #2758, #1389, #937 ) ;
#2412 = DIRECTION ( 'NONE',  ( -2.408024537242689745E-25, -6.877484650156773627E-10, -1.000000000000000000 ) ) ;
#2413 = LINE ( 'NONE', #431, #1799 ) ;
#2414 = DIRECTION ( 'NONE',  ( -1.000000000000000000, -6.877449998388149516E-10, -2.073323279716671667E-24 ) ) ;
#2415 = VECTOR ( 'NONE', #560, 1000.000000000000000 ) ;
#2416 = ADVANCED_FACE ( 'NONE', ( #2190 ), #347, .F. ) ;
#2417 = AXIS2_PLACEMENT_3D ( 'NONE', #2560, #1615, #269 ) ;
#2418 = EDGE_CURVE ( 'NONE', #675, #1078, #1731, .T. ) ;
#2419 = LINE ( 'NONE', #2041, #1556 ) ;
#2420 = PLANE ( 'NONE',  #2299 ) ;
#2421 = VERTEX_POINT ( 'NONE', #2074 ) ;
#2422 = PERSON_AND_ORGANIZATION ( #228, #2089 ) ;
#2423 = EDGE_CURVE ( 'NONE', #2551, #1170, #1695, .T. ) ;
#2424 = DIRECTION ( 'NONE',  ( 1.654361029753374864E-24, -1.000000000000000000, 6.877431359451575076E-10 ) ) ;
#2425 = ORIENTED_EDGE ( 'NONE', *, *, #826, .F. ) ;
#2426 = AXIS2_PLACEMENT_3D ( 'NONE', #2529, #260, #2754 ) ;
#2427 = CARTESIAN_POINT ( 'NONE',  ( 18.89999999690513732, -1.999999999312290555, -15.00000000000000000 ) ) ;
#2428 = APPLICATION_CONTEXT ( 'configuration controlled 3d designs of mechanical parts and assemblies' ) ;
#2429 = DIRECTION ( 'NONE',  ( 1.654361043747359972E-24, 1.000000000000000000, 2.664535259474971031E-15 ) ) ;
#2430 = VERTEX_POINT ( 'NONE', #1597 ) ;
#2431 = DIRECTION ( 'NONE',  ( -6.877457992358068473E-10, 1.000000000000000000, 2.668805342826901320E-15 ) ) ;
#2432 = PLANE ( 'NONE',  #820 ) ;
#2433 = ORIENTED_EDGE ( 'NONE', *, *, #222, .F. ) ;
#2434 = EDGE_CURVE ( 'NONE', #1104, #715, #2298, .T. ) ;
#2435 = DIRECTION ( 'NONE',  ( 0.0000000000000000000, 2.664535259474969453E-15, 1.000000000000000000 ) ) ;
#2436 = CARTESIAN_POINT ( 'NONE',  ( -16.95000000000000995, 3.469446951953614189E-15, 1.499999999999987566 ) ) ;
#2437 = VERTEX_POINT ( 'NONE', #47 ) ;
#2438 = CYLINDRICAL_SURFACE ( 'NONE', #1919, 5.000000000000000000 ) ;
#2439 = ORIENTED_EDGE ( 'NONE', *, *, #1583, .T. ) ;
#2440 = LINE ( 'NONE', #1657, #2258 ) ;
#2441 = SECURITY_CLASSIFICATION_LEVEL ( 'unclassified' ) ;
#2442 = EDGE_CURVE ( 'NONE', #1892, #1523, #1612, .T. ) ;
#2443 = CARTESIAN_POINT ( 'NONE',  ( -19.20000000309485699, -2.000000025515369373, -1.387778780781445676E-14 ) ) ;
#2444 = CIRCLE ( 'NONE', #460, 0.6500000011763020780 ) ;
#2445 = VECTOR ( 'NONE', #1836, 1000.000000000000000 ) ;
#2446 = DIRECTION ( 'NONE',  ( 1.000000000000000000, 1.654361516753915766E-24, 1.668003339877366767E-16 ) ) ;
#2447 = CARTESIAN_POINT ( 'NONE',  ( -18.89999999690514443, -2.000000025309009111, 14.99999999999999645 ) ) ;
#2448 = DIRECTION ( 'NONE',  ( 1.654361043747359972E-24, 1.000000000000000000, 2.664535259474971031E-15 ) ) ;
#2449 = AXIS2_PLACEMENT_3D ( 'NONE', #1462, #331, #2409 ) ;
#2450 = ORIENTED_EDGE ( 'NONE', *, *, #993, .F. ) ;
#2451 = ADVANCED_FACE ( 'NONE', ( #1580 ), #2284, .F. ) ;
#2452 = DIRECTION ( 'NONE',  ( 1.654361043747359972E-24, 1.000000000000000000, 2.664535259474971031E-15 ) ) ;
#2453 = FACE_OUTER_BOUND ( 'NONE', #1810, .T. ) ;
#2454 = CIRCLE ( 'NONE', #1952, 0.6500000011763020780 ) ;
#2455 = DIRECTION ( 'NONE',  ( 6.877449998388146414E-10, -1.000000000000000000, -2.664535259474970637E-15 ) ) ;
#2456 = ORIENTED_EDGE ( 'NONE', *, *, #1455, .T. ) ;
#2457 = VECTOR ( 'NONE', #345, 1000.000000000000000 ) ;
#2458 = DIRECTION ( 'NONE',  ( 2.408024537242689745E-25, 2.664535259474969848E-15, 1.000000000000000000 ) ) ;
#2459 = AXIS2_PLACEMENT_3D ( 'NONE', #2738, #2044, #705 ) ;
#2460 = EDGE_CURVE ( 'NONE', #2702, #1085, #1054, .T. ) ;
#2461 = VERTEX_POINT ( 'NONE', #1187 ) ;
#2462 = DIRECTION ( 'NONE',  ( -1.654361043747358869E-24, -1.000000000000000000, 2.664535259474969848E-15 ) ) ;
#2463 = CARTESIAN_POINT ( 'NONE',  ( -18.89999999552964738, -2.063843887456506820E-10, -22.55000000000001492 ) ) ;
#2464 = AXIS2_PLACEMENT_3D ( 'NONE', #2797, #2387, #1890 ) ;
#2466 = ORIENTED_EDGE ( 'NONE', *, *, #258, .T. ) ;
#2465 = CARTESIAN_POINT ( 'NONE',  ( -15.95000000000002238, -0.2999999999999374833, 23.29999999999999716 ) ) ;
#2467 = CC_DESIGN_DATE_AND_TIME_ASSIGNMENT ( #353, #1962, ( #2206 ) ) ;
#2468 = DIRECTION ( 'NONE',  ( 1.000000000000000000, 0.0000000000000000000, 0.0000000000000000000 ) ) ;
#2469 = APPROVAL_ROLE ( '' ) ;
#2470 = ORIENTED_EDGE ( 'NONE', *, *, #2106, .F. ) ;
#2471 = VERTEX_POINT ( 'NONE', #1153 ) ;
#2472 = CARTESIAN_POINT ( 'NONE',  ( -16.19999999999998863, -6.499999999999928946, 25.55000000000000071 ) ) ;
#2473 = ORIENTED_EDGE ( 'NONE', *, *, #1596, .T. ) ;
#2474 = ORIENTED_EDGE ( 'NONE', *, *, #2879, .F. ) ;
#2475 = FACE_BOUND ( 'NONE', #2108, .T. ) ;
#2476 = ORIENTED_EDGE ( 'NONE', *, *, #1953, .F. ) ;
#2477 = DIRECTION ( 'NONE',  ( -6.877457992358068473E-10, 1.000000000000000000, 2.664535259474971425E-15 ) ) ;
#2478 = MANIFOLD_SOLID_BREP ( 'Boss-Extrude1', #2349 ) ;
#2479 = LINE ( 'NONE', #1659, #1856 ) ;
#2480 = VERTEX_POINT ( 'NONE', #933 ) ;
#2481 = FACE_OUTER_BOUND ( 'NONE', #1383, .T. ) ;
#2482 = VECTOR ( 'NONE', #2412, 1000.000000000000000 ) ;
#2483 = EDGE_CURVE ( 'NONE', #42, #2178, #168, .T. ) ;
#2484 = VERTEX_POINT ( 'NONE', #234 ) ;
#2485 = DIRECTION ( 'NONE',  ( -6.877457992358068473E-10, 1.000000000000000000, 2.668805342826901320E-15 ) ) ;
#2486 = PLANE ( 'NONE',  #417 ) ;
#2487 = AXIS2_PLACEMENT_3D ( 'NONE', #2778, #1903, #1023 ) ;
#2488 = FACE_OUTER_BOUND ( 'NONE', #1679, .T. ) ;
#2489 = DIRECTION ( 'NONE',  ( -6.877457992358068473E-10, 1.000000000000000000, 2.668805342826901320E-15 ) ) ;
#2490 = DIRECTION ( 'NONE',  ( -1.794726541363380916E-14, 2.664535259474970242E-15, 1.000000000000000000 ) ) ;
#2491 = VECTOR ( 'NONE', #2771, 1000.000000000000000 ) ;
#2492 = DIRECTION ( 'NONE',  ( -1.601454222943260991E-24, -1.000000000000000000, 6.877431359451574042E-10 ) ) ;
#2493 = CARTESIAN_POINT ( 'NONE',  ( -16.19999999999998863, -1.299999999105863502, 25.54999999642370767 ) ) ;
#2494 = LINE ( 'NONE', #2028, #943 ) ;
#2495 = CARTESIAN_POINT ( 'NONE',  ( 16.19999999999998508, -1.299999999312187349, 25.24999999642372828 ) ) ;
#2496 = ORIENTED_EDGE ( 'NONE', *, *, #1936, .T. ) ;
#2497 = LOCAL_TIME ( 15, 19, 27.00000000000000000, #2524 ) ;
#2498 = VERTEX_POINT ( 'NONE', #243 ) ;
#2499 = EDGE_CURVE ( 'NONE', #1137, #1170, #972, .T. ) ;
#2500 = DIRECTION ( 'NONE',  ( 2.408024537242689745E-25, 2.664535259474969848E-15, 1.000000000000000000 ) ) ;
#2501 = DIRECTION ( 'NONE',  ( 0.0000000000000000000, 2.664535259474969059E-15, 1.000000000000000000 ) ) ;
#2502 = AXIS2_PLACEMENT_3D ( 'NONE', #1364, #2768, #2079 ) ;
#2503 = CARTESIAN_POINT ( 'NONE',  ( -16.19999999999999574, -0.3000000000000588862, -22.55000000000001492 ) ) ;
#2504 = CARTESIAN_POINT ( 'NONE',  ( 19.19999999735216534, -2.650000000282195067, 14.99999999999999645 ) ) ;
#2505 = EDGE_LOOP ( 'NONE', ( #379, #2846 ) ) ;
#2506 = CARTESIAN_POINT ( 'NONE',  ( -16.20000000000000995, -1.299999999999934097, 24.24999999642371051 ) ) ;
#2507 = DIRECTION ( 'NONE',  ( 1.654361043747359972E-24, 1.000000000000000000, 2.664535259474971031E-15 ) ) ;
#2508 = ORIENTED_EDGE ( 'NONE', *, *, #299, .T. ) ;
#2509 = CIRCLE ( 'NONE', #2426, 1.000000000000000888 ) ;
#2510 = EDGE_LOOP ( 'NONE', ( #39, #2822, #1384, #711 ) ) ;
#2511 = VECTOR ( 'NONE', #960, 1000.000000000000000 ) ;
#2512 = DIRECTION ( 'NONE',  ( 1.000000000000000000, 0.0000000000000000000, 0.0000000000000000000 ) ) ;
#2513 = CYLINDRICAL_SURFACE ( 'NONE', #264, 0.6500000011763020780 ) ;
#2514 = DIRECTION ( 'NONE',  ( 1.000000000000000000, 6.877449998388146414E-10, 2.073323279716671667E-24 ) ) ;
#2515 = EDGE_CURVE ( 'NONE', #1567, #400, #596, .T. ) ;
#2516 = EDGE_CURVE ( 'NONE', #1512, #2484, #2518, .T. ) ;
#2517 = DIRECTION ( 'NONE',  ( -6.877457992358068473E-10, 1.000000000000000000, 2.664535259474971425E-15 ) ) ;
#2518 = LINE ( 'NONE', #1162, #487 ) ;
#2519 = DIRECTION ( 'NONE',  ( 0.0000000000000000000, 2.602085213965213008E-15, 1.000000000000000000 ) ) ;
#2520 = AXIS2_PLACEMENT_3D ( 'NONE', #1428, #2571, #2794 ) ;
#2521 = LINE ( 'NONE', #2710, #940 ) ;
#2522 = CARTESIAN_POINT ( 'NONE',  ( 16.19999999999999218, -6.500000000000067502, -25.55000000000001847 ) ) ;
#2523 = ORIENTED_EDGE ( 'NONE', *, *, #884, .F. ) ;
#2524 = COORDINATED_UNIVERSAL_TIME_OFFSET ( 2, 0, .AHEAD. ) ;
#2525 = CARTESIAN_POINT ( 'NONE',  ( 16.39958348125051302, -0.3000000000000033751, -1.499999999999990896 ) ) ;
#2526 = DIRECTION ( 'NONE',  ( 1.654361043747359972E-24, 1.000000000000000000, 2.664535259474971031E-15 ) ) ;
#2527 = ORIENTED_EDGE ( 'NONE', *, *, #1286, .F. ) ;
#2528 = DIRECTION ( 'NONE',  ( -1.156482318696504370E-15, -2.674365361985666393E-15, -1.000000000000000000 ) ) ;
#2529 = CARTESIAN_POINT ( 'NONE',  ( -16.20000000000002416, -1.299999999999934097, 24.24999999642371051 ) ) ;
#2530 = EDGE_CURVE ( 'NONE', #2348, #363, #2269, .T. ) ;
#2531 = ORIENTED_EDGE ( 'NONE', *, *, #2402, .F. ) ;
#2532 = ORIENTED_EDGE ( 'NONE', *, *, #2677, .F. ) ;
#2533 = DIRECTION ( 'NONE',  ( 2.408024537242689745E-25, 2.664535259474969848E-15, 1.000000000000000000 ) ) ;
#2534 = DIRECTION ( 'NONE',  ( 0.0000000000000000000, 2.664535259474969453E-15, 1.000000000000000000 ) ) ;
#2535 = DIRECTION ( 'NONE',  ( 1.654361043747359972E-24, 1.000000000000000000, 2.664535259474971031E-15 ) ) ;
#2536 = AXIS2_PLACEMENT_3D ( 'NONE', #1102, #2279, #1559 ) ;
#2537 = EDGE_LOOP ( 'NONE', ( #6, #718, #2239, #180 ) ) ;
#2538 = ORIENTED_EDGE ( 'NONE', *, *, #14, .F. ) ;
#2539 = DIRECTION ( 'NONE',  ( 1.000000000000000000, 6.877458004804189861E-10, 3.846393723910830979E-17 ) ) ;
#2540 = VERTEX_POINT ( 'NONE', #1905 ) ;
#2541 = EDGE_LOOP ( 'NONE', ( #1131, #549, #2815, #1021 ) ) ;
#2542 = CYLINDRICAL_SURFACE ( 'NONE', #1650, 2.999999998211860142 ) ;
#2543 = EDGE_LOOP ( 'NONE', ( #2942, #854 ) ) ;
#2544 = DIRECTION ( 'NONE',  ( -1.654361043747359972E-24, -1.000000000000000000, -2.664535259474971031E-15 ) ) ;
#2545 = CIRCLE ( 'NONE', #2487, 0.2500000000000002220 ) ;
#2546 = ORIENTED_EDGE ( 'NONE', *, *, #472, .F. ) ;
#2547 = CIRCLE ( 'NONE', #365, 0.6500000011763020780 ) ;
#2548 = CARTESIAN_POINT ( 'NONE',  ( -16.20000000000000995, -1.299999999312187349, 25.24999999642371407 ) ) ;
#2549 = CARTESIAN_POINT ( 'NONE',  ( 16.20000000000000284, -6.499999999999930722, 25.54999999999998650 ) ) ;
#2550 = FACE_OUTER_BOUND ( 'NONE', #193, .T. ) ;
#2551 = VERTEX_POINT ( 'NONE', #752 ) ;
#2552 = ADVANCED_FACE ( 'NONE', ( #420 ), #458, .F. ) ;
#2553 = EDGE_CURVE ( 'NONE', #148, #2348, #1827, .T. ) ;
#2554 = FACE_OUTER_BOUND ( 'NONE', #2257, .T. ) ;
#2555 = EDGE_CURVE ( 'NONE', #1370, #753, #2907, .T. ) ;
#2556 = DIRECTION ( 'NONE',  ( 0.0000000000000000000, 2.674365361985666393E-15, 1.000000000000000000 ) ) ;
#2557 = DIRECTION ( 'NONE',  ( 1.654361043747359972E-24, 1.000000000000000000, 2.664535259474971031E-15 ) ) ;
#2558 = DIRECTION ( 'NONE',  ( -6.877458004804157808E-10, 1.000000000000000000, 2.664535259448517764E-15 ) ) ;
#2559 = VECTOR ( 'NONE', #2247, 1000.000000000000000 ) ;
#2560 = CARTESIAN_POINT ( 'NONE',  ( -16.19999999999998863, -6.500000000000056843, -22.55000000000001492 ) ) ;
#2561 = AXIS2_PLACEMENT_3D ( 'NONE', #1415, #509, #746 ) ;
#2562 = FACE_OUTER_BOUND ( 'NONE', #1701, .T. ) ;
#2563 = ORIENTED_EDGE ( 'NONE', *, *, #680, .F. ) ;
#2564 = CARTESIAN_POINT ( 'NONE',  ( -15.43541917671047514, -0.2999999999999947153, 1.249999999999987121 ) ) ;
#2565 = CARTESIAN_POINT ( 'NONE',  ( 16.19999999999998508, 5.898059818321144121E-14, 22.55000000000001137 ) ) ;
#2566 = ADVANCED_FACE ( 'NONE', ( #1801 ), #964, .F. ) ;
#2567 = CARTESIAN_POINT ( 'NONE',  ( -0.4999999955296527410, -6.500000013548657307, -25.24999999821188368 ) ) ;
#2568 = AXIS2_PLACEMENT_3D ( 'NONE', #2601, #1437, #2347 ) ;
#2569 = EDGE_CURVE ( 'NONE', #432, #1599, #1194, .T. ) ;
#2570 = CARTESIAN_POINT ( 'NONE',  ( 18.89999999645810291, -1.349999998135988477, -14.99999999999999822 ) ) ;
#2571 = DIRECTION ( 'NONE',  ( 1.654361043747359972E-24, 1.000000000000000000, 2.664535259474971031E-15 ) ) ;
#2572 = EDGE_LOOP ( 'NONE', ( #1921, #2781, #84, #36, #186, #2304, #2708, #1355 ) ) ;
#2573 = EDGE_CURVE ( 'NONE', #2461, #1557, #631, .T. ) ;
#2574 = EDGE_LOOP ( 'NONE', ( #1268, #651, #962, #2508 ) ) ;
#2575 = ORIENTED_EDGE ( 'NONE', *, *, #2086, .F. ) ;
#2576 = DIRECTION ( 'NONE',  ( -2.236036764063373352E-15, 2.664535259474970242E-15, 1.000000000000000000 ) ) ;
#2577 = AXIS2_PLACEMENT_3D ( 'NONE', #1352, #1578, #2273 ) ;
#2578 = APPROVAL ( #390, 'UNSPECIFIED' ) ;
#2579 = LINE ( 'NONE', #1530, #7 ) ;
#2580 = ORIENTED_EDGE ( 'NONE', *, *, #1587, .T. ) ;
#2581 = LINE ( 'NONE', #2196, #1217 ) ;
#2582 = DIRECTION ( 'NONE',  ( 2.408024537242689745E-25, 2.664535259474969848E-15, 1.000000000000000000 ) ) ;
#2583 = ADVANCED_FACE ( 'NONE', ( #2338 ), #99, .F. ) ;
#2584 = VECTOR ( 'NONE', #710, 1000.000000000000000 ) ;
#2585 = DIRECTION ( 'NONE',  ( 1.654361043747359972E-24, 1.000000000000000000, 2.664535259474971031E-15 ) ) ;
#2586 = DIRECTION ( 'NONE',  ( 0.0000000000000000000, 2.650271978941993174E-15, 1.000000000000000000 ) ) ;
#2587 = CARTESIAN_POINT ( 'NONE',  ( -4.949747468305829123, 6.938893903907228378E-15, 1.499999999999994449 ) ) ;
#2588 = DIRECTION ( 'NONE',  ( 1.654361043747359972E-24, 1.000000000000000000, 2.664535259474971031E-15 ) ) ;
#2589 = CARTESIAN_POINT ( 'NONE',  ( 16.20000000000000995, -1.300000000000058886, -22.54999999999999361 ) ) ;
#2590 = EDGE_CURVE ( 'NONE', #1666, #440, #2800, .T. ) ;
#2591 = VECTOR ( 'NONE', #635, 1000.000000000000000 ) ;
#2592 = DIRECTION ( 'NONE',  ( 1.654361043747359972E-24, 1.000000000000000000, 2.664535259474971031E-15 ) ) ;
#2593 = CARTESIAN_POINT ( 'NONE',  ( 0.0000000000000000000, 0.0000000000000000000, 0.0000000000000000000 ) ) ;
#2594 = LINE ( 'NONE', #162, #700 ) ;
#2595 = AXIS2_PLACEMENT_3D ( 'NONE', #245, #1831, #731 ) ;
#2596 = CARTESIAN_POINT ( 'NONE',  ( 17.89999999642371264, 5.898059818321144121E-14, 22.55000000000001137 ) ) ;
#2597 = ADVANCED_FACE ( 'NONE', ( #1123 ), #1301, .F. ) ;
#2598 = DIRECTION ( 'NONE',  ( 0.0000000000000000000, 2.664535259474969453E-15, 1.000000000000000000 ) ) ;
#2599 = VERTEX_POINT ( 'NONE', #983 ) ;
#2600 = CIRCLE ( 'NONE', #1798, 1.699999996423718462 ) ;
#2601 = CARTESIAN_POINT ( 'NONE',  ( 0.5000000048829902344, -7.100000012860776089, 25.54999999999996874 ) ) ;
#2602 = PLANE ( 'NONE',  #717 ) ;
#2603 = EDGE_LOOP ( 'NONE', ( #1101, #405, #241, #2405 ) ) ;
#2604 = DIRECTION ( 'NONE',  ( -1.654361043747359972E-24, -1.000000000000000000, -2.664535259474971031E-15 ) ) ;
#2605 = VERTEX_POINT ( 'NONE', #1453 ) ;
#2606 = ORIENTED_EDGE ( 'NONE', *, *, #2951, .F. ) ;
#2607 = EDGE_CURVE ( 'NONE', #1966, #767, #2877, .T. ) ;
#2608 = ORIENTED_EDGE ( 'NONE', *, *, #357, .F. ) ;
#2609 = ORIENTED_EDGE ( 'NONE', *, *, #846, .T. ) ;
#2610 = ADVANCED_FACE ( 'NONE', ( #2453 ), #2390, .F. ) ;
#2611 = VERTEX_POINT ( 'NONE', #1005 ) ;
#2612 = AXIS2_PLACEMENT_3D ( 'NONE', #1861, #1390, #33 ) ;
#2613 = EDGE_LOOP ( 'NONE', ( #1528, #1325, #1070, #839 ) ) ;
#2614 = LINE ( 'NONE', #707, #1429 ) ;
#2615 = ORIENTED_EDGE ( 'NONE', *, *, #971, .T. ) ;
#2616 = FACE_OUTER_BOUND ( 'NONE', #1620, .T. ) ;
#2617 = EDGE_LOOP ( 'NONE', ( #1616, #2233, #2248, #2294 ) ) ;
#2618 = VECTOR ( 'NONE', #1947, 1000.000000000000000 ) ;
#2619 = AXIS2_PLACEMENT_3D ( 'NONE', #1409, #919, #1182 ) ;
#2620 = FACE_OUTER_BOUND ( 'NONE', #1142, .T. ) ;
#2621 = PLANE ( 'NONE',  #958 ) ;
#2622 = ORIENTED_EDGE ( 'NONE', *, *, #993, .T. ) ;
#2623 = VECTOR ( 'NONE', #671, 1000.000000000000000 ) ;
#2624 = CIRCLE ( 'NONE', #2874, 1.000000000000000888 ) ;
#2625 = EDGE_CURVE ( 'NONE', #1140, #1564, #2725, .T. ) ;
#2626 = CIRCLE ( 'NONE', #1339, 0.6500000011763020780 ) ;
#2627 = DIRECTION ( 'NONE',  ( 1.000000000000000000, 1.654361029918985120E-24, 2.408024537242689745E-25 ) ) ;
#2628 = ORIENTED_EDGE ( 'NONE', *, *, #1940, .F. ) ;
#2629 = AXIS2_PLACEMENT_3D ( 'NONE', #2310, #1395, #2314 ) ;
#2630 = CARTESIAN_POINT ( 'NONE',  ( -16.19999999999998863, -6.500000000000056843, -22.55000000000001492 ) ) ;
#2631 = DIRECTION ( 'NONE',  ( -2.408024537242689745E-25, -2.664535259474969848E-15, -1.000000000000000000 ) ) ;
#2632 = ADVANCED_FACE ( 'NONE', ( #1653 ), #21, .F. ) ;
#2633 = DIRECTION ( 'NONE',  ( 1.654361043747359972E-24, 1.000000000000000000, 2.664535259474971031E-15 ) ) ;
#2634 = ORIENTED_EDGE ( 'NONE', *, *, #1667, .T. ) ;
#2635 = VERTEX_POINT ( 'NONE', #1315 ) ;
#2636 = ORIENTED_EDGE ( 'NONE', *, *, #1740, .F. ) ;
#2637 = ORIENTED_EDGE ( 'NONE', *, *, #2515, .F. ) ;
#2638 = LINE ( 'NONE', #1873, #2032 ) ;
#2639 = EDGE_CURVE ( 'NONE', #2194, #2669, #233, .T. ) ;
#2640 = DIRECTION ( 'NONE',  ( -8.792610053167254842E-39, -2.664535259474970637E-15, 1.000000000000000000 ) ) ;
#2641 = CIRCLE ( 'NONE', #2629, 0.6500000011763020780 ) ;
#2642 = EDGE_LOOP ( 'NONE', ( #2066, #2249, #473, #2925 ) ) ;
#2643 = CYLINDRICAL_SURFACE ( 'NONE', #1295, 1.000000000000000888 ) ;
#2644 = DIRECTION ( 'NONE',  ( 1.654361043747359972E-24, 1.000000000000000000, 2.664535259474971031E-15 ) ) ;
#2645 = EDGE_CURVE ( 'NONE', #2669, #148, #2650, .T. ) ;
#2646 = LINE ( 'NONE', #1119, #2038 ) ;
#2647 = PLANE ( 'NONE',  #426 ) ;
#2648 = ADVANCED_FACE ( 'NONE', ( #1763 ), #1783, .F. ) ;
#2649 = ORIENTED_EDGE ( 'NONE', *, *, #1496, .T. ) ;
#2650 = LINE ( 'NONE', #611, #2591 ) ;
#2651 = CARTESIAN_POINT ( 'NONE',  ( 16.19999999999999218, -1.299999999105995396, -25.54999999642371833 ) ) ;
#2652 = AXIS2_PLACEMENT_3D ( 'NONE', #2081, #26, #2057 ) ;
#2653 = EDGE_CURVE ( 'NONE', #1993, #1892, #2760, .T. ) ;
#2654 = VECTOR ( 'NONE', #2514, 1000.000000000000000 ) ;
#2655 = CARTESIAN_POINT ( 'NONE',  ( 17.89999999642371264, 5.898059818321144121E-14, 22.55000000000001137 ) ) ;
#2656 = ORIENTED_EDGE ( 'NONE', *, *, #2734, .F. ) ;
#2657 = COORDINATED_UNIVERSAL_TIME_OFFSET ( 2, 0, .AHEAD. ) ;
#2658 = ADVANCED_FACE ( 'NONE', ( #2117 ), #2232, .F. ) ;
#2659 = EDGE_CURVE ( 'NONE', #1085, #2905, #906, .T. ) ;
#2660 = CARTESIAN_POINT ( 'NONE',  ( 16.20000000000000995, -1.300000000000065770, -24.24999999642371407 ) ) ;
#2661 = ORIENTED_EDGE ( 'NONE', *, *, #866, .F. ) ;
#2662 = AXIS2_PLACEMENT_3D ( 'NONE', #183, #1792, #2929 ) ;
#2663 = DIRECTION ( 'NONE',  ( 1.654361043747359972E-24, 1.000000000000000000, 2.664535259474971031E-15 ) ) ;
#2664 =( NAMED_UNIT ( * ) SI_UNIT ( $, .STERADIAN. ) SOLID_ANGLE_UNIT ( ) );
#2665 = CARTESIAN_POINT ( 'NONE',  ( -15.43541917671047514, -0.3000000000000016542, -1.500000000000001332 ) ) ;
#2666 = ORIENTED_EDGE ( 'NONE', *, *, #2118, .F. ) ;
#2667 = DIRECTION ( 'NONE',  ( 1.000000000000000000, 1.654361029918985120E-24, 2.408024537242689745E-25 ) ) ;
#2668 = ORIENTED_EDGE ( 'NONE', *, *, #1536, .T. ) ;
#2669 = VERTEX_POINT ( 'NONE', #644 ) ;
#2670 = EDGE_CURVE ( 'NONE', #1353, #2732, #1550, .T. ) ;
#2671 = EDGE_LOOP ( 'NONE', ( #1577, #1838, #1626, #1664 ) ) ;
#2672 = CARTESIAN_POINT ( 'NONE',  ( -16.30000000000001137, -0.2999999999999964362, 1.499999999999987566 ) ) ;
#2673 = DIRECTION ( 'NONE',  ( -1.000000000000000000, -1.654361029918985120E-24, -2.408024537242689745E-25 ) ) ;
#2674 = ORIENTED_EDGE ( 'NONE', *, *, #954, .F. ) ;
#2675 = FACE_OUTER_BOUND ( 'NONE', #2782, .T. ) ;
#2676 = VECTOR ( 'NONE', #2312, 1000.000000000000000 ) ;
#2677 = EDGE_CURVE ( 'NONE', #2845, #1698, #307, .T. ) ;
#2678 = DIRECTION ( 'NONE',  ( -1.000000000000000000, -6.877449998388149516E-10, -2.073323279716671667E-24 ) ) ;
#2679 = VECTOR ( 'NONE', #1891, 1000.000000000000000 ) ;
#2680 = ORIENTED_EDGE ( 'NONE', *, *, #903, .F. ) ;
#2681 = CIRCLE ( 'NONE', #2941, 1.000000000000000888 ) ;
#2682 = FACE_OUTER_BOUND ( 'NONE', #2510, .T. ) ;
#2683 = ORIENTED_EDGE ( 'NONE', *, *, #2296, .T. ) ;
#2684 = DIRECTION ( 'NONE',  ( 1.654361043747359972E-24, 1.000000000000000000, 2.664535259474971031E-15 ) ) ;
#2685 = CARTESIAN_POINT ( 'NONE',  ( 19.19999999999998863, -6.499999999999935163, 22.54999999999998295 ) ) ;
#2686 = ORIENTED_EDGE ( 'NONE', *, *, #1955, .F. ) ;
#2687 = CARTESIAN_POINT ( 'NONE',  ( -0.4999999951170105983, -7.100000013548521949, 25.54999999999996874 ) ) ;
#2688 = DIRECTION ( 'NONE',  ( -2.408024537242601583E-25, 6.877484650156773627E-10, -1.000000000000000000 ) ) ;
#2689 = FACE_OUTER_BOUND ( 'NONE', #2642, .T. ) ;
#2690 = CARTESIAN_POINT ( 'NONE',  ( 19.19999999645809652, -1.349999997929628437, -8.676392934067813350E-15 ) ) ;
#2691 = VECTOR ( 'NONE', #678, 1000.000000000000000 ) ;
#2692 = CARTESIAN_POINT ( 'NONE',  ( 16.20000000000000995, -1.299999999105988513, -22.54999999999999361 ) ) ;
#2693 = VECTOR ( 'NONE', #1748, 1000.000000000000000 ) ;
#2694 = CARTESIAN_POINT ( 'NONE',  ( -19.19999999552964454, -6.071532165918824830E-14, -22.55000000000001492 ) ) ;
#2695 = EDGE_CURVE ( 'NONE', #2747, #1235, #936, .T. ) ;
#2696 = ORIENTED_EDGE ( 'NONE', *, *, #1917, .F. ) ;
#2697 = LINE ( 'NONE', #1258, #1411 ) ;
#2698 = CARTESIAN_POINT ( 'NONE',  ( -0.4999999951170105983, -7.100000013548656952, -25.24999999821188368 ) ) ;
#2699 = CARTESIAN_POINT ( 'NONE',  ( 16.94999999999998508, -0.2999999999999964362, 1.500000000000004885 ) ) ;
#2700 = EDGE_CURVE ( 'NONE', #1709, #440, #1229, .T. ) ;
#2701 = CARTESIAN_POINT ( 'NONE',  ( -4.714045207910314339, -0.2999999999999938272, 1.666666666666673846 ) ) ;
#2702 = VERTEX_POINT ( 'NONE', #2319 ) ;
#2703 = AXIS2_PLACEMENT_3D ( 'NONE', #1249, #2851, #2132 ) ;
#2704 = ORIENTED_EDGE ( 'NONE', *, *, #2483, .T. ) ;
#2705 = EDGE_LOOP ( 'NONE', ( #204, #1922, #1604, #956 ) ) ;
#2706 = CARTESIAN_POINT ( 'NONE',  ( -15.43541917671047514, 5.204170427930421283E-15, 1.499999999999987566 ) ) ;
#2707 = ORIENTED_EDGE ( 'NONE', *, *, #1097, .F. ) ;
#2708 = ORIENTED_EDGE ( 'NONE', *, *, #1376, .F. ) ;
#2709 = FACE_OUTER_BOUND ( 'NONE', #2285, .T. ) ;
#2710 = CARTESIAN_POINT ( 'NONE',  ( -15.43541917671047514, -0.2999999999999947153, 1.499999999999987566 ) ) ;
#2711 = CIRCLE ( 'NONE', #96, 1.000000000000000888 ) ;
#2712 = AXIS2_PLACEMENT_3D ( 'NONE', #276, #2091, #1865 ) ;
#2713 = ORIENTED_EDGE ( 'NONE', *, *, #988, .T. ) ;
#2714 = EDGE_CURVE ( 'NONE', #1713, #2095, #833, .T. ) ;
#2715 = CIRCLE ( 'NONE', #1444, 0.6500000011763020780 ) ;
#2716 = PLANE ( 'NONE',  #1344 ) ;
#2717 = DIRECTION ( 'NONE',  ( 1.000000000000000000, 1.654361029918985120E-24, 2.408024537242689745E-25 ) ) ;
#2718 = LINE ( 'NONE', #2472, #1473 ) ;
#2719 = EDGE_CURVE ( 'NONE', #1725, #1512, #562, .T. ) ;
#2720 = ORIENTED_EDGE ( 'NONE', *, *, #146, .F. ) ;
#2721 = DIRECTION ( 'NONE',  ( 1.654361043747359972E-24, 1.000000000000000000, 2.664535259474971031E-15 ) ) ;
#2722 = DIRECTION ( 'NONE',  ( 0.0000000000000000000, 2.656295324172758494E-15, 1.000000000000000000 ) ) ;
#2723 = AXIS2_PLACEMENT_3D ( 'NONE', #1507, #1488, #364 ) ;
#2724 = CARTESIAN_POINT ( 'NONE',  ( -4.949747468305829123, 6.938893903907228378E-15, 1.750000000000005107 ) ) ;
#2725 = LINE ( 'NONE', #2837, #2229 ) ;
#2726 = DIRECTION ( 'NONE',  ( 1.654361043747359972E-24, 1.000000000000000000, 2.664535259474971031E-15 ) ) ;
#2727 = LINE ( 'NONE', #139, #489 ) ;
#2728 = EDGE_CURVE ( 'NONE', #1572, #2852, #873, .T. ) ;
#2729 = DIRECTION ( 'NONE',  ( 1.000000000000000000, 0.0000000000000000000, 0.0000000000000000000 ) ) ;
#2730 = ORIENTED_EDGE ( 'NONE', *, *, #2838, .T. ) ;
#2731 = CARTESIAN_POINT ( 'NONE',  ( 16.20000000000000995, -6.500000000000058620, -22.55000000000001492 ) ) ;
#2732 = VERTEX_POINT ( 'NONE', #2342 ) ;
#2733 = CARTESIAN_POINT ( 'NONE',  ( 19.19999999642373467, -1.299999999105986737, -22.55000000000001492 ) ) ;
#2734 = EDGE_CURVE ( 'NONE', #1150, #2898, #735, .T. ) ;
#2735 = CARTESIAN_POINT ( 'NONE',  ( 17.89999999642372330, -1.300000000000058886, -22.54999999999999361 ) ) ;
#2736 = CC_DESIGN_PERSON_AND_ORGANIZATION_ASSIGNMENT ( #1273, #382, ( #831 ) ) ;
#2737 = EDGE_LOOP ( 'NONE', ( #2476, #658, #2931, #1397 ) ) ;
#2738 = CARTESIAN_POINT ( 'NONE',  ( -16.30000000000001137, -0.3000000000000033751, -1.500000000000001332 ) ) ;
#2739 = ORIENTED_EDGE ( 'NONE', *, *, #1097, .T. ) ;
#2740 = ORIENTED_EDGE ( 'NONE', *, *, #2555, .T. ) ;
#2741 = ORIENTED_EDGE ( 'NONE', *, *, #1846, .T. ) ;
#2742 = VECTOR ( 'NONE', #2046, 1000.000000000000000 ) ;
#2743 = VERTEX_POINT ( 'NONE', #1880 ) ;
#2744 = CARTESIAN_POINT ( 'NONE',  ( -19.20000000354189140, -1.350000024339067295, -1.214583988602142754E-14 ) ) ;
#2745 = DIRECTION ( 'NONE',  ( 1.000000000000000000, 6.877458004804189861E-10, 3.846393723910830979E-17 ) ) ;
#2746 = LINE ( 'NONE', #15, #1542 ) ;
#2747 = VERTEX_POINT ( 'NONE', #369 ) ;
#2748 = TOROIDAL_SURFACE ( 'NONE', #140, 1.699999996423722015, 1.000000000000000000 ) ;
#2749 = DIRECTION ( 'NONE',  ( 1.654361043747359972E-24, 1.000000000000000000, 2.664535259474971031E-15 ) ) ;
#2750 = AXIS2_PLACEMENT_3D ( 'NONE', #212, #647, #2015 ) ;
#2751 = EDGE_CURVE ( 'NONE', #2845, #546, #1729, .T. ) ;
#2752 = CIRCLE ( 'NONE', #2341, 2.699999998211862096 ) ;
#2753 = DIRECTION ( 'NONE',  ( -2.408024537242689745E-25, -2.664535259474969848E-15, -1.000000000000000000 ) ) ;
#2754 = DIRECTION ( 'NONE',  ( 0.0000000000000000000, 2.602085213965208275E-15, 1.000000000000000000 ) ) ;
#2755 = ORIENTED_EDGE ( 'NONE', *, *, #682, .T. ) ;
#2756 = AXIS2_PLACEMENT_3D ( 'NONE', #1826, #2056, #722 ) ;
#2757 = CARTESIAN_POINT ( 'NONE',  ( 4.949747468305829123, -0.3000000000000068723, -1.750000000000001554 ) ) ;
#2758 = CARTESIAN_POINT ( 'NONE',  ( -15.43541917671047514, -0.3000000000000016542, -1.250000000000011546 ) ) ;
#2759 = PLANE ( 'NONE',  #2612 ) ;
#2760 = LINE ( 'NONE', #167, #1978 ) ;
#2761 = AXIS2_PLACEMENT_3D ( 'NONE', #2564, #62, #1646 ) ;
#2762 = FACE_OUTER_BOUND ( 'NONE', #1895, .T. ) ;
#2763 = CARTESIAN_POINT ( 'NONE',  ( 16.19999999999998508, -2.062577539319043751E-10, 25.24999999552966301 ) ) ;
#2764 = LINE ( 'NONE', #809, #704 ) ;
#2765 = DIRECTION ( 'NONE',  ( -1.156482317317870344E-15, -2.602085213965208275E-15, -1.000000000000000000 ) ) ;
#2766 = PLANE ( 'NONE',  #2619 ) ;
#2767 = ADVANCED_FACE ( 'NONE', ( #2554 ), #57, .F. ) ;
#2768 = DIRECTION ( 'NONE',  ( 1.654361043747359972E-24, 1.000000000000000000, 2.664535259474971031E-15 ) ) ;
#2769 = VERTEX_POINT ( 'NONE', #1570 ) ;
#2770 = CYLINDRICAL_SURFACE ( 'NONE', #1935, 0.2499999999999997780 ) ;
#2771 = DIRECTION ( 'NONE',  ( 1.654361043747359972E-24, 1.000000000000000000, 2.664535259474971031E-15 ) ) ;
#2772 = PLANE ( 'NONE',  #667 ) ;
#2773 = CARTESIAN_POINT ( 'NONE',  ( -19.20000000354189140, -1.350000024339067295, -1.214583988602142754E-14 ) ) ;
#2774 = EDGE_CURVE ( 'NONE', #2852, #2099, #2013, .T. ) ;
#2775 = ORIENTED_EDGE ( 'NONE', *, *, #846, .F. ) ;
#2776 = VERTEX_POINT ( 'NONE', #1780 ) ;
#2777 = CARTESIAN_POINT ( 'NONE',  ( -0.4999999951170105983, -7.100000013548521949, 25.54999999999996874 ) ) ;
#2778 = CARTESIAN_POINT ( 'NONE',  ( 15.53500265796099278, -3.469446951953614189E-15, -1.249999999999987121 ) ) ;
#2779 = DIRECTION ( 'NONE',  ( -6.877458004804157808E-10, 1.000000000000000000, 2.664535259448517764E-15 ) ) ;
#2780 = EDGE_LOOP ( 'NONE', ( #2824, #2126, #1118, #1996 ) ) ;
#2781 = ORIENTED_EDGE ( 'NONE', *, *, #569, .F. ) ;
#2782 = EDGE_LOOP ( 'NONE', ( #1598, #1585, #1813, #2730 ) ) ;
#2783 = LINE ( 'NONE', #2391, #2104 ) ;
#2784 = ADVANCED_FACE ( 'NONE', ( #2266 ), #210, .T. ) ;
#2785 = CARTESIAN_POINT ( 'NONE',  ( -18.89999999735218239, -2.650000026485387572, -15.00000000000001421 ) ) ;
#2786 = LINE ( 'NONE', #2773, #1358 ) ;
#2787 = ORIENTED_EDGE ( 'NONE', *, *, #2893, .F. ) ;
#2788 = CYLINDRICAL_SURFACE ( 'NONE', #1627, 2.699999998211862096 ) ;
#2789 = CARTESIAN_POINT ( 'NONE',  ( -18.89999999642374107, -1.299999999312196008, 22.54999999999999716 ) ) ;
#2790 = LINE ( 'NONE', #1099, #1608 ) ;
#2791 = EDGE_LOOP ( 'NONE', ( #2649, #190, #1049, #246 ) ) ;
#2792 = DIRECTION ( 'NONE',  ( -1.000000000000000000, -1.654360831793050628E-24, 7.692787009076316909E-17 ) ) ;
#2793 = EDGE_CURVE ( 'NONE', #402, #2769, #2413, .T. ) ;
#2794 = DIRECTION ( 'NONE',  ( -8.832469204583060205E-39, -2.664535259474971820E-15, 1.000000000000000000 ) ) ;
#2795 = CIRCLE ( 'NONE', #1739, 1.699999996423722015 ) ;
#2796 = EDGE_CURVE ( 'NONE', #2099, #1631, #137, .T. ) ;
#2797 = CARTESIAN_POINT ( 'NONE',  ( 17.89999999642371264, -1.299999999999940981, 22.55000000000001137 ) ) ;
#2798 = ADVANCED_FACE ( 'NONE', ( #2689 ), #244, .F. ) ;
#2799 = DIRECTION ( 'NONE',  ( 0.0000000000000000000, 2.670349796964277589E-15, 1.000000000000000000 ) ) ;
#2800 = LINE ( 'NONE', #305, #386 ) ;
#2801 = DIRECTION ( 'NONE',  ( -1.000000000000000000, -1.654361029918985120E-24, -2.408024537242689745E-25 ) ) ;
#2802 = LINE ( 'NONE', #2350, #2085 ) ;
#2803 = ORIENTED_EDGE ( 'NONE', *, *, #1329, .T. ) ;
#2804 = EDGE_LOOP ( 'NONE', ( #2068, #247, #2168, #237 ) ) ;
#2805 = APPROVAL_DATE_TIME ( #1060, #575 ) ;
#2806 = DIRECTION ( 'NONE',  ( -2.040851152501332593E-15, -2.664535259474972214E-15, -1.000000000000000000 ) ) ;
#2807 = ORIENTED_EDGE ( 'NONE', *, *, #1846, .F. ) ;
#2808 = CARTESIAN_POINT ( 'NONE',  ( 4.949747468305829123, -0.2999999999999999334, 1.500000000000004885 ) ) ;
#2809 = CARTESIAN_POINT ( 'NONE',  ( -18.89999999690514443, -2.000000025309047302, -1.387778780781445676E-14 ) ) ;
#2810 = AXIS2_PLACEMENT_3D ( 'NONE', #1366, #1110, #1812 ) ;
#2811 = EDGE_CURVE ( 'NONE', #2430, #2932, #1867, .T. ) ;
#2812 = CARTESIAN_POINT ( 'NONE',  ( -16.19999999999998863, -6.499999999999928946, 25.55000000000000071 ) ) ;
#2813 = ADVANCED_FACE ( 'NONE', ( #1400 ), #2949, .T. ) ;
#2814 = DIRECTION ( 'NONE',  ( 2.408024537242689745E-25, 2.664535259474969848E-15, 1.000000000000000000 ) ) ;
#2815 = ORIENTED_EDGE ( 'NONE', *, *, #2026, .F. ) ;
#2816 = EDGE_CURVE ( 'NONE', #2025, #2238, #1191, .T. ) ;
#2817 = ORIENTED_EDGE ( 'NONE', *, *, #2700, .F. ) ;
#2818 = DIRECTION ( 'NONE',  ( -1.000000000000000000, 6.877458004804155740E-10, 1.591720541635623076E-24 ) ) ;
#2819 = DIRECTION ( 'NONE',  ( 1.654361043747359972E-24, 1.000000000000000000, 2.664535259474971031E-15 ) ) ;
#2820 = AXIS2_PLACEMENT_3D ( 'NONE', #1881, #2604, #2832 ) ;
#2821 = ORIENTED_EDGE ( 'NONE', *, *, #599, .T. ) ;
#2822 = ORIENTED_EDGE ( 'NONE', *, *, #1130, .F. ) ;
#2823 = CIRCLE ( 'NONE', #2577, 1.000000000000000888 ) ;
#2824 = ORIENTED_EDGE ( 'NONE', *, *, #2460, .T. ) ;
#2825 = DIRECTION ( 'NONE',  ( 0.0000000000000000000, 2.602085213965213008E-15, 1.000000000000000000 ) ) ;
#2826 = VERTEX_POINT ( 'NONE', #456 ) ;
#2827 = CARTESIAN_POINT ( 'NONE',  ( 18.89999999642371620, -1.299999999312192456, 22.55000000000001137 ) ) ;
#2828 = CIRCLE ( 'NONE', #151, 1.000000000000000888 ) ;
#2829 = ORIENTED_EDGE ( 'NONE', *, *, #396, .F. ) ;
#2830 = CIRCLE ( 'NONE', #284, 1.699999996423722015 ) ;
#2831 = VECTOR ( 'NONE', #570, 1000.000000000000000 ) ;
#2832 = DIRECTION ( 'NONE',  ( 2.408024537242689745E-25, 2.667137344314340908E-15, 1.000000000000000000 ) ) ;
#2833 = ADVANCED_FACE ( 'NONE', ( #2488 ), #2716, .T. ) ;
#2834 = CARTESIAN_POINT ( 'NONE',  ( -0.4999999951170105983, -7.100000013548656952, -25.55000000000001847 ) ) ;
#2835 = ORIENTED_EDGE ( 'NONE', *, *, #1536, .F. ) ;
#2836 = EDGE_CURVE ( 'NONE', #2551, #1966, #1651, .T. ) ;
#2837 = CARTESIAN_POINT ( 'NONE',  ( 16.94999999999998508, -3.469446951953614189E-15, -1.845747965847528649 ) ) ;
#2838 = EDGE_CURVE ( 'NONE', #480, #566, #1942, .T. ) ;
#2839 = VECTOR ( 'NONE', #100, 1000.000000000000000 ) ;
#2840 = DIRECTION ( 'NONE',  ( 0.0000000000000000000, 2.668805347656613859E-15, 1.000000000000000000 ) ) ;
#2841 = DIRECTION ( 'NONE',  ( -1.000000000000000000, 6.877458004804155740E-10, 1.591720541635623076E-24 ) ) ;
#2842 = CYLINDRICAL_SURFACE ( 'NONE', #685, 0.6500000011763020780 ) ;
#2843 = AXIS2_PLACEMENT_3D ( 'NONE', #2630, #1234, #2873 ) ;
#2844 = CARTESIAN_POINT ( 'NONE',  ( 16.20000000000000995, -0.3000000000000588862, -22.54999999999999361 ) ) ;
#2845 = VERTEX_POINT ( 'NONE', #1380 ) ;
#2846 = ORIENTED_EDGE ( 'NONE', *, *, #808, .F. ) ;
#2847 = LINE ( 'NONE', #2045, #1018 ) ;
#2848 = VERTEX_POINT ( 'NONE', #29 ) ;
#2849 = ADVANCED_FACE ( 'NONE', ( #206 ), #666, .T. ) ;
#2850 = DIRECTION ( 'NONE',  ( 1.654361043747359972E-24, 1.000000000000000000, 2.664535259474971031E-15 ) ) ;
#2851 = DIRECTION ( 'NONE',  ( 1.654361043747359972E-24, 1.000000000000000000, 2.664535259474971031E-15 ) ) ;
#2852 = VERTEX_POINT ( 'NONE', #1644 ) ;
#2853 = ORIENTED_EDGE ( 'NONE', *, *, #258, .F. ) ;
#2854 = EDGE_CURVE ( 'NONE', #443, #352, #2333, .T. ) ;
#2855 = ORIENTED_EDGE ( 'NONE', *, *, #822, .F. ) ;
#2856 = ORIENTED_EDGE ( 'NONE', *, *, #1149, .F. ) ;
#2857 = CARTESIAN_POINT ( 'NONE',  ( 19.19999999690513448, -1.999999999105970483, -15.00000000000000000 ) ) ;
#2858 = ORIENTED_EDGE ( 'NONE', *, *, #442, .F. ) ;
#2859 = EDGE_CURVE ( 'NONE', #1244, #1878, #2945, .T. ) ;
#2860 = ORIENTED_EDGE ( 'NONE', *, *, #1164, .F. ) ;
#2861 = ORIENTED_EDGE ( 'NONE', *, *, #1515, .F. ) ;
#2862 = ADVANCED_FACE ( 'NONE', ( #1051 ), #1220, .F. ) ;
#2863 = DIRECTION ( 'NONE',  ( 0.0000000000000000000, 2.668805347656634370E-15, 1.000000000000000000 ) ) ;
#2864 = VECTOR ( 'NONE', #31, 1000.000000000000000 ) ;
#2865 = ORIENTED_EDGE ( 'NONE', *, *, #2163, .F. ) ;
#2866 = LINE ( 'NONE', #1901, #617 ) ;
#2867 = AXIS2_PLACEMENT_3D ( 'NONE', #343, #778, #113 ) ;
#2868 = FACE_BOUND ( 'NONE', #1175, .T. ) ;
#2869 = CARTESIAN_POINT ( 'NONE',  ( 16.20000000000000995, -0.3000000000000588862, -22.54999999999999361 ) ) ;
#2870 = VERTEX_POINT ( 'NONE', #1126 ) ;
#2871 = DIRECTION ( 'NONE',  ( -1.000000000000000000, 6.877458004804155740E-10, 1.591720541635623076E-24 ) ) ;
#2872 = DIRECTION ( 'NONE',  ( 0.0000000000000000000, 2.602085213965208275E-15, 1.000000000000000000 ) ) ;
#2873 = DIRECTION ( 'NONE',  ( 0.0000000000000000000, 2.569960706852841710E-15, 1.000000000000000000 ) ) ;
#2874 = AXIS2_PLACEMENT_3D ( 'NONE', #425, #446, #2729 ) ;
#2875 = LINE ( 'NONE', #525, #2080 ) ;
#2876 = EDGE_CURVE ( 'NONE', #506, #1165, #2795, .T. ) ;
#2877 = LINE ( 'NONE', #2378, #697 ) ;
#2878 = ADVANCED_FACE ( 'NONE', ( #1264 ), #1480, .T. ) ;
#2879 = EDGE_CURVE ( 'NONE', #924, #1564, #2875, .T. ) ;
#2880 = CIRCLE ( 'NONE', #2561, 0.2500000000000002220 ) ;
#2881 = CARTESIAN_POINT ( 'NONE',  ( -0.4999999951170105983, -7.100000013548656952, -25.24999999821188368 ) ) ;
#2882 = ORIENTED_EDGE ( 'NONE', *, *, #2063, .F. ) ;
#2883 = AXIS2_PLACEMENT_3D ( 'NONE', #1299, #2462, #618 ) ;
#2884 = DIRECTION ( 'NONE',  ( -1.000000000000000000, -1.654361329458155479E-24, -1.224646801555378484E-16 ) ) ;
#2885 = DIRECTION ( 'NONE',  ( 1.000000000000000000, 0.0000000000000000000, 0.0000000000000000000 ) ) ;
#2886 = ORIENTED_EDGE ( 'NONE', *, *, #1306, .T. ) ;
#2887 = CARTESIAN_POINT ( 'NONE',  ( -16.19999999999998863, -6.499999999999928946, 25.54999999999998650 ) ) ;
#2888 = DIRECTION ( 'NONE',  ( -8.832469204583053680E-39, -2.664535259474970637E-15, 1.000000000000000000 ) ) ;
#2889 = ORIENTED_EDGE ( 'NONE', *, *, #2553, .F. ) ;
#2890 = ADVANCED_FACE ( 'NONE', ( #280 ), #2770, .F. ) ;
#2891 = ORIENTED_EDGE ( 'NONE', *, *, #2607, .T. ) ;
#2892 = ORIENTED_EDGE ( 'NONE', *, *, #2714, .F. ) ;
#2893 = EDGE_CURVE ( 'NONE', #753, #1416, #1129, .T. ) ;
#2894 = DIRECTION ( 'NONE',  ( -1.000000000000000000, -1.654361029918985120E-24, -2.408024537242689745E-25 ) ) ;
#2895 = EDGE_LOOP ( 'NONE', ( #2395, #2211, #1832, #1750 ) ) ;
#2896 = EDGE_LOOP ( 'NONE', ( #2532, #1029, #996, #2470 ) ) ;
#2897 = CYLINDRICAL_SURFACE ( 'NONE', #1768, 0.2499999999999973910 ) ;
#2898 = VERTEX_POINT ( 'NONE', #1433 ) ;
#2899 = DIRECTION ( 'NONE',  ( -6.877457992358068473E-10, -1.000000000000000000, -2.668805342826901320E-15 ) ) ;
#2900 = AXIS2_PLACEMENT_3D ( 'NONE', #1027, #1722, #2171 ) ;
#2901 = LINE ( 'NONE', #1931, #2290 ) ;
#2902 = CYLINDRICAL_SURFACE ( 'NONE', #1590, 1.299999999999999156 ) ;
#2903 = CARTESIAN_POINT ( 'NONE',  ( -16.20000000000002416, -1.299999999999934097, 24.24999999642371051 ) ) ;
#2904 = VECTOR ( 'NONE', #2721, 1000.000000000000000 ) ;
#2905 = VERTEX_POINT ( 'NONE', #1160 ) ;
#2906 = CARTESIAN_POINT ( 'NONE',  ( -16.19999999999998863, -6.499999999999928946, 25.55000000000000071 ) ) ;
#2907 = LINE ( 'NONE', #541, #2839 ) ;
#2908 = CARTESIAN_POINT ( 'NONE',  ( 4.949747468305829123, -0.2999999999999999334, 1.500000000000004885 ) ) ;
#2909 = AXIS2_PLACEMENT_3D ( 'NONE', #668, #2033, #2268 ) ;
#2910 = EDGE_CURVE ( 'NONE', #579, #604, #2600, .T. ) ;
#2911 = VECTOR ( 'NONE', #640, 1000.000000000000000 ) ;
#2912 = DATE_TIME_ROLE ( 'creation_date' ) ;
#2913 = ORIENTED_EDGE ( 'NONE', *, *, #822, .T. ) ;
#2914 = FACE_OUTER_BOUND ( 'NONE', #1159, .T. ) ;
#2915 = AXIS2_PLACEMENT_3D ( 'NONE', #693, #2535, #2301 ) ;
#2916 = CARTESIAN_POINT ( 'NONE',  ( 4.882982906906363496E-09, -7.100000013204716964, -2.775557561562891351E-14 ) ) ;
#2917 = CARTESIAN_POINT ( 'NONE',  ( 19.19999999645809652, -1.349999997929591133, 15.00000000000000178 ) ) ;
#2918 = ORIENTED_EDGE ( 'NONE', *, *, #1970, .F. ) ;
#2919 = ORIENTED_EDGE ( 'NONE', *, *, #1362, .T. ) ;
#2920 = AXIS2_PLACEMENT_3D ( 'NONE', #1460, #2343, #1233 ) ;
#2921 = CARTESIAN_POINT ( 'NONE',  ( -15.94999999999999574, -0.3000000000000623834, -23.30000000000001492 ) ) ;
#2922 = PLANE ( 'NONE',  #1231 ) ;
#2923 = EDGE_LOOP ( 'NONE', ( #262, #1467, #626, #616 ) ) ;
#2924 = DIRECTION ( 'NONE',  ( 1.000000000000000000, 1.654361029918985120E-24, 2.408024537242689745E-25 ) ) ;
#2925 = ORIENTED_EDGE ( 'NONE', *, *, #2224, .T. ) ;
#2926 = ORIENTED_EDGE ( 'NONE', *, *, #2796, .T. ) ;
#2927 = EDGE_CURVE ( 'NONE', #1557, #2471, #883, .T. ) ;
#2928 = ORIENTED_EDGE ( 'NONE', *, *, #1647, .T. ) ;
#2929 = DIRECTION ( 'NONE',  ( 1.000000000000000000, 0.0000000000000000000, 0.0000000000000000000 ) ) ;
#2930 = CARTESIAN_POINT ( 'NONE',  ( 16.19999999999998508, -1.299999999999940981, 22.55000000000001137 ) ) ;
#2931 = ORIENTED_EDGE ( 'NONE', *, *, #1286, .T. ) ;
#2932 = VERTEX_POINT ( 'NONE', #2180 ) ;
#2933 = EDGE_CURVE ( 'NONE', #2238, #480, #1448, .T. ) ;
#2934 = CIRCLE ( 'NONE', #2502, 0.9999999999999974465 ) ;
#2935 = VERTEX_POINT ( 'NONE', #2324 ) ;
#2936 = FACE_OUTER_BOUND ( 'NONE', #118, .T. ) ;
#2937 = CARTESIAN_POINT ( 'NONE',  ( 15.43541917671046626, 1.734723475976807094E-15, 1.250000000000011546 ) ) ;
#2938 = DIRECTION ( 'NONE',  ( 1.654361043747359972E-24, 1.000000000000000000, 2.664535259474971031E-15 ) ) ;
#2939 = CYLINDRICAL_SURFACE ( 'NONE', #1575, 2.999999998211860142 ) ;
#2940 = DIRECTION ( 'NONE',  ( -2.408024537242689745E-25, -2.664535259474969848E-15, -1.000000000000000000 ) ) ;
#2941 = AXIS2_PLACEMENT_3D ( 'NONE', #1691, #1427, #104 ) ;
#2942 = ORIENTED_EDGE ( 'NONE', *, *, #1373, .F. ) ;
#2943 = DIRECTION ( 'NONE',  ( -1.000000000000000000, 0.0000000000000000000, 0.0000000000000000000 ) ) ;
#2944 = DIRECTION ( 'NONE',  ( 0.0000000000000000000, 2.656295322589483497E-15, 1.000000000000000000 ) ) ;
#2945 = CIRCLE ( 'NONE', #2750, 0.6500000011763020780 ) ;
#2946 = CARTESIAN_POINT ( 'NONE',  ( -15.43541917671047514, 5.204170427930421283E-15, 1.249999999999987121 ) ) ;
#2947 = VECTOR ( 'NONE', #482, 1000.000000000000000 ) ;
#2948 = CARTESIAN_POINT ( 'NONE',  ( -16.19999999999998863, -2.063895929160786125E-10, -25.24999999552966656 ) ) ;
#2949 = PLANE ( 'NONE',  #2354 ) ;
#2950 = CYLINDRICAL_SURFACE ( 'NONE', #2368, 2.699999998211858543 ) ;
#2951 = EDGE_CURVE ( 'NONE', #2605, #363, #2697, .T. ) ;
#2952 = ORIENTED_EDGE ( 'NONE', *, *, #1874, .F. ) ;
#2953 = LOCAL_TIME ( 15, 19, 27.00000000000000000, #1309 ) ;
#2954 = CARTESIAN_POINT ( 'NONE',  ( 16.19999999999999218, -1.299999999105995396, -25.54999999642371833 ) ) ;
#2955 = ORIENTED_EDGE ( 'NONE', *, *, #2607, .F. ) ;
#2956 = AXIS2_PLACEMENT_3D ( 'NONE', #2169, #1938, #805 ) ;
#2957 = PRODUCT ( 'MS511-20F', 'MS511-20F', '', ( #1533 ) ) ;
#2958 = DIRECTION ( 'NONE',  ( -2.408024537242689745E-25, -2.664535259474969848E-15, -1.000000000000000000 ) ) ;
ENDSEC;
END-ISO-10303-21;
