ISO-10303-21;
HEADER;
FILE_DESCRIPTION((''),'2;1');
FILE_NAME('C-5-87579-9','2008-03-07T',('workeradm'),(
'Tyco Electronics Corporation'),
'PRO/ENGINEER BY PARAMETRIC TECHNOLOGY CORPORATION, 2005450',
'PRO/ENGINEER BY PARAMETRIC TECHNOLOGY CORPORATION, 2005450','');
FILE_SCHEMA(('CONFIG_CONTROL_DESIGN', 'GEOMETRIC_VALIDATION_PROPERTIES_MIM'));
ENDSEC;
DATA;
#1=DRAUGHTING_PRE_DEFINED_COLOUR('black');
#2=COLOUR_RGB('',0.E0,0.E0,3.6E-1);
#3=COLOUR_RGB('',0.E0,0.E0,4.8E-1);
#4=DRAUGHTING_PRE_DEFINED_COLOUR('blue');
#5=COLOUR_RGB('',0.E0,3.6E-1,9.E-2);
#6=COLOUR_RGB('',0.E0,3.6E-1,2.7E-1);
#7=COLOUR_RGB('',0.E0,5.6E-1,6.4E-1);
#8=COLOUR_RGB('',0.E0,5.8E-1,8.E-1);
#9=COLOUR_RGB('',0.E0,7.1E-1,6.6E-1);
#10=COLOUR_RGB('',0.E0,7.13E-1,0.E0);
#11=COLOUR_RGB('',0.E0,9.5E-1,8.4E-1);
#12=DRAUGHTING_PRE_DEFINED_COLOUR('green');
#13=DRAUGHTING_PRE_DEFINED_COLOUR('cyan');
#14=COLOUR_RGB('',4.E-2,0.E0,1.6E-1);
#15=COLOUR_RGB('',9.E-2,0.E0,1.2E-1);
#16=COLOUR_RGB('',1.E-1,0.E0,2.5E-1);
#17=COLOUR_RGB('',1.6E-1,3.2E-2,0.E0);
#18=COLOUR_RGB('',1.6E-1,4.6E-1,6.5E-1);
#19=COLOUR_RGB('',1.6E-1,1.E0,1.6E-1);
#20=COLOUR_RGB('',2.E-1,3.2E-2,0.E0);
#21=COLOUR_RGB('',3.1E-1,3.1E-1,5.6E-1);
#22=COLOUR_RGB('',3.2E-1,1.5E-1,0.E0);
#23=COLOUR_RGB('',4.E-1,4.E-1,4.E-1);
#24=COLOUR_RGB('',4.2E-1,4.2E-1,1.E0);
#25=COLOUR_RGB('',4.4E-1,8.5E-1,1.E0);
#26=COLOUR_RGB('',4.9E-1,4.9E-1,0.E0);
#27=COLOUR_RGB('',4.9E-1,1.E0,0.E0);
#28=COLOUR_RGB('',5.E-1,0.E0,0.E0);
#29=COLOUR_RGB('',5.E-1,0.E0,2.3E-1);
#30=COLOUR_RGB('',5.E-1,5.E-1,5.E-1);
#31=COLOUR_RGB('',5.3E-1,0.E0,0.E0);
#32=COLOUR_RGB('',5.4E-1,0.E0,4.4E-1);
#33=COLOUR_RGB('',5.5E-1,3.E-1,0.E0);
#34=COLOUR_RGB('',5.6E-1,1.E-1,5.E-2);
#35=COLOUR_RGB('',5.8E-1,2.2E-1,1.E-2);
#36=COLOUR_RGB('',6.E-1,6.E-1,6.E-1);
#37=COLOUR_RGB('',6.2E-1,0.E0,5.5E-1);
#38=COLOUR_RGB('',6.4E-1,0.E0,2.5E-1);
#39=COLOUR_RGB('',6.4E-1,1.E-2,0.E0);
#40=COLOUR_RGB('',6.8E-1,7.5E-1,1.E0);
#41=COLOUR_RGB('',7.1E-1,3.1E-1,0.E0);
#42=COLOUR_RGB('',7.2E-1,7.2E-1,7.2E-1);
#43=COLOUR_RGB('',7.4E-1,1.E0,2.6E-1);
#44=COLOUR_RGB('',7.5E-1,3.E-2,0.E0);
#45=COLOUR_RGB('',7.6E-1,0.E0,4.7E-1);
#46=COLOUR_RGB('',8.1E-1,4.E-2,0.E0);
#47=COLOUR_RGB('',8.1E-1,6.1E-1,0.E0);
#48=COLOUR_RGB('',8.2E-1,4.E-2,6.6E-1);
#49=COLOUR_RGB('',8.5E-1,8.5E-1,8.5E-1);
#50=COLOUR_RGB('',8.784E-1,9.49E-1,1.E0);
#51=COLOUR_RGB('',9.E-1,1.E0,0.E0);
#52=COLOUR_RGB('',9.37E-1,7.85E-1,0.E0);
#53=COLOUR_RGB('',9.5E-1,2.2E-1,8.1E-1);
#54=COLOUR_RGB('',9.6E-1,3.7E-1,3.E-1);
#55=COLOUR_RGB('',9.6E-1,7.1E-1,3.75E-1);
#56=DRAUGHTING_PRE_DEFINED_COLOUR('red');
#57=COLOUR_RGB('',1.E0,0.E0,6.1E-1);
#58=COLOUR_RGB('',1.E0,4.E-2,0.E0);
#59=COLOUR_RGB('',1.E0,2.3E-1,0.E0);
#60=COLOUR_RGB('',1.E0,3.5E-1,5.2E-1);
#61=COLOUR_RGB('',1.E0,3.6E-1,0.E0);
#62=COLOUR_RGB('',1.E0,4.9E-1,3.7E-1);
#63=COLOUR_RGB('',1.E0,5.E-1,0.E0);
#64=COLOUR_RGB('',1.E0,5.6E-1,7.8E-1);
#65=COLOUR_RGB('',1.E0,6.4E-1,4.9E-1);
#66=COLOUR_RGB('',1.E0,6.7E-1,0.E0);
#67=COLOUR_RGB('',1.E0,7.6E-1,6.5E-1);
#68=COLOUR_RGB('',1.E0,8.6E-1,4.E-2);
#69=COLOUR_RGB('',1.E0,9.8E-1,7.2E-1);
#70=DRAUGHTING_PRE_DEFINED_COLOUR('yellow');
#71=DRAUGHTING_PRE_DEFINED_COLOUR('white');
#72=DIRECTION('',(1.E0,0.E0,0.E0));
#73=VECTOR('',#72,3.81E-1);
#74=CARTESIAN_POINT('',(-1.66624E1,2.794E0,0.E0));
#75=LINE('',#74,#73);
#76=DIRECTION('',(0.E0,-1.E0,0.E0));
#77=VECTOR('',#76,2.286E0);
#78=CARTESIAN_POINT('',(-1.66624E1,5.08E0,0.E0));
#79=LINE('',#78,#77);
#80=DIRECTION('',(-1.E0,0.E0,0.E0));
#81=VECTOR('',#80,3.33248E1);
#82=CARTESIAN_POINT('',(1.66624E1,5.08E0,0.E0));
#83=LINE('',#82,#81);
#84=DIRECTION('',(0.E0,1.E0,0.E0));
#85=VECTOR('',#84,2.286E0);
#86=CARTESIAN_POINT('',(1.66624E1,2.794E0,0.E0));
#87=LINE('',#86,#85);
#88=DIRECTION('',(1.E0,0.E0,0.E0));
#89=VECTOR('',#88,3.81E-1);
#90=CARTESIAN_POINT('',(1.62814E1,2.794E0,0.E0));
#91=LINE('',#90,#89);
#92=DIRECTION('',(0.E0,-1.E0,0.E0));
#93=VECTOR('',#92,8.89E-1);
#94=CARTESIAN_POINT('',(1.62814E1,3.683E0,0.E0));
#95=LINE('',#94,#93);
#96=DIRECTION('',(1.E0,0.E0,0.E0));
#97=VECTOR('',#96,2.9718E0);
#98=CARTESIAN_POINT('',(1.33096E1,3.683E0,0.E0));
#99=LINE('',#98,#97);
#100=DIRECTION('',(0.E0,1.E0,0.E0));
#101=VECTOR('',#100,3.81E-1);
#102=CARTESIAN_POINT('',(1.33096E1,3.683E0,0.E0));
#103=LINE('',#102,#101);
#104=DIRECTION('',(-1.E0,0.E0,0.E0));
#105=VECTOR('',#104,2.66192E1);
#106=CARTESIAN_POINT('',(1.33096E1,4.064E0,0.E0));
#107=LINE('',#106,#105);
#108=DIRECTION('',(0.E0,-1.E0,0.E0));
#109=VECTOR('',#108,3.81E-1);
#110=CARTESIAN_POINT('',(-1.33096E1,4.064E0,0.E0));
#111=LINE('',#110,#109);
#112=DIRECTION('',(1.E0,0.E0,0.E0));
#113=VECTOR('',#112,2.9718E0);
#114=CARTESIAN_POINT('',(-1.62814E1,3.683E0,0.E0));
#115=LINE('',#114,#113);
#116=DIRECTION('',(0.E0,1.E0,0.E0));
#117=VECTOR('',#116,8.89E-1);
#118=CARTESIAN_POINT('',(-1.62814E1,2.794E0,0.E0));
#119=LINE('',#118,#117);
#120=DIRECTION('',(1.E0,0.E0,0.E0));
#121=VECTOR('',#120,1.3589E1);
#122=CARTESIAN_POINT('',(3.81E-1,-5.08E0,0.E0));
#123=LINE('',#122,#121);
#124=DIRECTION('',(7.682212795974E-1,6.401843996645E-1,0.E0));
#125=VECTOR('',#124,4.959508544201E-1);
#126=CARTESIAN_POINT('',(0.E0,-5.3975E0,0.E0));
#127=LINE('',#126,#125);
#128=DIRECTION('',(7.682212795974E-1,-6.401843996645E-1,0.E0));
#129=VECTOR('',#128,4.959508544201E-1);
#130=CARTESIAN_POINT('',(-3.81E-1,-5.08E0,0.E0));
#131=LINE('',#130,#129);
#132=DIRECTION('',(1.E0,0.E0,0.E0));
#133=VECTOR('',#132,1.3589E1);
#134=CARTESIAN_POINT('',(-1.397E1,-5.08E0,0.E0));
#135=LINE('',#134,#133);
#136=DIRECTION('',(7.682212795974E-1,6.401843996645E-1,0.E0));
#137=VECTOR('',#136,4.959508544201E-1);
#138=CARTESIAN_POINT('',(-1.4351E1,-5.3975E0,0.E0));
#139=LINE('',#138,#137);
#140=DIRECTION('',(7.682212795974E-1,-6.401843996645E-1,0.E0));
#141=VECTOR('',#140,4.959508544201E-1);
#142=CARTESIAN_POINT('',(-1.4732E1,-5.08E0,0.E0));
#143=LINE('',#142,#141);
#144=DIRECTION('',(1.E0,0.E0,0.E0));
#145=VECTOR('',#144,1.9304E0);
#146=CARTESIAN_POINT('',(-1.66624E1,-5.08E0,0.E0));
#147=LINE('',#146,#145);
#148=DIRECTION('',(0.E0,-1.E0,0.E0));
#149=VECTOR('',#148,6.2865E0);
#150=CARTESIAN_POINT('',(-1.66624E1,1.2065E0,0.E0));
#151=LINE('',#150,#149);
#152=DIRECTION('',(1.E0,0.E0,0.E0));
#153=VECTOR('',#152,3.81E-1);
#154=CARTESIAN_POINT('',(-1.66624E1,1.2065E0,0.E0));
#155=LINE('',#154,#153);
#156=DIRECTION('',(0.E0,1.E0,0.E0));
#157=VECTOR('',#156,5.9055E0);
#158=CARTESIAN_POINT('',(-1.62814E1,-4.699E0,0.E0));
#159=LINE('',#158,#157);
#160=DIRECTION('',(-1.E0,0.E0,0.E0));
#161=VECTOR('',#160,3.25628E1);
#162=CARTESIAN_POINT('',(1.62814E1,-4.699E0,0.E0));
#163=LINE('',#162,#161);
#164=DIRECTION('',(0.E0,-1.E0,0.E0));
#165=VECTOR('',#164,5.9055E0);
#166=CARTESIAN_POINT('',(1.62814E1,1.2065E0,0.E0));
#167=LINE('',#166,#165);
#168=DIRECTION('',(1.E0,0.E0,0.E0));
#169=VECTOR('',#168,3.81E-1);
#170=CARTESIAN_POINT('',(1.62814E1,1.2065E0,0.E0));
#171=LINE('',#170,#169);
#172=DIRECTION('',(0.E0,1.E0,0.E0));
#173=VECTOR('',#172,6.2865E0);
#174=CARTESIAN_POINT('',(1.66624E1,-5.08E0,0.E0));
#175=LINE('',#174,#173);
#176=DIRECTION('',(1.E0,0.E0,0.E0));
#177=VECTOR('',#176,1.9304E0);
#178=CARTESIAN_POINT('',(1.4732E1,-5.08E0,0.E0));
#179=LINE('',#178,#177);
#180=DIRECTION('',(7.682212795974E-1,6.401843996645E-1,0.E0));
#181=VECTOR('',#180,4.959508544201E-1);
#182=CARTESIAN_POINT('',(1.4351E1,-5.3975E0,0.E0));
#183=LINE('',#182,#181);
#184=DIRECTION('',(7.682212795974E-1,-6.401843996645E-1,0.E0));
#185=VECTOR('',#184,4.959508544201E-1);
#186=CARTESIAN_POINT('',(1.397E1,-5.08E0,0.E0));
#187=LINE('',#186,#185);
#188=DIRECTION('',(-1.E0,0.E0,0.E0));
#189=VECTOR('',#188,1.016E0);
#190=CARTESIAN_POINT('',(-1.56464E1,2.794E0,-1.651E0));
#191=LINE('',#190,#189);
#192=DIRECTION('',(-1.E0,0.E0,0.E0));
#193=VECTOR('',#192,1.016E0);
#194=CARTESIAN_POINT('',(1.66624E1,2.794E0,-1.651E0));
#195=LINE('',#194,#193);
#196=DIRECTION('',(7.071067811865E-1,0.E0,-7.071067811865E-1));
#197=VECTOR('',#196,8.980256121069E-1);
#198=CARTESIAN_POINT('',(-1.62814E1,1.2065E0,0.E0));
#199=LINE('',#198,#197);
#200=DIRECTION('',(7.071067811865E-1,0.E0,-7.071067811865E-1));
#201=VECTOR('',#200,8.980256121069E-1);
#202=CARTESIAN_POINT('',(-1.62814E1,2.794E0,0.E0));
#203=LINE('',#202,#201);
#204=DIRECTION('',(-5.773502691896E-1,5.773502691896E-1,5.773502691896E-1));
#205=VECTOR('',#204,1.099852262806E0);
#206=CARTESIAN_POINT('',(-1.56464E1,3.048E0,-6.35E-1));
#207=LINE('',#206,#205);
#208=DIRECTION('',(0.E0,0.E0,-1.E0));
#209=VECTOR('',#208,1.651E0);
#210=CARTESIAN_POINT('',(-1.66624E1,1.2065E0,0.E0));
#211=LINE('',#210,#209);
#212=DIRECTION('',(0.E0,0.E0,-1.E0));
#213=VECTOR('',#212,1.24206E1);
#214=CARTESIAN_POINT('',(-1.66624E1,5.08E0,0.E0));
#215=LINE('',#214,#213);
#216=DIRECTION('',(0.E0,0.E0,-1.E0));
#217=VECTOR('',#216,1.651E0);
#218=CARTESIAN_POINT('',(-1.66624E1,2.794E0,0.E0));
#219=LINE('',#218,#217);
#220=DIRECTION('',(0.E0,1.E0,0.E0));
#221=VECTOR('',#220,1.5875E0);
#222=CARTESIAN_POINT('',(-1.66624E1,1.2065E0,-1.651E0));
#223=LINE('',#222,#221);
#224=CARTESIAN_POINT('',(9.271E0,-5.08E0,-2.2352E0));
#225=DIRECTION('',(0.E0,-1.E0,0.E0));
#226=DIRECTION('',(0.E0,0.E0,1.E0));
#227=AXIS2_PLACEMENT_3D('',#224,#225,#226);
#229=DIRECTION('',(0.E0,0.E0,-1.E0));
#230=VECTOR('',#229,1.27E0);
#231=CARTESIAN_POINT('',(8.89E0,-5.08E0,-2.2352E0));
#232=LINE('',#231,#230);
#233=CARTESIAN_POINT('',(9.271E0,-5.08E0,-3.5052E0));
#234=DIRECTION('',(0.E0,-1.E0,0.E0));
#235=DIRECTION('',(-1.E0,0.E0,0.E0));
#236=AXIS2_PLACEMENT_3D('',#233,#234,#235);
#238=DIRECTION('',(1.E0,0.E0,0.E0));
#239=VECTOR('',#238,4.699E0);
#240=CARTESIAN_POINT('',(9.271E0,-5.08E0,-3.8862E0));
#241=LINE('',#240,#239);
#242=DIRECTION('',(0.E0,0.E0,-1.E0));
#243=VECTOR('',#242,5.0038E0);
#244=CARTESIAN_POINT('',(1.397E1,-5.08E0,-3.8862E0));
#245=LINE('',#244,#243);
#246=DIRECTION('',(1.E0,0.E0,0.E0));
#247=VECTOR('',#246,7.62E-1);
#248=CARTESIAN_POINT('',(1.397E1,-5.08E0,-8.89E0));
#249=LINE('',#248,#247);
#250=DIRECTION('',(0.E0,0.E0,-1.E0));
#251=VECTOR('',#250,5.025589755157E0);
#252=CARTESIAN_POINT('',(1.4732E1,-5.08E0,-3.864410244843E0));
#253=LINE('',#252,#251);
#254=CARTESIAN_POINT('',(1.4605E1,-5.08E0,-3.5052E0));
#255=DIRECTION('',(0.E0,-1.E0,0.E0));
#256=DIRECTION('',(3.333333333333E-1,0.E0,-9.428090415821E-1));
#257=AXIS2_PLACEMENT_3D('',#254,#255,#256);
#259=DIRECTION('',(0.E0,0.E0,1.E0));
#260=VECTOR('',#259,1.27E0);
#261=CARTESIAN_POINT('',(1.4986E1,-5.08E0,-3.5052E0));
#262=LINE('',#261,#260);
#263=CARTESIAN_POINT('',(1.4605E1,-5.08E0,-2.2352E0));
#264=DIRECTION('',(0.E0,-1.E0,0.E0));
#265=DIRECTION('',(1.E0,0.E0,0.E0));
#266=AXIS2_PLACEMENT_3D('',#263,#264,#265);
#268=DIRECTION('',(0.E0,0.E0,-1.E0));
#269=VECTOR('',#268,1.875989755157E0);
#270=CARTESIAN_POINT('',(1.4732E1,-5.08E0,0.E0));
#271=LINE('',#270,#269);
#272=DIRECTION('',(0.E0,0.E0,-1.E0));
#273=VECTOR('',#272,1.24206E1);
#274=CARTESIAN_POINT('',(-1.66624E1,-5.08E0,0.E0));
#275=LINE('',#274,#273);
#276=DIRECTION('',(0.E0,0.E0,-1.E0));
#277=VECTOR('',#276,8.89E0);
#278=CARTESIAN_POINT('',(-1.4732E1,-5.08E0,0.E0));
#279=LINE('',#278,#277);
#280=DIRECTION('',(1.E0,0.E0,0.E0));
#281=VECTOR('',#280,7.62E-1);
#282=CARTESIAN_POINT('',(-1.4732E1,-5.08E0,-8.89E0));
#283=LINE('',#282,#281);
#284=DIRECTION('',(0.E0,0.E0,-1.E0));
#285=VECTOR('',#284,5.384799980871E0);
#286=CARTESIAN_POINT('',(-1.397E1,-5.08E0,-3.505200019129E0));
#287=LINE('',#286,#285);
#288=CARTESIAN_POINT('',(-1.3589E1,-5.08E0,-3.5052E0));
#289=DIRECTION('',(0.E0,-1.E0,0.E0));
#290=DIRECTION('',(-1.E0,0.E0,-1.338871107886E-7));
#291=AXIS2_PLACEMENT_3D('',#288,#289,#290);
#293=DIRECTION('',(1.E0,0.E0,0.E0));
#294=VECTOR('',#293,5.334E0);
#295=CARTESIAN_POINT('',(-1.3589E1,-5.08E0,-3.8862E0));
#296=LINE('',#295,#294);
#297=CARTESIAN_POINT('',(-8.255E0,-5.08E0,-3.5052E0));
#298=DIRECTION('',(0.E0,-1.E0,0.E0));
#299=DIRECTION('',(0.E0,0.E0,-1.E0));
#300=AXIS2_PLACEMENT_3D('',#297,#298,#299);
#302=DIRECTION('',(0.E0,0.E0,1.E0));
#303=VECTOR('',#302,1.27E0);
#304=CARTESIAN_POINT('',(-7.874E0,-5.08E0,-3.5052E0));
#305=LINE('',#304,#303);
#306=CARTESIAN_POINT('',(-8.255E0,-5.08E0,-2.2352E0));
#307=DIRECTION('',(0.E0,-1.E0,0.E0));
#308=DIRECTION('',(1.E0,0.E0,0.E0));
#309=AXIS2_PLACEMENT_3D('',#306,#307,#308);
#311=DIRECTION('',(-1.E0,0.E0,0.E0));
#312=VECTOR('',#311,5.334E0);
#313=CARTESIAN_POINT('',(-8.255E0,-5.08E0,-1.8542E0));
#314=LINE('',#313,#312);
#315=CARTESIAN_POINT('',(-1.3589E1,-5.08E0,-2.2352E0));
#316=DIRECTION('',(0.E0,-1.E0,0.E0));
#317=DIRECTION('',(0.E0,0.E0,1.E0));
#318=AXIS2_PLACEMENT_3D('',#315,#316,#317);
#320=DIRECTION('',(0.E0,0.E0,-1.E0));
#321=VECTOR('',#320,2.235199981011E0);
#322=CARTESIAN_POINT('',(-1.397E1,-5.08E0,0.E0));
#323=LINE('',#322,#321);
#324=DIRECTION('',(0.E0,0.E0,-1.E0));
#325=VECTOR('',#324,8.89E0);
#326=CARTESIAN_POINT('',(-3.81E-1,-5.08E0,0.E0));
#327=LINE('',#326,#325);
#328=DIRECTION('',(1.E0,0.E0,0.E0));
#329=VECTOR('',#328,7.62E-1);
#330=CARTESIAN_POINT('',(-3.81E-1,-5.08E0,-8.89E0));
#331=LINE('',#330,#329);
#332=DIRECTION('',(0.E0,0.E0,-1.E0));
#333=VECTOR('',#332,8.89E0);
#334=CARTESIAN_POINT('',(3.81E-1,-5.08E0,0.E0));
#335=LINE('',#334,#333);
#336=DIRECTION('',(0.E0,0.E0,-1.E0));
#337=VECTOR('',#336,1.8542E0);
#338=CARTESIAN_POINT('',(1.397E1,-5.08E0,0.E0));
#339=LINE('',#338,#337);
#340=DIRECTION('',(-1.E0,0.E0,0.E0));
#341=VECTOR('',#340,4.699E0);
#342=CARTESIAN_POINT('',(1.397E1,-5.08E0,-1.8542E0));
#343=LINE('',#342,#341);
#344=DIRECTION('',(1.E0,0.E0,0.E0));
#345=VECTOR('',#344,6.35E-1);
#346=CARTESIAN_POINT('',(-1.42875E1,-5.08E0,-1.25603E1));
#347=LINE('',#346,#345);
#348=DIRECTION('',(0.E0,0.E0,-1.E0));
#349=VECTOR('',#348,6.35E-1);
#350=CARTESIAN_POINT('',(-1.42875E1,-5.08E0,-1.25603E1));
#351=LINE('',#350,#349);
#352=DIRECTION('',(1.E0,0.E0,0.E0));
#353=VECTOR('',#352,6.35E-1);
#354=CARTESIAN_POINT('',(-1.42875E1,-5.08E0,-1.31953E1));
#355=LINE('',#354,#353);
#356=DIRECTION('',(0.E0,0.E0,-1.E0));
#357=VECTOR('',#356,6.35E-1);
#358=CARTESIAN_POINT('',(-1.36525E1,-5.08E0,-1.25603E1));
#359=LINE('',#358,#357);
#360=DIRECTION('',(0.E0,0.E0,-1.E0));
#361=VECTOR('',#360,6.35E-1);
#362=CARTESIAN_POINT('',(-1.42875E1,-5.08E0,-1.51003E1));
#363=LINE('',#362,#361);
#364=DIRECTION('',(1.E0,0.E0,0.E0));
#365=VECTOR('',#364,6.35E-1);
#366=CARTESIAN_POINT('',(-1.42875E1,-5.08E0,-1.57353E1));
#367=LINE('',#366,#365);
#368=DIRECTION('',(0.E0,0.E0,-1.E0));
#369=VECTOR('',#368,6.35E-1);
#370=CARTESIAN_POINT('',(-1.36525E1,-5.08E0,-1.51003E1));
#371=LINE('',#370,#369);
#372=DIRECTION('',(1.E0,0.E0,0.E0));
#373=VECTOR('',#372,6.35E-1);
#374=CARTESIAN_POINT('',(-1.42875E1,-5.08E0,-1.51003E1));
#375=LINE('',#374,#373);
#376=DIRECTION('',(0.E0,0.E0,-1.E0));
#377=VECTOR('',#376,6.35E-1);
#378=CARTESIAN_POINT('',(-1.17475E1,-5.08E0,-1.25603E1));
#379=LINE('',#378,#377);
#380=DIRECTION('',(1.E0,0.E0,0.E0));
#381=VECTOR('',#380,6.35E-1);
#382=CARTESIAN_POINT('',(-1.17475E1,-5.08E0,-1.31953E1));
#383=LINE('',#382,#381);
#384=DIRECTION('',(0.E0,0.E0,-1.E0));
#385=VECTOR('',#384,6.35E-1);
#386=CARTESIAN_POINT('',(-1.11125E1,-5.08E0,-1.25603E1));
#387=LINE('',#386,#385);
#388=DIRECTION('',(1.E0,0.E0,0.E0));
#389=VECTOR('',#388,6.35E-1);
#390=CARTESIAN_POINT('',(-1.17475E1,-5.08E0,-1.25603E1));
#391=LINE('',#390,#389);
#392=DIRECTION('',(0.E0,0.E0,-1.E0));
#393=VECTOR('',#392,6.35E-1);
#394=CARTESIAN_POINT('',(-1.17475E1,-5.08E0,-1.51003E1));
#395=LINE('',#394,#393);
#396=DIRECTION('',(1.E0,0.E0,0.E0));
#397=VECTOR('',#396,6.35E-1);
#398=CARTESIAN_POINT('',(-1.17475E1,-5.08E0,-1.57353E1));
#399=LINE('',#398,#397);
#400=DIRECTION('',(0.E0,0.E0,-1.E0));
#401=VECTOR('',#400,6.35E-1);
#402=CARTESIAN_POINT('',(-1.11125E1,-5.08E0,-1.51003E1));
#403=LINE('',#402,#401);
#404=DIRECTION('',(1.E0,0.E0,0.E0));
#405=VECTOR('',#404,6.35E-1);
#406=CARTESIAN_POINT('',(-1.17475E1,-5.08E0,-1.51003E1));
#407=LINE('',#406,#405);
#408=DIRECTION('',(0.E0,0.E0,-1.E0));
#409=VECTOR('',#408,6.35E-1);
#410=CARTESIAN_POINT('',(-9.2075E0,-5.08E0,-1.25603E1));
#411=LINE('',#410,#409);
#412=DIRECTION('',(1.E0,0.E0,0.E0));
#413=VECTOR('',#412,6.35E-1);
#414=CARTESIAN_POINT('',(-9.2075E0,-5.08E0,-1.31953E1));
#415=LINE('',#414,#413);
#416=DIRECTION('',(0.E0,0.E0,-1.E0));
#417=VECTOR('',#416,6.35E-1);
#418=CARTESIAN_POINT('',(-8.5725E0,-5.08E0,-1.25603E1));
#419=LINE('',#418,#417);
#420=DIRECTION('',(1.E0,0.E0,0.E0));
#421=VECTOR('',#420,6.35E-1);
#422=CARTESIAN_POINT('',(-9.2075E0,-5.08E0,-1.25603E1));
#423=LINE('',#422,#421);
#424=DIRECTION('',(0.E0,0.E0,-1.E0));
#425=VECTOR('',#424,6.35E-1);
#426=CARTESIAN_POINT('',(-9.2075E0,-5.08E0,-1.51003E1));
#427=LINE('',#426,#425);
#428=DIRECTION('',(1.E0,0.E0,0.E0));
#429=VECTOR('',#428,6.35E-1);
#430=CARTESIAN_POINT('',(-9.2075E0,-5.08E0,-1.57353E1));
#431=LINE('',#430,#429);
#432=DIRECTION('',(0.E0,0.E0,-1.E0));
#433=VECTOR('',#432,6.35E-1);
#434=CARTESIAN_POINT('',(-8.5725E0,-5.08E0,-1.51003E1));
#435=LINE('',#434,#433);
#436=DIRECTION('',(1.E0,0.E0,0.E0));
#437=VECTOR('',#436,6.35E-1);
#438=CARTESIAN_POINT('',(-9.2075E0,-5.08E0,-1.51003E1));
#439=LINE('',#438,#437);
#440=DIRECTION('',(0.E0,0.E0,-1.E0));
#441=VECTOR('',#440,6.35E-1);
#442=CARTESIAN_POINT('',(-6.6675E0,-5.08E0,-1.25603E1));
#443=LINE('',#442,#441);
#444=DIRECTION('',(1.E0,0.E0,0.E0));
#445=VECTOR('',#444,6.35E-1);
#446=CARTESIAN_POINT('',(-6.6675E0,-5.08E0,-1.31953E1));
#447=LINE('',#446,#445);
#448=DIRECTION('',(0.E0,0.E0,-1.E0));
#449=VECTOR('',#448,6.35E-1);
#450=CARTESIAN_POINT('',(-6.0325E0,-5.08E0,-1.25603E1));
#451=LINE('',#450,#449);
#452=DIRECTION('',(1.E0,0.E0,0.E0));
#453=VECTOR('',#452,6.35E-1);
#454=CARTESIAN_POINT('',(-6.6675E0,-5.08E0,-1.25603E1));
#455=LINE('',#454,#453);
#456=DIRECTION('',(0.E0,0.E0,-1.E0));
#457=VECTOR('',#456,6.35E-1);
#458=CARTESIAN_POINT('',(-6.6675E0,-5.08E0,-1.51003E1));
#459=LINE('',#458,#457);
#460=DIRECTION('',(1.E0,0.E0,0.E0));
#461=VECTOR('',#460,6.35E-1);
#462=CARTESIAN_POINT('',(-6.6675E0,-5.08E0,-1.57353E1));
#463=LINE('',#462,#461);
#464=DIRECTION('',(0.E0,0.E0,-1.E0));
#465=VECTOR('',#464,6.35E-1);
#466=CARTESIAN_POINT('',(-6.0325E0,-5.08E0,-1.51003E1));
#467=LINE('',#466,#465);
#468=DIRECTION('',(1.E0,0.E0,0.E0));
#469=VECTOR('',#468,6.35E-1);
#470=CARTESIAN_POINT('',(-6.6675E0,-5.08E0,-1.51003E1));
#471=LINE('',#470,#469);
#472=DIRECTION('',(0.E0,0.E0,-1.E0));
#473=VECTOR('',#472,6.35E-1);
#474=CARTESIAN_POINT('',(-4.1275E0,-5.08E0,-1.25603E1));
#475=LINE('',#474,#473);
#476=DIRECTION('',(1.E0,0.E0,0.E0));
#477=VECTOR('',#476,6.35E-1);
#478=CARTESIAN_POINT('',(-4.1275E0,-5.08E0,-1.31953E1));
#479=LINE('',#478,#477);
#480=DIRECTION('',(0.E0,0.E0,-1.E0));
#481=VECTOR('',#480,6.35E-1);
#482=CARTESIAN_POINT('',(-3.4925E0,-5.08E0,-1.25603E1));
#483=LINE('',#482,#481);
#484=DIRECTION('',(1.E0,0.E0,0.E0));
#485=VECTOR('',#484,6.35E-1);
#486=CARTESIAN_POINT('',(-4.1275E0,-5.08E0,-1.25603E1));
#487=LINE('',#486,#485);
#488=DIRECTION('',(0.E0,0.E0,-1.E0));
#489=VECTOR('',#488,6.35E-1);
#490=CARTESIAN_POINT('',(-4.1275E0,-5.08E0,-1.51003E1));
#491=LINE('',#490,#489);
#492=DIRECTION('',(1.E0,0.E0,0.E0));
#493=VECTOR('',#492,6.35E-1);
#494=CARTESIAN_POINT('',(-4.1275E0,-5.08E0,-1.57353E1));
#495=LINE('',#494,#493);
#496=DIRECTION('',(0.E0,0.E0,-1.E0));
#497=VECTOR('',#496,6.35E-1);
#498=CARTESIAN_POINT('',(-3.4925E0,-5.08E0,-1.51003E1));
#499=LINE('',#498,#497);
#500=DIRECTION('',(1.E0,0.E0,0.E0));
#501=VECTOR('',#500,6.35E-1);
#502=CARTESIAN_POINT('',(-4.1275E0,-5.08E0,-1.51003E1));
#503=LINE('',#502,#501);
#504=DIRECTION('',(0.E0,0.E0,-1.E0));
#505=VECTOR('',#504,6.35E-1);
#506=CARTESIAN_POINT('',(-1.5875E0,-5.08E0,-1.25603E1));
#507=LINE('',#506,#505);
#508=DIRECTION('',(1.E0,0.E0,0.E0));
#509=VECTOR('',#508,6.35E-1);
#510=CARTESIAN_POINT('',(-1.5875E0,-5.08E0,-1.31953E1));
#511=LINE('',#510,#509);
#512=DIRECTION('',(0.E0,0.E0,-1.E0));
#513=VECTOR('',#512,6.35E-1);
#514=CARTESIAN_POINT('',(-9.525E-1,-5.08E0,-1.25603E1));
#515=LINE('',#514,#513);
#516=DIRECTION('',(1.E0,0.E0,0.E0));
#517=VECTOR('',#516,6.35E-1);
#518=CARTESIAN_POINT('',(-1.5875E0,-5.08E0,-1.25603E1));
#519=LINE('',#518,#517);
#520=DIRECTION('',(0.E0,0.E0,-1.E0));
#521=VECTOR('',#520,6.35E-1);
#522=CARTESIAN_POINT('',(-1.5875E0,-5.08E0,-1.51003E1));
#523=LINE('',#522,#521);
#524=DIRECTION('',(1.E0,0.E0,0.E0));
#525=VECTOR('',#524,6.35E-1);
#526=CARTESIAN_POINT('',(-1.5875E0,-5.08E0,-1.57353E1));
#527=LINE('',#526,#525);
#528=DIRECTION('',(0.E0,0.E0,-1.E0));
#529=VECTOR('',#528,6.35E-1);
#530=CARTESIAN_POINT('',(-9.525E-1,-5.08E0,-1.51003E1));
#531=LINE('',#530,#529);
#532=DIRECTION('',(1.E0,0.E0,0.E0));
#533=VECTOR('',#532,6.35E-1);
#534=CARTESIAN_POINT('',(-1.5875E0,-5.08E0,-1.51003E1));
#535=LINE('',#534,#533);
#536=DIRECTION('',(0.E0,0.E0,-1.E0));
#537=VECTOR('',#536,6.35E-1);
#538=CARTESIAN_POINT('',(9.525E-1,-5.08E0,-1.25603E1));
#539=LINE('',#538,#537);
#540=DIRECTION('',(1.E0,0.E0,0.E0));
#541=VECTOR('',#540,6.35E-1);
#542=CARTESIAN_POINT('',(9.525E-1,-5.08E0,-1.31953E1));
#543=LINE('',#542,#541);
#544=DIRECTION('',(0.E0,0.E0,-1.E0));
#545=VECTOR('',#544,6.35E-1);
#546=CARTESIAN_POINT('',(1.5875E0,-5.08E0,-1.25603E1));
#547=LINE('',#546,#545);
#548=DIRECTION('',(1.E0,0.E0,0.E0));
#549=VECTOR('',#548,6.35E-1);
#550=CARTESIAN_POINT('',(9.525E-1,-5.08E0,-1.25603E1));
#551=LINE('',#550,#549);
#552=DIRECTION('',(0.E0,0.E0,-1.E0));
#553=VECTOR('',#552,6.35E-1);
#554=CARTESIAN_POINT('',(9.525E-1,-5.08E0,-1.51003E1));
#555=LINE('',#554,#553);
#556=DIRECTION('',(1.E0,0.E0,0.E0));
#557=VECTOR('',#556,6.35E-1);
#558=CARTESIAN_POINT('',(9.525E-1,-5.08E0,-1.57353E1));
#559=LINE('',#558,#557);
#560=DIRECTION('',(0.E0,0.E0,-1.E0));
#561=VECTOR('',#560,6.35E-1);
#562=CARTESIAN_POINT('',(1.5875E0,-5.08E0,-1.51003E1));
#563=LINE('',#562,#561);
#564=DIRECTION('',(1.E0,0.E0,0.E0));
#565=VECTOR('',#564,6.35E-1);
#566=CARTESIAN_POINT('',(9.525E-1,-5.08E0,-1.51003E1));
#567=LINE('',#566,#565);
#568=DIRECTION('',(0.E0,0.E0,-1.E0));
#569=VECTOR('',#568,6.35E-1);
#570=CARTESIAN_POINT('',(3.4925E0,-5.08E0,-1.25603E1));
#571=LINE('',#570,#569);
#572=DIRECTION('',(1.E0,0.E0,0.E0));
#573=VECTOR('',#572,6.35E-1);
#574=CARTESIAN_POINT('',(3.4925E0,-5.08E0,-1.31953E1));
#575=LINE('',#574,#573);
#576=DIRECTION('',(0.E0,0.E0,-1.E0));
#577=VECTOR('',#576,6.35E-1);
#578=CARTESIAN_POINT('',(4.1275E0,-5.08E0,-1.25603E1));
#579=LINE('',#578,#577);
#580=DIRECTION('',(1.E0,0.E0,0.E0));
#581=VECTOR('',#580,6.35E-1);
#582=CARTESIAN_POINT('',(3.4925E0,-5.08E0,-1.25603E1));
#583=LINE('',#582,#581);
#584=DIRECTION('',(0.E0,0.E0,-1.E0));
#585=VECTOR('',#584,6.35E-1);
#586=CARTESIAN_POINT('',(3.4925E0,-5.08E0,-1.51003E1));
#587=LINE('',#586,#585);
#588=DIRECTION('',(1.E0,0.E0,0.E0));
#589=VECTOR('',#588,6.35E-1);
#590=CARTESIAN_POINT('',(3.4925E0,-5.08E0,-1.57353E1));
#591=LINE('',#590,#589);
#592=DIRECTION('',(0.E0,0.E0,-1.E0));
#593=VECTOR('',#592,6.35E-1);
#594=CARTESIAN_POINT('',(4.1275E0,-5.08E0,-1.51003E1));
#595=LINE('',#594,#593);
#596=DIRECTION('',(1.E0,0.E0,0.E0));
#597=VECTOR('',#596,6.35E-1);
#598=CARTESIAN_POINT('',(3.4925E0,-5.08E0,-1.51003E1));
#599=LINE('',#598,#597);
#600=DIRECTION('',(0.E0,0.E0,-1.E0));
#601=VECTOR('',#600,6.35E-1);
#602=CARTESIAN_POINT('',(6.0325E0,-5.08E0,-1.25603E1));
#603=LINE('',#602,#601);
#604=DIRECTION('',(1.E0,0.E0,0.E0));
#605=VECTOR('',#604,6.35E-1);
#606=CARTESIAN_POINT('',(6.0325E0,-5.08E0,-1.31953E1));
#607=LINE('',#606,#605);
#608=DIRECTION('',(0.E0,0.E0,-1.E0));
#609=VECTOR('',#608,6.35E-1);
#610=CARTESIAN_POINT('',(6.6675E0,-5.08E0,-1.25603E1));
#611=LINE('',#610,#609);
#612=DIRECTION('',(1.E0,0.E0,0.E0));
#613=VECTOR('',#612,6.35E-1);
#614=CARTESIAN_POINT('',(6.0325E0,-5.08E0,-1.25603E1));
#615=LINE('',#614,#613);
#616=DIRECTION('',(0.E0,0.E0,-1.E0));
#617=VECTOR('',#616,6.35E-1);
#618=CARTESIAN_POINT('',(6.0325E0,-5.08E0,-1.51003E1));
#619=LINE('',#618,#617);
#620=DIRECTION('',(1.E0,0.E0,0.E0));
#621=VECTOR('',#620,6.35E-1);
#622=CARTESIAN_POINT('',(6.0325E0,-5.08E0,-1.57353E1));
#623=LINE('',#622,#621);
#624=DIRECTION('',(0.E0,0.E0,-1.E0));
#625=VECTOR('',#624,6.35E-1);
#626=CARTESIAN_POINT('',(6.6675E0,-5.08E0,-1.51003E1));
#627=LINE('',#626,#625);
#628=DIRECTION('',(1.E0,0.E0,0.E0));
#629=VECTOR('',#628,6.35E-1);
#630=CARTESIAN_POINT('',(6.0325E0,-5.08E0,-1.51003E1));
#631=LINE('',#630,#629);
#632=DIRECTION('',(0.E0,0.E0,-1.E0));
#633=VECTOR('',#632,6.35E-1);
#634=CARTESIAN_POINT('',(8.5725E0,-5.08E0,-1.25603E1));
#635=LINE('',#634,#633);
#636=DIRECTION('',(1.E0,0.E0,0.E0));
#637=VECTOR('',#636,6.35E-1);
#638=CARTESIAN_POINT('',(8.5725E0,-5.08E0,-1.31953E1));
#639=LINE('',#638,#637);
#640=DIRECTION('',(0.E0,0.E0,-1.E0));
#641=VECTOR('',#640,6.35E-1);
#642=CARTESIAN_POINT('',(9.2075E0,-5.08E0,-1.25603E1));
#643=LINE('',#642,#641);
#644=DIRECTION('',(1.E0,0.E0,0.E0));
#645=VECTOR('',#644,6.35E-1);
#646=CARTESIAN_POINT('',(8.5725E0,-5.08E0,-1.25603E1));
#647=LINE('',#646,#645);
#648=DIRECTION('',(0.E0,0.E0,-1.E0));
#649=VECTOR('',#648,6.35E-1);
#650=CARTESIAN_POINT('',(8.5725E0,-5.08E0,-1.51003E1));
#651=LINE('',#650,#649);
#652=DIRECTION('',(1.E0,0.E0,0.E0));
#653=VECTOR('',#652,6.35E-1);
#654=CARTESIAN_POINT('',(8.5725E0,-5.08E0,-1.57353E1));
#655=LINE('',#654,#653);
#656=DIRECTION('',(0.E0,0.E0,-1.E0));
#657=VECTOR('',#656,6.35E-1);
#658=CARTESIAN_POINT('',(9.2075E0,-5.08E0,-1.51003E1));
#659=LINE('',#658,#657);
#660=DIRECTION('',(1.E0,0.E0,0.E0));
#661=VECTOR('',#660,6.35E-1);
#662=CARTESIAN_POINT('',(8.5725E0,-5.08E0,-1.51003E1));
#663=LINE('',#662,#661);
#664=DIRECTION('',(0.E0,0.E0,-1.E0));
#665=VECTOR('',#664,6.35E-1);
#666=CARTESIAN_POINT('',(1.11125E1,-5.08E0,-1.25603E1));
#667=LINE('',#666,#665);
#668=DIRECTION('',(1.E0,0.E0,0.E0));
#669=VECTOR('',#668,6.35E-1);
#670=CARTESIAN_POINT('',(1.11125E1,-5.08E0,-1.31953E1));
#671=LINE('',#670,#669);
#672=DIRECTION('',(0.E0,0.E0,-1.E0));
#673=VECTOR('',#672,6.35E-1);
#674=CARTESIAN_POINT('',(1.17475E1,-5.08E0,-1.25603E1));
#675=LINE('',#674,#673);
#676=DIRECTION('',(1.E0,0.E0,0.E0));
#677=VECTOR('',#676,6.35E-1);
#678=CARTESIAN_POINT('',(1.11125E1,-5.08E0,-1.25603E1));
#679=LINE('',#678,#677);
#680=DIRECTION('',(0.E0,0.E0,-1.E0));
#681=VECTOR('',#680,6.35E-1);
#682=CARTESIAN_POINT('',(1.11125E1,-5.08E0,-1.51003E1));
#683=LINE('',#682,#681);
#684=DIRECTION('',(1.E0,0.E0,0.E0));
#685=VECTOR('',#684,6.35E-1);
#686=CARTESIAN_POINT('',(1.11125E1,-5.08E0,-1.57353E1));
#687=LINE('',#686,#685);
#688=DIRECTION('',(0.E0,0.E0,-1.E0));
#689=VECTOR('',#688,6.35E-1);
#690=CARTESIAN_POINT('',(1.17475E1,-5.08E0,-1.51003E1));
#691=LINE('',#690,#689);
#692=DIRECTION('',(1.E0,0.E0,0.E0));
#693=VECTOR('',#692,6.35E-1);
#694=CARTESIAN_POINT('',(1.11125E1,-5.08E0,-1.51003E1));
#695=LINE('',#694,#693);
#696=DIRECTION('',(0.E0,0.E0,-1.E0));
#697=VECTOR('',#696,6.35E-1);
#698=CARTESIAN_POINT('',(1.36525E1,-5.08E0,-1.25603E1));
#699=LINE('',#698,#697);
#700=DIRECTION('',(1.E0,0.E0,0.E0));
#701=VECTOR('',#700,6.35E-1);
#702=CARTESIAN_POINT('',(1.36525E1,-5.08E0,-1.31953E1));
#703=LINE('',#702,#701);
#704=DIRECTION('',(0.E0,0.E0,-1.E0));
#705=VECTOR('',#704,6.35E-1);
#706=CARTESIAN_POINT('',(1.42875E1,-5.08E0,-1.25603E1));
#707=LINE('',#706,#705);
#708=DIRECTION('',(1.E0,0.E0,0.E0));
#709=VECTOR('',#708,6.35E-1);
#710=CARTESIAN_POINT('',(1.36525E1,-5.08E0,-1.25603E1));
#711=LINE('',#710,#709);
#712=DIRECTION('',(0.E0,0.E0,-1.E0));
#713=VECTOR('',#712,6.35E-1);
#714=CARTESIAN_POINT('',(1.36525E1,-5.08E0,-1.51003E1));
#715=LINE('',#714,#713);
#716=DIRECTION('',(1.E0,0.E0,0.E0));
#717=VECTOR('',#716,6.35E-1);
#718=CARTESIAN_POINT('',(1.36525E1,-5.08E0,-1.57353E1));
#719=LINE('',#718,#717);
#720=DIRECTION('',(0.E0,0.E0,-1.E0));
#721=VECTOR('',#720,6.35E-1);
#722=CARTESIAN_POINT('',(1.42875E1,-5.08E0,-1.51003E1));
#723=LINE('',#722,#721);
#724=DIRECTION('',(1.E0,0.E0,0.E0));
#725=VECTOR('',#724,6.35E-1);
#726=CARTESIAN_POINT('',(1.36525E1,-5.08E0,-1.51003E1));
#727=LINE('',#726,#725);
#728=DIRECTION('',(0.E0,1.E0,0.E0));
#729=VECTOR('',#728,1.016E0);
#730=CARTESIAN_POINT('',(9.271E0,-5.08E0,-1.8542E0));
#731=LINE('',#730,#729);
#732=DIRECTION('',(0.E0,1.E0,0.E0));
#733=VECTOR('',#732,1.121833333333E0);
#734=CARTESIAN_POINT('',(1.4605E1,-5.185833333333E0,-1.8542E0));
#735=LINE('',#734,#733);
#736=DIRECTION('',(7.682212795974E-1,-6.401843996645E-1,0.E0));
#737=VECTOR('',#736,4.959508544201E-1);
#738=CARTESIAN_POINT('',(1.397E1,-5.08E0,-1.8542E0));
#739=LINE('',#738,#737);
#740=DIRECTION('',(7.682212795974E-1,-6.401843996645E-1,0.E0));
#741=VECTOR('',#740,4.959508544201E-1);
#742=CARTESIAN_POINT('',(1.397E1,-5.08E0,-3.8862E0));
#743=LINE('',#742,#741);
#744=CARTESIAN_POINT('',(1.4732E1,-5.08E0,-1.875989755157E0));
#745=CARTESIAN_POINT('',(1.469042848722E1,-5.114642927320E0,-1.861292005860E0));
#746=CARTESIAN_POINT('',(1.464807760614E1,-5.149935328213E0,-1.8542E0));
#747=CARTESIAN_POINT('',(1.4605E1,-5.185833333333E0,-1.8542E0));
#749=DIRECTION('',(7.682212795974E-1,6.401843996645E-1,0.E0));
#750=VECTOR('',#749,3.306339029467E-1);
#751=CARTESIAN_POINT('',(1.4351E1,-5.3975E0,-1.8542E0));
#752=LINE('',#751,#750);
#753=DIRECTION('',(0.E0,0.E0,-1.E0));
#754=VECTOR('',#753,1.8542E0);
#755=CARTESIAN_POINT('',(1.4351E1,-5.3975E0,0.E0));
#756=LINE('',#755,#754);
#757=DIRECTION('',(0.E0,0.E0,-1.E0));
#758=VECTOR('',#757,5.0038E0);
#759=CARTESIAN_POINT('',(1.4351E1,-5.3975E0,-3.8862E0));
#760=LINE('',#759,#758);
#761=DIRECTION('',(7.682212795974E-1,6.401843996645E-1,0.E0));
#762=VECTOR('',#761,3.306339029467E-1);
#763=CARTESIAN_POINT('',(1.4351E1,-5.3975E0,-3.8862E0));
#764=LINE('',#763,#762);
#765=CARTESIAN_POINT('',(1.4605E1,-5.185833333333E0,-3.8862E0));
#766=CARTESIAN_POINT('',(1.464807760614E1,-5.149935328213E0,-3.8862E0));
#767=CARTESIAN_POINT('',(1.469042848722E1,-5.114642927320E0,-3.879107994140E0));
#768=CARTESIAN_POINT('',(1.4732E1,-5.08E0,-3.864410244843E0));
#770=DIRECTION('',(0.E0,1.E0,0.E0));
#771=VECTOR('',#770,1.016E0);
#772=CARTESIAN_POINT('',(1.4986E1,-5.08E0,-2.2352E0));
#773=LINE('',#772,#771);
#774=DIRECTION('',(0.E0,1.E0,0.E0));
#775=VECTOR('',#774,1.016E0);
#776=CARTESIAN_POINT('',(1.4986E1,-5.08E0,-3.5052E0));
#777=LINE('',#776,#775);
#778=DIRECTION('',(0.E0,1.E0,0.E0));
#779=VECTOR('',#778,1.121833333333E0);
#780=CARTESIAN_POINT('',(1.4605E1,-5.185833333333E0,-3.8862E0));
#781=LINE('',#780,#779);
#782=DIRECTION('',(0.E0,1.E0,0.E0));
#783=VECTOR('',#782,1.016E0);
#784=CARTESIAN_POINT('',(9.271E0,-5.08E0,-3.8862E0));
#785=LINE('',#784,#783);
#786=DIRECTION('',(0.E0,1.E0,0.E0));
#787=VECTOR('',#786,1.016E0);
#788=CARTESIAN_POINT('',(8.89E0,-5.08E0,-3.5052E0));
#789=LINE('',#788,#787);
#790=DIRECTION('',(0.E0,1.E0,0.E0));
#791=VECTOR('',#790,1.016E0);
#792=CARTESIAN_POINT('',(8.89E0,-5.08E0,-2.2352E0));
#793=LINE('',#792,#791);
#794=DIRECTION('',(0.E0,0.E0,1.E0));
#795=VECTOR('',#794,8.255E0);
#796=CARTESIAN_POINT('',(-1.56464E1,-4.064E0,-8.89E0));
#797=LINE('',#796,#795);
#798=DIRECTION('',(-1.E0,0.E0,0.E0));
#799=VECTOR('',#798,3.12928E1);
#800=CARTESIAN_POINT('',(1.56464E1,-4.064E0,-6.35E-1));
#801=LINE('',#800,#799);
#802=CARTESIAN_POINT('',(-1.3589E1,-4.064E0,-2.2352E0));
#803=DIRECTION('',(0.E0,-1.E0,0.E0));
#804=DIRECTION('',(0.E0,0.E0,1.E0));
#805=AXIS2_PLACEMENT_3D('',#802,#803,#804);
#807=DIRECTION('',(-1.E0,0.E0,0.E0));
#808=VECTOR('',#807,5.334E0);
#809=CARTESIAN_POINT('',(-8.255E0,-4.064E0,-1.8542E0));
#810=LINE('',#809,#808);
#811=CARTESIAN_POINT('',(-8.255E0,-4.064E0,-2.2352E0));
#812=DIRECTION('',(0.E0,-1.E0,0.E0));
#813=DIRECTION('',(1.E0,0.E0,0.E0));
#814=AXIS2_PLACEMENT_3D('',#811,#812,#813);
#816=DIRECTION('',(0.E0,0.E0,1.E0));
#817=VECTOR('',#816,1.27E0);
#818=CARTESIAN_POINT('',(-7.874E0,-4.064E0,-3.5052E0));
#819=LINE('',#818,#817);
#820=CARTESIAN_POINT('',(-8.255E0,-4.064E0,-3.5052E0));
#821=DIRECTION('',(0.E0,-1.E0,0.E0));
#822=DIRECTION('',(0.E0,0.E0,-1.E0));
#823=AXIS2_PLACEMENT_3D('',#820,#821,#822);
#825=DIRECTION('',(1.E0,0.E0,0.E0));
#826=VECTOR('',#825,5.334E0);
#827=CARTESIAN_POINT('',(-1.3589E1,-4.064E0,-3.8862E0));
#828=LINE('',#827,#826);
#829=CARTESIAN_POINT('',(-1.3589E1,-4.064E0,-3.5052E0));
#830=DIRECTION('',(0.E0,-1.E0,0.E0));
#831=DIRECTION('',(-1.E0,0.E0,0.E0));
#832=AXIS2_PLACEMENT_3D('',#829,#830,#831);
#834=DIRECTION('',(0.E0,0.E0,-1.E0));
#835=VECTOR('',#834,1.27E0);
#836=CARTESIAN_POINT('',(-1.397E1,-4.064E0,-2.2352E0));
#837=LINE('',#836,#835);
#838=CARTESIAN_POINT('',(9.271E0,-4.064E0,-2.2352E0));
#839=DIRECTION('',(0.E0,-1.E0,0.E0));
#840=DIRECTION('',(0.E0,0.E0,1.E0));
#841=AXIS2_PLACEMENT_3D('',#838,#839,#840);
#843=DIRECTION('',(-1.E0,0.E0,0.E0));
#844=VECTOR('',#843,5.334E0);
#845=CARTESIAN_POINT('',(1.4605E1,-4.064E0,-1.8542E0));
#846=LINE('',#845,#844);
#847=CARTESIAN_POINT('',(1.4605E1,-4.064E0,-2.2352E0));
#848=DIRECTION('',(0.E0,-1.E0,0.E0));
#849=DIRECTION('',(1.E0,0.E0,0.E0));
#850=AXIS2_PLACEMENT_3D('',#847,#848,#849);
#852=DIRECTION('',(0.E0,0.E0,1.E0));
#853=VECTOR('',#852,1.27E0);
#854=CARTESIAN_POINT('',(1.4986E1,-4.064E0,-3.5052E0));
#855=LINE('',#854,#853);
#856=CARTESIAN_POINT('',(1.4605E1,-4.064E0,-3.5052E0));
#857=DIRECTION('',(0.E0,-1.E0,0.E0));
#858=DIRECTION('',(0.E0,0.E0,-1.E0));
#859=AXIS2_PLACEMENT_3D('',#856,#857,#858);
#861=DIRECTION('',(1.E0,0.E0,0.E0));
#862=VECTOR('',#861,5.334E0);
#863=CARTESIAN_POINT('',(9.271E0,-4.064E0,-3.8862E0));
#864=LINE('',#863,#862);
#865=CARTESIAN_POINT('',(9.271E0,-4.064E0,-3.5052E0));
#866=DIRECTION('',(0.E0,-1.E0,0.E0));
#867=DIRECTION('',(-1.E0,0.E0,0.E0));
#868=AXIS2_PLACEMENT_3D('',#865,#866,#867);
#870=DIRECTION('',(0.E0,0.E0,-1.E0));
#871=VECTOR('',#870,1.27E0);
#872=CARTESIAN_POINT('',(8.89E0,-4.064E0,-2.2352E0));
#873=LINE('',#872,#871);
#874=DIRECTION('',(0.E0,0.E0,-1.E0));
#875=VECTOR('',#874,1.016E0);
#876=CARTESIAN_POINT('',(-1.56464E1,1.2065E0,-6.35E-1));
#877=LINE('',#876,#875);
#878=DIRECTION('',(0.E0,1.E0,0.E0));
#879=VECTOR('',#878,1.5875E0);
#880=CARTESIAN_POINT('',(-1.56464E1,1.2065E0,-1.651E0));
#881=LINE('',#880,#879);
#882=DIRECTION('',(0.E0,0.E0,-1.E0));
#883=VECTOR('',#882,1.016E0);
#884=CARTESIAN_POINT('',(-1.56464E1,2.794E0,-6.35E-1));
#885=LINE('',#884,#883);
#886=DIRECTION('',(0.E0,1.E0,0.E0));
#887=VECTOR('',#886,2.54E-1);
#888=CARTESIAN_POINT('',(-1.56464E1,2.794E0,-6.35E-1));
#889=LINE('',#888,#887);
#890=DIRECTION('',(0.E0,0.E0,-1.E0));
#891=VECTOR('',#890,8.255E0);
#892=CARTESIAN_POINT('',(-1.56464E1,3.048E0,-6.35E-1));
#893=LINE('',#892,#891);
#894=DIRECTION('',(0.E0,1.E0,0.E0));
#895=VECTOR('',#894,5.2705E0);
#896=CARTESIAN_POINT('',(-1.56464E1,-4.064E0,-6.35E-1));
#897=LINE('',#896,#895);
#898=DIRECTION('',(-1.E0,0.E0,0.E0));
#899=VECTOR('',#898,1.016E0);
#900=CARTESIAN_POINT('',(-1.56464E1,1.2065E0,-1.651E0));
#901=LINE('',#900,#899);
#902=DIRECTION('',(-1.E0,0.E0,0.E0));
#903=VECTOR('',#902,1.016E0);
#904=CARTESIAN_POINT('',(1.66624E1,1.2065E0,-1.651E0));
#905=LINE('',#904,#903);
#906=DIRECTION('',(0.E0,0.E0,-1.E0));
#907=VECTOR('',#906,1.651E0);
#908=CARTESIAN_POINT('',(1.66624E1,1.2065E0,0.E0));
#909=LINE('',#908,#907);
#910=DIRECTION('',(0.E0,1.E0,0.E0));
#911=VECTOR('',#910,1.5875E0);
#912=CARTESIAN_POINT('',(1.66624E1,1.2065E0,-1.651E0));
#913=LINE('',#912,#911);
#914=DIRECTION('',(0.E0,0.E0,-1.E0));
#915=VECTOR('',#914,1.651E0);
#916=CARTESIAN_POINT('',(1.66624E1,2.794E0,0.E0));
#917=LINE('',#916,#915);
#918=DIRECTION('',(0.E0,0.E0,-1.E0));
#919=VECTOR('',#918,1.24206E1);
#920=CARTESIAN_POINT('',(1.66624E1,-5.08E0,0.E0));
#921=LINE('',#920,#919);
#922=DIRECTION('',(0.E0,0.E0,1.E0));
#923=VECTOR('',#922,8.6106E0);
#924=CARTESIAN_POINT('',(-3.048E0,5.08E0,-1.24206E1));
#925=LINE('',#924,#923);
#926=DIRECTION('',(1.E0,0.E0,0.E0));
#927=VECTOR('',#926,6.096E0);
#928=CARTESIAN_POINT('',(-3.048E0,5.08E0,-3.81E0));
#929=LINE('',#928,#927);
#930=DIRECTION('',(0.E0,0.E0,1.E0));
#931=VECTOR('',#930,8.6106E0);
#932=CARTESIAN_POINT('',(3.048E0,5.08E0,-1.24206E1));
#933=LINE('',#932,#931);
#934=DIRECTION('',(0.E0,0.E0,-1.E0));
#935=VECTOR('',#934,1.24206E1);
#936=CARTESIAN_POINT('',(1.66624E1,5.08E0,0.E0));
#937=LINE('',#936,#935);
#938=DIRECTION('',(0.E0,-1.E0,0.E0));
#939=VECTOR('',#938,8.128E0);
#940=CARTESIAN_POINT('',(-1.5621E1,3.048E0,-1.24206E1));
#941=LINE('',#940,#939);
#942=DIRECTION('',(1.E0,0.E0,0.E0));
#943=VECTOR('',#942,1.2573E1);
#944=CARTESIAN_POINT('',(-1.5621E1,3.048E0,-1.24206E1));
#945=LINE('',#944,#943);
#946=DIRECTION('',(0.E0,-1.E0,0.E0));
#947=VECTOR('',#946,2.032E0);
#948=CARTESIAN_POINT('',(-3.048E0,5.08E0,-1.24206E1));
#949=LINE('',#948,#947);
#950=DIRECTION('',(-1.E0,0.E0,0.E0));
#951=VECTOR('',#950,1.36144E1);
#952=CARTESIAN_POINT('',(-3.048E0,5.08E0,-1.24206E1));
#953=LINE('',#952,#951);
#954=DIRECTION('',(0.E0,-1.E0,0.E0));
#955=VECTOR('',#954,1.016E1);
#956=CARTESIAN_POINT('',(-1.66624E1,5.08E0,-1.24206E1));
#957=LINE('',#956,#955);
#958=DIRECTION('',(1.E0,0.E0,0.E0));
#959=VECTOR('',#958,1.0414E0);
#960=CARTESIAN_POINT('',(-1.66624E1,-5.08E0,-1.24206E1));
#961=LINE('',#960,#959);
#962=DIRECTION('',(0.E0,-1.E0,0.E0));
#963=VECTOR('',#962,8.128E0);
#964=CARTESIAN_POINT('',(1.5621E1,3.048E0,-1.24206E1));
#965=LINE('',#964,#963);
#966=DIRECTION('',(1.E0,0.E0,0.E0));
#967=VECTOR('',#966,1.0414E0);
#968=CARTESIAN_POINT('',(1.5621E1,-5.08E0,-1.24206E1));
#969=LINE('',#968,#967);
#970=DIRECTION('',(0.E0,1.E0,0.E0));
#971=VECTOR('',#970,1.016E1);
#972=CARTESIAN_POINT('',(1.66624E1,-5.08E0,-1.24206E1));
#973=LINE('',#972,#971);
#974=DIRECTION('',(-1.E0,0.E0,0.E0));
#975=VECTOR('',#974,1.36144E1);
#976=CARTESIAN_POINT('',(1.66624E1,5.08E0,-1.24206E1));
#977=LINE('',#976,#975);
#978=DIRECTION('',(0.E0,-1.E0,0.E0));
#979=VECTOR('',#978,2.032E0);
#980=CARTESIAN_POINT('',(3.048E0,5.08E0,-1.24206E1));
#981=LINE('',#980,#979);
#982=DIRECTION('',(1.E0,0.E0,0.E0));
#983=VECTOR('',#982,1.2573E1);
#984=CARTESIAN_POINT('',(3.048E0,3.048E0,-1.24206E1));
#985=LINE('',#984,#983);
#986=DIRECTION('',(0.E0,0.E0,1.E0));
#987=VECTOR('',#986,3.81E0);
#988=CARTESIAN_POINT('',(-1.5621E1,-5.08E0,-1.62306E1));
#989=LINE('',#988,#987);
#990=DIRECTION('',(0.E0,-1.E0,0.E0));
#991=VECTOR('',#990,8.128E0);
#992=CARTESIAN_POINT('',(-1.5621E1,3.048E0,-1.62306E1));
#993=LINE('',#992,#991);
#994=DIRECTION('',(0.E0,0.E0,1.E0));
#995=VECTOR('',#994,3.81E0);
#996=CARTESIAN_POINT('',(-1.5621E1,3.048E0,-1.62306E1));
#997=LINE('',#996,#995);
#998=DIRECTION('',(-1.E0,0.E0,0.E0));
#999=VECTOR('',#998,3.1242E1);
#1000=CARTESIAN_POINT('',(1.5621E1,-5.08E0,-1.62306E1));
#1001=LINE('',#1000,#999);
#1002=DIRECTION('',(0.E0,0.E0,-1.E0));
#1003=VECTOR('',#1002,3.81E0);
#1004=CARTESIAN_POINT('',(1.5621E1,3.048E0,-1.24206E1));
#1005=LINE('',#1004,#1003);
#1006=DIRECTION('',(0.E0,-1.E0,0.E0));
#1007=VECTOR('',#1006,8.128E0);
#1008=CARTESIAN_POINT('',(1.5621E1,3.048E0,-1.62306E1));
#1009=LINE('',#1008,#1007);
#1010=DIRECTION('',(0.E0,0.E0,1.E0));
#1011=VECTOR('',#1010,3.81E0);
#1012=CARTESIAN_POINT('',(1.5621E1,-5.08E0,-1.62306E1));
#1013=LINE('',#1012,#1011);
#1014=DIRECTION('',(0.E0,0.E0,1.E0));
#1015=VECTOR('',#1014,3.5306E0);
#1016=CARTESIAN_POINT('',(-3.048E0,3.048E0,-1.24206E1));
#1017=LINE('',#1016,#1015);
#1018=DIRECTION('',(-1.E0,0.E0,0.E0));
#1019=VECTOR('',#1018,3.1242E1);
#1020=CARTESIAN_POINT('',(1.5621E1,3.048E0,-1.62306E1));
#1021=LINE('',#1020,#1019);
#1022=DIRECTION('',(0.E0,0.E0,-1.E0));
#1023=VECTOR('',#1022,3.5306E0);
#1024=CARTESIAN_POINT('',(3.048E0,3.048E0,-8.89E0));
#1025=LINE('',#1024,#1023);
#1026=DIRECTION('',(0.E0,-1.E0,0.E0));
#1027=VECTOR('',#1026,1.016E0);
#1028=CARTESIAN_POINT('',(3.048E0,5.08E0,-3.81E0));
#1029=LINE('',#1028,#1027);
#1030=DIRECTION('',(0.E0,-1.E0,0.E0));
#1031=VECTOR('',#1030,1.016E0);
#1032=CARTESIAN_POINT('',(-3.048E0,5.08E0,-3.81E0));
#1033=LINE('',#1032,#1031);
#1034=DIRECTION('',(0.E0,0.E0,1.E0));
#1035=VECTOR('',#1034,5.08E0);
#1036=CARTESIAN_POINT('',(-3.048E0,4.064E0,-8.89E0));
#1037=LINE('',#1036,#1035);
#1038=DIRECTION('',(0.E0,0.E0,-1.E0));
#1039=VECTOR('',#1038,8.89E0);
#1040=CARTESIAN_POINT('',(1.33096E1,4.064E0,0.E0));
#1041=LINE('',#1040,#1039);
#1042=DIRECTION('',(0.E0,0.E0,1.E0));
#1043=VECTOR('',#1042,5.08E0);
#1044=CARTESIAN_POINT('',(3.048E0,4.064E0,-8.89E0));
#1045=LINE('',#1044,#1043);
#1046=DIRECTION('',(1.E0,0.E0,0.E0));
#1047=VECTOR('',#1046,6.096E0);
#1048=CARTESIAN_POINT('',(-3.048E0,4.064E0,-3.81E0));
#1049=LINE('',#1048,#1047);
#1050=DIRECTION('',(-1.E0,0.E0,0.E0));
#1051=VECTOR('',#1050,6.096E0);
#1052=CARTESIAN_POINT('',(3.048E0,3.048E0,-8.89E0));
#1053=LINE('',#1052,#1051);
#1054=DIRECTION('',(0.E0,-1.E0,0.E0));
#1055=VECTOR('',#1054,1.016E0);
#1056=CARTESIAN_POINT('',(3.048E0,4.064E0,-8.89E0));
#1057=LINE('',#1056,#1055);
#1058=DIRECTION('',(1.E0,0.E0,0.E0));
#1059=VECTOR('',#1058,1.02616E1);
#1060=CARTESIAN_POINT('',(3.048E0,4.064E0,-8.89E0));
#1061=LINE('',#1060,#1059);
#1062=DIRECTION('',(0.E0,-1.E0,0.E0));
#1063=VECTOR('',#1062,1.016E0);
#1064=CARTESIAN_POINT('',(1.33096E1,4.064E0,-8.89E0));
#1065=LINE('',#1064,#1063);
#1066=DIRECTION('',(1.E0,0.E0,0.E0));
#1067=VECTOR('',#1066,2.3368E0);
#1068=CARTESIAN_POINT('',(1.33096E1,3.048E0,-8.89E0));
#1069=LINE('',#1068,#1067);
#1070=DIRECTION('',(0.E0,-1.E0,0.E0));
#1071=VECTOR('',#1070,7.112E0);
#1072=CARTESIAN_POINT('',(1.56464E1,3.048E0,-8.89E0));
#1073=LINE('',#1072,#1071);
#1074=DIRECTION('',(-1.E0,0.E0,0.E0));
#1075=VECTOR('',#1074,3.12928E1);
#1076=CARTESIAN_POINT('',(1.56464E1,-4.064E0,-8.89E0));
#1077=LINE('',#1076,#1075);
#1078=DIRECTION('',(0.E0,1.E0,0.E0));
#1079=VECTOR('',#1078,7.112E0);
#1080=CARTESIAN_POINT('',(-1.56464E1,-4.064E0,-8.89E0));
#1081=LINE('',#1080,#1079);
#1082=DIRECTION('',(1.E0,0.E0,0.E0));
#1083=VECTOR('',#1082,2.3368E0);
#1084=CARTESIAN_POINT('',(-1.56464E1,3.048E0,-8.89E0));
#1085=LINE('',#1084,#1083);
#1086=DIRECTION('',(0.E0,1.E0,0.E0));
#1087=VECTOR('',#1086,1.016E0);
#1088=CARTESIAN_POINT('',(-1.33096E1,3.048E0,-8.89E0));
#1089=LINE('',#1088,#1087);
#1090=DIRECTION('',(1.E0,0.E0,0.E0));
#1091=VECTOR('',#1090,1.02616E1);
#1092=CARTESIAN_POINT('',(-1.33096E1,4.064E0,-8.89E0));
#1093=LINE('',#1092,#1091);
#1094=DIRECTION('',(0.E0,-1.E0,0.E0));
#1095=VECTOR('',#1094,1.016E0);
#1096=CARTESIAN_POINT('',(-3.048E0,4.064E0,-8.89E0));
#1097=LINE('',#1096,#1095);
#1098=DIRECTION('',(0.E0,1.E0,0.E0));
#1099=VECTOR('',#1098,1.27E0);
#1100=CARTESIAN_POINT('',(-1.42875E1,-2.413E0,-8.89E0));
#1101=LINE('',#1100,#1099);
#1102=DIRECTION('',(1.E0,0.E0,0.E0));
#1103=VECTOR('',#1102,6.35E-1);
#1104=CARTESIAN_POINT('',(-1.42875E1,-2.413E0,-8.89E0));
#1105=LINE('',#1104,#1103);
#1106=DIRECTION('',(0.E0,1.E0,0.E0));
#1107=VECTOR('',#1106,1.27E0);
#1108=CARTESIAN_POINT('',(-1.36525E1,-2.413E0,-8.89E0));
#1109=LINE('',#1108,#1107);
#1110=DIRECTION('',(1.E0,0.E0,0.E0));
#1111=VECTOR('',#1110,6.35E-1);
#1112=CARTESIAN_POINT('',(-1.42875E1,-1.143E0,-8.89E0));
#1113=LINE('',#1112,#1111);
#1114=DIRECTION('',(0.E0,1.E0,0.E0));
#1115=VECTOR('',#1114,1.27E0);
#1116=CARTESIAN_POINT('',(-1.42875E1,1.27E-1,-8.89E0));
#1117=LINE('',#1116,#1115);
#1118=DIRECTION('',(1.E0,0.E0,0.E0));
#1119=VECTOR('',#1118,6.35E-1);
#1120=CARTESIAN_POINT('',(-1.42875E1,1.27E-1,-8.89E0));
#1121=LINE('',#1120,#1119);
#1122=DIRECTION('',(0.E0,1.E0,0.E0));
#1123=VECTOR('',#1122,1.27E0);
#1124=CARTESIAN_POINT('',(-1.36525E1,1.27E-1,-8.89E0));
#1125=LINE('',#1124,#1123);
#1126=DIRECTION('',(1.E0,0.E0,0.E0));
#1127=VECTOR('',#1126,6.35E-1);
#1128=CARTESIAN_POINT('',(-1.42875E1,1.397E0,-8.89E0));
#1129=LINE('',#1128,#1127);
#1130=DIRECTION('',(0.E0,1.E0,0.E0));
#1131=VECTOR('',#1130,1.27E0);
#1132=CARTESIAN_POINT('',(-1.17475E1,-2.413E0,-8.89E0));
#1133=LINE('',#1132,#1131);
#1134=DIRECTION('',(1.E0,0.E0,0.E0));
#1135=VECTOR('',#1134,6.35E-1);
#1136=CARTESIAN_POINT('',(-1.17475E1,-2.413E0,-8.89E0));
#1137=LINE('',#1136,#1135);
#1138=DIRECTION('',(0.E0,1.E0,0.E0));
#1139=VECTOR('',#1138,1.27E0);
#1140=CARTESIAN_POINT('',(-1.11125E1,-2.413E0,-8.89E0));
#1141=LINE('',#1140,#1139);
#1142=DIRECTION('',(1.E0,0.E0,0.E0));
#1143=VECTOR('',#1142,6.35E-1);
#1144=CARTESIAN_POINT('',(-1.17475E1,-1.143E0,-8.89E0));
#1145=LINE('',#1144,#1143);
#1146=DIRECTION('',(0.E0,1.E0,0.E0));
#1147=VECTOR('',#1146,1.27E0);
#1148=CARTESIAN_POINT('',(-1.17475E1,1.27E-1,-8.89E0));
#1149=LINE('',#1148,#1147);
#1150=DIRECTION('',(1.E0,0.E0,0.E0));
#1151=VECTOR('',#1150,6.35E-1);
#1152=CARTESIAN_POINT('',(-1.17475E1,1.27E-1,-8.89E0));
#1153=LINE('',#1152,#1151);
#1154=DIRECTION('',(0.E0,1.E0,0.E0));
#1155=VECTOR('',#1154,1.27E0);
#1156=CARTESIAN_POINT('',(-1.11125E1,1.27E-1,-8.89E0));
#1157=LINE('',#1156,#1155);
#1158=DIRECTION('',(1.E0,0.E0,0.E0));
#1159=VECTOR('',#1158,6.35E-1);
#1160=CARTESIAN_POINT('',(-1.17475E1,1.397E0,-8.89E0));
#1161=LINE('',#1160,#1159);
#1162=DIRECTION('',(0.E0,1.E0,0.E0));
#1163=VECTOR('',#1162,1.27E0);
#1164=CARTESIAN_POINT('',(-9.2075E0,-2.413E0,-8.89E0));
#1165=LINE('',#1164,#1163);
#1166=DIRECTION('',(1.E0,0.E0,0.E0));
#1167=VECTOR('',#1166,6.35E-1);
#1168=CARTESIAN_POINT('',(-9.2075E0,-2.413E0,-8.89E0));
#1169=LINE('',#1168,#1167);
#1170=DIRECTION('',(0.E0,1.E0,0.E0));
#1171=VECTOR('',#1170,1.27E0);
#1172=CARTESIAN_POINT('',(-8.5725E0,-2.413E0,-8.89E0));
#1173=LINE('',#1172,#1171);
#1174=DIRECTION('',(1.E0,0.E0,0.E0));
#1175=VECTOR('',#1174,6.35E-1);
#1176=CARTESIAN_POINT('',(-9.2075E0,-1.143E0,-8.89E0));
#1177=LINE('',#1176,#1175);
#1178=DIRECTION('',(0.E0,1.E0,0.E0));
#1179=VECTOR('',#1178,1.27E0);
#1180=CARTESIAN_POINT('',(-9.2075E0,1.27E-1,-8.89E0));
#1181=LINE('',#1180,#1179);
#1182=DIRECTION('',(1.E0,0.E0,0.E0));
#1183=VECTOR('',#1182,6.35E-1);
#1184=CARTESIAN_POINT('',(-9.2075E0,1.27E-1,-8.89E0));
#1185=LINE('',#1184,#1183);
#1186=DIRECTION('',(0.E0,1.E0,0.E0));
#1187=VECTOR('',#1186,1.27E0);
#1188=CARTESIAN_POINT('',(-8.5725E0,1.27E-1,-8.89E0));
#1189=LINE('',#1188,#1187);
#1190=DIRECTION('',(1.E0,0.E0,0.E0));
#1191=VECTOR('',#1190,6.35E-1);
#1192=CARTESIAN_POINT('',(-9.2075E0,1.397E0,-8.89E0));
#1193=LINE('',#1192,#1191);
#1194=DIRECTION('',(0.E0,1.E0,0.E0));
#1195=VECTOR('',#1194,1.27E0);
#1196=CARTESIAN_POINT('',(-6.6675E0,-2.413E0,-8.89E0));
#1197=LINE('',#1196,#1195);
#1198=DIRECTION('',(1.E0,0.E0,0.E0));
#1199=VECTOR('',#1198,6.35E-1);
#1200=CARTESIAN_POINT('',(-6.6675E0,-2.413E0,-8.89E0));
#1201=LINE('',#1200,#1199);
#1202=DIRECTION('',(0.E0,1.E0,0.E0));
#1203=VECTOR('',#1202,1.27E0);
#1204=CARTESIAN_POINT('',(-6.0325E0,-2.413E0,-8.89E0));
#1205=LINE('',#1204,#1203);
#1206=DIRECTION('',(1.E0,0.E0,0.E0));
#1207=VECTOR('',#1206,6.35E-1);
#1208=CARTESIAN_POINT('',(-6.6675E0,-1.143E0,-8.89E0));
#1209=LINE('',#1208,#1207);
#1210=DIRECTION('',(0.E0,1.E0,0.E0));
#1211=VECTOR('',#1210,1.27E0);
#1212=CARTESIAN_POINT('',(-6.6675E0,1.27E-1,-8.89E0));
#1213=LINE('',#1212,#1211);
#1214=DIRECTION('',(1.E0,0.E0,0.E0));
#1215=VECTOR('',#1214,6.35E-1);
#1216=CARTESIAN_POINT('',(-6.6675E0,1.27E-1,-8.89E0));
#1217=LINE('',#1216,#1215);
#1218=DIRECTION('',(0.E0,1.E0,0.E0));
#1219=VECTOR('',#1218,1.27E0);
#1220=CARTESIAN_POINT('',(-6.0325E0,1.27E-1,-8.89E0));
#1221=LINE('',#1220,#1219);
#1222=DIRECTION('',(1.E0,0.E0,0.E0));
#1223=VECTOR('',#1222,6.35E-1);
#1224=CARTESIAN_POINT('',(-6.6675E0,1.397E0,-8.89E0));
#1225=LINE('',#1224,#1223);
#1226=DIRECTION('',(0.E0,1.E0,0.E0));
#1227=VECTOR('',#1226,1.27E0);
#1228=CARTESIAN_POINT('',(-4.1275E0,-2.413E0,-8.89E0));
#1229=LINE('',#1228,#1227);
#1230=DIRECTION('',(1.E0,0.E0,0.E0));
#1231=VECTOR('',#1230,6.35E-1);
#1232=CARTESIAN_POINT('',(-4.1275E0,-2.413E0,-8.89E0));
#1233=LINE('',#1232,#1231);
#1234=DIRECTION('',(0.E0,1.E0,0.E0));
#1235=VECTOR('',#1234,1.27E0);
#1236=CARTESIAN_POINT('',(-3.4925E0,-2.413E0,-8.89E0));
#1237=LINE('',#1236,#1235);
#1238=DIRECTION('',(1.E0,0.E0,0.E0));
#1239=VECTOR('',#1238,6.35E-1);
#1240=CARTESIAN_POINT('',(-4.1275E0,-1.143E0,-8.89E0));
#1241=LINE('',#1240,#1239);
#1242=DIRECTION('',(0.E0,1.E0,0.E0));
#1243=VECTOR('',#1242,1.27E0);
#1244=CARTESIAN_POINT('',(-4.1275E0,1.27E-1,-8.89E0));
#1245=LINE('',#1244,#1243);
#1246=DIRECTION('',(1.E0,0.E0,0.E0));
#1247=VECTOR('',#1246,6.35E-1);
#1248=CARTESIAN_POINT('',(-4.1275E0,1.27E-1,-8.89E0));
#1249=LINE('',#1248,#1247);
#1250=DIRECTION('',(0.E0,1.E0,0.E0));
#1251=VECTOR('',#1250,1.27E0);
#1252=CARTESIAN_POINT('',(-3.4925E0,1.27E-1,-8.89E0));
#1253=LINE('',#1252,#1251);
#1254=DIRECTION('',(1.E0,0.E0,0.E0));
#1255=VECTOR('',#1254,6.35E-1);
#1256=CARTESIAN_POINT('',(-4.1275E0,1.397E0,-8.89E0));
#1257=LINE('',#1256,#1255);
#1258=DIRECTION('',(0.E0,1.E0,0.E0));
#1259=VECTOR('',#1258,1.27E0);
#1260=CARTESIAN_POINT('',(-1.5875E0,-2.413E0,-8.89E0));
#1261=LINE('',#1260,#1259);
#1262=DIRECTION('',(1.E0,0.E0,0.E0));
#1263=VECTOR('',#1262,6.35E-1);
#1264=CARTESIAN_POINT('',(-1.5875E0,-2.413E0,-8.89E0));
#1265=LINE('',#1264,#1263);
#1266=DIRECTION('',(0.E0,1.E0,0.E0));
#1267=VECTOR('',#1266,1.27E0);
#1268=CARTESIAN_POINT('',(-9.525E-1,-2.413E0,-8.89E0));
#1269=LINE('',#1268,#1267);
#1270=DIRECTION('',(1.E0,0.E0,0.E0));
#1271=VECTOR('',#1270,6.35E-1);
#1272=CARTESIAN_POINT('',(-1.5875E0,-1.143E0,-8.89E0));
#1273=LINE('',#1272,#1271);
#1274=DIRECTION('',(0.E0,1.E0,0.E0));
#1275=VECTOR('',#1274,1.27E0);
#1276=CARTESIAN_POINT('',(-1.5875E0,1.27E-1,-8.89E0));
#1277=LINE('',#1276,#1275);
#1278=DIRECTION('',(1.E0,0.E0,0.E0));
#1279=VECTOR('',#1278,6.35E-1);
#1280=CARTESIAN_POINT('',(-1.5875E0,1.27E-1,-8.89E0));
#1281=LINE('',#1280,#1279);
#1282=DIRECTION('',(0.E0,1.E0,0.E0));
#1283=VECTOR('',#1282,1.27E0);
#1284=CARTESIAN_POINT('',(-9.525E-1,1.27E-1,-8.89E0));
#1285=LINE('',#1284,#1283);
#1286=DIRECTION('',(1.E0,0.E0,0.E0));
#1287=VECTOR('',#1286,6.35E-1);
#1288=CARTESIAN_POINT('',(-1.5875E0,1.397E0,-8.89E0));
#1289=LINE('',#1288,#1287);
#1290=DIRECTION('',(0.E0,1.E0,0.E0));
#1291=VECTOR('',#1290,1.27E0);
#1292=CARTESIAN_POINT('',(9.525E-1,-2.413E0,-8.89E0));
#1293=LINE('',#1292,#1291);
#1294=DIRECTION('',(1.E0,0.E0,0.E0));
#1295=VECTOR('',#1294,6.35E-1);
#1296=CARTESIAN_POINT('',(9.525E-1,-2.413E0,-8.89E0));
#1297=LINE('',#1296,#1295);
#1298=DIRECTION('',(0.E0,1.E0,0.E0));
#1299=VECTOR('',#1298,1.27E0);
#1300=CARTESIAN_POINT('',(1.5875E0,-2.413E0,-8.89E0));
#1301=LINE('',#1300,#1299);
#1302=DIRECTION('',(1.E0,0.E0,0.E0));
#1303=VECTOR('',#1302,6.35E-1);
#1304=CARTESIAN_POINT('',(9.525E-1,-1.143E0,-8.89E0));
#1305=LINE('',#1304,#1303);
#1306=DIRECTION('',(0.E0,1.E0,0.E0));
#1307=VECTOR('',#1306,1.27E0);
#1308=CARTESIAN_POINT('',(9.525E-1,1.27E-1,-8.89E0));
#1309=LINE('',#1308,#1307);
#1310=DIRECTION('',(1.E0,0.E0,0.E0));
#1311=VECTOR('',#1310,6.35E-1);
#1312=CARTESIAN_POINT('',(9.525E-1,1.27E-1,-8.89E0));
#1313=LINE('',#1312,#1311);
#1314=DIRECTION('',(0.E0,1.E0,0.E0));
#1315=VECTOR('',#1314,1.27E0);
#1316=CARTESIAN_POINT('',(1.5875E0,1.27E-1,-8.89E0));
#1317=LINE('',#1316,#1315);
#1318=DIRECTION('',(1.E0,0.E0,0.E0));
#1319=VECTOR('',#1318,6.35E-1);
#1320=CARTESIAN_POINT('',(9.525E-1,1.397E0,-8.89E0));
#1321=LINE('',#1320,#1319);
#1322=DIRECTION('',(0.E0,1.E0,0.E0));
#1323=VECTOR('',#1322,1.27E0);
#1324=CARTESIAN_POINT('',(3.4925E0,-2.413E0,-8.89E0));
#1325=LINE('',#1324,#1323);
#1326=DIRECTION('',(1.E0,0.E0,0.E0));
#1327=VECTOR('',#1326,6.35E-1);
#1328=CARTESIAN_POINT('',(3.4925E0,-2.413E0,-8.89E0));
#1329=LINE('',#1328,#1327);
#1330=DIRECTION('',(0.E0,1.E0,0.E0));
#1331=VECTOR('',#1330,1.27E0);
#1332=CARTESIAN_POINT('',(4.1275E0,-2.413E0,-8.89E0));
#1333=LINE('',#1332,#1331);
#1334=DIRECTION('',(1.E0,0.E0,0.E0));
#1335=VECTOR('',#1334,6.35E-1);
#1336=CARTESIAN_POINT('',(3.4925E0,-1.143E0,-8.89E0));
#1337=LINE('',#1336,#1335);
#1338=DIRECTION('',(0.E0,1.E0,0.E0));
#1339=VECTOR('',#1338,1.27E0);
#1340=CARTESIAN_POINT('',(3.4925E0,1.27E-1,-8.89E0));
#1341=LINE('',#1340,#1339);
#1342=DIRECTION('',(1.E0,0.E0,0.E0));
#1343=VECTOR('',#1342,6.35E-1);
#1344=CARTESIAN_POINT('',(3.4925E0,1.27E-1,-8.89E0));
#1345=LINE('',#1344,#1343);
#1346=DIRECTION('',(0.E0,1.E0,0.E0));
#1347=VECTOR('',#1346,1.27E0);
#1348=CARTESIAN_POINT('',(4.1275E0,1.27E-1,-8.89E0));
#1349=LINE('',#1348,#1347);
#1350=DIRECTION('',(1.E0,0.E0,0.E0));
#1351=VECTOR('',#1350,6.35E-1);
#1352=CARTESIAN_POINT('',(3.4925E0,1.397E0,-8.89E0));
#1353=LINE('',#1352,#1351);
#1354=DIRECTION('',(0.E0,1.E0,0.E0));
#1355=VECTOR('',#1354,1.27E0);
#1356=CARTESIAN_POINT('',(6.0325E0,-2.413E0,-8.89E0));
#1357=LINE('',#1356,#1355);
#1358=DIRECTION('',(1.E0,0.E0,0.E0));
#1359=VECTOR('',#1358,6.35E-1);
#1360=CARTESIAN_POINT('',(6.0325E0,-2.413E0,-8.89E0));
#1361=LINE('',#1360,#1359);
#1362=DIRECTION('',(0.E0,1.E0,0.E0));
#1363=VECTOR('',#1362,1.27E0);
#1364=CARTESIAN_POINT('',(6.6675E0,-2.413E0,-8.89E0));
#1365=LINE('',#1364,#1363);
#1366=DIRECTION('',(1.E0,0.E0,0.E0));
#1367=VECTOR('',#1366,6.35E-1);
#1368=CARTESIAN_POINT('',(6.0325E0,-1.143E0,-8.89E0));
#1369=LINE('',#1368,#1367);
#1370=DIRECTION('',(0.E0,1.E0,0.E0));
#1371=VECTOR('',#1370,1.27E0);
#1372=CARTESIAN_POINT('',(6.0325E0,1.27E-1,-8.89E0));
#1373=LINE('',#1372,#1371);
#1374=DIRECTION('',(1.E0,0.E0,0.E0));
#1375=VECTOR('',#1374,6.35E-1);
#1376=CARTESIAN_POINT('',(6.0325E0,1.27E-1,-8.89E0));
#1377=LINE('',#1376,#1375);
#1378=DIRECTION('',(0.E0,1.E0,0.E0));
#1379=VECTOR('',#1378,1.27E0);
#1380=CARTESIAN_POINT('',(6.6675E0,1.27E-1,-8.89E0));
#1381=LINE('',#1380,#1379);
#1382=DIRECTION('',(1.E0,0.E0,0.E0));
#1383=VECTOR('',#1382,6.35E-1);
#1384=CARTESIAN_POINT('',(6.0325E0,1.397E0,-8.89E0));
#1385=LINE('',#1384,#1383);
#1386=DIRECTION('',(0.E0,1.E0,0.E0));
#1387=VECTOR('',#1386,1.27E0);
#1388=CARTESIAN_POINT('',(8.5725E0,-2.413E0,-8.89E0));
#1389=LINE('',#1388,#1387);
#1390=DIRECTION('',(1.E0,0.E0,0.E0));
#1391=VECTOR('',#1390,6.35E-1);
#1392=CARTESIAN_POINT('',(8.5725E0,-2.413E0,-8.89E0));
#1393=LINE('',#1392,#1391);
#1394=DIRECTION('',(0.E0,1.E0,0.E0));
#1395=VECTOR('',#1394,1.27E0);
#1396=CARTESIAN_POINT('',(9.2075E0,-2.413E0,-8.89E0));
#1397=LINE('',#1396,#1395);
#1398=DIRECTION('',(1.E0,0.E0,0.E0));
#1399=VECTOR('',#1398,6.35E-1);
#1400=CARTESIAN_POINT('',(8.5725E0,-1.143E0,-8.89E0));
#1401=LINE('',#1400,#1399);
#1402=DIRECTION('',(0.E0,1.E0,0.E0));
#1403=VECTOR('',#1402,1.27E0);
#1404=CARTESIAN_POINT('',(8.5725E0,1.27E-1,-8.89E0));
#1405=LINE('',#1404,#1403);
#1406=DIRECTION('',(1.E0,0.E0,0.E0));
#1407=VECTOR('',#1406,6.35E-1);
#1408=CARTESIAN_POINT('',(8.5725E0,1.27E-1,-8.89E0));
#1409=LINE('',#1408,#1407);
#1410=DIRECTION('',(0.E0,1.E0,0.E0));
#1411=VECTOR('',#1410,1.27E0);
#1412=CARTESIAN_POINT('',(9.2075E0,1.27E-1,-8.89E0));
#1413=LINE('',#1412,#1411);
#1414=DIRECTION('',(1.E0,0.E0,0.E0));
#1415=VECTOR('',#1414,6.35E-1);
#1416=CARTESIAN_POINT('',(8.5725E0,1.397E0,-8.89E0));
#1417=LINE('',#1416,#1415);
#1418=DIRECTION('',(0.E0,1.E0,0.E0));
#1419=VECTOR('',#1418,1.27E0);
#1420=CARTESIAN_POINT('',(1.11125E1,-2.413E0,-8.89E0));
#1421=LINE('',#1420,#1419);
#1422=DIRECTION('',(1.E0,0.E0,0.E0));
#1423=VECTOR('',#1422,6.35E-1);
#1424=CARTESIAN_POINT('',(1.11125E1,-2.413E0,-8.89E0));
#1425=LINE('',#1424,#1423);
#1426=DIRECTION('',(0.E0,1.E0,0.E0));
#1427=VECTOR('',#1426,1.27E0);
#1428=CARTESIAN_POINT('',(1.17475E1,-2.413E0,-8.89E0));
#1429=LINE('',#1428,#1427);
#1430=DIRECTION('',(1.E0,0.E0,0.E0));
#1431=VECTOR('',#1430,6.35E-1);
#1432=CARTESIAN_POINT('',(1.11125E1,-1.143E0,-8.89E0));
#1433=LINE('',#1432,#1431);
#1434=DIRECTION('',(0.E0,1.E0,0.E0));
#1435=VECTOR('',#1434,1.27E0);
#1436=CARTESIAN_POINT('',(1.11125E1,1.27E-1,-8.89E0));
#1437=LINE('',#1436,#1435);
#1438=DIRECTION('',(1.E0,0.E0,0.E0));
#1439=VECTOR('',#1438,6.35E-1);
#1440=CARTESIAN_POINT('',(1.11125E1,1.27E-1,-8.89E0));
#1441=LINE('',#1440,#1439);
#1442=DIRECTION('',(0.E0,1.E0,0.E0));
#1443=VECTOR('',#1442,1.27E0);
#1444=CARTESIAN_POINT('',(1.17475E1,1.27E-1,-8.89E0));
#1445=LINE('',#1444,#1443);
#1446=DIRECTION('',(1.E0,0.E0,0.E0));
#1447=VECTOR('',#1446,6.35E-1);
#1448=CARTESIAN_POINT('',(1.11125E1,1.397E0,-8.89E0));
#1449=LINE('',#1448,#1447);
#1450=DIRECTION('',(0.E0,1.E0,0.E0));
#1451=VECTOR('',#1450,1.27E0);
#1452=CARTESIAN_POINT('',(1.36525E1,-2.413E0,-8.89E0));
#1453=LINE('',#1452,#1451);
#1454=DIRECTION('',(1.E0,0.E0,0.E0));
#1455=VECTOR('',#1454,6.35E-1);
#1456=CARTESIAN_POINT('',(1.36525E1,-2.413E0,-8.89E0));
#1457=LINE('',#1456,#1455);
#1458=DIRECTION('',(0.E0,1.E0,0.E0));
#1459=VECTOR('',#1458,1.27E0);
#1460=CARTESIAN_POINT('',(1.42875E1,-2.413E0,-8.89E0));
#1461=LINE('',#1460,#1459);
#1462=DIRECTION('',(1.E0,0.E0,0.E0));
#1463=VECTOR('',#1462,6.35E-1);
#1464=CARTESIAN_POINT('',(1.36525E1,-1.143E0,-8.89E0));
#1465=LINE('',#1464,#1463);
#1466=DIRECTION('',(0.E0,1.E0,0.E0));
#1467=VECTOR('',#1466,1.27E0);
#1468=CARTESIAN_POINT('',(1.36525E1,1.27E-1,-8.89E0));
#1469=LINE('',#1468,#1467);
#1470=DIRECTION('',(1.E0,0.E0,0.E0));
#1471=VECTOR('',#1470,6.35E-1);
#1472=CARTESIAN_POINT('',(1.36525E1,1.27E-1,-8.89E0));
#1473=LINE('',#1472,#1471);
#1474=DIRECTION('',(0.E0,1.E0,0.E0));
#1475=VECTOR('',#1474,1.27E0);
#1476=CARTESIAN_POINT('',(1.42875E1,1.27E-1,-8.89E0));
#1477=LINE('',#1476,#1475);
#1478=DIRECTION('',(1.E0,0.E0,0.E0));
#1479=VECTOR('',#1478,6.35E-1);
#1480=CARTESIAN_POINT('',(1.36525E1,1.397E0,-8.89E0));
#1481=LINE('',#1480,#1479);
#1482=DIRECTION('',(0.E0,7.071067811865E-1,7.071067811865E-1));
#1483=VECTOR('',#1482,8.980256121069E-1);
#1484=CARTESIAN_POINT('',(1.33096E1,3.048E0,-6.35E-1));
#1485=LINE('',#1484,#1483);
#1486=DIRECTION('',(0.E0,0.E0,-1.E0));
#1487=VECTOR('',#1486,8.255E0);
#1488=CARTESIAN_POINT('',(1.33096E1,3.048E0,-6.35E-1));
#1489=LINE('',#1488,#1487);
#1490=DIRECTION('',(5.773502691896E-1,5.773502691896E-1,5.773502691896E-1));
#1491=VECTOR('',#1490,1.099852262806E0);
#1492=CARTESIAN_POINT('',(1.56464E1,3.048E0,-6.35E-1));
#1493=LINE('',#1492,#1491);
#1494=DIRECTION('',(7.071067811865E-1,0.E0,7.071067811865E-1));
#1495=VECTOR('',#1494,8.980256121069E-1);
#1496=CARTESIAN_POINT('',(1.56464E1,1.2065E0,-6.35E-1));
#1497=LINE('',#1496,#1495);
#1498=DIRECTION('',(5.773502691896E-1,-5.773502691896E-1,5.773502691896E-1));
#1499=VECTOR('',#1498,1.099852262806E0);
#1500=CARTESIAN_POINT('',(1.56464E1,-4.064E0,-6.35E-1));
#1501=LINE('',#1500,#1499);
#1502=DIRECTION('',(7.071067811865E-1,0.E0,7.071067811865E-1));
#1503=VECTOR('',#1502,8.980256121069E-1);
#1504=CARTESIAN_POINT('',(1.56464E1,2.794E0,-6.35E-1));
#1505=LINE('',#1504,#1503);
#1506=DIRECTION('',(-5.773502691896E-1,-5.773502691896E-1,5.773502691896E-1));
#1507=VECTOR('',#1506,1.099852262806E0);
#1508=CARTESIAN_POINT('',(-1.56464E1,-4.064E0,-6.35E-1));
#1509=LINE('',#1508,#1507);
#1510=DIRECTION('',(0.E0,0.E0,-1.E0));
#1511=VECTOR('',#1510,1.016E0);
#1512=CARTESIAN_POINT('',(1.56464E1,1.2065E0,-6.35E-1));
#1513=LINE('',#1512,#1511);
#1514=DIRECTION('',(0.E0,-1.E0,0.E0));
#1515=VECTOR('',#1514,5.2705E0);
#1516=CARTESIAN_POINT('',(1.56464E1,1.2065E0,-6.35E-1));
#1517=LINE('',#1516,#1515);
#1518=DIRECTION('',(0.E0,0.E0,-1.E0));
#1519=VECTOR('',#1518,8.255E0);
#1520=CARTESIAN_POINT('',(1.56464E1,-4.064E0,-6.35E-1));
#1521=LINE('',#1520,#1519);
#1522=DIRECTION('',(0.E0,-1.E0,0.E0));
#1523=VECTOR('',#1522,2.54E-1);
#1524=CARTESIAN_POINT('',(1.56464E1,3.048E0,-6.35E-1));
#1525=LINE('',#1524,#1523);
#1526=DIRECTION('',(0.E0,0.E0,-1.E0));
#1527=VECTOR('',#1526,1.016E0);
#1528=CARTESIAN_POINT('',(1.56464E1,2.794E0,-6.35E-1));
#1529=LINE('',#1528,#1527);
#1530=DIRECTION('',(0.E0,1.E0,0.E0));
#1531=VECTOR('',#1530,1.5875E0);
#1532=CARTESIAN_POINT('',(1.56464E1,1.2065E0,-1.651E0));
#1533=LINE('',#1532,#1531);
#1534=DIRECTION('',(1.E0,0.E0,0.E0));
#1535=VECTOR('',#1534,2.3368E0);
#1536=CARTESIAN_POINT('',(1.33096E1,3.048E0,-6.35E-1));
#1537=LINE('',#1536,#1535);
#1538=DIRECTION('',(0.E0,0.E0,-1.E0));
#1539=VECTOR('',#1538,8.255E0);
#1540=CARTESIAN_POINT('',(1.56464E1,3.048E0,-6.35E-1));
#1541=LINE('',#1540,#1539);
#1542=DIRECTION('',(1.E0,0.E0,0.E0));
#1543=VECTOR('',#1542,2.3368E0);
#1544=CARTESIAN_POINT('',(-1.56464E1,3.048E0,-6.35E-1));
#1545=LINE('',#1544,#1543);
#1546=DIRECTION('',(0.E0,0.E0,-1.E0));
#1547=VECTOR('',#1546,8.255E0);
#1548=CARTESIAN_POINT('',(-1.33096E1,3.048E0,-6.35E-1));
#1549=LINE('',#1548,#1547);
#1550=DIRECTION('',(0.E0,-7.071067811865E-1,-7.071067811865E-1));
#1551=VECTOR('',#1550,8.980256121069E-1);
#1552=CARTESIAN_POINT('',(-1.33096E1,3.683E0,0.E0));
#1553=LINE('',#1552,#1551);
#1554=DIRECTION('',(0.E0,0.E0,-1.E0));
#1555=VECTOR('',#1554,8.89E0);
#1556=CARTESIAN_POINT('',(-1.33096E1,4.064E0,0.E0));
#1557=LINE('',#1556,#1555);
#1558=DIRECTION('',(0.E0,0.E0,1.E0));
#1559=VECTOR('',#1558,1.016E0);
#1560=CARTESIAN_POINT('',(-1.42875E1,-1.143E0,-8.89E0));
#1561=LINE('',#1560,#1559);
#1562=DIRECTION('',(0.E0,-1.E0,0.E0));
#1563=VECTOR('',#1562,3.175E-1);
#1564=CARTESIAN_POINT('',(-1.42875E1,-1.143E0,-7.874E0));
#1565=LINE('',#1564,#1563);
#1566=DIRECTION('',(0.E0,0.E0,1.E0));
#1567=VECTOR('',#1566,7.0612E0);
#1568=CARTESIAN_POINT('',(-1.42875E1,-1.4605E0,-7.874E0));
#1569=LINE('',#1568,#1567);
#1570=DIRECTION('',(0.E0,-1.E0,0.E0));
#1571=VECTOR('',#1570,6.35E-1);
#1572=CARTESIAN_POINT('',(-1.42875E1,-1.4605E0,-8.128E-1));
#1573=LINE('',#1572,#1571);
#1574=DIRECTION('',(0.E0,0.E0,-1.E0));
#1575=VECTOR('',#1574,7.0612E0);
#1576=CARTESIAN_POINT('',(-1.42875E1,-2.0955E0,-8.128E-1));
#1577=LINE('',#1576,#1575);
#1578=DIRECTION('',(0.E0,-1.E0,0.E0));
#1579=VECTOR('',#1578,3.175E-1);
#1580=CARTESIAN_POINT('',(-1.42875E1,-2.0955E0,-7.874E0));
#1581=LINE('',#1580,#1579);
#1582=DIRECTION('',(0.E0,0.E0,-1.E0));
#1583=VECTOR('',#1582,1.016E0);
#1584=CARTESIAN_POINT('',(-1.42875E1,-2.413E0,-7.874E0));
#1585=LINE('',#1584,#1583);
#1586=DIRECTION('',(0.E0,0.E0,1.E0));
#1587=VECTOR('',#1586,1.016E0);
#1588=CARTESIAN_POINT('',(-1.42875E1,1.397E0,-8.89E0));
#1589=LINE('',#1588,#1587);
#1590=DIRECTION('',(0.E0,-1.E0,0.E0));
#1591=VECTOR('',#1590,3.175E-1);
#1592=CARTESIAN_POINT('',(-1.42875E1,1.397E0,-7.874E0));
#1593=LINE('',#1592,#1591);
#1594=DIRECTION('',(0.E0,0.E0,1.E0));
#1595=VECTOR('',#1594,7.0612E0);
#1596=CARTESIAN_POINT('',(-1.42875E1,1.0795E0,-7.874E0));
#1597=LINE('',#1596,#1595);
#1598=DIRECTION('',(0.E0,-1.E0,0.E0));
#1599=VECTOR('',#1598,6.35E-1);
#1600=CARTESIAN_POINT('',(-1.42875E1,1.0795E0,-8.128E-1));
#1601=LINE('',#1600,#1599);
#1602=DIRECTION('',(0.E0,0.E0,-1.E0));
#1603=VECTOR('',#1602,7.0612E0);
#1604=CARTESIAN_POINT('',(-1.42875E1,4.445E-1,-8.128E-1));
#1605=LINE('',#1604,#1603);
#1606=DIRECTION('',(0.E0,-1.E0,0.E0));
#1607=VECTOR('',#1606,3.175E-1);
#1608=CARTESIAN_POINT('',(-1.42875E1,4.445E-1,-7.874E0));
#1609=LINE('',#1608,#1607);
#1610=DIRECTION('',(0.E0,0.E0,-1.E0));
#1611=VECTOR('',#1610,1.016E0);
#1612=CARTESIAN_POINT('',(-1.42875E1,1.27E-1,-7.874E0));
#1613=LINE('',#1612,#1611);
#1614=DIRECTION('',(0.E0,-1.E0,0.E0));
#1615=VECTOR('',#1614,3.429E0);
#1616=CARTESIAN_POINT('',(-1.42875E1,-5.08E0,-1.51003E1));
#1617=LINE('',#1616,#1615);
#1618=DIRECTION('',(0.E0,0.E0,-1.E0));
#1619=VECTOR('',#1618,6.35E-1);
#1620=CARTESIAN_POINT('',(-1.42875E1,-8.509E0,-1.51003E1));
#1621=LINE('',#1620,#1619);
#1622=DIRECTION('',(0.E0,1.E0,0.E0));
#1623=VECTOR('',#1622,3.429E0);
#1624=CARTESIAN_POINT('',(-1.42875E1,-8.509E0,-1.57353E1));
#1625=LINE('',#1624,#1623);
#1626=DIRECTION('',(0.E0,-1.E0,0.E0));
#1627=VECTOR('',#1626,3.429E0);
#1628=CARTESIAN_POINT('',(-1.42875E1,-5.08E0,-1.25603E1));
#1629=LINE('',#1628,#1627);
#1630=DIRECTION('',(0.E0,0.E0,-1.E0));
#1631=VECTOR('',#1630,6.35E-1);
#1632=CARTESIAN_POINT('',(-1.42875E1,-8.509E0,-1.25603E1));
#1633=LINE('',#1632,#1631);
#1634=DIRECTION('',(0.E0,1.E0,0.E0));
#1635=VECTOR('',#1634,3.429E0);
#1636=CARTESIAN_POINT('',(-1.42875E1,-8.509E0,-1.31953E1));
#1637=LINE('',#1636,#1635);
#1638=DIRECTION('',(0.E0,0.E0,-1.E0));
#1639=VECTOR('',#1638,1.016E0);
#1640=CARTESIAN_POINT('',(-1.36525E1,-2.413E0,-7.874E0));
#1641=LINE('',#1640,#1639);
#1642=DIRECTION('',(0.E0,-1.E0,0.E0));
#1643=VECTOR('',#1642,3.175E-1);
#1644=CARTESIAN_POINT('',(-1.36525E1,-2.0955E0,-7.874E0));
#1645=LINE('',#1644,#1643);
#1646=DIRECTION('',(0.E0,0.E0,-1.E0));
#1647=VECTOR('',#1646,7.0612E0);
#1648=CARTESIAN_POINT('',(-1.36525E1,-2.0955E0,-8.128E-1));
#1649=LINE('',#1648,#1647);
#1650=DIRECTION('',(0.E0,-1.E0,0.E0));
#1651=VECTOR('',#1650,6.35E-1);
#1652=CARTESIAN_POINT('',(-1.36525E1,-1.4605E0,-8.128E-1));
#1653=LINE('',#1652,#1651);
#1654=DIRECTION('',(0.E0,0.E0,1.E0));
#1655=VECTOR('',#1654,7.0612E0);
#1656=CARTESIAN_POINT('',(-1.36525E1,-1.4605E0,-7.874E0));
#1657=LINE('',#1656,#1655);
#1658=DIRECTION('',(0.E0,-1.E0,0.E0));
#1659=VECTOR('',#1658,3.175E-1);
#1660=CARTESIAN_POINT('',(-1.36525E1,-1.143E0,-7.874E0));
#1661=LINE('',#1660,#1659);
#1662=DIRECTION('',(0.E0,0.E0,1.E0));
#1663=VECTOR('',#1662,1.016E0);
#1664=CARTESIAN_POINT('',(-1.36525E1,-1.143E0,-8.89E0));
#1665=LINE('',#1664,#1663);
#1666=DIRECTION('',(0.E0,0.E0,-1.E0));
#1667=VECTOR('',#1666,1.016E0);
#1668=CARTESIAN_POINT('',(-1.36525E1,1.27E-1,-7.874E0));
#1669=LINE('',#1668,#1667);
#1670=DIRECTION('',(0.E0,-1.E0,0.E0));
#1671=VECTOR('',#1670,3.175E-1);
#1672=CARTESIAN_POINT('',(-1.36525E1,4.445E-1,-7.874E0));
#1673=LINE('',#1672,#1671);
#1674=DIRECTION('',(0.E0,0.E0,-1.E0));
#1675=VECTOR('',#1674,7.0612E0);
#1676=CARTESIAN_POINT('',(-1.36525E1,4.445E-1,-8.128E-1));
#1677=LINE('',#1676,#1675);
#1678=DIRECTION('',(0.E0,-1.E0,0.E0));
#1679=VECTOR('',#1678,6.35E-1);
#1680=CARTESIAN_POINT('',(-1.36525E1,1.0795E0,-8.128E-1));
#1681=LINE('',#1680,#1679);
#1682=DIRECTION('',(0.E0,0.E0,1.E0));
#1683=VECTOR('',#1682,7.0612E0);
#1684=CARTESIAN_POINT('',(-1.36525E1,1.0795E0,-7.874E0));
#1685=LINE('',#1684,#1683);
#1686=DIRECTION('',(0.E0,-1.E0,0.E0));
#1687=VECTOR('',#1686,3.175E-1);
#1688=CARTESIAN_POINT('',(-1.36525E1,1.397E0,-7.874E0));
#1689=LINE('',#1688,#1687);
#1690=DIRECTION('',(0.E0,0.E0,1.E0));
#1691=VECTOR('',#1690,1.016E0);
#1692=CARTESIAN_POINT('',(-1.36525E1,1.397E0,-8.89E0));
#1693=LINE('',#1692,#1691);
#1694=DIRECTION('',(0.E0,1.E0,0.E0));
#1695=VECTOR('',#1694,3.429E0);
#1696=CARTESIAN_POINT('',(-1.36525E1,-8.509E0,-1.31953E1));
#1697=LINE('',#1696,#1695);
#1698=DIRECTION('',(0.E0,0.E0,-1.E0));
#1699=VECTOR('',#1698,6.35E-1);
#1700=CARTESIAN_POINT('',(-1.36525E1,-8.509E0,-1.25603E1));
#1701=LINE('',#1700,#1699);
#1702=DIRECTION('',(0.E0,-1.E0,0.E0));
#1703=VECTOR('',#1702,3.429E0);
#1704=CARTESIAN_POINT('',(-1.36525E1,-5.08E0,-1.25603E1));
#1705=LINE('',#1704,#1703);
#1706=DIRECTION('',(0.E0,1.E0,0.E0));
#1707=VECTOR('',#1706,3.429E0);
#1708=CARTESIAN_POINT('',(-1.36525E1,-8.509E0,-1.57353E1));
#1709=LINE('',#1708,#1707);
#1710=DIRECTION('',(0.E0,0.E0,-1.E0));
#1711=VECTOR('',#1710,6.35E-1);
#1712=CARTESIAN_POINT('',(-1.36525E1,-8.509E0,-1.51003E1));
#1713=LINE('',#1712,#1711);
#1714=DIRECTION('',(0.E0,-1.E0,0.E0));
#1715=VECTOR('',#1714,3.429E0);
#1716=CARTESIAN_POINT('',(-1.36525E1,-5.08E0,-1.51003E1));
#1717=LINE('',#1716,#1715);
#1718=DIRECTION('',(1.E0,0.E0,0.E0));
#1719=VECTOR('',#1718,6.35E-1);
#1720=CARTESIAN_POINT('',(-1.42875E1,-2.413E0,-7.874E0));
#1721=LINE('',#1720,#1719);
#1722=DIRECTION('',(1.E0,0.E0,0.E0));
#1723=VECTOR('',#1722,6.35E-1);
#1724=CARTESIAN_POINT('',(-1.42875E1,-2.0955E0,-7.874E0));
#1725=LINE('',#1724,#1723);
#1726=DIRECTION('',(1.E0,0.E0,0.E0));
#1727=VECTOR('',#1726,6.35E-1);
#1728=CARTESIAN_POINT('',(-1.42875E1,-2.0955E0,-8.128E-1));
#1729=LINE('',#1728,#1727);
#1730=DIRECTION('',(1.E0,0.E0,0.E0));
#1731=VECTOR('',#1730,6.35E-1);
#1732=CARTESIAN_POINT('',(-1.42875E1,-1.4605E0,-8.128E-1));
#1733=LINE('',#1732,#1731);
#1734=DIRECTION('',(1.E0,0.E0,0.E0));
#1735=VECTOR('',#1734,6.35E-1);
#1736=CARTESIAN_POINT('',(-1.42875E1,-1.4605E0,-7.874E0));
#1737=LINE('',#1736,#1735);
#1738=DIRECTION('',(1.E0,0.E0,0.E0));
#1739=VECTOR('',#1738,6.35E-1);
#1740=CARTESIAN_POINT('',(-1.42875E1,-1.143E0,-7.874E0));
#1741=LINE('',#1740,#1739);
#1742=DIRECTION('',(1.E0,0.E0,0.E0));
#1743=VECTOR('',#1742,6.35E-1);
#1744=CARTESIAN_POINT('',(-1.42875E1,1.27E-1,-7.874E0));
#1745=LINE('',#1744,#1743);
#1746=DIRECTION('',(1.E0,0.E0,0.E0));
#1747=VECTOR('',#1746,6.35E-1);
#1748=CARTESIAN_POINT('',(-1.42875E1,4.445E-1,-7.874E0));
#1749=LINE('',#1748,#1747);
#1750=DIRECTION('',(1.E0,0.E0,0.E0));
#1751=VECTOR('',#1750,6.35E-1);
#1752=CARTESIAN_POINT('',(-1.42875E1,4.445E-1,-8.128E-1));
#1753=LINE('',#1752,#1751);
#1754=DIRECTION('',(1.E0,0.E0,0.E0));
#1755=VECTOR('',#1754,6.35E-1);
#1756=CARTESIAN_POINT('',(-1.42875E1,1.0795E0,-8.128E-1));
#1757=LINE('',#1756,#1755);
#1758=DIRECTION('',(1.E0,0.E0,0.E0));
#1759=VECTOR('',#1758,6.35E-1);
#1760=CARTESIAN_POINT('',(-1.42875E1,1.0795E0,-7.874E0));
#1761=LINE('',#1760,#1759);
#1762=DIRECTION('',(1.E0,0.E0,0.E0));
#1763=VECTOR('',#1762,6.35E-1);
#1764=CARTESIAN_POINT('',(-1.42875E1,1.397E0,-7.874E0));
#1765=LINE('',#1764,#1763);
#1766=DIRECTION('',(1.E0,0.E0,0.E0));
#1767=VECTOR('',#1766,6.35E-1);
#1768=CARTESIAN_POINT('',(-1.42875E1,-8.509E0,-1.31953E1));
#1769=LINE('',#1768,#1767);
#1770=DIRECTION('',(1.E0,0.E0,0.E0));
#1771=VECTOR('',#1770,6.35E-1);
#1772=CARTESIAN_POINT('',(-1.42875E1,-8.509E0,-1.25603E1));
#1773=LINE('',#1772,#1771);
#1774=DIRECTION('',(1.E0,0.E0,0.E0));
#1775=VECTOR('',#1774,6.35E-1);
#1776=CARTESIAN_POINT('',(-1.42875E1,-8.509E0,-1.57353E1));
#1777=LINE('',#1776,#1775);
#1778=DIRECTION('',(1.E0,0.E0,0.E0));
#1779=VECTOR('',#1778,6.35E-1);
#1780=CARTESIAN_POINT('',(-1.42875E1,-8.509E0,-1.51003E1));
#1781=LINE('',#1780,#1779);
#1782=DIRECTION('',(0.E0,0.E0,1.E0));
#1783=VECTOR('',#1782,1.016E0);
#1784=CARTESIAN_POINT('',(-1.17475E1,-1.143E0,-8.89E0));
#1785=LINE('',#1784,#1783);
#1786=DIRECTION('',(0.E0,-1.E0,0.E0));
#1787=VECTOR('',#1786,3.175E-1);
#1788=CARTESIAN_POINT('',(-1.17475E1,-1.143E0,-7.874E0));
#1789=LINE('',#1788,#1787);
#1790=DIRECTION('',(0.E0,0.E0,1.E0));
#1791=VECTOR('',#1790,7.0612E0);
#1792=CARTESIAN_POINT('',(-1.17475E1,-1.4605E0,-7.874E0));
#1793=LINE('',#1792,#1791);
#1794=DIRECTION('',(0.E0,-1.E0,0.E0));
#1795=VECTOR('',#1794,6.35E-1);
#1796=CARTESIAN_POINT('',(-1.17475E1,-1.4605E0,-8.128E-1));
#1797=LINE('',#1796,#1795);
#1798=DIRECTION('',(0.E0,0.E0,-1.E0));
#1799=VECTOR('',#1798,7.0612E0);
#1800=CARTESIAN_POINT('',(-1.17475E1,-2.0955E0,-8.128E-1));
#1801=LINE('',#1800,#1799);
#1802=DIRECTION('',(0.E0,-1.E0,0.E0));
#1803=VECTOR('',#1802,3.175E-1);
#1804=CARTESIAN_POINT('',(-1.17475E1,-2.0955E0,-7.874E0));
#1805=LINE('',#1804,#1803);
#1806=DIRECTION('',(0.E0,0.E0,-1.E0));
#1807=VECTOR('',#1806,1.016E0);
#1808=CARTESIAN_POINT('',(-1.17475E1,-2.413E0,-7.874E0));
#1809=LINE('',#1808,#1807);
#1810=DIRECTION('',(0.E0,0.E0,1.E0));
#1811=VECTOR('',#1810,1.016E0);
#1812=CARTESIAN_POINT('',(-1.17475E1,1.397E0,-8.89E0));
#1813=LINE('',#1812,#1811);
#1814=DIRECTION('',(0.E0,-1.E0,0.E0));
#1815=VECTOR('',#1814,3.175E-1);
#1816=CARTESIAN_POINT('',(-1.17475E1,1.397E0,-7.874E0));
#1817=LINE('',#1816,#1815);
#1818=DIRECTION('',(0.E0,0.E0,1.E0));
#1819=VECTOR('',#1818,7.0612E0);
#1820=CARTESIAN_POINT('',(-1.17475E1,1.0795E0,-7.874E0));
#1821=LINE('',#1820,#1819);
#1822=DIRECTION('',(0.E0,-1.E0,0.E0));
#1823=VECTOR('',#1822,6.35E-1);
#1824=CARTESIAN_POINT('',(-1.17475E1,1.0795E0,-8.128E-1));
#1825=LINE('',#1824,#1823);
#1826=DIRECTION('',(0.E0,0.E0,-1.E0));
#1827=VECTOR('',#1826,7.0612E0);
#1828=CARTESIAN_POINT('',(-1.17475E1,4.445E-1,-8.128E-1));
#1829=LINE('',#1828,#1827);
#1830=DIRECTION('',(0.E0,-1.E0,0.E0));
#1831=VECTOR('',#1830,3.175E-1);
#1832=CARTESIAN_POINT('',(-1.17475E1,4.445E-1,-7.874E0));
#1833=LINE('',#1832,#1831);
#1834=DIRECTION('',(0.E0,0.E0,-1.E0));
#1835=VECTOR('',#1834,1.016E0);
#1836=CARTESIAN_POINT('',(-1.17475E1,1.27E-1,-7.874E0));
#1837=LINE('',#1836,#1835);
#1838=DIRECTION('',(0.E0,-1.E0,0.E0));
#1839=VECTOR('',#1838,3.429E0);
#1840=CARTESIAN_POINT('',(-1.17475E1,-5.08E0,-1.25603E1));
#1841=LINE('',#1840,#1839);
#1842=DIRECTION('',(0.E0,0.E0,-1.E0));
#1843=VECTOR('',#1842,6.35E-1);
#1844=CARTESIAN_POINT('',(-1.17475E1,-8.509E0,-1.25603E1));
#1845=LINE('',#1844,#1843);
#1846=DIRECTION('',(0.E0,1.E0,0.E0));
#1847=VECTOR('',#1846,3.429E0);
#1848=CARTESIAN_POINT('',(-1.17475E1,-8.509E0,-1.31953E1));
#1849=LINE('',#1848,#1847);
#1850=DIRECTION('',(0.E0,-1.E0,0.E0));
#1851=VECTOR('',#1850,3.429E0);
#1852=CARTESIAN_POINT('',(-1.17475E1,-5.08E0,-1.51003E1));
#1853=LINE('',#1852,#1851);
#1854=DIRECTION('',(0.E0,0.E0,-1.E0));
#1855=VECTOR('',#1854,6.35E-1);
#1856=CARTESIAN_POINT('',(-1.17475E1,-8.509E0,-1.51003E1));
#1857=LINE('',#1856,#1855);
#1858=DIRECTION('',(0.E0,1.E0,0.E0));
#1859=VECTOR('',#1858,3.429E0);
#1860=CARTESIAN_POINT('',(-1.17475E1,-8.509E0,-1.57353E1));
#1861=LINE('',#1860,#1859);
#1862=DIRECTION('',(0.E0,0.E0,-1.E0));
#1863=VECTOR('',#1862,1.016E0);
#1864=CARTESIAN_POINT('',(-1.11125E1,-2.413E0,-7.874E0));
#1865=LINE('',#1864,#1863);
#1866=DIRECTION('',(0.E0,-1.E0,0.E0));
#1867=VECTOR('',#1866,3.175E-1);
#1868=CARTESIAN_POINT('',(-1.11125E1,-2.0955E0,-7.874E0));
#1869=LINE('',#1868,#1867);
#1870=DIRECTION('',(0.E0,0.E0,-1.E0));
#1871=VECTOR('',#1870,7.0612E0);
#1872=CARTESIAN_POINT('',(-1.11125E1,-2.0955E0,-8.128E-1));
#1873=LINE('',#1872,#1871);
#1874=DIRECTION('',(0.E0,-1.E0,0.E0));
#1875=VECTOR('',#1874,6.35E-1);
#1876=CARTESIAN_POINT('',(-1.11125E1,-1.4605E0,-8.128E-1));
#1877=LINE('',#1876,#1875);
#1878=DIRECTION('',(0.E0,0.E0,1.E0));
#1879=VECTOR('',#1878,7.0612E0);
#1880=CARTESIAN_POINT('',(-1.11125E1,-1.4605E0,-7.874E0));
#1881=LINE('',#1880,#1879);
#1882=DIRECTION('',(0.E0,-1.E0,0.E0));
#1883=VECTOR('',#1882,3.175E-1);
#1884=CARTESIAN_POINT('',(-1.11125E1,-1.143E0,-7.874E0));
#1885=LINE('',#1884,#1883);
#1886=DIRECTION('',(0.E0,0.E0,1.E0));
#1887=VECTOR('',#1886,1.016E0);
#1888=CARTESIAN_POINT('',(-1.11125E1,-1.143E0,-8.89E0));
#1889=LINE('',#1888,#1887);
#1890=DIRECTION('',(0.E0,0.E0,-1.E0));
#1891=VECTOR('',#1890,1.016E0);
#1892=CARTESIAN_POINT('',(-1.11125E1,1.27E-1,-7.874E0));
#1893=LINE('',#1892,#1891);
#1894=DIRECTION('',(0.E0,-1.E0,0.E0));
#1895=VECTOR('',#1894,3.175E-1);
#1896=CARTESIAN_POINT('',(-1.11125E1,4.445E-1,-7.874E0));
#1897=LINE('',#1896,#1895);
#1898=DIRECTION('',(0.E0,0.E0,-1.E0));
#1899=VECTOR('',#1898,7.0612E0);
#1900=CARTESIAN_POINT('',(-1.11125E1,4.445E-1,-8.128E-1));
#1901=LINE('',#1900,#1899);
#1902=DIRECTION('',(0.E0,-1.E0,0.E0));
#1903=VECTOR('',#1902,6.35E-1);
#1904=CARTESIAN_POINT('',(-1.11125E1,1.0795E0,-8.128E-1));
#1905=LINE('',#1904,#1903);
#1906=DIRECTION('',(0.E0,0.E0,1.E0));
#1907=VECTOR('',#1906,7.0612E0);
#1908=CARTESIAN_POINT('',(-1.11125E1,1.0795E0,-7.874E0));
#1909=LINE('',#1908,#1907);
#1910=DIRECTION('',(0.E0,-1.E0,0.E0));
#1911=VECTOR('',#1910,3.175E-1);
#1912=CARTESIAN_POINT('',(-1.11125E1,1.397E0,-7.874E0));
#1913=LINE('',#1912,#1911);
#1914=DIRECTION('',(0.E0,0.E0,1.E0));
#1915=VECTOR('',#1914,1.016E0);
#1916=CARTESIAN_POINT('',(-1.11125E1,1.397E0,-8.89E0));
#1917=LINE('',#1916,#1915);
#1918=DIRECTION('',(0.E0,1.E0,0.E0));
#1919=VECTOR('',#1918,3.429E0);
#1920=CARTESIAN_POINT('',(-1.11125E1,-8.509E0,-1.31953E1));
#1921=LINE('',#1920,#1919);
#1922=DIRECTION('',(0.E0,0.E0,-1.E0));
#1923=VECTOR('',#1922,6.35E-1);
#1924=CARTESIAN_POINT('',(-1.11125E1,-8.509E0,-1.25603E1));
#1925=LINE('',#1924,#1923);
#1926=DIRECTION('',(0.E0,-1.E0,0.E0));
#1927=VECTOR('',#1926,3.429E0);
#1928=CARTESIAN_POINT('',(-1.11125E1,-5.08E0,-1.25603E1));
#1929=LINE('',#1928,#1927);
#1930=DIRECTION('',(0.E0,1.E0,0.E0));
#1931=VECTOR('',#1930,3.429E0);
#1932=CARTESIAN_POINT('',(-1.11125E1,-8.509E0,-1.57353E1));
#1933=LINE('',#1932,#1931);
#1934=DIRECTION('',(0.E0,0.E0,-1.E0));
#1935=VECTOR('',#1934,6.35E-1);
#1936=CARTESIAN_POINT('',(-1.11125E1,-8.509E0,-1.51003E1));
#1937=LINE('',#1936,#1935);
#1938=DIRECTION('',(0.E0,-1.E0,0.E0));
#1939=VECTOR('',#1938,3.429E0);
#1940=CARTESIAN_POINT('',(-1.11125E1,-5.08E0,-1.51003E1));
#1941=LINE('',#1940,#1939);
#1942=DIRECTION('',(1.E0,0.E0,0.E0));
#1943=VECTOR('',#1942,6.35E-1);
#1944=CARTESIAN_POINT('',(-1.17475E1,-2.413E0,-7.874E0));
#1945=LINE('',#1944,#1943);
#1946=DIRECTION('',(1.E0,0.E0,0.E0));
#1947=VECTOR('',#1946,6.35E-1);
#1948=CARTESIAN_POINT('',(-1.17475E1,-2.0955E0,-7.874E0));
#1949=LINE('',#1948,#1947);
#1950=DIRECTION('',(1.E0,0.E0,0.E0));
#1951=VECTOR('',#1950,6.35E-1);
#1952=CARTESIAN_POINT('',(-1.17475E1,-2.0955E0,-8.128E-1));
#1953=LINE('',#1952,#1951);
#1954=DIRECTION('',(1.E0,0.E0,0.E0));
#1955=VECTOR('',#1954,6.35E-1);
#1956=CARTESIAN_POINT('',(-1.17475E1,-1.4605E0,-8.128E-1));
#1957=LINE('',#1956,#1955);
#1958=DIRECTION('',(1.E0,0.E0,0.E0));
#1959=VECTOR('',#1958,6.35E-1);
#1960=CARTESIAN_POINT('',(-1.17475E1,-1.4605E0,-7.874E0));
#1961=LINE('',#1960,#1959);
#1962=DIRECTION('',(1.E0,0.E0,0.E0));
#1963=VECTOR('',#1962,6.35E-1);
#1964=CARTESIAN_POINT('',(-1.17475E1,-1.143E0,-7.874E0));
#1965=LINE('',#1964,#1963);
#1966=DIRECTION('',(1.E0,0.E0,0.E0));
#1967=VECTOR('',#1966,6.35E-1);
#1968=CARTESIAN_POINT('',(-1.17475E1,1.27E-1,-7.874E0));
#1969=LINE('',#1968,#1967);
#1970=DIRECTION('',(1.E0,0.E0,0.E0));
#1971=VECTOR('',#1970,6.35E-1);
#1972=CARTESIAN_POINT('',(-1.17475E1,4.445E-1,-7.874E0));
#1973=LINE('',#1972,#1971);
#1974=DIRECTION('',(1.E0,0.E0,0.E0));
#1975=VECTOR('',#1974,6.35E-1);
#1976=CARTESIAN_POINT('',(-1.17475E1,4.445E-1,-8.128E-1));
#1977=LINE('',#1976,#1975);
#1978=DIRECTION('',(1.E0,0.E0,0.E0));
#1979=VECTOR('',#1978,6.35E-1);
#1980=CARTESIAN_POINT('',(-1.17475E1,1.0795E0,-8.128E-1));
#1981=LINE('',#1980,#1979);
#1982=DIRECTION('',(1.E0,0.E0,0.E0));
#1983=VECTOR('',#1982,6.35E-1);
#1984=CARTESIAN_POINT('',(-1.17475E1,1.0795E0,-7.874E0));
#1985=LINE('',#1984,#1983);
#1986=DIRECTION('',(1.E0,0.E0,0.E0));
#1987=VECTOR('',#1986,6.35E-1);
#1988=CARTESIAN_POINT('',(-1.17475E1,1.397E0,-7.874E0));
#1989=LINE('',#1988,#1987);
#1990=DIRECTION('',(1.E0,0.E0,0.E0));
#1991=VECTOR('',#1990,6.35E-1);
#1992=CARTESIAN_POINT('',(-1.17475E1,-8.509E0,-1.31953E1));
#1993=LINE('',#1992,#1991);
#1994=DIRECTION('',(1.E0,0.E0,0.E0));
#1995=VECTOR('',#1994,6.35E-1);
#1996=CARTESIAN_POINT('',(-1.17475E1,-8.509E0,-1.25603E1));
#1997=LINE('',#1996,#1995);
#1998=DIRECTION('',(1.E0,0.E0,0.E0));
#1999=VECTOR('',#1998,6.35E-1);
#2000=CARTESIAN_POINT('',(-1.17475E1,-8.509E0,-1.57353E1));
#2001=LINE('',#2000,#1999);
#2002=DIRECTION('',(1.E0,0.E0,0.E0));
#2003=VECTOR('',#2002,6.35E-1);
#2004=CARTESIAN_POINT('',(-1.17475E1,-8.509E0,-1.51003E1));
#2005=LINE('',#2004,#2003);
#2006=DIRECTION('',(0.E0,0.E0,1.E0));
#2007=VECTOR('',#2006,1.016E0);
#2008=CARTESIAN_POINT('',(-9.2075E0,-1.143E0,-8.89E0));
#2009=LINE('',#2008,#2007);
#2010=DIRECTION('',(0.E0,-1.E0,0.E0));
#2011=VECTOR('',#2010,3.175E-1);
#2012=CARTESIAN_POINT('',(-9.2075E0,-1.143E0,-7.874E0));
#2013=LINE('',#2012,#2011);
#2014=DIRECTION('',(0.E0,0.E0,1.E0));
#2015=VECTOR('',#2014,7.0612E0);
#2016=CARTESIAN_POINT('',(-9.2075E0,-1.4605E0,-7.874E0));
#2017=LINE('',#2016,#2015);
#2018=DIRECTION('',(0.E0,-1.E0,0.E0));
#2019=VECTOR('',#2018,6.35E-1);
#2020=CARTESIAN_POINT('',(-9.2075E0,-1.4605E0,-8.128E-1));
#2021=LINE('',#2020,#2019);
#2022=DIRECTION('',(0.E0,0.E0,-1.E0));
#2023=VECTOR('',#2022,7.0612E0);
#2024=CARTESIAN_POINT('',(-9.2075E0,-2.0955E0,-8.128E-1));
#2025=LINE('',#2024,#2023);
#2026=DIRECTION('',(0.E0,-1.E0,0.E0));
#2027=VECTOR('',#2026,3.175E-1);
#2028=CARTESIAN_POINT('',(-9.2075E0,-2.0955E0,-7.874E0));
#2029=LINE('',#2028,#2027);
#2030=DIRECTION('',(0.E0,0.E0,-1.E0));
#2031=VECTOR('',#2030,1.016E0);
#2032=CARTESIAN_POINT('',(-9.2075E0,-2.413E0,-7.874E0));
#2033=LINE('',#2032,#2031);
#2034=DIRECTION('',(0.E0,0.E0,1.E0));
#2035=VECTOR('',#2034,1.016E0);
#2036=CARTESIAN_POINT('',(-9.2075E0,1.397E0,-8.89E0));
#2037=LINE('',#2036,#2035);
#2038=DIRECTION('',(0.E0,-1.E0,0.E0));
#2039=VECTOR('',#2038,3.175E-1);
#2040=CARTESIAN_POINT('',(-9.2075E0,1.397E0,-7.874E0));
#2041=LINE('',#2040,#2039);
#2042=DIRECTION('',(0.E0,0.E0,1.E0));
#2043=VECTOR('',#2042,7.0612E0);
#2044=CARTESIAN_POINT('',(-9.2075E0,1.0795E0,-7.874E0));
#2045=LINE('',#2044,#2043);
#2046=DIRECTION('',(0.E0,-1.E0,0.E0));
#2047=VECTOR('',#2046,6.35E-1);
#2048=CARTESIAN_POINT('',(-9.2075E0,1.0795E0,-8.128E-1));
#2049=LINE('',#2048,#2047);
#2050=DIRECTION('',(0.E0,0.E0,-1.E0));
#2051=VECTOR('',#2050,7.0612E0);
#2052=CARTESIAN_POINT('',(-9.2075E0,4.445E-1,-8.128E-1));
#2053=LINE('',#2052,#2051);
#2054=DIRECTION('',(0.E0,-1.E0,0.E0));
#2055=VECTOR('',#2054,3.175E-1);
#2056=CARTESIAN_POINT('',(-9.2075E0,4.445E-1,-7.874E0));
#2057=LINE('',#2056,#2055);
#2058=DIRECTION('',(0.E0,0.E0,-1.E0));
#2059=VECTOR('',#2058,1.016E0);
#2060=CARTESIAN_POINT('',(-9.2075E0,1.27E-1,-7.874E0));
#2061=LINE('',#2060,#2059);
#2062=DIRECTION('',(0.E0,-1.E0,0.E0));
#2063=VECTOR('',#2062,3.429E0);
#2064=CARTESIAN_POINT('',(-9.2075E0,-5.08E0,-1.25603E1));
#2065=LINE('',#2064,#2063);
#2066=DIRECTION('',(0.E0,0.E0,-1.E0));
#2067=VECTOR('',#2066,6.35E-1);
#2068=CARTESIAN_POINT('',(-9.2075E0,-8.509E0,-1.25603E1));
#2069=LINE('',#2068,#2067);
#2070=DIRECTION('',(0.E0,1.E0,0.E0));
#2071=VECTOR('',#2070,3.429E0);
#2072=CARTESIAN_POINT('',(-9.2075E0,-8.509E0,-1.31953E1));
#2073=LINE('',#2072,#2071);
#2074=DIRECTION('',(0.E0,-1.E0,0.E0));
#2075=VECTOR('',#2074,3.429E0);
#2076=CARTESIAN_POINT('',(-9.2075E0,-5.08E0,-1.51003E1));
#2077=LINE('',#2076,#2075);
#2078=DIRECTION('',(0.E0,0.E0,-1.E0));
#2079=VECTOR('',#2078,6.35E-1);
#2080=CARTESIAN_POINT('',(-9.2075E0,-8.509E0,-1.51003E1));
#2081=LINE('',#2080,#2079);
#2082=DIRECTION('',(0.E0,1.E0,0.E0));
#2083=VECTOR('',#2082,3.429E0);
#2084=CARTESIAN_POINT('',(-9.2075E0,-8.509E0,-1.57353E1));
#2085=LINE('',#2084,#2083);
#2086=DIRECTION('',(0.E0,0.E0,-1.E0));
#2087=VECTOR('',#2086,1.016E0);
#2088=CARTESIAN_POINT('',(-8.5725E0,-2.413E0,-7.874E0));
#2089=LINE('',#2088,#2087);
#2090=DIRECTION('',(0.E0,-1.E0,0.E0));
#2091=VECTOR('',#2090,3.175E-1);
#2092=CARTESIAN_POINT('',(-8.5725E0,-2.0955E0,-7.874E0));
#2093=LINE('',#2092,#2091);
#2094=DIRECTION('',(0.E0,0.E0,-1.E0));
#2095=VECTOR('',#2094,7.0612E0);
#2096=CARTESIAN_POINT('',(-8.5725E0,-2.0955E0,-8.128E-1));
#2097=LINE('',#2096,#2095);
#2098=DIRECTION('',(0.E0,-1.E0,0.E0));
#2099=VECTOR('',#2098,6.35E-1);
#2100=CARTESIAN_POINT('',(-8.5725E0,-1.4605E0,-8.128E-1));
#2101=LINE('',#2100,#2099);
#2102=DIRECTION('',(0.E0,0.E0,1.E0));
#2103=VECTOR('',#2102,7.0612E0);
#2104=CARTESIAN_POINT('',(-8.5725E0,-1.4605E0,-7.874E0));
#2105=LINE('',#2104,#2103);
#2106=DIRECTION('',(0.E0,-1.E0,0.E0));
#2107=VECTOR('',#2106,3.175E-1);
#2108=CARTESIAN_POINT('',(-8.5725E0,-1.143E0,-7.874E0));
#2109=LINE('',#2108,#2107);
#2110=DIRECTION('',(0.E0,0.E0,1.E0));
#2111=VECTOR('',#2110,1.016E0);
#2112=CARTESIAN_POINT('',(-8.5725E0,-1.143E0,-8.89E0));
#2113=LINE('',#2112,#2111);
#2114=DIRECTION('',(0.E0,0.E0,-1.E0));
#2115=VECTOR('',#2114,1.016E0);
#2116=CARTESIAN_POINT('',(-8.5725E0,1.27E-1,-7.874E0));
#2117=LINE('',#2116,#2115);
#2118=DIRECTION('',(0.E0,-1.E0,0.E0));
#2119=VECTOR('',#2118,3.175E-1);
#2120=CARTESIAN_POINT('',(-8.5725E0,4.445E-1,-7.874E0));
#2121=LINE('',#2120,#2119);
#2122=DIRECTION('',(0.E0,0.E0,-1.E0));
#2123=VECTOR('',#2122,7.0612E0);
#2124=CARTESIAN_POINT('',(-8.5725E0,4.445E-1,-8.128E-1));
#2125=LINE('',#2124,#2123);
#2126=DIRECTION('',(0.E0,-1.E0,0.E0));
#2127=VECTOR('',#2126,6.35E-1);
#2128=CARTESIAN_POINT('',(-8.5725E0,1.0795E0,-8.128E-1));
#2129=LINE('',#2128,#2127);
#2130=DIRECTION('',(0.E0,0.E0,1.E0));
#2131=VECTOR('',#2130,7.0612E0);
#2132=CARTESIAN_POINT('',(-8.5725E0,1.0795E0,-7.874E0));
#2133=LINE('',#2132,#2131);
#2134=DIRECTION('',(0.E0,-1.E0,0.E0));
#2135=VECTOR('',#2134,3.175E-1);
#2136=CARTESIAN_POINT('',(-8.5725E0,1.397E0,-7.874E0));
#2137=LINE('',#2136,#2135);
#2138=DIRECTION('',(0.E0,0.E0,1.E0));
#2139=VECTOR('',#2138,1.016E0);
#2140=CARTESIAN_POINT('',(-8.5725E0,1.397E0,-8.89E0));
#2141=LINE('',#2140,#2139);
#2142=DIRECTION('',(0.E0,1.E0,0.E0));
#2143=VECTOR('',#2142,3.429E0);
#2144=CARTESIAN_POINT('',(-8.5725E0,-8.509E0,-1.31953E1));
#2145=LINE('',#2144,#2143);
#2146=DIRECTION('',(0.E0,0.E0,-1.E0));
#2147=VECTOR('',#2146,6.35E-1);
#2148=CARTESIAN_POINT('',(-8.5725E0,-8.509E0,-1.25603E1));
#2149=LINE('',#2148,#2147);
#2150=DIRECTION('',(0.E0,-1.E0,0.E0));
#2151=VECTOR('',#2150,3.429E0);
#2152=CARTESIAN_POINT('',(-8.5725E0,-5.08E0,-1.25603E1));
#2153=LINE('',#2152,#2151);
#2154=DIRECTION('',(0.E0,1.E0,0.E0));
#2155=VECTOR('',#2154,3.429E0);
#2156=CARTESIAN_POINT('',(-8.5725E0,-8.509E0,-1.57353E1));
#2157=LINE('',#2156,#2155);
#2158=DIRECTION('',(0.E0,0.E0,-1.E0));
#2159=VECTOR('',#2158,6.35E-1);
#2160=CARTESIAN_POINT('',(-8.5725E0,-8.509E0,-1.51003E1));
#2161=LINE('',#2160,#2159);
#2162=DIRECTION('',(0.E0,-1.E0,0.E0));
#2163=VECTOR('',#2162,3.429E0);
#2164=CARTESIAN_POINT('',(-8.5725E0,-5.08E0,-1.51003E1));
#2165=LINE('',#2164,#2163);
#2166=DIRECTION('',(1.E0,0.E0,0.E0));
#2167=VECTOR('',#2166,6.35E-1);
#2168=CARTESIAN_POINT('',(-9.2075E0,-2.413E0,-7.874E0));
#2169=LINE('',#2168,#2167);
#2170=DIRECTION('',(1.E0,0.E0,0.E0));
#2171=VECTOR('',#2170,6.35E-1);
#2172=CARTESIAN_POINT('',(-9.2075E0,-2.0955E0,-7.874E0));
#2173=LINE('',#2172,#2171);
#2174=DIRECTION('',(1.E0,0.E0,0.E0));
#2175=VECTOR('',#2174,6.35E-1);
#2176=CARTESIAN_POINT('',(-9.2075E0,-2.0955E0,-8.128E-1));
#2177=LINE('',#2176,#2175);
#2178=DIRECTION('',(1.E0,0.E0,0.E0));
#2179=VECTOR('',#2178,6.35E-1);
#2180=CARTESIAN_POINT('',(-9.2075E0,-1.4605E0,-8.128E-1));
#2181=LINE('',#2180,#2179);
#2182=DIRECTION('',(1.E0,0.E0,0.E0));
#2183=VECTOR('',#2182,6.35E-1);
#2184=CARTESIAN_POINT('',(-9.2075E0,-1.4605E0,-7.874E0));
#2185=LINE('',#2184,#2183);
#2186=DIRECTION('',(1.E0,0.E0,0.E0));
#2187=VECTOR('',#2186,6.35E-1);
#2188=CARTESIAN_POINT('',(-9.2075E0,-1.143E0,-7.874E0));
#2189=LINE('',#2188,#2187);
#2190=DIRECTION('',(1.E0,0.E0,0.E0));
#2191=VECTOR('',#2190,6.35E-1);
#2192=CARTESIAN_POINT('',(-9.2075E0,1.27E-1,-7.874E0));
#2193=LINE('',#2192,#2191);
#2194=DIRECTION('',(1.E0,0.E0,0.E0));
#2195=VECTOR('',#2194,6.35E-1);
#2196=CARTESIAN_POINT('',(-9.2075E0,4.445E-1,-7.874E0));
#2197=LINE('',#2196,#2195);
#2198=DIRECTION('',(1.E0,0.E0,0.E0));
#2199=VECTOR('',#2198,6.35E-1);
#2200=CARTESIAN_POINT('',(-9.2075E0,4.445E-1,-8.128E-1));
#2201=LINE('',#2200,#2199);
#2202=DIRECTION('',(1.E0,0.E0,0.E0));
#2203=VECTOR('',#2202,6.35E-1);
#2204=CARTESIAN_POINT('',(-9.2075E0,1.0795E0,-8.128E-1));
#2205=LINE('',#2204,#2203);
#2206=DIRECTION('',(1.E0,0.E0,0.E0));
#2207=VECTOR('',#2206,6.35E-1);
#2208=CARTESIAN_POINT('',(-9.2075E0,1.0795E0,-7.874E0));
#2209=LINE('',#2208,#2207);
#2210=DIRECTION('',(1.E0,0.E0,0.E0));
#2211=VECTOR('',#2210,6.35E-1);
#2212=CARTESIAN_POINT('',(-9.2075E0,1.397E0,-7.874E0));
#2213=LINE('',#2212,#2211);
#2214=DIRECTION('',(1.E0,0.E0,0.E0));
#2215=VECTOR('',#2214,6.35E-1);
#2216=CARTESIAN_POINT('',(-9.2075E0,-8.509E0,-1.31953E1));
#2217=LINE('',#2216,#2215);
#2218=DIRECTION('',(1.E0,0.E0,0.E0));
#2219=VECTOR('',#2218,6.35E-1);
#2220=CARTESIAN_POINT('',(-9.2075E0,-8.509E0,-1.25603E1));
#2221=LINE('',#2220,#2219);
#2222=DIRECTION('',(1.E0,0.E0,0.E0));
#2223=VECTOR('',#2222,6.35E-1);
#2224=CARTESIAN_POINT('',(-9.2075E0,-8.509E0,-1.57353E1));
#2225=LINE('',#2224,#2223);
#2226=DIRECTION('',(1.E0,0.E0,0.E0));
#2227=VECTOR('',#2226,6.35E-1);
#2228=CARTESIAN_POINT('',(-9.2075E0,-8.509E0,-1.51003E1));
#2229=LINE('',#2228,#2227);
#2230=DIRECTION('',(0.E0,0.E0,1.E0));
#2231=VECTOR('',#2230,1.016E0);
#2232=CARTESIAN_POINT('',(-6.6675E0,-1.143E0,-8.89E0));
#2233=LINE('',#2232,#2231);
#2234=DIRECTION('',(0.E0,-1.E0,0.E0));
#2235=VECTOR('',#2234,3.175E-1);
#2236=CARTESIAN_POINT('',(-6.6675E0,-1.143E0,-7.874E0));
#2237=LINE('',#2236,#2235);
#2238=DIRECTION('',(0.E0,0.E0,1.E0));
#2239=VECTOR('',#2238,7.0612E0);
#2240=CARTESIAN_POINT('',(-6.6675E0,-1.4605E0,-7.874E0));
#2241=LINE('',#2240,#2239);
#2242=DIRECTION('',(0.E0,-1.E0,0.E0));
#2243=VECTOR('',#2242,6.35E-1);
#2244=CARTESIAN_POINT('',(-6.6675E0,-1.4605E0,-8.128E-1));
#2245=LINE('',#2244,#2243);
#2246=DIRECTION('',(0.E0,0.E0,-1.E0));
#2247=VECTOR('',#2246,7.0612E0);
#2248=CARTESIAN_POINT('',(-6.6675E0,-2.0955E0,-8.128E-1));
#2249=LINE('',#2248,#2247);
#2250=DIRECTION('',(0.E0,-1.E0,0.E0));
#2251=VECTOR('',#2250,3.175E-1);
#2252=CARTESIAN_POINT('',(-6.6675E0,-2.0955E0,-7.874E0));
#2253=LINE('',#2252,#2251);
#2254=DIRECTION('',(0.E0,0.E0,-1.E0));
#2255=VECTOR('',#2254,1.016E0);
#2256=CARTESIAN_POINT('',(-6.6675E0,-2.413E0,-7.874E0));
#2257=LINE('',#2256,#2255);
#2258=DIRECTION('',(0.E0,0.E0,1.E0));
#2259=VECTOR('',#2258,1.016E0);
#2260=CARTESIAN_POINT('',(-6.6675E0,1.397E0,-8.89E0));
#2261=LINE('',#2260,#2259);
#2262=DIRECTION('',(0.E0,-1.E0,0.E0));
#2263=VECTOR('',#2262,3.175E-1);
#2264=CARTESIAN_POINT('',(-6.6675E0,1.397E0,-7.874E0));
#2265=LINE('',#2264,#2263);
#2266=DIRECTION('',(0.E0,0.E0,1.E0));
#2267=VECTOR('',#2266,7.0612E0);
#2268=CARTESIAN_POINT('',(-6.6675E0,1.0795E0,-7.874E0));
#2269=LINE('',#2268,#2267);
#2270=DIRECTION('',(0.E0,-1.E0,0.E0));
#2271=VECTOR('',#2270,6.35E-1);
#2272=CARTESIAN_POINT('',(-6.6675E0,1.0795E0,-8.128E-1));
#2273=LINE('',#2272,#2271);
#2274=DIRECTION('',(0.E0,0.E0,-1.E0));
#2275=VECTOR('',#2274,7.0612E0);
#2276=CARTESIAN_POINT('',(-6.6675E0,4.445E-1,-8.128E-1));
#2277=LINE('',#2276,#2275);
#2278=DIRECTION('',(0.E0,-1.E0,0.E0));
#2279=VECTOR('',#2278,3.175E-1);
#2280=CARTESIAN_POINT('',(-6.6675E0,4.445E-1,-7.874E0));
#2281=LINE('',#2280,#2279);
#2282=DIRECTION('',(0.E0,0.E0,-1.E0));
#2283=VECTOR('',#2282,1.016E0);
#2284=CARTESIAN_POINT('',(-6.6675E0,1.27E-1,-7.874E0));
#2285=LINE('',#2284,#2283);
#2286=DIRECTION('',(0.E0,-1.E0,0.E0));
#2287=VECTOR('',#2286,3.429E0);
#2288=CARTESIAN_POINT('',(-6.6675E0,-5.08E0,-1.25603E1));
#2289=LINE('',#2288,#2287);
#2290=DIRECTION('',(0.E0,0.E0,-1.E0));
#2291=VECTOR('',#2290,6.35E-1);
#2292=CARTESIAN_POINT('',(-6.6675E0,-8.509E0,-1.25603E1));
#2293=LINE('',#2292,#2291);
#2294=DIRECTION('',(0.E0,1.E0,0.E0));
#2295=VECTOR('',#2294,3.429E0);
#2296=CARTESIAN_POINT('',(-6.6675E0,-8.509E0,-1.31953E1));
#2297=LINE('',#2296,#2295);
#2298=DIRECTION('',(0.E0,-1.E0,0.E0));
#2299=VECTOR('',#2298,3.429E0);
#2300=CARTESIAN_POINT('',(-6.6675E0,-5.08E0,-1.51003E1));
#2301=LINE('',#2300,#2299);
#2302=DIRECTION('',(0.E0,0.E0,-1.E0));
#2303=VECTOR('',#2302,6.35E-1);
#2304=CARTESIAN_POINT('',(-6.6675E0,-8.509E0,-1.51003E1));
#2305=LINE('',#2304,#2303);
#2306=DIRECTION('',(0.E0,1.E0,0.E0));
#2307=VECTOR('',#2306,3.429E0);
#2308=CARTESIAN_POINT('',(-6.6675E0,-8.509E0,-1.57353E1));
#2309=LINE('',#2308,#2307);
#2310=DIRECTION('',(0.E0,0.E0,-1.E0));
#2311=VECTOR('',#2310,1.016E0);
#2312=CARTESIAN_POINT('',(-6.0325E0,-2.413E0,-7.874E0));
#2313=LINE('',#2312,#2311);
#2314=DIRECTION('',(0.E0,-1.E0,0.E0));
#2315=VECTOR('',#2314,3.175E-1);
#2316=CARTESIAN_POINT('',(-6.0325E0,-2.0955E0,-7.874E0));
#2317=LINE('',#2316,#2315);
#2318=DIRECTION('',(0.E0,0.E0,-1.E0));
#2319=VECTOR('',#2318,7.0612E0);
#2320=CARTESIAN_POINT('',(-6.0325E0,-2.0955E0,-8.128E-1));
#2321=LINE('',#2320,#2319);
#2322=DIRECTION('',(0.E0,-1.E0,0.E0));
#2323=VECTOR('',#2322,6.35E-1);
#2324=CARTESIAN_POINT('',(-6.0325E0,-1.4605E0,-8.128E-1));
#2325=LINE('',#2324,#2323);
#2326=DIRECTION('',(0.E0,0.E0,1.E0));
#2327=VECTOR('',#2326,7.0612E0);
#2328=CARTESIAN_POINT('',(-6.0325E0,-1.4605E0,-7.874E0));
#2329=LINE('',#2328,#2327);
#2330=DIRECTION('',(0.E0,-1.E0,0.E0));
#2331=VECTOR('',#2330,3.175E-1);
#2332=CARTESIAN_POINT('',(-6.0325E0,-1.143E0,-7.874E0));
#2333=LINE('',#2332,#2331);
#2334=DIRECTION('',(0.E0,0.E0,1.E0));
#2335=VECTOR('',#2334,1.016E0);
#2336=CARTESIAN_POINT('',(-6.0325E0,-1.143E0,-8.89E0));
#2337=LINE('',#2336,#2335);
#2338=DIRECTION('',(0.E0,0.E0,-1.E0));
#2339=VECTOR('',#2338,1.016E0);
#2340=CARTESIAN_POINT('',(-6.0325E0,1.27E-1,-7.874E0));
#2341=LINE('',#2340,#2339);
#2342=DIRECTION('',(0.E0,-1.E0,0.E0));
#2343=VECTOR('',#2342,3.175E-1);
#2344=CARTESIAN_POINT('',(-6.0325E0,4.445E-1,-7.874E0));
#2345=LINE('',#2344,#2343);
#2346=DIRECTION('',(0.E0,0.E0,-1.E0));
#2347=VECTOR('',#2346,7.0612E0);
#2348=CARTESIAN_POINT('',(-6.0325E0,4.445E-1,-8.128E-1));
#2349=LINE('',#2348,#2347);
#2350=DIRECTION('',(0.E0,-1.E0,0.E0));
#2351=VECTOR('',#2350,6.35E-1);
#2352=CARTESIAN_POINT('',(-6.0325E0,1.0795E0,-8.128E-1));
#2353=LINE('',#2352,#2351);
#2354=DIRECTION('',(0.E0,0.E0,1.E0));
#2355=VECTOR('',#2354,7.0612E0);
#2356=CARTESIAN_POINT('',(-6.0325E0,1.0795E0,-7.874E0));
#2357=LINE('',#2356,#2355);
#2358=DIRECTION('',(0.E0,-1.E0,0.E0));
#2359=VECTOR('',#2358,3.175E-1);
#2360=CARTESIAN_POINT('',(-6.0325E0,1.397E0,-7.874E0));
#2361=LINE('',#2360,#2359);
#2362=DIRECTION('',(0.E0,0.E0,1.E0));
#2363=VECTOR('',#2362,1.016E0);
#2364=CARTESIAN_POINT('',(-6.0325E0,1.397E0,-8.89E0));
#2365=LINE('',#2364,#2363);
#2366=DIRECTION('',(0.E0,1.E0,0.E0));
#2367=VECTOR('',#2366,3.429E0);
#2368=CARTESIAN_POINT('',(-6.0325E0,-8.509E0,-1.31953E1));
#2369=LINE('',#2368,#2367);
#2370=DIRECTION('',(0.E0,0.E0,-1.E0));
#2371=VECTOR('',#2370,6.35E-1);
#2372=CARTESIAN_POINT('',(-6.0325E0,-8.509E0,-1.25603E1));
#2373=LINE('',#2372,#2371);
#2374=DIRECTION('',(0.E0,-1.E0,0.E0));
#2375=VECTOR('',#2374,3.429E0);
#2376=CARTESIAN_POINT('',(-6.0325E0,-5.08E0,-1.25603E1));
#2377=LINE('',#2376,#2375);
#2378=DIRECTION('',(0.E0,1.E0,0.E0));
#2379=VECTOR('',#2378,3.429E0);
#2380=CARTESIAN_POINT('',(-6.0325E0,-8.509E0,-1.57353E1));
#2381=LINE('',#2380,#2379);
#2382=DIRECTION('',(0.E0,0.E0,-1.E0));
#2383=VECTOR('',#2382,6.35E-1);
#2384=CARTESIAN_POINT('',(-6.0325E0,-8.509E0,-1.51003E1));
#2385=LINE('',#2384,#2383);
#2386=DIRECTION('',(0.E0,-1.E0,0.E0));
#2387=VECTOR('',#2386,3.429E0);
#2388=CARTESIAN_POINT('',(-6.0325E0,-5.08E0,-1.51003E1));
#2389=LINE('',#2388,#2387);
#2390=DIRECTION('',(1.E0,0.E0,0.E0));
#2391=VECTOR('',#2390,6.35E-1);
#2392=CARTESIAN_POINT('',(-6.6675E0,-2.413E0,-7.874E0));
#2393=LINE('',#2392,#2391);
#2394=DIRECTION('',(1.E0,0.E0,0.E0));
#2395=VECTOR('',#2394,6.35E-1);
#2396=CARTESIAN_POINT('',(-6.6675E0,-2.0955E0,-7.874E0));
#2397=LINE('',#2396,#2395);
#2398=DIRECTION('',(1.E0,0.E0,0.E0));
#2399=VECTOR('',#2398,6.35E-1);
#2400=CARTESIAN_POINT('',(-6.6675E0,-2.0955E0,-8.128E-1));
#2401=LINE('',#2400,#2399);
#2402=DIRECTION('',(1.E0,0.E0,0.E0));
#2403=VECTOR('',#2402,6.35E-1);
#2404=CARTESIAN_POINT('',(-6.6675E0,-1.4605E0,-8.128E-1));
#2405=LINE('',#2404,#2403);
#2406=DIRECTION('',(1.E0,0.E0,0.E0));
#2407=VECTOR('',#2406,6.35E-1);
#2408=CARTESIAN_POINT('',(-6.6675E0,-1.4605E0,-7.874E0));
#2409=LINE('',#2408,#2407);
#2410=DIRECTION('',(1.E0,0.E0,0.E0));
#2411=VECTOR('',#2410,6.35E-1);
#2412=CARTESIAN_POINT('',(-6.6675E0,-1.143E0,-7.874E0));
#2413=LINE('',#2412,#2411);
#2414=DIRECTION('',(1.E0,0.E0,0.E0));
#2415=VECTOR('',#2414,6.35E-1);
#2416=CARTESIAN_POINT('',(-6.6675E0,1.27E-1,-7.874E0));
#2417=LINE('',#2416,#2415);
#2418=DIRECTION('',(1.E0,0.E0,0.E0));
#2419=VECTOR('',#2418,6.35E-1);
#2420=CARTESIAN_POINT('',(-6.6675E0,4.445E-1,-7.874E0));
#2421=LINE('',#2420,#2419);
#2422=DIRECTION('',(1.E0,0.E0,0.E0));
#2423=VECTOR('',#2422,6.35E-1);
#2424=CARTESIAN_POINT('',(-6.6675E0,4.445E-1,-8.128E-1));
#2425=LINE('',#2424,#2423);
#2426=DIRECTION('',(1.E0,0.E0,0.E0));
#2427=VECTOR('',#2426,6.35E-1);
#2428=CARTESIAN_POINT('',(-6.6675E0,1.0795E0,-8.128E-1));
#2429=LINE('',#2428,#2427);
#2430=DIRECTION('',(1.E0,0.E0,0.E0));
#2431=VECTOR('',#2430,6.35E-1);
#2432=CARTESIAN_POINT('',(-6.6675E0,1.0795E0,-7.874E0));
#2433=LINE('',#2432,#2431);
#2434=DIRECTION('',(1.E0,0.E0,0.E0));
#2435=VECTOR('',#2434,6.35E-1);
#2436=CARTESIAN_POINT('',(-6.6675E0,1.397E0,-7.874E0));
#2437=LINE('',#2436,#2435);
#2438=DIRECTION('',(1.E0,0.E0,0.E0));
#2439=VECTOR('',#2438,6.35E-1);
#2440=CARTESIAN_POINT('',(-6.6675E0,-8.509E0,-1.31953E1));
#2441=LINE('',#2440,#2439);
#2442=DIRECTION('',(1.E0,0.E0,0.E0));
#2443=VECTOR('',#2442,6.35E-1);
#2444=CARTESIAN_POINT('',(-6.6675E0,-8.509E0,-1.25603E1));
#2445=LINE('',#2444,#2443);
#2446=DIRECTION('',(1.E0,0.E0,0.E0));
#2447=VECTOR('',#2446,6.35E-1);
#2448=CARTESIAN_POINT('',(-6.6675E0,-8.509E0,-1.57353E1));
#2449=LINE('',#2448,#2447);
#2450=DIRECTION('',(1.E0,0.E0,0.E0));
#2451=VECTOR('',#2450,6.35E-1);
#2452=CARTESIAN_POINT('',(-6.6675E0,-8.509E0,-1.51003E1));
#2453=LINE('',#2452,#2451);
#2454=DIRECTION('',(0.E0,0.E0,1.E0));
#2455=VECTOR('',#2454,1.016E0);
#2456=CARTESIAN_POINT('',(-4.1275E0,-1.143E0,-8.89E0));
#2457=LINE('',#2456,#2455);
#2458=DIRECTION('',(0.E0,-1.E0,0.E0));
#2459=VECTOR('',#2458,3.175E-1);
#2460=CARTESIAN_POINT('',(-4.1275E0,-1.143E0,-7.874E0));
#2461=LINE('',#2460,#2459);
#2462=DIRECTION('',(0.E0,0.E0,1.E0));
#2463=VECTOR('',#2462,7.0612E0);
#2464=CARTESIAN_POINT('',(-4.1275E0,-1.4605E0,-7.874E0));
#2465=LINE('',#2464,#2463);
#2466=DIRECTION('',(0.E0,-1.E0,0.E0));
#2467=VECTOR('',#2466,6.35E-1);
#2468=CARTESIAN_POINT('',(-4.1275E0,-1.4605E0,-8.128E-1));
#2469=LINE('',#2468,#2467);
#2470=DIRECTION('',(0.E0,0.E0,-1.E0));
#2471=VECTOR('',#2470,7.0612E0);
#2472=CARTESIAN_POINT('',(-4.1275E0,-2.0955E0,-8.128E-1));
#2473=LINE('',#2472,#2471);
#2474=DIRECTION('',(0.E0,-1.E0,0.E0));
#2475=VECTOR('',#2474,3.175E-1);
#2476=CARTESIAN_POINT('',(-4.1275E0,-2.0955E0,-7.874E0));
#2477=LINE('',#2476,#2475);
#2478=DIRECTION('',(0.E0,0.E0,-1.E0));
#2479=VECTOR('',#2478,1.016E0);
#2480=CARTESIAN_POINT('',(-4.1275E0,-2.413E0,-7.874E0));
#2481=LINE('',#2480,#2479);
#2482=DIRECTION('',(0.E0,0.E0,1.E0));
#2483=VECTOR('',#2482,1.016E0);
#2484=CARTESIAN_POINT('',(-4.1275E0,1.397E0,-8.89E0));
#2485=LINE('',#2484,#2483);
#2486=DIRECTION('',(0.E0,-1.E0,0.E0));
#2487=VECTOR('',#2486,3.175E-1);
#2488=CARTESIAN_POINT('',(-4.1275E0,1.397E0,-7.874E0));
#2489=LINE('',#2488,#2487);
#2490=DIRECTION('',(0.E0,0.E0,1.E0));
#2491=VECTOR('',#2490,7.0612E0);
#2492=CARTESIAN_POINT('',(-4.1275E0,1.0795E0,-7.874E0));
#2493=LINE('',#2492,#2491);
#2494=DIRECTION('',(0.E0,-1.E0,0.E0));
#2495=VECTOR('',#2494,6.35E-1);
#2496=CARTESIAN_POINT('',(-4.1275E0,1.0795E0,-8.128E-1));
#2497=LINE('',#2496,#2495);
#2498=DIRECTION('',(0.E0,0.E0,-1.E0));
#2499=VECTOR('',#2498,7.0612E0);
#2500=CARTESIAN_POINT('',(-4.1275E0,4.445E-1,-8.128E-1));
#2501=LINE('',#2500,#2499);
#2502=DIRECTION('',(0.E0,-1.E0,0.E0));
#2503=VECTOR('',#2502,3.175E-1);
#2504=CARTESIAN_POINT('',(-4.1275E0,4.445E-1,-7.874E0));
#2505=LINE('',#2504,#2503);
#2506=DIRECTION('',(0.E0,0.E0,-1.E0));
#2507=VECTOR('',#2506,1.016E0);
#2508=CARTESIAN_POINT('',(-4.1275E0,1.27E-1,-7.874E0));
#2509=LINE('',#2508,#2507);
#2510=DIRECTION('',(0.E0,-1.E0,0.E0));
#2511=VECTOR('',#2510,3.429E0);
#2512=CARTESIAN_POINT('',(-4.1275E0,-5.08E0,-1.25603E1));
#2513=LINE('',#2512,#2511);
#2514=DIRECTION('',(0.E0,0.E0,-1.E0));
#2515=VECTOR('',#2514,6.35E-1);
#2516=CARTESIAN_POINT('',(-4.1275E0,-8.509E0,-1.25603E1));
#2517=LINE('',#2516,#2515);
#2518=DIRECTION('',(0.E0,1.E0,0.E0));
#2519=VECTOR('',#2518,3.429E0);
#2520=CARTESIAN_POINT('',(-4.1275E0,-8.509E0,-1.31953E1));
#2521=LINE('',#2520,#2519);
#2522=DIRECTION('',(0.E0,-1.E0,0.E0));
#2523=VECTOR('',#2522,3.429E0);
#2524=CARTESIAN_POINT('',(-4.1275E0,-5.08E0,-1.51003E1));
#2525=LINE('',#2524,#2523);
#2526=DIRECTION('',(0.E0,0.E0,-1.E0));
#2527=VECTOR('',#2526,6.35E-1);
#2528=CARTESIAN_POINT('',(-4.1275E0,-8.509E0,-1.51003E1));
#2529=LINE('',#2528,#2527);
#2530=DIRECTION('',(0.E0,1.E0,0.E0));
#2531=VECTOR('',#2530,3.429E0);
#2532=CARTESIAN_POINT('',(-4.1275E0,-8.509E0,-1.57353E1));
#2533=LINE('',#2532,#2531);
#2534=DIRECTION('',(0.E0,0.E0,-1.E0));
#2535=VECTOR('',#2534,1.016E0);
#2536=CARTESIAN_POINT('',(-3.4925E0,-2.413E0,-7.874E0));
#2537=LINE('',#2536,#2535);
#2538=DIRECTION('',(0.E0,-1.E0,0.E0));
#2539=VECTOR('',#2538,3.175E-1);
#2540=CARTESIAN_POINT('',(-3.4925E0,-2.0955E0,-7.874E0));
#2541=LINE('',#2540,#2539);
#2542=DIRECTION('',(0.E0,0.E0,-1.E0));
#2543=VECTOR('',#2542,7.0612E0);
#2544=CARTESIAN_POINT('',(-3.4925E0,-2.0955E0,-8.128E-1));
#2545=LINE('',#2544,#2543);
#2546=DIRECTION('',(0.E0,-1.E0,0.E0));
#2547=VECTOR('',#2546,6.35E-1);
#2548=CARTESIAN_POINT('',(-3.4925E0,-1.4605E0,-8.128E-1));
#2549=LINE('',#2548,#2547);
#2550=DIRECTION('',(0.E0,0.E0,1.E0));
#2551=VECTOR('',#2550,7.0612E0);
#2552=CARTESIAN_POINT('',(-3.4925E0,-1.4605E0,-7.874E0));
#2553=LINE('',#2552,#2551);
#2554=DIRECTION('',(0.E0,-1.E0,0.E0));
#2555=VECTOR('',#2554,3.175E-1);
#2556=CARTESIAN_POINT('',(-3.4925E0,-1.143E0,-7.874E0));
#2557=LINE('',#2556,#2555);
#2558=DIRECTION('',(0.E0,0.E0,1.E0));
#2559=VECTOR('',#2558,1.016E0);
#2560=CARTESIAN_POINT('',(-3.4925E0,-1.143E0,-8.89E0));
#2561=LINE('',#2560,#2559);
#2562=DIRECTION('',(0.E0,0.E0,-1.E0));
#2563=VECTOR('',#2562,1.016E0);
#2564=CARTESIAN_POINT('',(-3.4925E0,1.27E-1,-7.874E0));
#2565=LINE('',#2564,#2563);
#2566=DIRECTION('',(0.E0,-1.E0,0.E0));
#2567=VECTOR('',#2566,3.175E-1);
#2568=CARTESIAN_POINT('',(-3.4925E0,4.445E-1,-7.874E0));
#2569=LINE('',#2568,#2567);
#2570=DIRECTION('',(0.E0,0.E0,-1.E0));
#2571=VECTOR('',#2570,7.0612E0);
#2572=CARTESIAN_POINT('',(-3.4925E0,4.445E-1,-8.128E-1));
#2573=LINE('',#2572,#2571);
#2574=DIRECTION('',(0.E0,-1.E0,0.E0));
#2575=VECTOR('',#2574,6.35E-1);
#2576=CARTESIAN_POINT('',(-3.4925E0,1.0795E0,-8.128E-1));
#2577=LINE('',#2576,#2575);
#2578=DIRECTION('',(0.E0,0.E0,1.E0));
#2579=VECTOR('',#2578,7.0612E0);
#2580=CARTESIAN_POINT('',(-3.4925E0,1.0795E0,-7.874E0));
#2581=LINE('',#2580,#2579);
#2582=DIRECTION('',(0.E0,-1.E0,0.E0));
#2583=VECTOR('',#2582,3.175E-1);
#2584=CARTESIAN_POINT('',(-3.4925E0,1.397E0,-7.874E0));
#2585=LINE('',#2584,#2583);
#2586=DIRECTION('',(0.E0,0.E0,1.E0));
#2587=VECTOR('',#2586,1.016E0);
#2588=CARTESIAN_POINT('',(-3.4925E0,1.397E0,-8.89E0));
#2589=LINE('',#2588,#2587);
#2590=DIRECTION('',(0.E0,1.E0,0.E0));
#2591=VECTOR('',#2590,3.429E0);
#2592=CARTESIAN_POINT('',(-3.4925E0,-8.509E0,-1.31953E1));
#2593=LINE('',#2592,#2591);
#2594=DIRECTION('',(0.E0,0.E0,-1.E0));
#2595=VECTOR('',#2594,6.35E-1);
#2596=CARTESIAN_POINT('',(-3.4925E0,-8.509E0,-1.25603E1));
#2597=LINE('',#2596,#2595);
#2598=DIRECTION('',(0.E0,-1.E0,0.E0));
#2599=VECTOR('',#2598,3.429E0);
#2600=CARTESIAN_POINT('',(-3.4925E0,-5.08E0,-1.25603E1));
#2601=LINE('',#2600,#2599);
#2602=DIRECTION('',(0.E0,1.E0,0.E0));
#2603=VECTOR('',#2602,3.429E0);
#2604=CARTESIAN_POINT('',(-3.4925E0,-8.509E0,-1.57353E1));
#2605=LINE('',#2604,#2603);
#2606=DIRECTION('',(0.E0,0.E0,-1.E0));
#2607=VECTOR('',#2606,6.35E-1);
#2608=CARTESIAN_POINT('',(-3.4925E0,-8.509E0,-1.51003E1));
#2609=LINE('',#2608,#2607);
#2610=DIRECTION('',(0.E0,-1.E0,0.E0));
#2611=VECTOR('',#2610,3.429E0);
#2612=CARTESIAN_POINT('',(-3.4925E0,-5.08E0,-1.51003E1));
#2613=LINE('',#2612,#2611);
#2614=DIRECTION('',(1.E0,0.E0,0.E0));
#2615=VECTOR('',#2614,6.35E-1);
#2616=CARTESIAN_POINT('',(-4.1275E0,-2.413E0,-7.874E0));
#2617=LINE('',#2616,#2615);
#2618=DIRECTION('',(1.E0,0.E0,0.E0));
#2619=VECTOR('',#2618,6.35E-1);
#2620=CARTESIAN_POINT('',(-4.1275E0,-2.0955E0,-7.874E0));
#2621=LINE('',#2620,#2619);
#2622=DIRECTION('',(1.E0,0.E0,0.E0));
#2623=VECTOR('',#2622,6.35E-1);
#2624=CARTESIAN_POINT('',(-4.1275E0,-2.0955E0,-8.128E-1));
#2625=LINE('',#2624,#2623);
#2626=DIRECTION('',(1.E0,0.E0,0.E0));
#2627=VECTOR('',#2626,6.35E-1);
#2628=CARTESIAN_POINT('',(-4.1275E0,-1.4605E0,-8.128E-1));
#2629=LINE('',#2628,#2627);
#2630=DIRECTION('',(1.E0,0.E0,0.E0));
#2631=VECTOR('',#2630,6.35E-1);
#2632=CARTESIAN_POINT('',(-4.1275E0,-1.4605E0,-7.874E0));
#2633=LINE('',#2632,#2631);
#2634=DIRECTION('',(1.E0,0.E0,0.E0));
#2635=VECTOR('',#2634,6.35E-1);
#2636=CARTESIAN_POINT('',(-4.1275E0,-1.143E0,-7.874E0));
#2637=LINE('',#2636,#2635);
#2638=DIRECTION('',(1.E0,0.E0,0.E0));
#2639=VECTOR('',#2638,6.35E-1);
#2640=CARTESIAN_POINT('',(-4.1275E0,1.27E-1,-7.874E0));
#2641=LINE('',#2640,#2639);
#2642=DIRECTION('',(1.E0,0.E0,0.E0));
#2643=VECTOR('',#2642,6.35E-1);
#2644=CARTESIAN_POINT('',(-4.1275E0,4.445E-1,-7.874E0));
#2645=LINE('',#2644,#2643);
#2646=DIRECTION('',(1.E0,0.E0,0.E0));
#2647=VECTOR('',#2646,6.35E-1);
#2648=CARTESIAN_POINT('',(-4.1275E0,4.445E-1,-8.128E-1));
#2649=LINE('',#2648,#2647);
#2650=DIRECTION('',(1.E0,0.E0,0.E0));
#2651=VECTOR('',#2650,6.35E-1);
#2652=CARTESIAN_POINT('',(-4.1275E0,1.0795E0,-8.128E-1));
#2653=LINE('',#2652,#2651);
#2654=DIRECTION('',(1.E0,0.E0,0.E0));
#2655=VECTOR('',#2654,6.35E-1);
#2656=CARTESIAN_POINT('',(-4.1275E0,1.0795E0,-7.874E0));
#2657=LINE('',#2656,#2655);
#2658=DIRECTION('',(1.E0,0.E0,0.E0));
#2659=VECTOR('',#2658,6.35E-1);
#2660=CARTESIAN_POINT('',(-4.1275E0,1.397E0,-7.874E0));
#2661=LINE('',#2660,#2659);
#2662=DIRECTION('',(1.E0,0.E0,0.E0));
#2663=VECTOR('',#2662,6.35E-1);
#2664=CARTESIAN_POINT('',(-4.1275E0,-8.509E0,-1.31953E1));
#2665=LINE('',#2664,#2663);
#2666=DIRECTION('',(1.E0,0.E0,0.E0));
#2667=VECTOR('',#2666,6.35E-1);
#2668=CARTESIAN_POINT('',(-4.1275E0,-8.509E0,-1.25603E1));
#2669=LINE('',#2668,#2667);
#2670=DIRECTION('',(1.E0,0.E0,0.E0));
#2671=VECTOR('',#2670,6.35E-1);
#2672=CARTESIAN_POINT('',(-4.1275E0,-8.509E0,-1.57353E1));
#2673=LINE('',#2672,#2671);
#2674=DIRECTION('',(1.E0,0.E0,0.E0));
#2675=VECTOR('',#2674,6.35E-1);
#2676=CARTESIAN_POINT('',(-4.1275E0,-8.509E0,-1.51003E1));
#2677=LINE('',#2676,#2675);
#2678=DIRECTION('',(0.E0,0.E0,1.E0));
#2679=VECTOR('',#2678,1.016E0);
#2680=CARTESIAN_POINT('',(-1.5875E0,-1.143E0,-8.89E0));
#2681=LINE('',#2680,#2679);
#2682=DIRECTION('',(0.E0,-1.E0,0.E0));
#2683=VECTOR('',#2682,3.175E-1);
#2684=CARTESIAN_POINT('',(-1.5875E0,-1.143E0,-7.874E0));
#2685=LINE('',#2684,#2683);
#2686=DIRECTION('',(0.E0,0.E0,1.E0));
#2687=VECTOR('',#2686,7.0612E0);
#2688=CARTESIAN_POINT('',(-1.5875E0,-1.4605E0,-7.874E0));
#2689=LINE('',#2688,#2687);
#2690=DIRECTION('',(0.E0,-1.E0,0.E0));
#2691=VECTOR('',#2690,6.35E-1);
#2692=CARTESIAN_POINT('',(-1.5875E0,-1.4605E0,-8.128E-1));
#2693=LINE('',#2692,#2691);
#2694=DIRECTION('',(0.E0,0.E0,-1.E0));
#2695=VECTOR('',#2694,7.0612E0);
#2696=CARTESIAN_POINT('',(-1.5875E0,-2.0955E0,-8.128E-1));
#2697=LINE('',#2696,#2695);
#2698=DIRECTION('',(0.E0,-1.E0,0.E0));
#2699=VECTOR('',#2698,3.175E-1);
#2700=CARTESIAN_POINT('',(-1.5875E0,-2.0955E0,-7.874E0));
#2701=LINE('',#2700,#2699);
#2702=DIRECTION('',(0.E0,0.E0,-1.E0));
#2703=VECTOR('',#2702,1.016E0);
#2704=CARTESIAN_POINT('',(-1.5875E0,-2.413E0,-7.874E0));
#2705=LINE('',#2704,#2703);
#2706=DIRECTION('',(0.E0,0.E0,1.E0));
#2707=VECTOR('',#2706,1.016E0);
#2708=CARTESIAN_POINT('',(-1.5875E0,1.397E0,-8.89E0));
#2709=LINE('',#2708,#2707);
#2710=DIRECTION('',(0.E0,-1.E0,0.E0));
#2711=VECTOR('',#2710,3.175E-1);
#2712=CARTESIAN_POINT('',(-1.5875E0,1.397E0,-7.874E0));
#2713=LINE('',#2712,#2711);
#2714=DIRECTION('',(0.E0,0.E0,1.E0));
#2715=VECTOR('',#2714,7.0612E0);
#2716=CARTESIAN_POINT('',(-1.5875E0,1.0795E0,-7.874E0));
#2717=LINE('',#2716,#2715);
#2718=DIRECTION('',(0.E0,-1.E0,0.E0));
#2719=VECTOR('',#2718,6.35E-1);
#2720=CARTESIAN_POINT('',(-1.5875E0,1.0795E0,-8.128E-1));
#2721=LINE('',#2720,#2719);
#2722=DIRECTION('',(0.E0,0.E0,-1.E0));
#2723=VECTOR('',#2722,7.0612E0);
#2724=CARTESIAN_POINT('',(-1.5875E0,4.445E-1,-8.128E-1));
#2725=LINE('',#2724,#2723);
#2726=DIRECTION('',(0.E0,-1.E0,0.E0));
#2727=VECTOR('',#2726,3.175E-1);
#2728=CARTESIAN_POINT('',(-1.5875E0,4.445E-1,-7.874E0));
#2729=LINE('',#2728,#2727);
#2730=DIRECTION('',(0.E0,0.E0,-1.E0));
#2731=VECTOR('',#2730,1.016E0);
#2732=CARTESIAN_POINT('',(-1.5875E0,1.27E-1,-7.874E0));
#2733=LINE('',#2732,#2731);
#2734=DIRECTION('',(0.E0,-1.E0,0.E0));
#2735=VECTOR('',#2734,3.429E0);
#2736=CARTESIAN_POINT('',(-1.5875E0,-5.08E0,-1.25603E1));
#2737=LINE('',#2736,#2735);
#2738=DIRECTION('',(0.E0,0.E0,-1.E0));
#2739=VECTOR('',#2738,6.35E-1);
#2740=CARTESIAN_POINT('',(-1.5875E0,-8.509E0,-1.25603E1));
#2741=LINE('',#2740,#2739);
#2742=DIRECTION('',(0.E0,1.E0,0.E0));
#2743=VECTOR('',#2742,3.429E0);
#2744=CARTESIAN_POINT('',(-1.5875E0,-8.509E0,-1.31953E1));
#2745=LINE('',#2744,#2743);
#2746=DIRECTION('',(0.E0,-1.E0,0.E0));
#2747=VECTOR('',#2746,3.429E0);
#2748=CARTESIAN_POINT('',(-1.5875E0,-5.08E0,-1.51003E1));
#2749=LINE('',#2748,#2747);
#2750=DIRECTION('',(0.E0,0.E0,-1.E0));
#2751=VECTOR('',#2750,6.35E-1);
#2752=CARTESIAN_POINT('',(-1.5875E0,-8.509E0,-1.51003E1));
#2753=LINE('',#2752,#2751);
#2754=DIRECTION('',(0.E0,1.E0,0.E0));
#2755=VECTOR('',#2754,3.429E0);
#2756=CARTESIAN_POINT('',(-1.5875E0,-8.509E0,-1.57353E1));
#2757=LINE('',#2756,#2755);
#2758=DIRECTION('',(0.E0,0.E0,-1.E0));
#2759=VECTOR('',#2758,1.016E0);
#2760=CARTESIAN_POINT('',(-9.525E-1,-2.413E0,-7.874E0));
#2761=LINE('',#2760,#2759);
#2762=DIRECTION('',(0.E0,-1.E0,0.E0));
#2763=VECTOR('',#2762,3.175E-1);
#2764=CARTESIAN_POINT('',(-9.525E-1,-2.0955E0,-7.874E0));
#2765=LINE('',#2764,#2763);
#2766=DIRECTION('',(0.E0,0.E0,-1.E0));
#2767=VECTOR('',#2766,7.0612E0);
#2768=CARTESIAN_POINT('',(-9.525E-1,-2.0955E0,-8.128E-1));
#2769=LINE('',#2768,#2767);
#2770=DIRECTION('',(0.E0,-1.E0,0.E0));
#2771=VECTOR('',#2770,6.35E-1);
#2772=CARTESIAN_POINT('',(-9.525E-1,-1.4605E0,-8.128E-1));
#2773=LINE('',#2772,#2771);
#2774=DIRECTION('',(0.E0,0.E0,1.E0));
#2775=VECTOR('',#2774,7.0612E0);
#2776=CARTESIAN_POINT('',(-9.525E-1,-1.4605E0,-7.874E0));
#2777=LINE('',#2776,#2775);
#2778=DIRECTION('',(0.E0,-1.E0,0.E0));
#2779=VECTOR('',#2778,3.175E-1);
#2780=CARTESIAN_POINT('',(-9.525E-1,-1.143E0,-7.874E0));
#2781=LINE('',#2780,#2779);
#2782=DIRECTION('',(0.E0,0.E0,1.E0));
#2783=VECTOR('',#2782,1.016E0);
#2784=CARTESIAN_POINT('',(-9.525E-1,-1.143E0,-8.89E0));
#2785=LINE('',#2784,#2783);
#2786=DIRECTION('',(0.E0,0.E0,-1.E0));
#2787=VECTOR('',#2786,1.016E0);
#2788=CARTESIAN_POINT('',(-9.525E-1,1.27E-1,-7.874E0));
#2789=LINE('',#2788,#2787);
#2790=DIRECTION('',(0.E0,-1.E0,0.E0));
#2791=VECTOR('',#2790,3.175E-1);
#2792=CARTESIAN_POINT('',(-9.525E-1,4.445E-1,-7.874E0));
#2793=LINE('',#2792,#2791);
#2794=DIRECTION('',(0.E0,0.E0,-1.E0));
#2795=VECTOR('',#2794,7.0612E0);
#2796=CARTESIAN_POINT('',(-9.525E-1,4.445E-1,-8.128E-1));
#2797=LINE('',#2796,#2795);
#2798=DIRECTION('',(0.E0,-1.E0,0.E0));
#2799=VECTOR('',#2798,6.35E-1);
#2800=CARTESIAN_POINT('',(-9.525E-1,1.0795E0,-8.128E-1));
#2801=LINE('',#2800,#2799);
#2802=DIRECTION('',(0.E0,0.E0,1.E0));
#2803=VECTOR('',#2802,7.0612E0);
#2804=CARTESIAN_POINT('',(-9.525E-1,1.0795E0,-7.874E0));
#2805=LINE('',#2804,#2803);
#2806=DIRECTION('',(0.E0,-1.E0,0.E0));
#2807=VECTOR('',#2806,3.175E-1);
#2808=CARTESIAN_POINT('',(-9.525E-1,1.397E0,-7.874E0));
#2809=LINE('',#2808,#2807);
#2810=DIRECTION('',(0.E0,0.E0,1.E0));
#2811=VECTOR('',#2810,1.016E0);
#2812=CARTESIAN_POINT('',(-9.525E-1,1.397E0,-8.89E0));
#2813=LINE('',#2812,#2811);
#2814=DIRECTION('',(0.E0,1.E0,0.E0));
#2815=VECTOR('',#2814,3.429E0);
#2816=CARTESIAN_POINT('',(-9.525E-1,-8.509E0,-1.31953E1));
#2817=LINE('',#2816,#2815);
#2818=DIRECTION('',(0.E0,0.E0,-1.E0));
#2819=VECTOR('',#2818,6.35E-1);
#2820=CARTESIAN_POINT('',(-9.525E-1,-8.509E0,-1.25603E1));
#2821=LINE('',#2820,#2819);
#2822=DIRECTION('',(0.E0,-1.E0,0.E0));
#2823=VECTOR('',#2822,3.429E0);
#2824=CARTESIAN_POINT('',(-9.525E-1,-5.08E0,-1.25603E1));
#2825=LINE('',#2824,#2823);
#2826=DIRECTION('',(0.E0,1.E0,0.E0));
#2827=VECTOR('',#2826,3.429E0);
#2828=CARTESIAN_POINT('',(-9.525E-1,-8.509E0,-1.57353E1));
#2829=LINE('',#2828,#2827);
#2830=DIRECTION('',(0.E0,0.E0,-1.E0));
#2831=VECTOR('',#2830,6.35E-1);
#2832=CARTESIAN_POINT('',(-9.525E-1,-8.509E0,-1.51003E1));
#2833=LINE('',#2832,#2831);
#2834=DIRECTION('',(0.E0,-1.E0,0.E0));
#2835=VECTOR('',#2834,3.429E0);
#2836=CARTESIAN_POINT('',(-9.525E-1,-5.08E0,-1.51003E1));
#2837=LINE('',#2836,#2835);
#2838=DIRECTION('',(1.E0,0.E0,0.E0));
#2839=VECTOR('',#2838,6.35E-1);
#2840=CARTESIAN_POINT('',(-1.5875E0,-2.413E0,-7.874E0));
#2841=LINE('',#2840,#2839);
#2842=DIRECTION('',(1.E0,0.E0,0.E0));
#2843=VECTOR('',#2842,6.35E-1);
#2844=CARTESIAN_POINT('',(-1.5875E0,-2.0955E0,-7.874E0));
#2845=LINE('',#2844,#2843);
#2846=DIRECTION('',(1.E0,0.E0,0.E0));
#2847=VECTOR('',#2846,6.35E-1);
#2848=CARTESIAN_POINT('',(-1.5875E0,-2.0955E0,-8.128E-1));
#2849=LINE('',#2848,#2847);
#2850=DIRECTION('',(1.E0,0.E0,0.E0));
#2851=VECTOR('',#2850,6.35E-1);
#2852=CARTESIAN_POINT('',(-1.5875E0,-1.4605E0,-8.128E-1));
#2853=LINE('',#2852,#2851);
#2854=DIRECTION('',(1.E0,0.E0,0.E0));
#2855=VECTOR('',#2854,6.35E-1);
#2856=CARTESIAN_POINT('',(-1.5875E0,-1.4605E0,-7.874E0));
#2857=LINE('',#2856,#2855);
#2858=DIRECTION('',(1.E0,0.E0,0.E0));
#2859=VECTOR('',#2858,6.35E-1);
#2860=CARTESIAN_POINT('',(-1.5875E0,-1.143E0,-7.874E0));
#2861=LINE('',#2860,#2859);
#2862=DIRECTION('',(1.E0,0.E0,0.E0));
#2863=VECTOR('',#2862,6.35E-1);
#2864=CARTESIAN_POINT('',(-1.5875E0,1.27E-1,-7.874E0));
#2865=LINE('',#2864,#2863);
#2866=DIRECTION('',(1.E0,0.E0,0.E0));
#2867=VECTOR('',#2866,6.35E-1);
#2868=CARTESIAN_POINT('',(-1.5875E0,4.445E-1,-7.874E0));
#2869=LINE('',#2868,#2867);
#2870=DIRECTION('',(1.E0,0.E0,0.E0));
#2871=VECTOR('',#2870,6.35E-1);
#2872=CARTESIAN_POINT('',(-1.5875E0,4.445E-1,-8.128E-1));
#2873=LINE('',#2872,#2871);
#2874=DIRECTION('',(1.E0,0.E0,0.E0));
#2875=VECTOR('',#2874,6.35E-1);
#2876=CARTESIAN_POINT('',(-1.5875E0,1.0795E0,-8.128E-1));
#2877=LINE('',#2876,#2875);
#2878=DIRECTION('',(1.E0,0.E0,0.E0));
#2879=VECTOR('',#2878,6.35E-1);
#2880=CARTESIAN_POINT('',(-1.5875E0,1.0795E0,-7.874E0));
#2881=LINE('',#2880,#2879);
#2882=DIRECTION('',(1.E0,0.E0,0.E0));
#2883=VECTOR('',#2882,6.35E-1);
#2884=CARTESIAN_POINT('',(-1.5875E0,1.397E0,-7.874E0));
#2885=LINE('',#2884,#2883);
#2886=DIRECTION('',(1.E0,0.E0,0.E0));
#2887=VECTOR('',#2886,6.35E-1);
#2888=CARTESIAN_POINT('',(-1.5875E0,-8.509E0,-1.31953E1));
#2889=LINE('',#2888,#2887);
#2890=DIRECTION('',(1.E0,0.E0,0.E0));
#2891=VECTOR('',#2890,6.35E-1);
#2892=CARTESIAN_POINT('',(-1.5875E0,-8.509E0,-1.25603E1));
#2893=LINE('',#2892,#2891);
#2894=DIRECTION('',(1.E0,0.E0,0.E0));
#2895=VECTOR('',#2894,6.35E-1);
#2896=CARTESIAN_POINT('',(-1.5875E0,-8.509E0,-1.57353E1));
#2897=LINE('',#2896,#2895);
#2898=DIRECTION('',(1.E0,0.E0,0.E0));
#2899=VECTOR('',#2898,6.35E-1);
#2900=CARTESIAN_POINT('',(-1.5875E0,-8.509E0,-1.51003E1));
#2901=LINE('',#2900,#2899);
#2902=DIRECTION('',(0.E0,0.E0,1.E0));
#2903=VECTOR('',#2902,1.016E0);
#2904=CARTESIAN_POINT('',(9.525E-1,-1.143E0,-8.89E0));
#2905=LINE('',#2904,#2903);
#2906=DIRECTION('',(0.E0,-1.E0,0.E0));
#2907=VECTOR('',#2906,3.175E-1);
#2908=CARTESIAN_POINT('',(9.525E-1,-1.143E0,-7.874E0));
#2909=LINE('',#2908,#2907);
#2910=DIRECTION('',(0.E0,0.E0,1.E0));
#2911=VECTOR('',#2910,7.0612E0);
#2912=CARTESIAN_POINT('',(9.525E-1,-1.4605E0,-7.874E0));
#2913=LINE('',#2912,#2911);
#2914=DIRECTION('',(0.E0,-1.E0,0.E0));
#2915=VECTOR('',#2914,6.35E-1);
#2916=CARTESIAN_POINT('',(9.525E-1,-1.4605E0,-8.128E-1));
#2917=LINE('',#2916,#2915);
#2918=DIRECTION('',(0.E0,0.E0,-1.E0));
#2919=VECTOR('',#2918,7.0612E0);
#2920=CARTESIAN_POINT('',(9.525E-1,-2.0955E0,-8.128E-1));
#2921=LINE('',#2920,#2919);
#2922=DIRECTION('',(0.E0,-1.E0,0.E0));
#2923=VECTOR('',#2922,3.175E-1);
#2924=CARTESIAN_POINT('',(9.525E-1,-2.0955E0,-7.874E0));
#2925=LINE('',#2924,#2923);
#2926=DIRECTION('',(0.E0,0.E0,-1.E0));
#2927=VECTOR('',#2926,1.016E0);
#2928=CARTESIAN_POINT('',(9.525E-1,-2.413E0,-7.874E0));
#2929=LINE('',#2928,#2927);
#2930=DIRECTION('',(0.E0,0.E0,1.E0));
#2931=VECTOR('',#2930,1.016E0);
#2932=CARTESIAN_POINT('',(9.525E-1,1.397E0,-8.89E0));
#2933=LINE('',#2932,#2931);
#2934=DIRECTION('',(0.E0,-1.E0,0.E0));
#2935=VECTOR('',#2934,3.175E-1);
#2936=CARTESIAN_POINT('',(9.525E-1,1.397E0,-7.874E0));
#2937=LINE('',#2936,#2935);
#2938=DIRECTION('',(0.E0,0.E0,1.E0));
#2939=VECTOR('',#2938,7.0612E0);
#2940=CARTESIAN_POINT('',(9.525E-1,1.0795E0,-7.874E0));
#2941=LINE('',#2940,#2939);
#2942=DIRECTION('',(0.E0,-1.E0,0.E0));
#2943=VECTOR('',#2942,6.35E-1);
#2944=CARTESIAN_POINT('',(9.525E-1,1.0795E0,-8.128E-1));
#2945=LINE('',#2944,#2943);
#2946=DIRECTION('',(0.E0,0.E0,-1.E0));
#2947=VECTOR('',#2946,7.0612E0);
#2948=CARTESIAN_POINT('',(9.525E-1,4.445E-1,-8.128E-1));
#2949=LINE('',#2948,#2947);
#2950=DIRECTION('',(0.E0,-1.E0,0.E0));
#2951=VECTOR('',#2950,3.175E-1);
#2952=CARTESIAN_POINT('',(9.525E-1,4.445E-1,-7.874E0));
#2953=LINE('',#2952,#2951);
#2954=DIRECTION('',(0.E0,0.E0,-1.E0));
#2955=VECTOR('',#2954,1.016E0);
#2956=CARTESIAN_POINT('',(9.525E-1,1.27E-1,-7.874E0));
#2957=LINE('',#2956,#2955);
#2958=DIRECTION('',(0.E0,-1.E0,0.E0));
#2959=VECTOR('',#2958,3.429E0);
#2960=CARTESIAN_POINT('',(9.525E-1,-5.08E0,-1.25603E1));
#2961=LINE('',#2960,#2959);
#2962=DIRECTION('',(0.E0,0.E0,-1.E0));
#2963=VECTOR('',#2962,6.35E-1);
#2964=CARTESIAN_POINT('',(9.525E-1,-8.509E0,-1.25603E1));
#2965=LINE('',#2964,#2963);
#2966=DIRECTION('',(0.E0,1.E0,0.E0));
#2967=VECTOR('',#2966,3.429E0);
#2968=CARTESIAN_POINT('',(9.525E-1,-8.509E0,-1.31953E1));
#2969=LINE('',#2968,#2967);
#2970=DIRECTION('',(0.E0,-1.E0,0.E0));
#2971=VECTOR('',#2970,3.429E0);
#2972=CARTESIAN_POINT('',(9.525E-1,-5.08E0,-1.51003E1));
#2973=LINE('',#2972,#2971);
#2974=DIRECTION('',(0.E0,0.E0,-1.E0));
#2975=VECTOR('',#2974,6.35E-1);
#2976=CARTESIAN_POINT('',(9.525E-1,-8.509E0,-1.51003E1));
#2977=LINE('',#2976,#2975);
#2978=DIRECTION('',(0.E0,1.E0,0.E0));
#2979=VECTOR('',#2978,3.429E0);
#2980=CARTESIAN_POINT('',(9.525E-1,-8.509E0,-1.57353E1));
#2981=LINE('',#2980,#2979);
#2982=DIRECTION('',(0.E0,0.E0,-1.E0));
#2983=VECTOR('',#2982,1.016E0);
#2984=CARTESIAN_POINT('',(1.5875E0,-2.413E0,-7.874E0));
#2985=LINE('',#2984,#2983);
#2986=DIRECTION('',(0.E0,-1.E0,0.E0));
#2987=VECTOR('',#2986,3.175E-1);
#2988=CARTESIAN_POINT('',(1.5875E0,-2.0955E0,-7.874E0));
#2989=LINE('',#2988,#2987);
#2990=DIRECTION('',(0.E0,0.E0,-1.E0));
#2991=VECTOR('',#2990,7.0612E0);
#2992=CARTESIAN_POINT('',(1.5875E0,-2.0955E0,-8.128E-1));
#2993=LINE('',#2992,#2991);
#2994=DIRECTION('',(0.E0,-1.E0,0.E0));
#2995=VECTOR('',#2994,6.35E-1);
#2996=CARTESIAN_POINT('',(1.5875E0,-1.4605E0,-8.128E-1));
#2997=LINE('',#2996,#2995);
#2998=DIRECTION('',(0.E0,0.E0,1.E0));
#2999=VECTOR('',#2998,7.0612E0);
#3000=CARTESIAN_POINT('',(1.5875E0,-1.4605E0,-7.874E0));
#3001=LINE('',#3000,#2999);
#3002=DIRECTION('',(0.E0,-1.E0,0.E0));
#3003=VECTOR('',#3002,3.175E-1);
#3004=CARTESIAN_POINT('',(1.5875E0,-1.143E0,-7.874E0));
#3005=LINE('',#3004,#3003);
#3006=DIRECTION('',(0.E0,0.E0,1.E0));
#3007=VECTOR('',#3006,1.016E0);
#3008=CARTESIAN_POINT('',(1.5875E0,-1.143E0,-8.89E0));
#3009=LINE('',#3008,#3007);
#3010=DIRECTION('',(0.E0,0.E0,-1.E0));
#3011=VECTOR('',#3010,1.016E0);
#3012=CARTESIAN_POINT('',(1.5875E0,1.27E-1,-7.874E0));
#3013=LINE('',#3012,#3011);
#3014=DIRECTION('',(0.E0,-1.E0,0.E0));
#3015=VECTOR('',#3014,3.175E-1);
#3016=CARTESIAN_POINT('',(1.5875E0,4.445E-1,-7.874E0));
#3017=LINE('',#3016,#3015);
#3018=DIRECTION('',(0.E0,0.E0,-1.E0));
#3019=VECTOR('',#3018,7.0612E0);
#3020=CARTESIAN_POINT('',(1.5875E0,4.445E-1,-8.128E-1));
#3021=LINE('',#3020,#3019);
#3022=DIRECTION('',(0.E0,-1.E0,0.E0));
#3023=VECTOR('',#3022,6.35E-1);
#3024=CARTESIAN_POINT('',(1.5875E0,1.0795E0,-8.128E-1));
#3025=LINE('',#3024,#3023);
#3026=DIRECTION('',(0.E0,0.E0,1.E0));
#3027=VECTOR('',#3026,7.0612E0);
#3028=CARTESIAN_POINT('',(1.5875E0,1.0795E0,-7.874E0));
#3029=LINE('',#3028,#3027);
#3030=DIRECTION('',(0.E0,-1.E0,0.E0));
#3031=VECTOR('',#3030,3.175E-1);
#3032=CARTESIAN_POINT('',(1.5875E0,1.397E0,-7.874E0));
#3033=LINE('',#3032,#3031);
#3034=DIRECTION('',(0.E0,0.E0,1.E0));
#3035=VECTOR('',#3034,1.016E0);
#3036=CARTESIAN_POINT('',(1.5875E0,1.397E0,-8.89E0));
#3037=LINE('',#3036,#3035);
#3038=DIRECTION('',(0.E0,1.E0,0.E0));
#3039=VECTOR('',#3038,3.429E0);
#3040=CARTESIAN_POINT('',(1.5875E0,-8.509E0,-1.31953E1));
#3041=LINE('',#3040,#3039);
#3042=DIRECTION('',(0.E0,0.E0,-1.E0));
#3043=VECTOR('',#3042,6.35E-1);
#3044=CARTESIAN_POINT('',(1.5875E0,-8.509E0,-1.25603E1));
#3045=LINE('',#3044,#3043);
#3046=DIRECTION('',(0.E0,-1.E0,0.E0));
#3047=VECTOR('',#3046,3.429E0);
#3048=CARTESIAN_POINT('',(1.5875E0,-5.08E0,-1.25603E1));
#3049=LINE('',#3048,#3047);
#3050=DIRECTION('',(0.E0,1.E0,0.E0));
#3051=VECTOR('',#3050,3.429E0);
#3052=CARTESIAN_POINT('',(1.5875E0,-8.509E0,-1.57353E1));
#3053=LINE('',#3052,#3051);
#3054=DIRECTION('',(0.E0,0.E0,-1.E0));
#3055=VECTOR('',#3054,6.35E-1);
#3056=CARTESIAN_POINT('',(1.5875E0,-8.509E0,-1.51003E1));
#3057=LINE('',#3056,#3055);
#3058=DIRECTION('',(0.E0,-1.E0,0.E0));
#3059=VECTOR('',#3058,3.429E0);
#3060=CARTESIAN_POINT('',(1.5875E0,-5.08E0,-1.51003E1));
#3061=LINE('',#3060,#3059);
#3062=DIRECTION('',(1.E0,0.E0,0.E0));
#3063=VECTOR('',#3062,6.35E-1);
#3064=CARTESIAN_POINT('',(9.525E-1,-2.413E0,-7.874E0));
#3065=LINE('',#3064,#3063);
#3066=DIRECTION('',(1.E0,0.E0,0.E0));
#3067=VECTOR('',#3066,6.35E-1);
#3068=CARTESIAN_POINT('',(9.525E-1,-2.0955E0,-7.874E0));
#3069=LINE('',#3068,#3067);
#3070=DIRECTION('',(1.E0,0.E0,0.E0));
#3071=VECTOR('',#3070,6.35E-1);
#3072=CARTESIAN_POINT('',(9.525E-1,-2.0955E0,-8.128E-1));
#3073=LINE('',#3072,#3071);
#3074=DIRECTION('',(1.E0,0.E0,0.E0));
#3075=VECTOR('',#3074,6.35E-1);
#3076=CARTESIAN_POINT('',(9.525E-1,-1.4605E0,-8.128E-1));
#3077=LINE('',#3076,#3075);
#3078=DIRECTION('',(1.E0,0.E0,0.E0));
#3079=VECTOR('',#3078,6.35E-1);
#3080=CARTESIAN_POINT('',(9.525E-1,-1.4605E0,-7.874E0));
#3081=LINE('',#3080,#3079);
#3082=DIRECTION('',(1.E0,0.E0,0.E0));
#3083=VECTOR('',#3082,6.35E-1);
#3084=CARTESIAN_POINT('',(9.525E-1,-1.143E0,-7.874E0));
#3085=LINE('',#3084,#3083);
#3086=DIRECTION('',(1.E0,0.E0,0.E0));
#3087=VECTOR('',#3086,6.35E-1);
#3088=CARTESIAN_POINT('',(9.525E-1,1.27E-1,-7.874E0));
#3089=LINE('',#3088,#3087);
#3090=DIRECTION('',(1.E0,0.E0,0.E0));
#3091=VECTOR('',#3090,6.35E-1);
#3092=CARTESIAN_POINT('',(9.525E-1,4.445E-1,-7.874E0));
#3093=LINE('',#3092,#3091);
#3094=DIRECTION('',(1.E0,0.E0,0.E0));
#3095=VECTOR('',#3094,6.35E-1);
#3096=CARTESIAN_POINT('',(9.525E-1,4.445E-1,-8.128E-1));
#3097=LINE('',#3096,#3095);
#3098=DIRECTION('',(1.E0,0.E0,0.E0));
#3099=VECTOR('',#3098,6.35E-1);
#3100=CARTESIAN_POINT('',(9.525E-1,1.0795E0,-8.128E-1));
#3101=LINE('',#3100,#3099);
#3102=DIRECTION('',(1.E0,0.E0,0.E0));
#3103=VECTOR('',#3102,6.35E-1);
#3104=CARTESIAN_POINT('',(9.525E-1,1.0795E0,-7.874E0));
#3105=LINE('',#3104,#3103);
#3106=DIRECTION('',(1.E0,0.E0,0.E0));
#3107=VECTOR('',#3106,6.35E-1);
#3108=CARTESIAN_POINT('',(9.525E-1,1.397E0,-7.874E0));
#3109=LINE('',#3108,#3107);
#3110=DIRECTION('',(1.E0,0.E0,0.E0));
#3111=VECTOR('',#3110,6.35E-1);
#3112=CARTESIAN_POINT('',(9.525E-1,-8.509E0,-1.31953E1));
#3113=LINE('',#3112,#3111);
#3114=DIRECTION('',(1.E0,0.E0,0.E0));
#3115=VECTOR('',#3114,6.35E-1);
#3116=CARTESIAN_POINT('',(9.525E-1,-8.509E0,-1.25603E1));
#3117=LINE('',#3116,#3115);
#3118=DIRECTION('',(1.E0,0.E0,0.E0));
#3119=VECTOR('',#3118,6.35E-1);
#3120=CARTESIAN_POINT('',(9.525E-1,-8.509E0,-1.57353E1));
#3121=LINE('',#3120,#3119);
#3122=DIRECTION('',(1.E0,0.E0,0.E0));
#3123=VECTOR('',#3122,6.35E-1);
#3124=CARTESIAN_POINT('',(9.525E-1,-8.509E0,-1.51003E1));
#3125=LINE('',#3124,#3123);
#3126=DIRECTION('',(0.E0,0.E0,1.E0));
#3127=VECTOR('',#3126,1.016E0);
#3128=CARTESIAN_POINT('',(3.4925E0,-1.143E0,-8.89E0));
#3129=LINE('',#3128,#3127);
#3130=DIRECTION('',(0.E0,-1.E0,0.E0));
#3131=VECTOR('',#3130,3.175E-1);
#3132=CARTESIAN_POINT('',(3.4925E0,-1.143E0,-7.874E0));
#3133=LINE('',#3132,#3131);
#3134=DIRECTION('',(0.E0,0.E0,1.E0));
#3135=VECTOR('',#3134,7.0612E0);
#3136=CARTESIAN_POINT('',(3.4925E0,-1.4605E0,-7.874E0));
#3137=LINE('',#3136,#3135);
#3138=DIRECTION('',(0.E0,-1.E0,0.E0));
#3139=VECTOR('',#3138,6.35E-1);
#3140=CARTESIAN_POINT('',(3.4925E0,-1.4605E0,-8.128E-1));
#3141=LINE('',#3140,#3139);
#3142=DIRECTION('',(0.E0,0.E0,-1.E0));
#3143=VECTOR('',#3142,7.0612E0);
#3144=CARTESIAN_POINT('',(3.4925E0,-2.0955E0,-8.128E-1));
#3145=LINE('',#3144,#3143);
#3146=DIRECTION('',(0.E0,-1.E0,0.E0));
#3147=VECTOR('',#3146,3.175E-1);
#3148=CARTESIAN_POINT('',(3.4925E0,-2.0955E0,-7.874E0));
#3149=LINE('',#3148,#3147);
#3150=DIRECTION('',(0.E0,0.E0,-1.E0));
#3151=VECTOR('',#3150,1.016E0);
#3152=CARTESIAN_POINT('',(3.4925E0,-2.413E0,-7.874E0));
#3153=LINE('',#3152,#3151);
#3154=DIRECTION('',(0.E0,0.E0,1.E0));
#3155=VECTOR('',#3154,1.016E0);
#3156=CARTESIAN_POINT('',(3.4925E0,1.397E0,-8.89E0));
#3157=LINE('',#3156,#3155);
#3158=DIRECTION('',(0.E0,-1.E0,0.E0));
#3159=VECTOR('',#3158,3.175E-1);
#3160=CARTESIAN_POINT('',(3.4925E0,1.397E0,-7.874E0));
#3161=LINE('',#3160,#3159);
#3162=DIRECTION('',(0.E0,0.E0,1.E0));
#3163=VECTOR('',#3162,7.0612E0);
#3164=CARTESIAN_POINT('',(3.4925E0,1.0795E0,-7.874E0));
#3165=LINE('',#3164,#3163);
#3166=DIRECTION('',(0.E0,-1.E0,0.E0));
#3167=VECTOR('',#3166,6.35E-1);
#3168=CARTESIAN_POINT('',(3.4925E0,1.0795E0,-8.128E-1));
#3169=LINE('',#3168,#3167);
#3170=DIRECTION('',(0.E0,0.E0,-1.E0));
#3171=VECTOR('',#3170,7.0612E0);
#3172=CARTESIAN_POINT('',(3.4925E0,4.445E-1,-8.128E-1));
#3173=LINE('',#3172,#3171);
#3174=DIRECTION('',(0.E0,-1.E0,0.E0));
#3175=VECTOR('',#3174,3.175E-1);
#3176=CARTESIAN_POINT('',(3.4925E0,4.445E-1,-7.874E0));
#3177=LINE('',#3176,#3175);
#3178=DIRECTION('',(0.E0,0.E0,-1.E0));
#3179=VECTOR('',#3178,1.016E0);
#3180=CARTESIAN_POINT('',(3.4925E0,1.27E-1,-7.874E0));
#3181=LINE('',#3180,#3179);
#3182=DIRECTION('',(0.E0,-1.E0,0.E0));
#3183=VECTOR('',#3182,3.429E0);
#3184=CARTESIAN_POINT('',(3.4925E0,-5.08E0,-1.25603E1));
#3185=LINE('',#3184,#3183);
#3186=DIRECTION('',(0.E0,0.E0,-1.E0));
#3187=VECTOR('',#3186,6.35E-1);
#3188=CARTESIAN_POINT('',(3.4925E0,-8.509E0,-1.25603E1));
#3189=LINE('',#3188,#3187);
#3190=DIRECTION('',(0.E0,1.E0,0.E0));
#3191=VECTOR('',#3190,3.429E0);
#3192=CARTESIAN_POINT('',(3.4925E0,-8.509E0,-1.31953E1));
#3193=LINE('',#3192,#3191);
#3194=DIRECTION('',(0.E0,-1.E0,0.E0));
#3195=VECTOR('',#3194,3.429E0);
#3196=CARTESIAN_POINT('',(3.4925E0,-5.08E0,-1.51003E1));
#3197=LINE('',#3196,#3195);
#3198=DIRECTION('',(0.E0,0.E0,-1.E0));
#3199=VECTOR('',#3198,6.35E-1);
#3200=CARTESIAN_POINT('',(3.4925E0,-8.509E0,-1.51003E1));
#3201=LINE('',#3200,#3199);
#3202=DIRECTION('',(0.E0,1.E0,0.E0));
#3203=VECTOR('',#3202,3.429E0);
#3204=CARTESIAN_POINT('',(3.4925E0,-8.509E0,-1.57353E1));
#3205=LINE('',#3204,#3203);
#3206=DIRECTION('',(0.E0,0.E0,-1.E0));
#3207=VECTOR('',#3206,1.016E0);
#3208=CARTESIAN_POINT('',(4.1275E0,-2.413E0,-7.874E0));
#3209=LINE('',#3208,#3207);
#3210=DIRECTION('',(0.E0,-1.E0,0.E0));
#3211=VECTOR('',#3210,3.175E-1);
#3212=CARTESIAN_POINT('',(4.1275E0,-2.0955E0,-7.874E0));
#3213=LINE('',#3212,#3211);
#3214=DIRECTION('',(0.E0,0.E0,-1.E0));
#3215=VECTOR('',#3214,7.0612E0);
#3216=CARTESIAN_POINT('',(4.1275E0,-2.0955E0,-8.128E-1));
#3217=LINE('',#3216,#3215);
#3218=DIRECTION('',(0.E0,-1.E0,0.E0));
#3219=VECTOR('',#3218,6.35E-1);
#3220=CARTESIAN_POINT('',(4.1275E0,-1.4605E0,-8.128E-1));
#3221=LINE('',#3220,#3219);
#3222=DIRECTION('',(0.E0,0.E0,1.E0));
#3223=VECTOR('',#3222,7.0612E0);
#3224=CARTESIAN_POINT('',(4.1275E0,-1.4605E0,-7.874E0));
#3225=LINE('',#3224,#3223);
#3226=DIRECTION('',(0.E0,-1.E0,0.E0));
#3227=VECTOR('',#3226,3.175E-1);
#3228=CARTESIAN_POINT('',(4.1275E0,-1.143E0,-7.874E0));
#3229=LINE('',#3228,#3227);
#3230=DIRECTION('',(0.E0,0.E0,1.E0));
#3231=VECTOR('',#3230,1.016E0);
#3232=CARTESIAN_POINT('',(4.1275E0,-1.143E0,-8.89E0));
#3233=LINE('',#3232,#3231);
#3234=DIRECTION('',(0.E0,0.E0,-1.E0));
#3235=VECTOR('',#3234,1.016E0);
#3236=CARTESIAN_POINT('',(4.1275E0,1.27E-1,-7.874E0));
#3237=LINE('',#3236,#3235);
#3238=DIRECTION('',(0.E0,-1.E0,0.E0));
#3239=VECTOR('',#3238,3.175E-1);
#3240=CARTESIAN_POINT('',(4.1275E0,4.445E-1,-7.874E0));
#3241=LINE('',#3240,#3239);
#3242=DIRECTION('',(0.E0,0.E0,-1.E0));
#3243=VECTOR('',#3242,7.0612E0);
#3244=CARTESIAN_POINT('',(4.1275E0,4.445E-1,-8.128E-1));
#3245=LINE('',#3244,#3243);
#3246=DIRECTION('',(0.E0,-1.E0,0.E0));
#3247=VECTOR('',#3246,6.35E-1);
#3248=CARTESIAN_POINT('',(4.1275E0,1.0795E0,-8.128E-1));
#3249=LINE('',#3248,#3247);
#3250=DIRECTION('',(0.E0,0.E0,1.E0));
#3251=VECTOR('',#3250,7.0612E0);
#3252=CARTESIAN_POINT('',(4.1275E0,1.0795E0,-7.874E0));
#3253=LINE('',#3252,#3251);
#3254=DIRECTION('',(0.E0,-1.E0,0.E0));
#3255=VECTOR('',#3254,3.175E-1);
#3256=CARTESIAN_POINT('',(4.1275E0,1.397E0,-7.874E0));
#3257=LINE('',#3256,#3255);
#3258=DIRECTION('',(0.E0,0.E0,1.E0));
#3259=VECTOR('',#3258,1.016E0);
#3260=CARTESIAN_POINT('',(4.1275E0,1.397E0,-8.89E0));
#3261=LINE('',#3260,#3259);
#3262=DIRECTION('',(0.E0,1.E0,0.E0));
#3263=VECTOR('',#3262,3.429E0);
#3264=CARTESIAN_POINT('',(4.1275E0,-8.509E0,-1.31953E1));
#3265=LINE('',#3264,#3263);
#3266=DIRECTION('',(0.E0,0.E0,-1.E0));
#3267=VECTOR('',#3266,6.35E-1);
#3268=CARTESIAN_POINT('',(4.1275E0,-8.509E0,-1.25603E1));
#3269=LINE('',#3268,#3267);
#3270=DIRECTION('',(0.E0,-1.E0,0.E0));
#3271=VECTOR('',#3270,3.429E0);
#3272=CARTESIAN_POINT('',(4.1275E0,-5.08E0,-1.25603E1));
#3273=LINE('',#3272,#3271);
#3274=DIRECTION('',(0.E0,1.E0,0.E0));
#3275=VECTOR('',#3274,3.429E0);
#3276=CARTESIAN_POINT('',(4.1275E0,-8.509E0,-1.57353E1));
#3277=LINE('',#3276,#3275);
#3278=DIRECTION('',(0.E0,0.E0,-1.E0));
#3279=VECTOR('',#3278,6.35E-1);
#3280=CARTESIAN_POINT('',(4.1275E0,-8.509E0,-1.51003E1));
#3281=LINE('',#3280,#3279);
#3282=DIRECTION('',(0.E0,-1.E0,0.E0));
#3283=VECTOR('',#3282,3.429E0);
#3284=CARTESIAN_POINT('',(4.1275E0,-5.08E0,-1.51003E1));
#3285=LINE('',#3284,#3283);
#3286=DIRECTION('',(1.E0,0.E0,0.E0));
#3287=VECTOR('',#3286,6.35E-1);
#3288=CARTESIAN_POINT('',(3.4925E0,-2.413E0,-7.874E0));
#3289=LINE('',#3288,#3287);
#3290=DIRECTION('',(1.E0,0.E0,0.E0));
#3291=VECTOR('',#3290,6.35E-1);
#3292=CARTESIAN_POINT('',(3.4925E0,-2.0955E0,-7.874E0));
#3293=LINE('',#3292,#3291);
#3294=DIRECTION('',(1.E0,0.E0,0.E0));
#3295=VECTOR('',#3294,6.35E-1);
#3296=CARTESIAN_POINT('',(3.4925E0,-2.0955E0,-8.128E-1));
#3297=LINE('',#3296,#3295);
#3298=DIRECTION('',(1.E0,0.E0,0.E0));
#3299=VECTOR('',#3298,6.35E-1);
#3300=CARTESIAN_POINT('',(3.4925E0,-1.4605E0,-8.128E-1));
#3301=LINE('',#3300,#3299);
#3302=DIRECTION('',(1.E0,0.E0,0.E0));
#3303=VECTOR('',#3302,6.35E-1);
#3304=CARTESIAN_POINT('',(3.4925E0,-1.4605E0,-7.874E0));
#3305=LINE('',#3304,#3303);
#3306=DIRECTION('',(1.E0,0.E0,0.E0));
#3307=VECTOR('',#3306,6.35E-1);
#3308=CARTESIAN_POINT('',(3.4925E0,-1.143E0,-7.874E0));
#3309=LINE('',#3308,#3307);
#3310=DIRECTION('',(1.E0,0.E0,0.E0));
#3311=VECTOR('',#3310,6.35E-1);
#3312=CARTESIAN_POINT('',(3.4925E0,1.27E-1,-7.874E0));
#3313=LINE('',#3312,#3311);
#3314=DIRECTION('',(1.E0,0.E0,0.E0));
#3315=VECTOR('',#3314,6.35E-1);
#3316=CARTESIAN_POINT('',(3.4925E0,4.445E-1,-7.874E0));
#3317=LINE('',#3316,#3315);
#3318=DIRECTION('',(1.E0,0.E0,0.E0));
#3319=VECTOR('',#3318,6.35E-1);
#3320=CARTESIAN_POINT('',(3.4925E0,4.445E-1,-8.128E-1));
#3321=LINE('',#3320,#3319);
#3322=DIRECTION('',(1.E0,0.E0,0.E0));
#3323=VECTOR('',#3322,6.35E-1);
#3324=CARTESIAN_POINT('',(3.4925E0,1.0795E0,-8.128E-1));
#3325=LINE('',#3324,#3323);
#3326=DIRECTION('',(1.E0,0.E0,0.E0));
#3327=VECTOR('',#3326,6.35E-1);
#3328=CARTESIAN_POINT('',(3.4925E0,1.0795E0,-7.874E0));
#3329=LINE('',#3328,#3327);
#3330=DIRECTION('',(1.E0,0.E0,0.E0));
#3331=VECTOR('',#3330,6.35E-1);
#3332=CARTESIAN_POINT('',(3.4925E0,1.397E0,-7.874E0));
#3333=LINE('',#3332,#3331);
#3334=DIRECTION('',(1.E0,0.E0,0.E0));
#3335=VECTOR('',#3334,6.35E-1);
#3336=CARTESIAN_POINT('',(3.4925E0,-8.509E0,-1.31953E1));
#3337=LINE('',#3336,#3335);
#3338=DIRECTION('',(1.E0,0.E0,0.E0));
#3339=VECTOR('',#3338,6.35E-1);
#3340=CARTESIAN_POINT('',(3.4925E0,-8.509E0,-1.25603E1));
#3341=LINE('',#3340,#3339);
#3342=DIRECTION('',(1.E0,0.E0,0.E0));
#3343=VECTOR('',#3342,6.35E-1);
#3344=CARTESIAN_POINT('',(3.4925E0,-8.509E0,-1.57353E1));
#3345=LINE('',#3344,#3343);
#3346=DIRECTION('',(1.E0,0.E0,0.E0));
#3347=VECTOR('',#3346,6.35E-1);
#3348=CARTESIAN_POINT('',(3.4925E0,-8.509E0,-1.51003E1));
#3349=LINE('',#3348,#3347);
#3350=DIRECTION('',(0.E0,0.E0,1.E0));
#3351=VECTOR('',#3350,1.016E0);
#3352=CARTESIAN_POINT('',(6.0325E0,-1.143E0,-8.89E0));
#3353=LINE('',#3352,#3351);
#3354=DIRECTION('',(0.E0,-1.E0,0.E0));
#3355=VECTOR('',#3354,3.175E-1);
#3356=CARTESIAN_POINT('',(6.0325E0,-1.143E0,-7.874E0));
#3357=LINE('',#3356,#3355);
#3358=DIRECTION('',(0.E0,0.E0,1.E0));
#3359=VECTOR('',#3358,7.0612E0);
#3360=CARTESIAN_POINT('',(6.0325E0,-1.4605E0,-7.874E0));
#3361=LINE('',#3360,#3359);
#3362=DIRECTION('',(0.E0,-1.E0,0.E0));
#3363=VECTOR('',#3362,6.35E-1);
#3364=CARTESIAN_POINT('',(6.0325E0,-1.4605E0,-8.128E-1));
#3365=LINE('',#3364,#3363);
#3366=DIRECTION('',(0.E0,0.E0,-1.E0));
#3367=VECTOR('',#3366,7.0612E0);
#3368=CARTESIAN_POINT('',(6.0325E0,-2.0955E0,-8.128E-1));
#3369=LINE('',#3368,#3367);
#3370=DIRECTION('',(0.E0,-1.E0,0.E0));
#3371=VECTOR('',#3370,3.175E-1);
#3372=CARTESIAN_POINT('',(6.0325E0,-2.0955E0,-7.874E0));
#3373=LINE('',#3372,#3371);
#3374=DIRECTION('',(0.E0,0.E0,-1.E0));
#3375=VECTOR('',#3374,1.016E0);
#3376=CARTESIAN_POINT('',(6.0325E0,-2.413E0,-7.874E0));
#3377=LINE('',#3376,#3375);
#3378=DIRECTION('',(0.E0,0.E0,1.E0));
#3379=VECTOR('',#3378,1.016E0);
#3380=CARTESIAN_POINT('',(6.0325E0,1.397E0,-8.89E0));
#3381=LINE('',#3380,#3379);
#3382=DIRECTION('',(0.E0,-1.E0,0.E0));
#3383=VECTOR('',#3382,3.175E-1);
#3384=CARTESIAN_POINT('',(6.0325E0,1.397E0,-7.874E0));
#3385=LINE('',#3384,#3383);
#3386=DIRECTION('',(0.E0,0.E0,1.E0));
#3387=VECTOR('',#3386,7.0612E0);
#3388=CARTESIAN_POINT('',(6.0325E0,1.0795E0,-7.874E0));
#3389=LINE('',#3388,#3387);
#3390=DIRECTION('',(0.E0,-1.E0,0.E0));
#3391=VECTOR('',#3390,6.35E-1);
#3392=CARTESIAN_POINT('',(6.0325E0,1.0795E0,-8.128E-1));
#3393=LINE('',#3392,#3391);
#3394=DIRECTION('',(0.E0,0.E0,-1.E0));
#3395=VECTOR('',#3394,7.0612E0);
#3396=CARTESIAN_POINT('',(6.0325E0,4.445E-1,-8.128E-1));
#3397=LINE('',#3396,#3395);
#3398=DIRECTION('',(0.E0,-1.E0,0.E0));
#3399=VECTOR('',#3398,3.175E-1);
#3400=CARTESIAN_POINT('',(6.0325E0,4.445E-1,-7.874E0));
#3401=LINE('',#3400,#3399);
#3402=DIRECTION('',(0.E0,0.E0,-1.E0));
#3403=VECTOR('',#3402,1.016E0);
#3404=CARTESIAN_POINT('',(6.0325E0,1.27E-1,-7.874E0));
#3405=LINE('',#3404,#3403);
#3406=DIRECTION('',(0.E0,-1.E0,0.E0));
#3407=VECTOR('',#3406,3.429E0);
#3408=CARTESIAN_POINT('',(6.0325E0,-5.08E0,-1.25603E1));
#3409=LINE('',#3408,#3407);
#3410=DIRECTION('',(0.E0,0.E0,-1.E0));
#3411=VECTOR('',#3410,6.35E-1);
#3412=CARTESIAN_POINT('',(6.0325E0,-8.509E0,-1.25603E1));
#3413=LINE('',#3412,#3411);
#3414=DIRECTION('',(0.E0,1.E0,0.E0));
#3415=VECTOR('',#3414,3.429E0);
#3416=CARTESIAN_POINT('',(6.0325E0,-8.509E0,-1.31953E1));
#3417=LINE('',#3416,#3415);
#3418=DIRECTION('',(0.E0,-1.E0,0.E0));
#3419=VECTOR('',#3418,3.429E0);
#3420=CARTESIAN_POINT('',(6.0325E0,-5.08E0,-1.51003E1));
#3421=LINE('',#3420,#3419);
#3422=DIRECTION('',(0.E0,0.E0,-1.E0));
#3423=VECTOR('',#3422,6.35E-1);
#3424=CARTESIAN_POINT('',(6.0325E0,-8.509E0,-1.51003E1));
#3425=LINE('',#3424,#3423);
#3426=DIRECTION('',(0.E0,1.E0,0.E0));
#3427=VECTOR('',#3426,3.429E0);
#3428=CARTESIAN_POINT('',(6.0325E0,-8.509E0,-1.57353E1));
#3429=LINE('',#3428,#3427);
#3430=DIRECTION('',(0.E0,0.E0,-1.E0));
#3431=VECTOR('',#3430,1.016E0);
#3432=CARTESIAN_POINT('',(6.6675E0,-2.413E0,-7.874E0));
#3433=LINE('',#3432,#3431);
#3434=DIRECTION('',(0.E0,-1.E0,0.E0));
#3435=VECTOR('',#3434,3.175E-1);
#3436=CARTESIAN_POINT('',(6.6675E0,-2.0955E0,-7.874E0));
#3437=LINE('',#3436,#3435);
#3438=DIRECTION('',(0.E0,0.E0,-1.E0));
#3439=VECTOR('',#3438,7.0612E0);
#3440=CARTESIAN_POINT('',(6.6675E0,-2.0955E0,-8.128E-1));
#3441=LINE('',#3440,#3439);
#3442=DIRECTION('',(0.E0,-1.E0,0.E0));
#3443=VECTOR('',#3442,6.35E-1);
#3444=CARTESIAN_POINT('',(6.6675E0,-1.4605E0,-8.128E-1));
#3445=LINE('',#3444,#3443);
#3446=DIRECTION('',(0.E0,0.E0,1.E0));
#3447=VECTOR('',#3446,7.0612E0);
#3448=CARTESIAN_POINT('',(6.6675E0,-1.4605E0,-7.874E0));
#3449=LINE('',#3448,#3447);
#3450=DIRECTION('',(0.E0,-1.E0,0.E0));
#3451=VECTOR('',#3450,3.175E-1);
#3452=CARTESIAN_POINT('',(6.6675E0,-1.143E0,-7.874E0));
#3453=LINE('',#3452,#3451);
#3454=DIRECTION('',(0.E0,0.E0,1.E0));
#3455=VECTOR('',#3454,1.016E0);
#3456=CARTESIAN_POINT('',(6.6675E0,-1.143E0,-8.89E0));
#3457=LINE('',#3456,#3455);
#3458=DIRECTION('',(0.E0,0.E0,-1.E0));
#3459=VECTOR('',#3458,1.016E0);
#3460=CARTESIAN_POINT('',(6.6675E0,1.27E-1,-7.874E0));
#3461=LINE('',#3460,#3459);
#3462=DIRECTION('',(0.E0,-1.E0,0.E0));
#3463=VECTOR('',#3462,3.175E-1);
#3464=CARTESIAN_POINT('',(6.6675E0,4.445E-1,-7.874E0));
#3465=LINE('',#3464,#3463);
#3466=DIRECTION('',(0.E0,0.E0,-1.E0));
#3467=VECTOR('',#3466,7.0612E0);
#3468=CARTESIAN_POINT('',(6.6675E0,4.445E-1,-8.128E-1));
#3469=LINE('',#3468,#3467);
#3470=DIRECTION('',(0.E0,-1.E0,0.E0));
#3471=VECTOR('',#3470,6.35E-1);
#3472=CARTESIAN_POINT('',(6.6675E0,1.0795E0,-8.128E-1));
#3473=LINE('',#3472,#3471);
#3474=DIRECTION('',(0.E0,0.E0,1.E0));
#3475=VECTOR('',#3474,7.0612E0);
#3476=CARTESIAN_POINT('',(6.6675E0,1.0795E0,-7.874E0));
#3477=LINE('',#3476,#3475);
#3478=DIRECTION('',(0.E0,-1.E0,0.E0));
#3479=VECTOR('',#3478,3.175E-1);
#3480=CARTESIAN_POINT('',(6.6675E0,1.397E0,-7.874E0));
#3481=LINE('',#3480,#3479);
#3482=DIRECTION('',(0.E0,0.E0,1.E0));
#3483=VECTOR('',#3482,1.016E0);
#3484=CARTESIAN_POINT('',(6.6675E0,1.397E0,-8.89E0));
#3485=LINE('',#3484,#3483);
#3486=DIRECTION('',(0.E0,1.E0,0.E0));
#3487=VECTOR('',#3486,3.429E0);
#3488=CARTESIAN_POINT('',(6.6675E0,-8.509E0,-1.31953E1));
#3489=LINE('',#3488,#3487);
#3490=DIRECTION('',(0.E0,0.E0,-1.E0));
#3491=VECTOR('',#3490,6.35E-1);
#3492=CARTESIAN_POINT('',(6.6675E0,-8.509E0,-1.25603E1));
#3493=LINE('',#3492,#3491);
#3494=DIRECTION('',(0.E0,-1.E0,0.E0));
#3495=VECTOR('',#3494,3.429E0);
#3496=CARTESIAN_POINT('',(6.6675E0,-5.08E0,-1.25603E1));
#3497=LINE('',#3496,#3495);
#3498=DIRECTION('',(0.E0,1.E0,0.E0));
#3499=VECTOR('',#3498,3.429E0);
#3500=CARTESIAN_POINT('',(6.6675E0,-8.509E0,-1.57353E1));
#3501=LINE('',#3500,#3499);
#3502=DIRECTION('',(0.E0,0.E0,-1.E0));
#3503=VECTOR('',#3502,6.35E-1);
#3504=CARTESIAN_POINT('',(6.6675E0,-8.509E0,-1.51003E1));
#3505=LINE('',#3504,#3503);
#3506=DIRECTION('',(0.E0,-1.E0,0.E0));
#3507=VECTOR('',#3506,3.429E0);
#3508=CARTESIAN_POINT('',(6.6675E0,-5.08E0,-1.51003E1));
#3509=LINE('',#3508,#3507);
#3510=DIRECTION('',(1.E0,0.E0,0.E0));
#3511=VECTOR('',#3510,6.35E-1);
#3512=CARTESIAN_POINT('',(6.0325E0,-2.413E0,-7.874E0));
#3513=LINE('',#3512,#3511);
#3514=DIRECTION('',(1.E0,0.E0,0.E0));
#3515=VECTOR('',#3514,6.35E-1);
#3516=CARTESIAN_POINT('',(6.0325E0,-2.0955E0,-7.874E0));
#3517=LINE('',#3516,#3515);
#3518=DIRECTION('',(1.E0,0.E0,0.E0));
#3519=VECTOR('',#3518,6.35E-1);
#3520=CARTESIAN_POINT('',(6.0325E0,-2.0955E0,-8.128E-1));
#3521=LINE('',#3520,#3519);
#3522=DIRECTION('',(1.E0,0.E0,0.E0));
#3523=VECTOR('',#3522,6.35E-1);
#3524=CARTESIAN_POINT('',(6.0325E0,-1.4605E0,-8.128E-1));
#3525=LINE('',#3524,#3523);
#3526=DIRECTION('',(1.E0,0.E0,0.E0));
#3527=VECTOR('',#3526,6.35E-1);
#3528=CARTESIAN_POINT('',(6.0325E0,-1.4605E0,-7.874E0));
#3529=LINE('',#3528,#3527);
#3530=DIRECTION('',(1.E0,0.E0,0.E0));
#3531=VECTOR('',#3530,6.35E-1);
#3532=CARTESIAN_POINT('',(6.0325E0,-1.143E0,-7.874E0));
#3533=LINE('',#3532,#3531);
#3534=DIRECTION('',(1.E0,0.E0,0.E0));
#3535=VECTOR('',#3534,6.35E-1);
#3536=CARTESIAN_POINT('',(6.0325E0,1.27E-1,-7.874E0));
#3537=LINE('',#3536,#3535);
#3538=DIRECTION('',(1.E0,0.E0,0.E0));
#3539=VECTOR('',#3538,6.35E-1);
#3540=CARTESIAN_POINT('',(6.0325E0,4.445E-1,-7.874E0));
#3541=LINE('',#3540,#3539);
#3542=DIRECTION('',(1.E0,0.E0,0.E0));
#3543=VECTOR('',#3542,6.35E-1);
#3544=CARTESIAN_POINT('',(6.0325E0,4.445E-1,-8.128E-1));
#3545=LINE('',#3544,#3543);
#3546=DIRECTION('',(1.E0,0.E0,0.E0));
#3547=VECTOR('',#3546,6.35E-1);
#3548=CARTESIAN_POINT('',(6.0325E0,1.0795E0,-8.128E-1));
#3549=LINE('',#3548,#3547);
#3550=DIRECTION('',(1.E0,0.E0,0.E0));
#3551=VECTOR('',#3550,6.35E-1);
#3552=CARTESIAN_POINT('',(6.0325E0,1.0795E0,-7.874E0));
#3553=LINE('',#3552,#3551);
#3554=DIRECTION('',(1.E0,0.E0,0.E0));
#3555=VECTOR('',#3554,6.35E-1);
#3556=CARTESIAN_POINT('',(6.0325E0,1.397E0,-7.874E0));
#3557=LINE('',#3556,#3555);
#3558=DIRECTION('',(1.E0,0.E0,0.E0));
#3559=VECTOR('',#3558,6.35E-1);
#3560=CARTESIAN_POINT('',(6.0325E0,-8.509E0,-1.31953E1));
#3561=LINE('',#3560,#3559);
#3562=DIRECTION('',(1.E0,0.E0,0.E0));
#3563=VECTOR('',#3562,6.35E-1);
#3564=CARTESIAN_POINT('',(6.0325E0,-8.509E0,-1.25603E1));
#3565=LINE('',#3564,#3563);
#3566=DIRECTION('',(1.E0,0.E0,0.E0));
#3567=VECTOR('',#3566,6.35E-1);
#3568=CARTESIAN_POINT('',(6.0325E0,-8.509E0,-1.57353E1));
#3569=LINE('',#3568,#3567);
#3570=DIRECTION('',(1.E0,0.E0,0.E0));
#3571=VECTOR('',#3570,6.35E-1);
#3572=CARTESIAN_POINT('',(6.0325E0,-8.509E0,-1.51003E1));
#3573=LINE('',#3572,#3571);
#3574=DIRECTION('',(0.E0,0.E0,1.E0));
#3575=VECTOR('',#3574,1.016E0);
#3576=CARTESIAN_POINT('',(8.5725E0,-1.143E0,-8.89E0));
#3577=LINE('',#3576,#3575);
#3578=DIRECTION('',(0.E0,-1.E0,0.E0));
#3579=VECTOR('',#3578,3.175E-1);
#3580=CARTESIAN_POINT('',(8.5725E0,-1.143E0,-7.874E0));
#3581=LINE('',#3580,#3579);
#3582=DIRECTION('',(0.E0,0.E0,1.E0));
#3583=VECTOR('',#3582,7.0612E0);
#3584=CARTESIAN_POINT('',(8.5725E0,-1.4605E0,-7.874E0));
#3585=LINE('',#3584,#3583);
#3586=DIRECTION('',(0.E0,-1.E0,0.E0));
#3587=VECTOR('',#3586,6.35E-1);
#3588=CARTESIAN_POINT('',(8.5725E0,-1.4605E0,-8.128E-1));
#3589=LINE('',#3588,#3587);
#3590=DIRECTION('',(0.E0,0.E0,-1.E0));
#3591=VECTOR('',#3590,7.0612E0);
#3592=CARTESIAN_POINT('',(8.5725E0,-2.0955E0,-8.128E-1));
#3593=LINE('',#3592,#3591);
#3594=DIRECTION('',(0.E0,-1.E0,0.E0));
#3595=VECTOR('',#3594,3.175E-1);
#3596=CARTESIAN_POINT('',(8.5725E0,-2.0955E0,-7.874E0));
#3597=LINE('',#3596,#3595);
#3598=DIRECTION('',(0.E0,0.E0,-1.E0));
#3599=VECTOR('',#3598,1.016E0);
#3600=CARTESIAN_POINT('',(8.5725E0,-2.413E0,-7.874E0));
#3601=LINE('',#3600,#3599);
#3602=DIRECTION('',(0.E0,0.E0,1.E0));
#3603=VECTOR('',#3602,1.016E0);
#3604=CARTESIAN_POINT('',(8.5725E0,1.397E0,-8.89E0));
#3605=LINE('',#3604,#3603);
#3606=DIRECTION('',(0.E0,-1.E0,0.E0));
#3607=VECTOR('',#3606,3.175E-1);
#3608=CARTESIAN_POINT('',(8.5725E0,1.397E0,-7.874E0));
#3609=LINE('',#3608,#3607);
#3610=DIRECTION('',(0.E0,0.E0,1.E0));
#3611=VECTOR('',#3610,7.0612E0);
#3612=CARTESIAN_POINT('',(8.5725E0,1.0795E0,-7.874E0));
#3613=LINE('',#3612,#3611);
#3614=DIRECTION('',(0.E0,-1.E0,0.E0));
#3615=VECTOR('',#3614,6.35E-1);
#3616=CARTESIAN_POINT('',(8.5725E0,1.0795E0,-8.128E-1));
#3617=LINE('',#3616,#3615);
#3618=DIRECTION('',(0.E0,0.E0,-1.E0));
#3619=VECTOR('',#3618,7.0612E0);
#3620=CARTESIAN_POINT('',(8.5725E0,4.445E-1,-8.128E-1));
#3621=LINE('',#3620,#3619);
#3622=DIRECTION('',(0.E0,-1.E0,0.E0));
#3623=VECTOR('',#3622,3.175E-1);
#3624=CARTESIAN_POINT('',(8.5725E0,4.445E-1,-7.874E0));
#3625=LINE('',#3624,#3623);
#3626=DIRECTION('',(0.E0,0.E0,-1.E0));
#3627=VECTOR('',#3626,1.016E0);
#3628=CARTESIAN_POINT('',(8.5725E0,1.27E-1,-7.874E0));
#3629=LINE('',#3628,#3627);
#3630=DIRECTION('',(0.E0,-1.E0,0.E0));
#3631=VECTOR('',#3630,3.429E0);
#3632=CARTESIAN_POINT('',(8.5725E0,-5.08E0,-1.25603E1));
#3633=LINE('',#3632,#3631);
#3634=DIRECTION('',(0.E0,0.E0,-1.E0));
#3635=VECTOR('',#3634,6.35E-1);
#3636=CARTESIAN_POINT('',(8.5725E0,-8.509E0,-1.25603E1));
#3637=LINE('',#3636,#3635);
#3638=DIRECTION('',(0.E0,1.E0,0.E0));
#3639=VECTOR('',#3638,3.429E0);
#3640=CARTESIAN_POINT('',(8.5725E0,-8.509E0,-1.31953E1));
#3641=LINE('',#3640,#3639);
#3642=DIRECTION('',(0.E0,-1.E0,0.E0));
#3643=VECTOR('',#3642,3.429E0);
#3644=CARTESIAN_POINT('',(8.5725E0,-5.08E0,-1.51003E1));
#3645=LINE('',#3644,#3643);
#3646=DIRECTION('',(0.E0,0.E0,-1.E0));
#3647=VECTOR('',#3646,6.35E-1);
#3648=CARTESIAN_POINT('',(8.5725E0,-8.509E0,-1.51003E1));
#3649=LINE('',#3648,#3647);
#3650=DIRECTION('',(0.E0,1.E0,0.E0));
#3651=VECTOR('',#3650,3.429E0);
#3652=CARTESIAN_POINT('',(8.5725E0,-8.509E0,-1.57353E1));
#3653=LINE('',#3652,#3651);
#3654=DIRECTION('',(0.E0,0.E0,-1.E0));
#3655=VECTOR('',#3654,1.016E0);
#3656=CARTESIAN_POINT('',(9.2075E0,-2.413E0,-7.874E0));
#3657=LINE('',#3656,#3655);
#3658=DIRECTION('',(0.E0,-1.E0,0.E0));
#3659=VECTOR('',#3658,3.175E-1);
#3660=CARTESIAN_POINT('',(9.2075E0,-2.0955E0,-7.874E0));
#3661=LINE('',#3660,#3659);
#3662=DIRECTION('',(0.E0,0.E0,-1.E0));
#3663=VECTOR('',#3662,7.0612E0);
#3664=CARTESIAN_POINT('',(9.2075E0,-2.0955E0,-8.128E-1));
#3665=LINE('',#3664,#3663);
#3666=DIRECTION('',(0.E0,-1.E0,0.E0));
#3667=VECTOR('',#3666,6.35E-1);
#3668=CARTESIAN_POINT('',(9.2075E0,-1.4605E0,-8.128E-1));
#3669=LINE('',#3668,#3667);
#3670=DIRECTION('',(0.E0,0.E0,1.E0));
#3671=VECTOR('',#3670,7.0612E0);
#3672=CARTESIAN_POINT('',(9.2075E0,-1.4605E0,-7.874E0));
#3673=LINE('',#3672,#3671);
#3674=DIRECTION('',(0.E0,-1.E0,0.E0));
#3675=VECTOR('',#3674,3.175E-1);
#3676=CARTESIAN_POINT('',(9.2075E0,-1.143E0,-7.874E0));
#3677=LINE('',#3676,#3675);
#3678=DIRECTION('',(0.E0,0.E0,1.E0));
#3679=VECTOR('',#3678,1.016E0);
#3680=CARTESIAN_POINT('',(9.2075E0,-1.143E0,-8.89E0));
#3681=LINE('',#3680,#3679);
#3682=DIRECTION('',(0.E0,0.E0,-1.E0));
#3683=VECTOR('',#3682,1.016E0);
#3684=CARTESIAN_POINT('',(9.2075E0,1.27E-1,-7.874E0));
#3685=LINE('',#3684,#3683);
#3686=DIRECTION('',(0.E0,-1.E0,0.E0));
#3687=VECTOR('',#3686,3.175E-1);
#3688=CARTESIAN_POINT('',(9.2075E0,4.445E-1,-7.874E0));
#3689=LINE('',#3688,#3687);
#3690=DIRECTION('',(0.E0,0.E0,-1.E0));
#3691=VECTOR('',#3690,7.0612E0);
#3692=CARTESIAN_POINT('',(9.2075E0,4.445E-1,-8.128E-1));
#3693=LINE('',#3692,#3691);
#3694=DIRECTION('',(0.E0,-1.E0,0.E0));
#3695=VECTOR('',#3694,6.35E-1);
#3696=CARTESIAN_POINT('',(9.2075E0,1.0795E0,-8.128E-1));
#3697=LINE('',#3696,#3695);
#3698=DIRECTION('',(0.E0,0.E0,1.E0));
#3699=VECTOR('',#3698,7.0612E0);
#3700=CARTESIAN_POINT('',(9.2075E0,1.0795E0,-7.874E0));
#3701=LINE('',#3700,#3699);
#3702=DIRECTION('',(0.E0,-1.E0,0.E0));
#3703=VECTOR('',#3702,3.175E-1);
#3704=CARTESIAN_POINT('',(9.2075E0,1.397E0,-7.874E0));
#3705=LINE('',#3704,#3703);
#3706=DIRECTION('',(0.E0,0.E0,1.E0));
#3707=VECTOR('',#3706,1.016E0);
#3708=CARTESIAN_POINT('',(9.2075E0,1.397E0,-8.89E0));
#3709=LINE('',#3708,#3707);
#3710=DIRECTION('',(0.E0,1.E0,0.E0));
#3711=VECTOR('',#3710,3.429E0);
#3712=CARTESIAN_POINT('',(9.2075E0,-8.509E0,-1.31953E1));
#3713=LINE('',#3712,#3711);
#3714=DIRECTION('',(0.E0,0.E0,-1.E0));
#3715=VECTOR('',#3714,6.35E-1);
#3716=CARTESIAN_POINT('',(9.2075E0,-8.509E0,-1.25603E1));
#3717=LINE('',#3716,#3715);
#3718=DIRECTION('',(0.E0,-1.E0,0.E0));
#3719=VECTOR('',#3718,3.429E0);
#3720=CARTESIAN_POINT('',(9.2075E0,-5.08E0,-1.25603E1));
#3721=LINE('',#3720,#3719);
#3722=DIRECTION('',(0.E0,1.E0,0.E0));
#3723=VECTOR('',#3722,3.429E0);
#3724=CARTESIAN_POINT('',(9.2075E0,-8.509E0,-1.57353E1));
#3725=LINE('',#3724,#3723);
#3726=DIRECTION('',(0.E0,0.E0,-1.E0));
#3727=VECTOR('',#3726,6.35E-1);
#3728=CARTESIAN_POINT('',(9.2075E0,-8.509E0,-1.51003E1));
#3729=LINE('',#3728,#3727);
#3730=DIRECTION('',(0.E0,-1.E0,0.E0));
#3731=VECTOR('',#3730,3.429E0);
#3732=CARTESIAN_POINT('',(9.2075E0,-5.08E0,-1.51003E1));
#3733=LINE('',#3732,#3731);
#3734=DIRECTION('',(1.E0,0.E0,0.E0));
#3735=VECTOR('',#3734,6.35E-1);
#3736=CARTESIAN_POINT('',(8.5725E0,-2.413E0,-7.874E0));
#3737=LINE('',#3736,#3735);
#3738=DIRECTION('',(1.E0,0.E0,0.E0));
#3739=VECTOR('',#3738,6.35E-1);
#3740=CARTESIAN_POINT('',(8.5725E0,-2.0955E0,-7.874E0));
#3741=LINE('',#3740,#3739);
#3742=DIRECTION('',(1.E0,0.E0,0.E0));
#3743=VECTOR('',#3742,6.35E-1);
#3744=CARTESIAN_POINT('',(8.5725E0,-2.0955E0,-8.128E-1));
#3745=LINE('',#3744,#3743);
#3746=DIRECTION('',(1.E0,0.E0,0.E0));
#3747=VECTOR('',#3746,6.35E-1);
#3748=CARTESIAN_POINT('',(8.5725E0,-1.4605E0,-8.128E-1));
#3749=LINE('',#3748,#3747);
#3750=DIRECTION('',(1.E0,0.E0,0.E0));
#3751=VECTOR('',#3750,6.35E-1);
#3752=CARTESIAN_POINT('',(8.5725E0,-1.4605E0,-7.874E0));
#3753=LINE('',#3752,#3751);
#3754=DIRECTION('',(1.E0,0.E0,0.E0));
#3755=VECTOR('',#3754,6.35E-1);
#3756=CARTESIAN_POINT('',(8.5725E0,-1.143E0,-7.874E0));
#3757=LINE('',#3756,#3755);
#3758=DIRECTION('',(1.E0,0.E0,0.E0));
#3759=VECTOR('',#3758,6.35E-1);
#3760=CARTESIAN_POINT('',(8.5725E0,1.27E-1,-7.874E0));
#3761=LINE('',#3760,#3759);
#3762=DIRECTION('',(1.E0,0.E0,0.E0));
#3763=VECTOR('',#3762,6.35E-1);
#3764=CARTESIAN_POINT('',(8.5725E0,4.445E-1,-7.874E0));
#3765=LINE('',#3764,#3763);
#3766=DIRECTION('',(1.E0,0.E0,0.E0));
#3767=VECTOR('',#3766,6.35E-1);
#3768=CARTESIAN_POINT('',(8.5725E0,4.445E-1,-8.128E-1));
#3769=LINE('',#3768,#3767);
#3770=DIRECTION('',(1.E0,0.E0,0.E0));
#3771=VECTOR('',#3770,6.35E-1);
#3772=CARTESIAN_POINT('',(8.5725E0,1.0795E0,-8.128E-1));
#3773=LINE('',#3772,#3771);
#3774=DIRECTION('',(1.E0,0.E0,0.E0));
#3775=VECTOR('',#3774,6.35E-1);
#3776=CARTESIAN_POINT('',(8.5725E0,1.0795E0,-7.874E0));
#3777=LINE('',#3776,#3775);
#3778=DIRECTION('',(1.E0,0.E0,0.E0));
#3779=VECTOR('',#3778,6.35E-1);
#3780=CARTESIAN_POINT('',(8.5725E0,1.397E0,-7.874E0));
#3781=LINE('',#3780,#3779);
#3782=DIRECTION('',(1.E0,0.E0,0.E0));
#3783=VECTOR('',#3782,6.35E-1);
#3784=CARTESIAN_POINT('',(8.5725E0,-8.509E0,-1.31953E1));
#3785=LINE('',#3784,#3783);
#3786=DIRECTION('',(1.E0,0.E0,0.E0));
#3787=VECTOR('',#3786,6.35E-1);
#3788=CARTESIAN_POINT('',(8.5725E0,-8.509E0,-1.25603E1));
#3789=LINE('',#3788,#3787);
#3790=DIRECTION('',(1.E0,0.E0,0.E0));
#3791=VECTOR('',#3790,6.35E-1);
#3792=CARTESIAN_POINT('',(8.5725E0,-8.509E0,-1.57353E1));
#3793=LINE('',#3792,#3791);
#3794=DIRECTION('',(1.E0,0.E0,0.E0));
#3795=VECTOR('',#3794,6.35E-1);
#3796=CARTESIAN_POINT('',(8.5725E0,-8.509E0,-1.51003E1));
#3797=LINE('',#3796,#3795);
#3798=DIRECTION('',(0.E0,-1.E0,0.E0));
#3799=VECTOR('',#3798,3.429E0);
#3800=CARTESIAN_POINT('',(1.11125E1,-5.08E0,-1.25603E1));
#3801=LINE('',#3800,#3799);
#3802=DIRECTION('',(0.E0,0.E0,-1.E0));
#3803=VECTOR('',#3802,6.35E-1);
#3804=CARTESIAN_POINT('',(1.11125E1,-8.509E0,-1.25603E1));
#3805=LINE('',#3804,#3803);
#3806=DIRECTION('',(0.E0,1.E0,0.E0));
#3807=VECTOR('',#3806,3.429E0);
#3808=CARTESIAN_POINT('',(1.11125E1,-8.509E0,-1.31953E1));
#3809=LINE('',#3808,#3807);
#3810=DIRECTION('',(0.E0,-1.E0,0.E0));
#3811=VECTOR('',#3810,3.429E0);
#3812=CARTESIAN_POINT('',(1.11125E1,-5.08E0,-1.51003E1));
#3813=LINE('',#3812,#3811);
#3814=DIRECTION('',(0.E0,0.E0,-1.E0));
#3815=VECTOR('',#3814,6.35E-1);
#3816=CARTESIAN_POINT('',(1.11125E1,-8.509E0,-1.51003E1));
#3817=LINE('',#3816,#3815);
#3818=DIRECTION('',(0.E0,1.E0,0.E0));
#3819=VECTOR('',#3818,3.429E0);
#3820=CARTESIAN_POINT('',(1.11125E1,-8.509E0,-1.57353E1));
#3821=LINE('',#3820,#3819);
#3822=DIRECTION('',(0.E0,0.E0,1.E0));
#3823=VECTOR('',#3822,1.016E0);
#3824=CARTESIAN_POINT('',(1.11125E1,-1.143E0,-8.89E0));
#3825=LINE('',#3824,#3823);
#3826=DIRECTION('',(0.E0,-1.E0,0.E0));
#3827=VECTOR('',#3826,3.175E-1);
#3828=CARTESIAN_POINT('',(1.11125E1,-1.143E0,-7.874E0));
#3829=LINE('',#3828,#3827);
#3830=DIRECTION('',(0.E0,0.E0,1.E0));
#3831=VECTOR('',#3830,7.0612E0);
#3832=CARTESIAN_POINT('',(1.11125E1,-1.4605E0,-7.874E0));
#3833=LINE('',#3832,#3831);
#3834=DIRECTION('',(0.E0,-1.E0,0.E0));
#3835=VECTOR('',#3834,6.35E-1);
#3836=CARTESIAN_POINT('',(1.11125E1,-1.4605E0,-8.128E-1));
#3837=LINE('',#3836,#3835);
#3838=DIRECTION('',(0.E0,0.E0,-1.E0));
#3839=VECTOR('',#3838,7.0612E0);
#3840=CARTESIAN_POINT('',(1.11125E1,-2.0955E0,-8.128E-1));
#3841=LINE('',#3840,#3839);
#3842=DIRECTION('',(0.E0,-1.E0,0.E0));
#3843=VECTOR('',#3842,3.175E-1);
#3844=CARTESIAN_POINT('',(1.11125E1,-2.0955E0,-7.874E0));
#3845=LINE('',#3844,#3843);
#3846=DIRECTION('',(0.E0,0.E0,-1.E0));
#3847=VECTOR('',#3846,1.016E0);
#3848=CARTESIAN_POINT('',(1.11125E1,-2.413E0,-7.874E0));
#3849=LINE('',#3848,#3847);
#3850=DIRECTION('',(0.E0,0.E0,1.E0));
#3851=VECTOR('',#3850,1.016E0);
#3852=CARTESIAN_POINT('',(1.11125E1,1.397E0,-8.89E0));
#3853=LINE('',#3852,#3851);
#3854=DIRECTION('',(0.E0,-1.E0,0.E0));
#3855=VECTOR('',#3854,3.175E-1);
#3856=CARTESIAN_POINT('',(1.11125E1,1.397E0,-7.874E0));
#3857=LINE('',#3856,#3855);
#3858=DIRECTION('',(0.E0,0.E0,1.E0));
#3859=VECTOR('',#3858,7.0612E0);
#3860=CARTESIAN_POINT('',(1.11125E1,1.0795E0,-7.874E0));
#3861=LINE('',#3860,#3859);
#3862=DIRECTION('',(0.E0,-1.E0,0.E0));
#3863=VECTOR('',#3862,6.35E-1);
#3864=CARTESIAN_POINT('',(1.11125E1,1.0795E0,-8.128E-1));
#3865=LINE('',#3864,#3863);
#3866=DIRECTION('',(0.E0,0.E0,-1.E0));
#3867=VECTOR('',#3866,7.0612E0);
#3868=CARTESIAN_POINT('',(1.11125E1,4.445E-1,-8.128E-1));
#3869=LINE('',#3868,#3867);
#3870=DIRECTION('',(0.E0,-1.E0,0.E0));
#3871=VECTOR('',#3870,3.175E-1);
#3872=CARTESIAN_POINT('',(1.11125E1,4.445E-1,-7.874E0));
#3873=LINE('',#3872,#3871);
#3874=DIRECTION('',(0.E0,0.E0,-1.E0));
#3875=VECTOR('',#3874,1.016E0);
#3876=CARTESIAN_POINT('',(1.11125E1,1.27E-1,-7.874E0));
#3877=LINE('',#3876,#3875);
#3878=DIRECTION('',(0.E0,1.E0,0.E0));
#3879=VECTOR('',#3878,3.429E0);
#3880=CARTESIAN_POINT('',(1.17475E1,-8.509E0,-1.31953E1));
#3881=LINE('',#3880,#3879);
#3882=DIRECTION('',(0.E0,0.E0,-1.E0));
#3883=VECTOR('',#3882,6.35E-1);
#3884=CARTESIAN_POINT('',(1.17475E1,-8.509E0,-1.25603E1));
#3885=LINE('',#3884,#3883);
#3886=DIRECTION('',(0.E0,-1.E0,0.E0));
#3887=VECTOR('',#3886,3.429E0);
#3888=CARTESIAN_POINT('',(1.17475E1,-5.08E0,-1.25603E1));
#3889=LINE('',#3888,#3887);
#3890=DIRECTION('',(0.E0,1.E0,0.E0));
#3891=VECTOR('',#3890,3.429E0);
#3892=CARTESIAN_POINT('',(1.17475E1,-8.509E0,-1.57353E1));
#3893=LINE('',#3892,#3891);
#3894=DIRECTION('',(0.E0,0.E0,-1.E0));
#3895=VECTOR('',#3894,6.35E-1);
#3896=CARTESIAN_POINT('',(1.17475E1,-8.509E0,-1.51003E1));
#3897=LINE('',#3896,#3895);
#3898=DIRECTION('',(0.E0,-1.E0,0.E0));
#3899=VECTOR('',#3898,3.429E0);
#3900=CARTESIAN_POINT('',(1.17475E1,-5.08E0,-1.51003E1));
#3901=LINE('',#3900,#3899);
#3902=DIRECTION('',(0.E0,0.E0,-1.E0));
#3903=VECTOR('',#3902,1.016E0);
#3904=CARTESIAN_POINT('',(1.17475E1,-2.413E0,-7.874E0));
#3905=LINE('',#3904,#3903);
#3906=DIRECTION('',(0.E0,-1.E0,0.E0));
#3907=VECTOR('',#3906,3.175E-1);
#3908=CARTESIAN_POINT('',(1.17475E1,-2.0955E0,-7.874E0));
#3909=LINE('',#3908,#3907);
#3910=DIRECTION('',(0.E0,0.E0,-1.E0));
#3911=VECTOR('',#3910,7.0612E0);
#3912=CARTESIAN_POINT('',(1.17475E1,-2.0955E0,-8.128E-1));
#3913=LINE('',#3912,#3911);
#3914=DIRECTION('',(0.E0,-1.E0,0.E0));
#3915=VECTOR('',#3914,6.35E-1);
#3916=CARTESIAN_POINT('',(1.17475E1,-1.4605E0,-8.128E-1));
#3917=LINE('',#3916,#3915);
#3918=DIRECTION('',(0.E0,0.E0,1.E0));
#3919=VECTOR('',#3918,7.0612E0);
#3920=CARTESIAN_POINT('',(1.17475E1,-1.4605E0,-7.874E0));
#3921=LINE('',#3920,#3919);
#3922=DIRECTION('',(0.E0,-1.E0,0.E0));
#3923=VECTOR('',#3922,3.175E-1);
#3924=CARTESIAN_POINT('',(1.17475E1,-1.143E0,-7.874E0));
#3925=LINE('',#3924,#3923);
#3926=DIRECTION('',(0.E0,0.E0,1.E0));
#3927=VECTOR('',#3926,1.016E0);
#3928=CARTESIAN_POINT('',(1.17475E1,-1.143E0,-8.89E0));
#3929=LINE('',#3928,#3927);
#3930=DIRECTION('',(0.E0,0.E0,-1.E0));
#3931=VECTOR('',#3930,1.016E0);
#3932=CARTESIAN_POINT('',(1.17475E1,1.27E-1,-7.874E0));
#3933=LINE('',#3932,#3931);
#3934=DIRECTION('',(0.E0,-1.E0,0.E0));
#3935=VECTOR('',#3934,3.175E-1);
#3936=CARTESIAN_POINT('',(1.17475E1,4.445E-1,-7.874E0));
#3937=LINE('',#3936,#3935);
#3938=DIRECTION('',(0.E0,0.E0,-1.E0));
#3939=VECTOR('',#3938,7.0612E0);
#3940=CARTESIAN_POINT('',(1.17475E1,4.445E-1,-8.128E-1));
#3941=LINE('',#3940,#3939);
#3942=DIRECTION('',(0.E0,-1.E0,0.E0));
#3943=VECTOR('',#3942,6.35E-1);
#3944=CARTESIAN_POINT('',(1.17475E1,1.0795E0,-8.128E-1));
#3945=LINE('',#3944,#3943);
#3946=DIRECTION('',(0.E0,0.E0,1.E0));
#3947=VECTOR('',#3946,7.0612E0);
#3948=CARTESIAN_POINT('',(1.17475E1,1.0795E0,-7.874E0));
#3949=LINE('',#3948,#3947);
#3950=DIRECTION('',(0.E0,-1.E0,0.E0));
#3951=VECTOR('',#3950,3.175E-1);
#3952=CARTESIAN_POINT('',(1.17475E1,1.397E0,-7.874E0));
#3953=LINE('',#3952,#3951);
#3954=DIRECTION('',(0.E0,0.E0,1.E0));
#3955=VECTOR('',#3954,1.016E0);
#3956=CARTESIAN_POINT('',(1.17475E1,1.397E0,-8.89E0));
#3957=LINE('',#3956,#3955);
#3958=DIRECTION('',(1.E0,0.E0,0.E0));
#3959=VECTOR('',#3958,6.35E-1);
#3960=CARTESIAN_POINT('',(1.11125E1,-8.509E0,-1.31953E1));
#3961=LINE('',#3960,#3959);
#3962=DIRECTION('',(1.E0,0.E0,0.E0));
#3963=VECTOR('',#3962,6.35E-1);
#3964=CARTESIAN_POINT('',(1.11125E1,-8.509E0,-1.25603E1));
#3965=LINE('',#3964,#3963);
#3966=DIRECTION('',(1.E0,0.E0,0.E0));
#3967=VECTOR('',#3966,6.35E-1);
#3968=CARTESIAN_POINT('',(1.11125E1,-8.509E0,-1.57353E1));
#3969=LINE('',#3968,#3967);
#3970=DIRECTION('',(1.E0,0.E0,0.E0));
#3971=VECTOR('',#3970,6.35E-1);
#3972=CARTESIAN_POINT('',(1.11125E1,-8.509E0,-1.51003E1));
#3973=LINE('',#3972,#3971);
#3974=DIRECTION('',(1.E0,0.E0,0.E0));
#3975=VECTOR('',#3974,6.35E-1);
#3976=CARTESIAN_POINT('',(1.11125E1,-2.413E0,-7.874E0));
#3977=LINE('',#3976,#3975);
#3978=DIRECTION('',(1.E0,0.E0,0.E0));
#3979=VECTOR('',#3978,6.35E-1);
#3980=CARTESIAN_POINT('',(1.11125E1,-2.0955E0,-7.874E0));
#3981=LINE('',#3980,#3979);
#3982=DIRECTION('',(1.E0,0.E0,0.E0));
#3983=VECTOR('',#3982,6.35E-1);
#3984=CARTESIAN_POINT('',(1.11125E1,-2.0955E0,-8.128E-1));
#3985=LINE('',#3984,#3983);
#3986=DIRECTION('',(1.E0,0.E0,0.E0));
#3987=VECTOR('',#3986,6.35E-1);
#3988=CARTESIAN_POINT('',(1.11125E1,-1.4605E0,-8.128E-1));
#3989=LINE('',#3988,#3987);
#3990=DIRECTION('',(1.E0,0.E0,0.E0));
#3991=VECTOR('',#3990,6.35E-1);
#3992=CARTESIAN_POINT('',(1.11125E1,-1.4605E0,-7.874E0));
#3993=LINE('',#3992,#3991);
#3994=DIRECTION('',(1.E0,0.E0,0.E0));
#3995=VECTOR('',#3994,6.35E-1);
#3996=CARTESIAN_POINT('',(1.11125E1,-1.143E0,-7.874E0));
#3997=LINE('',#3996,#3995);
#3998=DIRECTION('',(1.E0,0.E0,0.E0));
#3999=VECTOR('',#3998,6.35E-1);
#4000=CARTESIAN_POINT('',(1.11125E1,1.27E-1,-7.874E0));
#4001=LINE('',#4000,#3999);
#4002=DIRECTION('',(1.E0,0.E0,0.E0));
#4003=VECTOR('',#4002,6.35E-1);
#4004=CARTESIAN_POINT('',(1.11125E1,4.445E-1,-7.874E0));
#4005=LINE('',#4004,#4003);
#4006=DIRECTION('',(1.E0,0.E0,0.E0));
#4007=VECTOR('',#4006,6.35E-1);
#4008=CARTESIAN_POINT('',(1.11125E1,4.445E-1,-8.128E-1));
#4009=LINE('',#4008,#4007);
#4010=DIRECTION('',(1.E0,0.E0,0.E0));
#4011=VECTOR('',#4010,6.35E-1);
#4012=CARTESIAN_POINT('',(1.11125E1,1.0795E0,-8.128E-1));
#4013=LINE('',#4012,#4011);
#4014=DIRECTION('',(1.E0,0.E0,0.E0));
#4015=VECTOR('',#4014,6.35E-1);
#4016=CARTESIAN_POINT('',(1.11125E1,1.0795E0,-7.874E0));
#4017=LINE('',#4016,#4015);
#4018=DIRECTION('',(1.E0,0.E0,0.E0));
#4019=VECTOR('',#4018,6.35E-1);
#4020=CARTESIAN_POINT('',(1.11125E1,1.397E0,-7.874E0));
#4021=LINE('',#4020,#4019);
#4022=DIRECTION('',(0.E0,-1.E0,0.E0));
#4023=VECTOR('',#4022,3.429E0);
#4024=CARTESIAN_POINT('',(1.36525E1,-5.08E0,-1.25603E1));
#4025=LINE('',#4024,#4023);
#4026=DIRECTION('',(0.E0,0.E0,-1.E0));
#4027=VECTOR('',#4026,6.35E-1);
#4028=CARTESIAN_POINT('',(1.36525E1,-8.509E0,-1.25603E1));
#4029=LINE('',#4028,#4027);
#4030=DIRECTION('',(0.E0,1.E0,0.E0));
#4031=VECTOR('',#4030,3.429E0);
#4032=CARTESIAN_POINT('',(1.36525E1,-8.509E0,-1.31953E1));
#4033=LINE('',#4032,#4031);
#4034=DIRECTION('',(0.E0,-1.E0,0.E0));
#4035=VECTOR('',#4034,3.429E0);
#4036=CARTESIAN_POINT('',(1.36525E1,-5.08E0,-1.51003E1));
#4037=LINE('',#4036,#4035);
#4038=DIRECTION('',(0.E0,0.E0,-1.E0));
#4039=VECTOR('',#4038,6.35E-1);
#4040=CARTESIAN_POINT('',(1.36525E1,-8.509E0,-1.51003E1));
#4041=LINE('',#4040,#4039);
#4042=DIRECTION('',(0.E0,1.E0,0.E0));
#4043=VECTOR('',#4042,3.429E0);
#4044=CARTESIAN_POINT('',(1.36525E1,-8.509E0,-1.57353E1));
#4045=LINE('',#4044,#4043);
#4046=DIRECTION('',(0.E0,0.E0,1.E0));
#4047=VECTOR('',#4046,1.016E0);
#4048=CARTESIAN_POINT('',(1.36525E1,-1.143E0,-8.89E0));
#4049=LINE('',#4048,#4047);
#4050=DIRECTION('',(0.E0,-1.E0,0.E0));
#4051=VECTOR('',#4050,3.175E-1);
#4052=CARTESIAN_POINT('',(1.36525E1,-1.143E0,-7.874E0));
#4053=LINE('',#4052,#4051);
#4054=DIRECTION('',(0.E0,0.E0,1.E0));
#4055=VECTOR('',#4054,7.0612E0);
#4056=CARTESIAN_POINT('',(1.36525E1,-1.4605E0,-7.874E0));
#4057=LINE('',#4056,#4055);
#4058=DIRECTION('',(0.E0,-1.E0,0.E0));
#4059=VECTOR('',#4058,6.35E-1);
#4060=CARTESIAN_POINT('',(1.36525E1,-1.4605E0,-8.128E-1));
#4061=LINE('',#4060,#4059);
#4062=DIRECTION('',(0.E0,0.E0,-1.E0));
#4063=VECTOR('',#4062,7.0612E0);
#4064=CARTESIAN_POINT('',(1.36525E1,-2.0955E0,-8.128E-1));
#4065=LINE('',#4064,#4063);
#4066=DIRECTION('',(0.E0,-1.E0,0.E0));
#4067=VECTOR('',#4066,3.175E-1);
#4068=CARTESIAN_POINT('',(1.36525E1,-2.0955E0,-7.874E0));
#4069=LINE('',#4068,#4067);
#4070=DIRECTION('',(0.E0,0.E0,-1.E0));
#4071=VECTOR('',#4070,1.016E0);
#4072=CARTESIAN_POINT('',(1.36525E1,-2.413E0,-7.874E0));
#4073=LINE('',#4072,#4071);
#4074=DIRECTION('',(0.E0,0.E0,1.E0));
#4075=VECTOR('',#4074,1.016E0);
#4076=CARTESIAN_POINT('',(1.36525E1,1.397E0,-8.89E0));
#4077=LINE('',#4076,#4075);
#4078=DIRECTION('',(0.E0,-1.E0,0.E0));
#4079=VECTOR('',#4078,3.175E-1);
#4080=CARTESIAN_POINT('',(1.36525E1,1.397E0,-7.874E0));
#4081=LINE('',#4080,#4079);
#4082=DIRECTION('',(0.E0,0.E0,1.E0));
#4083=VECTOR('',#4082,7.0612E0);
#4084=CARTESIAN_POINT('',(1.36525E1,1.0795E0,-7.874E0));
#4085=LINE('',#4084,#4083);
#4086=DIRECTION('',(0.E0,-1.E0,0.E0));
#4087=VECTOR('',#4086,6.35E-1);
#4088=CARTESIAN_POINT('',(1.36525E1,1.0795E0,-8.128E-1));
#4089=LINE('',#4088,#4087);
#4090=DIRECTION('',(0.E0,0.E0,-1.E0));
#4091=VECTOR('',#4090,7.0612E0);
#4092=CARTESIAN_POINT('',(1.36525E1,4.445E-1,-8.128E-1));
#4093=LINE('',#4092,#4091);
#4094=DIRECTION('',(0.E0,-1.E0,0.E0));
#4095=VECTOR('',#4094,3.175E-1);
#4096=CARTESIAN_POINT('',(1.36525E1,4.445E-1,-7.874E0));
#4097=LINE('',#4096,#4095);
#4098=DIRECTION('',(0.E0,0.E0,-1.E0));
#4099=VECTOR('',#4098,1.016E0);
#4100=CARTESIAN_POINT('',(1.36525E1,1.27E-1,-7.874E0));
#4101=LINE('',#4100,#4099);
#4102=DIRECTION('',(0.E0,1.E0,0.E0));
#4103=VECTOR('',#4102,3.429E0);
#4104=CARTESIAN_POINT('',(1.42875E1,-8.509E0,-1.31953E1));
#4105=LINE('',#4104,#4103);
#4106=DIRECTION('',(0.E0,0.E0,-1.E0));
#4107=VECTOR('',#4106,6.35E-1);
#4108=CARTESIAN_POINT('',(1.42875E1,-8.509E0,-1.25603E1));
#4109=LINE('',#4108,#4107);
#4110=DIRECTION('',(0.E0,-1.E0,0.E0));
#4111=VECTOR('',#4110,3.429E0);
#4112=CARTESIAN_POINT('',(1.42875E1,-5.08E0,-1.25603E1));
#4113=LINE('',#4112,#4111);
#4114=DIRECTION('',(0.E0,1.E0,0.E0));
#4115=VECTOR('',#4114,3.429E0);
#4116=CARTESIAN_POINT('',(1.42875E1,-8.509E0,-1.57353E1));
#4117=LINE('',#4116,#4115);
#4118=DIRECTION('',(0.E0,0.E0,-1.E0));
#4119=VECTOR('',#4118,6.35E-1);
#4120=CARTESIAN_POINT('',(1.42875E1,-8.509E0,-1.51003E1));
#4121=LINE('',#4120,#4119);
#4122=DIRECTION('',(0.E0,-1.E0,0.E0));
#4123=VECTOR('',#4122,3.429E0);
#4124=CARTESIAN_POINT('',(1.42875E1,-5.08E0,-1.51003E1));
#4125=LINE('',#4124,#4123);
#4126=DIRECTION('',(0.E0,0.E0,-1.E0));
#4127=VECTOR('',#4126,1.016E0);
#4128=CARTESIAN_POINT('',(1.42875E1,-2.413E0,-7.874E0));
#4129=LINE('',#4128,#4127);
#4130=DIRECTION('',(0.E0,-1.E0,0.E0));
#4131=VECTOR('',#4130,3.175E-1);
#4132=CARTESIAN_POINT('',(1.42875E1,-2.0955E0,-7.874E0));
#4133=LINE('',#4132,#4131);
#4134=DIRECTION('',(0.E0,0.E0,-1.E0));
#4135=VECTOR('',#4134,7.0612E0);
#4136=CARTESIAN_POINT('',(1.42875E1,-2.0955E0,-8.128E-1));
#4137=LINE('',#4136,#4135);
#4138=DIRECTION('',(0.E0,-1.E0,0.E0));
#4139=VECTOR('',#4138,6.35E-1);
#4140=CARTESIAN_POINT('',(1.42875E1,-1.4605E0,-8.128E-1));
#4141=LINE('',#4140,#4139);
#4142=DIRECTION('',(0.E0,0.E0,1.E0));
#4143=VECTOR('',#4142,7.0612E0);
#4144=CARTESIAN_POINT('',(1.42875E1,-1.4605E0,-7.874E0));
#4145=LINE('',#4144,#4143);
#4146=DIRECTION('',(0.E0,-1.E0,0.E0));
#4147=VECTOR('',#4146,3.175E-1);
#4148=CARTESIAN_POINT('',(1.42875E1,-1.143E0,-7.874E0));
#4149=LINE('',#4148,#4147);
#4150=DIRECTION('',(0.E0,0.E0,1.E0));
#4151=VECTOR('',#4150,1.016E0);
#4152=CARTESIAN_POINT('',(1.42875E1,-1.143E0,-8.89E0));
#4153=LINE('',#4152,#4151);
#4154=DIRECTION('',(0.E0,0.E0,-1.E0));
#4155=VECTOR('',#4154,1.016E0);
#4156=CARTESIAN_POINT('',(1.42875E1,1.27E-1,-7.874E0));
#4157=LINE('',#4156,#4155);
#4158=DIRECTION('',(0.E0,-1.E0,0.E0));
#4159=VECTOR('',#4158,3.175E-1);
#4160=CARTESIAN_POINT('',(1.42875E1,4.445E-1,-7.874E0));
#4161=LINE('',#4160,#4159);
#4162=DIRECTION('',(0.E0,0.E0,-1.E0));
#4163=VECTOR('',#4162,7.0612E0);
#4164=CARTESIAN_POINT('',(1.42875E1,4.445E-1,-8.128E-1));
#4165=LINE('',#4164,#4163);
#4166=DIRECTION('',(0.E0,-1.E0,0.E0));
#4167=VECTOR('',#4166,6.35E-1);
#4168=CARTESIAN_POINT('',(1.42875E1,1.0795E0,-8.128E-1));
#4169=LINE('',#4168,#4167);
#4170=DIRECTION('',(0.E0,0.E0,1.E0));
#4171=VECTOR('',#4170,7.0612E0);
#4172=CARTESIAN_POINT('',(1.42875E1,1.0795E0,-7.874E0));
#4173=LINE('',#4172,#4171);
#4174=DIRECTION('',(0.E0,-1.E0,0.E0));
#4175=VECTOR('',#4174,3.175E-1);
#4176=CARTESIAN_POINT('',(1.42875E1,1.397E0,-7.874E0));
#4177=LINE('',#4176,#4175);
#4178=DIRECTION('',(0.E0,0.E0,1.E0));
#4179=VECTOR('',#4178,1.016E0);
#4180=CARTESIAN_POINT('',(1.42875E1,1.397E0,-8.89E0));
#4181=LINE('',#4180,#4179);
#4182=DIRECTION('',(1.E0,0.E0,0.E0));
#4183=VECTOR('',#4182,6.35E-1);
#4184=CARTESIAN_POINT('',(1.36525E1,-8.509E0,-1.31953E1));
#4185=LINE('',#4184,#4183);
#4186=DIRECTION('',(1.E0,0.E0,0.E0));
#4187=VECTOR('',#4186,6.35E-1);
#4188=CARTESIAN_POINT('',(1.36525E1,-8.509E0,-1.25603E1));
#4189=LINE('',#4188,#4187);
#4190=DIRECTION('',(1.E0,0.E0,0.E0));
#4191=VECTOR('',#4190,6.35E-1);
#4192=CARTESIAN_POINT('',(1.36525E1,-8.509E0,-1.57353E1));
#4193=LINE('',#4192,#4191);
#4194=DIRECTION('',(1.E0,0.E0,0.E0));
#4195=VECTOR('',#4194,6.35E-1);
#4196=CARTESIAN_POINT('',(1.36525E1,-8.509E0,-1.51003E1));
#4197=LINE('',#4196,#4195);
#4198=DIRECTION('',(1.E0,0.E0,0.E0));
#4199=VECTOR('',#4198,6.35E-1);
#4200=CARTESIAN_POINT('',(1.36525E1,-2.413E0,-7.874E0));
#4201=LINE('',#4200,#4199);
#4202=DIRECTION('',(1.E0,0.E0,0.E0));
#4203=VECTOR('',#4202,6.35E-1);
#4204=CARTESIAN_POINT('',(1.36525E1,-2.0955E0,-7.874E0));
#4205=LINE('',#4204,#4203);
#4206=DIRECTION('',(1.E0,0.E0,0.E0));
#4207=VECTOR('',#4206,6.35E-1);
#4208=CARTESIAN_POINT('',(1.36525E1,-2.0955E0,-8.128E-1));
#4209=LINE('',#4208,#4207);
#4210=DIRECTION('',(1.E0,0.E0,0.E0));
#4211=VECTOR('',#4210,6.35E-1);
#4212=CARTESIAN_POINT('',(1.36525E1,-1.4605E0,-8.128E-1));
#4213=LINE('',#4212,#4211);
#4214=DIRECTION('',(1.E0,0.E0,0.E0));
#4215=VECTOR('',#4214,6.35E-1);
#4216=CARTESIAN_POINT('',(1.36525E1,-1.4605E0,-7.874E0));
#4217=LINE('',#4216,#4215);
#4218=DIRECTION('',(1.E0,0.E0,0.E0));
#4219=VECTOR('',#4218,6.35E-1);
#4220=CARTESIAN_POINT('',(1.36525E1,-1.143E0,-7.874E0));
#4221=LINE('',#4220,#4219);
#4222=DIRECTION('',(1.E0,0.E0,0.E0));
#4223=VECTOR('',#4222,6.35E-1);
#4224=CARTESIAN_POINT('',(1.36525E1,1.27E-1,-7.874E0));
#4225=LINE('',#4224,#4223);
#4226=DIRECTION('',(1.E0,0.E0,0.E0));
#4227=VECTOR('',#4226,6.35E-1);
#4228=CARTESIAN_POINT('',(1.36525E1,4.445E-1,-7.874E0));
#4229=LINE('',#4228,#4227);
#4230=DIRECTION('',(1.E0,0.E0,0.E0));
#4231=VECTOR('',#4230,6.35E-1);
#4232=CARTESIAN_POINT('',(1.36525E1,4.445E-1,-8.128E-1));
#4233=LINE('',#4232,#4231);
#4234=DIRECTION('',(1.E0,0.E0,0.E0));
#4235=VECTOR('',#4234,6.35E-1);
#4236=CARTESIAN_POINT('',(1.36525E1,1.0795E0,-8.128E-1));
#4237=LINE('',#4236,#4235);
#4238=DIRECTION('',(1.E0,0.E0,0.E0));
#4239=VECTOR('',#4238,6.35E-1);
#4240=CARTESIAN_POINT('',(1.36525E1,1.0795E0,-7.874E0));
#4241=LINE('',#4240,#4239);
#4242=DIRECTION('',(1.E0,0.E0,0.E0));
#4243=VECTOR('',#4242,6.35E-1);
#4244=CARTESIAN_POINT('',(1.36525E1,1.397E0,-7.874E0));
#4245=LINE('',#4244,#4243);
#4246=DIRECTION('',(0.E0,1.E0,0.E0));
#4247=VECTOR('',#4246,1.016E0);
#4248=CARTESIAN_POINT('',(-1.3589E1,-5.08E0,-1.8542E0));
#4249=LINE('',#4248,#4247);
#4250=DIRECTION('',(0.E0,1.E0,0.E0));
#4251=VECTOR('',#4250,1.016E0);
#4252=CARTESIAN_POINT('',(-8.255E0,-5.08E0,-1.8542E0));
#4253=LINE('',#4252,#4251);
#4254=DIRECTION('',(0.E0,1.E0,0.E0));
#4255=VECTOR('',#4254,1.016E0);
#4256=CARTESIAN_POINT('',(-7.874E0,-5.08E0,-2.2352E0));
#4257=LINE('',#4256,#4255);
#4258=DIRECTION('',(0.E0,1.E0,0.E0));
#4259=VECTOR('',#4258,1.016E0);
#4260=CARTESIAN_POINT('',(-7.874E0,-5.08E0,-3.5052E0));
#4261=LINE('',#4260,#4259);
#4262=DIRECTION('',(0.E0,1.E0,0.E0));
#4263=VECTOR('',#4262,1.016E0);
#4264=CARTESIAN_POINT('',(-8.255E0,-5.08E0,-3.8862E0));
#4265=LINE('',#4264,#4263);
#4266=DIRECTION('',(0.E0,1.E0,0.E0));
#4267=VECTOR('',#4266,1.016E0);
#4268=CARTESIAN_POINT('',(-1.3589E1,-5.08E0,-3.8862E0));
#4269=LINE('',#4268,#4267);
#4270=DIRECTION('',(0.E0,1.E0,1.882787451755E-8));
#4271=VECTOR('',#4270,1.016E0);
#4272=CARTESIAN_POINT('',(-1.397E1,-5.08E0,-3.505200019129E0));
#4273=LINE('',#4272,#4271);
#4274=DIRECTION('',(0.E0,0.E0,-1.E0));
#4275=VECTOR('',#4274,1.270000038118E0);
#4276=CARTESIAN_POINT('',(-1.397E1,-5.08E0,-2.235199981011E0));
#4277=LINE('',#4276,#4275);
#4278=DIRECTION('',(0.E0,1.E0,-1.869022478342E-8));
#4279=VECTOR('',#4278,1.016E0);
#4280=CARTESIAN_POINT('',(-1.397E1,-5.08E0,-2.235199981011E0));
#4281=LINE('',#4280,#4279);
#4282=DIRECTION('',(0.E0,0.E0,-1.E0));
#4283=VECTOR('',#4282,8.89E0);
#4284=CARTESIAN_POINT('',(-1.4351E1,-5.3975E0,0.E0));
#4285=LINE('',#4284,#4283);
#4286=DIRECTION('',(7.682212795974E-1,-6.401843996645E-1,0.E0));
#4287=VECTOR('',#4286,4.959508544201E-1);
#4288=CARTESIAN_POINT('',(-1.4732E1,-5.08E0,-8.89E0));
#4289=LINE('',#4288,#4287);
#4290=DIRECTION('',(7.682212795974E-1,6.401843996645E-1,0.E0));
#4291=VECTOR('',#4290,4.959508544201E-1);
#4292=CARTESIAN_POINT('',(-1.4351E1,-5.3975E0,-8.89E0));
#4293=LINE('',#4292,#4291);
#4294=DIRECTION('',(7.682212795974E-1,-6.401843996645E-1,0.E0));
#4295=VECTOR('',#4294,4.959508544201E-1);
#4296=CARTESIAN_POINT('',(-3.81E-1,-5.08E0,-8.89E0));
#4297=LINE('',#4296,#4295);
#4298=DIRECTION('',(7.682212795974E-1,6.401843996645E-1,0.E0));
#4299=VECTOR('',#4298,4.959508544201E-1);
#4300=CARTESIAN_POINT('',(0.E0,-5.3975E0,-8.89E0));
#4301=LINE('',#4300,#4299);
#4302=DIRECTION('',(7.682212795974E-1,-6.401843996645E-1,0.E0));
#4303=VECTOR('',#4302,4.959508544201E-1);
#4304=CARTESIAN_POINT('',(1.397E1,-5.08E0,-8.89E0));
#4305=LINE('',#4304,#4303);
#4306=DIRECTION('',(7.682212795974E-1,6.401843996645E-1,0.E0));
#4307=VECTOR('',#4306,4.959508544201E-1);
#4308=CARTESIAN_POINT('',(1.4351E1,-5.3975E0,-8.89E0));
#4309=LINE('',#4308,#4307);
#4310=DIRECTION('',(0.E0,0.E0,-1.E0));
#4311=VECTOR('',#4310,8.89E0);
#4312=CARTESIAN_POINT('',(0.E0,-5.3975E0,0.E0));
#4313=LINE('',#4312,#4311);
#4314=CARTESIAN_POINT('',(1.66624E1,5.08E0,0.E0));
#4315=CARTESIAN_POINT('',(-1.66624E1,5.08E0,0.E0));
#4316=VERTEX_POINT('',#4314);
#4317=VERTEX_POINT('',#4315);
#4318=CARTESIAN_POINT('',(-1.66624E1,5.08E0,-1.24206E1));
#4319=CARTESIAN_POINT('',(-1.66624E1,-5.08E0,-1.24206E1));
#4320=VERTEX_POINT('',#4318);
#4321=VERTEX_POINT('',#4319);
#4322=CARTESIAN_POINT('',(1.66624E1,-5.08E0,-1.24206E1));
#4323=CARTESIAN_POINT('',(1.66624E1,5.08E0,-1.24206E1));
#4324=VERTEX_POINT('',#4322);
#4325=VERTEX_POINT('',#4323);
#4326=CARTESIAN_POINT('',(-1.66624E1,-5.08E0,0.E0));
#4327=VERTEX_POINT('',#4326);
#4328=CARTESIAN_POINT('',(1.66624E1,-5.08E0,0.E0));
#4329=VERTEX_POINT('',#4328);
#4330=CARTESIAN_POINT('',(1.56464E1,-4.064E0,-8.89E0));
#4331=CARTESIAN_POINT('',(-1.56464E1,-4.064E0,-8.89E0));
#4332=VERTEX_POINT('',#4330);
#4333=VERTEX_POINT('',#4331);
#4334=CARTESIAN_POINT('',(1.56464E1,3.048E0,-8.89E0));
#4335=VERTEX_POINT('',#4334);
#4336=CARTESIAN_POINT('',(1.33096E1,3.048E0,-8.89E0));
#4337=VERTEX_POINT('',#4336);
#4338=CARTESIAN_POINT('',(1.33096E1,4.064E0,-8.89E0));
#4339=VERTEX_POINT('',#4338);
#4340=CARTESIAN_POINT('',(-1.33096E1,3.048E0,-8.89E0));
#4341=CARTESIAN_POINT('',(-1.33096E1,4.064E0,-8.89E0));
#4342=VERTEX_POINT('',#4340);
#4343=VERTEX_POINT('',#4341);
#4344=CARTESIAN_POINT('',(-1.56464E1,3.048E0,-8.89E0));
#4345=VERTEX_POINT('',#4344);
#4346=CARTESIAN_POINT('',(1.33096E1,4.064E0,0.E0));
#4347=CARTESIAN_POINT('',(-1.33096E1,4.064E0,0.E0));
#4348=VERTEX_POINT('',#4346);
#4349=VERTEX_POINT('',#4347);
#4350=CARTESIAN_POINT('',(-1.66624E1,1.2065E0,0.E0));
#4351=CARTESIAN_POINT('',(-1.62814E1,1.2065E0,0.E0));
#4352=VERTEX_POINT('',#4350);
#4353=VERTEX_POINT('',#4351);
#4354=CARTESIAN_POINT('',(1.62814E1,1.2065E0,0.E0));
#4355=CARTESIAN_POINT('',(1.66624E1,1.2065E0,0.E0));
#4356=VERTEX_POINT('',#4354);
#4357=VERTEX_POINT('',#4355);
#4358=CARTESIAN_POINT('',(-1.66624E1,2.794E0,0.E0));
#4359=CARTESIAN_POINT('',(-1.62814E1,2.794E0,0.E0));
#4360=VERTEX_POINT('',#4358);
#4361=VERTEX_POINT('',#4359);
#4362=CARTESIAN_POINT('',(1.62814E1,2.794E0,0.E0));
#4363=CARTESIAN_POINT('',(1.66624E1,2.794E0,0.E0));
#4364=VERTEX_POINT('',#4362);
#4365=VERTEX_POINT('',#4363);
#4366=CARTESIAN_POINT('',(-1.66624E1,1.2065E0,-1.651E0));
#4367=VERTEX_POINT('',#4366);
#4368=CARTESIAN_POINT('',(-1.66624E1,2.794E0,-1.651E0));
#4369=VERTEX_POINT('',#4368);
#4370=CARTESIAN_POINT('',(1.66624E1,1.2065E0,-1.651E0));
#4371=VERTEX_POINT('',#4370);
#4372=CARTESIAN_POINT('',(1.66624E1,2.794E0,-1.651E0));
#4373=VERTEX_POINT('',#4372);
#4374=CARTESIAN_POINT('',(1.56464E1,1.2065E0,-6.35E-1));
#4375=CARTESIAN_POINT('',(1.56464E1,1.2065E0,-1.651E0));
#4376=VERTEX_POINT('',#4374);
#4377=VERTEX_POINT('',#4375);
#4378=CARTESIAN_POINT('',(1.56464E1,2.794E0,-1.651E0));
#4379=VERTEX_POINT('',#4378);
#4380=CARTESIAN_POINT('',(1.56464E1,2.794E0,-6.35E-1));
#4381=VERTEX_POINT('',#4380);
#4382=CARTESIAN_POINT('',(-1.56464E1,1.2065E0,-6.35E-1));
#4383=CARTESIAN_POINT('',(-1.56464E1,1.2065E0,-1.651E0));
#4384=VERTEX_POINT('',#4382);
#4385=VERTEX_POINT('',#4383);
#4386=CARTESIAN_POINT('',(-1.56464E1,2.794E0,-1.651E0));
#4387=VERTEX_POINT('',#4386);
#4388=CARTESIAN_POINT('',(-1.56464E1,2.794E0,-6.35E-1));
#4389=VERTEX_POINT('',#4388);
#4390=CARTESIAN_POINT('',(-1.33096E1,3.683E0,0.E0));
#4391=CARTESIAN_POINT('',(-1.33096E1,3.048E0,-6.35E-1));
#4392=VERTEX_POINT('',#4390);
#4393=VERTEX_POINT('',#4391);
#4394=CARTESIAN_POINT('',(-1.56464E1,3.048E0,-6.35E-1));
#4395=VERTEX_POINT('',#4394);
#4396=CARTESIAN_POINT('',(-1.62814E1,3.683E0,0.E0));
#4397=VERTEX_POINT('',#4396);
#4398=CARTESIAN_POINT('',(1.33096E1,3.048E0,-6.35E-1));
#4399=CARTESIAN_POINT('',(1.33096E1,3.683E0,0.E0));
#4400=VERTEX_POINT('',#4398);
#4401=VERTEX_POINT('',#4399);
#4402=CARTESIAN_POINT('',(1.62814E1,3.683E0,0.E0));
#4403=VERTEX_POINT('',#4402);
#4404=CARTESIAN_POINT('',(1.56464E1,3.048E0,-6.35E-1));
#4405=VERTEX_POINT('',#4404);
#4406=CARTESIAN_POINT('',(-1.56464E1,-4.064E0,-6.35E-1));
#4407=CARTESIAN_POINT('',(-1.62814E1,-4.699E0,0.E0));
#4408=VERTEX_POINT('',#4406);
#4409=VERTEX_POINT('',#4407);
#4410=CARTESIAN_POINT('',(1.56464E1,-4.064E0,-6.35E-1));
#4411=VERTEX_POINT('',#4410);
#4412=CARTESIAN_POINT('',(1.62814E1,-4.699E0,0.E0));
#4413=VERTEX_POINT('',#4412);
#4414=CARTESIAN_POINT('',(-3.048E0,5.08E0,-1.24206E1));
#4415=CARTESIAN_POINT('',(-3.048E0,5.08E0,-3.81E0));
#4416=VERTEX_POINT('',#4414);
#4417=VERTEX_POINT('',#4415);
#4418=CARTESIAN_POINT('',(3.048E0,5.08E0,-3.81E0));
#4419=VERTEX_POINT('',#4418);
#4420=CARTESIAN_POINT('',(3.048E0,5.08E0,-1.24206E1));
#4421=VERTEX_POINT('',#4420);
#4422=CARTESIAN_POINT('',(3.048E0,3.048E0,-8.89E0));
#4423=CARTESIAN_POINT('',(-3.048E0,3.048E0,-8.89E0));
#4424=VERTEX_POINT('',#4422);
#4425=VERTEX_POINT('',#4423);
#4426=CARTESIAN_POINT('',(-3.048E0,4.064E0,-8.89E0));
#4427=VERTEX_POINT('',#4426);
#4428=CARTESIAN_POINT('',(3.048E0,4.064E0,-8.89E0));
#4429=VERTEX_POINT('',#4428);
#4430=CARTESIAN_POINT('',(-3.048E0,4.064E0,-3.81E0));
#4431=VERTEX_POINT('',#4430);
#4432=CARTESIAN_POINT('',(3.048E0,4.064E0,-3.81E0));
#4433=VERTEX_POINT('',#4432);
#4434=CARTESIAN_POINT('',(-1.5621E1,3.048E0,-1.62306E1));
#4435=CARTESIAN_POINT('',(-1.5621E1,-5.08E0,-1.62306E1));
#4436=VERTEX_POINT('',#4434);
#4437=VERTEX_POINT('',#4435);
#4438=CARTESIAN_POINT('',(1.5621E1,3.048E0,-1.62306E1));
#4439=CARTESIAN_POINT('',(1.5621E1,-5.08E0,-1.62306E1));
#4440=VERTEX_POINT('',#4438);
#4441=VERTEX_POINT('',#4439);
#4442=CARTESIAN_POINT('',(-1.5621E1,3.048E0,-1.24206E1));
#4443=CARTESIAN_POINT('',(-1.5621E1,-5.08E0,-1.24206E1));
#4444=VERTEX_POINT('',#4442);
#4445=VERTEX_POINT('',#4443);
#4446=CARTESIAN_POINT('',(1.5621E1,3.048E0,-1.24206E1));
#4447=CARTESIAN_POINT('',(1.5621E1,-5.08E0,-1.24206E1));
#4448=VERTEX_POINT('',#4446);
#4449=VERTEX_POINT('',#4447);
#4450=CARTESIAN_POINT('',(-3.048E0,3.048E0,-1.24206E1));
#4451=VERTEX_POINT('',#4450);
#4452=CARTESIAN_POINT('',(-1.42875E1,1.0795E0,-8.128E-1));
#4453=CARTESIAN_POINT('',(-1.42875E1,4.445E-1,-8.128E-1));
#4454=VERTEX_POINT('',#4452);
#4455=VERTEX_POINT('',#4453);
#4456=CARTESIAN_POINT('',(-1.42875E1,4.445E-1,-7.874E0));
#4457=VERTEX_POINT('',#4456);
#4458=CARTESIAN_POINT('',(-1.42875E1,1.27E-1,-7.874E0));
#4459=VERTEX_POINT('',#4458);
#4460=CARTESIAN_POINT('',(-1.42875E1,1.397E0,-7.874E0));
#4461=CARTESIAN_POINT('',(-1.42875E1,1.0795E0,-7.874E0));
#4462=VERTEX_POINT('',#4460);
#4463=VERTEX_POINT('',#4461);
#4464=CARTESIAN_POINT('',(-1.42875E1,-8.509E0,-1.51003E1));
#4465=CARTESIAN_POINT('',(-1.42875E1,-8.509E0,-1.57353E1));
#4466=VERTEX_POINT('',#4464);
#4467=VERTEX_POINT('',#4465);
#4468=CARTESIAN_POINT('',(-1.42875E1,-1.143E0,-7.874E0));
#4469=CARTESIAN_POINT('',(-1.42875E1,-1.4605E0,-7.874E0));
#4470=VERTEX_POINT('',#4468);
#4471=VERTEX_POINT('',#4469);
#4472=CARTESIAN_POINT('',(-1.42875E1,-1.4605E0,-8.128E-1));
#4473=VERTEX_POINT('',#4472);
#4474=CARTESIAN_POINT('',(-1.42875E1,-2.0955E0,-8.128E-1));
#4475=VERTEX_POINT('',#4474);
#4476=CARTESIAN_POINT('',(-1.42875E1,-2.0955E0,-7.874E0));
#4477=VERTEX_POINT('',#4476);
#4478=CARTESIAN_POINT('',(-1.42875E1,-2.413E0,-7.874E0));
#4479=VERTEX_POINT('',#4478);
#4480=CARTESIAN_POINT('',(-1.42875E1,-8.509E0,-1.25603E1));
#4481=CARTESIAN_POINT('',(-1.42875E1,-8.509E0,-1.31953E1));
#4482=VERTEX_POINT('',#4480);
#4483=VERTEX_POINT('',#4481);
#4484=CARTESIAN_POINT('',(-1.36525E1,1.0795E0,-8.128E-1));
#4485=CARTESIAN_POINT('',(-1.36525E1,4.445E-1,-8.128E-1));
#4486=VERTEX_POINT('',#4484);
#4487=VERTEX_POINT('',#4485);
#4488=CARTESIAN_POINT('',(-1.36525E1,4.445E-1,-7.874E0));
#4489=VERTEX_POINT('',#4488);
#4490=CARTESIAN_POINT('',(-1.36525E1,1.27E-1,-7.874E0));
#4491=VERTEX_POINT('',#4490);
#4492=CARTESIAN_POINT('',(-1.36525E1,1.397E0,-7.874E0));
#4493=CARTESIAN_POINT('',(-1.36525E1,1.0795E0,-7.874E0));
#4494=VERTEX_POINT('',#4492);
#4495=VERTEX_POINT('',#4493);
#4496=CARTESIAN_POINT('',(-1.36525E1,-8.509E0,-1.51003E1));
#4497=CARTESIAN_POINT('',(-1.36525E1,-8.509E0,-1.57353E1));
#4498=VERTEX_POINT('',#4496);
#4499=VERTEX_POINT('',#4497);
#4500=CARTESIAN_POINT('',(-1.36525E1,-1.143E0,-7.874E0));
#4501=CARTESIAN_POINT('',(-1.36525E1,-1.4605E0,-7.874E0));
#4502=VERTEX_POINT('',#4500);
#4503=VERTEX_POINT('',#4501);
#4504=CARTESIAN_POINT('',(-1.36525E1,-1.4605E0,-8.128E-1));
#4505=VERTEX_POINT('',#4504);
#4506=CARTESIAN_POINT('',(-1.36525E1,-2.0955E0,-8.128E-1));
#4507=VERTEX_POINT('',#4506);
#4508=CARTESIAN_POINT('',(-1.36525E1,-2.0955E0,-7.874E0));
#4509=VERTEX_POINT('',#4508);
#4510=CARTESIAN_POINT('',(-1.36525E1,-2.413E0,-7.874E0));
#4511=VERTEX_POINT('',#4510);
#4512=CARTESIAN_POINT('',(-1.36525E1,-8.509E0,-1.25603E1));
#4513=CARTESIAN_POINT('',(-1.36525E1,-8.509E0,-1.31953E1));
#4514=VERTEX_POINT('',#4512);
#4515=VERTEX_POINT('',#4513);
#4516=CARTESIAN_POINT('',(-1.42875E1,-5.08E0,-1.25603E1));
#4517=CARTESIAN_POINT('',(-1.36525E1,-5.08E0,-1.25603E1));
#4518=VERTEX_POINT('',#4516);
#4519=VERTEX_POINT('',#4517);
#4520=CARTESIAN_POINT('',(-1.42875E1,-5.08E0,-1.31953E1));
#4521=CARTESIAN_POINT('',(-1.36525E1,-5.08E0,-1.31953E1));
#4522=VERTEX_POINT('',#4520);
#4523=VERTEX_POINT('',#4521);
#4524=CARTESIAN_POINT('',(-1.42875E1,-2.413E0,-8.89E0));
#4525=CARTESIAN_POINT('',(-1.42875E1,-1.143E0,-8.89E0));
#4526=VERTEX_POINT('',#4524);
#4527=VERTEX_POINT('',#4525);
#4528=CARTESIAN_POINT('',(-1.42875E1,1.27E-1,-8.89E0));
#4529=CARTESIAN_POINT('',(-1.42875E1,1.397E0,-8.89E0));
#4530=VERTEX_POINT('',#4528);
#4531=VERTEX_POINT('',#4529);
#4532=CARTESIAN_POINT('',(-1.36525E1,-2.413E0,-8.89E0));
#4533=CARTESIAN_POINT('',(-1.36525E1,-1.143E0,-8.89E0));
#4534=VERTEX_POINT('',#4532);
#4535=VERTEX_POINT('',#4533);
#4536=CARTESIAN_POINT('',(-1.36525E1,1.27E-1,-8.89E0));
#4537=CARTESIAN_POINT('',(-1.36525E1,1.397E0,-8.89E0));
#4538=VERTEX_POINT('',#4536);
#4539=VERTEX_POINT('',#4537);
#4540=CARTESIAN_POINT('',(-1.42875E1,-5.08E0,-1.51003E1));
#4541=VERTEX_POINT('',#4540);
#4542=CARTESIAN_POINT('',(-1.42875E1,-5.08E0,-1.57353E1));
#4543=VERTEX_POINT('',#4542);
#4544=CARTESIAN_POINT('',(-1.17475E1,1.0795E0,-8.128E-1));
#4545=CARTESIAN_POINT('',(-1.17475E1,4.445E-1,-8.128E-1));
#4546=VERTEX_POINT('',#4544);
#4547=VERTEX_POINT('',#4545);
#4548=CARTESIAN_POINT('',(-1.17475E1,4.445E-1,-7.874E0));
#4549=VERTEX_POINT('',#4548);
#4550=CARTESIAN_POINT('',(-1.17475E1,1.27E-1,-7.874E0));
#4551=VERTEX_POINT('',#4550);
#4552=CARTESIAN_POINT('',(-1.17475E1,1.397E0,-7.874E0));
#4553=CARTESIAN_POINT('',(-1.17475E1,1.0795E0,-7.874E0));
#4554=VERTEX_POINT('',#4552);
#4555=VERTEX_POINT('',#4553);
#4556=CARTESIAN_POINT('',(-1.17475E1,-8.509E0,-1.51003E1));
#4557=CARTESIAN_POINT('',(-1.17475E1,-8.509E0,-1.57353E1));
#4558=VERTEX_POINT('',#4556);
#4559=VERTEX_POINT('',#4557);
#4560=CARTESIAN_POINT('',(-1.17475E1,-1.143E0,-7.874E0));
#4561=CARTESIAN_POINT('',(-1.17475E1,-1.4605E0,-7.874E0));
#4562=VERTEX_POINT('',#4560);
#4563=VERTEX_POINT('',#4561);
#4564=CARTESIAN_POINT('',(-1.17475E1,-1.4605E0,-8.128E-1));
#4565=VERTEX_POINT('',#4564);
#4566=CARTESIAN_POINT('',(-1.17475E1,-2.0955E0,-8.128E-1));
#4567=VERTEX_POINT('',#4566);
#4568=CARTESIAN_POINT('',(-1.17475E1,-2.0955E0,-7.874E0));
#4569=VERTEX_POINT('',#4568);
#4570=CARTESIAN_POINT('',(-1.17475E1,-2.413E0,-7.874E0));
#4571=VERTEX_POINT('',#4570);
#4572=CARTESIAN_POINT('',(-1.17475E1,-8.509E0,-1.25603E1));
#4573=CARTESIAN_POINT('',(-1.17475E1,-8.509E0,-1.31953E1));
#4574=VERTEX_POINT('',#4572);
#4575=VERTEX_POINT('',#4573);
#4576=CARTESIAN_POINT('',(-1.11125E1,1.0795E0,-8.128E-1));
#4577=CARTESIAN_POINT('',(-1.11125E1,4.445E-1,-8.128E-1));
#4578=VERTEX_POINT('',#4576);
#4579=VERTEX_POINT('',#4577);
#4580=CARTESIAN_POINT('',(-1.11125E1,4.445E-1,-7.874E0));
#4581=VERTEX_POINT('',#4580);
#4582=CARTESIAN_POINT('',(-1.11125E1,1.27E-1,-7.874E0));
#4583=VERTEX_POINT('',#4582);
#4584=CARTESIAN_POINT('',(-1.11125E1,1.397E0,-7.874E0));
#4585=CARTESIAN_POINT('',(-1.11125E1,1.0795E0,-7.874E0));
#4586=VERTEX_POINT('',#4584);
#4587=VERTEX_POINT('',#4585);
#4588=CARTESIAN_POINT('',(-1.11125E1,-8.509E0,-1.51003E1));
#4589=CARTESIAN_POINT('',(-1.11125E1,-8.509E0,-1.57353E1));
#4590=VERTEX_POINT('',#4588);
#4591=VERTEX_POINT('',#4589);
#4592=CARTESIAN_POINT('',(-1.11125E1,-1.143E0,-7.874E0));
#4593=CARTESIAN_POINT('',(-1.11125E1,-1.4605E0,-7.874E0));
#4594=VERTEX_POINT('',#4592);
#4595=VERTEX_POINT('',#4593);
#4596=CARTESIAN_POINT('',(-1.11125E1,-1.4605E0,-8.128E-1));
#4597=VERTEX_POINT('',#4596);
#4598=CARTESIAN_POINT('',(-1.11125E1,-2.0955E0,-8.128E-1));
#4599=VERTEX_POINT('',#4598);
#4600=CARTESIAN_POINT('',(-1.11125E1,-2.0955E0,-7.874E0));
#4601=VERTEX_POINT('',#4600);
#4602=CARTESIAN_POINT('',(-1.11125E1,-2.413E0,-7.874E0));
#4603=VERTEX_POINT('',#4602);
#4604=CARTESIAN_POINT('',(-1.11125E1,-8.509E0,-1.25603E1));
#4605=CARTESIAN_POINT('',(-1.11125E1,-8.509E0,-1.31953E1));
#4606=VERTEX_POINT('',#4604);
#4607=VERTEX_POINT('',#4605);
#4608=CARTESIAN_POINT('',(-1.17475E1,-2.413E0,-8.89E0));
#4609=CARTESIAN_POINT('',(-1.17475E1,-1.143E0,-8.89E0));
#4610=VERTEX_POINT('',#4608);
#4611=VERTEX_POINT('',#4609);
#4612=CARTESIAN_POINT('',(-1.17475E1,1.27E-1,-8.89E0));
#4613=CARTESIAN_POINT('',(-1.17475E1,1.397E0,-8.89E0));
#4614=VERTEX_POINT('',#4612);
#4615=VERTEX_POINT('',#4613);
#4616=CARTESIAN_POINT('',(-1.11125E1,-2.413E0,-8.89E0));
#4617=CARTESIAN_POINT('',(-1.11125E1,-1.143E0,-8.89E0));
#4618=VERTEX_POINT('',#4616);
#4619=VERTEX_POINT('',#4617);
#4620=CARTESIAN_POINT('',(-1.11125E1,1.27E-1,-8.89E0));
#4621=CARTESIAN_POINT('',(-1.11125E1,1.397E0,-8.89E0));
#4622=VERTEX_POINT('',#4620);
#4623=VERTEX_POINT('',#4621);
#4624=CARTESIAN_POINT('',(-9.2075E0,1.0795E0,-8.128E-1));
#4625=CARTESIAN_POINT('',(-9.2075E0,4.445E-1,-8.128E-1));
#4626=VERTEX_POINT('',#4624);
#4627=VERTEX_POINT('',#4625);
#4628=CARTESIAN_POINT('',(-9.2075E0,4.445E-1,-7.874E0));
#4629=VERTEX_POINT('',#4628);
#4630=CARTESIAN_POINT('',(-9.2075E0,1.27E-1,-7.874E0));
#4631=VERTEX_POINT('',#4630);
#4632=CARTESIAN_POINT('',(-9.2075E0,1.397E0,-7.874E0));
#4633=CARTESIAN_POINT('',(-9.2075E0,1.0795E0,-7.874E0));
#4634=VERTEX_POINT('',#4632);
#4635=VERTEX_POINT('',#4633);
#4636=CARTESIAN_POINT('',(-9.2075E0,-8.509E0,-1.51003E1));
#4637=CARTESIAN_POINT('',(-9.2075E0,-8.509E0,-1.57353E1));
#4638=VERTEX_POINT('',#4636);
#4639=VERTEX_POINT('',#4637);
#4640=CARTESIAN_POINT('',(-9.2075E0,-1.143E0,-7.874E0));
#4641=CARTESIAN_POINT('',(-9.2075E0,-1.4605E0,-7.874E0));
#4642=VERTEX_POINT('',#4640);
#4643=VERTEX_POINT('',#4641);
#4644=CARTESIAN_POINT('',(-9.2075E0,-1.4605E0,-8.128E-1));
#4645=VERTEX_POINT('',#4644);
#4646=CARTESIAN_POINT('',(-9.2075E0,-2.0955E0,-8.128E-1));
#4647=VERTEX_POINT('',#4646);
#4648=CARTESIAN_POINT('',(-9.2075E0,-2.0955E0,-7.874E0));
#4649=VERTEX_POINT('',#4648);
#4650=CARTESIAN_POINT('',(-9.2075E0,-2.413E0,-7.874E0));
#4651=VERTEX_POINT('',#4650);
#4652=CARTESIAN_POINT('',(-9.2075E0,-8.509E0,-1.25603E1));
#4653=CARTESIAN_POINT('',(-9.2075E0,-8.509E0,-1.31953E1));
#4654=VERTEX_POINT('',#4652);
#4655=VERTEX_POINT('',#4653);
#4656=CARTESIAN_POINT('',(-8.5725E0,1.0795E0,-8.128E-1));
#4657=CARTESIAN_POINT('',(-8.5725E0,4.445E-1,-8.128E-1));
#4658=VERTEX_POINT('',#4656);
#4659=VERTEX_POINT('',#4657);
#4660=CARTESIAN_POINT('',(-8.5725E0,4.445E-1,-7.874E0));
#4661=VERTEX_POINT('',#4660);
#4662=CARTESIAN_POINT('',(-8.5725E0,1.27E-1,-7.874E0));
#4663=VERTEX_POINT('',#4662);
#4664=CARTESIAN_POINT('',(-8.5725E0,1.397E0,-7.874E0));
#4665=CARTESIAN_POINT('',(-8.5725E0,1.0795E0,-7.874E0));
#4666=VERTEX_POINT('',#4664);
#4667=VERTEX_POINT('',#4665);
#4668=CARTESIAN_POINT('',(-8.5725E0,-8.509E0,-1.51003E1));
#4669=CARTESIAN_POINT('',(-8.5725E0,-8.509E0,-1.57353E1));
#4670=VERTEX_POINT('',#4668);
#4671=VERTEX_POINT('',#4669);
#4672=CARTESIAN_POINT('',(-8.5725E0,-1.143E0,-7.874E0));
#4673=CARTESIAN_POINT('',(-8.5725E0,-1.4605E0,-7.874E0));
#4674=VERTEX_POINT('',#4672);
#4675=VERTEX_POINT('',#4673);
#4676=CARTESIAN_POINT('',(-8.5725E0,-1.4605E0,-8.128E-1));
#4677=VERTEX_POINT('',#4676);
#4678=CARTESIAN_POINT('',(-8.5725E0,-2.0955E0,-8.128E-1));
#4679=VERTEX_POINT('',#4678);
#4680=CARTESIAN_POINT('',(-8.5725E0,-2.0955E0,-7.874E0));
#4681=VERTEX_POINT('',#4680);
#4682=CARTESIAN_POINT('',(-8.5725E0,-2.413E0,-7.874E0));
#4683=VERTEX_POINT('',#4682);
#4684=CARTESIAN_POINT('',(-8.5725E0,-8.509E0,-1.25603E1));
#4685=CARTESIAN_POINT('',(-8.5725E0,-8.509E0,-1.31953E1));
#4686=VERTEX_POINT('',#4684);
#4687=VERTEX_POINT('',#4685);
#4688=CARTESIAN_POINT('',(-9.2075E0,-2.413E0,-8.89E0));
#4689=CARTESIAN_POINT('',(-9.2075E0,-1.143E0,-8.89E0));
#4690=VERTEX_POINT('',#4688);
#4691=VERTEX_POINT('',#4689);
#4692=CARTESIAN_POINT('',(-9.2075E0,1.27E-1,-8.89E0));
#4693=CARTESIAN_POINT('',(-9.2075E0,1.397E0,-8.89E0));
#4694=VERTEX_POINT('',#4692);
#4695=VERTEX_POINT('',#4693);
#4696=CARTESIAN_POINT('',(-8.5725E0,-2.413E0,-8.89E0));
#4697=CARTESIAN_POINT('',(-8.5725E0,-1.143E0,-8.89E0));
#4698=VERTEX_POINT('',#4696);
#4699=VERTEX_POINT('',#4697);
#4700=CARTESIAN_POINT('',(-8.5725E0,1.27E-1,-8.89E0));
#4701=CARTESIAN_POINT('',(-8.5725E0,1.397E0,-8.89E0));
#4702=VERTEX_POINT('',#4700);
#4703=VERTEX_POINT('',#4701);
#4704=CARTESIAN_POINT('',(-6.6675E0,1.0795E0,-8.128E-1));
#4705=CARTESIAN_POINT('',(-6.6675E0,4.445E-1,-8.128E-1));
#4706=VERTEX_POINT('',#4704);
#4707=VERTEX_POINT('',#4705);
#4708=CARTESIAN_POINT('',(-6.6675E0,4.445E-1,-7.874E0));
#4709=VERTEX_POINT('',#4708);
#4710=CARTESIAN_POINT('',(-6.6675E0,1.27E-1,-7.874E0));
#4711=VERTEX_POINT('',#4710);
#4712=CARTESIAN_POINT('',(-6.6675E0,1.397E0,-7.874E0));
#4713=CARTESIAN_POINT('',(-6.6675E0,1.0795E0,-7.874E0));
#4714=VERTEX_POINT('',#4712);
#4715=VERTEX_POINT('',#4713);
#4716=CARTESIAN_POINT('',(-6.6675E0,-8.509E0,-1.51003E1));
#4717=CARTESIAN_POINT('',(-6.6675E0,-8.509E0,-1.57353E1));
#4718=VERTEX_POINT('',#4716);
#4719=VERTEX_POINT('',#4717);
#4720=CARTESIAN_POINT('',(-6.6675E0,-1.143E0,-7.874E0));
#4721=CARTESIAN_POINT('',(-6.6675E0,-1.4605E0,-7.874E0));
#4722=VERTEX_POINT('',#4720);
#4723=VERTEX_POINT('',#4721);
#4724=CARTESIAN_POINT('',(-6.6675E0,-1.4605E0,-8.128E-1));
#4725=VERTEX_POINT('',#4724);
#4726=CARTESIAN_POINT('',(-6.6675E0,-2.0955E0,-8.128E-1));
#4727=VERTEX_POINT('',#4726);
#4728=CARTESIAN_POINT('',(-6.6675E0,-2.0955E0,-7.874E0));
#4729=VERTEX_POINT('',#4728);
#4730=CARTESIAN_POINT('',(-6.6675E0,-2.413E0,-7.874E0));
#4731=VERTEX_POINT('',#4730);
#4732=CARTESIAN_POINT('',(-6.6675E0,-8.509E0,-1.25603E1));
#4733=CARTESIAN_POINT('',(-6.6675E0,-8.509E0,-1.31953E1));
#4734=VERTEX_POINT('',#4732);
#4735=VERTEX_POINT('',#4733);
#4736=CARTESIAN_POINT('',(-6.0325E0,1.0795E0,-8.128E-1));
#4737=CARTESIAN_POINT('',(-6.0325E0,4.445E-1,-8.128E-1));
#4738=VERTEX_POINT('',#4736);
#4739=VERTEX_POINT('',#4737);
#4740=CARTESIAN_POINT('',(-6.0325E0,4.445E-1,-7.874E0));
#4741=VERTEX_POINT('',#4740);
#4742=CARTESIAN_POINT('',(-6.0325E0,1.27E-1,-7.874E0));
#4743=VERTEX_POINT('',#4742);
#4744=CARTESIAN_POINT('',(-6.0325E0,1.397E0,-7.874E0));
#4745=CARTESIAN_POINT('',(-6.0325E0,1.0795E0,-7.874E0));
#4746=VERTEX_POINT('',#4744);
#4747=VERTEX_POINT('',#4745);
#4748=CARTESIAN_POINT('',(-6.0325E0,-8.509E0,-1.51003E1));
#4749=CARTESIAN_POINT('',(-6.0325E0,-8.509E0,-1.57353E1));
#4750=VERTEX_POINT('',#4748);
#4751=VERTEX_POINT('',#4749);
#4752=CARTESIAN_POINT('',(-6.0325E0,-1.143E0,-7.874E0));
#4753=CARTESIAN_POINT('',(-6.0325E0,-1.4605E0,-7.874E0));
#4754=VERTEX_POINT('',#4752);
#4755=VERTEX_POINT('',#4753);
#4756=CARTESIAN_POINT('',(-6.0325E0,-1.4605E0,-8.128E-1));
#4757=VERTEX_POINT('',#4756);
#4758=CARTESIAN_POINT('',(-6.0325E0,-2.0955E0,-8.128E-1));
#4759=VERTEX_POINT('',#4758);
#4760=CARTESIAN_POINT('',(-6.0325E0,-2.0955E0,-7.874E0));
#4761=VERTEX_POINT('',#4760);
#4762=CARTESIAN_POINT('',(-6.0325E0,-2.413E0,-7.874E0));
#4763=VERTEX_POINT('',#4762);
#4764=CARTESIAN_POINT('',(-6.0325E0,-8.509E0,-1.25603E1));
#4765=CARTESIAN_POINT('',(-6.0325E0,-8.509E0,-1.31953E1));
#4766=VERTEX_POINT('',#4764);
#4767=VERTEX_POINT('',#4765);
#4768=CARTESIAN_POINT('',(-6.6675E0,-2.413E0,-8.89E0));
#4769=CARTESIAN_POINT('',(-6.6675E0,-1.143E0,-8.89E0));
#4770=VERTEX_POINT('',#4768);
#4771=VERTEX_POINT('',#4769);
#4772=CARTESIAN_POINT('',(-6.6675E0,1.27E-1,-8.89E0));
#4773=CARTESIAN_POINT('',(-6.6675E0,1.397E0,-8.89E0));
#4774=VERTEX_POINT('',#4772);
#4775=VERTEX_POINT('',#4773);
#4776=CARTESIAN_POINT('',(-6.0325E0,-2.413E0,-8.89E0));
#4777=CARTESIAN_POINT('',(-6.0325E0,-1.143E0,-8.89E0));
#4778=VERTEX_POINT('',#4776);
#4779=VERTEX_POINT('',#4777);
#4780=CARTESIAN_POINT('',(-6.0325E0,1.27E-1,-8.89E0));
#4781=CARTESIAN_POINT('',(-6.0325E0,1.397E0,-8.89E0));
#4782=VERTEX_POINT('',#4780);
#4783=VERTEX_POINT('',#4781);
#4784=CARTESIAN_POINT('',(-4.1275E0,1.0795E0,-8.128E-1));
#4785=CARTESIAN_POINT('',(-4.1275E0,4.445E-1,-8.128E-1));
#4786=VERTEX_POINT('',#4784);
#4787=VERTEX_POINT('',#4785);
#4788=CARTESIAN_POINT('',(-4.1275E0,4.445E-1,-7.874E0));
#4789=VERTEX_POINT('',#4788);
#4790=CARTESIAN_POINT('',(-4.1275E0,1.27E-1,-7.874E0));
#4791=VERTEX_POINT('',#4790);
#4792=CARTESIAN_POINT('',(-4.1275E0,1.397E0,-7.874E0));
#4793=CARTESIAN_POINT('',(-4.1275E0,1.0795E0,-7.874E0));
#4794=VERTEX_POINT('',#4792);
#4795=VERTEX_POINT('',#4793);
#4796=CARTESIAN_POINT('',(-4.1275E0,-8.509E0,-1.51003E1));
#4797=CARTESIAN_POINT('',(-4.1275E0,-8.509E0,-1.57353E1));
#4798=VERTEX_POINT('',#4796);
#4799=VERTEX_POINT('',#4797);
#4800=CARTESIAN_POINT('',(-4.1275E0,-1.143E0,-7.874E0));
#4801=CARTESIAN_POINT('',(-4.1275E0,-1.4605E0,-7.874E0));
#4802=VERTEX_POINT('',#4800);
#4803=VERTEX_POINT('',#4801);
#4804=CARTESIAN_POINT('',(-4.1275E0,-1.4605E0,-8.128E-1));
#4805=VERTEX_POINT('',#4804);
#4806=CARTESIAN_POINT('',(-4.1275E0,-2.0955E0,-8.128E-1));
#4807=VERTEX_POINT('',#4806);
#4808=CARTESIAN_POINT('',(-4.1275E0,-2.0955E0,-7.874E0));
#4809=VERTEX_POINT('',#4808);
#4810=CARTESIAN_POINT('',(-4.1275E0,-2.413E0,-7.874E0));
#4811=VERTEX_POINT('',#4810);
#4812=CARTESIAN_POINT('',(-4.1275E0,-8.509E0,-1.25603E1));
#4813=CARTESIAN_POINT('',(-4.1275E0,-8.509E0,-1.31953E1));
#4814=VERTEX_POINT('',#4812);
#4815=VERTEX_POINT('',#4813);
#4816=CARTESIAN_POINT('',(-3.4925E0,1.0795E0,-8.128E-1));
#4817=CARTESIAN_POINT('',(-3.4925E0,4.445E-1,-8.128E-1));
#4818=VERTEX_POINT('',#4816);
#4819=VERTEX_POINT('',#4817);
#4820=CARTESIAN_POINT('',(-3.4925E0,4.445E-1,-7.874E0));
#4821=VERTEX_POINT('',#4820);
#4822=CARTESIAN_POINT('',(-3.4925E0,1.27E-1,-7.874E0));
#4823=VERTEX_POINT('',#4822);
#4824=CARTESIAN_POINT('',(-3.4925E0,1.397E0,-7.874E0));
#4825=CARTESIAN_POINT('',(-3.4925E0,1.0795E0,-7.874E0));
#4826=VERTEX_POINT('',#4824);
#4827=VERTEX_POINT('',#4825);
#4828=CARTESIAN_POINT('',(-3.4925E0,-8.509E0,-1.51003E1));
#4829=CARTESIAN_POINT('',(-3.4925E0,-8.509E0,-1.57353E1));
#4830=VERTEX_POINT('',#4828);
#4831=VERTEX_POINT('',#4829);
#4832=CARTESIAN_POINT('',(-3.4925E0,-1.143E0,-7.874E0));
#4833=CARTESIAN_POINT('',(-3.4925E0,-1.4605E0,-7.874E0));
#4834=VERTEX_POINT('',#4832);
#4835=VERTEX_POINT('',#4833);
#4836=CARTESIAN_POINT('',(-3.4925E0,-1.4605E0,-8.128E-1));
#4837=VERTEX_POINT('',#4836);
#4838=CARTESIAN_POINT('',(-3.4925E0,-2.0955E0,-8.128E-1));
#4839=VERTEX_POINT('',#4838);
#4840=CARTESIAN_POINT('',(-3.4925E0,-2.0955E0,-7.874E0));
#4841=VERTEX_POINT('',#4840);
#4842=CARTESIAN_POINT('',(-3.4925E0,-2.413E0,-7.874E0));
#4843=VERTEX_POINT('',#4842);
#4844=CARTESIAN_POINT('',(-3.4925E0,-8.509E0,-1.25603E1));
#4845=CARTESIAN_POINT('',(-3.4925E0,-8.509E0,-1.31953E1));
#4846=VERTEX_POINT('',#4844);
#4847=VERTEX_POINT('',#4845);
#4848=CARTESIAN_POINT('',(-4.1275E0,-2.413E0,-8.89E0));
#4849=CARTESIAN_POINT('',(-4.1275E0,-1.143E0,-8.89E0));
#4850=VERTEX_POINT('',#4848);
#4851=VERTEX_POINT('',#4849);
#4852=CARTESIAN_POINT('',(-4.1275E0,1.27E-1,-8.89E0));
#4853=CARTESIAN_POINT('',(-4.1275E0,1.397E0,-8.89E0));
#4854=VERTEX_POINT('',#4852);
#4855=VERTEX_POINT('',#4853);
#4856=CARTESIAN_POINT('',(-3.4925E0,-2.413E0,-8.89E0));
#4857=CARTESIAN_POINT('',(-3.4925E0,-1.143E0,-8.89E0));
#4858=VERTEX_POINT('',#4856);
#4859=VERTEX_POINT('',#4857);
#4860=CARTESIAN_POINT('',(-3.4925E0,1.27E-1,-8.89E0));
#4861=CARTESIAN_POINT('',(-3.4925E0,1.397E0,-8.89E0));
#4862=VERTEX_POINT('',#4860);
#4863=VERTEX_POINT('',#4861);
#4864=CARTESIAN_POINT('',(-1.5875E0,1.0795E0,-8.128E-1));
#4865=CARTESIAN_POINT('',(-1.5875E0,4.445E-1,-8.128E-1));
#4866=VERTEX_POINT('',#4864);
#4867=VERTEX_POINT('',#4865);
#4868=CARTESIAN_POINT('',(-1.5875E0,4.445E-1,-7.874E0));
#4869=VERTEX_POINT('',#4868);
#4870=CARTESIAN_POINT('',(-1.5875E0,1.27E-1,-7.874E0));
#4871=VERTEX_POINT('',#4870);
#4872=CARTESIAN_POINT('',(-1.5875E0,1.397E0,-7.874E0));
#4873=CARTESIAN_POINT('',(-1.5875E0,1.0795E0,-7.874E0));
#4874=VERTEX_POINT('',#4872);
#4875=VERTEX_POINT('',#4873);
#4876=CARTESIAN_POINT('',(-1.5875E0,-8.509E0,-1.51003E1));
#4877=CARTESIAN_POINT('',(-1.5875E0,-8.509E0,-1.57353E1));
#4878=VERTEX_POINT('',#4876);
#4879=VERTEX_POINT('',#4877);
#4880=CARTESIAN_POINT('',(-1.5875E0,-1.143E0,-7.874E0));
#4881=CARTESIAN_POINT('',(-1.5875E0,-1.4605E0,-7.874E0));
#4882=VERTEX_POINT('',#4880);
#4883=VERTEX_POINT('',#4881);
#4884=CARTESIAN_POINT('',(-1.5875E0,-1.4605E0,-8.128E-1));
#4885=VERTEX_POINT('',#4884);
#4886=CARTESIAN_POINT('',(-1.5875E0,-2.0955E0,-8.128E-1));
#4887=VERTEX_POINT('',#4886);
#4888=CARTESIAN_POINT('',(-1.5875E0,-2.0955E0,-7.874E0));
#4889=VERTEX_POINT('',#4888);
#4890=CARTESIAN_POINT('',(-1.5875E0,-2.413E0,-7.874E0));
#4891=VERTEX_POINT('',#4890);
#4892=CARTESIAN_POINT('',(-1.5875E0,-8.509E0,-1.25603E1));
#4893=CARTESIAN_POINT('',(-1.5875E0,-8.509E0,-1.31953E1));
#4894=VERTEX_POINT('',#4892);
#4895=VERTEX_POINT('',#4893);
#4896=CARTESIAN_POINT('',(-9.525E-1,1.0795E0,-8.128E-1));
#4897=CARTESIAN_POINT('',(-9.525E-1,4.445E-1,-8.128E-1));
#4898=VERTEX_POINT('',#4896);
#4899=VERTEX_POINT('',#4897);
#4900=CARTESIAN_POINT('',(-9.525E-1,4.445E-1,-7.874E0));
#4901=VERTEX_POINT('',#4900);
#4902=CARTESIAN_POINT('',(-9.525E-1,1.27E-1,-7.874E0));
#4903=VERTEX_POINT('',#4902);
#4904=CARTESIAN_POINT('',(-9.525E-1,1.397E0,-7.874E0));
#4905=CARTESIAN_POINT('',(-9.525E-1,1.0795E0,-7.874E0));
#4906=VERTEX_POINT('',#4904);
#4907=VERTEX_POINT('',#4905);
#4908=CARTESIAN_POINT('',(-9.525E-1,-8.509E0,-1.51003E1));
#4909=CARTESIAN_POINT('',(-9.525E-1,-8.509E0,-1.57353E1));
#4910=VERTEX_POINT('',#4908);
#4911=VERTEX_POINT('',#4909);
#4912=CARTESIAN_POINT('',(-9.525E-1,-1.143E0,-7.874E0));
#4913=CARTESIAN_POINT('',(-9.525E-1,-1.4605E0,-7.874E0));
#4914=VERTEX_POINT('',#4912);
#4915=VERTEX_POINT('',#4913);
#4916=CARTESIAN_POINT('',(-9.525E-1,-1.4605E0,-8.128E-1));
#4917=VERTEX_POINT('',#4916);
#4918=CARTESIAN_POINT('',(-9.525E-1,-2.0955E0,-8.128E-1));
#4919=VERTEX_POINT('',#4918);
#4920=CARTESIAN_POINT('',(-9.525E-1,-2.0955E0,-7.874E0));
#4921=VERTEX_POINT('',#4920);
#4922=CARTESIAN_POINT('',(-9.525E-1,-2.413E0,-7.874E0));
#4923=VERTEX_POINT('',#4922);
#4924=CARTESIAN_POINT('',(-9.525E-1,-8.509E0,-1.25603E1));
#4925=CARTESIAN_POINT('',(-9.525E-1,-8.509E0,-1.31953E1));
#4926=VERTEX_POINT('',#4924);
#4927=VERTEX_POINT('',#4925);
#4928=CARTESIAN_POINT('',(-1.5875E0,-2.413E0,-8.89E0));
#4929=CARTESIAN_POINT('',(-1.5875E0,-1.143E0,-8.89E0));
#4930=VERTEX_POINT('',#4928);
#4931=VERTEX_POINT('',#4929);
#4932=CARTESIAN_POINT('',(-1.5875E0,1.27E-1,-8.89E0));
#4933=CARTESIAN_POINT('',(-1.5875E0,1.397E0,-8.89E0));
#4934=VERTEX_POINT('',#4932);
#4935=VERTEX_POINT('',#4933);
#4936=CARTESIAN_POINT('',(-9.525E-1,-2.413E0,-8.89E0));
#4937=CARTESIAN_POINT('',(-9.525E-1,-1.143E0,-8.89E0));
#4938=VERTEX_POINT('',#4936);
#4939=VERTEX_POINT('',#4937);
#4940=CARTESIAN_POINT('',(-9.525E-1,1.27E-1,-8.89E0));
#4941=CARTESIAN_POINT('',(-9.525E-1,1.397E0,-8.89E0));
#4942=VERTEX_POINT('',#4940);
#4943=VERTEX_POINT('',#4941);
#4944=CARTESIAN_POINT('',(9.525E-1,1.0795E0,-8.128E-1));
#4945=CARTESIAN_POINT('',(9.525E-1,4.445E-1,-8.128E-1));
#4946=VERTEX_POINT('',#4944);
#4947=VERTEX_POINT('',#4945);
#4948=CARTESIAN_POINT('',(9.525E-1,4.445E-1,-7.874E0));
#4949=VERTEX_POINT('',#4948);
#4950=CARTESIAN_POINT('',(9.525E-1,1.27E-1,-7.874E0));
#4951=VERTEX_POINT('',#4950);
#4952=CARTESIAN_POINT('',(9.525E-1,1.397E0,-7.874E0));
#4953=CARTESIAN_POINT('',(9.525E-1,1.0795E0,-7.874E0));
#4954=VERTEX_POINT('',#4952);
#4955=VERTEX_POINT('',#4953);
#4956=CARTESIAN_POINT('',(9.525E-1,-8.509E0,-1.51003E1));
#4957=CARTESIAN_POINT('',(9.525E-1,-8.509E0,-1.57353E1));
#4958=VERTEX_POINT('',#4956);
#4959=VERTEX_POINT('',#4957);
#4960=CARTESIAN_POINT('',(9.525E-1,-1.143E0,-7.874E0));
#4961=CARTESIAN_POINT('',(9.525E-1,-1.4605E0,-7.874E0));
#4962=VERTEX_POINT('',#4960);
#4963=VERTEX_POINT('',#4961);
#4964=CARTESIAN_POINT('',(9.525E-1,-1.4605E0,-8.128E-1));
#4965=VERTEX_POINT('',#4964);
#4966=CARTESIAN_POINT('',(9.525E-1,-2.0955E0,-8.128E-1));
#4967=VERTEX_POINT('',#4966);
#4968=CARTESIAN_POINT('',(9.525E-1,-2.0955E0,-7.874E0));
#4969=VERTEX_POINT('',#4968);
#4970=CARTESIAN_POINT('',(9.525E-1,-2.413E0,-7.874E0));
#4971=VERTEX_POINT('',#4970);
#4972=CARTESIAN_POINT('',(9.525E-1,-8.509E0,-1.25603E1));
#4973=CARTESIAN_POINT('',(9.525E-1,-8.509E0,-1.31953E1));
#4974=VERTEX_POINT('',#4972);
#4975=VERTEX_POINT('',#4973);
#4976=CARTESIAN_POINT('',(1.5875E0,1.0795E0,-8.128E-1));
#4977=CARTESIAN_POINT('',(1.5875E0,4.445E-1,-8.128E-1));
#4978=VERTEX_POINT('',#4976);
#4979=VERTEX_POINT('',#4977);
#4980=CARTESIAN_POINT('',(1.5875E0,4.445E-1,-7.874E0));
#4981=VERTEX_POINT('',#4980);
#4982=CARTESIAN_POINT('',(1.5875E0,1.27E-1,-7.874E0));
#4983=VERTEX_POINT('',#4982);
#4984=CARTESIAN_POINT('',(1.5875E0,1.397E0,-7.874E0));
#4985=CARTESIAN_POINT('',(1.5875E0,1.0795E0,-7.874E0));
#4986=VERTEX_POINT('',#4984);
#4987=VERTEX_POINT('',#4985);
#4988=CARTESIAN_POINT('',(1.5875E0,-8.509E0,-1.51003E1));
#4989=CARTESIAN_POINT('',(1.5875E0,-8.509E0,-1.57353E1));
#4990=VERTEX_POINT('',#4988);
#4991=VERTEX_POINT('',#4989);
#4992=CARTESIAN_POINT('',(1.5875E0,-1.143E0,-7.874E0));
#4993=CARTESIAN_POINT('',(1.5875E0,-1.4605E0,-7.874E0));
#4994=VERTEX_POINT('',#4992);
#4995=VERTEX_POINT('',#4993);
#4996=CARTESIAN_POINT('',(1.5875E0,-1.4605E0,-8.128E-1));
#4997=VERTEX_POINT('',#4996);
#4998=CARTESIAN_POINT('',(1.5875E0,-2.0955E0,-8.128E-1));
#4999=VERTEX_POINT('',#4998);
#5000=CARTESIAN_POINT('',(1.5875E0,-2.0955E0,-7.874E0));
#5001=VERTEX_POINT('',#5000);
#5002=CARTESIAN_POINT('',(1.5875E0,-2.413E0,-7.874E0));
#5003=VERTEX_POINT('',#5002);
#5004=CARTESIAN_POINT('',(1.5875E0,-8.509E0,-1.25603E1));
#5005=CARTESIAN_POINT('',(1.5875E0,-8.509E0,-1.31953E1));
#5006=VERTEX_POINT('',#5004);
#5007=VERTEX_POINT('',#5005);
#5008=CARTESIAN_POINT('',(9.525E-1,-2.413E0,-8.89E0));
#5009=CARTESIAN_POINT('',(9.525E-1,-1.143E0,-8.89E0));
#5010=VERTEX_POINT('',#5008);
#5011=VERTEX_POINT('',#5009);
#5012=CARTESIAN_POINT('',(9.525E-1,1.27E-1,-8.89E0));
#5013=CARTESIAN_POINT('',(9.525E-1,1.397E0,-8.89E0));
#5014=VERTEX_POINT('',#5012);
#5015=VERTEX_POINT('',#5013);
#5016=CARTESIAN_POINT('',(1.5875E0,-2.413E0,-8.89E0));
#5017=CARTESIAN_POINT('',(1.5875E0,-1.143E0,-8.89E0));
#5018=VERTEX_POINT('',#5016);
#5019=VERTEX_POINT('',#5017);
#5020=CARTESIAN_POINT('',(1.5875E0,1.27E-1,-8.89E0));
#5021=CARTESIAN_POINT('',(1.5875E0,1.397E0,-8.89E0));
#5022=VERTEX_POINT('',#5020);
#5023=VERTEX_POINT('',#5021);
#5024=CARTESIAN_POINT('',(3.4925E0,1.0795E0,-8.128E-1));
#5025=CARTESIAN_POINT('',(3.4925E0,4.445E-1,-8.128E-1));
#5026=VERTEX_POINT('',#5024);
#5027=VERTEX_POINT('',#5025);
#5028=CARTESIAN_POINT('',(3.4925E0,4.445E-1,-7.874E0));
#5029=VERTEX_POINT('',#5028);
#5030=CARTESIAN_POINT('',(3.4925E0,1.27E-1,-7.874E0));
#5031=VERTEX_POINT('',#5030);
#5032=CARTESIAN_POINT('',(3.4925E0,1.397E0,-7.874E0));
#5033=CARTESIAN_POINT('',(3.4925E0,1.0795E0,-7.874E0));
#5034=VERTEX_POINT('',#5032);
#5035=VERTEX_POINT('',#5033);
#5036=CARTESIAN_POINT('',(3.4925E0,-8.509E0,-1.51003E1));
#5037=CARTESIAN_POINT('',(3.4925E0,-8.509E0,-1.57353E1));
#5038=VERTEX_POINT('',#5036);
#5039=VERTEX_POINT('',#5037);
#5040=CARTESIAN_POINT('',(3.4925E0,-1.143E0,-7.874E0));
#5041=CARTESIAN_POINT('',(3.4925E0,-1.4605E0,-7.874E0));
#5042=VERTEX_POINT('',#5040);
#5043=VERTEX_POINT('',#5041);
#5044=CARTESIAN_POINT('',(3.4925E0,-1.4605E0,-8.128E-1));
#5045=VERTEX_POINT('',#5044);
#5046=CARTESIAN_POINT('',(3.4925E0,-2.0955E0,-8.128E-1));
#5047=VERTEX_POINT('',#5046);
#5048=CARTESIAN_POINT('',(3.4925E0,-2.0955E0,-7.874E0));
#5049=VERTEX_POINT('',#5048);
#5050=CARTESIAN_POINT('',(3.4925E0,-2.413E0,-7.874E0));
#5051=VERTEX_POINT('',#5050);
#5052=CARTESIAN_POINT('',(3.4925E0,-8.509E0,-1.25603E1));
#5053=CARTESIAN_POINT('',(3.4925E0,-8.509E0,-1.31953E1));
#5054=VERTEX_POINT('',#5052);
#5055=VERTEX_POINT('',#5053);
#5056=CARTESIAN_POINT('',(4.1275E0,1.0795E0,-8.128E-1));
#5057=CARTESIAN_POINT('',(4.1275E0,4.445E-1,-8.128E-1));
#5058=VERTEX_POINT('',#5056);
#5059=VERTEX_POINT('',#5057);
#5060=CARTESIAN_POINT('',(4.1275E0,4.445E-1,-7.874E0));
#5061=VERTEX_POINT('',#5060);
#5062=CARTESIAN_POINT('',(4.1275E0,1.27E-1,-7.874E0));
#5063=VERTEX_POINT('',#5062);
#5064=CARTESIAN_POINT('',(4.1275E0,1.397E0,-7.874E0));
#5065=CARTESIAN_POINT('',(4.1275E0,1.0795E0,-7.874E0));
#5066=VERTEX_POINT('',#5064);
#5067=VERTEX_POINT('',#5065);
#5068=CARTESIAN_POINT('',(4.1275E0,-8.509E0,-1.51003E1));
#5069=CARTESIAN_POINT('',(4.1275E0,-8.509E0,-1.57353E1));
#5070=VERTEX_POINT('',#5068);
#5071=VERTEX_POINT('',#5069);
#5072=CARTESIAN_POINT('',(4.1275E0,-1.143E0,-7.874E0));
#5073=CARTESIAN_POINT('',(4.1275E0,-1.4605E0,-7.874E0));
#5074=VERTEX_POINT('',#5072);
#5075=VERTEX_POINT('',#5073);
#5076=CARTESIAN_POINT('',(4.1275E0,-1.4605E0,-8.128E-1));
#5077=VERTEX_POINT('',#5076);
#5078=CARTESIAN_POINT('',(4.1275E0,-2.0955E0,-8.128E-1));
#5079=VERTEX_POINT('',#5078);
#5080=CARTESIAN_POINT('',(4.1275E0,-2.0955E0,-7.874E0));
#5081=VERTEX_POINT('',#5080);
#5082=CARTESIAN_POINT('',(4.1275E0,-2.413E0,-7.874E0));
#5083=VERTEX_POINT('',#5082);
#5084=CARTESIAN_POINT('',(4.1275E0,-8.509E0,-1.25603E1));
#5085=CARTESIAN_POINT('',(4.1275E0,-8.509E0,-1.31953E1));
#5086=VERTEX_POINT('',#5084);
#5087=VERTEX_POINT('',#5085);
#5088=CARTESIAN_POINT('',(3.4925E0,-2.413E0,-8.89E0));
#5089=CARTESIAN_POINT('',(3.4925E0,-1.143E0,-8.89E0));
#5090=VERTEX_POINT('',#5088);
#5091=VERTEX_POINT('',#5089);
#5092=CARTESIAN_POINT('',(3.4925E0,1.27E-1,-8.89E0));
#5093=CARTESIAN_POINT('',(3.4925E0,1.397E0,-8.89E0));
#5094=VERTEX_POINT('',#5092);
#5095=VERTEX_POINT('',#5093);
#5096=CARTESIAN_POINT('',(4.1275E0,-2.413E0,-8.89E0));
#5097=CARTESIAN_POINT('',(4.1275E0,-1.143E0,-8.89E0));
#5098=VERTEX_POINT('',#5096);
#5099=VERTEX_POINT('',#5097);
#5100=CARTESIAN_POINT('',(4.1275E0,1.27E-1,-8.89E0));
#5101=CARTESIAN_POINT('',(4.1275E0,1.397E0,-8.89E0));
#5102=VERTEX_POINT('',#5100);
#5103=VERTEX_POINT('',#5101);
#5104=CARTESIAN_POINT('',(6.0325E0,1.0795E0,-8.128E-1));
#5105=CARTESIAN_POINT('',(6.0325E0,4.445E-1,-8.128E-1));
#5106=VERTEX_POINT('',#5104);
#5107=VERTEX_POINT('',#5105);
#5108=CARTESIAN_POINT('',(6.0325E0,4.445E-1,-7.874E0));
#5109=VERTEX_POINT('',#5108);
#5110=CARTESIAN_POINT('',(6.0325E0,1.27E-1,-7.874E0));
#5111=VERTEX_POINT('',#5110);
#5112=CARTESIAN_POINT('',(6.0325E0,1.397E0,-7.874E0));
#5113=CARTESIAN_POINT('',(6.0325E0,1.0795E0,-7.874E0));
#5114=VERTEX_POINT('',#5112);
#5115=VERTEX_POINT('',#5113);
#5116=CARTESIAN_POINT('',(6.0325E0,-8.509E0,-1.51003E1));
#5117=CARTESIAN_POINT('',(6.0325E0,-8.509E0,-1.57353E1));
#5118=VERTEX_POINT('',#5116);
#5119=VERTEX_POINT('',#5117);
#5120=CARTESIAN_POINT('',(6.0325E0,-1.143E0,-7.874E0));
#5121=CARTESIAN_POINT('',(6.0325E0,-1.4605E0,-7.874E0));
#5122=VERTEX_POINT('',#5120);
#5123=VERTEX_POINT('',#5121);
#5124=CARTESIAN_POINT('',(6.0325E0,-1.4605E0,-8.128E-1));
#5125=VERTEX_POINT('',#5124);
#5126=CARTESIAN_POINT('',(6.0325E0,-2.0955E0,-8.128E-1));
#5127=VERTEX_POINT('',#5126);
#5128=CARTESIAN_POINT('',(6.0325E0,-2.0955E0,-7.874E0));
#5129=VERTEX_POINT('',#5128);
#5130=CARTESIAN_POINT('',(6.0325E0,-2.413E0,-7.874E0));
#5131=VERTEX_POINT('',#5130);
#5132=CARTESIAN_POINT('',(6.0325E0,-8.509E0,-1.25603E1));
#5133=CARTESIAN_POINT('',(6.0325E0,-8.509E0,-1.31953E1));
#5134=VERTEX_POINT('',#5132);
#5135=VERTEX_POINT('',#5133);
#5136=CARTESIAN_POINT('',(6.6675E0,1.0795E0,-8.128E-1));
#5137=CARTESIAN_POINT('',(6.6675E0,4.445E-1,-8.128E-1));
#5138=VERTEX_POINT('',#5136);
#5139=VERTEX_POINT('',#5137);
#5140=CARTESIAN_POINT('',(6.6675E0,4.445E-1,-7.874E0));
#5141=VERTEX_POINT('',#5140);
#5142=CARTESIAN_POINT('',(6.6675E0,1.27E-1,-7.874E0));
#5143=VERTEX_POINT('',#5142);
#5144=CARTESIAN_POINT('',(6.6675E0,1.397E0,-7.874E0));
#5145=CARTESIAN_POINT('',(6.6675E0,1.0795E0,-7.874E0));
#5146=VERTEX_POINT('',#5144);
#5147=VERTEX_POINT('',#5145);
#5148=CARTESIAN_POINT('',(6.6675E0,-8.509E0,-1.51003E1));
#5149=CARTESIAN_POINT('',(6.6675E0,-8.509E0,-1.57353E1));
#5150=VERTEX_POINT('',#5148);
#5151=VERTEX_POINT('',#5149);
#5152=CARTESIAN_POINT('',(6.6675E0,-1.143E0,-7.874E0));
#5153=CARTESIAN_POINT('',(6.6675E0,-1.4605E0,-7.874E0));
#5154=VERTEX_POINT('',#5152);
#5155=VERTEX_POINT('',#5153);
#5156=CARTESIAN_POINT('',(6.6675E0,-1.4605E0,-8.128E-1));
#5157=VERTEX_POINT('',#5156);
#5158=CARTESIAN_POINT('',(6.6675E0,-2.0955E0,-8.128E-1));
#5159=VERTEX_POINT('',#5158);
#5160=CARTESIAN_POINT('',(6.6675E0,-2.0955E0,-7.874E0));
#5161=VERTEX_POINT('',#5160);
#5162=CARTESIAN_POINT('',(6.6675E0,-2.413E0,-7.874E0));
#5163=VERTEX_POINT('',#5162);
#5164=CARTESIAN_POINT('',(6.6675E0,-8.509E0,-1.25603E1));
#5165=CARTESIAN_POINT('',(6.6675E0,-8.509E0,-1.31953E1));
#5166=VERTEX_POINT('',#5164);
#5167=VERTEX_POINT('',#5165);
#5168=CARTESIAN_POINT('',(6.0325E0,-2.413E0,-8.89E0));
#5169=CARTESIAN_POINT('',(6.0325E0,-1.143E0,-8.89E0));
#5170=VERTEX_POINT('',#5168);
#5171=VERTEX_POINT('',#5169);
#5172=CARTESIAN_POINT('',(6.0325E0,1.27E-1,-8.89E0));
#5173=CARTESIAN_POINT('',(6.0325E0,1.397E0,-8.89E0));
#5174=VERTEX_POINT('',#5172);
#5175=VERTEX_POINT('',#5173);
#5176=CARTESIAN_POINT('',(6.6675E0,-2.413E0,-8.89E0));
#5177=CARTESIAN_POINT('',(6.6675E0,-1.143E0,-8.89E0));
#5178=VERTEX_POINT('',#5176);
#5179=VERTEX_POINT('',#5177);
#5180=CARTESIAN_POINT('',(6.6675E0,1.27E-1,-8.89E0));
#5181=CARTESIAN_POINT('',(6.6675E0,1.397E0,-8.89E0));
#5182=VERTEX_POINT('',#5180);
#5183=VERTEX_POINT('',#5181);
#5184=CARTESIAN_POINT('',(8.5725E0,1.0795E0,-8.128E-1));
#5185=CARTESIAN_POINT('',(8.5725E0,4.445E-1,-8.128E-1));
#5186=VERTEX_POINT('',#5184);
#5187=VERTEX_POINT('',#5185);
#5188=CARTESIAN_POINT('',(8.5725E0,4.445E-1,-7.874E0));
#5189=VERTEX_POINT('',#5188);
#5190=CARTESIAN_POINT('',(8.5725E0,1.27E-1,-7.874E0));
#5191=VERTEX_POINT('',#5190);
#5192=CARTESIAN_POINT('',(8.5725E0,1.397E0,-7.874E0));
#5193=CARTESIAN_POINT('',(8.5725E0,1.0795E0,-7.874E0));
#5194=VERTEX_POINT('',#5192);
#5195=VERTEX_POINT('',#5193);
#5196=CARTESIAN_POINT('',(8.5725E0,-8.509E0,-1.51003E1));
#5197=CARTESIAN_POINT('',(8.5725E0,-8.509E0,-1.57353E1));
#5198=VERTEX_POINT('',#5196);
#5199=VERTEX_POINT('',#5197);
#5200=CARTESIAN_POINT('',(8.5725E0,-1.143E0,-7.874E0));
#5201=CARTESIAN_POINT('',(8.5725E0,-1.4605E0,-7.874E0));
#5202=VERTEX_POINT('',#5200);
#5203=VERTEX_POINT('',#5201);
#5204=CARTESIAN_POINT('',(8.5725E0,-1.4605E0,-8.128E-1));
#5205=VERTEX_POINT('',#5204);
#5206=CARTESIAN_POINT('',(8.5725E0,-2.0955E0,-8.128E-1));
#5207=VERTEX_POINT('',#5206);
#5208=CARTESIAN_POINT('',(8.5725E0,-2.0955E0,-7.874E0));
#5209=VERTEX_POINT('',#5208);
#5210=CARTESIAN_POINT('',(8.5725E0,-2.413E0,-7.874E0));
#5211=VERTEX_POINT('',#5210);
#5212=CARTESIAN_POINT('',(8.5725E0,-8.509E0,-1.25603E1));
#5213=CARTESIAN_POINT('',(8.5725E0,-8.509E0,-1.31953E1));
#5214=VERTEX_POINT('',#5212);
#5215=VERTEX_POINT('',#5213);
#5216=CARTESIAN_POINT('',(9.2075E0,1.0795E0,-8.128E-1));
#5217=CARTESIAN_POINT('',(9.2075E0,4.445E-1,-8.128E-1));
#5218=VERTEX_POINT('',#5216);
#5219=VERTEX_POINT('',#5217);
#5220=CARTESIAN_POINT('',(9.2075E0,4.445E-1,-7.874E0));
#5221=VERTEX_POINT('',#5220);
#5222=CARTESIAN_POINT('',(9.2075E0,1.27E-1,-7.874E0));
#5223=VERTEX_POINT('',#5222);
#5224=CARTESIAN_POINT('',(9.2075E0,1.397E0,-7.874E0));
#5225=CARTESIAN_POINT('',(9.2075E0,1.0795E0,-7.874E0));
#5226=VERTEX_POINT('',#5224);
#5227=VERTEX_POINT('',#5225);
#5228=CARTESIAN_POINT('',(9.2075E0,-8.509E0,-1.51003E1));
#5229=CARTESIAN_POINT('',(9.2075E0,-8.509E0,-1.57353E1));
#5230=VERTEX_POINT('',#5228);
#5231=VERTEX_POINT('',#5229);
#5232=CARTESIAN_POINT('',(9.2075E0,-1.143E0,-7.874E0));
#5233=CARTESIAN_POINT('',(9.2075E0,-1.4605E0,-7.874E0));
#5234=VERTEX_POINT('',#5232);
#5235=VERTEX_POINT('',#5233);
#5236=CARTESIAN_POINT('',(9.2075E0,-1.4605E0,-8.128E-1));
#5237=VERTEX_POINT('',#5236);
#5238=CARTESIAN_POINT('',(9.2075E0,-2.0955E0,-8.128E-1));
#5239=VERTEX_POINT('',#5238);
#5240=CARTESIAN_POINT('',(9.2075E0,-2.0955E0,-7.874E0));
#5241=VERTEX_POINT('',#5240);
#5242=CARTESIAN_POINT('',(9.2075E0,-2.413E0,-7.874E0));
#5243=VERTEX_POINT('',#5242);
#5244=CARTESIAN_POINT('',(9.2075E0,-8.509E0,-1.25603E1));
#5245=CARTESIAN_POINT('',(9.2075E0,-8.509E0,-1.31953E1));
#5246=VERTEX_POINT('',#5244);
#5247=VERTEX_POINT('',#5245);
#5248=CARTESIAN_POINT('',(8.5725E0,-2.413E0,-8.89E0));
#5249=CARTESIAN_POINT('',(8.5725E0,-1.143E0,-8.89E0));
#5250=VERTEX_POINT('',#5248);
#5251=VERTEX_POINT('',#5249);
#5252=CARTESIAN_POINT('',(8.5725E0,1.27E-1,-8.89E0));
#5253=CARTESIAN_POINT('',(8.5725E0,1.397E0,-8.89E0));
#5254=VERTEX_POINT('',#5252);
#5255=VERTEX_POINT('',#5253);
#5256=CARTESIAN_POINT('',(9.2075E0,-2.413E0,-8.89E0));
#5257=CARTESIAN_POINT('',(9.2075E0,-1.143E0,-8.89E0));
#5258=VERTEX_POINT('',#5256);
#5259=VERTEX_POINT('',#5257);
#5260=CARTESIAN_POINT('',(9.2075E0,1.27E-1,-8.89E0));
#5261=CARTESIAN_POINT('',(9.2075E0,1.397E0,-8.89E0));
#5262=VERTEX_POINT('',#5260);
#5263=VERTEX_POINT('',#5261);
#5264=CARTESIAN_POINT('',(-1.3589E1,-5.08E0,-3.8862E0));
#5265=CARTESIAN_POINT('',(-8.255E0,-5.08E0,-3.8862E0));
#5266=VERTEX_POINT('',#5264);
#5267=VERTEX_POINT('',#5265);
#5268=CARTESIAN_POINT('',(-7.874E0,-5.08E0,-3.5052E0));
#5269=VERTEX_POINT('',#5268);
#5270=CARTESIAN_POINT('',(-7.874E0,-5.08E0,-2.2352E0));
#5271=VERTEX_POINT('',#5270);
#5272=CARTESIAN_POINT('',(-8.255E0,-5.08E0,-1.8542E0));
#5273=VERTEX_POINT('',#5272);
#5274=CARTESIAN_POINT('',(-1.3589E1,-5.08E0,-1.8542E0));
#5275=VERTEX_POINT('',#5274);
#5276=CARTESIAN_POINT('',(-1.3589E1,-4.064E0,-1.8542E0));
#5277=CARTESIAN_POINT('',(-1.397E1,-4.064E0,-2.2352E0));
#5278=VERTEX_POINT('',#5276);
#5279=VERTEX_POINT('',#5277);
#5280=CARTESIAN_POINT('',(-1.397E1,-4.064E0,-3.5052E0));
#5281=VERTEX_POINT('',#5280);
#5282=CARTESIAN_POINT('',(-1.3589E1,-4.064E0,-3.8862E0));
#5283=VERTEX_POINT('',#5282);
#5284=CARTESIAN_POINT('',(-8.255E0,-4.064E0,-3.8862E0));
#5285=VERTEX_POINT('',#5284);
#5286=CARTESIAN_POINT('',(-7.874E0,-4.064E0,-3.5052E0));
#5287=VERTEX_POINT('',#5286);
#5288=CARTESIAN_POINT('',(-7.874E0,-4.064E0,-2.2352E0));
#5289=VERTEX_POINT('',#5288);
#5290=CARTESIAN_POINT('',(-8.255E0,-4.064E0,-1.8542E0));
#5291=VERTEX_POINT('',#5290);
#5292=CARTESIAN_POINT('',(9.271E0,-5.08E0,-1.8542E0));
#5293=CARTESIAN_POINT('',(8.89E0,-5.08E0,-2.2352E0));
#5294=VERTEX_POINT('',#5292);
#5295=VERTEX_POINT('',#5293);
#5296=CARTESIAN_POINT('',(8.89E0,-5.08E0,-3.5052E0));
#5297=VERTEX_POINT('',#5296);
#5298=CARTESIAN_POINT('',(9.271E0,-5.08E0,-3.8862E0));
#5299=VERTEX_POINT('',#5298);
#5300=CARTESIAN_POINT('',(1.397E1,-5.08E0,-3.8862E0));
#5301=VERTEX_POINT('',#5300);
#5302=CARTESIAN_POINT('',(1.4732E1,-5.08E0,-3.864410244843E0));
#5303=CARTESIAN_POINT('',(1.4986E1,-5.08E0,-3.5052E0));
#5304=VERTEX_POINT('',#5302);
#5305=VERTEX_POINT('',#5303);
#5306=CARTESIAN_POINT('',(1.4986E1,-5.08E0,-2.2352E0));
#5307=VERTEX_POINT('',#5306);
#5308=CARTESIAN_POINT('',(1.4732E1,-5.08E0,-1.875989755157E0));
#5309=VERTEX_POINT('',#5308);
#5310=CARTESIAN_POINT('',(1.397E1,-5.08E0,-1.8542E0));
#5311=VERTEX_POINT('',#5310);
#5312=CARTESIAN_POINT('',(9.271E0,-4.064E0,-1.8542E0));
#5313=CARTESIAN_POINT('',(8.89E0,-4.064E0,-2.2352E0));
#5314=VERTEX_POINT('',#5312);
#5315=VERTEX_POINT('',#5313);
#5316=CARTESIAN_POINT('',(8.89E0,-4.064E0,-3.5052E0));
#5317=VERTEX_POINT('',#5316);
#5318=CARTESIAN_POINT('',(9.271E0,-4.064E0,-3.8862E0));
#5319=VERTEX_POINT('',#5318);
#5320=CARTESIAN_POINT('',(1.4605E1,-4.064E0,-3.8862E0));
#5321=VERTEX_POINT('',#5320);
#5322=CARTESIAN_POINT('',(1.4986E1,-4.064E0,-3.5052E0));
#5323=VERTEX_POINT('',#5322);
#5324=CARTESIAN_POINT('',(1.4986E1,-4.064E0,-2.2352E0));
#5325=VERTEX_POINT('',#5324);
#5326=CARTESIAN_POINT('',(1.4605E1,-4.064E0,-1.8542E0));
#5327=VERTEX_POINT('',#5326);
#5328=CARTESIAN_POINT('',(1.4605E1,-5.185833333333E0,-3.8862E0));
#5329=VERTEX_POINT('',#5328);
#5330=CARTESIAN_POINT('',(1.4605E1,-5.185833333333E0,-1.8542E0));
#5331=VERTEX_POINT('',#5330);
#5332=CARTESIAN_POINT('',(-1.4351E1,-5.3975E0,0.E0));
#5333=CARTESIAN_POINT('',(-1.4351E1,-5.3975E0,-8.89E0));
#5334=VERTEX_POINT('',#5332);
#5335=VERTEX_POINT('',#5333);
#5336=CARTESIAN_POINT('',(-1.4732E1,-5.08E0,-8.89E0));
#5337=CARTESIAN_POINT('',(-1.397E1,-5.08E0,-8.89E0));
#5338=VERTEX_POINT('',#5336);
#5339=VERTEX_POINT('',#5337);
#5340=CARTESIAN_POINT('',(-1.4732E1,-5.08E0,0.E0));
#5341=VERTEX_POINT('',#5340);
#5342=CARTESIAN_POINT('',(-1.397E1,-5.08E0,0.E0));
#5343=CARTESIAN_POINT('',(-1.397E1,-5.08E0,-2.235199981011E0));
#5344=VERTEX_POINT('',#5342);
#5345=VERTEX_POINT('',#5343);
#5346=CARTESIAN_POINT('',(-3.81E-1,-5.08E0,0.E0));
#5347=VERTEX_POINT('',#5346);
#5348=CARTESIAN_POINT('',(-1.397E1,-5.08E0,-3.505200019129E0));
#5349=VERTEX_POINT('',#5348);
#5350=CARTESIAN_POINT('',(0.E0,-5.3975E0,0.E0));
#5351=CARTESIAN_POINT('',(0.E0,-5.3975E0,-8.89E0));
#5352=VERTEX_POINT('',#5350);
#5353=VERTEX_POINT('',#5351);
#5354=CARTESIAN_POINT('',(-3.81E-1,-5.08E0,-8.89E0));
#5355=CARTESIAN_POINT('',(3.81E-1,-5.08E0,-8.89E0));
#5356=VERTEX_POINT('',#5354);
#5357=VERTEX_POINT('',#5355);
#5358=CARTESIAN_POINT('',(1.397E1,-5.08E0,-8.89E0));
#5359=CARTESIAN_POINT('',(1.4732E1,-5.08E0,-8.89E0));
#5360=VERTEX_POINT('',#5358);
#5361=VERTEX_POINT('',#5359);
#5362=CARTESIAN_POINT('',(3.81E-1,-5.08E0,0.E0));
#5363=VERTEX_POINT('',#5362);
#5364=CARTESIAN_POINT('',(1.397E1,-5.08E0,0.E0));
#5365=VERTEX_POINT('',#5364);
#5366=CARTESIAN_POINT('',(1.4732E1,-5.08E0,0.E0));
#5367=VERTEX_POINT('',#5366);
#5368=CARTESIAN_POINT('',(1.4351E1,-5.3975E0,0.E0));
#5369=VERTEX_POINT('',#5368);
#5370=CARTESIAN_POINT('',(1.4351E1,-5.3975E0,-8.89E0));
#5371=VERTEX_POINT('',#5370);
#5372=CARTESIAN_POINT('',(-1.36525E1,-5.08E0,-1.51003E1));
#5373=CARTESIAN_POINT('',(-1.36525E1,-5.08E0,-1.57353E1));
#5374=VERTEX_POINT('',#5372);
#5375=VERTEX_POINT('',#5373);
#5376=CARTESIAN_POINT('',(-1.17475E1,-5.08E0,-1.25603E1));
#5377=CARTESIAN_POINT('',(-1.17475E1,-5.08E0,-1.31953E1));
#5378=VERTEX_POINT('',#5376);
#5379=VERTEX_POINT('',#5377);
#5380=CARTESIAN_POINT('',(-1.17475E1,-5.08E0,-1.51003E1));
#5381=CARTESIAN_POINT('',(-1.17475E1,-5.08E0,-1.57353E1));
#5382=VERTEX_POINT('',#5380);
#5383=VERTEX_POINT('',#5381);
#5384=CARTESIAN_POINT('',(-1.11125E1,-5.08E0,-1.25603E1));
#5385=CARTESIAN_POINT('',(-1.11125E1,-5.08E0,-1.31953E1));
#5386=VERTEX_POINT('',#5384);
#5387=VERTEX_POINT('',#5385);
#5388=CARTESIAN_POINT('',(-1.11125E1,-5.08E0,-1.51003E1));
#5389=CARTESIAN_POINT('',(-1.11125E1,-5.08E0,-1.57353E1));
#5390=VERTEX_POINT('',#5388);
#5391=VERTEX_POINT('',#5389);
#5392=CARTESIAN_POINT('',(-9.2075E0,-5.08E0,-1.25603E1));
#5393=CARTESIAN_POINT('',(-9.2075E0,-5.08E0,-1.31953E1));
#5394=VERTEX_POINT('',#5392);
#5395=VERTEX_POINT('',#5393);
#5396=CARTESIAN_POINT('',(-9.2075E0,-5.08E0,-1.51003E1));
#5397=CARTESIAN_POINT('',(-9.2075E0,-5.08E0,-1.57353E1));
#5398=VERTEX_POINT('',#5396);
#5399=VERTEX_POINT('',#5397);
#5400=CARTESIAN_POINT('',(-8.5725E0,-5.08E0,-1.25603E1));
#5401=CARTESIAN_POINT('',(-8.5725E0,-5.08E0,-1.31953E1));
#5402=VERTEX_POINT('',#5400);
#5403=VERTEX_POINT('',#5401);
#5404=CARTESIAN_POINT('',(-8.5725E0,-5.08E0,-1.51003E1));
#5405=CARTESIAN_POINT('',(-8.5725E0,-5.08E0,-1.57353E1));
#5406=VERTEX_POINT('',#5404);
#5407=VERTEX_POINT('',#5405);
#5408=CARTESIAN_POINT('',(-6.6675E0,-5.08E0,-1.25603E1));
#5409=CARTESIAN_POINT('',(-6.6675E0,-5.08E0,-1.31953E1));
#5410=VERTEX_POINT('',#5408);
#5411=VERTEX_POINT('',#5409);
#5412=CARTESIAN_POINT('',(-6.6675E0,-5.08E0,-1.51003E1));
#5413=CARTESIAN_POINT('',(-6.6675E0,-5.08E0,-1.57353E1));
#5414=VERTEX_POINT('',#5412);
#5415=VERTEX_POINT('',#5413);
#5416=CARTESIAN_POINT('',(-6.0325E0,-5.08E0,-1.25603E1));
#5417=CARTESIAN_POINT('',(-6.0325E0,-5.08E0,-1.31953E1));
#5418=VERTEX_POINT('',#5416);
#5419=VERTEX_POINT('',#5417);
#5420=CARTESIAN_POINT('',(-6.0325E0,-5.08E0,-1.51003E1));
#5421=CARTESIAN_POINT('',(-6.0325E0,-5.08E0,-1.57353E1));
#5422=VERTEX_POINT('',#5420);
#5423=VERTEX_POINT('',#5421);
#5424=CARTESIAN_POINT('',(-4.1275E0,-5.08E0,-1.25603E1));
#5425=CARTESIAN_POINT('',(-4.1275E0,-5.08E0,-1.31953E1));
#5426=VERTEX_POINT('',#5424);
#5427=VERTEX_POINT('',#5425);
#5428=CARTESIAN_POINT('',(-4.1275E0,-5.08E0,-1.51003E1));
#5429=CARTESIAN_POINT('',(-4.1275E0,-5.08E0,-1.57353E1));
#5430=VERTEX_POINT('',#5428);
#5431=VERTEX_POINT('',#5429);
#5432=CARTESIAN_POINT('',(-3.4925E0,-5.08E0,-1.25603E1));
#5433=CARTESIAN_POINT('',(-3.4925E0,-5.08E0,-1.31953E1));
#5434=VERTEX_POINT('',#5432);
#5435=VERTEX_POINT('',#5433);
#5436=CARTESIAN_POINT('',(-3.4925E0,-5.08E0,-1.51003E1));
#5437=CARTESIAN_POINT('',(-3.4925E0,-5.08E0,-1.57353E1));
#5438=VERTEX_POINT('',#5436);
#5439=VERTEX_POINT('',#5437);
#5440=CARTESIAN_POINT('',(-1.5875E0,-5.08E0,-1.25603E1));
#5441=CARTESIAN_POINT('',(-1.5875E0,-5.08E0,-1.31953E1));
#5442=VERTEX_POINT('',#5440);
#5443=VERTEX_POINT('',#5441);
#5444=CARTESIAN_POINT('',(-1.5875E0,-5.08E0,-1.51003E1));
#5445=CARTESIAN_POINT('',(-1.5875E0,-5.08E0,-1.57353E1));
#5446=VERTEX_POINT('',#5444);
#5447=VERTEX_POINT('',#5445);
#5448=CARTESIAN_POINT('',(-9.525E-1,-5.08E0,-1.25603E1));
#5449=CARTESIAN_POINT('',(-9.525E-1,-5.08E0,-1.31953E1));
#5450=VERTEX_POINT('',#5448);
#5451=VERTEX_POINT('',#5449);
#5452=CARTESIAN_POINT('',(-9.525E-1,-5.08E0,-1.51003E1));
#5453=CARTESIAN_POINT('',(-9.525E-1,-5.08E0,-1.57353E1));
#5454=VERTEX_POINT('',#5452);
#5455=VERTEX_POINT('',#5453);
#5456=CARTESIAN_POINT('',(9.525E-1,-5.08E0,-1.25603E1));
#5457=CARTESIAN_POINT('',(9.525E-1,-5.08E0,-1.31953E1));
#5458=VERTEX_POINT('',#5456);
#5459=VERTEX_POINT('',#5457);
#5460=CARTESIAN_POINT('',(9.525E-1,-5.08E0,-1.51003E1));
#5461=CARTESIAN_POINT('',(9.525E-1,-5.08E0,-1.57353E1));
#5462=VERTEX_POINT('',#5460);
#5463=VERTEX_POINT('',#5461);
#5464=CARTESIAN_POINT('',(1.5875E0,-5.08E0,-1.25603E1));
#5465=CARTESIAN_POINT('',(1.5875E0,-5.08E0,-1.31953E1));
#5466=VERTEX_POINT('',#5464);
#5467=VERTEX_POINT('',#5465);
#5468=CARTESIAN_POINT('',(1.5875E0,-5.08E0,-1.51003E1));
#5469=CARTESIAN_POINT('',(1.5875E0,-5.08E0,-1.57353E1));
#5470=VERTEX_POINT('',#5468);
#5471=VERTEX_POINT('',#5469);
#5472=CARTESIAN_POINT('',(3.4925E0,-5.08E0,-1.25603E1));
#5473=CARTESIAN_POINT('',(3.4925E0,-5.08E0,-1.31953E1));
#5474=VERTEX_POINT('',#5472);
#5475=VERTEX_POINT('',#5473);
#5476=CARTESIAN_POINT('',(3.4925E0,-5.08E0,-1.51003E1));
#5477=CARTESIAN_POINT('',(3.4925E0,-5.08E0,-1.57353E1));
#5478=VERTEX_POINT('',#5476);
#5479=VERTEX_POINT('',#5477);
#5480=CARTESIAN_POINT('',(4.1275E0,-5.08E0,-1.25603E1));
#5481=CARTESIAN_POINT('',(4.1275E0,-5.08E0,-1.31953E1));
#5482=VERTEX_POINT('',#5480);
#5483=VERTEX_POINT('',#5481);
#5484=CARTESIAN_POINT('',(4.1275E0,-5.08E0,-1.51003E1));
#5485=CARTESIAN_POINT('',(4.1275E0,-5.08E0,-1.57353E1));
#5486=VERTEX_POINT('',#5484);
#5487=VERTEX_POINT('',#5485);
#5488=CARTESIAN_POINT('',(6.0325E0,-5.08E0,-1.25603E1));
#5489=CARTESIAN_POINT('',(6.0325E0,-5.08E0,-1.31953E1));
#5490=VERTEX_POINT('',#5488);
#5491=VERTEX_POINT('',#5489);
#5492=CARTESIAN_POINT('',(6.0325E0,-5.08E0,-1.51003E1));
#5493=CARTESIAN_POINT('',(6.0325E0,-5.08E0,-1.57353E1));
#5494=VERTEX_POINT('',#5492);
#5495=VERTEX_POINT('',#5493);
#5496=CARTESIAN_POINT('',(6.6675E0,-5.08E0,-1.25603E1));
#5497=CARTESIAN_POINT('',(6.6675E0,-5.08E0,-1.31953E1));
#5498=VERTEX_POINT('',#5496);
#5499=VERTEX_POINT('',#5497);
#5500=CARTESIAN_POINT('',(6.6675E0,-5.08E0,-1.51003E1));
#5501=CARTESIAN_POINT('',(6.6675E0,-5.08E0,-1.57353E1));
#5502=VERTEX_POINT('',#5500);
#5503=VERTEX_POINT('',#5501);
#5504=CARTESIAN_POINT('',(8.5725E0,-5.08E0,-1.25603E1));
#5505=CARTESIAN_POINT('',(8.5725E0,-5.08E0,-1.31953E1));
#5506=VERTEX_POINT('',#5504);
#5507=VERTEX_POINT('',#5505);
#5508=CARTESIAN_POINT('',(8.5725E0,-5.08E0,-1.51003E1));
#5509=CARTESIAN_POINT('',(8.5725E0,-5.08E0,-1.57353E1));
#5510=VERTEX_POINT('',#5508);
#5511=VERTEX_POINT('',#5509);
#5512=CARTESIAN_POINT('',(9.2075E0,-5.08E0,-1.25603E1));
#5513=CARTESIAN_POINT('',(9.2075E0,-5.08E0,-1.31953E1));
#5514=VERTEX_POINT('',#5512);
#5515=VERTEX_POINT('',#5513);
#5516=CARTESIAN_POINT('',(9.2075E0,-5.08E0,-1.51003E1));
#5517=CARTESIAN_POINT('',(9.2075E0,-5.08E0,-1.57353E1));
#5518=VERTEX_POINT('',#5516);
#5519=VERTEX_POINT('',#5517);
#5520=CARTESIAN_POINT('',(1.4351E1,-5.3975E0,-3.8862E0));
#5521=VERTEX_POINT('',#5520);
#5522=CARTESIAN_POINT('',(1.4351E1,-5.3975E0,-1.8542E0));
#5523=VERTEX_POINT('',#5522);
#5524=CARTESIAN_POINT('',(3.048E0,3.048E0,-1.24206E1));
#5525=VERTEX_POINT('',#5524);
#5526=CARTESIAN_POINT('',(1.11125E1,1.0795E0,-8.128E-1));
#5527=CARTESIAN_POINT('',(1.11125E1,4.445E-1,-8.128E-1));
#5528=VERTEX_POINT('',#5526);
#5529=VERTEX_POINT('',#5527);
#5530=CARTESIAN_POINT('',(1.11125E1,4.445E-1,-7.874E0));
#5531=VERTEX_POINT('',#5530);
#5532=CARTESIAN_POINT('',(1.11125E1,1.27E-1,-7.874E0));
#5533=VERTEX_POINT('',#5532);
#5534=CARTESIAN_POINT('',(1.11125E1,1.397E0,-7.874E0));
#5535=CARTESIAN_POINT('',(1.11125E1,1.0795E0,-7.874E0));
#5536=VERTEX_POINT('',#5534);
#5537=VERTEX_POINT('',#5535);
#5538=CARTESIAN_POINT('',(1.11125E1,-8.509E0,-1.51003E1));
#5539=CARTESIAN_POINT('',(1.11125E1,-8.509E0,-1.57353E1));
#5540=VERTEX_POINT('',#5538);
#5541=VERTEX_POINT('',#5539);
#5542=CARTESIAN_POINT('',(1.11125E1,-1.143E0,-7.874E0));
#5543=CARTESIAN_POINT('',(1.11125E1,-1.4605E0,-7.874E0));
#5544=VERTEX_POINT('',#5542);
#5545=VERTEX_POINT('',#5543);
#5546=CARTESIAN_POINT('',(1.11125E1,-1.4605E0,-8.128E-1));
#5547=VERTEX_POINT('',#5546);
#5548=CARTESIAN_POINT('',(1.11125E1,-2.0955E0,-8.128E-1));
#5549=VERTEX_POINT('',#5548);
#5550=CARTESIAN_POINT('',(1.11125E1,-2.0955E0,-7.874E0));
#5551=VERTEX_POINT('',#5550);
#5552=CARTESIAN_POINT('',(1.11125E1,-2.413E0,-7.874E0));
#5553=VERTEX_POINT('',#5552);
#5554=CARTESIAN_POINT('',(1.11125E1,-8.509E0,-1.25603E1));
#5555=CARTESIAN_POINT('',(1.11125E1,-8.509E0,-1.31953E1));
#5556=VERTEX_POINT('',#5554);
#5557=VERTEX_POINT('',#5555);
#5558=CARTESIAN_POINT('',(1.17475E1,1.0795E0,-8.128E-1));
#5559=CARTESIAN_POINT('',(1.17475E1,4.445E-1,-8.128E-1));
#5560=VERTEX_POINT('',#5558);
#5561=VERTEX_POINT('',#5559);
#5562=CARTESIAN_POINT('',(1.17475E1,4.445E-1,-7.874E0));
#5563=VERTEX_POINT('',#5562);
#5564=CARTESIAN_POINT('',(1.17475E1,1.27E-1,-7.874E0));
#5565=VERTEX_POINT('',#5564);
#5566=CARTESIAN_POINT('',(1.17475E1,1.397E0,-7.874E0));
#5567=CARTESIAN_POINT('',(1.17475E1,1.0795E0,-7.874E0));
#5568=VERTEX_POINT('',#5566);
#5569=VERTEX_POINT('',#5567);
#5570=CARTESIAN_POINT('',(1.17475E1,-8.509E0,-1.51003E1));
#5571=CARTESIAN_POINT('',(1.17475E1,-8.509E0,-1.57353E1));
#5572=VERTEX_POINT('',#5570);
#5573=VERTEX_POINT('',#5571);
#5574=CARTESIAN_POINT('',(1.17475E1,-1.143E0,-7.874E0));
#5575=CARTESIAN_POINT('',(1.17475E1,-1.4605E0,-7.874E0));
#5576=VERTEX_POINT('',#5574);
#5577=VERTEX_POINT('',#5575);
#5578=CARTESIAN_POINT('',(1.17475E1,-1.4605E0,-8.128E-1));
#5579=VERTEX_POINT('',#5578);
#5580=CARTESIAN_POINT('',(1.17475E1,-2.0955E0,-8.128E-1));
#5581=VERTEX_POINT('',#5580);
#5582=CARTESIAN_POINT('',(1.17475E1,-2.0955E0,-7.874E0));
#5583=VERTEX_POINT('',#5582);
#5584=CARTESIAN_POINT('',(1.17475E1,-2.413E0,-7.874E0));
#5585=VERTEX_POINT('',#5584);
#5586=CARTESIAN_POINT('',(1.17475E1,-8.509E0,-1.25603E1));
#5587=CARTESIAN_POINT('',(1.17475E1,-8.509E0,-1.31953E1));
#5588=VERTEX_POINT('',#5586);
#5589=VERTEX_POINT('',#5587);
#5590=CARTESIAN_POINT('',(1.11125E1,-5.08E0,-1.25603E1));
#5591=CARTESIAN_POINT('',(1.11125E1,-5.08E0,-1.31953E1));
#5592=VERTEX_POINT('',#5590);
#5593=VERTEX_POINT('',#5591);
#5594=CARTESIAN_POINT('',(1.11125E1,-5.08E0,-1.51003E1));
#5595=CARTESIAN_POINT('',(1.11125E1,-5.08E0,-1.57353E1));
#5596=VERTEX_POINT('',#5594);
#5597=VERTEX_POINT('',#5595);
#5598=CARTESIAN_POINT('',(1.17475E1,-5.08E0,-1.25603E1));
#5599=CARTESIAN_POINT('',(1.17475E1,-5.08E0,-1.31953E1));
#5600=VERTEX_POINT('',#5598);
#5601=VERTEX_POINT('',#5599);
#5602=CARTESIAN_POINT('',(1.17475E1,-5.08E0,-1.51003E1));
#5603=CARTESIAN_POINT('',(1.17475E1,-5.08E0,-1.57353E1));
#5604=VERTEX_POINT('',#5602);
#5605=VERTEX_POINT('',#5603);
#5606=CARTESIAN_POINT('',(1.11125E1,-2.413E0,-8.89E0));
#5607=CARTESIAN_POINT('',(1.11125E1,-1.143E0,-8.89E0));
#5608=VERTEX_POINT('',#5606);
#5609=VERTEX_POINT('',#5607);
#5610=CARTESIAN_POINT('',(1.11125E1,1.27E-1,-8.89E0));
#5611=CARTESIAN_POINT('',(1.11125E1,1.397E0,-8.89E0));
#5612=VERTEX_POINT('',#5610);
#5613=VERTEX_POINT('',#5611);
#5614=CARTESIAN_POINT('',(1.17475E1,-2.413E0,-8.89E0));
#5615=CARTESIAN_POINT('',(1.17475E1,-1.143E0,-8.89E0));
#5616=VERTEX_POINT('',#5614);
#5617=VERTEX_POINT('',#5615);
#5618=CARTESIAN_POINT('',(1.17475E1,1.27E-1,-8.89E0));
#5619=CARTESIAN_POINT('',(1.17475E1,1.397E0,-8.89E0));
#5620=VERTEX_POINT('',#5618);
#5621=VERTEX_POINT('',#5619);
#5622=CARTESIAN_POINT('',(1.36525E1,1.0795E0,-8.128E-1));
#5623=CARTESIAN_POINT('',(1.36525E1,4.445E-1,-8.128E-1));
#5624=VERTEX_POINT('',#5622);
#5625=VERTEX_POINT('',#5623);
#5626=CARTESIAN_POINT('',(1.36525E1,4.445E-1,-7.874E0));
#5627=VERTEX_POINT('',#5626);
#5628=CARTESIAN_POINT('',(1.36525E1,1.27E-1,-7.874E0));
#5629=VERTEX_POINT('',#5628);
#5630=CARTESIAN_POINT('',(1.36525E1,1.397E0,-7.874E0));
#5631=CARTESIAN_POINT('',(1.36525E1,1.0795E0,-7.874E0));
#5632=VERTEX_POINT('',#5630);
#5633=VERTEX_POINT('',#5631);
#5634=CARTESIAN_POINT('',(1.36525E1,-8.509E0,-1.51003E1));
#5635=CARTESIAN_POINT('',(1.36525E1,-8.509E0,-1.57353E1));
#5636=VERTEX_POINT('',#5634);
#5637=VERTEX_POINT('',#5635);
#5638=CARTESIAN_POINT('',(1.36525E1,-1.143E0,-7.874E0));
#5639=CARTESIAN_POINT('',(1.36525E1,-1.4605E0,-7.874E0));
#5640=VERTEX_POINT('',#5638);
#5641=VERTEX_POINT('',#5639);
#5642=CARTESIAN_POINT('',(1.36525E1,-1.4605E0,-8.128E-1));
#5643=VERTEX_POINT('',#5642);
#5644=CARTESIAN_POINT('',(1.36525E1,-2.0955E0,-8.128E-1));
#5645=VERTEX_POINT('',#5644);
#5646=CARTESIAN_POINT('',(1.36525E1,-2.0955E0,-7.874E0));
#5647=VERTEX_POINT('',#5646);
#5648=CARTESIAN_POINT('',(1.36525E1,-2.413E0,-7.874E0));
#5649=VERTEX_POINT('',#5648);
#5650=CARTESIAN_POINT('',(1.36525E1,-8.509E0,-1.25603E1));
#5651=CARTESIAN_POINT('',(1.36525E1,-8.509E0,-1.31953E1));
#5652=VERTEX_POINT('',#5650);
#5653=VERTEX_POINT('',#5651);
#5654=CARTESIAN_POINT('',(1.42875E1,1.0795E0,-8.128E-1));
#5655=CARTESIAN_POINT('',(1.42875E1,4.445E-1,-8.128E-1));
#5656=VERTEX_POINT('',#5654);
#5657=VERTEX_POINT('',#5655);
#5658=CARTESIAN_POINT('',(1.42875E1,4.445E-1,-7.874E0));
#5659=VERTEX_POINT('',#5658);
#5660=CARTESIAN_POINT('',(1.42875E1,1.27E-1,-7.874E0));
#5661=VERTEX_POINT('',#5660);
#5662=CARTESIAN_POINT('',(1.42875E1,1.397E0,-7.874E0));
#5663=CARTESIAN_POINT('',(1.42875E1,1.0795E0,-7.874E0));
#5664=VERTEX_POINT('',#5662);
#5665=VERTEX_POINT('',#5663);
#5666=CARTESIAN_POINT('',(1.42875E1,-8.509E0,-1.51003E1));
#5667=CARTESIAN_POINT('',(1.42875E1,-8.509E0,-1.57353E1));
#5668=VERTEX_POINT('',#5666);
#5669=VERTEX_POINT('',#5667);
#5670=CARTESIAN_POINT('',(1.42875E1,-1.143E0,-7.874E0));
#5671=CARTESIAN_POINT('',(1.42875E1,-1.4605E0,-7.874E0));
#5672=VERTEX_POINT('',#5670);
#5673=VERTEX_POINT('',#5671);
#5674=CARTESIAN_POINT('',(1.42875E1,-1.4605E0,-8.128E-1));
#5675=VERTEX_POINT('',#5674);
#5676=CARTESIAN_POINT('',(1.42875E1,-2.0955E0,-8.128E-1));
#5677=VERTEX_POINT('',#5676);
#5678=CARTESIAN_POINT('',(1.42875E1,-2.0955E0,-7.874E0));
#5679=VERTEX_POINT('',#5678);
#5680=CARTESIAN_POINT('',(1.42875E1,-2.413E0,-7.874E0));
#5681=VERTEX_POINT('',#5680);
#5682=CARTESIAN_POINT('',(1.42875E1,-8.509E0,-1.25603E1));
#5683=CARTESIAN_POINT('',(1.42875E1,-8.509E0,-1.31953E1));
#5684=VERTEX_POINT('',#5682);
#5685=VERTEX_POINT('',#5683);
#5686=CARTESIAN_POINT('',(1.36525E1,-5.08E0,-1.25603E1));
#5687=CARTESIAN_POINT('',(1.36525E1,-5.08E0,-1.31953E1));
#5688=VERTEX_POINT('',#5686);
#5689=VERTEX_POINT('',#5687);
#5690=CARTESIAN_POINT('',(1.36525E1,-5.08E0,-1.51003E1));
#5691=CARTESIAN_POINT('',(1.36525E1,-5.08E0,-1.57353E1));
#5692=VERTEX_POINT('',#5690);
#5693=VERTEX_POINT('',#5691);
#5694=CARTESIAN_POINT('',(1.42875E1,-5.08E0,-1.25603E1));
#5695=CARTESIAN_POINT('',(1.42875E1,-5.08E0,-1.31953E1));
#5696=VERTEX_POINT('',#5694);
#5697=VERTEX_POINT('',#5695);
#5698=CARTESIAN_POINT('',(1.42875E1,-5.08E0,-1.51003E1));
#5699=CARTESIAN_POINT('',(1.42875E1,-5.08E0,-1.57353E1));
#5700=VERTEX_POINT('',#5698);
#5701=VERTEX_POINT('',#5699);
#5702=CARTESIAN_POINT('',(1.36525E1,-2.413E0,-8.89E0));
#5703=CARTESIAN_POINT('',(1.36525E1,-1.143E0,-8.89E0));
#5704=VERTEX_POINT('',#5702);
#5705=VERTEX_POINT('',#5703);
#5706=CARTESIAN_POINT('',(1.36525E1,1.27E-1,-8.89E0));
#5707=CARTESIAN_POINT('',(1.36525E1,1.397E0,-8.89E0));
#5708=VERTEX_POINT('',#5706);
#5709=VERTEX_POINT('',#5707);
#5710=CARTESIAN_POINT('',(1.42875E1,-2.413E0,-8.89E0));
#5711=CARTESIAN_POINT('',(1.42875E1,-1.143E0,-8.89E0));
#5712=VERTEX_POINT('',#5710);
#5713=VERTEX_POINT('',#5711);
#5714=CARTESIAN_POINT('',(1.42875E1,1.27E-1,-8.89E0));
#5715=CARTESIAN_POINT('',(1.42875E1,1.397E0,-8.89E0));
#5716=VERTEX_POINT('',#5714);
#5717=VERTEX_POINT('',#5715);
#5718=CARTESIAN_POINT('',(0.E0,0.E0,0.E0));
#5719=DIRECTION('',(0.E0,0.E0,1.E0));
#5720=DIRECTION('',(1.E0,0.E0,0.E0));
#5721=AXIS2_PLACEMENT_3D('',#5718,#5719,#5720);
#5722=PLANE('',#5721);
#5724=ORIENTED_EDGE('',*,*,#5723,.F.);
#5726=ORIENTED_EDGE('',*,*,#5725,.F.);
#5728=ORIENTED_EDGE('',*,*,#5727,.F.);
#5730=ORIENTED_EDGE('',*,*,#5729,.F.);
#5732=ORIENTED_EDGE('',*,*,#5731,.F.);
#5734=ORIENTED_EDGE('',*,*,#5733,.F.);
#5736=ORIENTED_EDGE('',*,*,#5735,.F.);
#5738=ORIENTED_EDGE('',*,*,#5737,.T.);
#5740=ORIENTED_EDGE('',*,*,#5739,.T.);
#5742=ORIENTED_EDGE('',*,*,#5741,.T.);
#5744=ORIENTED_EDGE('',*,*,#5743,.F.);
#5746=ORIENTED_EDGE('',*,*,#5745,.F.);
#5747=EDGE_LOOP('',(#5724,#5726,#5728,#5730,#5732,#5734,#5736,#5738,#5740,#5742,
#5744,#5746));
#5748=FACE_OUTER_BOUND('',#5747,.F.);
#5749=ADVANCED_FACE('',(#5748),#5722,.T.);
#5750=CARTESIAN_POINT('',(0.E0,0.E0,0.E0));
#5751=DIRECTION('',(0.E0,0.E0,1.E0));
#5752=DIRECTION('',(1.E0,0.E0,0.E0));
#5753=AXIS2_PLACEMENT_3D('',#5750,#5751,#5752);
#5754=PLANE('',#5753);
#5756=ORIENTED_EDGE('',*,*,#5755,.F.);
#5758=ORIENTED_EDGE('',*,*,#5757,.F.);
#5760=ORIENTED_EDGE('',*,*,#5759,.F.);
#5762=ORIENTED_EDGE('',*,*,#5761,.F.);
#5764=ORIENTED_EDGE('',*,*,#5763,.F.);
#5766=ORIENTED_EDGE('',*,*,#5765,.F.);
#5768=ORIENTED_EDGE('',*,*,#5767,.F.);
#5770=ORIENTED_EDGE('',*,*,#5769,.F.);
#5772=ORIENTED_EDGE('',*,*,#5771,.T.);
#5774=ORIENTED_EDGE('',*,*,#5773,.F.);
#5776=ORIENTED_EDGE('',*,*,#5775,.F.);
#5778=ORIENTED_EDGE('',*,*,#5777,.F.);
#5780=ORIENTED_EDGE('',*,*,#5779,.T.);
#5782=ORIENTED_EDGE('',*,*,#5781,.F.);
#5784=ORIENTED_EDGE('',*,*,#5783,.F.);
#5786=ORIENTED_EDGE('',*,*,#5785,.F.);
#5788=ORIENTED_EDGE('',*,*,#5787,.F.);
#5789=EDGE_LOOP('',(#5756,#5758,#5760,#5762,#5764,#5766,#5768,#5770,#5772,#5774,
#5776,#5778,#5780,#5782,#5784,#5786,#5788));
#5790=FACE_OUTER_BOUND('',#5789,.F.);
#5791=ADVANCED_FACE('',(#5790),#5754,.T.);
#5792=CARTESIAN_POINT('',(1.66624E1,2.794E0,-1.651E0));
#5793=DIRECTION('',(0.E0,1.E0,0.E0));
#5794=DIRECTION('',(0.E0,0.E0,1.E0));
#5795=AXIS2_PLACEMENT_3D('',#5792,#5793,#5794);
#5796=PLANE('',#5795);
#5797=ORIENTED_EDGE('',*,*,#5723,.T.);
#5799=ORIENTED_EDGE('',*,*,#5798,.T.);
#5801=ORIENTED_EDGE('',*,*,#5800,.T.);
#5803=ORIENTED_EDGE('',*,*,#5802,.T.);
#5805=ORIENTED_EDGE('',*,*,#5804,.F.);
#5806=EDGE_LOOP('',(#5797,#5799,#5801,#5803,#5805));
#5807=FACE_OUTER_BOUND('',#5806,.F.);
#5808=ADVANCED_FACE('',(#5807),#5796,.F.);
#5809=CARTESIAN_POINT('',(1.66624E1,2.794E0,-1.651E0));
#5810=DIRECTION('',(0.E0,1.E0,0.E0));
#5811=DIRECTION('',(0.E0,0.E0,1.E0));
#5812=AXIS2_PLACEMENT_3D('',#5809,#5810,#5811);
#5813=PLANE('',#5812);
#5814=ORIENTED_EDGE('',*,*,#5731,.T.);
#5816=ORIENTED_EDGE('',*,*,#5815,.T.);
#5818=ORIENTED_EDGE('',*,*,#5817,.T.);
#5820=ORIENTED_EDGE('',*,*,#5819,.F.);
#5822=ORIENTED_EDGE('',*,*,#5821,.T.);
#5823=EDGE_LOOP('',(#5814,#5816,#5818,#5820,#5822));
#5824=FACE_OUTER_BOUND('',#5823,.F.);
#5825=ADVANCED_FACE('',(#5824),#5813,.F.);
#5826=CARTESIAN_POINT('',(-1.59639E1,-5.08E-1,-3.175E-1));
#5827=DIRECTION('',(7.071067811865E-1,0.E0,7.071067811865E-1));
#5828=DIRECTION('',(0.E0,-1.E0,0.E0));
#5829=AXIS2_PLACEMENT_3D('',#5826,#5827,#5828);
#5830=PLANE('',#5829);
#5832=ORIENTED_EDGE('',*,*,#5831,.T.);
#5834=ORIENTED_EDGE('',*,*,#5833,.F.);
#5836=ORIENTED_EDGE('',*,*,#5835,.T.);
#5837=ORIENTED_EDGE('',*,*,#5773,.T.);
#5838=EDGE_LOOP('',(#5832,#5834,#5836,#5837));
#5839=FACE_OUTER_BOUND('',#5838,.F.);
#5840=ADVANCED_FACE('',(#5839),#5830,.T.);
#5841=CARTESIAN_POINT('',(-1.59639E1,-5.08E-1,-3.175E-1));
#5842=DIRECTION('',(7.071067811865E-1,0.E0,7.071067811865E-1));
#5843=DIRECTION('',(0.E0,-1.E0,0.E0));
#5844=AXIS2_PLACEMENT_3D('',#5841,#5842,#5843);
#5845=PLANE('',#5844);
#5846=ORIENTED_EDGE('',*,*,#5798,.F.);
#5847=ORIENTED_EDGE('',*,*,#5745,.T.);
#5849=ORIENTED_EDGE('',*,*,#5848,.F.);
#5851=ORIENTED_EDGE('',*,*,#5850,.F.);
#5852=EDGE_LOOP('',(#5846,#5847,#5849,#5851));
#5853=FACE_OUTER_BOUND('',#5852,.F.);
#5854=ADVANCED_FACE('',(#5853),#5845,.T.);
#5855=CARTESIAN_POINT('',(1.66624E1,1.2065E0,0.E0));
#5856=DIRECTION('',(0.E0,-1.E0,0.E0));
#5857=DIRECTION('',(0.E0,0.E0,-1.E0));
#5858=AXIS2_PLACEMENT_3D('',#5855,#5856,#5857);
#5859=PLANE('',#5858);
#5860=ORIENTED_EDGE('',*,*,#5771,.F.);
#5862=ORIENTED_EDGE('',*,*,#5861,.T.);
#5864=ORIENTED_EDGE('',*,*,#5863,.F.);
#5866=ORIENTED_EDGE('',*,*,#5865,.F.);
#5867=ORIENTED_EDGE('',*,*,#5831,.F.);
#5868=EDGE_LOOP('',(#5860,#5862,#5864,#5866,#5867));
#5869=FACE_OUTER_BOUND('',#5868,.F.);
#5870=ADVANCED_FACE('',(#5869),#5859,.F.);
#5871=CARTESIAN_POINT('',(1.66624E1,1.2065E0,0.E0));
#5872=DIRECTION('',(0.E0,-1.E0,0.E0));
#5873=DIRECTION('',(0.E0,0.E0,-1.E0));
#5874=AXIS2_PLACEMENT_3D('',#5871,#5872,#5873);
#5875=PLANE('',#5874);
#5876=ORIENTED_EDGE('',*,*,#5779,.F.);
#5878=ORIENTED_EDGE('',*,*,#5877,.F.);
#5880=ORIENTED_EDGE('',*,*,#5879,.T.);
#5882=ORIENTED_EDGE('',*,*,#5881,.F.);
#5884=ORIENTED_EDGE('',*,*,#5883,.F.);
#5885=EDGE_LOOP('',(#5876,#5878,#5880,#5882,#5884));
#5886=FACE_OUTER_BOUND('',#5885,.F.);
#5887=ADVANCED_FACE('',(#5886),#5875,.F.);
#5888=CARTESIAN_POINT('',(-1.66624E1,5.08E0,0.E0));
#5889=DIRECTION('',(-1.E0,0.E0,0.E0));
#5890=DIRECTION('',(0.E0,-1.E0,0.E0));
#5891=AXIS2_PLACEMENT_3D('',#5888,#5889,#5890);
#5892=PLANE('',#5891);
#5893=ORIENTED_EDGE('',*,*,#5861,.F.);
#5894=ORIENTED_EDGE('',*,*,#5769,.T.);
#5896=ORIENTED_EDGE('',*,*,#5895,.T.);
#5898=ORIENTED_EDGE('',*,*,#5897,.F.);
#5900=ORIENTED_EDGE('',*,*,#5899,.F.);
#5901=ORIENTED_EDGE('',*,*,#5725,.T.);
#5902=ORIENTED_EDGE('',*,*,#5804,.T.);
#5904=ORIENTED_EDGE('',*,*,#5903,.F.);
#5905=EDGE_LOOP('',(#5893,#5894,#5896,#5898,#5900,#5901,#5902,#5904));
#5906=FACE_OUTER_BOUND('',#5905,.F.);
#5907=ADVANCED_FACE('',(#5906),#5892,.T.);
#5908=CARTESIAN_POINT('',(-1.66624E1,-5.08E0,0.E0));
#5909=DIRECTION('',(0.E0,-1.E0,0.E0));
#5910=DIRECTION('',(1.E0,0.E0,0.E0));
#5911=AXIS2_PLACEMENT_3D('',#5908,#5909,#5910);
#5912=PLANE('',#5911);
#5914=ORIENTED_EDGE('',*,*,#5913,.T.);
#5916=ORIENTED_EDGE('',*,*,#5915,.T.);
#5918=ORIENTED_EDGE('',*,*,#5917,.T.);
#5920=ORIENTED_EDGE('',*,*,#5919,.T.);
#5922=ORIENTED_EDGE('',*,*,#5921,.T.);
#5924=ORIENTED_EDGE('',*,*,#5923,.T.);
#5926=ORIENTED_EDGE('',*,*,#5925,.F.);
#5928=ORIENTED_EDGE('',*,*,#5927,.T.);
#5930=ORIENTED_EDGE('',*,*,#5929,.T.);
#5932=ORIENTED_EDGE('',*,*,#5931,.T.);
#5934=ORIENTED_EDGE('',*,*,#5933,.F.);
#5935=ORIENTED_EDGE('',*,*,#5783,.T.);
#5937=ORIENTED_EDGE('',*,*,#5936,.T.);
#5939=ORIENTED_EDGE('',*,*,#5938,.F.);
#5941=ORIENTED_EDGE('',*,*,#5940,.F.);
#5943=ORIENTED_EDGE('',*,*,#5942,.T.);
#5945=ORIENTED_EDGE('',*,*,#5944,.T.);
#5947=ORIENTED_EDGE('',*,*,#5946,.F.);
#5948=ORIENTED_EDGE('',*,*,#5895,.F.);
#5949=ORIENTED_EDGE('',*,*,#5767,.T.);
#5951=ORIENTED_EDGE('',*,*,#5950,.T.);
#5953=ORIENTED_EDGE('',*,*,#5952,.T.);
#5955=ORIENTED_EDGE('',*,*,#5954,.F.);
#5957=ORIENTED_EDGE('',*,*,#5956,.T.);
#5959=ORIENTED_EDGE('',*,*,#5958,.T.);
#5961=ORIENTED_EDGE('',*,*,#5960,.T.);
#5963=ORIENTED_EDGE('',*,*,#5962,.T.);
#5965=ORIENTED_EDGE('',*,*,#5964,.T.);
#5967=ORIENTED_EDGE('',*,*,#5966,.T.);
#5969=ORIENTED_EDGE('',*,*,#5968,.T.);
#5971=ORIENTED_EDGE('',*,*,#5970,.F.);
#5972=ORIENTED_EDGE('',*,*,#5761,.T.);
#5974=ORIENTED_EDGE('',*,*,#5973,.T.);
#5976=ORIENTED_EDGE('',*,*,#5975,.T.);
#5978=ORIENTED_EDGE('',*,*,#5977,.F.);
#5979=ORIENTED_EDGE('',*,*,#5755,.T.);
#5981=ORIENTED_EDGE('',*,*,#5980,.T.);
#5983=ORIENTED_EDGE('',*,*,#5982,.T.);
#5984=EDGE_LOOP('',(#5914,#5916,#5918,#5920,#5922,#5924,#5926,#5928,#5930,#5932,
#5934,#5935,#5937,#5939,#5941,#5943,#5945,#5947,#5948,#5949,#5951,#5953,#5955,
#5957,#5959,#5961,#5963,#5965,#5967,#5969,#5971,#5972,#5974,#5976,#5978,#5979,
#5981,#5983));
#5985=FACE_OUTER_BOUND('',#5984,.F.);
#5987=ORIENTED_EDGE('',*,*,#5986,.F.);
#5989=ORIENTED_EDGE('',*,*,#5988,.T.);
#5991=ORIENTED_EDGE('',*,*,#5990,.T.);
#5993=ORIENTED_EDGE('',*,*,#5992,.F.);
#5994=EDGE_LOOP('',(#5987,#5989,#5991,#5993));
#5995=FACE_BOUND('',#5994,.F.);
#5997=ORIENTED_EDGE('',*,*,#5996,.T.);
#5999=ORIENTED_EDGE('',*,*,#5998,.T.);
#6001=ORIENTED_EDGE('',*,*,#6000,.F.);
#6003=ORIENTED_EDGE('',*,*,#6002,.F.);
#6004=EDGE_LOOP('',(#5997,#5999,#6001,#6003));
#6005=FACE_BOUND('',#6004,.F.);
#6007=ORIENTED_EDGE('',*,*,#6006,.T.);
#6009=ORIENTED_EDGE('',*,*,#6008,.T.);
#6011=ORIENTED_EDGE('',*,*,#6010,.F.);
#6013=ORIENTED_EDGE('',*,*,#6012,.F.);
#6014=EDGE_LOOP('',(#6007,#6009,#6011,#6013));
#6015=FACE_BOUND('',#6014,.F.);
#6017=ORIENTED_EDGE('',*,*,#6016,.T.);
#6019=ORIENTED_EDGE('',*,*,#6018,.T.);
#6021=ORIENTED_EDGE('',*,*,#6020,.F.);
#6023=ORIENTED_EDGE('',*,*,#6022,.F.);
#6024=EDGE_LOOP('',(#6017,#6019,#6021,#6023));
#6025=FACE_BOUND('',#6024,.F.);
#6027=ORIENTED_EDGE('',*,*,#6026,.T.);
#6029=ORIENTED_EDGE('',*,*,#6028,.T.);
#6031=ORIENTED_EDGE('',*,*,#6030,.F.);
#6033=ORIENTED_EDGE('',*,*,#6032,.F.);
#6034=EDGE_LOOP('',(#6027,#6029,#6031,#6033));
#6035=FACE_BOUND('',#6034,.F.);
#6037=ORIENTED_EDGE('',*,*,#6036,.T.);
#6039=ORIENTED_EDGE('',*,*,#6038,.T.);
#6041=ORIENTED_EDGE('',*,*,#6040,.F.);
#6043=ORIENTED_EDGE('',*,*,#6042,.F.);
#6044=EDGE_LOOP('',(#6037,#6039,#6041,#6043));
#6045=FACE_BOUND('',#6044,.F.);
#6047=ORIENTED_EDGE('',*,*,#6046,.T.);
#6049=ORIENTED_EDGE('',*,*,#6048,.T.);
#6051=ORIENTED_EDGE('',*,*,#6050,.F.);
#6053=ORIENTED_EDGE('',*,*,#6052,.F.);
#6054=EDGE_LOOP('',(#6047,#6049,#6051,#6053));
#6055=FACE_BOUND('',#6054,.F.);
#6057=ORIENTED_EDGE('',*,*,#6056,.T.);
#6059=ORIENTED_EDGE('',*,*,#6058,.T.);
#6061=ORIENTED_EDGE('',*,*,#6060,.F.);
#6063=ORIENTED_EDGE('',*,*,#6062,.F.);
#6064=EDGE_LOOP('',(#6057,#6059,#6061,#6063));
#6065=FACE_BOUND('',#6064,.F.);
#6067=ORIENTED_EDGE('',*,*,#6066,.T.);
#6069=ORIENTED_EDGE('',*,*,#6068,.T.);
#6071=ORIENTED_EDGE('',*,*,#6070,.F.);
#6073=ORIENTED_EDGE('',*,*,#6072,.F.);
#6074=EDGE_LOOP('',(#6067,#6069,#6071,#6073));
#6075=FACE_BOUND('',#6074,.F.);
#6077=ORIENTED_EDGE('',*,*,#6076,.T.);
#6079=ORIENTED_EDGE('',*,*,#6078,.T.);
#6081=ORIENTED_EDGE('',*,*,#6080,.F.);
#6083=ORIENTED_EDGE('',*,*,#6082,.F.);
#6084=EDGE_LOOP('',(#6077,#6079,#6081,#6083));
#6085=FACE_BOUND('',#6084,.F.);
#6087=ORIENTED_EDGE('',*,*,#6086,.T.);
#6089=ORIENTED_EDGE('',*,*,#6088,.T.);
#6091=ORIENTED_EDGE('',*,*,#6090,.F.);
#6093=ORIENTED_EDGE('',*,*,#6092,.F.);
#6094=EDGE_LOOP('',(#6087,#6089,#6091,#6093));
#6095=FACE_BOUND('',#6094,.F.);
#6097=ORIENTED_EDGE('',*,*,#6096,.T.);
#6099=ORIENTED_EDGE('',*,*,#6098,.T.);
#6101=ORIENTED_EDGE('',*,*,#6100,.F.);
#6103=ORIENTED_EDGE('',*,*,#6102,.F.);
#6104=EDGE_LOOP('',(#6097,#6099,#6101,#6103));
#6105=FACE_BOUND('',#6104,.F.);
#6107=ORIENTED_EDGE('',*,*,#6106,.T.);
#6109=ORIENTED_EDGE('',*,*,#6108,.T.);
#6111=ORIENTED_EDGE('',*,*,#6110,.F.);
#6113=ORIENTED_EDGE('',*,*,#6112,.F.);
#6114=EDGE_LOOP('',(#6107,#6109,#6111,#6113));
#6115=FACE_BOUND('',#6114,.F.);
#6117=ORIENTED_EDGE('',*,*,#6116,.T.);
#6119=ORIENTED_EDGE('',*,*,#6118,.T.);
#6121=ORIENTED_EDGE('',*,*,#6120,.F.);
#6123=ORIENTED_EDGE('',*,*,#6122,.F.);
#6124=EDGE_LOOP('',(#6117,#6119,#6121,#6123));
#6125=FACE_BOUND('',#6124,.F.);
#6127=ORIENTED_EDGE('',*,*,#6126,.T.);
#6129=ORIENTED_EDGE('',*,*,#6128,.T.);
#6131=ORIENTED_EDGE('',*,*,#6130,.F.);
#6133=ORIENTED_EDGE('',*,*,#6132,.F.);
#6134=EDGE_LOOP('',(#6127,#6129,#6131,#6133));
#6135=FACE_BOUND('',#6134,.F.);
#6137=ORIENTED_EDGE('',*,*,#6136,.T.);
#6139=ORIENTED_EDGE('',*,*,#6138,.T.);
#6141=ORIENTED_EDGE('',*,*,#6140,.F.);
#6143=ORIENTED_EDGE('',*,*,#6142,.F.);
#6144=EDGE_LOOP('',(#6137,#6139,#6141,#6143));
#6145=FACE_BOUND('',#6144,.F.);
#6147=ORIENTED_EDGE('',*,*,#6146,.T.);
#6149=ORIENTED_EDGE('',*,*,#6148,.T.);
#6151=ORIENTED_EDGE('',*,*,#6150,.F.);
#6153=ORIENTED_EDGE('',*,*,#6152,.F.);
#6154=EDGE_LOOP('',(#6147,#6149,#6151,#6153));
#6155=FACE_BOUND('',#6154,.F.);
#6157=ORIENTED_EDGE('',*,*,#6156,.T.);
#6159=ORIENTED_EDGE('',*,*,#6158,.T.);
#6161=ORIENTED_EDGE('',*,*,#6160,.F.);
#6163=ORIENTED_EDGE('',*,*,#6162,.F.);
#6164=EDGE_LOOP('',(#6157,#6159,#6161,#6163));
#6165=FACE_BOUND('',#6164,.F.);
#6167=ORIENTED_EDGE('',*,*,#6166,.T.);
#6169=ORIENTED_EDGE('',*,*,#6168,.T.);
#6171=ORIENTED_EDGE('',*,*,#6170,.F.);
#6173=ORIENTED_EDGE('',*,*,#6172,.F.);
#6174=EDGE_LOOP('',(#6167,#6169,#6171,#6173));
#6175=FACE_BOUND('',#6174,.F.);
#6177=ORIENTED_EDGE('',*,*,#6176,.T.);
#6179=ORIENTED_EDGE('',*,*,#6178,.T.);
#6181=ORIENTED_EDGE('',*,*,#6180,.F.);
#6183=ORIENTED_EDGE('',*,*,#6182,.F.);
#6184=EDGE_LOOP('',(#6177,#6179,#6181,#6183));
#6185=FACE_BOUND('',#6184,.F.);
#6187=ORIENTED_EDGE('',*,*,#6186,.T.);
#6189=ORIENTED_EDGE('',*,*,#6188,.T.);
#6191=ORIENTED_EDGE('',*,*,#6190,.F.);
#6193=ORIENTED_EDGE('',*,*,#6192,.F.);
#6194=EDGE_LOOP('',(#6187,#6189,#6191,#6193));
#6195=FACE_BOUND('',#6194,.F.);
#6197=ORIENTED_EDGE('',*,*,#6196,.T.);
#6199=ORIENTED_EDGE('',*,*,#6198,.T.);
#6201=ORIENTED_EDGE('',*,*,#6200,.F.);
#6203=ORIENTED_EDGE('',*,*,#6202,.F.);
#6204=EDGE_LOOP('',(#6197,#6199,#6201,#6203));
#6205=FACE_BOUND('',#6204,.F.);
#6207=ORIENTED_EDGE('',*,*,#6206,.T.);
#6209=ORIENTED_EDGE('',*,*,#6208,.T.);
#6211=ORIENTED_EDGE('',*,*,#6210,.F.);
#6213=ORIENTED_EDGE('',*,*,#6212,.F.);
#6214=EDGE_LOOP('',(#6207,#6209,#6211,#6213));
#6215=FACE_BOUND('',#6214,.F.);
#6217=ORIENTED_EDGE('',*,*,#6216,.T.);
#6219=ORIENTED_EDGE('',*,*,#6218,.T.);
#6221=ORIENTED_EDGE('',*,*,#6220,.F.);
#6223=ORIENTED_EDGE('',*,*,#6222,.F.);
#6224=EDGE_LOOP('',(#6217,#6219,#6221,#6223));
#6225=FACE_BOUND('',#6224,.F.);
#6226=ADVANCED_FACE('',(#5985,#5995,#6005,#6015,#6025,#6035,#6045,#6055,#6065,
#6075,#6085,#6095,#6105,#6115,#6125,#6135,#6145,#6155,#6165,#6175,#6185,#6195,
#6205,#6215,#6225),#5912,.T.);
#6227=CARTESIAN_POINT('',(9.271E0,-6.44525E0,-2.2352E0));
#6228=DIRECTION('',(0.E0,-1.E0,0.E0));
#6229=DIRECTION('',(1.E0,0.E0,0.E0));
#6230=AXIS2_PLACEMENT_3D('',#6227,#6228,#6229);
#6231=CYLINDRICAL_SURFACE('',#6230,3.81E-1);
#6232=ORIENTED_EDGE('',*,*,#5913,.F.);
#6234=ORIENTED_EDGE('',*,*,#6233,.T.);
#6236=ORIENTED_EDGE('',*,*,#6235,.T.);
#6238=ORIENTED_EDGE('',*,*,#6237,.F.);
#6239=EDGE_LOOP('',(#6232,#6234,#6236,#6238));
#6240=FACE_OUTER_BOUND('',#6239,.F.);
#6241=ADVANCED_FACE('',(#6240),#6231,.F.);
#6242=CARTESIAN_POINT('',(1.4605E1,-6.44525E0,-1.8542E0));
#6243=DIRECTION('',(0.E0,0.E0,1.E0));
#6244=DIRECTION('',(-1.E0,0.E0,0.E0));
#6245=AXIS2_PLACEMENT_3D('',#6242,#6243,#6244);
#6246=PLANE('',#6245);
#6247=ORIENTED_EDGE('',*,*,#5982,.F.);
#6249=ORIENTED_EDGE('',*,*,#6248,.T.);
#6251=ORIENTED_EDGE('',*,*,#6250,.T.);
#6253=ORIENTED_EDGE('',*,*,#6252,.T.);
#6255=ORIENTED_EDGE('',*,*,#6254,.T.);
#6256=ORIENTED_EDGE('',*,*,#6233,.F.);
#6257=EDGE_LOOP('',(#6247,#6249,#6251,#6253,#6255,#6256));
#6258=FACE_OUTER_BOUND('',#6257,.F.);
#6259=ADVANCED_FACE('',(#6258),#6246,.F.);
#6260=CARTESIAN_POINT('',(1.397E1,-5.08E0,0.E0));
#6261=DIRECTION('',(-6.401843996645E-1,-7.682212795974E-1,0.E0));
#6262=DIRECTION('',(7.682212795974E-1,-6.401843996645E-1,0.E0));
#6263=AXIS2_PLACEMENT_3D('',#6260,#6261,#6262);
#6264=PLANE('',#6263);
#6265=ORIENTED_EDGE('',*,*,#5980,.F.);
#6266=ORIENTED_EDGE('',*,*,#5787,.T.);
#6268=ORIENTED_EDGE('',*,*,#6267,.T.);
#6269=ORIENTED_EDGE('',*,*,#6248,.F.);
#6270=EDGE_LOOP('',(#6265,#6266,#6268,#6269));
#6271=FACE_OUTER_BOUND('',#6270,.F.);
#6272=ADVANCED_FACE('',(#6271),#6264,.T.);
#6273=CARTESIAN_POINT('',(1.397E1,-5.08E0,0.E0));
#6274=DIRECTION('',(-6.401843996645E-1,-7.682212795974E-1,0.E0));
#6275=DIRECTION('',(7.682212795974E-1,-6.401843996645E-1,0.E0));
#6276=AXIS2_PLACEMENT_3D('',#6273,#6274,#6275);
#6277=PLANE('',#6276);
#6278=ORIENTED_EDGE('',*,*,#5921,.F.);
#6280=ORIENTED_EDGE('',*,*,#6279,.T.);
#6282=ORIENTED_EDGE('',*,*,#6281,.T.);
#6284=ORIENTED_EDGE('',*,*,#6283,.F.);
#6285=EDGE_LOOP('',(#6278,#6280,#6282,#6284));
#6286=FACE_OUTER_BOUND('',#6285,.F.);
#6287=ADVANCED_FACE('',(#6286),#6277,.T.);
#6288=CARTESIAN_POINT('',(1.4351E1,-5.3975E0,0.E0));
#6289=DIRECTION('',(6.401843996645E-1,-7.682212795974E-1,0.E0));
#6290=DIRECTION('',(7.682212795974E-1,6.401843996645E-1,0.E0));
#6291=AXIS2_PLACEMENT_3D('',#6288,#6289,#6290);
#6292=PLANE('',#6291);
#6293=ORIENTED_EDGE('',*,*,#5933,.T.);
#6295=ORIENTED_EDGE('',*,*,#6294,.T.);
#6296=ORIENTED_EDGE('',*,*,#6250,.F.);
#6297=ORIENTED_EDGE('',*,*,#6267,.F.);
#6298=ORIENTED_EDGE('',*,*,#5785,.T.);
#6299=EDGE_LOOP('',(#6293,#6295,#6296,#6297,#6298));
#6300=FACE_OUTER_BOUND('',#6299,.F.);
#6301=ADVANCED_FACE('',(#6300),#6292,.T.);
#6302=CARTESIAN_POINT('',(1.4351E1,-5.3975E0,0.E0));
#6303=DIRECTION('',(6.401843996645E-1,-7.682212795974E-1,0.E0));
#6304=DIRECTION('',(7.682212795974E-1,6.401843996645E-1,0.E0));
#6305=AXIS2_PLACEMENT_3D('',#6302,#6303,#6304);
#6306=PLANE('',#6305);
#6307=ORIENTED_EDGE('',*,*,#5925,.T.);
#6309=ORIENTED_EDGE('',*,*,#6308,.F.);
#6310=ORIENTED_EDGE('',*,*,#6281,.F.);
#6312=ORIENTED_EDGE('',*,*,#6311,.T.);
#6314=ORIENTED_EDGE('',*,*,#6313,.T.);
#6315=EDGE_LOOP('',(#6307,#6309,#6310,#6312,#6314));
#6316=FACE_OUTER_BOUND('',#6315,.F.);
#6317=ADVANCED_FACE('',(#6316),#6306,.T.);
#6318=CARTESIAN_POINT('',(1.4605E1,-6.44525E0,-2.2352E0));
#6319=DIRECTION('',(0.E0,-1.E0,0.E0));
#6320=DIRECTION('',(1.E0,0.E0,0.E0));
#6321=AXIS2_PLACEMENT_3D('',#6318,#6319,#6320);
#6322=CYLINDRICAL_SURFACE('',#6321,3.81E-1);
#6323=ORIENTED_EDGE('',*,*,#5931,.F.);
#6325=ORIENTED_EDGE('',*,*,#6324,.T.);
#6327=ORIENTED_EDGE('',*,*,#6326,.T.);
#6328=ORIENTED_EDGE('',*,*,#6252,.F.);
#6329=ORIENTED_EDGE('',*,*,#6294,.F.);
#6330=EDGE_LOOP('',(#6323,#6325,#6327,#6328,#6329));
#6331=FACE_OUTER_BOUND('',#6330,.F.);
#6332=ADVANCED_FACE('',(#6331),#6322,.F.);
#6333=CARTESIAN_POINT('',(1.4986E1,-6.44525E0,-3.5052E0));
#6334=DIRECTION('',(1.E0,0.E0,0.E0));
#6335=DIRECTION('',(0.E0,0.E0,1.E0));
#6336=AXIS2_PLACEMENT_3D('',#6333,#6334,#6335);
#6337=PLANE('',#6336);
#6338=ORIENTED_EDGE('',*,*,#5929,.F.);
#6340=ORIENTED_EDGE('',*,*,#6339,.T.);
#6342=ORIENTED_EDGE('',*,*,#6341,.T.);
#6343=ORIENTED_EDGE('',*,*,#6324,.F.);
#6344=EDGE_LOOP('',(#6338,#6340,#6342,#6343));
#6345=FACE_OUTER_BOUND('',#6344,.F.);
#6346=ADVANCED_FACE('',(#6345),#6337,.F.);
#6347=CARTESIAN_POINT('',(1.4605E1,-6.44525E0,-3.5052E0));
#6348=DIRECTION('',(0.E0,-1.E0,0.E0));
#6349=DIRECTION('',(1.E0,0.E0,0.E0));
#6350=AXIS2_PLACEMENT_3D('',#6347,#6348,#6349);
#6351=CYLINDRICAL_SURFACE('',#6350,3.81E-1);
#6352=ORIENTED_EDGE('',*,*,#5927,.F.);
#6353=ORIENTED_EDGE('',*,*,#6313,.F.);
#6355=ORIENTED_EDGE('',*,*,#6354,.T.);
#6357=ORIENTED_EDGE('',*,*,#6356,.T.);
#6358=ORIENTED_EDGE('',*,*,#6339,.F.);
#6359=EDGE_LOOP('',(#6352,#6353,#6355,#6357,#6358));
#6360=FACE_OUTER_BOUND('',#6359,.F.);
#6361=ADVANCED_FACE('',(#6360),#6351,.F.);
#6362=CARTESIAN_POINT('',(9.271E0,-6.44525E0,-3.8862E0));
#6363=DIRECTION('',(0.E0,0.E0,-1.E0));
#6364=DIRECTION('',(1.E0,0.E0,0.E0));
#6365=AXIS2_PLACEMENT_3D('',#6362,#6363,#6364);
#6366=PLANE('',#6365);
#6367=ORIENTED_EDGE('',*,*,#5919,.F.);
#6369=ORIENTED_EDGE('',*,*,#6368,.T.);
#6371=ORIENTED_EDGE('',*,*,#6370,.T.);
#6372=ORIENTED_EDGE('',*,*,#6354,.F.);
#6373=ORIENTED_EDGE('',*,*,#6311,.F.);
#6374=ORIENTED_EDGE('',*,*,#6279,.F.);
#6375=EDGE_LOOP('',(#6367,#6369,#6371,#6372,#6373,#6374));
#6376=FACE_OUTER_BOUND('',#6375,.F.);
#6377=ADVANCED_FACE('',(#6376),#6366,.F.);
#6378=CARTESIAN_POINT('',(9.271E0,-6.44525E0,-3.5052E0));
#6379=DIRECTION('',(0.E0,-1.E0,0.E0));
#6380=DIRECTION('',(1.E0,0.E0,0.E0));
#6381=AXIS2_PLACEMENT_3D('',#6378,#6379,#6380);
#6382=CYLINDRICAL_SURFACE('',#6381,3.81E-1);
#6383=ORIENTED_EDGE('',*,*,#5917,.F.);
#6385=ORIENTED_EDGE('',*,*,#6384,.T.);
#6387=ORIENTED_EDGE('',*,*,#6386,.T.);
#6388=ORIENTED_EDGE('',*,*,#6368,.F.);
#6389=EDGE_LOOP('',(#6383,#6385,#6387,#6388));
#6390=FACE_OUTER_BOUND('',#6389,.F.);
#6391=ADVANCED_FACE('',(#6390),#6382,.F.);
#6392=CARTESIAN_POINT('',(8.89E0,-6.44525E0,-2.2352E0));
#6393=DIRECTION('',(-1.E0,0.E0,0.E0));
#6394=DIRECTION('',(0.E0,0.E0,-1.E0));
#6395=AXIS2_PLACEMENT_3D('',#6392,#6393,#6394);
#6396=PLANE('',#6395);
#6397=ORIENTED_EDGE('',*,*,#5915,.F.);
#6398=ORIENTED_EDGE('',*,*,#6237,.T.);
#6400=ORIENTED_EDGE('',*,*,#6399,.T.);
#6401=ORIENTED_EDGE('',*,*,#6384,.F.);
#6402=EDGE_LOOP('',(#6397,#6398,#6400,#6401));
#6403=FACE_OUTER_BOUND('',#6402,.F.);
#6404=ADVANCED_FACE('',(#6403),#6396,.F.);
#6405=CARTESIAN_POINT('',(-1.56464E1,-4.064E0,-8.89E0));
#6406=DIRECTION('',(0.E0,-1.E0,0.E0));
#6407=DIRECTION('',(1.E0,0.E0,0.E0));
#6408=AXIS2_PLACEMENT_3D('',#6405,#6406,#6407);
#6409=PLANE('',#6408);
#6411=ORIENTED_EDGE('',*,*,#6410,.F.);
#6413=ORIENTED_EDGE('',*,*,#6412,.F.);
#6415=ORIENTED_EDGE('',*,*,#6414,.F.);
#6417=ORIENTED_EDGE('',*,*,#6416,.T.);
#6418=EDGE_LOOP('',(#6411,#6413,#6415,#6417));
#6419=FACE_OUTER_BOUND('',#6418,.F.);
#6421=ORIENTED_EDGE('',*,*,#6420,.F.);
#6423=ORIENTED_EDGE('',*,*,#6422,.F.);
#6425=ORIENTED_EDGE('',*,*,#6424,.F.);
#6427=ORIENTED_EDGE('',*,*,#6426,.F.);
#6429=ORIENTED_EDGE('',*,*,#6428,.F.);
#6431=ORIENTED_EDGE('',*,*,#6430,.F.);
#6433=ORIENTED_EDGE('',*,*,#6432,.F.);
#6435=ORIENTED_EDGE('',*,*,#6434,.F.);
#6436=EDGE_LOOP('',(#6421,#6423,#6425,#6427,#6429,#6431,#6433,#6435));
#6437=FACE_BOUND('',#6436,.F.);
#6438=ORIENTED_EDGE('',*,*,#6235,.F.);
#6439=ORIENTED_EDGE('',*,*,#6254,.F.);
#6440=ORIENTED_EDGE('',*,*,#6326,.F.);
#6441=ORIENTED_EDGE('',*,*,#6341,.F.);
#6442=ORIENTED_EDGE('',*,*,#6356,.F.);
#6443=ORIENTED_EDGE('',*,*,#6370,.F.);
#6444=ORIENTED_EDGE('',*,*,#6386,.F.);
#6445=ORIENTED_EDGE('',*,*,#6399,.F.);
#6446=EDGE_LOOP('',(#6438,#6439,#6440,#6441,#6442,#6443,#6444,#6445));
#6447=FACE_BOUND('',#6446,.F.);
#6448=ADVANCED_FACE('',(#6419,#6437,#6447),#6409,.F.);
#6449=CARTESIAN_POINT('',(-1.56464E1,3.048E0,-8.89E0));
#6450=DIRECTION('',(-1.E0,0.E0,0.E0));
#6451=DIRECTION('',(0.E0,-1.E0,0.E0));
#6452=AXIS2_PLACEMENT_3D('',#6449,#6450,#6451);
#6453=PLANE('',#6452);
#6454=ORIENTED_EDGE('',*,*,#5865,.T.);
#6456=ORIENTED_EDGE('',*,*,#6455,.T.);
#6457=ORIENTED_EDGE('',*,*,#5800,.F.);
#6458=ORIENTED_EDGE('',*,*,#5850,.T.);
#6460=ORIENTED_EDGE('',*,*,#6459,.T.);
#6462=ORIENTED_EDGE('',*,*,#6461,.F.);
#6463=ORIENTED_EDGE('',*,*,#6410,.T.);
#6464=ORIENTED_EDGE('',*,*,#5833,.T.);
#6465=EDGE_LOOP('',(#6454,#6456,#6457,#6458,#6460,#6462,#6463,#6464));
#6466=FACE_OUTER_BOUND('',#6465,.F.);
#6467=ADVANCED_FACE('',(#6466),#6453,.F.);
#6468=CARTESIAN_POINT('',(1.66624E1,1.2065E0,-1.651E0));
#6469=DIRECTION('',(0.E0,0.E0,-1.E0));
#6470=DIRECTION('',(0.E0,1.E0,0.E0));
#6471=AXIS2_PLACEMENT_3D('',#6468,#6469,#6470);
#6472=PLANE('',#6471);
#6473=ORIENTED_EDGE('',*,*,#5903,.T.);
#6474=ORIENTED_EDGE('',*,*,#5802,.F.);
#6475=ORIENTED_EDGE('',*,*,#6455,.F.);
#6476=ORIENTED_EDGE('',*,*,#5863,.T.);
#6477=EDGE_LOOP('',(#6473,#6474,#6475,#6476));
#6478=FACE_OUTER_BOUND('',#6477,.F.);
#6479=ADVANCED_FACE('',(#6478),#6472,.F.);
#6480=CARTESIAN_POINT('',(1.66624E1,1.2065E0,-1.651E0));
#6481=DIRECTION('',(0.E0,0.E0,-1.E0));
#6482=DIRECTION('',(0.E0,1.E0,0.E0));
#6483=AXIS2_PLACEMENT_3D('',#6480,#6481,#6482);
#6484=PLANE('',#6483);
#6486=ORIENTED_EDGE('',*,*,#6485,.F.);
#6487=ORIENTED_EDGE('',*,*,#5881,.T.);
#6489=ORIENTED_EDGE('',*,*,#6488,.T.);
#6490=ORIENTED_EDGE('',*,*,#5817,.F.);
#6491=EDGE_LOOP('',(#6486,#6487,#6489,#6490));
#6492=FACE_OUTER_BOUND('',#6491,.F.);
#6493=ADVANCED_FACE('',(#6492),#6484,.F.);
#6494=CARTESIAN_POINT('',(1.66624E1,-5.08E0,0.E0));
#6495=DIRECTION('',(1.E0,0.E0,0.E0));
#6496=DIRECTION('',(0.E0,1.E0,0.E0));
#6497=AXIS2_PLACEMENT_3D('',#6494,#6495,#6496);
#6498=PLANE('',#6497);
#6499=ORIENTED_EDGE('',*,*,#5883,.T.);
#6500=ORIENTED_EDGE('',*,*,#6485,.T.);
#6501=ORIENTED_EDGE('',*,*,#5815,.F.);
#6502=ORIENTED_EDGE('',*,*,#5729,.T.);
#6504=ORIENTED_EDGE('',*,*,#6503,.T.);
#6506=ORIENTED_EDGE('',*,*,#6505,.F.);
#6507=ORIENTED_EDGE('',*,*,#5936,.F.);
#6508=ORIENTED_EDGE('',*,*,#5781,.T.);
#6509=EDGE_LOOP('',(#6499,#6500,#6501,#6502,#6504,#6506,#6507,#6508));
#6510=FACE_OUTER_BOUND('',#6509,.F.);
#6511=ADVANCED_FACE('',(#6510),#6498,.T.);
#6512=CARTESIAN_POINT('',(1.66624E1,5.08E0,0.E0));
#6513=DIRECTION('',(0.E0,1.E0,0.E0));
#6514=DIRECTION('',(-1.E0,0.E0,0.E0));
#6515=AXIS2_PLACEMENT_3D('',#6512,#6513,#6514);
#6516=PLANE('',#6515);
#6518=ORIENTED_EDGE('',*,*,#6517,.T.);
#6520=ORIENTED_EDGE('',*,*,#6519,.T.);
#6522=ORIENTED_EDGE('',*,*,#6521,.F.);
#6524=ORIENTED_EDGE('',*,*,#6523,.F.);
#6525=ORIENTED_EDGE('',*,*,#6503,.F.);
#6526=ORIENTED_EDGE('',*,*,#5727,.T.);
#6527=ORIENTED_EDGE('',*,*,#5899,.T.);
#6529=ORIENTED_EDGE('',*,*,#6528,.F.);
#6530=EDGE_LOOP('',(#6518,#6520,#6522,#6524,#6525,#6526,#6527,#6529));
#6531=FACE_OUTER_BOUND('',#6530,.F.);
#6532=ADVANCED_FACE('',(#6531),#6516,.T.);
#6533=CARTESIAN_POINT('',(-3.048E0,5.08E0,-1.24206E1));
#6534=DIRECTION('',(-1.E0,0.E0,0.E0));
#6535=DIRECTION('',(0.E0,0.E0,1.E0));
#6536=AXIS2_PLACEMENT_3D('',#6533,#6534,#6535);
#6537=PLANE('',#6536);
#6539=ORIENTED_EDGE('',*,*,#6538,.T.);
#6541=ORIENTED_EDGE('',*,*,#6540,.T.);
#6543=ORIENTED_EDGE('',*,*,#6542,.F.);
#6545=ORIENTED_EDGE('',*,*,#6544,.T.);
#6547=ORIENTED_EDGE('',*,*,#6546,.F.);
#6548=ORIENTED_EDGE('',*,*,#6517,.F.);
#6549=EDGE_LOOP('',(#6539,#6541,#6543,#6545,#6547,#6548));
#6550=FACE_OUTER_BOUND('',#6549,.F.);
#6551=ADVANCED_FACE('',(#6550),#6537,.F.);
#6552=CARTESIAN_POINT('',(0.E0,0.E0,-1.24206E1));
#6553=DIRECTION('',(0.E0,0.E0,1.E0));
#6554=DIRECTION('',(1.E0,0.E0,0.E0));
#6555=AXIS2_PLACEMENT_3D('',#6552,#6553,#6554);
#6556=PLANE('',#6555);
#6558=ORIENTED_EDGE('',*,*,#6557,.F.);
#6560=ORIENTED_EDGE('',*,*,#6559,.T.);
#6561=ORIENTED_EDGE('',*,*,#6538,.F.);
#6562=ORIENTED_EDGE('',*,*,#6528,.T.);
#6563=ORIENTED_EDGE('',*,*,#5897,.T.);
#6564=ORIENTED_EDGE('',*,*,#5946,.T.);
#6565=EDGE_LOOP('',(#6558,#6560,#6561,#6562,#6563,#6564));
#6566=FACE_OUTER_BOUND('',#6565,.F.);
#6567=ADVANCED_FACE('',(#6566),#6556,.F.);
#6568=CARTESIAN_POINT('',(0.E0,0.E0,-1.24206E1));
#6569=DIRECTION('',(0.E0,0.E0,1.E0));
#6570=DIRECTION('',(1.E0,0.E0,0.E0));
#6571=AXIS2_PLACEMENT_3D('',#6568,#6569,#6570);
#6572=PLANE('',#6571);
#6574=ORIENTED_EDGE('',*,*,#6573,.T.);
#6575=ORIENTED_EDGE('',*,*,#5938,.T.);
#6576=ORIENTED_EDGE('',*,*,#6505,.T.);
#6577=ORIENTED_EDGE('',*,*,#6523,.T.);
#6579=ORIENTED_EDGE('',*,*,#6578,.T.);
#6581=ORIENTED_EDGE('',*,*,#6580,.T.);
#6582=EDGE_LOOP('',(#6574,#6575,#6576,#6577,#6579,#6581));
#6583=FACE_OUTER_BOUND('',#6582,.F.);
#6584=ADVANCED_FACE('',(#6583),#6572,.F.);
#6585=CARTESIAN_POINT('',(-1.5621E1,0.E0,0.E0));
#6586=DIRECTION('',(1.E0,0.E0,0.E0));
#6587=DIRECTION('',(0.E0,0.E0,-1.E0));
#6588=AXIS2_PLACEMENT_3D('',#6585,#6586,#6587);
#6589=PLANE('',#6588);
#6590=ORIENTED_EDGE('',*,*,#6557,.T.);
#6591=ORIENTED_EDGE('',*,*,#5944,.F.);
#6593=ORIENTED_EDGE('',*,*,#6592,.F.);
#6595=ORIENTED_EDGE('',*,*,#6594,.T.);
#6596=EDGE_LOOP('',(#6590,#6591,#6593,#6595));
#6597=FACE_OUTER_BOUND('',#6596,.F.);
#6598=ADVANCED_FACE('',(#6597),#6589,.F.);
#6599=CARTESIAN_POINT('',(-1.5621E1,-5.08E0,-1.62306E1));
#6600=DIRECTION('',(0.E0,0.E0,-1.E0));
#6601=DIRECTION('',(0.E0,1.E0,0.E0));
#6602=AXIS2_PLACEMENT_3D('',#6599,#6600,#6601);
#6603=PLANE('',#6602);
#6604=ORIENTED_EDGE('',*,*,#6592,.T.);
#6605=ORIENTED_EDGE('',*,*,#5942,.F.);
#6607=ORIENTED_EDGE('',*,*,#6606,.F.);
#6609=ORIENTED_EDGE('',*,*,#6608,.T.);
#6610=EDGE_LOOP('',(#6604,#6605,#6607,#6609));
#6611=FACE_OUTER_BOUND('',#6610,.F.);
#6612=ADVANCED_FACE('',(#6611),#6603,.T.);
#6613=CARTESIAN_POINT('',(1.5621E1,0.E0,0.E0));
#6614=DIRECTION('',(1.E0,0.E0,0.E0));
#6615=DIRECTION('',(0.E0,0.E0,-1.E0));
#6616=AXIS2_PLACEMENT_3D('',#6613,#6614,#6615);
#6617=PLANE('',#6616);
#6618=ORIENTED_EDGE('',*,*,#6573,.F.);
#6620=ORIENTED_EDGE('',*,*,#6619,.T.);
#6621=ORIENTED_EDGE('',*,*,#6606,.T.);
#6622=ORIENTED_EDGE('',*,*,#5940,.T.);
#6623=EDGE_LOOP('',(#6618,#6620,#6621,#6622));
#6624=FACE_OUTER_BOUND('',#6623,.F.);
#6625=ADVANCED_FACE('',(#6624),#6617,.T.);
#6626=CARTESIAN_POINT('',(-1.33096E1,3.048E0,-8.89E0));
#6627=DIRECTION('',(0.E0,1.E0,0.E0));
#6628=DIRECTION('',(-1.E0,0.E0,0.E0));
#6629=AXIS2_PLACEMENT_3D('',#6626,#6627,#6628);
#6630=PLANE('',#6629);
#6631=ORIENTED_EDGE('',*,*,#6540,.F.);
#6632=ORIENTED_EDGE('',*,*,#6559,.F.);
#6633=ORIENTED_EDGE('',*,*,#6594,.F.);
#6634=ORIENTED_EDGE('',*,*,#6608,.F.);
#6635=ORIENTED_EDGE('',*,*,#6619,.F.);
#6636=ORIENTED_EDGE('',*,*,#6580,.F.);
#6638=ORIENTED_EDGE('',*,*,#6637,.F.);
#6640=ORIENTED_EDGE('',*,*,#6639,.T.);
#6641=EDGE_LOOP('',(#6631,#6632,#6633,#6634,#6635,#6636,#6638,#6640));
#6642=FACE_OUTER_BOUND('',#6641,.F.);
#6643=ADVANCED_FACE('',(#6642),#6630,.T.);
#6644=CARTESIAN_POINT('',(3.048E0,5.08E0,-3.81E0));
#6645=DIRECTION('',(1.E0,0.E0,0.E0));
#6646=DIRECTION('',(0.E0,0.E0,-1.E0));
#6647=AXIS2_PLACEMENT_3D('',#6644,#6645,#6646);
#6648=PLANE('',#6647);
#6649=ORIENTED_EDGE('',*,*,#6578,.F.);
#6650=ORIENTED_EDGE('',*,*,#6521,.T.);
#6652=ORIENTED_EDGE('',*,*,#6651,.T.);
#6654=ORIENTED_EDGE('',*,*,#6653,.F.);
#6656=ORIENTED_EDGE('',*,*,#6655,.T.);
#6657=ORIENTED_EDGE('',*,*,#6637,.T.);
#6658=EDGE_LOOP('',(#6649,#6650,#6652,#6654,#6656,#6657));
#6659=FACE_OUTER_BOUND('',#6658,.F.);
#6660=ADVANCED_FACE('',(#6659),#6648,.F.);
#6661=CARTESIAN_POINT('',(-3.048E0,5.08E0,-3.81E0));
#6662=DIRECTION('',(0.E0,0.E0,1.E0));
#6663=DIRECTION('',(1.E0,0.E0,0.E0));
#6664=AXIS2_PLACEMENT_3D('',#6661,#6662,#6663);
#6665=PLANE('',#6664);
#6666=ORIENTED_EDGE('',*,*,#6519,.F.);
#6667=ORIENTED_EDGE('',*,*,#6546,.T.);
#6669=ORIENTED_EDGE('',*,*,#6668,.T.);
#6670=ORIENTED_EDGE('',*,*,#6651,.F.);
#6671=EDGE_LOOP('',(#6666,#6667,#6669,#6670));
#6672=FACE_OUTER_BOUND('',#6671,.F.);
#6673=ADVANCED_FACE('',(#6672),#6665,.F.);
#6674=CARTESIAN_POINT('',(1.33096E1,4.064E0,-8.89E0));
#6675=DIRECTION('',(0.E0,1.E0,0.E0));
#6676=DIRECTION('',(-1.E0,0.E0,0.E0));
#6677=AXIS2_PLACEMENT_3D('',#6674,#6675,#6676);
#6678=PLANE('',#6677);
#6679=ORIENTED_EDGE('',*,*,#6544,.F.);
#6681=ORIENTED_EDGE('',*,*,#6680,.F.);
#6683=ORIENTED_EDGE('',*,*,#6682,.F.);
#6684=ORIENTED_EDGE('',*,*,#5739,.F.);
#6686=ORIENTED_EDGE('',*,*,#6685,.T.);
#6688=ORIENTED_EDGE('',*,*,#6687,.F.);
#6689=ORIENTED_EDGE('',*,*,#6653,.T.);
#6690=ORIENTED_EDGE('',*,*,#6668,.F.);
#6691=EDGE_LOOP('',(#6679,#6681,#6683,#6684,#6686,#6688,#6689,#6690));
#6692=FACE_OUTER_BOUND('',#6691,.F.);
#6693=ADVANCED_FACE('',(#6692),#6678,.F.);
#6694=CARTESIAN_POINT('',(0.E0,0.E0,-8.89E0));
#6695=DIRECTION('',(0.E0,0.E0,1.E0));
#6696=DIRECTION('',(1.E0,0.E0,0.E0));
#6697=AXIS2_PLACEMENT_3D('',#6694,#6695,#6696);
#6698=PLANE('',#6697);
#6699=ORIENTED_EDGE('',*,*,#6639,.F.);
#6700=ORIENTED_EDGE('',*,*,#6655,.F.);
#6701=ORIENTED_EDGE('',*,*,#6687,.T.);
#6703=ORIENTED_EDGE('',*,*,#6702,.T.);
#6705=ORIENTED_EDGE('',*,*,#6704,.T.);
#6707=ORIENTED_EDGE('',*,*,#6706,.T.);
#6708=ORIENTED_EDGE('',*,*,#6412,.T.);
#6709=ORIENTED_EDGE('',*,*,#6461,.T.);
#6711=ORIENTED_EDGE('',*,*,#6710,.T.);
#6713=ORIENTED_EDGE('',*,*,#6712,.T.);
#6714=ORIENTED_EDGE('',*,*,#6680,.T.);
#6715=ORIENTED_EDGE('',*,*,#6542,.T.);
#6716=EDGE_LOOP('',(#6699,#6700,#6701,#6703,#6705,#6707,#6708,#6709,#6711,#6713,
#6714,#6715));
#6717=FACE_OUTER_BOUND('',#6716,.F.);
#6719=ORIENTED_EDGE('',*,*,#6718,.F.);
#6721=ORIENTED_EDGE('',*,*,#6720,.T.);
#6723=ORIENTED_EDGE('',*,*,#6722,.T.);
#6725=ORIENTED_EDGE('',*,*,#6724,.F.);
#6726=EDGE_LOOP('',(#6719,#6721,#6723,#6725));
#6727=FACE_BOUND('',#6726,.F.);
#6729=ORIENTED_EDGE('',*,*,#6728,.F.);
#6731=ORIENTED_EDGE('',*,*,#6730,.T.);
#6733=ORIENTED_EDGE('',*,*,#6732,.T.);
#6735=ORIENTED_EDGE('',*,*,#6734,.F.);
#6736=EDGE_LOOP('',(#6729,#6731,#6733,#6735));
#6737=FACE_BOUND('',#6736,.F.);
#6739=ORIENTED_EDGE('',*,*,#6738,.F.);
#6741=ORIENTED_EDGE('',*,*,#6740,.T.);
#6743=ORIENTED_EDGE('',*,*,#6742,.T.);
#6745=ORIENTED_EDGE('',*,*,#6744,.F.);
#6746=EDGE_LOOP('',(#6739,#6741,#6743,#6745));
#6747=FACE_BOUND('',#6746,.F.);
#6749=ORIENTED_EDGE('',*,*,#6748,.F.);
#6751=ORIENTED_EDGE('',*,*,#6750,.T.);
#6753=ORIENTED_EDGE('',*,*,#6752,.T.);
#6755=ORIENTED_EDGE('',*,*,#6754,.F.);
#6756=EDGE_LOOP('',(#6749,#6751,#6753,#6755));
#6757=FACE_BOUND('',#6756,.F.);
#6759=ORIENTED_EDGE('',*,*,#6758,.F.);
#6761=ORIENTED_EDGE('',*,*,#6760,.T.);
#6763=ORIENTED_EDGE('',*,*,#6762,.T.);
#6765=ORIENTED_EDGE('',*,*,#6764,.F.);
#6766=EDGE_LOOP('',(#6759,#6761,#6763,#6765));
#6767=FACE_BOUND('',#6766,.F.);
#6769=ORIENTED_EDGE('',*,*,#6768,.F.);
#6771=ORIENTED_EDGE('',*,*,#6770,.T.);
#6773=ORIENTED_EDGE('',*,*,#6772,.T.);
#6775=ORIENTED_EDGE('',*,*,#6774,.F.);
#6776=EDGE_LOOP('',(#6769,#6771,#6773,#6775));
#6777=FACE_BOUND('',#6776,.F.);
#6779=ORIENTED_EDGE('',*,*,#6778,.F.);
#6781=ORIENTED_EDGE('',*,*,#6780,.T.);
#6783=ORIENTED_EDGE('',*,*,#6782,.T.);
#6785=ORIENTED_EDGE('',*,*,#6784,.F.);
#6786=EDGE_LOOP('',(#6779,#6781,#6783,#6785));
#6787=FACE_BOUND('',#6786,.F.);
#6789=ORIENTED_EDGE('',*,*,#6788,.F.);
#6791=ORIENTED_EDGE('',*,*,#6790,.T.);
#6793=ORIENTED_EDGE('',*,*,#6792,.T.);
#6795=ORIENTED_EDGE('',*,*,#6794,.F.);
#6796=EDGE_LOOP('',(#6789,#6791,#6793,#6795));
#6797=FACE_BOUND('',#6796,.F.);
#6799=ORIENTED_EDGE('',*,*,#6798,.F.);
#6801=ORIENTED_EDGE('',*,*,#6800,.T.);
#6803=ORIENTED_EDGE('',*,*,#6802,.T.);
#6805=ORIENTED_EDGE('',*,*,#6804,.F.);
#6806=EDGE_LOOP('',(#6799,#6801,#6803,#6805));
#6807=FACE_BOUND('',#6806,.F.);
#6809=ORIENTED_EDGE('',*,*,#6808,.F.);
#6811=ORIENTED_EDGE('',*,*,#6810,.T.);
#6813=ORIENTED_EDGE('',*,*,#6812,.T.);
#6815=ORIENTED_EDGE('',*,*,#6814,.F.);
#6816=EDGE_LOOP('',(#6809,#6811,#6813,#6815));
#6817=FACE_BOUND('',#6816,.F.);
#6819=ORIENTED_EDGE('',*,*,#6818,.F.);
#6821=ORIENTED_EDGE('',*,*,#6820,.T.);
#6823=ORIENTED_EDGE('',*,*,#6822,.T.);
#6825=ORIENTED_EDGE('',*,*,#6824,.F.);
#6826=EDGE_LOOP('',(#6819,#6821,#6823,#6825));
#6827=FACE_BOUND('',#6826,.F.);
#6829=ORIENTED_EDGE('',*,*,#6828,.F.);
#6831=ORIENTED_EDGE('',*,*,#6830,.T.);
#6833=ORIENTED_EDGE('',*,*,#6832,.T.);
#6835=ORIENTED_EDGE('',*,*,#6834,.F.);
#6836=EDGE_LOOP('',(#6829,#6831,#6833,#6835));
#6837=FACE_BOUND('',#6836,.F.);
#6839=ORIENTED_EDGE('',*,*,#6838,.F.);
#6841=ORIENTED_EDGE('',*,*,#6840,.T.);
#6843=ORIENTED_EDGE('',*,*,#6842,.T.);
#6845=ORIENTED_EDGE('',*,*,#6844,.F.);
#6846=EDGE_LOOP('',(#6839,#6841,#6843,#6845));
#6847=FACE_BOUND('',#6846,.F.);
#6849=ORIENTED_EDGE('',*,*,#6848,.F.);
#6851=ORIENTED_EDGE('',*,*,#6850,.T.);
#6853=ORIENTED_EDGE('',*,*,#6852,.T.);
#6855=ORIENTED_EDGE('',*,*,#6854,.F.);
#6856=EDGE_LOOP('',(#6849,#6851,#6853,#6855));
#6857=FACE_BOUND('',#6856,.F.);
#6859=ORIENTED_EDGE('',*,*,#6858,.F.);
#6861=ORIENTED_EDGE('',*,*,#6860,.T.);
#6863=ORIENTED_EDGE('',*,*,#6862,.T.);
#6865=ORIENTED_EDGE('',*,*,#6864,.F.);
#6866=EDGE_LOOP('',(#6859,#6861,#6863,#6865));
#6867=FACE_BOUND('',#6866,.F.);
#6869=ORIENTED_EDGE('',*,*,#6868,.F.);
#6871=ORIENTED_EDGE('',*,*,#6870,.T.);
#6873=ORIENTED_EDGE('',*,*,#6872,.T.);
#6875=ORIENTED_EDGE('',*,*,#6874,.F.);
#6876=EDGE_LOOP('',(#6869,#6871,#6873,#6875));
#6877=FACE_BOUND('',#6876,.F.);
#6879=ORIENTED_EDGE('',*,*,#6878,.F.);
#6881=ORIENTED_EDGE('',*,*,#6880,.T.);
#6883=ORIENTED_EDGE('',*,*,#6882,.T.);
#6885=ORIENTED_EDGE('',*,*,#6884,.F.);
#6886=EDGE_LOOP('',(#6879,#6881,#6883,#6885));
#6887=FACE_BOUND('',#6886,.F.);
#6889=ORIENTED_EDGE('',*,*,#6888,.F.);
#6891=ORIENTED_EDGE('',*,*,#6890,.T.);
#6893=ORIENTED_EDGE('',*,*,#6892,.T.);
#6895=ORIENTED_EDGE('',*,*,#6894,.F.);
#6896=EDGE_LOOP('',(#6889,#6891,#6893,#6895));
#6897=FACE_BOUND('',#6896,.F.);
#6899=ORIENTED_EDGE('',*,*,#6898,.F.);
#6901=ORIENTED_EDGE('',*,*,#6900,.T.);
#6903=ORIENTED_EDGE('',*,*,#6902,.T.);
#6905=ORIENTED_EDGE('',*,*,#6904,.F.);
#6906=EDGE_LOOP('',(#6899,#6901,#6903,#6905));
#6907=FACE_BOUND('',#6906,.F.);
#6909=ORIENTED_EDGE('',*,*,#6908,.F.);
#6911=ORIENTED_EDGE('',*,*,#6910,.T.);
#6913=ORIENTED_EDGE('',*,*,#6912,.T.);
#6915=ORIENTED_EDGE('',*,*,#6914,.F.);
#6916=EDGE_LOOP('',(#6909,#6911,#6913,#6915));
#6917=FACE_BOUND('',#6916,.F.);
#6919=ORIENTED_EDGE('',*,*,#6918,.F.);
#6921=ORIENTED_EDGE('',*,*,#6920,.T.);
#6923=ORIENTED_EDGE('',*,*,#6922,.T.);
#6925=ORIENTED_EDGE('',*,*,#6924,.F.);
#6926=EDGE_LOOP('',(#6919,#6921,#6923,#6925));
#6927=FACE_BOUND('',#6926,.F.);
#6929=ORIENTED_EDGE('',*,*,#6928,.F.);
#6931=ORIENTED_EDGE('',*,*,#6930,.T.);
#6933=ORIENTED_EDGE('',*,*,#6932,.T.);
#6935=ORIENTED_EDGE('',*,*,#6934,.F.);
#6936=EDGE_LOOP('',(#6929,#6931,#6933,#6935));
#6937=FACE_BOUND('',#6936,.F.);
#6939=ORIENTED_EDGE('',*,*,#6938,.F.);
#6941=ORIENTED_EDGE('',*,*,#6940,.T.);
#6943=ORIENTED_EDGE('',*,*,#6942,.T.);
#6945=ORIENTED_EDGE('',*,*,#6944,.F.);
#6946=EDGE_LOOP('',(#6939,#6941,#6943,#6945));
#6947=FACE_BOUND('',#6946,.F.);
#6949=ORIENTED_EDGE('',*,*,#6948,.F.);
#6951=ORIENTED_EDGE('',*,*,#6950,.T.);
#6953=ORIENTED_EDGE('',*,*,#6952,.T.);
#6955=ORIENTED_EDGE('',*,*,#6954,.F.);
#6956=EDGE_LOOP('',(#6949,#6951,#6953,#6955));
#6957=FACE_BOUND('',#6956,.F.);
#6958=ADVANCED_FACE('',(#6717,#6727,#6737,#6747,#6757,#6767,#6777,#6787,#6797,
#6807,#6817,#6827,#6837,#6847,#6857,#6867,#6877,#6887,#6897,#6907,#6917,#6927,
#6937,#6947,#6957),#6698,.T.);
#6959=CARTESIAN_POINT('',(1.33096E1,3.048E0,-8.89E0));
#6960=DIRECTION('',(1.E0,0.E0,0.E0));
#6961=DIRECTION('',(0.E0,1.E0,0.E0));
#6962=AXIS2_PLACEMENT_3D('',#6959,#6960,#6961);
#6963=PLANE('',#6962);
#6965=ORIENTED_EDGE('',*,*,#6964,.F.);
#6967=ORIENTED_EDGE('',*,*,#6966,.T.);
#6968=ORIENTED_EDGE('',*,*,#6702,.F.);
#6969=ORIENTED_EDGE('',*,*,#6685,.F.);
#6970=ORIENTED_EDGE('',*,*,#5737,.F.);
#6971=EDGE_LOOP('',(#6965,#6967,#6968,#6969,#6970));
#6972=FACE_OUTER_BOUND('',#6971,.F.);
#6973=ADVANCED_FACE('',(#6972),#6963,.F.);
#6974=CARTESIAN_POINT('',(1.4478E1,3.3655E0,-3.175E-1));
#6975=DIRECTION('',(0.E0,-7.071067811865E-1,7.071067811865E-1));
#6976=DIRECTION('',(-1.E0,0.E0,0.E0));
#6977=AXIS2_PLACEMENT_3D('',#6974,#6975,#6976);
#6978=PLANE('',#6977);
#6979=ORIENTED_EDGE('',*,*,#6964,.T.);
#6980=ORIENTED_EDGE('',*,*,#5735,.T.);
#6982=ORIENTED_EDGE('',*,*,#6981,.F.);
#6984=ORIENTED_EDGE('',*,*,#6983,.F.);
#6985=EDGE_LOOP('',(#6979,#6980,#6982,#6984));
#6986=FACE_OUTER_BOUND('',#6985,.F.);
#6987=ADVANCED_FACE('',(#6986),#6978,.T.);
#6988=CARTESIAN_POINT('',(1.59639E1,-5.08E-1,-3.175E-1));
#6989=DIRECTION('',(-7.071067811865E-1,0.E0,7.071067811865E-1));
#6990=DIRECTION('',(0.E0,-1.E0,0.E0));
#6991=AXIS2_PLACEMENT_3D('',#6988,#6989,#6990);
#6992=PLANE('',#6991);
#6993=ORIENTED_EDGE('',*,*,#5877,.T.);
#6994=ORIENTED_EDGE('',*,*,#5777,.T.);
#6996=ORIENTED_EDGE('',*,*,#6995,.F.);
#6998=ORIENTED_EDGE('',*,*,#6997,.F.);
#6999=EDGE_LOOP('',(#6993,#6994,#6996,#6998));
#7000=FACE_OUTER_BOUND('',#6999,.F.);
#7001=ADVANCED_FACE('',(#7000),#6992,.T.);
#7002=CARTESIAN_POINT('',(1.59639E1,-5.08E-1,-3.175E-1));
#7003=DIRECTION('',(-7.071067811865E-1,0.E0,7.071067811865E-1));
#7004=DIRECTION('',(0.E0,-1.E0,0.E0));
#7005=AXIS2_PLACEMENT_3D('',#7002,#7003,#7004);
#7006=PLANE('',#7005);
#7007=ORIENTED_EDGE('',*,*,#5821,.F.);
#7009=ORIENTED_EDGE('',*,*,#7008,.F.);
#7010=ORIENTED_EDGE('',*,*,#6981,.T.);
#7011=ORIENTED_EDGE('',*,*,#5733,.T.);
#7012=EDGE_LOOP('',(#7007,#7009,#7010,#7011));
#7013=FACE_OUTER_BOUND('',#7012,.F.);
#7014=ADVANCED_FACE('',(#7013),#7006,.T.);
#7015=CARTESIAN_POINT('',(0.E0,-4.3815E0,-3.175E-1));
#7016=DIRECTION('',(0.E0,7.071067811865E-1,7.071067811865E-1));
#7017=DIRECTION('',(-1.E0,0.E0,0.E0));
#7018=AXIS2_PLACEMENT_3D('',#7015,#7016,#7017);
#7019=PLANE('',#7018);
#7020=ORIENTED_EDGE('',*,*,#5835,.F.);
#7021=ORIENTED_EDGE('',*,*,#6416,.F.);
#7022=ORIENTED_EDGE('',*,*,#6995,.T.);
#7023=ORIENTED_EDGE('',*,*,#5775,.T.);
#7024=EDGE_LOOP('',(#7020,#7021,#7022,#7023));
#7025=FACE_OUTER_BOUND('',#7024,.F.);
#7026=ADVANCED_FACE('',(#7025),#7019,.T.);
#7027=CARTESIAN_POINT('',(1.56464E1,-4.064E0,-8.89E0));
#7028=DIRECTION('',(1.E0,0.E0,0.E0));
#7029=DIRECTION('',(0.E0,1.E0,0.E0));
#7030=AXIS2_PLACEMENT_3D('',#7027,#7028,#7029);
#7031=PLANE('',#7030);
#7032=ORIENTED_EDGE('',*,*,#5879,.F.);
#7033=ORIENTED_EDGE('',*,*,#6997,.T.);
#7034=ORIENTED_EDGE('',*,*,#6414,.T.);
#7035=ORIENTED_EDGE('',*,*,#6706,.F.);
#7037=ORIENTED_EDGE('',*,*,#7036,.F.);
#7038=ORIENTED_EDGE('',*,*,#7008,.T.);
#7039=ORIENTED_EDGE('',*,*,#5819,.T.);
#7040=ORIENTED_EDGE('',*,*,#6488,.F.);
#7041=EDGE_LOOP('',(#7032,#7033,#7034,#7035,#7037,#7038,#7039,#7040));
#7042=FACE_OUTER_BOUND('',#7041,.F.);
#7043=ADVANCED_FACE('',(#7042),#7031,.F.);
#7044=CARTESIAN_POINT('',(1.56464E1,3.048E0,-8.89E0));
#7045=DIRECTION('',(0.E0,1.E0,0.E0));
#7046=DIRECTION('',(-1.E0,0.E0,0.E0));
#7047=AXIS2_PLACEMENT_3D('',#7044,#7045,#7046);
#7048=PLANE('',#7047);
#7049=ORIENTED_EDGE('',*,*,#6983,.T.);
#7050=ORIENTED_EDGE('',*,*,#7036,.T.);
#7051=ORIENTED_EDGE('',*,*,#6704,.F.);
#7052=ORIENTED_EDGE('',*,*,#6966,.F.);
#7053=EDGE_LOOP('',(#7049,#7050,#7051,#7052));
#7054=FACE_OUTER_BOUND('',#7053,.F.);
#7055=ADVANCED_FACE('',(#7054),#7048,.F.);
#7056=CARTESIAN_POINT('',(-1.33096E1,3.048E0,-8.89E0));
#7057=DIRECTION('',(0.E0,1.E0,0.E0));
#7058=DIRECTION('',(-1.E0,0.E0,0.E0));
#7059=AXIS2_PLACEMENT_3D('',#7056,#7057,#7058);
#7060=PLANE('',#7059);
#7062=ORIENTED_EDGE('',*,*,#7061,.T.);
#7064=ORIENTED_EDGE('',*,*,#7063,.T.);
#7065=ORIENTED_EDGE('',*,*,#6710,.F.);
#7066=ORIENTED_EDGE('',*,*,#6459,.F.);
#7067=EDGE_LOOP('',(#7062,#7064,#7065,#7066));
#7068=FACE_OUTER_BOUND('',#7067,.F.);
#7069=ADVANCED_FACE('',(#7068),#7060,.F.);
#7070=CARTESIAN_POINT('',(-1.4478E1,3.3655E0,-3.175E-1));
#7071=DIRECTION('',(0.E0,-7.071067811865E-1,7.071067811865E-1));
#7072=DIRECTION('',(-1.E0,0.E0,0.E0));
#7073=AXIS2_PLACEMENT_3D('',#7070,#7071,#7072);
#7074=PLANE('',#7073);
#7076=ORIENTED_EDGE('',*,*,#7075,.T.);
#7077=ORIENTED_EDGE('',*,*,#7061,.F.);
#7078=ORIENTED_EDGE('',*,*,#5848,.T.);
#7079=ORIENTED_EDGE('',*,*,#5743,.T.);
#7080=EDGE_LOOP('',(#7076,#7077,#7078,#7079));
#7081=FACE_OUTER_BOUND('',#7080,.F.);
#7082=ADVANCED_FACE('',(#7081),#7074,.T.);
#7083=CARTESIAN_POINT('',(-1.33096E1,4.064E0,-8.89E0));
#7084=DIRECTION('',(-1.E0,0.E0,0.E0));
#7085=DIRECTION('',(0.E0,-1.E0,0.E0));
#7086=AXIS2_PLACEMENT_3D('',#7083,#7084,#7085);
#7087=PLANE('',#7086);
#7088=ORIENTED_EDGE('',*,*,#7075,.F.);
#7089=ORIENTED_EDGE('',*,*,#5741,.F.);
#7090=ORIENTED_EDGE('',*,*,#6682,.T.);
#7091=ORIENTED_EDGE('',*,*,#6712,.F.);
#7092=ORIENTED_EDGE('',*,*,#7063,.F.);
#7093=EDGE_LOOP('',(#7088,#7089,#7090,#7091,#7092));
#7094=FACE_OUTER_BOUND('',#7093,.F.);
#7095=ADVANCED_FACE('',(#7094),#7087,.F.);
#7096=CARTESIAN_POINT('',(-1.42875E1,7.62E-1,0.E0));
#7097=DIRECTION('',(1.E0,0.E0,0.E0));
#7098=DIRECTION('',(0.E0,0.E0,-1.E0));
#7099=AXIS2_PLACEMENT_3D('',#7096,#7097,#7098);
#7100=PLANE('',#7099);
#7101=ORIENTED_EDGE('',*,*,#6718,.T.);
#7103=ORIENTED_EDGE('',*,*,#7102,.T.);
#7105=ORIENTED_EDGE('',*,*,#7104,.T.);
#7107=ORIENTED_EDGE('',*,*,#7106,.T.);
#7109=ORIENTED_EDGE('',*,*,#7108,.T.);
#7111=ORIENTED_EDGE('',*,*,#7110,.T.);
#7113=ORIENTED_EDGE('',*,*,#7112,.T.);
#7115=ORIENTED_EDGE('',*,*,#7114,.T.);
#7116=EDGE_LOOP('',(#7101,#7103,#7105,#7107,#7109,#7111,#7113,#7115));
#7117=FACE_OUTER_BOUND('',#7116,.F.);
#7118=ADVANCED_FACE('',(#7117),#7100,.F.);
#7119=CARTESIAN_POINT('',(-1.42875E1,7.62E-1,0.E0));
#7120=DIRECTION('',(1.E0,0.E0,0.E0));
#7121=DIRECTION('',(0.E0,0.E0,-1.E0));
#7122=AXIS2_PLACEMENT_3D('',#7119,#7120,#7121);
#7123=PLANE('',#7122);
#7124=ORIENTED_EDGE('',*,*,#6728,.T.);
#7126=ORIENTED_EDGE('',*,*,#7125,.T.);
#7128=ORIENTED_EDGE('',*,*,#7127,.T.);
#7130=ORIENTED_EDGE('',*,*,#7129,.T.);
#7132=ORIENTED_EDGE('',*,*,#7131,.T.);
#7134=ORIENTED_EDGE('',*,*,#7133,.T.);
#7136=ORIENTED_EDGE('',*,*,#7135,.T.);
#7138=ORIENTED_EDGE('',*,*,#7137,.T.);
#7139=EDGE_LOOP('',(#7124,#7126,#7128,#7130,#7132,#7134,#7136,#7138));
#7140=FACE_OUTER_BOUND('',#7139,.F.);
#7141=ADVANCED_FACE('',(#7140),#7123,.F.);
#7142=CARTESIAN_POINT('',(-1.42875E1,7.62E-1,0.E0));
#7143=DIRECTION('',(1.E0,0.E0,0.E0));
#7144=DIRECTION('',(0.E0,0.E0,-1.E0));
#7145=AXIS2_PLACEMENT_3D('',#7142,#7143,#7144);
#7146=PLANE('',#7145);
#7148=ORIENTED_EDGE('',*,*,#7147,.T.);
#7150=ORIENTED_EDGE('',*,*,#7149,.T.);
#7152=ORIENTED_EDGE('',*,*,#7151,.T.);
#7153=ORIENTED_EDGE('',*,*,#5996,.F.);
#7154=EDGE_LOOP('',(#7148,#7150,#7152,#7153));
#7155=FACE_OUTER_BOUND('',#7154,.F.);
#7156=ADVANCED_FACE('',(#7155),#7146,.F.);
#7157=CARTESIAN_POINT('',(-1.42875E1,7.62E-1,0.E0));
#7158=DIRECTION('',(1.E0,0.E0,0.E0));
#7159=DIRECTION('',(0.E0,0.E0,-1.E0));
#7160=AXIS2_PLACEMENT_3D('',#7157,#7158,#7159);
#7161=PLANE('',#7160);
#7163=ORIENTED_EDGE('',*,*,#7162,.T.);
#7165=ORIENTED_EDGE('',*,*,#7164,.T.);
#7167=ORIENTED_EDGE('',*,*,#7166,.T.);
#7168=ORIENTED_EDGE('',*,*,#5988,.F.);
#7169=EDGE_LOOP('',(#7163,#7165,#7167,#7168));
#7170=FACE_OUTER_BOUND('',#7169,.F.);
#7171=ADVANCED_FACE('',(#7170),#7161,.F.);
#7172=CARTESIAN_POINT('',(-1.42875E1,-1.143E0,-8.89E0));
#7173=DIRECTION('',(0.E0,1.E0,0.E0));
#7174=DIRECTION('',(0.E0,0.E0,1.E0));
#7175=AXIS2_PLACEMENT_3D('',#7172,#7173,#7174);
#7176=PLANE('',#7175);
#7177=ORIENTED_EDGE('',*,*,#6724,.T.);
#7179=ORIENTED_EDGE('',*,*,#7178,.T.);
#7181=ORIENTED_EDGE('',*,*,#7180,.F.);
#7182=ORIENTED_EDGE('',*,*,#7102,.F.);
#7183=EDGE_LOOP('',(#7177,#7179,#7181,#7182));
#7184=FACE_OUTER_BOUND('',#7183,.F.);
#7185=ADVANCED_FACE('',(#7184),#7176,.T.);
#7186=CARTESIAN_POINT('',(-1.36525E1,7.62E-1,0.E0));
#7187=DIRECTION('',(1.E0,0.E0,0.E0));
#7188=DIRECTION('',(0.E0,0.E0,-1.E0));
#7189=AXIS2_PLACEMENT_3D('',#7186,#7187,#7188);
#7190=PLANE('',#7189);
#7191=ORIENTED_EDGE('',*,*,#6722,.F.);
#7193=ORIENTED_EDGE('',*,*,#7192,.F.);
#7195=ORIENTED_EDGE('',*,*,#7194,.F.);
#7197=ORIENTED_EDGE('',*,*,#7196,.F.);
#7199=ORIENTED_EDGE('',*,*,#7198,.F.);
#7201=ORIENTED_EDGE('',*,*,#7200,.F.);
#7203=ORIENTED_EDGE('',*,*,#7202,.F.);
#7204=ORIENTED_EDGE('',*,*,#7178,.F.);
#7205=EDGE_LOOP('',(#7191,#7193,#7195,#7197,#7199,#7201,#7203,#7204));
#7206=FACE_OUTER_BOUND('',#7205,.F.);
#7207=ADVANCED_FACE('',(#7206),#7190,.T.);
#7208=CARTESIAN_POINT('',(-1.36525E1,7.62E-1,0.E0));
#7209=DIRECTION('',(1.E0,0.E0,0.E0));
#7210=DIRECTION('',(0.E0,0.E0,-1.E0));
#7211=AXIS2_PLACEMENT_3D('',#7208,#7209,#7210);
#7212=PLANE('',#7211);
#7213=ORIENTED_EDGE('',*,*,#6732,.F.);
#7215=ORIENTED_EDGE('',*,*,#7214,.F.);
#7217=ORIENTED_EDGE('',*,*,#7216,.F.);
#7219=ORIENTED_EDGE('',*,*,#7218,.F.);
#7221=ORIENTED_EDGE('',*,*,#7220,.F.);
#7223=ORIENTED_EDGE('',*,*,#7222,.F.);
#7225=ORIENTED_EDGE('',*,*,#7224,.F.);
#7227=ORIENTED_EDGE('',*,*,#7226,.F.);
#7228=EDGE_LOOP('',(#7213,#7215,#7217,#7219,#7221,#7223,#7225,#7227));
#7229=FACE_OUTER_BOUND('',#7228,.F.);
#7230=ADVANCED_FACE('',(#7229),#7212,.T.);
#7231=CARTESIAN_POINT('',(-1.36525E1,7.62E-1,0.E0));
#7232=DIRECTION('',(1.E0,0.E0,0.E0));
#7233=DIRECTION('',(0.E0,0.E0,-1.E0));
#7234=AXIS2_PLACEMENT_3D('',#7231,#7232,#7233);
#7235=PLANE('',#7234);
#7236=ORIENTED_EDGE('',*,*,#5992,.T.);
#7238=ORIENTED_EDGE('',*,*,#7237,.F.);
#7240=ORIENTED_EDGE('',*,*,#7239,.F.);
#7242=ORIENTED_EDGE('',*,*,#7241,.F.);
#7243=EDGE_LOOP('',(#7236,#7238,#7240,#7242));
#7244=FACE_OUTER_BOUND('',#7243,.F.);
#7245=ADVANCED_FACE('',(#7244),#7235,.T.);
#7246=CARTESIAN_POINT('',(-1.36525E1,7.62E-1,0.E0));
#7247=DIRECTION('',(1.E0,0.E0,0.E0));
#7248=DIRECTION('',(0.E0,0.E0,-1.E0));
#7249=AXIS2_PLACEMENT_3D('',#7246,#7247,#7248);
#7250=PLANE('',#7249);
#7251=ORIENTED_EDGE('',*,*,#6000,.T.);
#7253=ORIENTED_EDGE('',*,*,#7252,.F.);
#7255=ORIENTED_EDGE('',*,*,#7254,.F.);
#7257=ORIENTED_EDGE('',*,*,#7256,.F.);
#7258=EDGE_LOOP('',(#7251,#7253,#7255,#7257));
#7259=FACE_OUTER_BOUND('',#7258,.F.);
#7260=ADVANCED_FACE('',(#7259),#7250,.T.);
#7261=CARTESIAN_POINT('',(-1.42875E1,-2.413E0,-7.874E0));
#7262=DIRECTION('',(0.E0,-1.E0,0.E0));
#7263=DIRECTION('',(0.E0,0.E0,-1.E0));
#7264=AXIS2_PLACEMENT_3D('',#7261,#7262,#7263);
#7265=PLANE('',#7264);
#7266=ORIENTED_EDGE('',*,*,#6720,.F.);
#7267=ORIENTED_EDGE('',*,*,#7114,.F.);
#7269=ORIENTED_EDGE('',*,*,#7268,.T.);
#7270=ORIENTED_EDGE('',*,*,#7192,.T.);
#7271=EDGE_LOOP('',(#7266,#7267,#7269,#7270));
#7272=FACE_OUTER_BOUND('',#7271,.F.);
#7273=ADVANCED_FACE('',(#7272),#7265,.T.);
#7274=CARTESIAN_POINT('',(-1.42875E1,-2.0955E0,-7.874E0));
#7275=DIRECTION('',(0.E0,0.E0,1.E0));
#7276=DIRECTION('',(0.E0,-1.E0,0.E0));
#7277=AXIS2_PLACEMENT_3D('',#7274,#7275,#7276);
#7278=PLANE('',#7277);
#7279=ORIENTED_EDGE('',*,*,#7112,.F.);
#7281=ORIENTED_EDGE('',*,*,#7280,.T.);
#7282=ORIENTED_EDGE('',*,*,#7194,.T.);
#7283=ORIENTED_EDGE('',*,*,#7268,.F.);
#7284=EDGE_LOOP('',(#7279,#7281,#7282,#7283));
#7285=FACE_OUTER_BOUND('',#7284,.F.);
#7286=ADVANCED_FACE('',(#7285),#7278,.T.);
#7287=CARTESIAN_POINT('',(-1.42875E1,-2.0955E0,-8.128E-1));
#7288=DIRECTION('',(0.E0,-1.E0,0.E0));
#7289=DIRECTION('',(0.E0,0.E0,-1.E0));
#7290=AXIS2_PLACEMENT_3D('',#7287,#7288,#7289);
#7291=PLANE('',#7290);
#7292=ORIENTED_EDGE('',*,*,#7110,.F.);
#7294=ORIENTED_EDGE('',*,*,#7293,.T.);
#7295=ORIENTED_EDGE('',*,*,#7196,.T.);
#7296=ORIENTED_EDGE('',*,*,#7280,.F.);
#7297=EDGE_LOOP('',(#7292,#7294,#7295,#7296));
#7298=FACE_OUTER_BOUND('',#7297,.F.);
#7299=ADVANCED_FACE('',(#7298),#7291,.T.);
#7300=CARTESIAN_POINT('',(-1.42875E1,-1.4605E0,-8.128E-1));
#7301=DIRECTION('',(0.E0,0.E0,1.E0));
#7302=DIRECTION('',(0.E0,-1.E0,0.E0));
#7303=AXIS2_PLACEMENT_3D('',#7300,#7301,#7302);
#7304=PLANE('',#7303);
#7305=ORIENTED_EDGE('',*,*,#7108,.F.);
#7307=ORIENTED_EDGE('',*,*,#7306,.T.);
#7308=ORIENTED_EDGE('',*,*,#7198,.T.);
#7309=ORIENTED_EDGE('',*,*,#7293,.F.);
#7310=EDGE_LOOP('',(#7305,#7307,#7308,#7309));
#7311=FACE_OUTER_BOUND('',#7310,.F.);
#7312=ADVANCED_FACE('',(#7311),#7304,.T.);
#7313=CARTESIAN_POINT('',(-1.42875E1,-1.4605E0,-7.874E0));
#7314=DIRECTION('',(0.E0,1.E0,0.E0));
#7315=DIRECTION('',(0.E0,0.E0,1.E0));
#7316=AXIS2_PLACEMENT_3D('',#7313,#7314,#7315);
#7317=PLANE('',#7316);
#7318=ORIENTED_EDGE('',*,*,#7106,.F.);
#7320=ORIENTED_EDGE('',*,*,#7319,.T.);
#7321=ORIENTED_EDGE('',*,*,#7200,.T.);
#7322=ORIENTED_EDGE('',*,*,#7306,.F.);
#7323=EDGE_LOOP('',(#7318,#7320,#7321,#7322));
#7324=FACE_OUTER_BOUND('',#7323,.F.);
#7325=ADVANCED_FACE('',(#7324),#7317,.T.);
#7326=CARTESIAN_POINT('',(-1.42875E1,-1.143E0,-7.874E0));
#7327=DIRECTION('',(0.E0,0.E0,1.E0));
#7328=DIRECTION('',(0.E0,-1.E0,0.E0));
#7329=AXIS2_PLACEMENT_3D('',#7326,#7327,#7328);
#7330=PLANE('',#7329);
#7331=ORIENTED_EDGE('',*,*,#7104,.F.);
#7332=ORIENTED_EDGE('',*,*,#7180,.T.);
#7333=ORIENTED_EDGE('',*,*,#7202,.T.);
#7334=ORIENTED_EDGE('',*,*,#7319,.F.);
#7335=EDGE_LOOP('',(#7331,#7332,#7333,#7334));
#7336=FACE_OUTER_BOUND('',#7335,.F.);
#7337=ADVANCED_FACE('',(#7336),#7330,.T.);
#7338=CARTESIAN_POINT('',(-1.42875E1,1.27E-1,-7.874E0));
#7339=DIRECTION('',(0.E0,-1.E0,0.E0));
#7340=DIRECTION('',(0.E0,0.E0,-1.E0));
#7341=AXIS2_PLACEMENT_3D('',#7338,#7339,#7340);
#7342=PLANE('',#7341);
#7343=ORIENTED_EDGE('',*,*,#6730,.F.);
#7344=ORIENTED_EDGE('',*,*,#7137,.F.);
#7346=ORIENTED_EDGE('',*,*,#7345,.T.);
#7347=ORIENTED_EDGE('',*,*,#7214,.T.);
#7348=EDGE_LOOP('',(#7343,#7344,#7346,#7347));
#7349=FACE_OUTER_BOUND('',#7348,.F.);
#7350=ADVANCED_FACE('',(#7349),#7342,.T.);
#7351=CARTESIAN_POINT('',(-1.42875E1,4.445E-1,-7.874E0));
#7352=DIRECTION('',(0.E0,0.E0,1.E0));
#7353=DIRECTION('',(0.E0,-1.E0,0.E0));
#7354=AXIS2_PLACEMENT_3D('',#7351,#7352,#7353);
#7355=PLANE('',#7354);
#7356=ORIENTED_EDGE('',*,*,#7135,.F.);
#7358=ORIENTED_EDGE('',*,*,#7357,.T.);
#7359=ORIENTED_EDGE('',*,*,#7216,.T.);
#7360=ORIENTED_EDGE('',*,*,#7345,.F.);
#7361=EDGE_LOOP('',(#7356,#7358,#7359,#7360));
#7362=FACE_OUTER_BOUND('',#7361,.F.);
#7363=ADVANCED_FACE('',(#7362),#7355,.T.);
#7364=CARTESIAN_POINT('',(-1.42875E1,4.445E-1,-8.128E-1));
#7365=DIRECTION('',(0.E0,-1.E0,0.E0));
#7366=DIRECTION('',(0.E0,0.E0,-1.E0));
#7367=AXIS2_PLACEMENT_3D('',#7364,#7365,#7366);
#7368=PLANE('',#7367);
#7369=ORIENTED_EDGE('',*,*,#7133,.F.);
#7371=ORIENTED_EDGE('',*,*,#7370,.T.);
#7372=ORIENTED_EDGE('',*,*,#7218,.T.);
#7373=ORIENTED_EDGE('',*,*,#7357,.F.);
#7374=EDGE_LOOP('',(#7369,#7371,#7372,#7373));
#7375=FACE_OUTER_BOUND('',#7374,.F.);
#7376=ADVANCED_FACE('',(#7375),#7368,.T.);
#7377=CARTESIAN_POINT('',(-1.42875E1,1.0795E0,-8.128E-1));
#7378=DIRECTION('',(0.E0,0.E0,1.E0));
#7379=DIRECTION('',(0.E0,-1.E0,0.E0));
#7380=AXIS2_PLACEMENT_3D('',#7377,#7378,#7379);
#7381=PLANE('',#7380);
#7382=ORIENTED_EDGE('',*,*,#7131,.F.);
#7384=ORIENTED_EDGE('',*,*,#7383,.T.);
#7385=ORIENTED_EDGE('',*,*,#7220,.T.);
#7386=ORIENTED_EDGE('',*,*,#7370,.F.);
#7387=EDGE_LOOP('',(#7382,#7384,#7385,#7386));
#7388=FACE_OUTER_BOUND('',#7387,.F.);
#7389=ADVANCED_FACE('',(#7388),#7381,.T.);
#7390=CARTESIAN_POINT('',(-1.42875E1,1.0795E0,-7.874E0));
#7391=DIRECTION('',(0.E0,1.E0,0.E0));
#7392=DIRECTION('',(0.E0,0.E0,1.E0));
#7393=AXIS2_PLACEMENT_3D('',#7390,#7391,#7392);
#7394=PLANE('',#7393);
#7395=ORIENTED_EDGE('',*,*,#7129,.F.);
#7397=ORIENTED_EDGE('',*,*,#7396,.T.);
#7398=ORIENTED_EDGE('',*,*,#7222,.T.);
#7399=ORIENTED_EDGE('',*,*,#7383,.F.);
#7400=EDGE_LOOP('',(#7395,#7397,#7398,#7399));
#7401=FACE_OUTER_BOUND('',#7400,.F.);
#7402=ADVANCED_FACE('',(#7401),#7394,.T.);
#7403=CARTESIAN_POINT('',(-1.42875E1,1.397E0,-7.874E0));
#7404=DIRECTION('',(0.E0,0.E0,1.E0));
#7405=DIRECTION('',(0.E0,-1.E0,0.E0));
#7406=AXIS2_PLACEMENT_3D('',#7403,#7404,#7405);
#7407=PLANE('',#7406);
#7408=ORIENTED_EDGE('',*,*,#7127,.F.);
#7410=ORIENTED_EDGE('',*,*,#7409,.T.);
#7411=ORIENTED_EDGE('',*,*,#7224,.T.);
#7412=ORIENTED_EDGE('',*,*,#7396,.F.);
#7413=EDGE_LOOP('',(#7408,#7410,#7411,#7412));
#7414=FACE_OUTER_BOUND('',#7413,.F.);
#7415=ADVANCED_FACE('',(#7414),#7407,.T.);
#7416=CARTESIAN_POINT('',(-1.42875E1,1.397E0,-8.89E0));
#7417=DIRECTION('',(0.E0,1.E0,0.E0));
#7418=DIRECTION('',(0.E0,0.E0,1.E0));
#7419=AXIS2_PLACEMENT_3D('',#7416,#7417,#7418);
#7420=PLANE('',#7419);
#7421=ORIENTED_EDGE('',*,*,#6734,.T.);
#7422=ORIENTED_EDGE('',*,*,#7226,.T.);
#7423=ORIENTED_EDGE('',*,*,#7409,.F.);
#7424=ORIENTED_EDGE('',*,*,#7125,.F.);
#7425=EDGE_LOOP('',(#7421,#7422,#7423,#7424));
#7426=FACE_OUTER_BOUND('',#7425,.F.);
#7427=ADVANCED_FACE('',(#7426),#7420,.T.);
#7428=CARTESIAN_POINT('',(-1.42875E1,-8.509E0,-1.31953E1));
#7429=DIRECTION('',(0.E0,0.E0,-1.E0));
#7430=DIRECTION('',(0.E0,1.E0,0.E0));
#7431=AXIS2_PLACEMENT_3D('',#7428,#7429,#7430);
#7432=PLANE('',#7431);
#7433=ORIENTED_EDGE('',*,*,#5990,.F.);
#7434=ORIENTED_EDGE('',*,*,#7166,.F.);
#7436=ORIENTED_EDGE('',*,*,#7435,.T.);
#7437=ORIENTED_EDGE('',*,*,#7237,.T.);
#7438=EDGE_LOOP('',(#7433,#7434,#7436,#7437));
#7439=FACE_OUTER_BOUND('',#7438,.F.);
#7440=ADVANCED_FACE('',(#7439),#7432,.T.);
#7441=CARTESIAN_POINT('',(-1.42875E1,-8.509E0,-1.25603E1));
#7442=DIRECTION('',(0.E0,-1.E0,0.E0));
#7443=DIRECTION('',(0.E0,0.E0,-1.E0));
#7444=AXIS2_PLACEMENT_3D('',#7441,#7442,#7443);
#7445=PLANE('',#7444);
#7446=ORIENTED_EDGE('',*,*,#7164,.F.);
#7448=ORIENTED_EDGE('',*,*,#7447,.T.);
#7449=ORIENTED_EDGE('',*,*,#7239,.T.);
#7450=ORIENTED_EDGE('',*,*,#7435,.F.);
#7451=EDGE_LOOP('',(#7446,#7448,#7449,#7450));
#7452=FACE_OUTER_BOUND('',#7451,.F.);
#7453=ADVANCED_FACE('',(#7452),#7445,.T.);
#7454=CARTESIAN_POINT('',(-1.42875E1,-5.08E0,-1.25603E1));
#7455=DIRECTION('',(0.E0,0.E0,1.E0));
#7456=DIRECTION('',(0.E0,-1.E0,0.E0));
#7457=AXIS2_PLACEMENT_3D('',#7454,#7455,#7456);
#7458=PLANE('',#7457);
#7459=ORIENTED_EDGE('',*,*,#5986,.T.);
#7460=ORIENTED_EDGE('',*,*,#7241,.T.);
#7461=ORIENTED_EDGE('',*,*,#7447,.F.);
#7462=ORIENTED_EDGE('',*,*,#7162,.F.);
#7463=EDGE_LOOP('',(#7459,#7460,#7461,#7462));
#7464=FACE_OUTER_BOUND('',#7463,.F.);
#7465=ADVANCED_FACE('',(#7464),#7458,.T.);
#7466=CARTESIAN_POINT('',(-1.42875E1,-8.509E0,-1.57353E1));
#7467=DIRECTION('',(0.E0,0.E0,-1.E0));
#7468=DIRECTION('',(0.E0,1.E0,0.E0));
#7469=AXIS2_PLACEMENT_3D('',#7466,#7467,#7468);
#7470=PLANE('',#7469);
#7471=ORIENTED_EDGE('',*,*,#7151,.F.);
#7473=ORIENTED_EDGE('',*,*,#7472,.T.);
#7474=ORIENTED_EDGE('',*,*,#7252,.T.);
#7475=ORIENTED_EDGE('',*,*,#5998,.F.);
#7476=EDGE_LOOP('',(#7471,#7473,#7474,#7475));
#7477=FACE_OUTER_BOUND('',#7476,.F.);
#7478=ADVANCED_FACE('',(#7477),#7470,.T.);
#7479=CARTESIAN_POINT('',(-1.42875E1,-8.509E0,-1.51003E1));
#7480=DIRECTION('',(0.E0,-1.E0,0.E0));
#7481=DIRECTION('',(0.E0,0.E0,-1.E0));
#7482=AXIS2_PLACEMENT_3D('',#7479,#7480,#7481);
#7483=PLANE('',#7482);
#7484=ORIENTED_EDGE('',*,*,#7149,.F.);
#7486=ORIENTED_EDGE('',*,*,#7485,.T.);
#7487=ORIENTED_EDGE('',*,*,#7254,.T.);
#7488=ORIENTED_EDGE('',*,*,#7472,.F.);
#7489=EDGE_LOOP('',(#7484,#7486,#7487,#7488));
#7490=FACE_OUTER_BOUND('',#7489,.F.);
#7491=ADVANCED_FACE('',(#7490),#7483,.T.);
#7492=CARTESIAN_POINT('',(-1.42875E1,-5.08E0,-1.51003E1));
#7493=DIRECTION('',(0.E0,0.E0,1.E0));
#7494=DIRECTION('',(0.E0,-1.E0,0.E0));
#7495=AXIS2_PLACEMENT_3D('',#7492,#7493,#7494);
#7496=PLANE('',#7495);
#7497=ORIENTED_EDGE('',*,*,#7147,.F.);
#7498=ORIENTED_EDGE('',*,*,#6002,.T.);
#7499=ORIENTED_EDGE('',*,*,#7256,.T.);
#7500=ORIENTED_EDGE('',*,*,#7485,.F.);
#7501=EDGE_LOOP('',(#7497,#7498,#7499,#7500));
#7502=FACE_OUTER_BOUND('',#7501,.F.);
#7503=ADVANCED_FACE('',(#7502),#7496,.T.);
#7504=CARTESIAN_POINT('',(-1.17475E1,7.62E-1,0.E0));
#7505=DIRECTION('',(1.E0,0.E0,0.E0));
#7506=DIRECTION('',(0.E0,0.E0,-1.E0));
#7507=AXIS2_PLACEMENT_3D('',#7504,#7505,#7506);
#7508=PLANE('',#7507);
#7509=ORIENTED_EDGE('',*,*,#6738,.T.);
#7511=ORIENTED_EDGE('',*,*,#7510,.T.);
#7513=ORIENTED_EDGE('',*,*,#7512,.T.);
#7515=ORIENTED_EDGE('',*,*,#7514,.T.);
#7517=ORIENTED_EDGE('',*,*,#7516,.T.);
#7519=ORIENTED_EDGE('',*,*,#7518,.T.);
#7521=ORIENTED_EDGE('',*,*,#7520,.T.);
#7523=ORIENTED_EDGE('',*,*,#7522,.T.);
#7524=EDGE_LOOP('',(#7509,#7511,#7513,#7515,#7517,#7519,#7521,#7523));
#7525=FACE_OUTER_BOUND('',#7524,.F.);
#7526=ADVANCED_FACE('',(#7525),#7508,.F.);
#7527=CARTESIAN_POINT('',(-1.17475E1,7.62E-1,0.E0));
#7528=DIRECTION('',(1.E0,0.E0,0.E0));
#7529=DIRECTION('',(0.E0,0.E0,-1.E0));
#7530=AXIS2_PLACEMENT_3D('',#7527,#7528,#7529);
#7531=PLANE('',#7530);
#7532=ORIENTED_EDGE('',*,*,#6748,.T.);
#7534=ORIENTED_EDGE('',*,*,#7533,.T.);
#7536=ORIENTED_EDGE('',*,*,#7535,.T.);
#7538=ORIENTED_EDGE('',*,*,#7537,.T.);
#7540=ORIENTED_EDGE('',*,*,#7539,.T.);
#7542=ORIENTED_EDGE('',*,*,#7541,.T.);
#7544=ORIENTED_EDGE('',*,*,#7543,.T.);
#7546=ORIENTED_EDGE('',*,*,#7545,.T.);
#7547=EDGE_LOOP('',(#7532,#7534,#7536,#7538,#7540,#7542,#7544,#7546));
#7548=FACE_OUTER_BOUND('',#7547,.F.);
#7549=ADVANCED_FACE('',(#7548),#7531,.F.);
#7550=CARTESIAN_POINT('',(-1.17475E1,7.62E-1,0.E0));
#7551=DIRECTION('',(1.E0,0.E0,0.E0));
#7552=DIRECTION('',(0.E0,0.E0,-1.E0));
#7553=AXIS2_PLACEMENT_3D('',#7550,#7551,#7552);
#7554=PLANE('',#7553);
#7555=ORIENTED_EDGE('',*,*,#6006,.F.);
#7557=ORIENTED_EDGE('',*,*,#7556,.T.);
#7559=ORIENTED_EDGE('',*,*,#7558,.T.);
#7561=ORIENTED_EDGE('',*,*,#7560,.T.);
#7562=EDGE_LOOP('',(#7555,#7557,#7559,#7561));
#7563=FACE_OUTER_BOUND('',#7562,.F.);
#7564=ADVANCED_FACE('',(#7563),#7554,.F.);
#7565=CARTESIAN_POINT('',(-1.17475E1,7.62E-1,0.E0));
#7566=DIRECTION('',(1.E0,0.E0,0.E0));
#7567=DIRECTION('',(0.E0,0.E0,-1.E0));
#7568=AXIS2_PLACEMENT_3D('',#7565,#7566,#7567);
#7569=PLANE('',#7568);
#7570=ORIENTED_EDGE('',*,*,#6016,.F.);
#7572=ORIENTED_EDGE('',*,*,#7571,.T.);
#7574=ORIENTED_EDGE('',*,*,#7573,.T.);
#7576=ORIENTED_EDGE('',*,*,#7575,.T.);
#7577=EDGE_LOOP('',(#7570,#7572,#7574,#7576));
#7578=FACE_OUTER_BOUND('',#7577,.F.);
#7579=ADVANCED_FACE('',(#7578),#7569,.F.);
#7580=CARTESIAN_POINT('',(-1.17475E1,-1.143E0,-8.89E0));
#7581=DIRECTION('',(0.E0,1.E0,0.E0));
#7582=DIRECTION('',(0.E0,0.E0,1.E0));
#7583=AXIS2_PLACEMENT_3D('',#7580,#7581,#7582);
#7584=PLANE('',#7583);
#7585=ORIENTED_EDGE('',*,*,#6744,.T.);
#7587=ORIENTED_EDGE('',*,*,#7586,.T.);
#7589=ORIENTED_EDGE('',*,*,#7588,.F.);
#7590=ORIENTED_EDGE('',*,*,#7510,.F.);
#7591=EDGE_LOOP('',(#7585,#7587,#7589,#7590));
#7592=FACE_OUTER_BOUND('',#7591,.F.);
#7593=ADVANCED_FACE('',(#7592),#7584,.T.);
#7594=CARTESIAN_POINT('',(-1.11125E1,7.62E-1,0.E0));
#7595=DIRECTION('',(1.E0,0.E0,0.E0));
#7596=DIRECTION('',(0.E0,0.E0,-1.E0));
#7597=AXIS2_PLACEMENT_3D('',#7594,#7595,#7596);
#7598=PLANE('',#7597);
#7599=ORIENTED_EDGE('',*,*,#6742,.F.);
#7601=ORIENTED_EDGE('',*,*,#7600,.F.);
#7603=ORIENTED_EDGE('',*,*,#7602,.F.);
#7605=ORIENTED_EDGE('',*,*,#7604,.F.);
#7607=ORIENTED_EDGE('',*,*,#7606,.F.);
#7609=ORIENTED_EDGE('',*,*,#7608,.F.);
#7611=ORIENTED_EDGE('',*,*,#7610,.F.);
#7612=ORIENTED_EDGE('',*,*,#7586,.F.);
#7613=EDGE_LOOP('',(#7599,#7601,#7603,#7605,#7607,#7609,#7611,#7612));
#7614=FACE_OUTER_BOUND('',#7613,.F.);
#7615=ADVANCED_FACE('',(#7614),#7598,.T.);
#7616=CARTESIAN_POINT('',(-1.11125E1,7.62E-1,0.E0));
#7617=DIRECTION('',(1.E0,0.E0,0.E0));
#7618=DIRECTION('',(0.E0,0.E0,-1.E0));
#7619=AXIS2_PLACEMENT_3D('',#7616,#7617,#7618);
#7620=PLANE('',#7619);
#7621=ORIENTED_EDGE('',*,*,#6752,.F.);
#7623=ORIENTED_EDGE('',*,*,#7622,.F.);
#7625=ORIENTED_EDGE('',*,*,#7624,.F.);
#7627=ORIENTED_EDGE('',*,*,#7626,.F.);
#7629=ORIENTED_EDGE('',*,*,#7628,.F.);
#7631=ORIENTED_EDGE('',*,*,#7630,.F.);
#7633=ORIENTED_EDGE('',*,*,#7632,.F.);
#7635=ORIENTED_EDGE('',*,*,#7634,.F.);
#7636=EDGE_LOOP('',(#7621,#7623,#7625,#7627,#7629,#7631,#7633,#7635));
#7637=FACE_OUTER_BOUND('',#7636,.F.);
#7638=ADVANCED_FACE('',(#7637),#7620,.T.);
#7639=CARTESIAN_POINT('',(-1.11125E1,7.62E-1,0.E0));
#7640=DIRECTION('',(1.E0,0.E0,0.E0));
#7641=DIRECTION('',(0.E0,0.E0,-1.E0));
#7642=AXIS2_PLACEMENT_3D('',#7639,#7640,#7641);
#7643=PLANE('',#7642);
#7644=ORIENTED_EDGE('',*,*,#6010,.T.);
#7646=ORIENTED_EDGE('',*,*,#7645,.F.);
#7648=ORIENTED_EDGE('',*,*,#7647,.F.);
#7650=ORIENTED_EDGE('',*,*,#7649,.F.);
#7651=EDGE_LOOP('',(#7644,#7646,#7648,#7650));
#7652=FACE_OUTER_BOUND('',#7651,.F.);
#7653=ADVANCED_FACE('',(#7652),#7643,.T.);
#7654=CARTESIAN_POINT('',(-1.11125E1,7.62E-1,0.E0));
#7655=DIRECTION('',(1.E0,0.E0,0.E0));
#7656=DIRECTION('',(0.E0,0.E0,-1.E0));
#7657=AXIS2_PLACEMENT_3D('',#7654,#7655,#7656);
#7658=PLANE('',#7657);
#7659=ORIENTED_EDGE('',*,*,#6020,.T.);
#7661=ORIENTED_EDGE('',*,*,#7660,.F.);
#7663=ORIENTED_EDGE('',*,*,#7662,.F.);
#7665=ORIENTED_EDGE('',*,*,#7664,.F.);
#7666=EDGE_LOOP('',(#7659,#7661,#7663,#7665));
#7667=FACE_OUTER_BOUND('',#7666,.F.);
#7668=ADVANCED_FACE('',(#7667),#7658,.T.);
#7669=CARTESIAN_POINT('',(-1.17475E1,-2.413E0,-7.874E0));
#7670=DIRECTION('',(0.E0,-1.E0,0.E0));
#7671=DIRECTION('',(0.E0,0.E0,-1.E0));
#7672=AXIS2_PLACEMENT_3D('',#7669,#7670,#7671);
#7673=PLANE('',#7672);
#7674=ORIENTED_EDGE('',*,*,#6740,.F.);
#7675=ORIENTED_EDGE('',*,*,#7522,.F.);
#7677=ORIENTED_EDGE('',*,*,#7676,.T.);
#7678=ORIENTED_EDGE('',*,*,#7600,.T.);
#7679=EDGE_LOOP('',(#7674,#7675,#7677,#7678));
#7680=FACE_OUTER_BOUND('',#7679,.F.);
#7681=ADVANCED_FACE('',(#7680),#7673,.T.);
#7682=CARTESIAN_POINT('',(-1.17475E1,-2.0955E0,-7.874E0));
#7683=DIRECTION('',(0.E0,0.E0,1.E0));
#7684=DIRECTION('',(0.E0,-1.E0,0.E0));
#7685=AXIS2_PLACEMENT_3D('',#7682,#7683,#7684);
#7686=PLANE('',#7685);
#7687=ORIENTED_EDGE('',*,*,#7520,.F.);
#7689=ORIENTED_EDGE('',*,*,#7688,.T.);
#7690=ORIENTED_EDGE('',*,*,#7602,.T.);
#7691=ORIENTED_EDGE('',*,*,#7676,.F.);
#7692=EDGE_LOOP('',(#7687,#7689,#7690,#7691));
#7693=FACE_OUTER_BOUND('',#7692,.F.);
#7694=ADVANCED_FACE('',(#7693),#7686,.T.);
#7695=CARTESIAN_POINT('',(-1.17475E1,-2.0955E0,-8.128E-1));
#7696=DIRECTION('',(0.E0,-1.E0,0.E0));
#7697=DIRECTION('',(0.E0,0.E0,-1.E0));
#7698=AXIS2_PLACEMENT_3D('',#7695,#7696,#7697);
#7699=PLANE('',#7698);
#7700=ORIENTED_EDGE('',*,*,#7518,.F.);
#7702=ORIENTED_EDGE('',*,*,#7701,.T.);
#7703=ORIENTED_EDGE('',*,*,#7604,.T.);
#7704=ORIENTED_EDGE('',*,*,#7688,.F.);
#7705=EDGE_LOOP('',(#7700,#7702,#7703,#7704));
#7706=FACE_OUTER_BOUND('',#7705,.F.);
#7707=ADVANCED_FACE('',(#7706),#7699,.T.);
#7708=CARTESIAN_POINT('',(-1.17475E1,-1.4605E0,-8.128E-1));
#7709=DIRECTION('',(0.E0,0.E0,1.E0));
#7710=DIRECTION('',(0.E0,-1.E0,0.E0));
#7711=AXIS2_PLACEMENT_3D('',#7708,#7709,#7710);
#7712=PLANE('',#7711);
#7713=ORIENTED_EDGE('',*,*,#7516,.F.);
#7715=ORIENTED_EDGE('',*,*,#7714,.T.);
#7716=ORIENTED_EDGE('',*,*,#7606,.T.);
#7717=ORIENTED_EDGE('',*,*,#7701,.F.);
#7718=EDGE_LOOP('',(#7713,#7715,#7716,#7717));
#7719=FACE_OUTER_BOUND('',#7718,.F.);
#7720=ADVANCED_FACE('',(#7719),#7712,.T.);
#7721=CARTESIAN_POINT('',(-1.17475E1,-1.4605E0,-7.874E0));
#7722=DIRECTION('',(0.E0,1.E0,0.E0));
#7723=DIRECTION('',(0.E0,0.E0,1.E0));
#7724=AXIS2_PLACEMENT_3D('',#7721,#7722,#7723);
#7725=PLANE('',#7724);
#7726=ORIENTED_EDGE('',*,*,#7514,.F.);
#7728=ORIENTED_EDGE('',*,*,#7727,.T.);
#7729=ORIENTED_EDGE('',*,*,#7608,.T.);
#7730=ORIENTED_EDGE('',*,*,#7714,.F.);
#7731=EDGE_LOOP('',(#7726,#7728,#7729,#7730));
#7732=FACE_OUTER_BOUND('',#7731,.F.);
#7733=ADVANCED_FACE('',(#7732),#7725,.T.);
#7734=CARTESIAN_POINT('',(-1.17475E1,-1.143E0,-7.874E0));
#7735=DIRECTION('',(0.E0,0.E0,1.E0));
#7736=DIRECTION('',(0.E0,-1.E0,0.E0));
#7737=AXIS2_PLACEMENT_3D('',#7734,#7735,#7736);
#7738=PLANE('',#7737);
#7739=ORIENTED_EDGE('',*,*,#7512,.F.);
#7740=ORIENTED_EDGE('',*,*,#7588,.T.);
#7741=ORIENTED_EDGE('',*,*,#7610,.T.);
#7742=ORIENTED_EDGE('',*,*,#7727,.F.);
#7743=EDGE_LOOP('',(#7739,#7740,#7741,#7742));
#7744=FACE_OUTER_BOUND('',#7743,.F.);
#7745=ADVANCED_FACE('',(#7744),#7738,.T.);
#7746=CARTESIAN_POINT('',(-1.17475E1,1.27E-1,-7.874E0));
#7747=DIRECTION('',(0.E0,-1.E0,0.E0));
#7748=DIRECTION('',(0.E0,0.E0,-1.E0));
#7749=AXIS2_PLACEMENT_3D('',#7746,#7747,#7748);
#7750=PLANE('',#7749);
#7751=ORIENTED_EDGE('',*,*,#6750,.F.);
#7752=ORIENTED_EDGE('',*,*,#7545,.F.);
#7754=ORIENTED_EDGE('',*,*,#7753,.T.);
#7755=ORIENTED_EDGE('',*,*,#7622,.T.);
#7756=EDGE_LOOP('',(#7751,#7752,#7754,#7755));
#7757=FACE_OUTER_BOUND('',#7756,.F.);
#7758=ADVANCED_FACE('',(#7757),#7750,.T.);
#7759=CARTESIAN_POINT('',(-1.17475E1,4.445E-1,-7.874E0));
#7760=DIRECTION('',(0.E0,0.E0,1.E0));
#7761=DIRECTION('',(0.E0,-1.E0,0.E0));
#7762=AXIS2_PLACEMENT_3D('',#7759,#7760,#7761);
#7763=PLANE('',#7762);
#7764=ORIENTED_EDGE('',*,*,#7543,.F.);
#7766=ORIENTED_EDGE('',*,*,#7765,.T.);
#7767=ORIENTED_EDGE('',*,*,#7624,.T.);
#7768=ORIENTED_EDGE('',*,*,#7753,.F.);
#7769=EDGE_LOOP('',(#7764,#7766,#7767,#7768));
#7770=FACE_OUTER_BOUND('',#7769,.F.);
#7771=ADVANCED_FACE('',(#7770),#7763,.T.);
#7772=CARTESIAN_POINT('',(-1.17475E1,4.445E-1,-8.128E-1));
#7773=DIRECTION('',(0.E0,-1.E0,0.E0));
#7774=DIRECTION('',(0.E0,0.E0,-1.E0));
#7775=AXIS2_PLACEMENT_3D('',#7772,#7773,#7774);
#7776=PLANE('',#7775);
#7777=ORIENTED_EDGE('',*,*,#7541,.F.);
#7779=ORIENTED_EDGE('',*,*,#7778,.T.);
#7780=ORIENTED_EDGE('',*,*,#7626,.T.);
#7781=ORIENTED_EDGE('',*,*,#7765,.F.);
#7782=EDGE_LOOP('',(#7777,#7779,#7780,#7781));
#7783=FACE_OUTER_BOUND('',#7782,.F.);
#7784=ADVANCED_FACE('',(#7783),#7776,.T.);
#7785=CARTESIAN_POINT('',(-1.17475E1,1.0795E0,-8.128E-1));
#7786=DIRECTION('',(0.E0,0.E0,1.E0));
#7787=DIRECTION('',(0.E0,-1.E0,0.E0));
#7788=AXIS2_PLACEMENT_3D('',#7785,#7786,#7787);
#7789=PLANE('',#7788);
#7790=ORIENTED_EDGE('',*,*,#7539,.F.);
#7792=ORIENTED_EDGE('',*,*,#7791,.T.);
#7793=ORIENTED_EDGE('',*,*,#7628,.T.);
#7794=ORIENTED_EDGE('',*,*,#7778,.F.);
#7795=EDGE_LOOP('',(#7790,#7792,#7793,#7794));
#7796=FACE_OUTER_BOUND('',#7795,.F.);
#7797=ADVANCED_FACE('',(#7796),#7789,.T.);
#7798=CARTESIAN_POINT('',(-1.17475E1,1.0795E0,-7.874E0));
#7799=DIRECTION('',(0.E0,1.E0,0.E0));
#7800=DIRECTION('',(0.E0,0.E0,1.E0));
#7801=AXIS2_PLACEMENT_3D('',#7798,#7799,#7800);
#7802=PLANE('',#7801);
#7803=ORIENTED_EDGE('',*,*,#7537,.F.);
#7805=ORIENTED_EDGE('',*,*,#7804,.T.);
#7806=ORIENTED_EDGE('',*,*,#7630,.T.);
#7807=ORIENTED_EDGE('',*,*,#7791,.F.);
#7808=EDGE_LOOP('',(#7803,#7805,#7806,#7807));
#7809=FACE_OUTER_BOUND('',#7808,.F.);
#7810=ADVANCED_FACE('',(#7809),#7802,.T.);
#7811=CARTESIAN_POINT('',(-1.17475E1,1.397E0,-7.874E0));
#7812=DIRECTION('',(0.E0,0.E0,1.E0));
#7813=DIRECTION('',(0.E0,-1.E0,0.E0));
#7814=AXIS2_PLACEMENT_3D('',#7811,#7812,#7813);
#7815=PLANE('',#7814);
#7816=ORIENTED_EDGE('',*,*,#7535,.F.);
#7818=ORIENTED_EDGE('',*,*,#7817,.T.);
#7819=ORIENTED_EDGE('',*,*,#7632,.T.);
#7820=ORIENTED_EDGE('',*,*,#7804,.F.);
#7821=EDGE_LOOP('',(#7816,#7818,#7819,#7820));
#7822=FACE_OUTER_BOUND('',#7821,.F.);
#7823=ADVANCED_FACE('',(#7822),#7815,.T.);
#7824=CARTESIAN_POINT('',(-1.17475E1,1.397E0,-8.89E0));
#7825=DIRECTION('',(0.E0,1.E0,0.E0));
#7826=DIRECTION('',(0.E0,0.E0,1.E0));
#7827=AXIS2_PLACEMENT_3D('',#7824,#7825,#7826);
#7828=PLANE('',#7827);
#7829=ORIENTED_EDGE('',*,*,#6754,.T.);
#7830=ORIENTED_EDGE('',*,*,#7634,.T.);
#7831=ORIENTED_EDGE('',*,*,#7817,.F.);
#7832=ORIENTED_EDGE('',*,*,#7533,.F.);
#7833=EDGE_LOOP('',(#7829,#7830,#7831,#7832));
#7834=FACE_OUTER_BOUND('',#7833,.F.);
#7835=ADVANCED_FACE('',(#7834),#7828,.T.);
#7836=CARTESIAN_POINT('',(-1.17475E1,-8.509E0,-1.31953E1));
#7837=DIRECTION('',(0.E0,0.E0,-1.E0));
#7838=DIRECTION('',(0.E0,1.E0,0.E0));
#7839=AXIS2_PLACEMENT_3D('',#7836,#7837,#7838);
#7840=PLANE('',#7839);
#7841=ORIENTED_EDGE('',*,*,#6008,.F.);
#7842=ORIENTED_EDGE('',*,*,#7560,.F.);
#7844=ORIENTED_EDGE('',*,*,#7843,.T.);
#7845=ORIENTED_EDGE('',*,*,#7645,.T.);
#7846=EDGE_LOOP('',(#7841,#7842,#7844,#7845));
#7847=FACE_OUTER_BOUND('',#7846,.F.);
#7848=ADVANCED_FACE('',(#7847),#7840,.T.);
#7849=CARTESIAN_POINT('',(-1.17475E1,-8.509E0,-1.25603E1));
#7850=DIRECTION('',(0.E0,-1.E0,0.E0));
#7851=DIRECTION('',(0.E0,0.E0,-1.E0));
#7852=AXIS2_PLACEMENT_3D('',#7849,#7850,#7851);
#7853=PLANE('',#7852);
#7854=ORIENTED_EDGE('',*,*,#7558,.F.);
#7856=ORIENTED_EDGE('',*,*,#7855,.T.);
#7857=ORIENTED_EDGE('',*,*,#7647,.T.);
#7858=ORIENTED_EDGE('',*,*,#7843,.F.);
#7859=EDGE_LOOP('',(#7854,#7856,#7857,#7858));
#7860=FACE_OUTER_BOUND('',#7859,.F.);
#7861=ADVANCED_FACE('',(#7860),#7853,.T.);
#7862=CARTESIAN_POINT('',(-1.17475E1,-5.08E0,-1.25603E1));
#7863=DIRECTION('',(0.E0,0.E0,1.E0));
#7864=DIRECTION('',(0.E0,-1.E0,0.E0));
#7865=AXIS2_PLACEMENT_3D('',#7862,#7863,#7864);
#7866=PLANE('',#7865);
#7867=ORIENTED_EDGE('',*,*,#6012,.T.);
#7868=ORIENTED_EDGE('',*,*,#7649,.T.);
#7869=ORIENTED_EDGE('',*,*,#7855,.F.);
#7870=ORIENTED_EDGE('',*,*,#7556,.F.);
#7871=EDGE_LOOP('',(#7867,#7868,#7869,#7870));
#7872=FACE_OUTER_BOUND('',#7871,.F.);
#7873=ADVANCED_FACE('',(#7872),#7866,.T.);
#7874=CARTESIAN_POINT('',(-1.17475E1,-8.509E0,-1.57353E1));
#7875=DIRECTION('',(0.E0,0.E0,-1.E0));
#7876=DIRECTION('',(0.E0,1.E0,0.E0));
#7877=AXIS2_PLACEMENT_3D('',#7874,#7875,#7876);
#7878=PLANE('',#7877);
#7879=ORIENTED_EDGE('',*,*,#6018,.F.);
#7880=ORIENTED_EDGE('',*,*,#7575,.F.);
#7882=ORIENTED_EDGE('',*,*,#7881,.T.);
#7883=ORIENTED_EDGE('',*,*,#7660,.T.);
#7884=EDGE_LOOP('',(#7879,#7880,#7882,#7883));
#7885=FACE_OUTER_BOUND('',#7884,.F.);
#7886=ADVANCED_FACE('',(#7885),#7878,.T.);
#7887=CARTESIAN_POINT('',(-1.17475E1,-8.509E0,-1.51003E1));
#7888=DIRECTION('',(0.E0,-1.E0,0.E0));
#7889=DIRECTION('',(0.E0,0.E0,-1.E0));
#7890=AXIS2_PLACEMENT_3D('',#7887,#7888,#7889);
#7891=PLANE('',#7890);
#7892=ORIENTED_EDGE('',*,*,#7573,.F.);
#7894=ORIENTED_EDGE('',*,*,#7893,.T.);
#7895=ORIENTED_EDGE('',*,*,#7662,.T.);
#7896=ORIENTED_EDGE('',*,*,#7881,.F.);
#7897=EDGE_LOOP('',(#7892,#7894,#7895,#7896));
#7898=FACE_OUTER_BOUND('',#7897,.F.);
#7899=ADVANCED_FACE('',(#7898),#7891,.T.);
#7900=CARTESIAN_POINT('',(-1.17475E1,-5.08E0,-1.51003E1));
#7901=DIRECTION('',(0.E0,0.E0,1.E0));
#7902=DIRECTION('',(0.E0,-1.E0,0.E0));
#7903=AXIS2_PLACEMENT_3D('',#7900,#7901,#7902);
#7904=PLANE('',#7903);
#7905=ORIENTED_EDGE('',*,*,#6022,.T.);
#7906=ORIENTED_EDGE('',*,*,#7664,.T.);
#7907=ORIENTED_EDGE('',*,*,#7893,.F.);
#7908=ORIENTED_EDGE('',*,*,#7571,.F.);
#7909=EDGE_LOOP('',(#7905,#7906,#7907,#7908));
#7910=FACE_OUTER_BOUND('',#7909,.F.);
#7911=ADVANCED_FACE('',(#7910),#7904,.T.);
#7912=CARTESIAN_POINT('',(-9.2075E0,7.62E-1,0.E0));
#7913=DIRECTION('',(1.E0,0.E0,0.E0));
#7914=DIRECTION('',(0.E0,0.E0,-1.E0));
#7915=AXIS2_PLACEMENT_3D('',#7912,#7913,#7914);
#7916=PLANE('',#7915);
#7917=ORIENTED_EDGE('',*,*,#6758,.T.);
#7919=ORIENTED_EDGE('',*,*,#7918,.T.);
#7921=ORIENTED_EDGE('',*,*,#7920,.T.);
#7923=ORIENTED_EDGE('',*,*,#7922,.T.);
#7925=ORIENTED_EDGE('',*,*,#7924,.T.);
#7927=ORIENTED_EDGE('',*,*,#7926,.T.);
#7929=ORIENTED_EDGE('',*,*,#7928,.T.);
#7931=ORIENTED_EDGE('',*,*,#7930,.T.);
#7932=EDGE_LOOP('',(#7917,#7919,#7921,#7923,#7925,#7927,#7929,#7931));
#7933=FACE_OUTER_BOUND('',#7932,.F.);
#7934=ADVANCED_FACE('',(#7933),#7916,.F.);
#7935=CARTESIAN_POINT('',(-9.2075E0,7.62E-1,0.E0));
#7936=DIRECTION('',(1.E0,0.E0,0.E0));
#7937=DIRECTION('',(0.E0,0.E0,-1.E0));
#7938=AXIS2_PLACEMENT_3D('',#7935,#7936,#7937);
#7939=PLANE('',#7938);
#7940=ORIENTED_EDGE('',*,*,#6768,.T.);
#7942=ORIENTED_EDGE('',*,*,#7941,.T.);
#7944=ORIENTED_EDGE('',*,*,#7943,.T.);
#7946=ORIENTED_EDGE('',*,*,#7945,.T.);
#7948=ORIENTED_EDGE('',*,*,#7947,.T.);
#7950=ORIENTED_EDGE('',*,*,#7949,.T.);
#7952=ORIENTED_EDGE('',*,*,#7951,.T.);
#7954=ORIENTED_EDGE('',*,*,#7953,.T.);
#7955=EDGE_LOOP('',(#7940,#7942,#7944,#7946,#7948,#7950,#7952,#7954));
#7956=FACE_OUTER_BOUND('',#7955,.F.);
#7957=ADVANCED_FACE('',(#7956),#7939,.F.);
#7958=CARTESIAN_POINT('',(-9.2075E0,7.62E-1,0.E0));
#7959=DIRECTION('',(1.E0,0.E0,0.E0));
#7960=DIRECTION('',(0.E0,0.E0,-1.E0));
#7961=AXIS2_PLACEMENT_3D('',#7958,#7959,#7960);
#7962=PLANE('',#7961);
#7963=ORIENTED_EDGE('',*,*,#6026,.F.);
#7965=ORIENTED_EDGE('',*,*,#7964,.T.);
#7967=ORIENTED_EDGE('',*,*,#7966,.T.);
#7969=ORIENTED_EDGE('',*,*,#7968,.T.);
#7970=EDGE_LOOP('',(#7963,#7965,#7967,#7969));
#7971=FACE_OUTER_BOUND('',#7970,.F.);
#7972=ADVANCED_FACE('',(#7971),#7962,.F.);
#7973=CARTESIAN_POINT('',(-9.2075E0,7.62E-1,0.E0));
#7974=DIRECTION('',(1.E0,0.E0,0.E0));
#7975=DIRECTION('',(0.E0,0.E0,-1.E0));
#7976=AXIS2_PLACEMENT_3D('',#7973,#7974,#7975);
#7977=PLANE('',#7976);
#7978=ORIENTED_EDGE('',*,*,#6036,.F.);
#7980=ORIENTED_EDGE('',*,*,#7979,.T.);
#7982=ORIENTED_EDGE('',*,*,#7981,.T.);
#7984=ORIENTED_EDGE('',*,*,#7983,.T.);
#7985=EDGE_LOOP('',(#7978,#7980,#7982,#7984));
#7986=FACE_OUTER_BOUND('',#7985,.F.);
#7987=ADVANCED_FACE('',(#7986),#7977,.F.);
#7988=CARTESIAN_POINT('',(-9.2075E0,-1.143E0,-8.89E0));
#7989=DIRECTION('',(0.E0,1.E0,0.E0));
#7990=DIRECTION('',(0.E0,0.E0,1.E0));
#7991=AXIS2_PLACEMENT_3D('',#7988,#7989,#7990);
#7992=PLANE('',#7991);
#7993=ORIENTED_EDGE('',*,*,#6764,.T.);
#7995=ORIENTED_EDGE('',*,*,#7994,.T.);
#7997=ORIENTED_EDGE('',*,*,#7996,.F.);
#7998=ORIENTED_EDGE('',*,*,#7918,.F.);
#7999=EDGE_LOOP('',(#7993,#7995,#7997,#7998));
#8000=FACE_OUTER_BOUND('',#7999,.F.);
#8001=ADVANCED_FACE('',(#8000),#7992,.T.);
#8002=CARTESIAN_POINT('',(-8.5725E0,7.62E-1,0.E0));
#8003=DIRECTION('',(1.E0,0.E0,0.E0));
#8004=DIRECTION('',(0.E0,0.E0,-1.E0));
#8005=AXIS2_PLACEMENT_3D('',#8002,#8003,#8004);
#8006=PLANE('',#8005);
#8007=ORIENTED_EDGE('',*,*,#6762,.F.);
#8009=ORIENTED_EDGE('',*,*,#8008,.F.);
#8011=ORIENTED_EDGE('',*,*,#8010,.F.);
#8013=ORIENTED_EDGE('',*,*,#8012,.F.);
#8015=ORIENTED_EDGE('',*,*,#8014,.F.);
#8017=ORIENTED_EDGE('',*,*,#8016,.F.);
#8019=ORIENTED_EDGE('',*,*,#8018,.F.);
#8020=ORIENTED_EDGE('',*,*,#7994,.F.);
#8021=EDGE_LOOP('',(#8007,#8009,#8011,#8013,#8015,#8017,#8019,#8020));
#8022=FACE_OUTER_BOUND('',#8021,.F.);
#8023=ADVANCED_FACE('',(#8022),#8006,.T.);
#8024=CARTESIAN_POINT('',(-8.5725E0,7.62E-1,0.E0));
#8025=DIRECTION('',(1.E0,0.E0,0.E0));
#8026=DIRECTION('',(0.E0,0.E0,-1.E0));
#8027=AXIS2_PLACEMENT_3D('',#8024,#8025,#8026);
#8028=PLANE('',#8027);
#8029=ORIENTED_EDGE('',*,*,#6772,.F.);
#8031=ORIENTED_EDGE('',*,*,#8030,.F.);
#8033=ORIENTED_EDGE('',*,*,#8032,.F.);
#8035=ORIENTED_EDGE('',*,*,#8034,.F.);
#8037=ORIENTED_EDGE('',*,*,#8036,.F.);
#8039=ORIENTED_EDGE('',*,*,#8038,.F.);
#8041=ORIENTED_EDGE('',*,*,#8040,.F.);
#8043=ORIENTED_EDGE('',*,*,#8042,.F.);
#8044=EDGE_LOOP('',(#8029,#8031,#8033,#8035,#8037,#8039,#8041,#8043));
#8045=FACE_OUTER_BOUND('',#8044,.F.);
#8046=ADVANCED_FACE('',(#8045),#8028,.T.);
#8047=CARTESIAN_POINT('',(-8.5725E0,7.62E-1,0.E0));
#8048=DIRECTION('',(1.E0,0.E0,0.E0));
#8049=DIRECTION('',(0.E0,0.E0,-1.E0));
#8050=AXIS2_PLACEMENT_3D('',#8047,#8048,#8049);
#8051=PLANE('',#8050);
#8052=ORIENTED_EDGE('',*,*,#6030,.T.);
#8054=ORIENTED_EDGE('',*,*,#8053,.F.);
#8056=ORIENTED_EDGE('',*,*,#8055,.F.);
#8058=ORIENTED_EDGE('',*,*,#8057,.F.);
#8059=EDGE_LOOP('',(#8052,#8054,#8056,#8058));
#8060=FACE_OUTER_BOUND('',#8059,.F.);
#8061=ADVANCED_FACE('',(#8060),#8051,.T.);
#8062=CARTESIAN_POINT('',(-8.5725E0,7.62E-1,0.E0));
#8063=DIRECTION('',(1.E0,0.E0,0.E0));
#8064=DIRECTION('',(0.E0,0.E0,-1.E0));
#8065=AXIS2_PLACEMENT_3D('',#8062,#8063,#8064);
#8066=PLANE('',#8065);
#8067=ORIENTED_EDGE('',*,*,#6040,.T.);
#8069=ORIENTED_EDGE('',*,*,#8068,.F.);
#8071=ORIENTED_EDGE('',*,*,#8070,.F.);
#8073=ORIENTED_EDGE('',*,*,#8072,.F.);
#8074=EDGE_LOOP('',(#8067,#8069,#8071,#8073));
#8075=FACE_OUTER_BOUND('',#8074,.F.);
#8076=ADVANCED_FACE('',(#8075),#8066,.T.);
#8077=CARTESIAN_POINT('',(-9.2075E0,-2.413E0,-7.874E0));
#8078=DIRECTION('',(0.E0,-1.E0,0.E0));
#8079=DIRECTION('',(0.E0,0.E0,-1.E0));
#8080=AXIS2_PLACEMENT_3D('',#8077,#8078,#8079);
#8081=PLANE('',#8080);
#8082=ORIENTED_EDGE('',*,*,#6760,.F.);
#8083=ORIENTED_EDGE('',*,*,#7930,.F.);
#8085=ORIENTED_EDGE('',*,*,#8084,.T.);
#8086=ORIENTED_EDGE('',*,*,#8008,.T.);
#8087=EDGE_LOOP('',(#8082,#8083,#8085,#8086));
#8088=FACE_OUTER_BOUND('',#8087,.F.);
#8089=ADVANCED_FACE('',(#8088),#8081,.T.);
#8090=CARTESIAN_POINT('',(-9.2075E0,-2.0955E0,-7.874E0));
#8091=DIRECTION('',(0.E0,0.E0,1.E0));
#8092=DIRECTION('',(0.E0,-1.E0,0.E0));
#8093=AXIS2_PLACEMENT_3D('',#8090,#8091,#8092);
#8094=PLANE('',#8093);
#8095=ORIENTED_EDGE('',*,*,#7928,.F.);
#8097=ORIENTED_EDGE('',*,*,#8096,.T.);
#8098=ORIENTED_EDGE('',*,*,#8010,.T.);
#8099=ORIENTED_EDGE('',*,*,#8084,.F.);
#8100=EDGE_LOOP('',(#8095,#8097,#8098,#8099));
#8101=FACE_OUTER_BOUND('',#8100,.F.);
#8102=ADVANCED_FACE('',(#8101),#8094,.T.);
#8103=CARTESIAN_POINT('',(-9.2075E0,-2.0955E0,-8.128E-1));
#8104=DIRECTION('',(0.E0,-1.E0,0.E0));
#8105=DIRECTION('',(0.E0,0.E0,-1.E0));
#8106=AXIS2_PLACEMENT_3D('',#8103,#8104,#8105);
#8107=PLANE('',#8106);
#8108=ORIENTED_EDGE('',*,*,#7926,.F.);
#8110=ORIENTED_EDGE('',*,*,#8109,.T.);
#8111=ORIENTED_EDGE('',*,*,#8012,.T.);
#8112=ORIENTED_EDGE('',*,*,#8096,.F.);
#8113=EDGE_LOOP('',(#8108,#8110,#8111,#8112));
#8114=FACE_OUTER_BOUND('',#8113,.F.);
#8115=ADVANCED_FACE('',(#8114),#8107,.T.);
#8116=CARTESIAN_POINT('',(-9.2075E0,-1.4605E0,-8.128E-1));
#8117=DIRECTION('',(0.E0,0.E0,1.E0));
#8118=DIRECTION('',(0.E0,-1.E0,0.E0));
#8119=AXIS2_PLACEMENT_3D('',#8116,#8117,#8118);
#8120=PLANE('',#8119);
#8121=ORIENTED_EDGE('',*,*,#7924,.F.);
#8123=ORIENTED_EDGE('',*,*,#8122,.T.);
#8124=ORIENTED_EDGE('',*,*,#8014,.T.);
#8125=ORIENTED_EDGE('',*,*,#8109,.F.);
#8126=EDGE_LOOP('',(#8121,#8123,#8124,#8125));
#8127=FACE_OUTER_BOUND('',#8126,.F.);
#8128=ADVANCED_FACE('',(#8127),#8120,.T.);
#8129=CARTESIAN_POINT('',(-9.2075E0,-1.4605E0,-7.874E0));
#8130=DIRECTION('',(0.E0,1.E0,0.E0));
#8131=DIRECTION('',(0.E0,0.E0,1.E0));
#8132=AXIS2_PLACEMENT_3D('',#8129,#8130,#8131);
#8133=PLANE('',#8132);
#8134=ORIENTED_EDGE('',*,*,#7922,.F.);
#8136=ORIENTED_EDGE('',*,*,#8135,.T.);
#8137=ORIENTED_EDGE('',*,*,#8016,.T.);
#8138=ORIENTED_EDGE('',*,*,#8122,.F.);
#8139=EDGE_LOOP('',(#8134,#8136,#8137,#8138));
#8140=FACE_OUTER_BOUND('',#8139,.F.);
#8141=ADVANCED_FACE('',(#8140),#8133,.T.);
#8142=CARTESIAN_POINT('',(-9.2075E0,-1.143E0,-7.874E0));
#8143=DIRECTION('',(0.E0,0.E0,1.E0));
#8144=DIRECTION('',(0.E0,-1.E0,0.E0));
#8145=AXIS2_PLACEMENT_3D('',#8142,#8143,#8144);
#8146=PLANE('',#8145);
#8147=ORIENTED_EDGE('',*,*,#7920,.F.);
#8148=ORIENTED_EDGE('',*,*,#7996,.T.);
#8149=ORIENTED_EDGE('',*,*,#8018,.T.);
#8150=ORIENTED_EDGE('',*,*,#8135,.F.);
#8151=EDGE_LOOP('',(#8147,#8148,#8149,#8150));
#8152=FACE_OUTER_BOUND('',#8151,.F.);
#8153=ADVANCED_FACE('',(#8152),#8146,.T.);
#8154=CARTESIAN_POINT('',(-9.2075E0,1.27E-1,-7.874E0));
#8155=DIRECTION('',(0.E0,-1.E0,0.E0));
#8156=DIRECTION('',(0.E0,0.E0,-1.E0));
#8157=AXIS2_PLACEMENT_3D('',#8154,#8155,#8156);
#8158=PLANE('',#8157);
#8159=ORIENTED_EDGE('',*,*,#6770,.F.);
#8160=ORIENTED_EDGE('',*,*,#7953,.F.);
#8162=ORIENTED_EDGE('',*,*,#8161,.T.);
#8163=ORIENTED_EDGE('',*,*,#8030,.T.);
#8164=EDGE_LOOP('',(#8159,#8160,#8162,#8163));
#8165=FACE_OUTER_BOUND('',#8164,.F.);
#8166=ADVANCED_FACE('',(#8165),#8158,.T.);
#8167=CARTESIAN_POINT('',(-9.2075E0,4.445E-1,-7.874E0));
#8168=DIRECTION('',(0.E0,0.E0,1.E0));
#8169=DIRECTION('',(0.E0,-1.E0,0.E0));
#8170=AXIS2_PLACEMENT_3D('',#8167,#8168,#8169);
#8171=PLANE('',#8170);
#8172=ORIENTED_EDGE('',*,*,#7951,.F.);
#8174=ORIENTED_EDGE('',*,*,#8173,.T.);
#8175=ORIENTED_EDGE('',*,*,#8032,.T.);
#8176=ORIENTED_EDGE('',*,*,#8161,.F.);
#8177=EDGE_LOOP('',(#8172,#8174,#8175,#8176));
#8178=FACE_OUTER_BOUND('',#8177,.F.);
#8179=ADVANCED_FACE('',(#8178),#8171,.T.);
#8180=CARTESIAN_POINT('',(-9.2075E0,4.445E-1,-8.128E-1));
#8181=DIRECTION('',(0.E0,-1.E0,0.E0));
#8182=DIRECTION('',(0.E0,0.E0,-1.E0));
#8183=AXIS2_PLACEMENT_3D('',#8180,#8181,#8182);
#8184=PLANE('',#8183);
#8185=ORIENTED_EDGE('',*,*,#7949,.F.);
#8187=ORIENTED_EDGE('',*,*,#8186,.T.);
#8188=ORIENTED_EDGE('',*,*,#8034,.T.);
#8189=ORIENTED_EDGE('',*,*,#8173,.F.);
#8190=EDGE_LOOP('',(#8185,#8187,#8188,#8189));
#8191=FACE_OUTER_BOUND('',#8190,.F.);
#8192=ADVANCED_FACE('',(#8191),#8184,.T.);
#8193=CARTESIAN_POINT('',(-9.2075E0,1.0795E0,-8.128E-1));
#8194=DIRECTION('',(0.E0,0.E0,1.E0));
#8195=DIRECTION('',(0.E0,-1.E0,0.E0));
#8196=AXIS2_PLACEMENT_3D('',#8193,#8194,#8195);
#8197=PLANE('',#8196);
#8198=ORIENTED_EDGE('',*,*,#7947,.F.);
#8200=ORIENTED_EDGE('',*,*,#8199,.T.);
#8201=ORIENTED_EDGE('',*,*,#8036,.T.);
#8202=ORIENTED_EDGE('',*,*,#8186,.F.);
#8203=EDGE_LOOP('',(#8198,#8200,#8201,#8202));
#8204=FACE_OUTER_BOUND('',#8203,.F.);
#8205=ADVANCED_FACE('',(#8204),#8197,.T.);
#8206=CARTESIAN_POINT('',(-9.2075E0,1.0795E0,-7.874E0));
#8207=DIRECTION('',(0.E0,1.E0,0.E0));
#8208=DIRECTION('',(0.E0,0.E0,1.E0));
#8209=AXIS2_PLACEMENT_3D('',#8206,#8207,#8208);
#8210=PLANE('',#8209);
#8211=ORIENTED_EDGE('',*,*,#7945,.F.);
#8213=ORIENTED_EDGE('',*,*,#8212,.T.);
#8214=ORIENTED_EDGE('',*,*,#8038,.T.);
#8215=ORIENTED_EDGE('',*,*,#8199,.F.);
#8216=EDGE_LOOP('',(#8211,#8213,#8214,#8215));
#8217=FACE_OUTER_BOUND('',#8216,.F.);
#8218=ADVANCED_FACE('',(#8217),#8210,.T.);
#8219=CARTESIAN_POINT('',(-9.2075E0,1.397E0,-7.874E0));
#8220=DIRECTION('',(0.E0,0.E0,1.E0));
#8221=DIRECTION('',(0.E0,-1.E0,0.E0));
#8222=AXIS2_PLACEMENT_3D('',#8219,#8220,#8221);
#8223=PLANE('',#8222);
#8224=ORIENTED_EDGE('',*,*,#7943,.F.);
#8226=ORIENTED_EDGE('',*,*,#8225,.T.);
#8227=ORIENTED_EDGE('',*,*,#8040,.T.);
#8228=ORIENTED_EDGE('',*,*,#8212,.F.);
#8229=EDGE_LOOP('',(#8224,#8226,#8227,#8228));
#8230=FACE_OUTER_BOUND('',#8229,.F.);
#8231=ADVANCED_FACE('',(#8230),#8223,.T.);
#8232=CARTESIAN_POINT('',(-9.2075E0,1.397E0,-8.89E0));
#8233=DIRECTION('',(0.E0,1.E0,0.E0));
#8234=DIRECTION('',(0.E0,0.E0,1.E0));
#8235=AXIS2_PLACEMENT_3D('',#8232,#8233,#8234);
#8236=PLANE('',#8235);
#8237=ORIENTED_EDGE('',*,*,#6774,.T.);
#8238=ORIENTED_EDGE('',*,*,#8042,.T.);
#8239=ORIENTED_EDGE('',*,*,#8225,.F.);
#8240=ORIENTED_EDGE('',*,*,#7941,.F.);
#8241=EDGE_LOOP('',(#8237,#8238,#8239,#8240));
#8242=FACE_OUTER_BOUND('',#8241,.F.);
#8243=ADVANCED_FACE('',(#8242),#8236,.T.);
#8244=CARTESIAN_POINT('',(-9.2075E0,-8.509E0,-1.31953E1));
#8245=DIRECTION('',(0.E0,0.E0,-1.E0));
#8246=DIRECTION('',(0.E0,1.E0,0.E0));
#8247=AXIS2_PLACEMENT_3D('',#8244,#8245,#8246);
#8248=PLANE('',#8247);
#8249=ORIENTED_EDGE('',*,*,#6028,.F.);
#8250=ORIENTED_EDGE('',*,*,#7968,.F.);
#8252=ORIENTED_EDGE('',*,*,#8251,.T.);
#8253=ORIENTED_EDGE('',*,*,#8053,.T.);
#8254=EDGE_LOOP('',(#8249,#8250,#8252,#8253));
#8255=FACE_OUTER_BOUND('',#8254,.F.);
#8256=ADVANCED_FACE('',(#8255),#8248,.T.);
#8257=CARTESIAN_POINT('',(-9.2075E0,-8.509E0,-1.25603E1));
#8258=DIRECTION('',(0.E0,-1.E0,0.E0));
#8259=DIRECTION('',(0.E0,0.E0,-1.E0));
#8260=AXIS2_PLACEMENT_3D('',#8257,#8258,#8259);
#8261=PLANE('',#8260);
#8262=ORIENTED_EDGE('',*,*,#7966,.F.);
#8264=ORIENTED_EDGE('',*,*,#8263,.T.);
#8265=ORIENTED_EDGE('',*,*,#8055,.T.);
#8266=ORIENTED_EDGE('',*,*,#8251,.F.);
#8267=EDGE_LOOP('',(#8262,#8264,#8265,#8266));
#8268=FACE_OUTER_BOUND('',#8267,.F.);
#8269=ADVANCED_FACE('',(#8268),#8261,.T.);
#8270=CARTESIAN_POINT('',(-9.2075E0,-5.08E0,-1.25603E1));
#8271=DIRECTION('',(0.E0,0.E0,1.E0));
#8272=DIRECTION('',(0.E0,-1.E0,0.E0));
#8273=AXIS2_PLACEMENT_3D('',#8270,#8271,#8272);
#8274=PLANE('',#8273);
#8275=ORIENTED_EDGE('',*,*,#6032,.T.);
#8276=ORIENTED_EDGE('',*,*,#8057,.T.);
#8277=ORIENTED_EDGE('',*,*,#8263,.F.);
#8278=ORIENTED_EDGE('',*,*,#7964,.F.);
#8279=EDGE_LOOP('',(#8275,#8276,#8277,#8278));
#8280=FACE_OUTER_BOUND('',#8279,.F.);
#8281=ADVANCED_FACE('',(#8280),#8274,.T.);
#8282=CARTESIAN_POINT('',(-9.2075E0,-8.509E0,-1.57353E1));
#8283=DIRECTION('',(0.E0,0.E0,-1.E0));
#8284=DIRECTION('',(0.E0,1.E0,0.E0));
#8285=AXIS2_PLACEMENT_3D('',#8282,#8283,#8284);
#8286=PLANE('',#8285);
#8287=ORIENTED_EDGE('',*,*,#6038,.F.);
#8288=ORIENTED_EDGE('',*,*,#7983,.F.);
#8290=ORIENTED_EDGE('',*,*,#8289,.T.);
#8291=ORIENTED_EDGE('',*,*,#8068,.T.);
#8292=EDGE_LOOP('',(#8287,#8288,#8290,#8291));
#8293=FACE_OUTER_BOUND('',#8292,.F.);
#8294=ADVANCED_FACE('',(#8293),#8286,.T.);
#8295=CARTESIAN_POINT('',(-9.2075E0,-8.509E0,-1.51003E1));
#8296=DIRECTION('',(0.E0,-1.E0,0.E0));
#8297=DIRECTION('',(0.E0,0.E0,-1.E0));
#8298=AXIS2_PLACEMENT_3D('',#8295,#8296,#8297);
#8299=PLANE('',#8298);
#8300=ORIENTED_EDGE('',*,*,#7981,.F.);
#8302=ORIENTED_EDGE('',*,*,#8301,.T.);
#8303=ORIENTED_EDGE('',*,*,#8070,.T.);
#8304=ORIENTED_EDGE('',*,*,#8289,.F.);
#8305=EDGE_LOOP('',(#8300,#8302,#8303,#8304));
#8306=FACE_OUTER_BOUND('',#8305,.F.);
#8307=ADVANCED_FACE('',(#8306),#8299,.T.);
#8308=CARTESIAN_POINT('',(-9.2075E0,-5.08E0,-1.51003E1));
#8309=DIRECTION('',(0.E0,0.E0,1.E0));
#8310=DIRECTION('',(0.E0,-1.E0,0.E0));
#8311=AXIS2_PLACEMENT_3D('',#8308,#8309,#8310);
#8312=PLANE('',#8311);
#8313=ORIENTED_EDGE('',*,*,#6042,.T.);
#8314=ORIENTED_EDGE('',*,*,#8072,.T.);
#8315=ORIENTED_EDGE('',*,*,#8301,.F.);
#8316=ORIENTED_EDGE('',*,*,#7979,.F.);
#8317=EDGE_LOOP('',(#8313,#8314,#8315,#8316));
#8318=FACE_OUTER_BOUND('',#8317,.F.);
#8319=ADVANCED_FACE('',(#8318),#8312,.T.);
#8320=CARTESIAN_POINT('',(-6.6675E0,7.62E-1,0.E0));
#8321=DIRECTION('',(1.E0,0.E0,0.E0));
#8322=DIRECTION('',(0.E0,0.E0,-1.E0));
#8323=AXIS2_PLACEMENT_3D('',#8320,#8321,#8322);
#8324=PLANE('',#8323);
#8325=ORIENTED_EDGE('',*,*,#6778,.T.);
#8327=ORIENTED_EDGE('',*,*,#8326,.T.);
#8329=ORIENTED_EDGE('',*,*,#8328,.T.);
#8331=ORIENTED_EDGE('',*,*,#8330,.T.);
#8333=ORIENTED_EDGE('',*,*,#8332,.T.);
#8335=ORIENTED_EDGE('',*,*,#8334,.T.);
#8337=ORIENTED_EDGE('',*,*,#8336,.T.);
#8339=ORIENTED_EDGE('',*,*,#8338,.T.);
#8340=EDGE_LOOP('',(#8325,#8327,#8329,#8331,#8333,#8335,#8337,#8339));
#8341=FACE_OUTER_BOUND('',#8340,.F.);
#8342=ADVANCED_FACE('',(#8341),#8324,.F.);
#8343=CARTESIAN_POINT('',(-6.6675E0,7.62E-1,0.E0));
#8344=DIRECTION('',(1.E0,0.E0,0.E0));
#8345=DIRECTION('',(0.E0,0.E0,-1.E0));
#8346=AXIS2_PLACEMENT_3D('',#8343,#8344,#8345);
#8347=PLANE('',#8346);
#8348=ORIENTED_EDGE('',*,*,#6788,.T.);
#8350=ORIENTED_EDGE('',*,*,#8349,.T.);
#8352=ORIENTED_EDGE('',*,*,#8351,.T.);
#8354=ORIENTED_EDGE('',*,*,#8353,.T.);
#8356=ORIENTED_EDGE('',*,*,#8355,.T.);
#8358=ORIENTED_EDGE('',*,*,#8357,.T.);
#8360=ORIENTED_EDGE('',*,*,#8359,.T.);
#8362=ORIENTED_EDGE('',*,*,#8361,.T.);
#8363=EDGE_LOOP('',(#8348,#8350,#8352,#8354,#8356,#8358,#8360,#8362));
#8364=FACE_OUTER_BOUND('',#8363,.F.);
#8365=ADVANCED_FACE('',(#8364),#8347,.F.);
#8366=CARTESIAN_POINT('',(-6.6675E0,7.62E-1,0.E0));
#8367=DIRECTION('',(1.E0,0.E0,0.E0));
#8368=DIRECTION('',(0.E0,0.E0,-1.E0));
#8369=AXIS2_PLACEMENT_3D('',#8366,#8367,#8368);
#8370=PLANE('',#8369);
#8371=ORIENTED_EDGE('',*,*,#6046,.F.);
#8373=ORIENTED_EDGE('',*,*,#8372,.T.);
#8375=ORIENTED_EDGE('',*,*,#8374,.T.);
#8377=ORIENTED_EDGE('',*,*,#8376,.T.);
#8378=EDGE_LOOP('',(#8371,#8373,#8375,#8377));
#8379=FACE_OUTER_BOUND('',#8378,.F.);
#8380=ADVANCED_FACE('',(#8379),#8370,.F.);
#8381=CARTESIAN_POINT('',(-6.6675E0,7.62E-1,0.E0));
#8382=DIRECTION('',(1.E0,0.E0,0.E0));
#8383=DIRECTION('',(0.E0,0.E0,-1.E0));
#8384=AXIS2_PLACEMENT_3D('',#8381,#8382,#8383);
#8385=PLANE('',#8384);
#8386=ORIENTED_EDGE('',*,*,#6056,.F.);
#8388=ORIENTED_EDGE('',*,*,#8387,.T.);
#8390=ORIENTED_EDGE('',*,*,#8389,.T.);
#8392=ORIENTED_EDGE('',*,*,#8391,.T.);
#8393=EDGE_LOOP('',(#8386,#8388,#8390,#8392));
#8394=FACE_OUTER_BOUND('',#8393,.F.);
#8395=ADVANCED_FACE('',(#8394),#8385,.F.);
#8396=CARTESIAN_POINT('',(-6.6675E0,-1.143E0,-8.89E0));
#8397=DIRECTION('',(0.E0,1.E0,0.E0));
#8398=DIRECTION('',(0.E0,0.E0,1.E0));
#8399=AXIS2_PLACEMENT_3D('',#8396,#8397,#8398);
#8400=PLANE('',#8399);
#8401=ORIENTED_EDGE('',*,*,#6784,.T.);
#8403=ORIENTED_EDGE('',*,*,#8402,.T.);
#8405=ORIENTED_EDGE('',*,*,#8404,.F.);
#8406=ORIENTED_EDGE('',*,*,#8326,.F.);
#8407=EDGE_LOOP('',(#8401,#8403,#8405,#8406));
#8408=FACE_OUTER_BOUND('',#8407,.F.);
#8409=ADVANCED_FACE('',(#8408),#8400,.T.);
#8410=CARTESIAN_POINT('',(-6.0325E0,7.62E-1,0.E0));
#8411=DIRECTION('',(1.E0,0.E0,0.E0));
#8412=DIRECTION('',(0.E0,0.E0,-1.E0));
#8413=AXIS2_PLACEMENT_3D('',#8410,#8411,#8412);
#8414=PLANE('',#8413);
#8415=ORIENTED_EDGE('',*,*,#6782,.F.);
#8417=ORIENTED_EDGE('',*,*,#8416,.F.);
#8419=ORIENTED_EDGE('',*,*,#8418,.F.);
#8421=ORIENTED_EDGE('',*,*,#8420,.F.);
#8423=ORIENTED_EDGE('',*,*,#8422,.F.);
#8425=ORIENTED_EDGE('',*,*,#8424,.F.);
#8427=ORIENTED_EDGE('',*,*,#8426,.F.);
#8428=ORIENTED_EDGE('',*,*,#8402,.F.);
#8429=EDGE_LOOP('',(#8415,#8417,#8419,#8421,#8423,#8425,#8427,#8428));
#8430=FACE_OUTER_BOUND('',#8429,.F.);
#8431=ADVANCED_FACE('',(#8430),#8414,.T.);
#8432=CARTESIAN_POINT('',(-6.0325E0,7.62E-1,0.E0));
#8433=DIRECTION('',(1.E0,0.E0,0.E0));
#8434=DIRECTION('',(0.E0,0.E0,-1.E0));
#8435=AXIS2_PLACEMENT_3D('',#8432,#8433,#8434);
#8436=PLANE('',#8435);
#8437=ORIENTED_EDGE('',*,*,#6792,.F.);
#8439=ORIENTED_EDGE('',*,*,#8438,.F.);
#8441=ORIENTED_EDGE('',*,*,#8440,.F.);
#8443=ORIENTED_EDGE('',*,*,#8442,.F.);
#8445=ORIENTED_EDGE('',*,*,#8444,.F.);
#8447=ORIENTED_EDGE('',*,*,#8446,.F.);
#8449=ORIENTED_EDGE('',*,*,#8448,.F.);
#8451=ORIENTED_EDGE('',*,*,#8450,.F.);
#8452=EDGE_LOOP('',(#8437,#8439,#8441,#8443,#8445,#8447,#8449,#8451));
#8453=FACE_OUTER_BOUND('',#8452,.F.);
#8454=ADVANCED_FACE('',(#8453),#8436,.T.);
#8455=CARTESIAN_POINT('',(-6.0325E0,7.62E-1,0.E0));
#8456=DIRECTION('',(1.E0,0.E0,0.E0));
#8457=DIRECTION('',(0.E0,0.E0,-1.E0));
#8458=AXIS2_PLACEMENT_3D('',#8455,#8456,#8457);
#8459=PLANE('',#8458);
#8460=ORIENTED_EDGE('',*,*,#6050,.T.);
#8462=ORIENTED_EDGE('',*,*,#8461,.F.);
#8464=ORIENTED_EDGE('',*,*,#8463,.F.);
#8466=ORIENTED_EDGE('',*,*,#8465,.F.);
#8467=EDGE_LOOP('',(#8460,#8462,#8464,#8466));
#8468=FACE_OUTER_BOUND('',#8467,.F.);
#8469=ADVANCED_FACE('',(#8468),#8459,.T.);
#8470=CARTESIAN_POINT('',(-6.0325E0,7.62E-1,0.E0));
#8471=DIRECTION('',(1.E0,0.E0,0.E0));
#8472=DIRECTION('',(0.E0,0.E0,-1.E0));
#8473=AXIS2_PLACEMENT_3D('',#8470,#8471,#8472);
#8474=PLANE('',#8473);
#8475=ORIENTED_EDGE('',*,*,#6060,.T.);
#8477=ORIENTED_EDGE('',*,*,#8476,.F.);
#8479=ORIENTED_EDGE('',*,*,#8478,.F.);
#8481=ORIENTED_EDGE('',*,*,#8480,.F.);
#8482=EDGE_LOOP('',(#8475,#8477,#8479,#8481));
#8483=FACE_OUTER_BOUND('',#8482,.F.);
#8484=ADVANCED_FACE('',(#8483),#8474,.T.);
#8485=CARTESIAN_POINT('',(-6.6675E0,-2.413E0,-7.874E0));
#8486=DIRECTION('',(0.E0,-1.E0,0.E0));
#8487=DIRECTION('',(0.E0,0.E0,-1.E0));
#8488=AXIS2_PLACEMENT_3D('',#8485,#8486,#8487);
#8489=PLANE('',#8488);
#8490=ORIENTED_EDGE('',*,*,#6780,.F.);
#8491=ORIENTED_EDGE('',*,*,#8338,.F.);
#8493=ORIENTED_EDGE('',*,*,#8492,.T.);
#8494=ORIENTED_EDGE('',*,*,#8416,.T.);
#8495=EDGE_LOOP('',(#8490,#8491,#8493,#8494));
#8496=FACE_OUTER_BOUND('',#8495,.F.);
#8497=ADVANCED_FACE('',(#8496),#8489,.T.);
#8498=CARTESIAN_POINT('',(-6.6675E0,-2.0955E0,-7.874E0));
#8499=DIRECTION('',(0.E0,0.E0,1.E0));
#8500=DIRECTION('',(0.E0,-1.E0,0.E0));
#8501=AXIS2_PLACEMENT_3D('',#8498,#8499,#8500);
#8502=PLANE('',#8501);
#8503=ORIENTED_EDGE('',*,*,#8336,.F.);
#8505=ORIENTED_EDGE('',*,*,#8504,.T.);
#8506=ORIENTED_EDGE('',*,*,#8418,.T.);
#8507=ORIENTED_EDGE('',*,*,#8492,.F.);
#8508=EDGE_LOOP('',(#8503,#8505,#8506,#8507));
#8509=FACE_OUTER_BOUND('',#8508,.F.);
#8510=ADVANCED_FACE('',(#8509),#8502,.T.);
#8511=CARTESIAN_POINT('',(-6.6675E0,-2.0955E0,-8.128E-1));
#8512=DIRECTION('',(0.E0,-1.E0,0.E0));
#8513=DIRECTION('',(0.E0,0.E0,-1.E0));
#8514=AXIS2_PLACEMENT_3D('',#8511,#8512,#8513);
#8515=PLANE('',#8514);
#8516=ORIENTED_EDGE('',*,*,#8334,.F.);
#8518=ORIENTED_EDGE('',*,*,#8517,.T.);
#8519=ORIENTED_EDGE('',*,*,#8420,.T.);
#8520=ORIENTED_EDGE('',*,*,#8504,.F.);
#8521=EDGE_LOOP('',(#8516,#8518,#8519,#8520));
#8522=FACE_OUTER_BOUND('',#8521,.F.);
#8523=ADVANCED_FACE('',(#8522),#8515,.T.);
#8524=CARTESIAN_POINT('',(-6.6675E0,-1.4605E0,-8.128E-1));
#8525=DIRECTION('',(0.E0,0.E0,1.E0));
#8526=DIRECTION('',(0.E0,-1.E0,0.E0));
#8527=AXIS2_PLACEMENT_3D('',#8524,#8525,#8526);
#8528=PLANE('',#8527);
#8529=ORIENTED_EDGE('',*,*,#8332,.F.);
#8531=ORIENTED_EDGE('',*,*,#8530,.T.);
#8532=ORIENTED_EDGE('',*,*,#8422,.T.);
#8533=ORIENTED_EDGE('',*,*,#8517,.F.);
#8534=EDGE_LOOP('',(#8529,#8531,#8532,#8533));
#8535=FACE_OUTER_BOUND('',#8534,.F.);
#8536=ADVANCED_FACE('',(#8535),#8528,.T.);
#8537=CARTESIAN_POINT('',(-6.6675E0,-1.4605E0,-7.874E0));
#8538=DIRECTION('',(0.E0,1.E0,0.E0));
#8539=DIRECTION('',(0.E0,0.E0,1.E0));
#8540=AXIS2_PLACEMENT_3D('',#8537,#8538,#8539);
#8541=PLANE('',#8540);
#8542=ORIENTED_EDGE('',*,*,#8330,.F.);
#8544=ORIENTED_EDGE('',*,*,#8543,.T.);
#8545=ORIENTED_EDGE('',*,*,#8424,.T.);
#8546=ORIENTED_EDGE('',*,*,#8530,.F.);
#8547=EDGE_LOOP('',(#8542,#8544,#8545,#8546));
#8548=FACE_OUTER_BOUND('',#8547,.F.);
#8549=ADVANCED_FACE('',(#8548),#8541,.T.);
#8550=CARTESIAN_POINT('',(-6.6675E0,-1.143E0,-7.874E0));
#8551=DIRECTION('',(0.E0,0.E0,1.E0));
#8552=DIRECTION('',(0.E0,-1.E0,0.E0));
#8553=AXIS2_PLACEMENT_3D('',#8550,#8551,#8552);
#8554=PLANE('',#8553);
#8555=ORIENTED_EDGE('',*,*,#8328,.F.);
#8556=ORIENTED_EDGE('',*,*,#8404,.T.);
#8557=ORIENTED_EDGE('',*,*,#8426,.T.);
#8558=ORIENTED_EDGE('',*,*,#8543,.F.);
#8559=EDGE_LOOP('',(#8555,#8556,#8557,#8558));
#8560=FACE_OUTER_BOUND('',#8559,.F.);
#8561=ADVANCED_FACE('',(#8560),#8554,.T.);
#8562=CARTESIAN_POINT('',(-6.6675E0,1.27E-1,-7.874E0));
#8563=DIRECTION('',(0.E0,-1.E0,0.E0));
#8564=DIRECTION('',(0.E0,0.E0,-1.E0));
#8565=AXIS2_PLACEMENT_3D('',#8562,#8563,#8564);
#8566=PLANE('',#8565);
#8567=ORIENTED_EDGE('',*,*,#6790,.F.);
#8568=ORIENTED_EDGE('',*,*,#8361,.F.);
#8570=ORIENTED_EDGE('',*,*,#8569,.T.);
#8571=ORIENTED_EDGE('',*,*,#8438,.T.);
#8572=EDGE_LOOP('',(#8567,#8568,#8570,#8571));
#8573=FACE_OUTER_BOUND('',#8572,.F.);
#8574=ADVANCED_FACE('',(#8573),#8566,.T.);
#8575=CARTESIAN_POINT('',(-6.6675E0,4.445E-1,-7.874E0));
#8576=DIRECTION('',(0.E0,0.E0,1.E0));
#8577=DIRECTION('',(0.E0,-1.E0,0.E0));
#8578=AXIS2_PLACEMENT_3D('',#8575,#8576,#8577);
#8579=PLANE('',#8578);
#8580=ORIENTED_EDGE('',*,*,#8359,.F.);
#8582=ORIENTED_EDGE('',*,*,#8581,.T.);
#8583=ORIENTED_EDGE('',*,*,#8440,.T.);
#8584=ORIENTED_EDGE('',*,*,#8569,.F.);
#8585=EDGE_LOOP('',(#8580,#8582,#8583,#8584));
#8586=FACE_OUTER_BOUND('',#8585,.F.);
#8587=ADVANCED_FACE('',(#8586),#8579,.T.);
#8588=CARTESIAN_POINT('',(-6.6675E0,4.445E-1,-8.128E-1));
#8589=DIRECTION('',(0.E0,-1.E0,0.E0));
#8590=DIRECTION('',(0.E0,0.E0,-1.E0));
#8591=AXIS2_PLACEMENT_3D('',#8588,#8589,#8590);
#8592=PLANE('',#8591);
#8593=ORIENTED_EDGE('',*,*,#8357,.F.);
#8595=ORIENTED_EDGE('',*,*,#8594,.T.);
#8596=ORIENTED_EDGE('',*,*,#8442,.T.);
#8597=ORIENTED_EDGE('',*,*,#8581,.F.);
#8598=EDGE_LOOP('',(#8593,#8595,#8596,#8597));
#8599=FACE_OUTER_BOUND('',#8598,.F.);
#8600=ADVANCED_FACE('',(#8599),#8592,.T.);
#8601=CARTESIAN_POINT('',(-6.6675E0,1.0795E0,-8.128E-1));
#8602=DIRECTION('',(0.E0,0.E0,1.E0));
#8603=DIRECTION('',(0.E0,-1.E0,0.E0));
#8604=AXIS2_PLACEMENT_3D('',#8601,#8602,#8603);
#8605=PLANE('',#8604);
#8606=ORIENTED_EDGE('',*,*,#8355,.F.);
#8608=ORIENTED_EDGE('',*,*,#8607,.T.);
#8609=ORIENTED_EDGE('',*,*,#8444,.T.);
#8610=ORIENTED_EDGE('',*,*,#8594,.F.);
#8611=EDGE_LOOP('',(#8606,#8608,#8609,#8610));
#8612=FACE_OUTER_BOUND('',#8611,.F.);
#8613=ADVANCED_FACE('',(#8612),#8605,.T.);
#8614=CARTESIAN_POINT('',(-6.6675E0,1.0795E0,-7.874E0));
#8615=DIRECTION('',(0.E0,1.E0,0.E0));
#8616=DIRECTION('',(0.E0,0.E0,1.E0));
#8617=AXIS2_PLACEMENT_3D('',#8614,#8615,#8616);
#8618=PLANE('',#8617);
#8619=ORIENTED_EDGE('',*,*,#8353,.F.);
#8621=ORIENTED_EDGE('',*,*,#8620,.T.);
#8622=ORIENTED_EDGE('',*,*,#8446,.T.);
#8623=ORIENTED_EDGE('',*,*,#8607,.F.);
#8624=EDGE_LOOP('',(#8619,#8621,#8622,#8623));
#8625=FACE_OUTER_BOUND('',#8624,.F.);
#8626=ADVANCED_FACE('',(#8625),#8618,.T.);
#8627=CARTESIAN_POINT('',(-6.6675E0,1.397E0,-7.874E0));
#8628=DIRECTION('',(0.E0,0.E0,1.E0));
#8629=DIRECTION('',(0.E0,-1.E0,0.E0));
#8630=AXIS2_PLACEMENT_3D('',#8627,#8628,#8629);
#8631=PLANE('',#8630);
#8632=ORIENTED_EDGE('',*,*,#8351,.F.);
#8634=ORIENTED_EDGE('',*,*,#8633,.T.);
#8635=ORIENTED_EDGE('',*,*,#8448,.T.);
#8636=ORIENTED_EDGE('',*,*,#8620,.F.);
#8637=EDGE_LOOP('',(#8632,#8634,#8635,#8636));
#8638=FACE_OUTER_BOUND('',#8637,.F.);
#8639=ADVANCED_FACE('',(#8638),#8631,.T.);
#8640=CARTESIAN_POINT('',(-6.6675E0,1.397E0,-8.89E0));
#8641=DIRECTION('',(0.E0,1.E0,0.E0));
#8642=DIRECTION('',(0.E0,0.E0,1.E0));
#8643=AXIS2_PLACEMENT_3D('',#8640,#8641,#8642);
#8644=PLANE('',#8643);
#8645=ORIENTED_EDGE('',*,*,#6794,.T.);
#8646=ORIENTED_EDGE('',*,*,#8450,.T.);
#8647=ORIENTED_EDGE('',*,*,#8633,.F.);
#8648=ORIENTED_EDGE('',*,*,#8349,.F.);
#8649=EDGE_LOOP('',(#8645,#8646,#8647,#8648));
#8650=FACE_OUTER_BOUND('',#8649,.F.);
#8651=ADVANCED_FACE('',(#8650),#8644,.T.);
#8652=CARTESIAN_POINT('',(-6.6675E0,-8.509E0,-1.31953E1));
#8653=DIRECTION('',(0.E0,0.E0,-1.E0));
#8654=DIRECTION('',(0.E0,1.E0,0.E0));
#8655=AXIS2_PLACEMENT_3D('',#8652,#8653,#8654);
#8656=PLANE('',#8655);
#8657=ORIENTED_EDGE('',*,*,#6048,.F.);
#8658=ORIENTED_EDGE('',*,*,#8376,.F.);
#8660=ORIENTED_EDGE('',*,*,#8659,.T.);
#8661=ORIENTED_EDGE('',*,*,#8461,.T.);
#8662=EDGE_LOOP('',(#8657,#8658,#8660,#8661));
#8663=FACE_OUTER_BOUND('',#8662,.F.);
#8664=ADVANCED_FACE('',(#8663),#8656,.T.);
#8665=CARTESIAN_POINT('',(-6.6675E0,-8.509E0,-1.25603E1));
#8666=DIRECTION('',(0.E0,-1.E0,0.E0));
#8667=DIRECTION('',(0.E0,0.E0,-1.E0));
#8668=AXIS2_PLACEMENT_3D('',#8665,#8666,#8667);
#8669=PLANE('',#8668);
#8670=ORIENTED_EDGE('',*,*,#8374,.F.);
#8672=ORIENTED_EDGE('',*,*,#8671,.T.);
#8673=ORIENTED_EDGE('',*,*,#8463,.T.);
#8674=ORIENTED_EDGE('',*,*,#8659,.F.);
#8675=EDGE_LOOP('',(#8670,#8672,#8673,#8674));
#8676=FACE_OUTER_BOUND('',#8675,.F.);
#8677=ADVANCED_FACE('',(#8676),#8669,.T.);
#8678=CARTESIAN_POINT('',(-6.6675E0,-5.08E0,-1.25603E1));
#8679=DIRECTION('',(0.E0,0.E0,1.E0));
#8680=DIRECTION('',(0.E0,-1.E0,0.E0));
#8681=AXIS2_PLACEMENT_3D('',#8678,#8679,#8680);
#8682=PLANE('',#8681);
#8683=ORIENTED_EDGE('',*,*,#6052,.T.);
#8684=ORIENTED_EDGE('',*,*,#8465,.T.);
#8685=ORIENTED_EDGE('',*,*,#8671,.F.);
#8686=ORIENTED_EDGE('',*,*,#8372,.F.);
#8687=EDGE_LOOP('',(#8683,#8684,#8685,#8686));
#8688=FACE_OUTER_BOUND('',#8687,.F.);
#8689=ADVANCED_FACE('',(#8688),#8682,.T.);
#8690=CARTESIAN_POINT('',(-6.6675E0,-8.509E0,-1.57353E1));
#8691=DIRECTION('',(0.E0,0.E0,-1.E0));
#8692=DIRECTION('',(0.E0,1.E0,0.E0));
#8693=AXIS2_PLACEMENT_3D('',#8690,#8691,#8692);
#8694=PLANE('',#8693);
#8695=ORIENTED_EDGE('',*,*,#6058,.F.);
#8696=ORIENTED_EDGE('',*,*,#8391,.F.);
#8698=ORIENTED_EDGE('',*,*,#8697,.T.);
#8699=ORIENTED_EDGE('',*,*,#8476,.T.);
#8700=EDGE_LOOP('',(#8695,#8696,#8698,#8699));
#8701=FACE_OUTER_BOUND('',#8700,.F.);
#8702=ADVANCED_FACE('',(#8701),#8694,.T.);
#8703=CARTESIAN_POINT('',(-6.6675E0,-8.509E0,-1.51003E1));
#8704=DIRECTION('',(0.E0,-1.E0,0.E0));
#8705=DIRECTION('',(0.E0,0.E0,-1.E0));
#8706=AXIS2_PLACEMENT_3D('',#8703,#8704,#8705);
#8707=PLANE('',#8706);
#8708=ORIENTED_EDGE('',*,*,#8389,.F.);
#8710=ORIENTED_EDGE('',*,*,#8709,.T.);
#8711=ORIENTED_EDGE('',*,*,#8478,.T.);
#8712=ORIENTED_EDGE('',*,*,#8697,.F.);
#8713=EDGE_LOOP('',(#8708,#8710,#8711,#8712));
#8714=FACE_OUTER_BOUND('',#8713,.F.);
#8715=ADVANCED_FACE('',(#8714),#8707,.T.);
#8716=CARTESIAN_POINT('',(-6.6675E0,-5.08E0,-1.51003E1));
#8717=DIRECTION('',(0.E0,0.E0,1.E0));
#8718=DIRECTION('',(0.E0,-1.E0,0.E0));
#8719=AXIS2_PLACEMENT_3D('',#8716,#8717,#8718);
#8720=PLANE('',#8719);
#8721=ORIENTED_EDGE('',*,*,#6062,.T.);
#8722=ORIENTED_EDGE('',*,*,#8480,.T.);
#8723=ORIENTED_EDGE('',*,*,#8709,.F.);
#8724=ORIENTED_EDGE('',*,*,#8387,.F.);
#8725=EDGE_LOOP('',(#8721,#8722,#8723,#8724));
#8726=FACE_OUTER_BOUND('',#8725,.F.);
#8727=ADVANCED_FACE('',(#8726),#8720,.T.);
#8728=CARTESIAN_POINT('',(-4.1275E0,7.62E-1,0.E0));
#8729=DIRECTION('',(1.E0,0.E0,0.E0));
#8730=DIRECTION('',(0.E0,0.E0,-1.E0));
#8731=AXIS2_PLACEMENT_3D('',#8728,#8729,#8730);
#8732=PLANE('',#8731);
#8733=ORIENTED_EDGE('',*,*,#6798,.T.);
#8735=ORIENTED_EDGE('',*,*,#8734,.T.);
#8737=ORIENTED_EDGE('',*,*,#8736,.T.);
#8739=ORIENTED_EDGE('',*,*,#8738,.T.);
#8741=ORIENTED_EDGE('',*,*,#8740,.T.);
#8743=ORIENTED_EDGE('',*,*,#8742,.T.);
#8745=ORIENTED_EDGE('',*,*,#8744,.T.);
#8747=ORIENTED_EDGE('',*,*,#8746,.T.);
#8748=EDGE_LOOP('',(#8733,#8735,#8737,#8739,#8741,#8743,#8745,#8747));
#8749=FACE_OUTER_BOUND('',#8748,.F.);
#8750=ADVANCED_FACE('',(#8749),#8732,.F.);
#8751=CARTESIAN_POINT('',(-4.1275E0,7.62E-1,0.E0));
#8752=DIRECTION('',(1.E0,0.E0,0.E0));
#8753=DIRECTION('',(0.E0,0.E0,-1.E0));
#8754=AXIS2_PLACEMENT_3D('',#8751,#8752,#8753);
#8755=PLANE('',#8754);
#8756=ORIENTED_EDGE('',*,*,#6808,.T.);
#8758=ORIENTED_EDGE('',*,*,#8757,.T.);
#8760=ORIENTED_EDGE('',*,*,#8759,.T.);
#8762=ORIENTED_EDGE('',*,*,#8761,.T.);
#8764=ORIENTED_EDGE('',*,*,#8763,.T.);
#8766=ORIENTED_EDGE('',*,*,#8765,.T.);
#8768=ORIENTED_EDGE('',*,*,#8767,.T.);
#8770=ORIENTED_EDGE('',*,*,#8769,.T.);
#8771=EDGE_LOOP('',(#8756,#8758,#8760,#8762,#8764,#8766,#8768,#8770));
#8772=FACE_OUTER_BOUND('',#8771,.F.);
#8773=ADVANCED_FACE('',(#8772),#8755,.F.);
#8774=CARTESIAN_POINT('',(-4.1275E0,7.62E-1,0.E0));
#8775=DIRECTION('',(1.E0,0.E0,0.E0));
#8776=DIRECTION('',(0.E0,0.E0,-1.E0));
#8777=AXIS2_PLACEMENT_3D('',#8774,#8775,#8776);
#8778=PLANE('',#8777);
#8779=ORIENTED_EDGE('',*,*,#6066,.F.);
#8781=ORIENTED_EDGE('',*,*,#8780,.T.);
#8783=ORIENTED_EDGE('',*,*,#8782,.T.);
#8785=ORIENTED_EDGE('',*,*,#8784,.T.);
#8786=EDGE_LOOP('',(#8779,#8781,#8783,#8785));
#8787=FACE_OUTER_BOUND('',#8786,.F.);
#8788=ADVANCED_FACE('',(#8787),#8778,.F.);
#8789=CARTESIAN_POINT('',(-4.1275E0,7.62E-1,0.E0));
#8790=DIRECTION('',(1.E0,0.E0,0.E0));
#8791=DIRECTION('',(0.E0,0.E0,-1.E0));
#8792=AXIS2_PLACEMENT_3D('',#8789,#8790,#8791);
#8793=PLANE('',#8792);
#8794=ORIENTED_EDGE('',*,*,#6076,.F.);
#8796=ORIENTED_EDGE('',*,*,#8795,.T.);
#8798=ORIENTED_EDGE('',*,*,#8797,.T.);
#8800=ORIENTED_EDGE('',*,*,#8799,.T.);
#8801=EDGE_LOOP('',(#8794,#8796,#8798,#8800));
#8802=FACE_OUTER_BOUND('',#8801,.F.);
#8803=ADVANCED_FACE('',(#8802),#8793,.F.);
#8804=CARTESIAN_POINT('',(-4.1275E0,-1.143E0,-8.89E0));
#8805=DIRECTION('',(0.E0,1.E0,0.E0));
#8806=DIRECTION('',(0.E0,0.E0,1.E0));
#8807=AXIS2_PLACEMENT_3D('',#8804,#8805,#8806);
#8808=PLANE('',#8807);
#8809=ORIENTED_EDGE('',*,*,#6804,.T.);
#8811=ORIENTED_EDGE('',*,*,#8810,.T.);
#8813=ORIENTED_EDGE('',*,*,#8812,.F.);
#8814=ORIENTED_EDGE('',*,*,#8734,.F.);
#8815=EDGE_LOOP('',(#8809,#8811,#8813,#8814));
#8816=FACE_OUTER_BOUND('',#8815,.F.);
#8817=ADVANCED_FACE('',(#8816),#8808,.T.);
#8818=CARTESIAN_POINT('',(-3.4925E0,7.62E-1,0.E0));
#8819=DIRECTION('',(1.E0,0.E0,0.E0));
#8820=DIRECTION('',(0.E0,0.E0,-1.E0));
#8821=AXIS2_PLACEMENT_3D('',#8818,#8819,#8820);
#8822=PLANE('',#8821);
#8823=ORIENTED_EDGE('',*,*,#6802,.F.);
#8825=ORIENTED_EDGE('',*,*,#8824,.F.);
#8827=ORIENTED_EDGE('',*,*,#8826,.F.);
#8829=ORIENTED_EDGE('',*,*,#8828,.F.);
#8831=ORIENTED_EDGE('',*,*,#8830,.F.);
#8833=ORIENTED_EDGE('',*,*,#8832,.F.);
#8835=ORIENTED_EDGE('',*,*,#8834,.F.);
#8836=ORIENTED_EDGE('',*,*,#8810,.F.);
#8837=EDGE_LOOP('',(#8823,#8825,#8827,#8829,#8831,#8833,#8835,#8836));
#8838=FACE_OUTER_BOUND('',#8837,.F.);
#8839=ADVANCED_FACE('',(#8838),#8822,.T.);
#8840=CARTESIAN_POINT('',(-3.4925E0,7.62E-1,0.E0));
#8841=DIRECTION('',(1.E0,0.E0,0.E0));
#8842=DIRECTION('',(0.E0,0.E0,-1.E0));
#8843=AXIS2_PLACEMENT_3D('',#8840,#8841,#8842);
#8844=PLANE('',#8843);
#8845=ORIENTED_EDGE('',*,*,#6812,.F.);
#8847=ORIENTED_EDGE('',*,*,#8846,.F.);
#8849=ORIENTED_EDGE('',*,*,#8848,.F.);
#8851=ORIENTED_EDGE('',*,*,#8850,.F.);
#8853=ORIENTED_EDGE('',*,*,#8852,.F.);
#8855=ORIENTED_EDGE('',*,*,#8854,.F.);
#8857=ORIENTED_EDGE('',*,*,#8856,.F.);
#8859=ORIENTED_EDGE('',*,*,#8858,.F.);
#8860=EDGE_LOOP('',(#8845,#8847,#8849,#8851,#8853,#8855,#8857,#8859));
#8861=FACE_OUTER_BOUND('',#8860,.F.);
#8862=ADVANCED_FACE('',(#8861),#8844,.T.);
#8863=CARTESIAN_POINT('',(-3.4925E0,7.62E-1,0.E0));
#8864=DIRECTION('',(1.E0,0.E0,0.E0));
#8865=DIRECTION('',(0.E0,0.E0,-1.E0));
#8866=AXIS2_PLACEMENT_3D('',#8863,#8864,#8865);
#8867=PLANE('',#8866);
#8868=ORIENTED_EDGE('',*,*,#6070,.T.);
#8870=ORIENTED_EDGE('',*,*,#8869,.F.);
#8872=ORIENTED_EDGE('',*,*,#8871,.F.);
#8874=ORIENTED_EDGE('',*,*,#8873,.F.);
#8875=EDGE_LOOP('',(#8868,#8870,#8872,#8874));
#8876=FACE_OUTER_BOUND('',#8875,.F.);
#8877=ADVANCED_FACE('',(#8876),#8867,.T.);
#8878=CARTESIAN_POINT('',(-3.4925E0,7.62E-1,0.E0));
#8879=DIRECTION('',(1.E0,0.E0,0.E0));
#8880=DIRECTION('',(0.E0,0.E0,-1.E0));
#8881=AXIS2_PLACEMENT_3D('',#8878,#8879,#8880);
#8882=PLANE('',#8881);
#8883=ORIENTED_EDGE('',*,*,#6080,.T.);
#8885=ORIENTED_EDGE('',*,*,#8884,.F.);
#8887=ORIENTED_EDGE('',*,*,#8886,.F.);
#8889=ORIENTED_EDGE('',*,*,#8888,.F.);
#8890=EDGE_LOOP('',(#8883,#8885,#8887,#8889));
#8891=FACE_OUTER_BOUND('',#8890,.F.);
#8892=ADVANCED_FACE('',(#8891),#8882,.T.);
#8893=CARTESIAN_POINT('',(-4.1275E0,-2.413E0,-7.874E0));
#8894=DIRECTION('',(0.E0,-1.E0,0.E0));
#8895=DIRECTION('',(0.E0,0.E0,-1.E0));
#8896=AXIS2_PLACEMENT_3D('',#8893,#8894,#8895);
#8897=PLANE('',#8896);
#8898=ORIENTED_EDGE('',*,*,#6800,.F.);
#8899=ORIENTED_EDGE('',*,*,#8746,.F.);
#8901=ORIENTED_EDGE('',*,*,#8900,.T.);
#8902=ORIENTED_EDGE('',*,*,#8824,.T.);
#8903=EDGE_LOOP('',(#8898,#8899,#8901,#8902));
#8904=FACE_OUTER_BOUND('',#8903,.F.);
#8905=ADVANCED_FACE('',(#8904),#8897,.T.);
#8906=CARTESIAN_POINT('',(-4.1275E0,-2.0955E0,-7.874E0));
#8907=DIRECTION('',(0.E0,0.E0,1.E0));
#8908=DIRECTION('',(0.E0,-1.E0,0.E0));
#8909=AXIS2_PLACEMENT_3D('',#8906,#8907,#8908);
#8910=PLANE('',#8909);
#8911=ORIENTED_EDGE('',*,*,#8744,.F.);
#8913=ORIENTED_EDGE('',*,*,#8912,.T.);
#8914=ORIENTED_EDGE('',*,*,#8826,.T.);
#8915=ORIENTED_EDGE('',*,*,#8900,.F.);
#8916=EDGE_LOOP('',(#8911,#8913,#8914,#8915));
#8917=FACE_OUTER_BOUND('',#8916,.F.);
#8918=ADVANCED_FACE('',(#8917),#8910,.T.);
#8919=CARTESIAN_POINT('',(-4.1275E0,-2.0955E0,-8.128E-1));
#8920=DIRECTION('',(0.E0,-1.E0,0.E0));
#8921=DIRECTION('',(0.E0,0.E0,-1.E0));
#8922=AXIS2_PLACEMENT_3D('',#8919,#8920,#8921);
#8923=PLANE('',#8922);
#8924=ORIENTED_EDGE('',*,*,#8742,.F.);
#8926=ORIENTED_EDGE('',*,*,#8925,.T.);
#8927=ORIENTED_EDGE('',*,*,#8828,.T.);
#8928=ORIENTED_EDGE('',*,*,#8912,.F.);
#8929=EDGE_LOOP('',(#8924,#8926,#8927,#8928));
#8930=FACE_OUTER_BOUND('',#8929,.F.);
#8931=ADVANCED_FACE('',(#8930),#8923,.T.);
#8932=CARTESIAN_POINT('',(-4.1275E0,-1.4605E0,-8.128E-1));
#8933=DIRECTION('',(0.E0,0.E0,1.E0));
#8934=DIRECTION('',(0.E0,-1.E0,0.E0));
#8935=AXIS2_PLACEMENT_3D('',#8932,#8933,#8934);
#8936=PLANE('',#8935);
#8937=ORIENTED_EDGE('',*,*,#8740,.F.);
#8939=ORIENTED_EDGE('',*,*,#8938,.T.);
#8940=ORIENTED_EDGE('',*,*,#8830,.T.);
#8941=ORIENTED_EDGE('',*,*,#8925,.F.);
#8942=EDGE_LOOP('',(#8937,#8939,#8940,#8941));
#8943=FACE_OUTER_BOUND('',#8942,.F.);
#8944=ADVANCED_FACE('',(#8943),#8936,.T.);
#8945=CARTESIAN_POINT('',(-4.1275E0,-1.4605E0,-7.874E0));
#8946=DIRECTION('',(0.E0,1.E0,0.E0));
#8947=DIRECTION('',(0.E0,0.E0,1.E0));
#8948=AXIS2_PLACEMENT_3D('',#8945,#8946,#8947);
#8949=PLANE('',#8948);
#8950=ORIENTED_EDGE('',*,*,#8738,.F.);
#8952=ORIENTED_EDGE('',*,*,#8951,.T.);
#8953=ORIENTED_EDGE('',*,*,#8832,.T.);
#8954=ORIENTED_EDGE('',*,*,#8938,.F.);
#8955=EDGE_LOOP('',(#8950,#8952,#8953,#8954));
#8956=FACE_OUTER_BOUND('',#8955,.F.);
#8957=ADVANCED_FACE('',(#8956),#8949,.T.);
#8958=CARTESIAN_POINT('',(-4.1275E0,-1.143E0,-7.874E0));
#8959=DIRECTION('',(0.E0,0.E0,1.E0));
#8960=DIRECTION('',(0.E0,-1.E0,0.E0));
#8961=AXIS2_PLACEMENT_3D('',#8958,#8959,#8960);
#8962=PLANE('',#8961);
#8963=ORIENTED_EDGE('',*,*,#8736,.F.);
#8964=ORIENTED_EDGE('',*,*,#8812,.T.);
#8965=ORIENTED_EDGE('',*,*,#8834,.T.);
#8966=ORIENTED_EDGE('',*,*,#8951,.F.);
#8967=EDGE_LOOP('',(#8963,#8964,#8965,#8966));
#8968=FACE_OUTER_BOUND('',#8967,.F.);
#8969=ADVANCED_FACE('',(#8968),#8962,.T.);
#8970=CARTESIAN_POINT('',(-4.1275E0,1.27E-1,-7.874E0));
#8971=DIRECTION('',(0.E0,-1.E0,0.E0));
#8972=DIRECTION('',(0.E0,0.E0,-1.E0));
#8973=AXIS2_PLACEMENT_3D('',#8970,#8971,#8972);
#8974=PLANE('',#8973);
#8975=ORIENTED_EDGE('',*,*,#6810,.F.);
#8976=ORIENTED_EDGE('',*,*,#8769,.F.);
#8978=ORIENTED_EDGE('',*,*,#8977,.T.);
#8979=ORIENTED_EDGE('',*,*,#8846,.T.);
#8980=EDGE_LOOP('',(#8975,#8976,#8978,#8979));
#8981=FACE_OUTER_BOUND('',#8980,.F.);
#8982=ADVANCED_FACE('',(#8981),#8974,.T.);
#8983=CARTESIAN_POINT('',(-4.1275E0,4.445E-1,-7.874E0));
#8984=DIRECTION('',(0.E0,0.E0,1.E0));
#8985=DIRECTION('',(0.E0,-1.E0,0.E0));
#8986=AXIS2_PLACEMENT_3D('',#8983,#8984,#8985);
#8987=PLANE('',#8986);
#8988=ORIENTED_EDGE('',*,*,#8767,.F.);
#8990=ORIENTED_EDGE('',*,*,#8989,.T.);
#8991=ORIENTED_EDGE('',*,*,#8848,.T.);
#8992=ORIENTED_EDGE('',*,*,#8977,.F.);
#8993=EDGE_LOOP('',(#8988,#8990,#8991,#8992));
#8994=FACE_OUTER_BOUND('',#8993,.F.);
#8995=ADVANCED_FACE('',(#8994),#8987,.T.);
#8996=CARTESIAN_POINT('',(-4.1275E0,4.445E-1,-8.128E-1));
#8997=DIRECTION('',(0.E0,-1.E0,0.E0));
#8998=DIRECTION('',(0.E0,0.E0,-1.E0));
#8999=AXIS2_PLACEMENT_3D('',#8996,#8997,#8998);
#9000=PLANE('',#8999);
#9001=ORIENTED_EDGE('',*,*,#8765,.F.);
#9003=ORIENTED_EDGE('',*,*,#9002,.T.);
#9004=ORIENTED_EDGE('',*,*,#8850,.T.);
#9005=ORIENTED_EDGE('',*,*,#8989,.F.);
#9006=EDGE_LOOP('',(#9001,#9003,#9004,#9005));
#9007=FACE_OUTER_BOUND('',#9006,.F.);
#9008=ADVANCED_FACE('',(#9007),#9000,.T.);
#9009=CARTESIAN_POINT('',(-4.1275E0,1.0795E0,-8.128E-1));
#9010=DIRECTION('',(0.E0,0.E0,1.E0));
#9011=DIRECTION('',(0.E0,-1.E0,0.E0));
#9012=AXIS2_PLACEMENT_3D('',#9009,#9010,#9011);
#9013=PLANE('',#9012);
#9014=ORIENTED_EDGE('',*,*,#8763,.F.);
#9016=ORIENTED_EDGE('',*,*,#9015,.T.);
#9017=ORIENTED_EDGE('',*,*,#8852,.T.);
#9018=ORIENTED_EDGE('',*,*,#9002,.F.);
#9019=EDGE_LOOP('',(#9014,#9016,#9017,#9018));
#9020=FACE_OUTER_BOUND('',#9019,.F.);
#9021=ADVANCED_FACE('',(#9020),#9013,.T.);
#9022=CARTESIAN_POINT('',(-4.1275E0,1.0795E0,-7.874E0));
#9023=DIRECTION('',(0.E0,1.E0,0.E0));
#9024=DIRECTION('',(0.E0,0.E0,1.E0));
#9025=AXIS2_PLACEMENT_3D('',#9022,#9023,#9024);
#9026=PLANE('',#9025);
#9027=ORIENTED_EDGE('',*,*,#8761,.F.);
#9029=ORIENTED_EDGE('',*,*,#9028,.T.);
#9030=ORIENTED_EDGE('',*,*,#8854,.T.);
#9031=ORIENTED_EDGE('',*,*,#9015,.F.);
#9032=EDGE_LOOP('',(#9027,#9029,#9030,#9031));
#9033=FACE_OUTER_BOUND('',#9032,.F.);
#9034=ADVANCED_FACE('',(#9033),#9026,.T.);
#9035=CARTESIAN_POINT('',(-4.1275E0,1.397E0,-7.874E0));
#9036=DIRECTION('',(0.E0,0.E0,1.E0));
#9037=DIRECTION('',(0.E0,-1.E0,0.E0));
#9038=AXIS2_PLACEMENT_3D('',#9035,#9036,#9037);
#9039=PLANE('',#9038);
#9040=ORIENTED_EDGE('',*,*,#8759,.F.);
#9042=ORIENTED_EDGE('',*,*,#9041,.T.);
#9043=ORIENTED_EDGE('',*,*,#8856,.T.);
#9044=ORIENTED_EDGE('',*,*,#9028,.F.);
#9045=EDGE_LOOP('',(#9040,#9042,#9043,#9044));
#9046=FACE_OUTER_BOUND('',#9045,.F.);
#9047=ADVANCED_FACE('',(#9046),#9039,.T.);
#9048=CARTESIAN_POINT('',(-4.1275E0,1.397E0,-8.89E0));
#9049=DIRECTION('',(0.E0,1.E0,0.E0));
#9050=DIRECTION('',(0.E0,0.E0,1.E0));
#9051=AXIS2_PLACEMENT_3D('',#9048,#9049,#9050);
#9052=PLANE('',#9051);
#9053=ORIENTED_EDGE('',*,*,#6814,.T.);
#9054=ORIENTED_EDGE('',*,*,#8858,.T.);
#9055=ORIENTED_EDGE('',*,*,#9041,.F.);
#9056=ORIENTED_EDGE('',*,*,#8757,.F.);
#9057=EDGE_LOOP('',(#9053,#9054,#9055,#9056));
#9058=FACE_OUTER_BOUND('',#9057,.F.);
#9059=ADVANCED_FACE('',(#9058),#9052,.T.);
#9060=CARTESIAN_POINT('',(-4.1275E0,-8.509E0,-1.31953E1));
#9061=DIRECTION('',(0.E0,0.E0,-1.E0));
#9062=DIRECTION('',(0.E0,1.E0,0.E0));
#9063=AXIS2_PLACEMENT_3D('',#9060,#9061,#9062);
#9064=PLANE('',#9063);
#9065=ORIENTED_EDGE('',*,*,#6068,.F.);
#9066=ORIENTED_EDGE('',*,*,#8784,.F.);
#9068=ORIENTED_EDGE('',*,*,#9067,.T.);
#9069=ORIENTED_EDGE('',*,*,#8869,.T.);
#9070=EDGE_LOOP('',(#9065,#9066,#9068,#9069));
#9071=FACE_OUTER_BOUND('',#9070,.F.);
#9072=ADVANCED_FACE('',(#9071),#9064,.T.);
#9073=CARTESIAN_POINT('',(-4.1275E0,-8.509E0,-1.25603E1));
#9074=DIRECTION('',(0.E0,-1.E0,0.E0));
#9075=DIRECTION('',(0.E0,0.E0,-1.E0));
#9076=AXIS2_PLACEMENT_3D('',#9073,#9074,#9075);
#9077=PLANE('',#9076);
#9078=ORIENTED_EDGE('',*,*,#8782,.F.);
#9080=ORIENTED_EDGE('',*,*,#9079,.T.);
#9081=ORIENTED_EDGE('',*,*,#8871,.T.);
#9082=ORIENTED_EDGE('',*,*,#9067,.F.);
#9083=EDGE_LOOP('',(#9078,#9080,#9081,#9082));
#9084=FACE_OUTER_BOUND('',#9083,.F.);
#9085=ADVANCED_FACE('',(#9084),#9077,.T.);
#9086=CARTESIAN_POINT('',(-4.1275E0,-5.08E0,-1.25603E1));
#9087=DIRECTION('',(0.E0,0.E0,1.E0));
#9088=DIRECTION('',(0.E0,-1.E0,0.E0));
#9089=AXIS2_PLACEMENT_3D('',#9086,#9087,#9088);
#9090=PLANE('',#9089);
#9091=ORIENTED_EDGE('',*,*,#6072,.T.);
#9092=ORIENTED_EDGE('',*,*,#8873,.T.);
#9093=ORIENTED_EDGE('',*,*,#9079,.F.);
#9094=ORIENTED_EDGE('',*,*,#8780,.F.);
#9095=EDGE_LOOP('',(#9091,#9092,#9093,#9094));
#9096=FACE_OUTER_BOUND('',#9095,.F.);
#9097=ADVANCED_FACE('',(#9096),#9090,.T.);
#9098=CARTESIAN_POINT('',(-4.1275E0,-8.509E0,-1.57353E1));
#9099=DIRECTION('',(0.E0,0.E0,-1.E0));
#9100=DIRECTION('',(0.E0,1.E0,0.E0));
#9101=AXIS2_PLACEMENT_3D('',#9098,#9099,#9100);
#9102=PLANE('',#9101);
#9103=ORIENTED_EDGE('',*,*,#6078,.F.);
#9104=ORIENTED_EDGE('',*,*,#8799,.F.);
#9106=ORIENTED_EDGE('',*,*,#9105,.T.);
#9107=ORIENTED_EDGE('',*,*,#8884,.T.);
#9108=EDGE_LOOP('',(#9103,#9104,#9106,#9107));
#9109=FACE_OUTER_BOUND('',#9108,.F.);
#9110=ADVANCED_FACE('',(#9109),#9102,.T.);
#9111=CARTESIAN_POINT('',(-4.1275E0,-8.509E0,-1.51003E1));
#9112=DIRECTION('',(0.E0,-1.E0,0.E0));
#9113=DIRECTION('',(0.E0,0.E0,-1.E0));
#9114=AXIS2_PLACEMENT_3D('',#9111,#9112,#9113);
#9115=PLANE('',#9114);
#9116=ORIENTED_EDGE('',*,*,#8797,.F.);
#9118=ORIENTED_EDGE('',*,*,#9117,.T.);
#9119=ORIENTED_EDGE('',*,*,#8886,.T.);
#9120=ORIENTED_EDGE('',*,*,#9105,.F.);
#9121=EDGE_LOOP('',(#9116,#9118,#9119,#9120));
#9122=FACE_OUTER_BOUND('',#9121,.F.);
#9123=ADVANCED_FACE('',(#9122),#9115,.T.);
#9124=CARTESIAN_POINT('',(-4.1275E0,-5.08E0,-1.51003E1));
#9125=DIRECTION('',(0.E0,0.E0,1.E0));
#9126=DIRECTION('',(0.E0,-1.E0,0.E0));
#9127=AXIS2_PLACEMENT_3D('',#9124,#9125,#9126);
#9128=PLANE('',#9127);
#9129=ORIENTED_EDGE('',*,*,#6082,.T.);
#9130=ORIENTED_EDGE('',*,*,#8888,.T.);
#9131=ORIENTED_EDGE('',*,*,#9117,.F.);
#9132=ORIENTED_EDGE('',*,*,#8795,.F.);
#9133=EDGE_LOOP('',(#9129,#9130,#9131,#9132));
#9134=FACE_OUTER_BOUND('',#9133,.F.);
#9135=ADVANCED_FACE('',(#9134),#9128,.T.);
#9136=CARTESIAN_POINT('',(-1.5875E0,7.62E-1,0.E0));
#9137=DIRECTION('',(1.E0,0.E0,0.E0));
#9138=DIRECTION('',(0.E0,0.E0,-1.E0));
#9139=AXIS2_PLACEMENT_3D('',#9136,#9137,#9138);
#9140=PLANE('',#9139);
#9141=ORIENTED_EDGE('',*,*,#6818,.T.);
#9143=ORIENTED_EDGE('',*,*,#9142,.T.);
#9145=ORIENTED_EDGE('',*,*,#9144,.T.);
#9147=ORIENTED_EDGE('',*,*,#9146,.T.);
#9149=ORIENTED_EDGE('',*,*,#9148,.T.);
#9151=ORIENTED_EDGE('',*,*,#9150,.T.);
#9153=ORIENTED_EDGE('',*,*,#9152,.T.);
#9155=ORIENTED_EDGE('',*,*,#9154,.T.);
#9156=EDGE_LOOP('',(#9141,#9143,#9145,#9147,#9149,#9151,#9153,#9155));
#9157=FACE_OUTER_BOUND('',#9156,.F.);
#9158=ADVANCED_FACE('',(#9157),#9140,.F.);
#9159=CARTESIAN_POINT('',(-1.5875E0,7.62E-1,0.E0));
#9160=DIRECTION('',(1.E0,0.E0,0.E0));
#9161=DIRECTION('',(0.E0,0.E0,-1.E0));
#9162=AXIS2_PLACEMENT_3D('',#9159,#9160,#9161);
#9163=PLANE('',#9162);
#9164=ORIENTED_EDGE('',*,*,#6828,.T.);
#9166=ORIENTED_EDGE('',*,*,#9165,.T.);
#9168=ORIENTED_EDGE('',*,*,#9167,.T.);
#9170=ORIENTED_EDGE('',*,*,#9169,.T.);
#9172=ORIENTED_EDGE('',*,*,#9171,.T.);
#9174=ORIENTED_EDGE('',*,*,#9173,.T.);
#9176=ORIENTED_EDGE('',*,*,#9175,.T.);
#9178=ORIENTED_EDGE('',*,*,#9177,.T.);
#9179=EDGE_LOOP('',(#9164,#9166,#9168,#9170,#9172,#9174,#9176,#9178));
#9180=FACE_OUTER_BOUND('',#9179,.F.);
#9181=ADVANCED_FACE('',(#9180),#9163,.F.);
#9182=CARTESIAN_POINT('',(-1.5875E0,7.62E-1,0.E0));
#9183=DIRECTION('',(1.E0,0.E0,0.E0));
#9184=DIRECTION('',(0.E0,0.E0,-1.E0));
#9185=AXIS2_PLACEMENT_3D('',#9182,#9183,#9184);
#9186=PLANE('',#9185);
#9187=ORIENTED_EDGE('',*,*,#6086,.F.);
#9189=ORIENTED_EDGE('',*,*,#9188,.T.);
#9191=ORIENTED_EDGE('',*,*,#9190,.T.);
#9193=ORIENTED_EDGE('',*,*,#9192,.T.);
#9194=EDGE_LOOP('',(#9187,#9189,#9191,#9193));
#9195=FACE_OUTER_BOUND('',#9194,.F.);
#9196=ADVANCED_FACE('',(#9195),#9186,.F.);
#9197=CARTESIAN_POINT('',(-1.5875E0,7.62E-1,0.E0));
#9198=DIRECTION('',(1.E0,0.E0,0.E0));
#9199=DIRECTION('',(0.E0,0.E0,-1.E0));
#9200=AXIS2_PLACEMENT_3D('',#9197,#9198,#9199);
#9201=PLANE('',#9200);
#9202=ORIENTED_EDGE('',*,*,#6096,.F.);
#9204=ORIENTED_EDGE('',*,*,#9203,.T.);
#9206=ORIENTED_EDGE('',*,*,#9205,.T.);
#9208=ORIENTED_EDGE('',*,*,#9207,.T.);
#9209=EDGE_LOOP('',(#9202,#9204,#9206,#9208));
#9210=FACE_OUTER_BOUND('',#9209,.F.);
#9211=ADVANCED_FACE('',(#9210),#9201,.F.);
#9212=CARTESIAN_POINT('',(-1.5875E0,-1.143E0,-8.89E0));
#9213=DIRECTION('',(0.E0,1.E0,0.E0));
#9214=DIRECTION('',(0.E0,0.E0,1.E0));
#9215=AXIS2_PLACEMENT_3D('',#9212,#9213,#9214);
#9216=PLANE('',#9215);
#9217=ORIENTED_EDGE('',*,*,#6824,.T.);
#9219=ORIENTED_EDGE('',*,*,#9218,.T.);
#9221=ORIENTED_EDGE('',*,*,#9220,.F.);
#9222=ORIENTED_EDGE('',*,*,#9142,.F.);
#9223=EDGE_LOOP('',(#9217,#9219,#9221,#9222));
#9224=FACE_OUTER_BOUND('',#9223,.F.);
#9225=ADVANCED_FACE('',(#9224),#9216,.T.);
#9226=CARTESIAN_POINT('',(-9.525E-1,7.62E-1,0.E0));
#9227=DIRECTION('',(1.E0,0.E0,0.E0));
#9228=DIRECTION('',(0.E0,0.E0,-1.E0));
#9229=AXIS2_PLACEMENT_3D('',#9226,#9227,#9228);
#9230=PLANE('',#9229);
#9231=ORIENTED_EDGE('',*,*,#6822,.F.);
#9233=ORIENTED_EDGE('',*,*,#9232,.F.);
#9235=ORIENTED_EDGE('',*,*,#9234,.F.);
#9237=ORIENTED_EDGE('',*,*,#9236,.F.);
#9239=ORIENTED_EDGE('',*,*,#9238,.F.);
#9241=ORIENTED_EDGE('',*,*,#9240,.F.);
#9243=ORIENTED_EDGE('',*,*,#9242,.F.);
#9244=ORIENTED_EDGE('',*,*,#9218,.F.);
#9245=EDGE_LOOP('',(#9231,#9233,#9235,#9237,#9239,#9241,#9243,#9244));
#9246=FACE_OUTER_BOUND('',#9245,.F.);
#9247=ADVANCED_FACE('',(#9246),#9230,.T.);
#9248=CARTESIAN_POINT('',(-9.525E-1,7.62E-1,0.E0));
#9249=DIRECTION('',(1.E0,0.E0,0.E0));
#9250=DIRECTION('',(0.E0,0.E0,-1.E0));
#9251=AXIS2_PLACEMENT_3D('',#9248,#9249,#9250);
#9252=PLANE('',#9251);
#9253=ORIENTED_EDGE('',*,*,#6832,.F.);
#9255=ORIENTED_EDGE('',*,*,#9254,.F.);
#9257=ORIENTED_EDGE('',*,*,#9256,.F.);
#9259=ORIENTED_EDGE('',*,*,#9258,.F.);
#9261=ORIENTED_EDGE('',*,*,#9260,.F.);
#9263=ORIENTED_EDGE('',*,*,#9262,.F.);
#9265=ORIENTED_EDGE('',*,*,#9264,.F.);
#9267=ORIENTED_EDGE('',*,*,#9266,.F.);
#9268=EDGE_LOOP('',(#9253,#9255,#9257,#9259,#9261,#9263,#9265,#9267));
#9269=FACE_OUTER_BOUND('',#9268,.F.);
#9270=ADVANCED_FACE('',(#9269),#9252,.T.);
#9271=CARTESIAN_POINT('',(-9.525E-1,7.62E-1,0.E0));
#9272=DIRECTION('',(1.E0,0.E0,0.E0));
#9273=DIRECTION('',(0.E0,0.E0,-1.E0));
#9274=AXIS2_PLACEMENT_3D('',#9271,#9272,#9273);
#9275=PLANE('',#9274);
#9276=ORIENTED_EDGE('',*,*,#6090,.T.);
#9278=ORIENTED_EDGE('',*,*,#9277,.F.);
#9280=ORIENTED_EDGE('',*,*,#9279,.F.);
#9282=ORIENTED_EDGE('',*,*,#9281,.F.);
#9283=EDGE_LOOP('',(#9276,#9278,#9280,#9282));
#9284=FACE_OUTER_BOUND('',#9283,.F.);
#9285=ADVANCED_FACE('',(#9284),#9275,.T.);
#9286=CARTESIAN_POINT('',(-9.525E-1,7.62E-1,0.E0));
#9287=DIRECTION('',(1.E0,0.E0,0.E0));
#9288=DIRECTION('',(0.E0,0.E0,-1.E0));
#9289=AXIS2_PLACEMENT_3D('',#9286,#9287,#9288);
#9290=PLANE('',#9289);
#9291=ORIENTED_EDGE('',*,*,#6100,.T.);
#9293=ORIENTED_EDGE('',*,*,#9292,.F.);
#9295=ORIENTED_EDGE('',*,*,#9294,.F.);
#9297=ORIENTED_EDGE('',*,*,#9296,.F.);
#9298=EDGE_LOOP('',(#9291,#9293,#9295,#9297));
#9299=FACE_OUTER_BOUND('',#9298,.F.);
#9300=ADVANCED_FACE('',(#9299),#9290,.T.);
#9301=CARTESIAN_POINT('',(-1.5875E0,-2.413E0,-7.874E0));
#9302=DIRECTION('',(0.E0,-1.E0,0.E0));
#9303=DIRECTION('',(0.E0,0.E0,-1.E0));
#9304=AXIS2_PLACEMENT_3D('',#9301,#9302,#9303);
#9305=PLANE('',#9304);
#9306=ORIENTED_EDGE('',*,*,#6820,.F.);
#9307=ORIENTED_EDGE('',*,*,#9154,.F.);
#9309=ORIENTED_EDGE('',*,*,#9308,.T.);
#9310=ORIENTED_EDGE('',*,*,#9232,.T.);
#9311=EDGE_LOOP('',(#9306,#9307,#9309,#9310));
#9312=FACE_OUTER_BOUND('',#9311,.F.);
#9313=ADVANCED_FACE('',(#9312),#9305,.T.);
#9314=CARTESIAN_POINT('',(-1.5875E0,-2.0955E0,-7.874E0));
#9315=DIRECTION('',(0.E0,0.E0,1.E0));
#9316=DIRECTION('',(0.E0,-1.E0,0.E0));
#9317=AXIS2_PLACEMENT_3D('',#9314,#9315,#9316);
#9318=PLANE('',#9317);
#9319=ORIENTED_EDGE('',*,*,#9152,.F.);
#9321=ORIENTED_EDGE('',*,*,#9320,.T.);
#9322=ORIENTED_EDGE('',*,*,#9234,.T.);
#9323=ORIENTED_EDGE('',*,*,#9308,.F.);
#9324=EDGE_LOOP('',(#9319,#9321,#9322,#9323));
#9325=FACE_OUTER_BOUND('',#9324,.F.);
#9326=ADVANCED_FACE('',(#9325),#9318,.T.);
#9327=CARTESIAN_POINT('',(-1.5875E0,-2.0955E0,-8.128E-1));
#9328=DIRECTION('',(0.E0,-1.E0,0.E0));
#9329=DIRECTION('',(0.E0,0.E0,-1.E0));
#9330=AXIS2_PLACEMENT_3D('',#9327,#9328,#9329);
#9331=PLANE('',#9330);
#9332=ORIENTED_EDGE('',*,*,#9150,.F.);
#9334=ORIENTED_EDGE('',*,*,#9333,.T.);
#9335=ORIENTED_EDGE('',*,*,#9236,.T.);
#9336=ORIENTED_EDGE('',*,*,#9320,.F.);
#9337=EDGE_LOOP('',(#9332,#9334,#9335,#9336));
#9338=FACE_OUTER_BOUND('',#9337,.F.);
#9339=ADVANCED_FACE('',(#9338),#9331,.T.);
#9340=CARTESIAN_POINT('',(-1.5875E0,-1.4605E0,-8.128E-1));
#9341=DIRECTION('',(0.E0,0.E0,1.E0));
#9342=DIRECTION('',(0.E0,-1.E0,0.E0));
#9343=AXIS2_PLACEMENT_3D('',#9340,#9341,#9342);
#9344=PLANE('',#9343);
#9345=ORIENTED_EDGE('',*,*,#9148,.F.);
#9347=ORIENTED_EDGE('',*,*,#9346,.T.);
#9348=ORIENTED_EDGE('',*,*,#9238,.T.);
#9349=ORIENTED_EDGE('',*,*,#9333,.F.);
#9350=EDGE_LOOP('',(#9345,#9347,#9348,#9349));
#9351=FACE_OUTER_BOUND('',#9350,.F.);
#9352=ADVANCED_FACE('',(#9351),#9344,.T.);
#9353=CARTESIAN_POINT('',(-1.5875E0,-1.4605E0,-7.874E0));
#9354=DIRECTION('',(0.E0,1.E0,0.E0));
#9355=DIRECTION('',(0.E0,0.E0,1.E0));
#9356=AXIS2_PLACEMENT_3D('',#9353,#9354,#9355);
#9357=PLANE('',#9356);
#9358=ORIENTED_EDGE('',*,*,#9146,.F.);
#9360=ORIENTED_EDGE('',*,*,#9359,.T.);
#9361=ORIENTED_EDGE('',*,*,#9240,.T.);
#9362=ORIENTED_EDGE('',*,*,#9346,.F.);
#9363=EDGE_LOOP('',(#9358,#9360,#9361,#9362));
#9364=FACE_OUTER_BOUND('',#9363,.F.);
#9365=ADVANCED_FACE('',(#9364),#9357,.T.);
#9366=CARTESIAN_POINT('',(-1.5875E0,-1.143E0,-7.874E0));
#9367=DIRECTION('',(0.E0,0.E0,1.E0));
#9368=DIRECTION('',(0.E0,-1.E0,0.E0));
#9369=AXIS2_PLACEMENT_3D('',#9366,#9367,#9368);
#9370=PLANE('',#9369);
#9371=ORIENTED_EDGE('',*,*,#9144,.F.);
#9372=ORIENTED_EDGE('',*,*,#9220,.T.);
#9373=ORIENTED_EDGE('',*,*,#9242,.T.);
#9374=ORIENTED_EDGE('',*,*,#9359,.F.);
#9375=EDGE_LOOP('',(#9371,#9372,#9373,#9374));
#9376=FACE_OUTER_BOUND('',#9375,.F.);
#9377=ADVANCED_FACE('',(#9376),#9370,.T.);
#9378=CARTESIAN_POINT('',(-1.5875E0,1.27E-1,-7.874E0));
#9379=DIRECTION('',(0.E0,-1.E0,0.E0));
#9380=DIRECTION('',(0.E0,0.E0,-1.E0));
#9381=AXIS2_PLACEMENT_3D('',#9378,#9379,#9380);
#9382=PLANE('',#9381);
#9383=ORIENTED_EDGE('',*,*,#6830,.F.);
#9384=ORIENTED_EDGE('',*,*,#9177,.F.);
#9386=ORIENTED_EDGE('',*,*,#9385,.T.);
#9387=ORIENTED_EDGE('',*,*,#9254,.T.);
#9388=EDGE_LOOP('',(#9383,#9384,#9386,#9387));
#9389=FACE_OUTER_BOUND('',#9388,.F.);
#9390=ADVANCED_FACE('',(#9389),#9382,.T.);
#9391=CARTESIAN_POINT('',(-1.5875E0,4.445E-1,-7.874E0));
#9392=DIRECTION('',(0.E0,0.E0,1.E0));
#9393=DIRECTION('',(0.E0,-1.E0,0.E0));
#9394=AXIS2_PLACEMENT_3D('',#9391,#9392,#9393);
#9395=PLANE('',#9394);
#9396=ORIENTED_EDGE('',*,*,#9175,.F.);
#9398=ORIENTED_EDGE('',*,*,#9397,.T.);
#9399=ORIENTED_EDGE('',*,*,#9256,.T.);
#9400=ORIENTED_EDGE('',*,*,#9385,.F.);
#9401=EDGE_LOOP('',(#9396,#9398,#9399,#9400));
#9402=FACE_OUTER_BOUND('',#9401,.F.);
#9403=ADVANCED_FACE('',(#9402),#9395,.T.);
#9404=CARTESIAN_POINT('',(-1.5875E0,4.445E-1,-8.128E-1));
#9405=DIRECTION('',(0.E0,-1.E0,0.E0));
#9406=DIRECTION('',(0.E0,0.E0,-1.E0));
#9407=AXIS2_PLACEMENT_3D('',#9404,#9405,#9406);
#9408=PLANE('',#9407);
#9409=ORIENTED_EDGE('',*,*,#9173,.F.);
#9411=ORIENTED_EDGE('',*,*,#9410,.T.);
#9412=ORIENTED_EDGE('',*,*,#9258,.T.);
#9413=ORIENTED_EDGE('',*,*,#9397,.F.);
#9414=EDGE_LOOP('',(#9409,#9411,#9412,#9413));
#9415=FACE_OUTER_BOUND('',#9414,.F.);
#9416=ADVANCED_FACE('',(#9415),#9408,.T.);
#9417=CARTESIAN_POINT('',(-1.5875E0,1.0795E0,-8.128E-1));
#9418=DIRECTION('',(0.E0,0.E0,1.E0));
#9419=DIRECTION('',(0.E0,-1.E0,0.E0));
#9420=AXIS2_PLACEMENT_3D('',#9417,#9418,#9419);
#9421=PLANE('',#9420);
#9422=ORIENTED_EDGE('',*,*,#9171,.F.);
#9424=ORIENTED_EDGE('',*,*,#9423,.T.);
#9425=ORIENTED_EDGE('',*,*,#9260,.T.);
#9426=ORIENTED_EDGE('',*,*,#9410,.F.);
#9427=EDGE_LOOP('',(#9422,#9424,#9425,#9426));
#9428=FACE_OUTER_BOUND('',#9427,.F.);
#9429=ADVANCED_FACE('',(#9428),#9421,.T.);
#9430=CARTESIAN_POINT('',(-1.5875E0,1.0795E0,-7.874E0));
#9431=DIRECTION('',(0.E0,1.E0,0.E0));
#9432=DIRECTION('',(0.E0,0.E0,1.E0));
#9433=AXIS2_PLACEMENT_3D('',#9430,#9431,#9432);
#9434=PLANE('',#9433);
#9435=ORIENTED_EDGE('',*,*,#9169,.F.);
#9437=ORIENTED_EDGE('',*,*,#9436,.T.);
#9438=ORIENTED_EDGE('',*,*,#9262,.T.);
#9439=ORIENTED_EDGE('',*,*,#9423,.F.);
#9440=EDGE_LOOP('',(#9435,#9437,#9438,#9439));
#9441=FACE_OUTER_BOUND('',#9440,.F.);
#9442=ADVANCED_FACE('',(#9441),#9434,.T.);
#9443=CARTESIAN_POINT('',(-1.5875E0,1.397E0,-7.874E0));
#9444=DIRECTION('',(0.E0,0.E0,1.E0));
#9445=DIRECTION('',(0.E0,-1.E0,0.E0));
#9446=AXIS2_PLACEMENT_3D('',#9443,#9444,#9445);
#9447=PLANE('',#9446);
#9448=ORIENTED_EDGE('',*,*,#9167,.F.);
#9450=ORIENTED_EDGE('',*,*,#9449,.T.);
#9451=ORIENTED_EDGE('',*,*,#9264,.T.);
#9452=ORIENTED_EDGE('',*,*,#9436,.F.);
#9453=EDGE_LOOP('',(#9448,#9450,#9451,#9452));
#9454=FACE_OUTER_BOUND('',#9453,.F.);
#9455=ADVANCED_FACE('',(#9454),#9447,.T.);
#9456=CARTESIAN_POINT('',(-1.5875E0,1.397E0,-8.89E0));
#9457=DIRECTION('',(0.E0,1.E0,0.E0));
#9458=DIRECTION('',(0.E0,0.E0,1.E0));
#9459=AXIS2_PLACEMENT_3D('',#9456,#9457,#9458);
#9460=PLANE('',#9459);
#9461=ORIENTED_EDGE('',*,*,#6834,.T.);
#9462=ORIENTED_EDGE('',*,*,#9266,.T.);
#9463=ORIENTED_EDGE('',*,*,#9449,.F.);
#9464=ORIENTED_EDGE('',*,*,#9165,.F.);
#9465=EDGE_LOOP('',(#9461,#9462,#9463,#9464));
#9466=FACE_OUTER_BOUND('',#9465,.F.);
#9467=ADVANCED_FACE('',(#9466),#9460,.T.);
#9468=CARTESIAN_POINT('',(-1.5875E0,-8.509E0,-1.31953E1));
#9469=DIRECTION('',(0.E0,0.E0,-1.E0));
#9470=DIRECTION('',(0.E0,1.E0,0.E0));
#9471=AXIS2_PLACEMENT_3D('',#9468,#9469,#9470);
#9472=PLANE('',#9471);
#9473=ORIENTED_EDGE('',*,*,#6088,.F.);
#9474=ORIENTED_EDGE('',*,*,#9192,.F.);
#9476=ORIENTED_EDGE('',*,*,#9475,.T.);
#9477=ORIENTED_EDGE('',*,*,#9277,.T.);
#9478=EDGE_LOOP('',(#9473,#9474,#9476,#9477));
#9479=FACE_OUTER_BOUND('',#9478,.F.);
#9480=ADVANCED_FACE('',(#9479),#9472,.T.);
#9481=CARTESIAN_POINT('',(-1.5875E0,-8.509E0,-1.25603E1));
#9482=DIRECTION('',(0.E0,-1.E0,0.E0));
#9483=DIRECTION('',(0.E0,0.E0,-1.E0));
#9484=AXIS2_PLACEMENT_3D('',#9481,#9482,#9483);
#9485=PLANE('',#9484);
#9486=ORIENTED_EDGE('',*,*,#9190,.F.);
#9488=ORIENTED_EDGE('',*,*,#9487,.T.);
#9489=ORIENTED_EDGE('',*,*,#9279,.T.);
#9490=ORIENTED_EDGE('',*,*,#9475,.F.);
#9491=EDGE_LOOP('',(#9486,#9488,#9489,#9490));
#9492=FACE_OUTER_BOUND('',#9491,.F.);
#9493=ADVANCED_FACE('',(#9492),#9485,.T.);
#9494=CARTESIAN_POINT('',(-1.5875E0,-5.08E0,-1.25603E1));
#9495=DIRECTION('',(0.E0,0.E0,1.E0));
#9496=DIRECTION('',(0.E0,-1.E0,0.E0));
#9497=AXIS2_PLACEMENT_3D('',#9494,#9495,#9496);
#9498=PLANE('',#9497);
#9499=ORIENTED_EDGE('',*,*,#6092,.T.);
#9500=ORIENTED_EDGE('',*,*,#9281,.T.);
#9501=ORIENTED_EDGE('',*,*,#9487,.F.);
#9502=ORIENTED_EDGE('',*,*,#9188,.F.);
#9503=EDGE_LOOP('',(#9499,#9500,#9501,#9502));
#9504=FACE_OUTER_BOUND('',#9503,.F.);
#9505=ADVANCED_FACE('',(#9504),#9498,.T.);
#9506=CARTESIAN_POINT('',(-1.5875E0,-8.509E0,-1.57353E1));
#9507=DIRECTION('',(0.E0,0.E0,-1.E0));
#9508=DIRECTION('',(0.E0,1.E0,0.E0));
#9509=AXIS2_PLACEMENT_3D('',#9506,#9507,#9508);
#9510=PLANE('',#9509);
#9511=ORIENTED_EDGE('',*,*,#6098,.F.);
#9512=ORIENTED_EDGE('',*,*,#9207,.F.);
#9514=ORIENTED_EDGE('',*,*,#9513,.T.);
#9515=ORIENTED_EDGE('',*,*,#9292,.T.);
#9516=EDGE_LOOP('',(#9511,#9512,#9514,#9515));
#9517=FACE_OUTER_BOUND('',#9516,.F.);
#9518=ADVANCED_FACE('',(#9517),#9510,.T.);
#9519=CARTESIAN_POINT('',(-1.5875E0,-8.509E0,-1.51003E1));
#9520=DIRECTION('',(0.E0,-1.E0,0.E0));
#9521=DIRECTION('',(0.E0,0.E0,-1.E0));
#9522=AXIS2_PLACEMENT_3D('',#9519,#9520,#9521);
#9523=PLANE('',#9522);
#9524=ORIENTED_EDGE('',*,*,#9205,.F.);
#9526=ORIENTED_EDGE('',*,*,#9525,.T.);
#9527=ORIENTED_EDGE('',*,*,#9294,.T.);
#9528=ORIENTED_EDGE('',*,*,#9513,.F.);
#9529=EDGE_LOOP('',(#9524,#9526,#9527,#9528));
#9530=FACE_OUTER_BOUND('',#9529,.F.);
#9531=ADVANCED_FACE('',(#9530),#9523,.T.);
#9532=CARTESIAN_POINT('',(-1.5875E0,-5.08E0,-1.51003E1));
#9533=DIRECTION('',(0.E0,0.E0,1.E0));
#9534=DIRECTION('',(0.E0,-1.E0,0.E0));
#9535=AXIS2_PLACEMENT_3D('',#9532,#9533,#9534);
#9536=PLANE('',#9535);
#9537=ORIENTED_EDGE('',*,*,#6102,.T.);
#9538=ORIENTED_EDGE('',*,*,#9296,.T.);
#9539=ORIENTED_EDGE('',*,*,#9525,.F.);
#9540=ORIENTED_EDGE('',*,*,#9203,.F.);
#9541=EDGE_LOOP('',(#9537,#9538,#9539,#9540));
#9542=FACE_OUTER_BOUND('',#9541,.F.);
#9543=ADVANCED_FACE('',(#9542),#9536,.T.);
#9544=CARTESIAN_POINT('',(9.525E-1,7.62E-1,0.E0));
#9545=DIRECTION('',(1.E0,0.E0,0.E0));
#9546=DIRECTION('',(0.E0,0.E0,-1.E0));
#9547=AXIS2_PLACEMENT_3D('',#9544,#9545,#9546);
#9548=PLANE('',#9547);
#9549=ORIENTED_EDGE('',*,*,#6838,.T.);
#9551=ORIENTED_EDGE('',*,*,#9550,.T.);
#9553=ORIENTED_EDGE('',*,*,#9552,.T.);
#9555=ORIENTED_EDGE('',*,*,#9554,.T.);
#9557=ORIENTED_EDGE('',*,*,#9556,.T.);
#9559=ORIENTED_EDGE('',*,*,#9558,.T.);
#9561=ORIENTED_EDGE('',*,*,#9560,.T.);
#9563=ORIENTED_EDGE('',*,*,#9562,.T.);
#9564=EDGE_LOOP('',(#9549,#9551,#9553,#9555,#9557,#9559,#9561,#9563));
#9565=FACE_OUTER_BOUND('',#9564,.F.);
#9566=ADVANCED_FACE('',(#9565),#9548,.F.);
#9567=CARTESIAN_POINT('',(9.525E-1,7.62E-1,0.E0));
#9568=DIRECTION('',(1.E0,0.E0,0.E0));
#9569=DIRECTION('',(0.E0,0.E0,-1.E0));
#9570=AXIS2_PLACEMENT_3D('',#9567,#9568,#9569);
#9571=PLANE('',#9570);
#9572=ORIENTED_EDGE('',*,*,#6848,.T.);
#9574=ORIENTED_EDGE('',*,*,#9573,.T.);
#9576=ORIENTED_EDGE('',*,*,#9575,.T.);
#9578=ORIENTED_EDGE('',*,*,#9577,.T.);
#9580=ORIENTED_EDGE('',*,*,#9579,.T.);
#9582=ORIENTED_EDGE('',*,*,#9581,.T.);
#9584=ORIENTED_EDGE('',*,*,#9583,.T.);
#9586=ORIENTED_EDGE('',*,*,#9585,.T.);
#9587=EDGE_LOOP('',(#9572,#9574,#9576,#9578,#9580,#9582,#9584,#9586));
#9588=FACE_OUTER_BOUND('',#9587,.F.);
#9589=ADVANCED_FACE('',(#9588),#9571,.F.);
#9590=CARTESIAN_POINT('',(9.525E-1,7.62E-1,0.E0));
#9591=DIRECTION('',(1.E0,0.E0,0.E0));
#9592=DIRECTION('',(0.E0,0.E0,-1.E0));
#9593=AXIS2_PLACEMENT_3D('',#9590,#9591,#9592);
#9594=PLANE('',#9593);
#9595=ORIENTED_EDGE('',*,*,#6106,.F.);
#9597=ORIENTED_EDGE('',*,*,#9596,.T.);
#9599=ORIENTED_EDGE('',*,*,#9598,.T.);
#9601=ORIENTED_EDGE('',*,*,#9600,.T.);
#9602=EDGE_LOOP('',(#9595,#9597,#9599,#9601));
#9603=FACE_OUTER_BOUND('',#9602,.F.);
#9604=ADVANCED_FACE('',(#9603),#9594,.F.);
#9605=CARTESIAN_POINT('',(9.525E-1,7.62E-1,0.E0));
#9606=DIRECTION('',(1.E0,0.E0,0.E0));
#9607=DIRECTION('',(0.E0,0.E0,-1.E0));
#9608=AXIS2_PLACEMENT_3D('',#9605,#9606,#9607);
#9609=PLANE('',#9608);
#9610=ORIENTED_EDGE('',*,*,#6116,.F.);
#9612=ORIENTED_EDGE('',*,*,#9611,.T.);
#9614=ORIENTED_EDGE('',*,*,#9613,.T.);
#9616=ORIENTED_EDGE('',*,*,#9615,.T.);
#9617=EDGE_LOOP('',(#9610,#9612,#9614,#9616));
#9618=FACE_OUTER_BOUND('',#9617,.F.);
#9619=ADVANCED_FACE('',(#9618),#9609,.F.);
#9620=CARTESIAN_POINT('',(9.525E-1,-1.143E0,-8.89E0));
#9621=DIRECTION('',(0.E0,1.E0,0.E0));
#9622=DIRECTION('',(0.E0,0.E0,1.E0));
#9623=AXIS2_PLACEMENT_3D('',#9620,#9621,#9622);
#9624=PLANE('',#9623);
#9625=ORIENTED_EDGE('',*,*,#6844,.T.);
#9627=ORIENTED_EDGE('',*,*,#9626,.T.);
#9629=ORIENTED_EDGE('',*,*,#9628,.F.);
#9630=ORIENTED_EDGE('',*,*,#9550,.F.);
#9631=EDGE_LOOP('',(#9625,#9627,#9629,#9630));
#9632=FACE_OUTER_BOUND('',#9631,.F.);
#9633=ADVANCED_FACE('',(#9632),#9624,.T.);
#9634=CARTESIAN_POINT('',(1.5875E0,7.62E-1,0.E0));
#9635=DIRECTION('',(1.E0,0.E0,0.E0));
#9636=DIRECTION('',(0.E0,0.E0,-1.E0));
#9637=AXIS2_PLACEMENT_3D('',#9634,#9635,#9636);
#9638=PLANE('',#9637);
#9639=ORIENTED_EDGE('',*,*,#6842,.F.);
#9641=ORIENTED_EDGE('',*,*,#9640,.F.);
#9643=ORIENTED_EDGE('',*,*,#9642,.F.);
#9645=ORIENTED_EDGE('',*,*,#9644,.F.);
#9647=ORIENTED_EDGE('',*,*,#9646,.F.);
#9649=ORIENTED_EDGE('',*,*,#9648,.F.);
#9651=ORIENTED_EDGE('',*,*,#9650,.F.);
#9652=ORIENTED_EDGE('',*,*,#9626,.F.);
#9653=EDGE_LOOP('',(#9639,#9641,#9643,#9645,#9647,#9649,#9651,#9652));
#9654=FACE_OUTER_BOUND('',#9653,.F.);
#9655=ADVANCED_FACE('',(#9654),#9638,.T.);
#9656=CARTESIAN_POINT('',(1.5875E0,7.62E-1,0.E0));
#9657=DIRECTION('',(1.E0,0.E0,0.E0));
#9658=DIRECTION('',(0.E0,0.E0,-1.E0));
#9659=AXIS2_PLACEMENT_3D('',#9656,#9657,#9658);
#9660=PLANE('',#9659);
#9661=ORIENTED_EDGE('',*,*,#6852,.F.);
#9663=ORIENTED_EDGE('',*,*,#9662,.F.);
#9665=ORIENTED_EDGE('',*,*,#9664,.F.);
#9667=ORIENTED_EDGE('',*,*,#9666,.F.);
#9669=ORIENTED_EDGE('',*,*,#9668,.F.);
#9671=ORIENTED_EDGE('',*,*,#9670,.F.);
#9673=ORIENTED_EDGE('',*,*,#9672,.F.);
#9675=ORIENTED_EDGE('',*,*,#9674,.F.);
#9676=EDGE_LOOP('',(#9661,#9663,#9665,#9667,#9669,#9671,#9673,#9675));
#9677=FACE_OUTER_BOUND('',#9676,.F.);
#9678=ADVANCED_FACE('',(#9677),#9660,.T.);
#9679=CARTESIAN_POINT('',(1.5875E0,7.62E-1,0.E0));
#9680=DIRECTION('',(1.E0,0.E0,0.E0));
#9681=DIRECTION('',(0.E0,0.E0,-1.E0));
#9682=AXIS2_PLACEMENT_3D('',#9679,#9680,#9681);
#9683=PLANE('',#9682);
#9684=ORIENTED_EDGE('',*,*,#6110,.T.);
#9686=ORIENTED_EDGE('',*,*,#9685,.F.);
#9688=ORIENTED_EDGE('',*,*,#9687,.F.);
#9690=ORIENTED_EDGE('',*,*,#9689,.F.);
#9691=EDGE_LOOP('',(#9684,#9686,#9688,#9690));
#9692=FACE_OUTER_BOUND('',#9691,.F.);
#9693=ADVANCED_FACE('',(#9692),#9683,.T.);
#9694=CARTESIAN_POINT('',(1.5875E0,7.62E-1,0.E0));
#9695=DIRECTION('',(1.E0,0.E0,0.E0));
#9696=DIRECTION('',(0.E0,0.E0,-1.E0));
#9697=AXIS2_PLACEMENT_3D('',#9694,#9695,#9696);
#9698=PLANE('',#9697);
#9699=ORIENTED_EDGE('',*,*,#6120,.T.);
#9701=ORIENTED_EDGE('',*,*,#9700,.F.);
#9703=ORIENTED_EDGE('',*,*,#9702,.F.);
#9705=ORIENTED_EDGE('',*,*,#9704,.F.);
#9706=EDGE_LOOP('',(#9699,#9701,#9703,#9705));
#9707=FACE_OUTER_BOUND('',#9706,.F.);
#9708=ADVANCED_FACE('',(#9707),#9698,.T.);
#9709=CARTESIAN_POINT('',(9.525E-1,-2.413E0,-7.874E0));
#9710=DIRECTION('',(0.E0,-1.E0,0.E0));
#9711=DIRECTION('',(0.E0,0.E0,-1.E0));
#9712=AXIS2_PLACEMENT_3D('',#9709,#9710,#9711);
#9713=PLANE('',#9712);
#9714=ORIENTED_EDGE('',*,*,#6840,.F.);
#9715=ORIENTED_EDGE('',*,*,#9562,.F.);
#9717=ORIENTED_EDGE('',*,*,#9716,.T.);
#9718=ORIENTED_EDGE('',*,*,#9640,.T.);
#9719=EDGE_LOOP('',(#9714,#9715,#9717,#9718));
#9720=FACE_OUTER_BOUND('',#9719,.F.);
#9721=ADVANCED_FACE('',(#9720),#9713,.T.);
#9722=CARTESIAN_POINT('',(9.525E-1,-2.0955E0,-7.874E0));
#9723=DIRECTION('',(0.E0,0.E0,1.E0));
#9724=DIRECTION('',(0.E0,-1.E0,0.E0));
#9725=AXIS2_PLACEMENT_3D('',#9722,#9723,#9724);
#9726=PLANE('',#9725);
#9727=ORIENTED_EDGE('',*,*,#9560,.F.);
#9729=ORIENTED_EDGE('',*,*,#9728,.T.);
#9730=ORIENTED_EDGE('',*,*,#9642,.T.);
#9731=ORIENTED_EDGE('',*,*,#9716,.F.);
#9732=EDGE_LOOP('',(#9727,#9729,#9730,#9731));
#9733=FACE_OUTER_BOUND('',#9732,.F.);
#9734=ADVANCED_FACE('',(#9733),#9726,.T.);
#9735=CARTESIAN_POINT('',(9.525E-1,-2.0955E0,-8.128E-1));
#9736=DIRECTION('',(0.E0,-1.E0,0.E0));
#9737=DIRECTION('',(0.E0,0.E0,-1.E0));
#9738=AXIS2_PLACEMENT_3D('',#9735,#9736,#9737);
#9739=PLANE('',#9738);
#9740=ORIENTED_EDGE('',*,*,#9558,.F.);
#9742=ORIENTED_EDGE('',*,*,#9741,.T.);
#9743=ORIENTED_EDGE('',*,*,#9644,.T.);
#9744=ORIENTED_EDGE('',*,*,#9728,.F.);
#9745=EDGE_LOOP('',(#9740,#9742,#9743,#9744));
#9746=FACE_OUTER_BOUND('',#9745,.F.);
#9747=ADVANCED_FACE('',(#9746),#9739,.T.);
#9748=CARTESIAN_POINT('',(9.525E-1,-1.4605E0,-8.128E-1));
#9749=DIRECTION('',(0.E0,0.E0,1.E0));
#9750=DIRECTION('',(0.E0,-1.E0,0.E0));
#9751=AXIS2_PLACEMENT_3D('',#9748,#9749,#9750);
#9752=PLANE('',#9751);
#9753=ORIENTED_EDGE('',*,*,#9556,.F.);
#9755=ORIENTED_EDGE('',*,*,#9754,.T.);
#9756=ORIENTED_EDGE('',*,*,#9646,.T.);
#9757=ORIENTED_EDGE('',*,*,#9741,.F.);
#9758=EDGE_LOOP('',(#9753,#9755,#9756,#9757));
#9759=FACE_OUTER_BOUND('',#9758,.F.);
#9760=ADVANCED_FACE('',(#9759),#9752,.T.);
#9761=CARTESIAN_POINT('',(9.525E-1,-1.4605E0,-7.874E0));
#9762=DIRECTION('',(0.E0,1.E0,0.E0));
#9763=DIRECTION('',(0.E0,0.E0,1.E0));
#9764=AXIS2_PLACEMENT_3D('',#9761,#9762,#9763);
#9765=PLANE('',#9764);
#9766=ORIENTED_EDGE('',*,*,#9554,.F.);
#9768=ORIENTED_EDGE('',*,*,#9767,.T.);
#9769=ORIENTED_EDGE('',*,*,#9648,.T.);
#9770=ORIENTED_EDGE('',*,*,#9754,.F.);
#9771=EDGE_LOOP('',(#9766,#9768,#9769,#9770));
#9772=FACE_OUTER_BOUND('',#9771,.F.);
#9773=ADVANCED_FACE('',(#9772),#9765,.T.);
#9774=CARTESIAN_POINT('',(9.525E-1,-1.143E0,-7.874E0));
#9775=DIRECTION('',(0.E0,0.E0,1.E0));
#9776=DIRECTION('',(0.E0,-1.E0,0.E0));
#9777=AXIS2_PLACEMENT_3D('',#9774,#9775,#9776);
#9778=PLANE('',#9777);
#9779=ORIENTED_EDGE('',*,*,#9552,.F.);
#9780=ORIENTED_EDGE('',*,*,#9628,.T.);
#9781=ORIENTED_EDGE('',*,*,#9650,.T.);
#9782=ORIENTED_EDGE('',*,*,#9767,.F.);
#9783=EDGE_LOOP('',(#9779,#9780,#9781,#9782));
#9784=FACE_OUTER_BOUND('',#9783,.F.);
#9785=ADVANCED_FACE('',(#9784),#9778,.T.);
#9786=CARTESIAN_POINT('',(9.525E-1,1.27E-1,-7.874E0));
#9787=DIRECTION('',(0.E0,-1.E0,0.E0));
#9788=DIRECTION('',(0.E0,0.E0,-1.E0));
#9789=AXIS2_PLACEMENT_3D('',#9786,#9787,#9788);
#9790=PLANE('',#9789);
#9791=ORIENTED_EDGE('',*,*,#6850,.F.);
#9792=ORIENTED_EDGE('',*,*,#9585,.F.);
#9794=ORIENTED_EDGE('',*,*,#9793,.T.);
#9795=ORIENTED_EDGE('',*,*,#9662,.T.);
#9796=EDGE_LOOP('',(#9791,#9792,#9794,#9795));
#9797=FACE_OUTER_BOUND('',#9796,.F.);
#9798=ADVANCED_FACE('',(#9797),#9790,.T.);
#9799=CARTESIAN_POINT('',(9.525E-1,4.445E-1,-7.874E0));
#9800=DIRECTION('',(0.E0,0.E0,1.E0));
#9801=DIRECTION('',(0.E0,-1.E0,0.E0));
#9802=AXIS2_PLACEMENT_3D('',#9799,#9800,#9801);
#9803=PLANE('',#9802);
#9804=ORIENTED_EDGE('',*,*,#9583,.F.);
#9806=ORIENTED_EDGE('',*,*,#9805,.T.);
#9807=ORIENTED_EDGE('',*,*,#9664,.T.);
#9808=ORIENTED_EDGE('',*,*,#9793,.F.);
#9809=EDGE_LOOP('',(#9804,#9806,#9807,#9808));
#9810=FACE_OUTER_BOUND('',#9809,.F.);
#9811=ADVANCED_FACE('',(#9810),#9803,.T.);
#9812=CARTESIAN_POINT('',(9.525E-1,4.445E-1,-8.128E-1));
#9813=DIRECTION('',(0.E0,-1.E0,0.E0));
#9814=DIRECTION('',(0.E0,0.E0,-1.E0));
#9815=AXIS2_PLACEMENT_3D('',#9812,#9813,#9814);
#9816=PLANE('',#9815);
#9817=ORIENTED_EDGE('',*,*,#9581,.F.);
#9819=ORIENTED_EDGE('',*,*,#9818,.T.);
#9820=ORIENTED_EDGE('',*,*,#9666,.T.);
#9821=ORIENTED_EDGE('',*,*,#9805,.F.);
#9822=EDGE_LOOP('',(#9817,#9819,#9820,#9821));
#9823=FACE_OUTER_BOUND('',#9822,.F.);
#9824=ADVANCED_FACE('',(#9823),#9816,.T.);
#9825=CARTESIAN_POINT('',(9.525E-1,1.0795E0,-8.128E-1));
#9826=DIRECTION('',(0.E0,0.E0,1.E0));
#9827=DIRECTION('',(0.E0,-1.E0,0.E0));
#9828=AXIS2_PLACEMENT_3D('',#9825,#9826,#9827);
#9829=PLANE('',#9828);
#9830=ORIENTED_EDGE('',*,*,#9579,.F.);
#9832=ORIENTED_EDGE('',*,*,#9831,.T.);
#9833=ORIENTED_EDGE('',*,*,#9668,.T.);
#9834=ORIENTED_EDGE('',*,*,#9818,.F.);
#9835=EDGE_LOOP('',(#9830,#9832,#9833,#9834));
#9836=FACE_OUTER_BOUND('',#9835,.F.);
#9837=ADVANCED_FACE('',(#9836),#9829,.T.);
#9838=CARTESIAN_POINT('',(9.525E-1,1.0795E0,-7.874E0));
#9839=DIRECTION('',(0.E0,1.E0,0.E0));
#9840=DIRECTION('',(0.E0,0.E0,1.E0));
#9841=AXIS2_PLACEMENT_3D('',#9838,#9839,#9840);
#9842=PLANE('',#9841);
#9843=ORIENTED_EDGE('',*,*,#9577,.F.);
#9845=ORIENTED_EDGE('',*,*,#9844,.T.);
#9846=ORIENTED_EDGE('',*,*,#9670,.T.);
#9847=ORIENTED_EDGE('',*,*,#9831,.F.);
#9848=EDGE_LOOP('',(#9843,#9845,#9846,#9847));
#9849=FACE_OUTER_BOUND('',#9848,.F.);
#9850=ADVANCED_FACE('',(#9849),#9842,.T.);
#9851=CARTESIAN_POINT('',(9.525E-1,1.397E0,-7.874E0));
#9852=DIRECTION('',(0.E0,0.E0,1.E0));
#9853=DIRECTION('',(0.E0,-1.E0,0.E0));
#9854=AXIS2_PLACEMENT_3D('',#9851,#9852,#9853);
#9855=PLANE('',#9854);
#9856=ORIENTED_EDGE('',*,*,#9575,.F.);
#9858=ORIENTED_EDGE('',*,*,#9857,.T.);
#9859=ORIENTED_EDGE('',*,*,#9672,.T.);
#9860=ORIENTED_EDGE('',*,*,#9844,.F.);
#9861=EDGE_LOOP('',(#9856,#9858,#9859,#9860));
#9862=FACE_OUTER_BOUND('',#9861,.F.);
#9863=ADVANCED_FACE('',(#9862),#9855,.T.);
#9864=CARTESIAN_POINT('',(9.525E-1,1.397E0,-8.89E0));
#9865=DIRECTION('',(0.E0,1.E0,0.E0));
#9866=DIRECTION('',(0.E0,0.E0,1.E0));
#9867=AXIS2_PLACEMENT_3D('',#9864,#9865,#9866);
#9868=PLANE('',#9867);
#9869=ORIENTED_EDGE('',*,*,#6854,.T.);
#9870=ORIENTED_EDGE('',*,*,#9674,.T.);
#9871=ORIENTED_EDGE('',*,*,#9857,.F.);
#9872=ORIENTED_EDGE('',*,*,#9573,.F.);
#9873=EDGE_LOOP('',(#9869,#9870,#9871,#9872));
#9874=FACE_OUTER_BOUND('',#9873,.F.);
#9875=ADVANCED_FACE('',(#9874),#9868,.T.);
#9876=CARTESIAN_POINT('',(9.525E-1,-8.509E0,-1.31953E1));
#9877=DIRECTION('',(0.E0,0.E0,-1.E0));
#9878=DIRECTION('',(0.E0,1.E0,0.E0));
#9879=AXIS2_PLACEMENT_3D('',#9876,#9877,#9878);
#9880=PLANE('',#9879);
#9881=ORIENTED_EDGE('',*,*,#6108,.F.);
#9882=ORIENTED_EDGE('',*,*,#9600,.F.);
#9884=ORIENTED_EDGE('',*,*,#9883,.T.);
#9885=ORIENTED_EDGE('',*,*,#9685,.T.);
#9886=EDGE_LOOP('',(#9881,#9882,#9884,#9885));
#9887=FACE_OUTER_BOUND('',#9886,.F.);
#9888=ADVANCED_FACE('',(#9887),#9880,.T.);
#9889=CARTESIAN_POINT('',(9.525E-1,-8.509E0,-1.25603E1));
#9890=DIRECTION('',(0.E0,-1.E0,0.E0));
#9891=DIRECTION('',(0.E0,0.E0,-1.E0));
#9892=AXIS2_PLACEMENT_3D('',#9889,#9890,#9891);
#9893=PLANE('',#9892);
#9894=ORIENTED_EDGE('',*,*,#9598,.F.);
#9896=ORIENTED_EDGE('',*,*,#9895,.T.);
#9897=ORIENTED_EDGE('',*,*,#9687,.T.);
#9898=ORIENTED_EDGE('',*,*,#9883,.F.);
#9899=EDGE_LOOP('',(#9894,#9896,#9897,#9898));
#9900=FACE_OUTER_BOUND('',#9899,.F.);
#9901=ADVANCED_FACE('',(#9900),#9893,.T.);
#9902=CARTESIAN_POINT('',(9.525E-1,-5.08E0,-1.25603E1));
#9903=DIRECTION('',(0.E0,0.E0,1.E0));
#9904=DIRECTION('',(0.E0,-1.E0,0.E0));
#9905=AXIS2_PLACEMENT_3D('',#9902,#9903,#9904);
#9906=PLANE('',#9905);
#9907=ORIENTED_EDGE('',*,*,#6112,.T.);
#9908=ORIENTED_EDGE('',*,*,#9689,.T.);
#9909=ORIENTED_EDGE('',*,*,#9895,.F.);
#9910=ORIENTED_EDGE('',*,*,#9596,.F.);
#9911=EDGE_LOOP('',(#9907,#9908,#9909,#9910));
#9912=FACE_OUTER_BOUND('',#9911,.F.);
#9913=ADVANCED_FACE('',(#9912),#9906,.T.);
#9914=CARTESIAN_POINT('',(9.525E-1,-8.509E0,-1.57353E1));
#9915=DIRECTION('',(0.E0,0.E0,-1.E0));
#9916=DIRECTION('',(0.E0,1.E0,0.E0));
#9917=AXIS2_PLACEMENT_3D('',#9914,#9915,#9916);
#9918=PLANE('',#9917);
#9919=ORIENTED_EDGE('',*,*,#6118,.F.);
#9920=ORIENTED_EDGE('',*,*,#9615,.F.);
#9922=ORIENTED_EDGE('',*,*,#9921,.T.);
#9923=ORIENTED_EDGE('',*,*,#9700,.T.);
#9924=EDGE_LOOP('',(#9919,#9920,#9922,#9923));
#9925=FACE_OUTER_BOUND('',#9924,.F.);
#9926=ADVANCED_FACE('',(#9925),#9918,.T.);
#9927=CARTESIAN_POINT('',(9.525E-1,-8.509E0,-1.51003E1));
#9928=DIRECTION('',(0.E0,-1.E0,0.E0));
#9929=DIRECTION('',(0.E0,0.E0,-1.E0));
#9930=AXIS2_PLACEMENT_3D('',#9927,#9928,#9929);
#9931=PLANE('',#9930);
#9932=ORIENTED_EDGE('',*,*,#9613,.F.);
#9934=ORIENTED_EDGE('',*,*,#9933,.T.);
#9935=ORIENTED_EDGE('',*,*,#9702,.T.);
#9936=ORIENTED_EDGE('',*,*,#9921,.F.);
#9937=EDGE_LOOP('',(#9932,#9934,#9935,#9936));
#9938=FACE_OUTER_BOUND('',#9937,.F.);
#9939=ADVANCED_FACE('',(#9938),#9931,.T.);
#9940=CARTESIAN_POINT('',(9.525E-1,-5.08E0,-1.51003E1));
#9941=DIRECTION('',(0.E0,0.E0,1.E0));
#9942=DIRECTION('',(0.E0,-1.E0,0.E0));
#9943=AXIS2_PLACEMENT_3D('',#9940,#9941,#9942);
#9944=PLANE('',#9943);
#9945=ORIENTED_EDGE('',*,*,#6122,.T.);
#9946=ORIENTED_EDGE('',*,*,#9704,.T.);
#9947=ORIENTED_EDGE('',*,*,#9933,.F.);
#9948=ORIENTED_EDGE('',*,*,#9611,.F.);
#9949=EDGE_LOOP('',(#9945,#9946,#9947,#9948));
#9950=FACE_OUTER_BOUND('',#9949,.F.);
#9951=ADVANCED_FACE('',(#9950),#9944,.T.);
#9952=CARTESIAN_POINT('',(3.4925E0,7.62E-1,0.E0));
#9953=DIRECTION('',(1.E0,0.E0,0.E0));
#9954=DIRECTION('',(0.E0,0.E0,-1.E0));
#9955=AXIS2_PLACEMENT_3D('',#9952,#9953,#9954);
#9956=PLANE('',#9955);
#9957=ORIENTED_EDGE('',*,*,#6858,.T.);
#9959=ORIENTED_EDGE('',*,*,#9958,.T.);
#9961=ORIENTED_EDGE('',*,*,#9960,.T.);
#9963=ORIENTED_EDGE('',*,*,#9962,.T.);
#9965=ORIENTED_EDGE('',*,*,#9964,.T.);
#9967=ORIENTED_EDGE('',*,*,#9966,.T.);
#9969=ORIENTED_EDGE('',*,*,#9968,.T.);
#9971=ORIENTED_EDGE('',*,*,#9970,.T.);
#9972=EDGE_LOOP('',(#9957,#9959,#9961,#9963,#9965,#9967,#9969,#9971));
#9973=FACE_OUTER_BOUND('',#9972,.F.);
#9974=ADVANCED_FACE('',(#9973),#9956,.F.);
#9975=CARTESIAN_POINT('',(3.4925E0,7.62E-1,0.E0));
#9976=DIRECTION('',(1.E0,0.E0,0.E0));
#9977=DIRECTION('',(0.E0,0.E0,-1.E0));
#9978=AXIS2_PLACEMENT_3D('',#9975,#9976,#9977);
#9979=PLANE('',#9978);
#9980=ORIENTED_EDGE('',*,*,#6868,.T.);
#9982=ORIENTED_EDGE('',*,*,#9981,.T.);
#9984=ORIENTED_EDGE('',*,*,#9983,.T.);
#9986=ORIENTED_EDGE('',*,*,#9985,.T.);
#9988=ORIENTED_EDGE('',*,*,#9987,.T.);
#9990=ORIENTED_EDGE('',*,*,#9989,.T.);
#9992=ORIENTED_EDGE('',*,*,#9991,.T.);
#9994=ORIENTED_EDGE('',*,*,#9993,.T.);
#9995=EDGE_LOOP('',(#9980,#9982,#9984,#9986,#9988,#9990,#9992,#9994));
#9996=FACE_OUTER_BOUND('',#9995,.F.);
#9997=ADVANCED_FACE('',(#9996),#9979,.F.);
#9998=CARTESIAN_POINT('',(3.4925E0,7.62E-1,0.E0));
#9999=DIRECTION('',(1.E0,0.E0,0.E0));
#10000=DIRECTION('',(0.E0,0.E0,-1.E0));
#10001=AXIS2_PLACEMENT_3D('',#9998,#9999,#10000);
#10002=PLANE('',#10001);
#10003=ORIENTED_EDGE('',*,*,#6126,.F.);
#10005=ORIENTED_EDGE('',*,*,#10004,.T.);
#10007=ORIENTED_EDGE('',*,*,#10006,.T.);
#10009=ORIENTED_EDGE('',*,*,#10008,.T.);
#10010=EDGE_LOOP('',(#10003,#10005,#10007,#10009));
#10011=FACE_OUTER_BOUND('',#10010,.F.);
#10012=ADVANCED_FACE('',(#10011),#10002,.F.);
#10013=CARTESIAN_POINT('',(3.4925E0,7.62E-1,0.E0));
#10014=DIRECTION('',(1.E0,0.E0,0.E0));
#10015=DIRECTION('',(0.E0,0.E0,-1.E0));
#10016=AXIS2_PLACEMENT_3D('',#10013,#10014,#10015);
#10017=PLANE('',#10016);
#10018=ORIENTED_EDGE('',*,*,#6136,.F.);
#10020=ORIENTED_EDGE('',*,*,#10019,.T.);
#10022=ORIENTED_EDGE('',*,*,#10021,.T.);
#10024=ORIENTED_EDGE('',*,*,#10023,.T.);
#10025=EDGE_LOOP('',(#10018,#10020,#10022,#10024));
#10026=FACE_OUTER_BOUND('',#10025,.F.);
#10027=ADVANCED_FACE('',(#10026),#10017,.F.);
#10028=CARTESIAN_POINT('',(3.4925E0,-1.143E0,-8.89E0));
#10029=DIRECTION('',(0.E0,1.E0,0.E0));
#10030=DIRECTION('',(0.E0,0.E0,1.E0));
#10031=AXIS2_PLACEMENT_3D('',#10028,#10029,#10030);
#10032=PLANE('',#10031);
#10033=ORIENTED_EDGE('',*,*,#6864,.T.);
#10035=ORIENTED_EDGE('',*,*,#10034,.T.);
#10037=ORIENTED_EDGE('',*,*,#10036,.F.);
#10038=ORIENTED_EDGE('',*,*,#9958,.F.);
#10039=EDGE_LOOP('',(#10033,#10035,#10037,#10038));
#10040=FACE_OUTER_BOUND('',#10039,.F.);
#10041=ADVANCED_FACE('',(#10040),#10032,.T.);
#10042=CARTESIAN_POINT('',(4.1275E0,7.62E-1,0.E0));
#10043=DIRECTION('',(1.E0,0.E0,0.E0));
#10044=DIRECTION('',(0.E0,0.E0,-1.E0));
#10045=AXIS2_PLACEMENT_3D('',#10042,#10043,#10044);
#10046=PLANE('',#10045);
#10047=ORIENTED_EDGE('',*,*,#6862,.F.);
#10049=ORIENTED_EDGE('',*,*,#10048,.F.);
#10051=ORIENTED_EDGE('',*,*,#10050,.F.);
#10053=ORIENTED_EDGE('',*,*,#10052,.F.);
#10055=ORIENTED_EDGE('',*,*,#10054,.F.);
#10057=ORIENTED_EDGE('',*,*,#10056,.F.);
#10059=ORIENTED_EDGE('',*,*,#10058,.F.);
#10060=ORIENTED_EDGE('',*,*,#10034,.F.);
#10061=EDGE_LOOP('',(#10047,#10049,#10051,#10053,#10055,#10057,#10059,#10060));
#10062=FACE_OUTER_BOUND('',#10061,.F.);
#10063=ADVANCED_FACE('',(#10062),#10046,.T.);
#10064=CARTESIAN_POINT('',(4.1275E0,7.62E-1,0.E0));
#10065=DIRECTION('',(1.E0,0.E0,0.E0));
#10066=DIRECTION('',(0.E0,0.E0,-1.E0));
#10067=AXIS2_PLACEMENT_3D('',#10064,#10065,#10066);
#10068=PLANE('',#10067);
#10069=ORIENTED_EDGE('',*,*,#6872,.F.);
#10071=ORIENTED_EDGE('',*,*,#10070,.F.);
#10073=ORIENTED_EDGE('',*,*,#10072,.F.);
#10075=ORIENTED_EDGE('',*,*,#10074,.F.);
#10077=ORIENTED_EDGE('',*,*,#10076,.F.);
#10079=ORIENTED_EDGE('',*,*,#10078,.F.);
#10081=ORIENTED_EDGE('',*,*,#10080,.F.);
#10083=ORIENTED_EDGE('',*,*,#10082,.F.);
#10084=EDGE_LOOP('',(#10069,#10071,#10073,#10075,#10077,#10079,#10081,#10083));
#10085=FACE_OUTER_BOUND('',#10084,.F.);
#10086=ADVANCED_FACE('',(#10085),#10068,.T.);
#10087=CARTESIAN_POINT('',(4.1275E0,7.62E-1,0.E0));
#10088=DIRECTION('',(1.E0,0.E0,0.E0));
#10089=DIRECTION('',(0.E0,0.E0,-1.E0));
#10090=AXIS2_PLACEMENT_3D('',#10087,#10088,#10089);
#10091=PLANE('',#10090);
#10092=ORIENTED_EDGE('',*,*,#6130,.T.);
#10094=ORIENTED_EDGE('',*,*,#10093,.F.);
#10096=ORIENTED_EDGE('',*,*,#10095,.F.);
#10098=ORIENTED_EDGE('',*,*,#10097,.F.);
#10099=EDGE_LOOP('',(#10092,#10094,#10096,#10098));
#10100=FACE_OUTER_BOUND('',#10099,.F.);
#10101=ADVANCED_FACE('',(#10100),#10091,.T.);
#10102=CARTESIAN_POINT('',(4.1275E0,7.62E-1,0.E0));
#10103=DIRECTION('',(1.E0,0.E0,0.E0));
#10104=DIRECTION('',(0.E0,0.E0,-1.E0));
#10105=AXIS2_PLACEMENT_3D('',#10102,#10103,#10104);
#10106=PLANE('',#10105);
#10107=ORIENTED_EDGE('',*,*,#6140,.T.);
#10109=ORIENTED_EDGE('',*,*,#10108,.F.);
#10111=ORIENTED_EDGE('',*,*,#10110,.F.);
#10113=ORIENTED_EDGE('',*,*,#10112,.F.);
#10114=EDGE_LOOP('',(#10107,#10109,#10111,#10113));
#10115=FACE_OUTER_BOUND('',#10114,.F.);
#10116=ADVANCED_FACE('',(#10115),#10106,.T.);
#10117=CARTESIAN_POINT('',(3.4925E0,-2.413E0,-7.874E0));
#10118=DIRECTION('',(0.E0,-1.E0,0.E0));
#10119=DIRECTION('',(0.E0,0.E0,-1.E0));
#10120=AXIS2_PLACEMENT_3D('',#10117,#10118,#10119);
#10121=PLANE('',#10120);
#10122=ORIENTED_EDGE('',*,*,#6860,.F.);
#10123=ORIENTED_EDGE('',*,*,#9970,.F.);
#10125=ORIENTED_EDGE('',*,*,#10124,.T.);
#10126=ORIENTED_EDGE('',*,*,#10048,.T.);
#10127=EDGE_LOOP('',(#10122,#10123,#10125,#10126));
#10128=FACE_OUTER_BOUND('',#10127,.F.);
#10129=ADVANCED_FACE('',(#10128),#10121,.T.);
#10130=CARTESIAN_POINT('',(3.4925E0,-2.0955E0,-7.874E0));
#10131=DIRECTION('',(0.E0,0.E0,1.E0));
#10132=DIRECTION('',(0.E0,-1.E0,0.E0));
#10133=AXIS2_PLACEMENT_3D('',#10130,#10131,#10132);
#10134=PLANE('',#10133);
#10135=ORIENTED_EDGE('',*,*,#9968,.F.);
#10137=ORIENTED_EDGE('',*,*,#10136,.T.);
#10138=ORIENTED_EDGE('',*,*,#10050,.T.);
#10139=ORIENTED_EDGE('',*,*,#10124,.F.);
#10140=EDGE_LOOP('',(#10135,#10137,#10138,#10139));
#10141=FACE_OUTER_BOUND('',#10140,.F.);
#10142=ADVANCED_FACE('',(#10141),#10134,.T.);
#10143=CARTESIAN_POINT('',(3.4925E0,-2.0955E0,-8.128E-1));
#10144=DIRECTION('',(0.E0,-1.E0,0.E0));
#10145=DIRECTION('',(0.E0,0.E0,-1.E0));
#10146=AXIS2_PLACEMENT_3D('',#10143,#10144,#10145);
#10147=PLANE('',#10146);
#10148=ORIENTED_EDGE('',*,*,#9966,.F.);
#10150=ORIENTED_EDGE('',*,*,#10149,.T.);
#10151=ORIENTED_EDGE('',*,*,#10052,.T.);
#10152=ORIENTED_EDGE('',*,*,#10136,.F.);
#10153=EDGE_LOOP('',(#10148,#10150,#10151,#10152));
#10154=FACE_OUTER_BOUND('',#10153,.F.);
#10155=ADVANCED_FACE('',(#10154),#10147,.T.);
#10156=CARTESIAN_POINT('',(3.4925E0,-1.4605E0,-8.128E-1));
#10157=DIRECTION('',(0.E0,0.E0,1.E0));
#10158=DIRECTION('',(0.E0,-1.E0,0.E0));
#10159=AXIS2_PLACEMENT_3D('',#10156,#10157,#10158);
#10160=PLANE('',#10159);
#10161=ORIENTED_EDGE('',*,*,#9964,.F.);
#10163=ORIENTED_EDGE('',*,*,#10162,.T.);
#10164=ORIENTED_EDGE('',*,*,#10054,.T.);
#10165=ORIENTED_EDGE('',*,*,#10149,.F.);
#10166=EDGE_LOOP('',(#10161,#10163,#10164,#10165));
#10167=FACE_OUTER_BOUND('',#10166,.F.);
#10168=ADVANCED_FACE('',(#10167),#10160,.T.);
#10169=CARTESIAN_POINT('',(3.4925E0,-1.4605E0,-7.874E0));
#10170=DIRECTION('',(0.E0,1.E0,0.E0));
#10171=DIRECTION('',(0.E0,0.E0,1.E0));
#10172=AXIS2_PLACEMENT_3D('',#10169,#10170,#10171);
#10173=PLANE('',#10172);
#10174=ORIENTED_EDGE('',*,*,#9962,.F.);
#10176=ORIENTED_EDGE('',*,*,#10175,.T.);
#10177=ORIENTED_EDGE('',*,*,#10056,.T.);
#10178=ORIENTED_EDGE('',*,*,#10162,.F.);
#10179=EDGE_LOOP('',(#10174,#10176,#10177,#10178));
#10180=FACE_OUTER_BOUND('',#10179,.F.);
#10181=ADVANCED_FACE('',(#10180),#10173,.T.);
#10182=CARTESIAN_POINT('',(3.4925E0,-1.143E0,-7.874E0));
#10183=DIRECTION('',(0.E0,0.E0,1.E0));
#10184=DIRECTION('',(0.E0,-1.E0,0.E0));
#10185=AXIS2_PLACEMENT_3D('',#10182,#10183,#10184);
#10186=PLANE('',#10185);
#10187=ORIENTED_EDGE('',*,*,#9960,.F.);
#10188=ORIENTED_EDGE('',*,*,#10036,.T.);
#10189=ORIENTED_EDGE('',*,*,#10058,.T.);
#10190=ORIENTED_EDGE('',*,*,#10175,.F.);
#10191=EDGE_LOOP('',(#10187,#10188,#10189,#10190));
#10192=FACE_OUTER_BOUND('',#10191,.F.);
#10193=ADVANCED_FACE('',(#10192),#10186,.T.);
#10194=CARTESIAN_POINT('',(3.4925E0,1.27E-1,-7.874E0));
#10195=DIRECTION('',(0.E0,-1.E0,0.E0));
#10196=DIRECTION('',(0.E0,0.E0,-1.E0));
#10197=AXIS2_PLACEMENT_3D('',#10194,#10195,#10196);
#10198=PLANE('',#10197);
#10199=ORIENTED_EDGE('',*,*,#6870,.F.);
#10200=ORIENTED_EDGE('',*,*,#9993,.F.);
#10202=ORIENTED_EDGE('',*,*,#10201,.T.);
#10203=ORIENTED_EDGE('',*,*,#10070,.T.);
#10204=EDGE_LOOP('',(#10199,#10200,#10202,#10203));
#10205=FACE_OUTER_BOUND('',#10204,.F.);
#10206=ADVANCED_FACE('',(#10205),#10198,.T.);
#10207=CARTESIAN_POINT('',(3.4925E0,4.445E-1,-7.874E0));
#10208=DIRECTION('',(0.E0,0.E0,1.E0));
#10209=DIRECTION('',(0.E0,-1.E0,0.E0));
#10210=AXIS2_PLACEMENT_3D('',#10207,#10208,#10209);
#10211=PLANE('',#10210);
#10212=ORIENTED_EDGE('',*,*,#9991,.F.);
#10214=ORIENTED_EDGE('',*,*,#10213,.T.);
#10215=ORIENTED_EDGE('',*,*,#10072,.T.);
#10216=ORIENTED_EDGE('',*,*,#10201,.F.);
#10217=EDGE_LOOP('',(#10212,#10214,#10215,#10216));
#10218=FACE_OUTER_BOUND('',#10217,.F.);
#10219=ADVANCED_FACE('',(#10218),#10211,.T.);
#10220=CARTESIAN_POINT('',(3.4925E0,4.445E-1,-8.128E-1));
#10221=DIRECTION('',(0.E0,-1.E0,0.E0));
#10222=DIRECTION('',(0.E0,0.E0,-1.E0));
#10223=AXIS2_PLACEMENT_3D('',#10220,#10221,#10222);
#10224=PLANE('',#10223);
#10225=ORIENTED_EDGE('',*,*,#9989,.F.);
#10227=ORIENTED_EDGE('',*,*,#10226,.T.);
#10228=ORIENTED_EDGE('',*,*,#10074,.T.);
#10229=ORIENTED_EDGE('',*,*,#10213,.F.);
#10230=EDGE_LOOP('',(#10225,#10227,#10228,#10229));
#10231=FACE_OUTER_BOUND('',#10230,.F.);
#10232=ADVANCED_FACE('',(#10231),#10224,.T.);
#10233=CARTESIAN_POINT('',(3.4925E0,1.0795E0,-8.128E-1));
#10234=DIRECTION('',(0.E0,0.E0,1.E0));
#10235=DIRECTION('',(0.E0,-1.E0,0.E0));
#10236=AXIS2_PLACEMENT_3D('',#10233,#10234,#10235);
#10237=PLANE('',#10236);
#10238=ORIENTED_EDGE('',*,*,#9987,.F.);
#10240=ORIENTED_EDGE('',*,*,#10239,.T.);
#10241=ORIENTED_EDGE('',*,*,#10076,.T.);
#10242=ORIENTED_EDGE('',*,*,#10226,.F.);
#10243=EDGE_LOOP('',(#10238,#10240,#10241,#10242));
#10244=FACE_OUTER_BOUND('',#10243,.F.);
#10245=ADVANCED_FACE('',(#10244),#10237,.T.);
#10246=CARTESIAN_POINT('',(3.4925E0,1.0795E0,-7.874E0));
#10247=DIRECTION('',(0.E0,1.E0,0.E0));
#10248=DIRECTION('',(0.E0,0.E0,1.E0));
#10249=AXIS2_PLACEMENT_3D('',#10246,#10247,#10248);
#10250=PLANE('',#10249);
#10251=ORIENTED_EDGE('',*,*,#9985,.F.);
#10253=ORIENTED_EDGE('',*,*,#10252,.T.);
#10254=ORIENTED_EDGE('',*,*,#10078,.T.);
#10255=ORIENTED_EDGE('',*,*,#10239,.F.);
#10256=EDGE_LOOP('',(#10251,#10253,#10254,#10255));
#10257=FACE_OUTER_BOUND('',#10256,.F.);
#10258=ADVANCED_FACE('',(#10257),#10250,.T.);
#10259=CARTESIAN_POINT('',(3.4925E0,1.397E0,-7.874E0));
#10260=DIRECTION('',(0.E0,0.E0,1.E0));
#10261=DIRECTION('',(0.E0,-1.E0,0.E0));
#10262=AXIS2_PLACEMENT_3D('',#10259,#10260,#10261);
#10263=PLANE('',#10262);
#10264=ORIENTED_EDGE('',*,*,#9983,.F.);
#10266=ORIENTED_EDGE('',*,*,#10265,.T.);
#10267=ORIENTED_EDGE('',*,*,#10080,.T.);
#10268=ORIENTED_EDGE('',*,*,#10252,.F.);
#10269=EDGE_LOOP('',(#10264,#10266,#10267,#10268));
#10270=FACE_OUTER_BOUND('',#10269,.F.);
#10271=ADVANCED_FACE('',(#10270),#10263,.T.);
#10272=CARTESIAN_POINT('',(3.4925E0,1.397E0,-8.89E0));
#10273=DIRECTION('',(0.E0,1.E0,0.E0));
#10274=DIRECTION('',(0.E0,0.E0,1.E0));
#10275=AXIS2_PLACEMENT_3D('',#10272,#10273,#10274);
#10276=PLANE('',#10275);
#10277=ORIENTED_EDGE('',*,*,#6874,.T.);
#10278=ORIENTED_EDGE('',*,*,#10082,.T.);
#10279=ORIENTED_EDGE('',*,*,#10265,.F.);
#10280=ORIENTED_EDGE('',*,*,#9981,.F.);
#10281=EDGE_LOOP('',(#10277,#10278,#10279,#10280));
#10282=FACE_OUTER_BOUND('',#10281,.F.);
#10283=ADVANCED_FACE('',(#10282),#10276,.T.);
#10284=CARTESIAN_POINT('',(3.4925E0,-8.509E0,-1.31953E1));
#10285=DIRECTION('',(0.E0,0.E0,-1.E0));
#10286=DIRECTION('',(0.E0,1.E0,0.E0));
#10287=AXIS2_PLACEMENT_3D('',#10284,#10285,#10286);
#10288=PLANE('',#10287);
#10289=ORIENTED_EDGE('',*,*,#6128,.F.);
#10290=ORIENTED_EDGE('',*,*,#10008,.F.);
#10292=ORIENTED_EDGE('',*,*,#10291,.T.);
#10293=ORIENTED_EDGE('',*,*,#10093,.T.);
#10294=EDGE_LOOP('',(#10289,#10290,#10292,#10293));
#10295=FACE_OUTER_BOUND('',#10294,.F.);
#10296=ADVANCED_FACE('',(#10295),#10288,.T.);
#10297=CARTESIAN_POINT('',(3.4925E0,-8.509E0,-1.25603E1));
#10298=DIRECTION('',(0.E0,-1.E0,0.E0));
#10299=DIRECTION('',(0.E0,0.E0,-1.E0));
#10300=AXIS2_PLACEMENT_3D('',#10297,#10298,#10299);
#10301=PLANE('',#10300);
#10302=ORIENTED_EDGE('',*,*,#10006,.F.);
#10304=ORIENTED_EDGE('',*,*,#10303,.T.);
#10305=ORIENTED_EDGE('',*,*,#10095,.T.);
#10306=ORIENTED_EDGE('',*,*,#10291,.F.);
#10307=EDGE_LOOP('',(#10302,#10304,#10305,#10306));
#10308=FACE_OUTER_BOUND('',#10307,.F.);
#10309=ADVANCED_FACE('',(#10308),#10301,.T.);
#10310=CARTESIAN_POINT('',(3.4925E0,-5.08E0,-1.25603E1));
#10311=DIRECTION('',(0.E0,0.E0,1.E0));
#10312=DIRECTION('',(0.E0,-1.E0,0.E0));
#10313=AXIS2_PLACEMENT_3D('',#10310,#10311,#10312);
#10314=PLANE('',#10313);
#10315=ORIENTED_EDGE('',*,*,#6132,.T.);
#10316=ORIENTED_EDGE('',*,*,#10097,.T.);
#10317=ORIENTED_EDGE('',*,*,#10303,.F.);
#10318=ORIENTED_EDGE('',*,*,#10004,.F.);
#10319=EDGE_LOOP('',(#10315,#10316,#10317,#10318));
#10320=FACE_OUTER_BOUND('',#10319,.F.);
#10321=ADVANCED_FACE('',(#10320),#10314,.T.);
#10322=CARTESIAN_POINT('',(3.4925E0,-8.509E0,-1.57353E1));
#10323=DIRECTION('',(0.E0,0.E0,-1.E0));
#10324=DIRECTION('',(0.E0,1.E0,0.E0));
#10325=AXIS2_PLACEMENT_3D('',#10322,#10323,#10324);
#10326=PLANE('',#10325);
#10327=ORIENTED_EDGE('',*,*,#6138,.F.);
#10328=ORIENTED_EDGE('',*,*,#10023,.F.);
#10330=ORIENTED_EDGE('',*,*,#10329,.T.);
#10331=ORIENTED_EDGE('',*,*,#10108,.T.);
#10332=EDGE_LOOP('',(#10327,#10328,#10330,#10331));
#10333=FACE_OUTER_BOUND('',#10332,.F.);
#10334=ADVANCED_FACE('',(#10333),#10326,.T.);
#10335=CARTESIAN_POINT('',(3.4925E0,-8.509E0,-1.51003E1));
#10336=DIRECTION('',(0.E0,-1.E0,0.E0));
#10337=DIRECTION('',(0.E0,0.E0,-1.E0));
#10338=AXIS2_PLACEMENT_3D('',#10335,#10336,#10337);
#10339=PLANE('',#10338);
#10340=ORIENTED_EDGE('',*,*,#10021,.F.);
#10342=ORIENTED_EDGE('',*,*,#10341,.T.);
#10343=ORIENTED_EDGE('',*,*,#10110,.T.);
#10344=ORIENTED_EDGE('',*,*,#10329,.F.);
#10345=EDGE_LOOP('',(#10340,#10342,#10343,#10344));
#10346=FACE_OUTER_BOUND('',#10345,.F.);
#10347=ADVANCED_FACE('',(#10346),#10339,.T.);
#10348=CARTESIAN_POINT('',(3.4925E0,-5.08E0,-1.51003E1));
#10349=DIRECTION('',(0.E0,0.E0,1.E0));
#10350=DIRECTION('',(0.E0,-1.E0,0.E0));
#10351=AXIS2_PLACEMENT_3D('',#10348,#10349,#10350);
#10352=PLANE('',#10351);
#10353=ORIENTED_EDGE('',*,*,#6142,.T.);
#10354=ORIENTED_EDGE('',*,*,#10112,.T.);
#10355=ORIENTED_EDGE('',*,*,#10341,.F.);
#10356=ORIENTED_EDGE('',*,*,#10019,.F.);
#10357=EDGE_LOOP('',(#10353,#10354,#10355,#10356));
#10358=FACE_OUTER_BOUND('',#10357,.F.);
#10359=ADVANCED_FACE('',(#10358),#10352,.T.);
#10360=CARTESIAN_POINT('',(6.0325E0,7.62E-1,0.E0));
#10361=DIRECTION('',(1.E0,0.E0,0.E0));
#10362=DIRECTION('',(0.E0,0.E0,-1.E0));
#10363=AXIS2_PLACEMENT_3D('',#10360,#10361,#10362);
#10364=PLANE('',#10363);
#10365=ORIENTED_EDGE('',*,*,#6878,.T.);
#10367=ORIENTED_EDGE('',*,*,#10366,.T.);
#10369=ORIENTED_EDGE('',*,*,#10368,.T.);
#10371=ORIENTED_EDGE('',*,*,#10370,.T.);
#10373=ORIENTED_EDGE('',*,*,#10372,.T.);
#10375=ORIENTED_EDGE('',*,*,#10374,.T.);
#10377=ORIENTED_EDGE('',*,*,#10376,.T.);
#10379=ORIENTED_EDGE('',*,*,#10378,.T.);
#10380=EDGE_LOOP('',(#10365,#10367,#10369,#10371,#10373,#10375,#10377,#10379));
#10381=FACE_OUTER_BOUND('',#10380,.F.);
#10382=ADVANCED_FACE('',(#10381),#10364,.F.);
#10383=CARTESIAN_POINT('',(6.0325E0,7.62E-1,0.E0));
#10384=DIRECTION('',(1.E0,0.E0,0.E0));
#10385=DIRECTION('',(0.E0,0.E0,-1.E0));
#10386=AXIS2_PLACEMENT_3D('',#10383,#10384,#10385);
#10387=PLANE('',#10386);
#10388=ORIENTED_EDGE('',*,*,#6888,.T.);
#10390=ORIENTED_EDGE('',*,*,#10389,.T.);
#10392=ORIENTED_EDGE('',*,*,#10391,.T.);
#10394=ORIENTED_EDGE('',*,*,#10393,.T.);
#10396=ORIENTED_EDGE('',*,*,#10395,.T.);
#10398=ORIENTED_EDGE('',*,*,#10397,.T.);
#10400=ORIENTED_EDGE('',*,*,#10399,.T.);
#10402=ORIENTED_EDGE('',*,*,#10401,.T.);
#10403=EDGE_LOOP('',(#10388,#10390,#10392,#10394,#10396,#10398,#10400,#10402));
#10404=FACE_OUTER_BOUND('',#10403,.F.);
#10405=ADVANCED_FACE('',(#10404),#10387,.F.);
#10406=CARTESIAN_POINT('',(6.0325E0,7.62E-1,0.E0));
#10407=DIRECTION('',(1.E0,0.E0,0.E0));
#10408=DIRECTION('',(0.E0,0.E0,-1.E0));
#10409=AXIS2_PLACEMENT_3D('',#10406,#10407,#10408);
#10410=PLANE('',#10409);
#10411=ORIENTED_EDGE('',*,*,#6146,.F.);
#10413=ORIENTED_EDGE('',*,*,#10412,.T.);
#10415=ORIENTED_EDGE('',*,*,#10414,.T.);
#10417=ORIENTED_EDGE('',*,*,#10416,.T.);
#10418=EDGE_LOOP('',(#10411,#10413,#10415,#10417));
#10419=FACE_OUTER_BOUND('',#10418,.F.);
#10420=ADVANCED_FACE('',(#10419),#10410,.F.);
#10421=CARTESIAN_POINT('',(6.0325E0,7.62E-1,0.E0));
#10422=DIRECTION('',(1.E0,0.E0,0.E0));
#10423=DIRECTION('',(0.E0,0.E0,-1.E0));
#10424=AXIS2_PLACEMENT_3D('',#10421,#10422,#10423);
#10425=PLANE('',#10424);
#10426=ORIENTED_EDGE('',*,*,#6156,.F.);
#10428=ORIENTED_EDGE('',*,*,#10427,.T.);
#10430=ORIENTED_EDGE('',*,*,#10429,.T.);
#10432=ORIENTED_EDGE('',*,*,#10431,.T.);
#10433=EDGE_LOOP('',(#10426,#10428,#10430,#10432));
#10434=FACE_OUTER_BOUND('',#10433,.F.);
#10435=ADVANCED_FACE('',(#10434),#10425,.F.);
#10436=CARTESIAN_POINT('',(6.0325E0,-1.143E0,-8.89E0));
#10437=DIRECTION('',(0.E0,1.E0,0.E0));
#10438=DIRECTION('',(0.E0,0.E0,1.E0));
#10439=AXIS2_PLACEMENT_3D('',#10436,#10437,#10438);
#10440=PLANE('',#10439);
#10441=ORIENTED_EDGE('',*,*,#6884,.T.);
#10443=ORIENTED_EDGE('',*,*,#10442,.T.);
#10445=ORIENTED_EDGE('',*,*,#10444,.F.);
#10446=ORIENTED_EDGE('',*,*,#10366,.F.);
#10447=EDGE_LOOP('',(#10441,#10443,#10445,#10446));
#10448=FACE_OUTER_BOUND('',#10447,.F.);
#10449=ADVANCED_FACE('',(#10448),#10440,.T.);
#10450=CARTESIAN_POINT('',(6.6675E0,7.62E-1,0.E0));
#10451=DIRECTION('',(1.E0,0.E0,0.E0));
#10452=DIRECTION('',(0.E0,0.E0,-1.E0));
#10453=AXIS2_PLACEMENT_3D('',#10450,#10451,#10452);
#10454=PLANE('',#10453);
#10455=ORIENTED_EDGE('',*,*,#6882,.F.);
#10457=ORIENTED_EDGE('',*,*,#10456,.F.);
#10459=ORIENTED_EDGE('',*,*,#10458,.F.);
#10461=ORIENTED_EDGE('',*,*,#10460,.F.);
#10463=ORIENTED_EDGE('',*,*,#10462,.F.);
#10465=ORIENTED_EDGE('',*,*,#10464,.F.);
#10467=ORIENTED_EDGE('',*,*,#10466,.F.);
#10468=ORIENTED_EDGE('',*,*,#10442,.F.);
#10469=EDGE_LOOP('',(#10455,#10457,#10459,#10461,#10463,#10465,#10467,#10468));
#10470=FACE_OUTER_BOUND('',#10469,.F.);
#10471=ADVANCED_FACE('',(#10470),#10454,.T.);
#10472=CARTESIAN_POINT('',(6.6675E0,7.62E-1,0.E0));
#10473=DIRECTION('',(1.E0,0.E0,0.E0));
#10474=DIRECTION('',(0.E0,0.E0,-1.E0));
#10475=AXIS2_PLACEMENT_3D('',#10472,#10473,#10474);
#10476=PLANE('',#10475);
#10477=ORIENTED_EDGE('',*,*,#6892,.F.);
#10479=ORIENTED_EDGE('',*,*,#10478,.F.);
#10481=ORIENTED_EDGE('',*,*,#10480,.F.);
#10483=ORIENTED_EDGE('',*,*,#10482,.F.);
#10485=ORIENTED_EDGE('',*,*,#10484,.F.);
#10487=ORIENTED_EDGE('',*,*,#10486,.F.);
#10489=ORIENTED_EDGE('',*,*,#10488,.F.);
#10491=ORIENTED_EDGE('',*,*,#10490,.F.);
#10492=EDGE_LOOP('',(#10477,#10479,#10481,#10483,#10485,#10487,#10489,#10491));
#10493=FACE_OUTER_BOUND('',#10492,.F.);
#10494=ADVANCED_FACE('',(#10493),#10476,.T.);
#10495=CARTESIAN_POINT('',(6.6675E0,7.62E-1,0.E0));
#10496=DIRECTION('',(1.E0,0.E0,0.E0));
#10497=DIRECTION('',(0.E0,0.E0,-1.E0));
#10498=AXIS2_PLACEMENT_3D('',#10495,#10496,#10497);
#10499=PLANE('',#10498);
#10500=ORIENTED_EDGE('',*,*,#6150,.T.);
#10502=ORIENTED_EDGE('',*,*,#10501,.F.);
#10504=ORIENTED_EDGE('',*,*,#10503,.F.);
#10506=ORIENTED_EDGE('',*,*,#10505,.F.);
#10507=EDGE_LOOP('',(#10500,#10502,#10504,#10506));
#10508=FACE_OUTER_BOUND('',#10507,.F.);
#10509=ADVANCED_FACE('',(#10508),#10499,.T.);
#10510=CARTESIAN_POINT('',(6.6675E0,7.62E-1,0.E0));
#10511=DIRECTION('',(1.E0,0.E0,0.E0));
#10512=DIRECTION('',(0.E0,0.E0,-1.E0));
#10513=AXIS2_PLACEMENT_3D('',#10510,#10511,#10512);
#10514=PLANE('',#10513);
#10515=ORIENTED_EDGE('',*,*,#6160,.T.);
#10517=ORIENTED_EDGE('',*,*,#10516,.F.);
#10519=ORIENTED_EDGE('',*,*,#10518,.F.);
#10521=ORIENTED_EDGE('',*,*,#10520,.F.);
#10522=EDGE_LOOP('',(#10515,#10517,#10519,#10521));
#10523=FACE_OUTER_BOUND('',#10522,.F.);
#10524=ADVANCED_FACE('',(#10523),#10514,.T.);
#10525=CARTESIAN_POINT('',(6.0325E0,-2.413E0,-7.874E0));
#10526=DIRECTION('',(0.E0,-1.E0,0.E0));
#10527=DIRECTION('',(0.E0,0.E0,-1.E0));
#10528=AXIS2_PLACEMENT_3D('',#10525,#10526,#10527);
#10529=PLANE('',#10528);
#10530=ORIENTED_EDGE('',*,*,#6880,.F.);
#10531=ORIENTED_EDGE('',*,*,#10378,.F.);
#10533=ORIENTED_EDGE('',*,*,#10532,.T.);
#10534=ORIENTED_EDGE('',*,*,#10456,.T.);
#10535=EDGE_LOOP('',(#10530,#10531,#10533,#10534));
#10536=FACE_OUTER_BOUND('',#10535,.F.);
#10537=ADVANCED_FACE('',(#10536),#10529,.T.);
#10538=CARTESIAN_POINT('',(6.0325E0,-2.0955E0,-7.874E0));
#10539=DIRECTION('',(0.E0,0.E0,1.E0));
#10540=DIRECTION('',(0.E0,-1.E0,0.E0));
#10541=AXIS2_PLACEMENT_3D('',#10538,#10539,#10540);
#10542=PLANE('',#10541);
#10543=ORIENTED_EDGE('',*,*,#10376,.F.);
#10545=ORIENTED_EDGE('',*,*,#10544,.T.);
#10546=ORIENTED_EDGE('',*,*,#10458,.T.);
#10547=ORIENTED_EDGE('',*,*,#10532,.F.);
#10548=EDGE_LOOP('',(#10543,#10545,#10546,#10547));
#10549=FACE_OUTER_BOUND('',#10548,.F.);
#10550=ADVANCED_FACE('',(#10549),#10542,.T.);
#10551=CARTESIAN_POINT('',(6.0325E0,-2.0955E0,-8.128E-1));
#10552=DIRECTION('',(0.E0,-1.E0,0.E0));
#10553=DIRECTION('',(0.E0,0.E0,-1.E0));
#10554=AXIS2_PLACEMENT_3D('',#10551,#10552,#10553);
#10555=PLANE('',#10554);
#10556=ORIENTED_EDGE('',*,*,#10374,.F.);
#10558=ORIENTED_EDGE('',*,*,#10557,.T.);
#10559=ORIENTED_EDGE('',*,*,#10460,.T.);
#10560=ORIENTED_EDGE('',*,*,#10544,.F.);
#10561=EDGE_LOOP('',(#10556,#10558,#10559,#10560));
#10562=FACE_OUTER_BOUND('',#10561,.F.);
#10563=ADVANCED_FACE('',(#10562),#10555,.T.);
#10564=CARTESIAN_POINT('',(6.0325E0,-1.4605E0,-8.128E-1));
#10565=DIRECTION('',(0.E0,0.E0,1.E0));
#10566=DIRECTION('',(0.E0,-1.E0,0.E0));
#10567=AXIS2_PLACEMENT_3D('',#10564,#10565,#10566);
#10568=PLANE('',#10567);
#10569=ORIENTED_EDGE('',*,*,#10372,.F.);
#10571=ORIENTED_EDGE('',*,*,#10570,.T.);
#10572=ORIENTED_EDGE('',*,*,#10462,.T.);
#10573=ORIENTED_EDGE('',*,*,#10557,.F.);
#10574=EDGE_LOOP('',(#10569,#10571,#10572,#10573));
#10575=FACE_OUTER_BOUND('',#10574,.F.);
#10576=ADVANCED_FACE('',(#10575),#10568,.T.);
#10577=CARTESIAN_POINT('',(6.0325E0,-1.4605E0,-7.874E0));
#10578=DIRECTION('',(0.E0,1.E0,0.E0));
#10579=DIRECTION('',(0.E0,0.E0,1.E0));
#10580=AXIS2_PLACEMENT_3D('',#10577,#10578,#10579);
#10581=PLANE('',#10580);
#10582=ORIENTED_EDGE('',*,*,#10370,.F.);
#10584=ORIENTED_EDGE('',*,*,#10583,.T.);
#10585=ORIENTED_EDGE('',*,*,#10464,.T.);
#10586=ORIENTED_EDGE('',*,*,#10570,.F.);
#10587=EDGE_LOOP('',(#10582,#10584,#10585,#10586));
#10588=FACE_OUTER_BOUND('',#10587,.F.);
#10589=ADVANCED_FACE('',(#10588),#10581,.T.);
#10590=CARTESIAN_POINT('',(6.0325E0,-1.143E0,-7.874E0));
#10591=DIRECTION('',(0.E0,0.E0,1.E0));
#10592=DIRECTION('',(0.E0,-1.E0,0.E0));
#10593=AXIS2_PLACEMENT_3D('',#10590,#10591,#10592);
#10594=PLANE('',#10593);
#10595=ORIENTED_EDGE('',*,*,#10368,.F.);
#10596=ORIENTED_EDGE('',*,*,#10444,.T.);
#10597=ORIENTED_EDGE('',*,*,#10466,.T.);
#10598=ORIENTED_EDGE('',*,*,#10583,.F.);
#10599=EDGE_LOOP('',(#10595,#10596,#10597,#10598));
#10600=FACE_OUTER_BOUND('',#10599,.F.);
#10601=ADVANCED_FACE('',(#10600),#10594,.T.);
#10602=CARTESIAN_POINT('',(6.0325E0,1.27E-1,-7.874E0));
#10603=DIRECTION('',(0.E0,-1.E0,0.E0));
#10604=DIRECTION('',(0.E0,0.E0,-1.E0));
#10605=AXIS2_PLACEMENT_3D('',#10602,#10603,#10604);
#10606=PLANE('',#10605);
#10607=ORIENTED_EDGE('',*,*,#6890,.F.);
#10608=ORIENTED_EDGE('',*,*,#10401,.F.);
#10610=ORIENTED_EDGE('',*,*,#10609,.T.);
#10611=ORIENTED_EDGE('',*,*,#10478,.T.);
#10612=EDGE_LOOP('',(#10607,#10608,#10610,#10611));
#10613=FACE_OUTER_BOUND('',#10612,.F.);
#10614=ADVANCED_FACE('',(#10613),#10606,.T.);
#10615=CARTESIAN_POINT('',(6.0325E0,4.445E-1,-7.874E0));
#10616=DIRECTION('',(0.E0,0.E0,1.E0));
#10617=DIRECTION('',(0.E0,-1.E0,0.E0));
#10618=AXIS2_PLACEMENT_3D('',#10615,#10616,#10617);
#10619=PLANE('',#10618);
#10620=ORIENTED_EDGE('',*,*,#10399,.F.);
#10622=ORIENTED_EDGE('',*,*,#10621,.T.);
#10623=ORIENTED_EDGE('',*,*,#10480,.T.);
#10624=ORIENTED_EDGE('',*,*,#10609,.F.);
#10625=EDGE_LOOP('',(#10620,#10622,#10623,#10624));
#10626=FACE_OUTER_BOUND('',#10625,.F.);
#10627=ADVANCED_FACE('',(#10626),#10619,.T.);
#10628=CARTESIAN_POINT('',(6.0325E0,4.445E-1,-8.128E-1));
#10629=DIRECTION('',(0.E0,-1.E0,0.E0));
#10630=DIRECTION('',(0.E0,0.E0,-1.E0));
#10631=AXIS2_PLACEMENT_3D('',#10628,#10629,#10630);
#10632=PLANE('',#10631);
#10633=ORIENTED_EDGE('',*,*,#10397,.F.);
#10635=ORIENTED_EDGE('',*,*,#10634,.T.);
#10636=ORIENTED_EDGE('',*,*,#10482,.T.);
#10637=ORIENTED_EDGE('',*,*,#10621,.F.);
#10638=EDGE_LOOP('',(#10633,#10635,#10636,#10637));
#10639=FACE_OUTER_BOUND('',#10638,.F.);
#10640=ADVANCED_FACE('',(#10639),#10632,.T.);
#10641=CARTESIAN_POINT('',(6.0325E0,1.0795E0,-8.128E-1));
#10642=DIRECTION('',(0.E0,0.E0,1.E0));
#10643=DIRECTION('',(0.E0,-1.E0,0.E0));
#10644=AXIS2_PLACEMENT_3D('',#10641,#10642,#10643);
#10645=PLANE('',#10644);
#10646=ORIENTED_EDGE('',*,*,#10395,.F.);
#10648=ORIENTED_EDGE('',*,*,#10647,.T.);
#10649=ORIENTED_EDGE('',*,*,#10484,.T.);
#10650=ORIENTED_EDGE('',*,*,#10634,.F.);
#10651=EDGE_LOOP('',(#10646,#10648,#10649,#10650));
#10652=FACE_OUTER_BOUND('',#10651,.F.);
#10653=ADVANCED_FACE('',(#10652),#10645,.T.);
#10654=CARTESIAN_POINT('',(6.0325E0,1.0795E0,-7.874E0));
#10655=DIRECTION('',(0.E0,1.E0,0.E0));
#10656=DIRECTION('',(0.E0,0.E0,1.E0));
#10657=AXIS2_PLACEMENT_3D('',#10654,#10655,#10656);
#10658=PLANE('',#10657);
#10659=ORIENTED_EDGE('',*,*,#10393,.F.);
#10661=ORIENTED_EDGE('',*,*,#10660,.T.);
#10662=ORIENTED_EDGE('',*,*,#10486,.T.);
#10663=ORIENTED_EDGE('',*,*,#10647,.F.);
#10664=EDGE_LOOP('',(#10659,#10661,#10662,#10663));
#10665=FACE_OUTER_BOUND('',#10664,.F.);
#10666=ADVANCED_FACE('',(#10665),#10658,.T.);
#10667=CARTESIAN_POINT('',(6.0325E0,1.397E0,-7.874E0));
#10668=DIRECTION('',(0.E0,0.E0,1.E0));
#10669=DIRECTION('',(0.E0,-1.E0,0.E0));
#10670=AXIS2_PLACEMENT_3D('',#10667,#10668,#10669);
#10671=PLANE('',#10670);
#10672=ORIENTED_EDGE('',*,*,#10391,.F.);
#10674=ORIENTED_EDGE('',*,*,#10673,.T.);
#10675=ORIENTED_EDGE('',*,*,#10488,.T.);
#10676=ORIENTED_EDGE('',*,*,#10660,.F.);
#10677=EDGE_LOOP('',(#10672,#10674,#10675,#10676));
#10678=FACE_OUTER_BOUND('',#10677,.F.);
#10679=ADVANCED_FACE('',(#10678),#10671,.T.);
#10680=CARTESIAN_POINT('',(6.0325E0,1.397E0,-8.89E0));
#10681=DIRECTION('',(0.E0,1.E0,0.E0));
#10682=DIRECTION('',(0.E0,0.E0,1.E0));
#10683=AXIS2_PLACEMENT_3D('',#10680,#10681,#10682);
#10684=PLANE('',#10683);
#10685=ORIENTED_EDGE('',*,*,#6894,.T.);
#10686=ORIENTED_EDGE('',*,*,#10490,.T.);
#10687=ORIENTED_EDGE('',*,*,#10673,.F.);
#10688=ORIENTED_EDGE('',*,*,#10389,.F.);
#10689=EDGE_LOOP('',(#10685,#10686,#10687,#10688));
#10690=FACE_OUTER_BOUND('',#10689,.F.);
#10691=ADVANCED_FACE('',(#10690),#10684,.T.);
#10692=CARTESIAN_POINT('',(6.0325E0,-8.509E0,-1.31953E1));
#10693=DIRECTION('',(0.E0,0.E0,-1.E0));
#10694=DIRECTION('',(0.E0,1.E0,0.E0));
#10695=AXIS2_PLACEMENT_3D('',#10692,#10693,#10694);
#10696=PLANE('',#10695);
#10697=ORIENTED_EDGE('',*,*,#6148,.F.);
#10698=ORIENTED_EDGE('',*,*,#10416,.F.);
#10700=ORIENTED_EDGE('',*,*,#10699,.T.);
#10701=ORIENTED_EDGE('',*,*,#10501,.T.);
#10702=EDGE_LOOP('',(#10697,#10698,#10700,#10701));
#10703=FACE_OUTER_BOUND('',#10702,.F.);
#10704=ADVANCED_FACE('',(#10703),#10696,.T.);
#10705=CARTESIAN_POINT('',(6.0325E0,-8.509E0,-1.25603E1));
#10706=DIRECTION('',(0.E0,-1.E0,0.E0));
#10707=DIRECTION('',(0.E0,0.E0,-1.E0));
#10708=AXIS2_PLACEMENT_3D('',#10705,#10706,#10707);
#10709=PLANE('',#10708);
#10710=ORIENTED_EDGE('',*,*,#10414,.F.);
#10712=ORIENTED_EDGE('',*,*,#10711,.T.);
#10713=ORIENTED_EDGE('',*,*,#10503,.T.);
#10714=ORIENTED_EDGE('',*,*,#10699,.F.);
#10715=EDGE_LOOP('',(#10710,#10712,#10713,#10714));
#10716=FACE_OUTER_BOUND('',#10715,.F.);
#10717=ADVANCED_FACE('',(#10716),#10709,.T.);
#10718=CARTESIAN_POINT('',(6.0325E0,-5.08E0,-1.25603E1));
#10719=DIRECTION('',(0.E0,0.E0,1.E0));
#10720=DIRECTION('',(0.E0,-1.E0,0.E0));
#10721=AXIS2_PLACEMENT_3D('',#10718,#10719,#10720);
#10722=PLANE('',#10721);
#10723=ORIENTED_EDGE('',*,*,#6152,.T.);
#10724=ORIENTED_EDGE('',*,*,#10505,.T.);
#10725=ORIENTED_EDGE('',*,*,#10711,.F.);
#10726=ORIENTED_EDGE('',*,*,#10412,.F.);
#10727=EDGE_LOOP('',(#10723,#10724,#10725,#10726));
#10728=FACE_OUTER_BOUND('',#10727,.F.);
#10729=ADVANCED_FACE('',(#10728),#10722,.T.);
#10730=CARTESIAN_POINT('',(6.0325E0,-8.509E0,-1.57353E1));
#10731=DIRECTION('',(0.E0,0.E0,-1.E0));
#10732=DIRECTION('',(0.E0,1.E0,0.E0));
#10733=AXIS2_PLACEMENT_3D('',#10730,#10731,#10732);
#10734=PLANE('',#10733);
#10735=ORIENTED_EDGE('',*,*,#6158,.F.);
#10736=ORIENTED_EDGE('',*,*,#10431,.F.);
#10738=ORIENTED_EDGE('',*,*,#10737,.T.);
#10739=ORIENTED_EDGE('',*,*,#10516,.T.);
#10740=EDGE_LOOP('',(#10735,#10736,#10738,#10739));
#10741=FACE_OUTER_BOUND('',#10740,.F.);
#10742=ADVANCED_FACE('',(#10741),#10734,.T.);
#10743=CARTESIAN_POINT('',(6.0325E0,-8.509E0,-1.51003E1));
#10744=DIRECTION('',(0.E0,-1.E0,0.E0));
#10745=DIRECTION('',(0.E0,0.E0,-1.E0));
#10746=AXIS2_PLACEMENT_3D('',#10743,#10744,#10745);
#10747=PLANE('',#10746);
#10748=ORIENTED_EDGE('',*,*,#10429,.F.);
#10750=ORIENTED_EDGE('',*,*,#10749,.T.);
#10751=ORIENTED_EDGE('',*,*,#10518,.T.);
#10752=ORIENTED_EDGE('',*,*,#10737,.F.);
#10753=EDGE_LOOP('',(#10748,#10750,#10751,#10752));
#10754=FACE_OUTER_BOUND('',#10753,.F.);
#10755=ADVANCED_FACE('',(#10754),#10747,.T.);
#10756=CARTESIAN_POINT('',(6.0325E0,-5.08E0,-1.51003E1));
#10757=DIRECTION('',(0.E0,0.E0,1.E0));
#10758=DIRECTION('',(0.E0,-1.E0,0.E0));
#10759=AXIS2_PLACEMENT_3D('',#10756,#10757,#10758);
#10760=PLANE('',#10759);
#10761=ORIENTED_EDGE('',*,*,#6162,.T.);
#10762=ORIENTED_EDGE('',*,*,#10520,.T.);
#10763=ORIENTED_EDGE('',*,*,#10749,.F.);
#10764=ORIENTED_EDGE('',*,*,#10427,.F.);
#10765=EDGE_LOOP('',(#10761,#10762,#10763,#10764));
#10766=FACE_OUTER_BOUND('',#10765,.F.);
#10767=ADVANCED_FACE('',(#10766),#10760,.T.);
#10768=CARTESIAN_POINT('',(8.5725E0,7.62E-1,0.E0));
#10769=DIRECTION('',(1.E0,0.E0,0.E0));
#10770=DIRECTION('',(0.E0,0.E0,-1.E0));
#10771=AXIS2_PLACEMENT_3D('',#10768,#10769,#10770);
#10772=PLANE('',#10771);
#10773=ORIENTED_EDGE('',*,*,#6898,.T.);
#10775=ORIENTED_EDGE('',*,*,#10774,.T.);
#10777=ORIENTED_EDGE('',*,*,#10776,.T.);
#10779=ORIENTED_EDGE('',*,*,#10778,.T.);
#10781=ORIENTED_EDGE('',*,*,#10780,.T.);
#10783=ORIENTED_EDGE('',*,*,#10782,.T.);
#10785=ORIENTED_EDGE('',*,*,#10784,.T.);
#10787=ORIENTED_EDGE('',*,*,#10786,.T.);
#10788=EDGE_LOOP('',(#10773,#10775,#10777,#10779,#10781,#10783,#10785,#10787));
#10789=FACE_OUTER_BOUND('',#10788,.F.);
#10790=ADVANCED_FACE('',(#10789),#10772,.F.);
#10791=CARTESIAN_POINT('',(8.5725E0,7.62E-1,0.E0));
#10792=DIRECTION('',(1.E0,0.E0,0.E0));
#10793=DIRECTION('',(0.E0,0.E0,-1.E0));
#10794=AXIS2_PLACEMENT_3D('',#10791,#10792,#10793);
#10795=PLANE('',#10794);
#10796=ORIENTED_EDGE('',*,*,#6908,.T.);
#10798=ORIENTED_EDGE('',*,*,#10797,.T.);
#10800=ORIENTED_EDGE('',*,*,#10799,.T.);
#10802=ORIENTED_EDGE('',*,*,#10801,.T.);
#10804=ORIENTED_EDGE('',*,*,#10803,.T.);
#10806=ORIENTED_EDGE('',*,*,#10805,.T.);
#10808=ORIENTED_EDGE('',*,*,#10807,.T.);
#10810=ORIENTED_EDGE('',*,*,#10809,.T.);
#10811=EDGE_LOOP('',(#10796,#10798,#10800,#10802,#10804,#10806,#10808,#10810));
#10812=FACE_OUTER_BOUND('',#10811,.F.);
#10813=ADVANCED_FACE('',(#10812),#10795,.F.);
#10814=CARTESIAN_POINT('',(8.5725E0,7.62E-1,0.E0));
#10815=DIRECTION('',(1.E0,0.E0,0.E0));
#10816=DIRECTION('',(0.E0,0.E0,-1.E0));
#10817=AXIS2_PLACEMENT_3D('',#10814,#10815,#10816);
#10818=PLANE('',#10817);
#10819=ORIENTED_EDGE('',*,*,#6166,.F.);
#10821=ORIENTED_EDGE('',*,*,#10820,.T.);
#10823=ORIENTED_EDGE('',*,*,#10822,.T.);
#10825=ORIENTED_EDGE('',*,*,#10824,.T.);
#10826=EDGE_LOOP('',(#10819,#10821,#10823,#10825));
#10827=FACE_OUTER_BOUND('',#10826,.F.);
#10828=ADVANCED_FACE('',(#10827),#10818,.F.);
#10829=CARTESIAN_POINT('',(8.5725E0,7.62E-1,0.E0));
#10830=DIRECTION('',(1.E0,0.E0,0.E0));
#10831=DIRECTION('',(0.E0,0.E0,-1.E0));
#10832=AXIS2_PLACEMENT_3D('',#10829,#10830,#10831);
#10833=PLANE('',#10832);
#10834=ORIENTED_EDGE('',*,*,#6176,.F.);
#10836=ORIENTED_EDGE('',*,*,#10835,.T.);
#10838=ORIENTED_EDGE('',*,*,#10837,.T.);
#10840=ORIENTED_EDGE('',*,*,#10839,.T.);
#10841=EDGE_LOOP('',(#10834,#10836,#10838,#10840));
#10842=FACE_OUTER_BOUND('',#10841,.F.);
#10843=ADVANCED_FACE('',(#10842),#10833,.F.);
#10844=CARTESIAN_POINT('',(8.5725E0,-1.143E0,-8.89E0));
#10845=DIRECTION('',(0.E0,1.E0,0.E0));
#10846=DIRECTION('',(0.E0,0.E0,1.E0));
#10847=AXIS2_PLACEMENT_3D('',#10844,#10845,#10846);
#10848=PLANE('',#10847);
#10849=ORIENTED_EDGE('',*,*,#6904,.T.);
#10851=ORIENTED_EDGE('',*,*,#10850,.T.);
#10853=ORIENTED_EDGE('',*,*,#10852,.F.);
#10854=ORIENTED_EDGE('',*,*,#10774,.F.);
#10855=EDGE_LOOP('',(#10849,#10851,#10853,#10854));
#10856=FACE_OUTER_BOUND('',#10855,.F.);
#10857=ADVANCED_FACE('',(#10856),#10848,.T.);
#10858=CARTESIAN_POINT('',(9.2075E0,7.62E-1,0.E0));
#10859=DIRECTION('',(1.E0,0.E0,0.E0));
#10860=DIRECTION('',(0.E0,0.E0,-1.E0));
#10861=AXIS2_PLACEMENT_3D('',#10858,#10859,#10860);
#10862=PLANE('',#10861);
#10863=ORIENTED_EDGE('',*,*,#6902,.F.);
#10865=ORIENTED_EDGE('',*,*,#10864,.F.);
#10867=ORIENTED_EDGE('',*,*,#10866,.F.);
#10869=ORIENTED_EDGE('',*,*,#10868,.F.);
#10871=ORIENTED_EDGE('',*,*,#10870,.F.);
#10873=ORIENTED_EDGE('',*,*,#10872,.F.);
#10875=ORIENTED_EDGE('',*,*,#10874,.F.);
#10876=ORIENTED_EDGE('',*,*,#10850,.F.);
#10877=EDGE_LOOP('',(#10863,#10865,#10867,#10869,#10871,#10873,#10875,#10876));
#10878=FACE_OUTER_BOUND('',#10877,.F.);
#10879=ADVANCED_FACE('',(#10878),#10862,.T.);
#10880=CARTESIAN_POINT('',(9.2075E0,7.62E-1,0.E0));
#10881=DIRECTION('',(1.E0,0.E0,0.E0));
#10882=DIRECTION('',(0.E0,0.E0,-1.E0));
#10883=AXIS2_PLACEMENT_3D('',#10880,#10881,#10882);
#10884=PLANE('',#10883);
#10885=ORIENTED_EDGE('',*,*,#6912,.F.);
#10887=ORIENTED_EDGE('',*,*,#10886,.F.);
#10889=ORIENTED_EDGE('',*,*,#10888,.F.);
#10891=ORIENTED_EDGE('',*,*,#10890,.F.);
#10893=ORIENTED_EDGE('',*,*,#10892,.F.);
#10895=ORIENTED_EDGE('',*,*,#10894,.F.);
#10897=ORIENTED_EDGE('',*,*,#10896,.F.);
#10899=ORIENTED_EDGE('',*,*,#10898,.F.);
#10900=EDGE_LOOP('',(#10885,#10887,#10889,#10891,#10893,#10895,#10897,#10899));
#10901=FACE_OUTER_BOUND('',#10900,.F.);
#10902=ADVANCED_FACE('',(#10901),#10884,.T.);
#10903=CARTESIAN_POINT('',(9.2075E0,7.62E-1,0.E0));
#10904=DIRECTION('',(1.E0,0.E0,0.E0));
#10905=DIRECTION('',(0.E0,0.E0,-1.E0));
#10906=AXIS2_PLACEMENT_3D('',#10903,#10904,#10905);
#10907=PLANE('',#10906);
#10908=ORIENTED_EDGE('',*,*,#6170,.T.);
#10910=ORIENTED_EDGE('',*,*,#10909,.F.);
#10912=ORIENTED_EDGE('',*,*,#10911,.F.);
#10914=ORIENTED_EDGE('',*,*,#10913,.F.);
#10915=EDGE_LOOP('',(#10908,#10910,#10912,#10914));
#10916=FACE_OUTER_BOUND('',#10915,.F.);
#10917=ADVANCED_FACE('',(#10916),#10907,.T.);
#10918=CARTESIAN_POINT('',(9.2075E0,7.62E-1,0.E0));
#10919=DIRECTION('',(1.E0,0.E0,0.E0));
#10920=DIRECTION('',(0.E0,0.E0,-1.E0));
#10921=AXIS2_PLACEMENT_3D('',#10918,#10919,#10920);
#10922=PLANE('',#10921);
#10923=ORIENTED_EDGE('',*,*,#6180,.T.);
#10925=ORIENTED_EDGE('',*,*,#10924,.F.);
#10927=ORIENTED_EDGE('',*,*,#10926,.F.);
#10929=ORIENTED_EDGE('',*,*,#10928,.F.);
#10930=EDGE_LOOP('',(#10923,#10925,#10927,#10929));
#10931=FACE_OUTER_BOUND('',#10930,.F.);
#10932=ADVANCED_FACE('',(#10931),#10922,.T.);
#10933=CARTESIAN_POINT('',(8.5725E0,-2.413E0,-7.874E0));
#10934=DIRECTION('',(0.E0,-1.E0,0.E0));
#10935=DIRECTION('',(0.E0,0.E0,-1.E0));
#10936=AXIS2_PLACEMENT_3D('',#10933,#10934,#10935);
#10937=PLANE('',#10936);
#10938=ORIENTED_EDGE('',*,*,#6900,.F.);
#10939=ORIENTED_EDGE('',*,*,#10786,.F.);
#10941=ORIENTED_EDGE('',*,*,#10940,.T.);
#10942=ORIENTED_EDGE('',*,*,#10864,.T.);
#10943=EDGE_LOOP('',(#10938,#10939,#10941,#10942));
#10944=FACE_OUTER_BOUND('',#10943,.F.);
#10945=ADVANCED_FACE('',(#10944),#10937,.T.);
#10946=CARTESIAN_POINT('',(8.5725E0,-2.0955E0,-7.874E0));
#10947=DIRECTION('',(0.E0,0.E0,1.E0));
#10948=DIRECTION('',(0.E0,-1.E0,0.E0));
#10949=AXIS2_PLACEMENT_3D('',#10946,#10947,#10948);
#10950=PLANE('',#10949);
#10951=ORIENTED_EDGE('',*,*,#10784,.F.);
#10953=ORIENTED_EDGE('',*,*,#10952,.T.);
#10954=ORIENTED_EDGE('',*,*,#10866,.T.);
#10955=ORIENTED_EDGE('',*,*,#10940,.F.);
#10956=EDGE_LOOP('',(#10951,#10953,#10954,#10955));
#10957=FACE_OUTER_BOUND('',#10956,.F.);
#10958=ADVANCED_FACE('',(#10957),#10950,.T.);
#10959=CARTESIAN_POINT('',(8.5725E0,-2.0955E0,-8.128E-1));
#10960=DIRECTION('',(0.E0,-1.E0,0.E0));
#10961=DIRECTION('',(0.E0,0.E0,-1.E0));
#10962=AXIS2_PLACEMENT_3D('',#10959,#10960,#10961);
#10963=PLANE('',#10962);
#10964=ORIENTED_EDGE('',*,*,#10782,.F.);
#10966=ORIENTED_EDGE('',*,*,#10965,.T.);
#10967=ORIENTED_EDGE('',*,*,#10868,.T.);
#10968=ORIENTED_EDGE('',*,*,#10952,.F.);
#10969=EDGE_LOOP('',(#10964,#10966,#10967,#10968));
#10970=FACE_OUTER_BOUND('',#10969,.F.);
#10971=ADVANCED_FACE('',(#10970),#10963,.T.);
#10972=CARTESIAN_POINT('',(8.5725E0,-1.4605E0,-8.128E-1));
#10973=DIRECTION('',(0.E0,0.E0,1.E0));
#10974=DIRECTION('',(0.E0,-1.E0,0.E0));
#10975=AXIS2_PLACEMENT_3D('',#10972,#10973,#10974);
#10976=PLANE('',#10975);
#10977=ORIENTED_EDGE('',*,*,#10780,.F.);
#10979=ORIENTED_EDGE('',*,*,#10978,.T.);
#10980=ORIENTED_EDGE('',*,*,#10870,.T.);
#10981=ORIENTED_EDGE('',*,*,#10965,.F.);
#10982=EDGE_LOOP('',(#10977,#10979,#10980,#10981));
#10983=FACE_OUTER_BOUND('',#10982,.F.);
#10984=ADVANCED_FACE('',(#10983),#10976,.T.);
#10985=CARTESIAN_POINT('',(8.5725E0,-1.4605E0,-7.874E0));
#10986=DIRECTION('',(0.E0,1.E0,0.E0));
#10987=DIRECTION('',(0.E0,0.E0,1.E0));
#10988=AXIS2_PLACEMENT_3D('',#10985,#10986,#10987);
#10989=PLANE('',#10988);
#10990=ORIENTED_EDGE('',*,*,#10778,.F.);
#10992=ORIENTED_EDGE('',*,*,#10991,.T.);
#10993=ORIENTED_EDGE('',*,*,#10872,.T.);
#10994=ORIENTED_EDGE('',*,*,#10978,.F.);
#10995=EDGE_LOOP('',(#10990,#10992,#10993,#10994));
#10996=FACE_OUTER_BOUND('',#10995,.F.);
#10997=ADVANCED_FACE('',(#10996),#10989,.T.);
#10998=CARTESIAN_POINT('',(8.5725E0,-1.143E0,-7.874E0));
#10999=DIRECTION('',(0.E0,0.E0,1.E0));
#11000=DIRECTION('',(0.E0,-1.E0,0.E0));
#11001=AXIS2_PLACEMENT_3D('',#10998,#10999,#11000);
#11002=PLANE('',#11001);
#11003=ORIENTED_EDGE('',*,*,#10776,.F.);
#11004=ORIENTED_EDGE('',*,*,#10852,.T.);
#11005=ORIENTED_EDGE('',*,*,#10874,.T.);
#11006=ORIENTED_EDGE('',*,*,#10991,.F.);
#11007=EDGE_LOOP('',(#11003,#11004,#11005,#11006));
#11008=FACE_OUTER_BOUND('',#11007,.F.);
#11009=ADVANCED_FACE('',(#11008),#11002,.T.);
#11010=CARTESIAN_POINT('',(8.5725E0,1.27E-1,-7.874E0));
#11011=DIRECTION('',(0.E0,-1.E0,0.E0));
#11012=DIRECTION('',(0.E0,0.E0,-1.E0));
#11013=AXIS2_PLACEMENT_3D('',#11010,#11011,#11012);
#11014=PLANE('',#11013);
#11015=ORIENTED_EDGE('',*,*,#6910,.F.);
#11016=ORIENTED_EDGE('',*,*,#10809,.F.);
#11018=ORIENTED_EDGE('',*,*,#11017,.T.);
#11019=ORIENTED_EDGE('',*,*,#10886,.T.);
#11020=EDGE_LOOP('',(#11015,#11016,#11018,#11019));
#11021=FACE_OUTER_BOUND('',#11020,.F.);
#11022=ADVANCED_FACE('',(#11021),#11014,.T.);
#11023=CARTESIAN_POINT('',(8.5725E0,4.445E-1,-7.874E0));
#11024=DIRECTION('',(0.E0,0.E0,1.E0));
#11025=DIRECTION('',(0.E0,-1.E0,0.E0));
#11026=AXIS2_PLACEMENT_3D('',#11023,#11024,#11025);
#11027=PLANE('',#11026);
#11028=ORIENTED_EDGE('',*,*,#10807,.F.);
#11030=ORIENTED_EDGE('',*,*,#11029,.T.);
#11031=ORIENTED_EDGE('',*,*,#10888,.T.);
#11032=ORIENTED_EDGE('',*,*,#11017,.F.);
#11033=EDGE_LOOP('',(#11028,#11030,#11031,#11032));
#11034=FACE_OUTER_BOUND('',#11033,.F.);
#11035=ADVANCED_FACE('',(#11034),#11027,.T.);
#11036=CARTESIAN_POINT('',(8.5725E0,4.445E-1,-8.128E-1));
#11037=DIRECTION('',(0.E0,-1.E0,0.E0));
#11038=DIRECTION('',(0.E0,0.E0,-1.E0));
#11039=AXIS2_PLACEMENT_3D('',#11036,#11037,#11038);
#11040=PLANE('',#11039);
#11041=ORIENTED_EDGE('',*,*,#10805,.F.);
#11043=ORIENTED_EDGE('',*,*,#11042,.T.);
#11044=ORIENTED_EDGE('',*,*,#10890,.T.);
#11045=ORIENTED_EDGE('',*,*,#11029,.F.);
#11046=EDGE_LOOP('',(#11041,#11043,#11044,#11045));
#11047=FACE_OUTER_BOUND('',#11046,.F.);
#11048=ADVANCED_FACE('',(#11047),#11040,.T.);
#11049=CARTESIAN_POINT('',(8.5725E0,1.0795E0,-8.128E-1));
#11050=DIRECTION('',(0.E0,0.E0,1.E0));
#11051=DIRECTION('',(0.E0,-1.E0,0.E0));
#11052=AXIS2_PLACEMENT_3D('',#11049,#11050,#11051);
#11053=PLANE('',#11052);
#11054=ORIENTED_EDGE('',*,*,#10803,.F.);
#11056=ORIENTED_EDGE('',*,*,#11055,.T.);
#11057=ORIENTED_EDGE('',*,*,#10892,.T.);
#11058=ORIENTED_EDGE('',*,*,#11042,.F.);
#11059=EDGE_LOOP('',(#11054,#11056,#11057,#11058));
#11060=FACE_OUTER_BOUND('',#11059,.F.);
#11061=ADVANCED_FACE('',(#11060),#11053,.T.);
#11062=CARTESIAN_POINT('',(8.5725E0,1.0795E0,-7.874E0));
#11063=DIRECTION('',(0.E0,1.E0,0.E0));
#11064=DIRECTION('',(0.E0,0.E0,1.E0));
#11065=AXIS2_PLACEMENT_3D('',#11062,#11063,#11064);
#11066=PLANE('',#11065);
#11067=ORIENTED_EDGE('',*,*,#10801,.F.);
#11069=ORIENTED_EDGE('',*,*,#11068,.T.);
#11070=ORIENTED_EDGE('',*,*,#10894,.T.);
#11071=ORIENTED_EDGE('',*,*,#11055,.F.);
#11072=EDGE_LOOP('',(#11067,#11069,#11070,#11071));
#11073=FACE_OUTER_BOUND('',#11072,.F.);
#11074=ADVANCED_FACE('',(#11073),#11066,.T.);
#11075=CARTESIAN_POINT('',(8.5725E0,1.397E0,-7.874E0));
#11076=DIRECTION('',(0.E0,0.E0,1.E0));
#11077=DIRECTION('',(0.E0,-1.E0,0.E0));
#11078=AXIS2_PLACEMENT_3D('',#11075,#11076,#11077);
#11079=PLANE('',#11078);
#11080=ORIENTED_EDGE('',*,*,#10799,.F.);
#11082=ORIENTED_EDGE('',*,*,#11081,.T.);
#11083=ORIENTED_EDGE('',*,*,#10896,.T.);
#11084=ORIENTED_EDGE('',*,*,#11068,.F.);
#11085=EDGE_LOOP('',(#11080,#11082,#11083,#11084));
#11086=FACE_OUTER_BOUND('',#11085,.F.);
#11087=ADVANCED_FACE('',(#11086),#11079,.T.);
#11088=CARTESIAN_POINT('',(8.5725E0,1.397E0,-8.89E0));
#11089=DIRECTION('',(0.E0,1.E0,0.E0));
#11090=DIRECTION('',(0.E0,0.E0,1.E0));
#11091=AXIS2_PLACEMENT_3D('',#11088,#11089,#11090);
#11092=PLANE('',#11091);
#11093=ORIENTED_EDGE('',*,*,#6914,.T.);
#11094=ORIENTED_EDGE('',*,*,#10898,.T.);
#11095=ORIENTED_EDGE('',*,*,#11081,.F.);
#11096=ORIENTED_EDGE('',*,*,#10797,.F.);
#11097=EDGE_LOOP('',(#11093,#11094,#11095,#11096));
#11098=FACE_OUTER_BOUND('',#11097,.F.);
#11099=ADVANCED_FACE('',(#11098),#11092,.T.);
#11100=CARTESIAN_POINT('',(8.5725E0,-8.509E0,-1.31953E1));
#11101=DIRECTION('',(0.E0,0.E0,-1.E0));
#11102=DIRECTION('',(0.E0,1.E0,0.E0));
#11103=AXIS2_PLACEMENT_3D('',#11100,#11101,#11102);
#11104=PLANE('',#11103);
#11105=ORIENTED_EDGE('',*,*,#6168,.F.);
#11106=ORIENTED_EDGE('',*,*,#10824,.F.);
#11108=ORIENTED_EDGE('',*,*,#11107,.T.);
#11109=ORIENTED_EDGE('',*,*,#10909,.T.);
#11110=EDGE_LOOP('',(#11105,#11106,#11108,#11109));
#11111=FACE_OUTER_BOUND('',#11110,.F.);
#11112=ADVANCED_FACE('',(#11111),#11104,.T.);
#11113=CARTESIAN_POINT('',(8.5725E0,-8.509E0,-1.25603E1));
#11114=DIRECTION('',(0.E0,-1.E0,0.E0));
#11115=DIRECTION('',(0.E0,0.E0,-1.E0));
#11116=AXIS2_PLACEMENT_3D('',#11113,#11114,#11115);
#11117=PLANE('',#11116);
#11118=ORIENTED_EDGE('',*,*,#10822,.F.);
#11120=ORIENTED_EDGE('',*,*,#11119,.T.);
#11121=ORIENTED_EDGE('',*,*,#10911,.T.);
#11122=ORIENTED_EDGE('',*,*,#11107,.F.);
#11123=EDGE_LOOP('',(#11118,#11120,#11121,#11122));
#11124=FACE_OUTER_BOUND('',#11123,.F.);
#11125=ADVANCED_FACE('',(#11124),#11117,.T.);
#11126=CARTESIAN_POINT('',(8.5725E0,-5.08E0,-1.25603E1));
#11127=DIRECTION('',(0.E0,0.E0,1.E0));
#11128=DIRECTION('',(0.E0,-1.E0,0.E0));
#11129=AXIS2_PLACEMENT_3D('',#11126,#11127,#11128);
#11130=PLANE('',#11129);
#11131=ORIENTED_EDGE('',*,*,#6172,.T.);
#11132=ORIENTED_EDGE('',*,*,#10913,.T.);
#11133=ORIENTED_EDGE('',*,*,#11119,.F.);
#11134=ORIENTED_EDGE('',*,*,#10820,.F.);
#11135=EDGE_LOOP('',(#11131,#11132,#11133,#11134));
#11136=FACE_OUTER_BOUND('',#11135,.F.);
#11137=ADVANCED_FACE('',(#11136),#11130,.T.);
#11138=CARTESIAN_POINT('',(8.5725E0,-8.509E0,-1.57353E1));
#11139=DIRECTION('',(0.E0,0.E0,-1.E0));
#11140=DIRECTION('',(0.E0,1.E0,0.E0));
#11141=AXIS2_PLACEMENT_3D('',#11138,#11139,#11140);
#11142=PLANE('',#11141);
#11143=ORIENTED_EDGE('',*,*,#6178,.F.);
#11144=ORIENTED_EDGE('',*,*,#10839,.F.);
#11146=ORIENTED_EDGE('',*,*,#11145,.T.);
#11147=ORIENTED_EDGE('',*,*,#10924,.T.);
#11148=EDGE_LOOP('',(#11143,#11144,#11146,#11147));
#11149=FACE_OUTER_BOUND('',#11148,.F.);
#11150=ADVANCED_FACE('',(#11149),#11142,.T.);
#11151=CARTESIAN_POINT('',(8.5725E0,-8.509E0,-1.51003E1));
#11152=DIRECTION('',(0.E0,-1.E0,0.E0));
#11153=DIRECTION('',(0.E0,0.E0,-1.E0));
#11154=AXIS2_PLACEMENT_3D('',#11151,#11152,#11153);
#11155=PLANE('',#11154);
#11156=ORIENTED_EDGE('',*,*,#10837,.F.);
#11158=ORIENTED_EDGE('',*,*,#11157,.T.);
#11159=ORIENTED_EDGE('',*,*,#10926,.T.);
#11160=ORIENTED_EDGE('',*,*,#11145,.F.);
#11161=EDGE_LOOP('',(#11156,#11158,#11159,#11160));
#11162=FACE_OUTER_BOUND('',#11161,.F.);
#11163=ADVANCED_FACE('',(#11162),#11155,.T.);
#11164=CARTESIAN_POINT('',(8.5725E0,-5.08E0,-1.51003E1));
#11165=DIRECTION('',(0.E0,0.E0,1.E0));
#11166=DIRECTION('',(0.E0,-1.E0,0.E0));
#11167=AXIS2_PLACEMENT_3D('',#11164,#11165,#11166);
#11168=PLANE('',#11167);
#11169=ORIENTED_EDGE('',*,*,#6182,.T.);
#11170=ORIENTED_EDGE('',*,*,#10928,.T.);
#11171=ORIENTED_EDGE('',*,*,#11157,.F.);
#11172=ORIENTED_EDGE('',*,*,#10835,.F.);
#11173=EDGE_LOOP('',(#11169,#11170,#11171,#11172));
#11174=FACE_OUTER_BOUND('',#11173,.F.);
#11175=ADVANCED_FACE('',(#11174),#11168,.T.);
#11176=CARTESIAN_POINT('',(1.11125E1,7.62E-1,0.E0));
#11177=DIRECTION('',(1.E0,0.E0,0.E0));
#11178=DIRECTION('',(0.E0,0.E0,-1.E0));
#11179=AXIS2_PLACEMENT_3D('',#11176,#11177,#11178);
#11180=PLANE('',#11179);
#11181=ORIENTED_EDGE('',*,*,#6186,.F.);
#11183=ORIENTED_EDGE('',*,*,#11182,.T.);
#11185=ORIENTED_EDGE('',*,*,#11184,.T.);
#11187=ORIENTED_EDGE('',*,*,#11186,.T.);
#11188=EDGE_LOOP('',(#11181,#11183,#11185,#11187));
#11189=FACE_OUTER_BOUND('',#11188,.F.);
#11190=ADVANCED_FACE('',(#11189),#11180,.F.);
#11191=CARTESIAN_POINT('',(1.11125E1,7.62E-1,0.E0));
#11192=DIRECTION('',(1.E0,0.E0,0.E0));
#11193=DIRECTION('',(0.E0,0.E0,-1.E0));
#11194=AXIS2_PLACEMENT_3D('',#11191,#11192,#11193);
#11195=PLANE('',#11194);
#11196=ORIENTED_EDGE('',*,*,#6196,.F.);
#11198=ORIENTED_EDGE('',*,*,#11197,.T.);
#11200=ORIENTED_EDGE('',*,*,#11199,.T.);
#11202=ORIENTED_EDGE('',*,*,#11201,.T.);
#11203=EDGE_LOOP('',(#11196,#11198,#11200,#11202));
#11204=FACE_OUTER_BOUND('',#11203,.F.);
#11205=ADVANCED_FACE('',(#11204),#11195,.F.);
#11206=CARTESIAN_POINT('',(1.11125E1,7.62E-1,0.E0));
#11207=DIRECTION('',(1.E0,0.E0,0.E0));
#11208=DIRECTION('',(0.E0,0.E0,-1.E0));
#11209=AXIS2_PLACEMENT_3D('',#11206,#11207,#11208);
#11210=PLANE('',#11209);
#11211=ORIENTED_EDGE('',*,*,#6918,.T.);
#11213=ORIENTED_EDGE('',*,*,#11212,.T.);
#11215=ORIENTED_EDGE('',*,*,#11214,.T.);
#11217=ORIENTED_EDGE('',*,*,#11216,.T.);
#11219=ORIENTED_EDGE('',*,*,#11218,.T.);
#11221=ORIENTED_EDGE('',*,*,#11220,.T.);
#11223=ORIENTED_EDGE('',*,*,#11222,.T.);
#11225=ORIENTED_EDGE('',*,*,#11224,.T.);
#11226=EDGE_LOOP('',(#11211,#11213,#11215,#11217,#11219,#11221,#11223,#11225));
#11227=FACE_OUTER_BOUND('',#11226,.F.);
#11228=ADVANCED_FACE('',(#11227),#11210,.F.);
#11229=CARTESIAN_POINT('',(1.11125E1,7.62E-1,0.E0));
#11230=DIRECTION('',(1.E0,0.E0,0.E0));
#11231=DIRECTION('',(0.E0,0.E0,-1.E0));
#11232=AXIS2_PLACEMENT_3D('',#11229,#11230,#11231);
#11233=PLANE('',#11232);
#11234=ORIENTED_EDGE('',*,*,#6928,.T.);
#11236=ORIENTED_EDGE('',*,*,#11235,.T.);
#11238=ORIENTED_EDGE('',*,*,#11237,.T.);
#11240=ORIENTED_EDGE('',*,*,#11239,.T.);
#11242=ORIENTED_EDGE('',*,*,#11241,.T.);
#11244=ORIENTED_EDGE('',*,*,#11243,.T.);
#11246=ORIENTED_EDGE('',*,*,#11245,.T.);
#11248=ORIENTED_EDGE('',*,*,#11247,.T.);
#11249=EDGE_LOOP('',(#11234,#11236,#11238,#11240,#11242,#11244,#11246,#11248));
#11250=FACE_OUTER_BOUND('',#11249,.F.);
#11251=ADVANCED_FACE('',(#11250),#11233,.F.);
#11252=CARTESIAN_POINT('',(1.11125E1,-5.08E0,-1.25603E1));
#11253=DIRECTION('',(0.E0,0.E0,1.E0));
#11254=DIRECTION('',(0.E0,-1.E0,0.E0));
#11255=AXIS2_PLACEMENT_3D('',#11252,#11253,#11254);
#11256=PLANE('',#11255);
#11257=ORIENTED_EDGE('',*,*,#6192,.T.);
#11259=ORIENTED_EDGE('',*,*,#11258,.T.);
#11261=ORIENTED_EDGE('',*,*,#11260,.F.);
#11262=ORIENTED_EDGE('',*,*,#11182,.F.);
#11263=EDGE_LOOP('',(#11257,#11259,#11261,#11262));
#11264=FACE_OUTER_BOUND('',#11263,.F.);
#11265=ADVANCED_FACE('',(#11264),#11256,.T.);
#11266=CARTESIAN_POINT('',(1.17475E1,7.62E-1,0.E0));
#11267=DIRECTION('',(1.E0,0.E0,0.E0));
#11268=DIRECTION('',(0.E0,0.E0,-1.E0));
#11269=AXIS2_PLACEMENT_3D('',#11266,#11267,#11268);
#11270=PLANE('',#11269);
#11271=ORIENTED_EDGE('',*,*,#6190,.T.);
#11273=ORIENTED_EDGE('',*,*,#11272,.F.);
#11275=ORIENTED_EDGE('',*,*,#11274,.F.);
#11276=ORIENTED_EDGE('',*,*,#11258,.F.);
#11277=EDGE_LOOP('',(#11271,#11273,#11275,#11276));
#11278=FACE_OUTER_BOUND('',#11277,.F.);
#11279=ADVANCED_FACE('',(#11278),#11270,.T.);
#11280=CARTESIAN_POINT('',(1.17475E1,7.62E-1,0.E0));
#11281=DIRECTION('',(1.E0,0.E0,0.E0));
#11282=DIRECTION('',(0.E0,0.E0,-1.E0));
#11283=AXIS2_PLACEMENT_3D('',#11280,#11281,#11282);
#11284=PLANE('',#11283);
#11285=ORIENTED_EDGE('',*,*,#6200,.T.);
#11287=ORIENTED_EDGE('',*,*,#11286,.F.);
#11289=ORIENTED_EDGE('',*,*,#11288,.F.);
#11291=ORIENTED_EDGE('',*,*,#11290,.F.);
#11292=EDGE_LOOP('',(#11285,#11287,#11289,#11291));
#11293=FACE_OUTER_BOUND('',#11292,.F.);
#11294=ADVANCED_FACE('',(#11293),#11284,.T.);
#11295=CARTESIAN_POINT('',(1.17475E1,7.62E-1,0.E0));
#11296=DIRECTION('',(1.E0,0.E0,0.E0));
#11297=DIRECTION('',(0.E0,0.E0,-1.E0));
#11298=AXIS2_PLACEMENT_3D('',#11295,#11296,#11297);
#11299=PLANE('',#11298);
#11300=ORIENTED_EDGE('',*,*,#6922,.F.);
#11302=ORIENTED_EDGE('',*,*,#11301,.F.);
#11304=ORIENTED_EDGE('',*,*,#11303,.F.);
#11306=ORIENTED_EDGE('',*,*,#11305,.F.);
#11308=ORIENTED_EDGE('',*,*,#11307,.F.);
#11310=ORIENTED_EDGE('',*,*,#11309,.F.);
#11312=ORIENTED_EDGE('',*,*,#11311,.F.);
#11314=ORIENTED_EDGE('',*,*,#11313,.F.);
#11315=EDGE_LOOP('',(#11300,#11302,#11304,#11306,#11308,#11310,#11312,#11314));
#11316=FACE_OUTER_BOUND('',#11315,.F.);
#11317=ADVANCED_FACE('',(#11316),#11299,.T.);
#11318=CARTESIAN_POINT('',(1.17475E1,7.62E-1,0.E0));
#11319=DIRECTION('',(1.E0,0.E0,0.E0));
#11320=DIRECTION('',(0.E0,0.E0,-1.E0));
#11321=AXIS2_PLACEMENT_3D('',#11318,#11319,#11320);
#11322=PLANE('',#11321);
#11323=ORIENTED_EDGE('',*,*,#6932,.F.);
#11325=ORIENTED_EDGE('',*,*,#11324,.F.);
#11327=ORIENTED_EDGE('',*,*,#11326,.F.);
#11329=ORIENTED_EDGE('',*,*,#11328,.F.);
#11331=ORIENTED_EDGE('',*,*,#11330,.F.);
#11333=ORIENTED_EDGE('',*,*,#11332,.F.);
#11335=ORIENTED_EDGE('',*,*,#11334,.F.);
#11337=ORIENTED_EDGE('',*,*,#11336,.F.);
#11338=EDGE_LOOP('',(#11323,#11325,#11327,#11329,#11331,#11333,#11335,#11337));
#11339=FACE_OUTER_BOUND('',#11338,.F.);
#11340=ADVANCED_FACE('',(#11339),#11322,.T.);
#11341=CARTESIAN_POINT('',(1.11125E1,-8.509E0,-1.31953E1));
#11342=DIRECTION('',(0.E0,0.E0,-1.E0));
#11343=DIRECTION('',(0.E0,1.E0,0.E0));
#11344=AXIS2_PLACEMENT_3D('',#11341,#11342,#11343);
#11345=PLANE('',#11344);
#11346=ORIENTED_EDGE('',*,*,#6188,.F.);
#11347=ORIENTED_EDGE('',*,*,#11186,.F.);
#11349=ORIENTED_EDGE('',*,*,#11348,.T.);
#11350=ORIENTED_EDGE('',*,*,#11272,.T.);
#11351=EDGE_LOOP('',(#11346,#11347,#11349,#11350));
#11352=FACE_OUTER_BOUND('',#11351,.F.);
#11353=ADVANCED_FACE('',(#11352),#11345,.T.);
#11354=CARTESIAN_POINT('',(1.11125E1,-8.509E0,-1.25603E1));
#11355=DIRECTION('',(0.E0,-1.E0,0.E0));
#11356=DIRECTION('',(0.E0,0.E0,-1.E0));
#11357=AXIS2_PLACEMENT_3D('',#11354,#11355,#11356);
#11358=PLANE('',#11357);
#11359=ORIENTED_EDGE('',*,*,#11184,.F.);
#11360=ORIENTED_EDGE('',*,*,#11260,.T.);
#11361=ORIENTED_EDGE('',*,*,#11274,.T.);
#11362=ORIENTED_EDGE('',*,*,#11348,.F.);
#11363=EDGE_LOOP('',(#11359,#11360,#11361,#11362));
#11364=FACE_OUTER_BOUND('',#11363,.F.);
#11365=ADVANCED_FACE('',(#11364),#11358,.T.);
#11366=CARTESIAN_POINT('',(1.11125E1,-8.509E0,-1.57353E1));
#11367=DIRECTION('',(0.E0,0.E0,-1.E0));
#11368=DIRECTION('',(0.E0,1.E0,0.E0));
#11369=AXIS2_PLACEMENT_3D('',#11366,#11367,#11368);
#11370=PLANE('',#11369);
#11371=ORIENTED_EDGE('',*,*,#6198,.F.);
#11372=ORIENTED_EDGE('',*,*,#11201,.F.);
#11374=ORIENTED_EDGE('',*,*,#11373,.T.);
#11375=ORIENTED_EDGE('',*,*,#11286,.T.);
#11376=EDGE_LOOP('',(#11371,#11372,#11374,#11375));
#11377=FACE_OUTER_BOUND('',#11376,.F.);
#11378=ADVANCED_FACE('',(#11377),#11370,.T.);
#11379=CARTESIAN_POINT('',(1.11125E1,-8.509E0,-1.51003E1));
#11380=DIRECTION('',(0.E0,-1.E0,0.E0));
#11381=DIRECTION('',(0.E0,0.E0,-1.E0));
#11382=AXIS2_PLACEMENT_3D('',#11379,#11380,#11381);
#11383=PLANE('',#11382);
#11384=ORIENTED_EDGE('',*,*,#11199,.F.);
#11386=ORIENTED_EDGE('',*,*,#11385,.T.);
#11387=ORIENTED_EDGE('',*,*,#11288,.T.);
#11388=ORIENTED_EDGE('',*,*,#11373,.F.);
#11389=EDGE_LOOP('',(#11384,#11386,#11387,#11388));
#11390=FACE_OUTER_BOUND('',#11389,.F.);
#11391=ADVANCED_FACE('',(#11390),#11383,.T.);
#11392=CARTESIAN_POINT('',(1.11125E1,-5.08E0,-1.51003E1));
#11393=DIRECTION('',(0.E0,0.E0,1.E0));
#11394=DIRECTION('',(0.E0,-1.E0,0.E0));
#11395=AXIS2_PLACEMENT_3D('',#11392,#11393,#11394);
#11396=PLANE('',#11395);
#11397=ORIENTED_EDGE('',*,*,#6202,.T.);
#11398=ORIENTED_EDGE('',*,*,#11290,.T.);
#11399=ORIENTED_EDGE('',*,*,#11385,.F.);
#11400=ORIENTED_EDGE('',*,*,#11197,.F.);
#11401=EDGE_LOOP('',(#11397,#11398,#11399,#11400));
#11402=FACE_OUTER_BOUND('',#11401,.F.);
#11403=ADVANCED_FACE('',(#11402),#11396,.T.);
#11404=CARTESIAN_POINT('',(1.11125E1,-2.413E0,-7.874E0));
#11405=DIRECTION('',(0.E0,-1.E0,0.E0));
#11406=DIRECTION('',(0.E0,0.E0,-1.E0));
#11407=AXIS2_PLACEMENT_3D('',#11404,#11405,#11406);
#11408=PLANE('',#11407);
#11409=ORIENTED_EDGE('',*,*,#6920,.F.);
#11410=ORIENTED_EDGE('',*,*,#11224,.F.);
#11412=ORIENTED_EDGE('',*,*,#11411,.T.);
#11413=ORIENTED_EDGE('',*,*,#11301,.T.);
#11414=EDGE_LOOP('',(#11409,#11410,#11412,#11413));
#11415=FACE_OUTER_BOUND('',#11414,.F.);
#11416=ADVANCED_FACE('',(#11415),#11408,.T.);
#11417=CARTESIAN_POINT('',(1.11125E1,-2.0955E0,-7.874E0));
#11418=DIRECTION('',(0.E0,0.E0,1.E0));
#11419=DIRECTION('',(0.E0,-1.E0,0.E0));
#11420=AXIS2_PLACEMENT_3D('',#11417,#11418,#11419);
#11421=PLANE('',#11420);
#11422=ORIENTED_EDGE('',*,*,#11222,.F.);
#11424=ORIENTED_EDGE('',*,*,#11423,.T.);
#11425=ORIENTED_EDGE('',*,*,#11303,.T.);
#11426=ORIENTED_EDGE('',*,*,#11411,.F.);
#11427=EDGE_LOOP('',(#11422,#11424,#11425,#11426));
#11428=FACE_OUTER_BOUND('',#11427,.F.);
#11429=ADVANCED_FACE('',(#11428),#11421,.T.);
#11430=CARTESIAN_POINT('',(1.11125E1,-2.0955E0,-8.128E-1));
#11431=DIRECTION('',(0.E0,-1.E0,0.E0));
#11432=DIRECTION('',(0.E0,0.E0,-1.E0));
#11433=AXIS2_PLACEMENT_3D('',#11430,#11431,#11432);
#11434=PLANE('',#11433);
#11435=ORIENTED_EDGE('',*,*,#11220,.F.);
#11437=ORIENTED_EDGE('',*,*,#11436,.T.);
#11438=ORIENTED_EDGE('',*,*,#11305,.T.);
#11439=ORIENTED_EDGE('',*,*,#11423,.F.);
#11440=EDGE_LOOP('',(#11435,#11437,#11438,#11439));
#11441=FACE_OUTER_BOUND('',#11440,.F.);
#11442=ADVANCED_FACE('',(#11441),#11434,.T.);
#11443=CARTESIAN_POINT('',(1.11125E1,-1.4605E0,-8.128E-1));
#11444=DIRECTION('',(0.E0,0.E0,1.E0));
#11445=DIRECTION('',(0.E0,-1.E0,0.E0));
#11446=AXIS2_PLACEMENT_3D('',#11443,#11444,#11445);
#11447=PLANE('',#11446);
#11448=ORIENTED_EDGE('',*,*,#11218,.F.);
#11450=ORIENTED_EDGE('',*,*,#11449,.T.);
#11451=ORIENTED_EDGE('',*,*,#11307,.T.);
#11452=ORIENTED_EDGE('',*,*,#11436,.F.);
#11453=EDGE_LOOP('',(#11448,#11450,#11451,#11452));
#11454=FACE_OUTER_BOUND('',#11453,.F.);
#11455=ADVANCED_FACE('',(#11454),#11447,.T.);
#11456=CARTESIAN_POINT('',(1.11125E1,-1.4605E0,-7.874E0));
#11457=DIRECTION('',(0.E0,1.E0,0.E0));
#11458=DIRECTION('',(0.E0,0.E0,1.E0));
#11459=AXIS2_PLACEMENT_3D('',#11456,#11457,#11458);
#11460=PLANE('',#11459);
#11461=ORIENTED_EDGE('',*,*,#11216,.F.);
#11463=ORIENTED_EDGE('',*,*,#11462,.T.);
#11464=ORIENTED_EDGE('',*,*,#11309,.T.);
#11465=ORIENTED_EDGE('',*,*,#11449,.F.);
#11466=EDGE_LOOP('',(#11461,#11463,#11464,#11465));
#11467=FACE_OUTER_BOUND('',#11466,.F.);
#11468=ADVANCED_FACE('',(#11467),#11460,.T.);
#11469=CARTESIAN_POINT('',(1.11125E1,-1.143E0,-7.874E0));
#11470=DIRECTION('',(0.E0,0.E0,1.E0));
#11471=DIRECTION('',(0.E0,-1.E0,0.E0));
#11472=AXIS2_PLACEMENT_3D('',#11469,#11470,#11471);
#11473=PLANE('',#11472);
#11474=ORIENTED_EDGE('',*,*,#11214,.F.);
#11476=ORIENTED_EDGE('',*,*,#11475,.T.);
#11477=ORIENTED_EDGE('',*,*,#11311,.T.);
#11478=ORIENTED_EDGE('',*,*,#11462,.F.);
#11479=EDGE_LOOP('',(#11474,#11476,#11477,#11478));
#11480=FACE_OUTER_BOUND('',#11479,.F.);
#11481=ADVANCED_FACE('',(#11480),#11473,.T.);
#11482=CARTESIAN_POINT('',(1.11125E1,-1.143E0,-8.89E0));
#11483=DIRECTION('',(0.E0,1.E0,0.E0));
#11484=DIRECTION('',(0.E0,0.E0,1.E0));
#11485=AXIS2_PLACEMENT_3D('',#11482,#11483,#11484);
#11486=PLANE('',#11485);
#11487=ORIENTED_EDGE('',*,*,#6924,.T.);
#11488=ORIENTED_EDGE('',*,*,#11313,.T.);
#11489=ORIENTED_EDGE('',*,*,#11475,.F.);
#11490=ORIENTED_EDGE('',*,*,#11212,.F.);
#11491=EDGE_LOOP('',(#11487,#11488,#11489,#11490));
#11492=FACE_OUTER_BOUND('',#11491,.F.);
#11493=ADVANCED_FACE('',(#11492),#11486,.T.);
#11494=CARTESIAN_POINT('',(1.11125E1,1.27E-1,-7.874E0));
#11495=DIRECTION('',(0.E0,-1.E0,0.E0));
#11496=DIRECTION('',(0.E0,0.E0,-1.E0));
#11497=AXIS2_PLACEMENT_3D('',#11494,#11495,#11496);
#11498=PLANE('',#11497);
#11499=ORIENTED_EDGE('',*,*,#6930,.F.);
#11500=ORIENTED_EDGE('',*,*,#11247,.F.);
#11502=ORIENTED_EDGE('',*,*,#11501,.T.);
#11503=ORIENTED_EDGE('',*,*,#11324,.T.);
#11504=EDGE_LOOP('',(#11499,#11500,#11502,#11503));
#11505=FACE_OUTER_BOUND('',#11504,.F.);
#11506=ADVANCED_FACE('',(#11505),#11498,.T.);
#11507=CARTESIAN_POINT('',(1.11125E1,4.445E-1,-7.874E0));
#11508=DIRECTION('',(0.E0,0.E0,1.E0));
#11509=DIRECTION('',(0.E0,-1.E0,0.E0));
#11510=AXIS2_PLACEMENT_3D('',#11507,#11508,#11509);
#11511=PLANE('',#11510);
#11512=ORIENTED_EDGE('',*,*,#11245,.F.);
#11514=ORIENTED_EDGE('',*,*,#11513,.T.);
#11515=ORIENTED_EDGE('',*,*,#11326,.T.);
#11516=ORIENTED_EDGE('',*,*,#11501,.F.);
#11517=EDGE_LOOP('',(#11512,#11514,#11515,#11516));
#11518=FACE_OUTER_BOUND('',#11517,.F.);
#11519=ADVANCED_FACE('',(#11518),#11511,.T.);
#11520=CARTESIAN_POINT('',(1.11125E1,4.445E-1,-8.128E-1));
#11521=DIRECTION('',(0.E0,-1.E0,0.E0));
#11522=DIRECTION('',(0.E0,0.E0,-1.E0));
#11523=AXIS2_PLACEMENT_3D('',#11520,#11521,#11522);
#11524=PLANE('',#11523);
#11525=ORIENTED_EDGE('',*,*,#11243,.F.);
#11527=ORIENTED_EDGE('',*,*,#11526,.T.);
#11528=ORIENTED_EDGE('',*,*,#11328,.T.);
#11529=ORIENTED_EDGE('',*,*,#11513,.F.);
#11530=EDGE_LOOP('',(#11525,#11527,#11528,#11529));
#11531=FACE_OUTER_BOUND('',#11530,.F.);
#11532=ADVANCED_FACE('',(#11531),#11524,.T.);
#11533=CARTESIAN_POINT('',(1.11125E1,1.0795E0,-8.128E-1));
#11534=DIRECTION('',(0.E0,0.E0,1.E0));
#11535=DIRECTION('',(0.E0,-1.E0,0.E0));
#11536=AXIS2_PLACEMENT_3D('',#11533,#11534,#11535);
#11537=PLANE('',#11536);
#11538=ORIENTED_EDGE('',*,*,#11241,.F.);
#11540=ORIENTED_EDGE('',*,*,#11539,.T.);
#11541=ORIENTED_EDGE('',*,*,#11330,.T.);
#11542=ORIENTED_EDGE('',*,*,#11526,.F.);
#11543=EDGE_LOOP('',(#11538,#11540,#11541,#11542));
#11544=FACE_OUTER_BOUND('',#11543,.F.);
#11545=ADVANCED_FACE('',(#11544),#11537,.T.);
#11546=CARTESIAN_POINT('',(1.11125E1,1.0795E0,-7.874E0));
#11547=DIRECTION('',(0.E0,1.E0,0.E0));
#11548=DIRECTION('',(0.E0,0.E0,1.E0));
#11549=AXIS2_PLACEMENT_3D('',#11546,#11547,#11548);
#11550=PLANE('',#11549);
#11551=ORIENTED_EDGE('',*,*,#11239,.F.);
#11553=ORIENTED_EDGE('',*,*,#11552,.T.);
#11554=ORIENTED_EDGE('',*,*,#11332,.T.);
#11555=ORIENTED_EDGE('',*,*,#11539,.F.);
#11556=EDGE_LOOP('',(#11551,#11553,#11554,#11555));
#11557=FACE_OUTER_BOUND('',#11556,.F.);
#11558=ADVANCED_FACE('',(#11557),#11550,.T.);
#11559=CARTESIAN_POINT('',(1.11125E1,1.397E0,-7.874E0));
#11560=DIRECTION('',(0.E0,0.E0,1.E0));
#11561=DIRECTION('',(0.E0,-1.E0,0.E0));
#11562=AXIS2_PLACEMENT_3D('',#11559,#11560,#11561);
#11563=PLANE('',#11562);
#11564=ORIENTED_EDGE('',*,*,#11237,.F.);
#11566=ORIENTED_EDGE('',*,*,#11565,.T.);
#11567=ORIENTED_EDGE('',*,*,#11334,.T.);
#11568=ORIENTED_EDGE('',*,*,#11552,.F.);
#11569=EDGE_LOOP('',(#11564,#11566,#11567,#11568));
#11570=FACE_OUTER_BOUND('',#11569,.F.);
#11571=ADVANCED_FACE('',(#11570),#11563,.T.);
#11572=CARTESIAN_POINT('',(1.11125E1,1.397E0,-8.89E0));
#11573=DIRECTION('',(0.E0,1.E0,0.E0));
#11574=DIRECTION('',(0.E0,0.E0,1.E0));
#11575=AXIS2_PLACEMENT_3D('',#11572,#11573,#11574);
#11576=PLANE('',#11575);
#11577=ORIENTED_EDGE('',*,*,#6934,.T.);
#11578=ORIENTED_EDGE('',*,*,#11336,.T.);
#11579=ORIENTED_EDGE('',*,*,#11565,.F.);
#11580=ORIENTED_EDGE('',*,*,#11235,.F.);
#11581=EDGE_LOOP('',(#11577,#11578,#11579,#11580));
#11582=FACE_OUTER_BOUND('',#11581,.F.);
#11583=ADVANCED_FACE('',(#11582),#11576,.T.);
#11584=CARTESIAN_POINT('',(1.36525E1,7.62E-1,0.E0));
#11585=DIRECTION('',(1.E0,0.E0,0.E0));
#11586=DIRECTION('',(0.E0,0.E0,-1.E0));
#11587=AXIS2_PLACEMENT_3D('',#11584,#11585,#11586);
#11588=PLANE('',#11587);
#11589=ORIENTED_EDGE('',*,*,#6206,.F.);
#11591=ORIENTED_EDGE('',*,*,#11590,.T.);
#11593=ORIENTED_EDGE('',*,*,#11592,.T.);
#11595=ORIENTED_EDGE('',*,*,#11594,.T.);
#11596=EDGE_LOOP('',(#11589,#11591,#11593,#11595));
#11597=FACE_OUTER_BOUND('',#11596,.F.);
#11598=ADVANCED_FACE('',(#11597),#11588,.F.);
#11599=CARTESIAN_POINT('',(1.36525E1,7.62E-1,0.E0));
#11600=DIRECTION('',(1.E0,0.E0,0.E0));
#11601=DIRECTION('',(0.E0,0.E0,-1.E0));
#11602=AXIS2_PLACEMENT_3D('',#11599,#11600,#11601);
#11603=PLANE('',#11602);
#11604=ORIENTED_EDGE('',*,*,#6216,.F.);
#11606=ORIENTED_EDGE('',*,*,#11605,.T.);
#11608=ORIENTED_EDGE('',*,*,#11607,.T.);
#11610=ORIENTED_EDGE('',*,*,#11609,.T.);
#11611=EDGE_LOOP('',(#11604,#11606,#11608,#11610));
#11612=FACE_OUTER_BOUND('',#11611,.F.);
#11613=ADVANCED_FACE('',(#11612),#11603,.F.);
#11614=CARTESIAN_POINT('',(1.36525E1,7.62E-1,0.E0));
#11615=DIRECTION('',(1.E0,0.E0,0.E0));
#11616=DIRECTION('',(0.E0,0.E0,-1.E0));
#11617=AXIS2_PLACEMENT_3D('',#11614,#11615,#11616);
#11618=PLANE('',#11617);
#11619=ORIENTED_EDGE('',*,*,#6938,.T.);
#11621=ORIENTED_EDGE('',*,*,#11620,.T.);
#11623=ORIENTED_EDGE('',*,*,#11622,.T.);
#11625=ORIENTED_EDGE('',*,*,#11624,.T.);
#11627=ORIENTED_EDGE('',*,*,#11626,.T.);
#11629=ORIENTED_EDGE('',*,*,#11628,.T.);
#11631=ORIENTED_EDGE('',*,*,#11630,.T.);
#11633=ORIENTED_EDGE('',*,*,#11632,.T.);
#11634=EDGE_LOOP('',(#11619,#11621,#11623,#11625,#11627,#11629,#11631,#11633));
#11635=FACE_OUTER_BOUND('',#11634,.F.);
#11636=ADVANCED_FACE('',(#11635),#11618,.F.);
#11637=CARTESIAN_POINT('',(1.36525E1,7.62E-1,0.E0));
#11638=DIRECTION('',(1.E0,0.E0,0.E0));
#11639=DIRECTION('',(0.E0,0.E0,-1.E0));
#11640=AXIS2_PLACEMENT_3D('',#11637,#11638,#11639);
#11641=PLANE('',#11640);
#11642=ORIENTED_EDGE('',*,*,#6948,.T.);
#11644=ORIENTED_EDGE('',*,*,#11643,.T.);
#11646=ORIENTED_EDGE('',*,*,#11645,.T.);
#11648=ORIENTED_EDGE('',*,*,#11647,.T.);
#11650=ORIENTED_EDGE('',*,*,#11649,.T.);
#11652=ORIENTED_EDGE('',*,*,#11651,.T.);
#11654=ORIENTED_EDGE('',*,*,#11653,.T.);
#11656=ORIENTED_EDGE('',*,*,#11655,.T.);
#11657=EDGE_LOOP('',(#11642,#11644,#11646,#11648,#11650,#11652,#11654,#11656));
#11658=FACE_OUTER_BOUND('',#11657,.F.);
#11659=ADVANCED_FACE('',(#11658),#11641,.F.);
#11660=CARTESIAN_POINT('',(1.36525E1,-5.08E0,-1.25603E1));
#11661=DIRECTION('',(0.E0,0.E0,1.E0));
#11662=DIRECTION('',(0.E0,-1.E0,0.E0));
#11663=AXIS2_PLACEMENT_3D('',#11660,#11661,#11662);
#11664=PLANE('',#11663);
#11665=ORIENTED_EDGE('',*,*,#6212,.T.);
#11667=ORIENTED_EDGE('',*,*,#11666,.T.);
#11669=ORIENTED_EDGE('',*,*,#11668,.F.);
#11670=ORIENTED_EDGE('',*,*,#11590,.F.);
#11671=EDGE_LOOP('',(#11665,#11667,#11669,#11670));
#11672=FACE_OUTER_BOUND('',#11671,.F.);
#11673=ADVANCED_FACE('',(#11672),#11664,.T.);
#11674=CARTESIAN_POINT('',(1.42875E1,7.62E-1,0.E0));
#11675=DIRECTION('',(1.E0,0.E0,0.E0));
#11676=DIRECTION('',(0.E0,0.E0,-1.E0));
#11677=AXIS2_PLACEMENT_3D('',#11674,#11675,#11676);
#11678=PLANE('',#11677);
#11679=ORIENTED_EDGE('',*,*,#6210,.T.);
#11681=ORIENTED_EDGE('',*,*,#11680,.F.);
#11683=ORIENTED_EDGE('',*,*,#11682,.F.);
#11684=ORIENTED_EDGE('',*,*,#11666,.F.);
#11685=EDGE_LOOP('',(#11679,#11681,#11683,#11684));
#11686=FACE_OUTER_BOUND('',#11685,.F.);
#11687=ADVANCED_FACE('',(#11686),#11678,.T.);
#11688=CARTESIAN_POINT('',(1.42875E1,7.62E-1,0.E0));
#11689=DIRECTION('',(1.E0,0.E0,0.E0));
#11690=DIRECTION('',(0.E0,0.E0,-1.E0));
#11691=AXIS2_PLACEMENT_3D('',#11688,#11689,#11690);
#11692=PLANE('',#11691);
#11693=ORIENTED_EDGE('',*,*,#6220,.T.);
#11695=ORIENTED_EDGE('',*,*,#11694,.F.);
#11697=ORIENTED_EDGE('',*,*,#11696,.F.);
#11699=ORIENTED_EDGE('',*,*,#11698,.F.);
#11700=EDGE_LOOP('',(#11693,#11695,#11697,#11699));
#11701=FACE_OUTER_BOUND('',#11700,.F.);
#11702=ADVANCED_FACE('',(#11701),#11692,.T.);
#11703=CARTESIAN_POINT('',(1.42875E1,7.62E-1,0.E0));
#11704=DIRECTION('',(1.E0,0.E0,0.E0));
#11705=DIRECTION('',(0.E0,0.E0,-1.E0));
#11706=AXIS2_PLACEMENT_3D('',#11703,#11704,#11705);
#11707=PLANE('',#11706);
#11708=ORIENTED_EDGE('',*,*,#6942,.F.);
#11710=ORIENTED_EDGE('',*,*,#11709,.F.);
#11712=ORIENTED_EDGE('',*,*,#11711,.F.);
#11714=ORIENTED_EDGE('',*,*,#11713,.F.);
#11716=ORIENTED_EDGE('',*,*,#11715,.F.);
#11718=ORIENTED_EDGE('',*,*,#11717,.F.);
#11720=ORIENTED_EDGE('',*,*,#11719,.F.);
#11722=ORIENTED_EDGE('',*,*,#11721,.F.);
#11723=EDGE_LOOP('',(#11708,#11710,#11712,#11714,#11716,#11718,#11720,#11722));
#11724=FACE_OUTER_BOUND('',#11723,.F.);
#11725=ADVANCED_FACE('',(#11724),#11707,.T.);
#11726=CARTESIAN_POINT('',(1.42875E1,7.62E-1,0.E0));
#11727=DIRECTION('',(1.E0,0.E0,0.E0));
#11728=DIRECTION('',(0.E0,0.E0,-1.E0));
#11729=AXIS2_PLACEMENT_3D('',#11726,#11727,#11728);
#11730=PLANE('',#11729);
#11731=ORIENTED_EDGE('',*,*,#6952,.F.);
#11733=ORIENTED_EDGE('',*,*,#11732,.F.);
#11735=ORIENTED_EDGE('',*,*,#11734,.F.);
#11737=ORIENTED_EDGE('',*,*,#11736,.F.);
#11739=ORIENTED_EDGE('',*,*,#11738,.F.);
#11741=ORIENTED_EDGE('',*,*,#11740,.F.);
#11743=ORIENTED_EDGE('',*,*,#11742,.F.);
#11745=ORIENTED_EDGE('',*,*,#11744,.F.);
#11746=EDGE_LOOP('',(#11731,#11733,#11735,#11737,#11739,#11741,#11743,#11745));
#11747=FACE_OUTER_BOUND('',#11746,.F.);
#11748=ADVANCED_FACE('',(#11747),#11730,.T.);
#11749=CARTESIAN_POINT('',(1.36525E1,-8.509E0,-1.31953E1));
#11750=DIRECTION('',(0.E0,0.E0,-1.E0));
#11751=DIRECTION('',(0.E0,1.E0,0.E0));
#11752=AXIS2_PLACEMENT_3D('',#11749,#11750,#11751);
#11753=PLANE('',#11752);
#11754=ORIENTED_EDGE('',*,*,#6208,.F.);
#11755=ORIENTED_EDGE('',*,*,#11594,.F.);
#11757=ORIENTED_EDGE('',*,*,#11756,.T.);
#11758=ORIENTED_EDGE('',*,*,#11680,.T.);
#11759=EDGE_LOOP('',(#11754,#11755,#11757,#11758));
#11760=FACE_OUTER_BOUND('',#11759,.F.);
#11761=ADVANCED_FACE('',(#11760),#11753,.T.);
#11762=CARTESIAN_POINT('',(1.36525E1,-8.509E0,-1.25603E1));
#11763=DIRECTION('',(0.E0,-1.E0,0.E0));
#11764=DIRECTION('',(0.E0,0.E0,-1.E0));
#11765=AXIS2_PLACEMENT_3D('',#11762,#11763,#11764);
#11766=PLANE('',#11765);
#11767=ORIENTED_EDGE('',*,*,#11592,.F.);
#11768=ORIENTED_EDGE('',*,*,#11668,.T.);
#11769=ORIENTED_EDGE('',*,*,#11682,.T.);
#11770=ORIENTED_EDGE('',*,*,#11756,.F.);
#11771=EDGE_LOOP('',(#11767,#11768,#11769,#11770));
#11772=FACE_OUTER_BOUND('',#11771,.F.);
#11773=ADVANCED_FACE('',(#11772),#11766,.T.);
#11774=CARTESIAN_POINT('',(1.36525E1,-8.509E0,-1.57353E1));
#11775=DIRECTION('',(0.E0,0.E0,-1.E0));
#11776=DIRECTION('',(0.E0,1.E0,0.E0));
#11777=AXIS2_PLACEMENT_3D('',#11774,#11775,#11776);
#11778=PLANE('',#11777);
#11779=ORIENTED_EDGE('',*,*,#6218,.F.);
#11780=ORIENTED_EDGE('',*,*,#11609,.F.);
#11782=ORIENTED_EDGE('',*,*,#11781,.T.);
#11783=ORIENTED_EDGE('',*,*,#11694,.T.);
#11784=EDGE_LOOP('',(#11779,#11780,#11782,#11783));
#11785=FACE_OUTER_BOUND('',#11784,.F.);
#11786=ADVANCED_FACE('',(#11785),#11778,.T.);
#11787=CARTESIAN_POINT('',(1.36525E1,-8.509E0,-1.51003E1));
#11788=DIRECTION('',(0.E0,-1.E0,0.E0));
#11789=DIRECTION('',(0.E0,0.E0,-1.E0));
#11790=AXIS2_PLACEMENT_3D('',#11787,#11788,#11789);
#11791=PLANE('',#11790);
#11792=ORIENTED_EDGE('',*,*,#11607,.F.);
#11794=ORIENTED_EDGE('',*,*,#11793,.T.);
#11795=ORIENTED_EDGE('',*,*,#11696,.T.);
#11796=ORIENTED_EDGE('',*,*,#11781,.F.);
#11797=EDGE_LOOP('',(#11792,#11794,#11795,#11796));
#11798=FACE_OUTER_BOUND('',#11797,.F.);
#11799=ADVANCED_FACE('',(#11798),#11791,.T.);
#11800=CARTESIAN_POINT('',(1.36525E1,-5.08E0,-1.51003E1));
#11801=DIRECTION('',(0.E0,0.E0,1.E0));
#11802=DIRECTION('',(0.E0,-1.E0,0.E0));
#11803=AXIS2_PLACEMENT_3D('',#11800,#11801,#11802);
#11804=PLANE('',#11803);
#11805=ORIENTED_EDGE('',*,*,#6222,.T.);
#11806=ORIENTED_EDGE('',*,*,#11698,.T.);
#11807=ORIENTED_EDGE('',*,*,#11793,.F.);
#11808=ORIENTED_EDGE('',*,*,#11605,.F.);
#11809=EDGE_LOOP('',(#11805,#11806,#11807,#11808));
#11810=FACE_OUTER_BOUND('',#11809,.F.);
#11811=ADVANCED_FACE('',(#11810),#11804,.T.);
#11812=CARTESIAN_POINT('',(1.36525E1,-2.413E0,-7.874E0));
#11813=DIRECTION('',(0.E0,-1.E0,0.E0));
#11814=DIRECTION('',(0.E0,0.E0,-1.E0));
#11815=AXIS2_PLACEMENT_3D('',#11812,#11813,#11814);
#11816=PLANE('',#11815);
#11817=ORIENTED_EDGE('',*,*,#6940,.F.);
#11818=ORIENTED_EDGE('',*,*,#11632,.F.);
#11820=ORIENTED_EDGE('',*,*,#11819,.T.);
#11821=ORIENTED_EDGE('',*,*,#11709,.T.);
#11822=EDGE_LOOP('',(#11817,#11818,#11820,#11821));
#11823=FACE_OUTER_BOUND('',#11822,.F.);
#11824=ADVANCED_FACE('',(#11823),#11816,.T.);
#11825=CARTESIAN_POINT('',(1.36525E1,-2.0955E0,-7.874E0));
#11826=DIRECTION('',(0.E0,0.E0,1.E0));
#11827=DIRECTION('',(0.E0,-1.E0,0.E0));
#11828=AXIS2_PLACEMENT_3D('',#11825,#11826,#11827);
#11829=PLANE('',#11828);
#11830=ORIENTED_EDGE('',*,*,#11630,.F.);
#11832=ORIENTED_EDGE('',*,*,#11831,.T.);
#11833=ORIENTED_EDGE('',*,*,#11711,.T.);
#11834=ORIENTED_EDGE('',*,*,#11819,.F.);
#11835=EDGE_LOOP('',(#11830,#11832,#11833,#11834));
#11836=FACE_OUTER_BOUND('',#11835,.F.);
#11837=ADVANCED_FACE('',(#11836),#11829,.T.);
#11838=CARTESIAN_POINT('',(1.36525E1,-2.0955E0,-8.128E-1));
#11839=DIRECTION('',(0.E0,-1.E0,0.E0));
#11840=DIRECTION('',(0.E0,0.E0,-1.E0));
#11841=AXIS2_PLACEMENT_3D('',#11838,#11839,#11840);
#11842=PLANE('',#11841);
#11843=ORIENTED_EDGE('',*,*,#11628,.F.);
#11845=ORIENTED_EDGE('',*,*,#11844,.T.);
#11846=ORIENTED_EDGE('',*,*,#11713,.T.);
#11847=ORIENTED_EDGE('',*,*,#11831,.F.);
#11848=EDGE_LOOP('',(#11843,#11845,#11846,#11847));
#11849=FACE_OUTER_BOUND('',#11848,.F.);
#11850=ADVANCED_FACE('',(#11849),#11842,.T.);
#11851=CARTESIAN_POINT('',(1.36525E1,-1.4605E0,-8.128E-1));
#11852=DIRECTION('',(0.E0,0.E0,1.E0));
#11853=DIRECTION('',(0.E0,-1.E0,0.E0));
#11854=AXIS2_PLACEMENT_3D('',#11851,#11852,#11853);
#11855=PLANE('',#11854);
#11856=ORIENTED_EDGE('',*,*,#11626,.F.);
#11858=ORIENTED_EDGE('',*,*,#11857,.T.);
#11859=ORIENTED_EDGE('',*,*,#11715,.T.);
#11860=ORIENTED_EDGE('',*,*,#11844,.F.);
#11861=EDGE_LOOP('',(#11856,#11858,#11859,#11860));
#11862=FACE_OUTER_BOUND('',#11861,.F.);
#11863=ADVANCED_FACE('',(#11862),#11855,.T.);
#11864=CARTESIAN_POINT('',(1.36525E1,-1.4605E0,-7.874E0));
#11865=DIRECTION('',(0.E0,1.E0,0.E0));
#11866=DIRECTION('',(0.E0,0.E0,1.E0));
#11867=AXIS2_PLACEMENT_3D('',#11864,#11865,#11866);
#11868=PLANE('',#11867);
#11869=ORIENTED_EDGE('',*,*,#11624,.F.);
#11871=ORIENTED_EDGE('',*,*,#11870,.T.);
#11872=ORIENTED_EDGE('',*,*,#11717,.T.);
#11873=ORIENTED_EDGE('',*,*,#11857,.F.);
#11874=EDGE_LOOP('',(#11869,#11871,#11872,#11873));
#11875=FACE_OUTER_BOUND('',#11874,.F.);
#11876=ADVANCED_FACE('',(#11875),#11868,.T.);
#11877=CARTESIAN_POINT('',(1.36525E1,-1.143E0,-7.874E0));
#11878=DIRECTION('',(0.E0,0.E0,1.E0));
#11879=DIRECTION('',(0.E0,-1.E0,0.E0));
#11880=AXIS2_PLACEMENT_3D('',#11877,#11878,#11879);
#11881=PLANE('',#11880);
#11882=ORIENTED_EDGE('',*,*,#11622,.F.);
#11884=ORIENTED_EDGE('',*,*,#11883,.T.);
#11885=ORIENTED_EDGE('',*,*,#11719,.T.);
#11886=ORIENTED_EDGE('',*,*,#11870,.F.);
#11887=EDGE_LOOP('',(#11882,#11884,#11885,#11886));
#11888=FACE_OUTER_BOUND('',#11887,.F.);
#11889=ADVANCED_FACE('',(#11888),#11881,.T.);
#11890=CARTESIAN_POINT('',(1.36525E1,-1.143E0,-8.89E0));
#11891=DIRECTION('',(0.E0,1.E0,0.E0));
#11892=DIRECTION('',(0.E0,0.E0,1.E0));
#11893=AXIS2_PLACEMENT_3D('',#11890,#11891,#11892);
#11894=PLANE('',#11893);
#11895=ORIENTED_EDGE('',*,*,#6944,.T.);
#11896=ORIENTED_EDGE('',*,*,#11721,.T.);
#11897=ORIENTED_EDGE('',*,*,#11883,.F.);
#11898=ORIENTED_EDGE('',*,*,#11620,.F.);
#11899=EDGE_LOOP('',(#11895,#11896,#11897,#11898));
#11900=FACE_OUTER_BOUND('',#11899,.F.);
#11901=ADVANCED_FACE('',(#11900),#11894,.T.);
#11902=CARTESIAN_POINT('',(1.36525E1,1.27E-1,-7.874E0));
#11903=DIRECTION('',(0.E0,-1.E0,0.E0));
#11904=DIRECTION('',(0.E0,0.E0,-1.E0));
#11905=AXIS2_PLACEMENT_3D('',#11902,#11903,#11904);
#11906=PLANE('',#11905);
#11907=ORIENTED_EDGE('',*,*,#6950,.F.);
#11908=ORIENTED_EDGE('',*,*,#11655,.F.);
#11910=ORIENTED_EDGE('',*,*,#11909,.T.);
#11911=ORIENTED_EDGE('',*,*,#11732,.T.);
#11912=EDGE_LOOP('',(#11907,#11908,#11910,#11911));
#11913=FACE_OUTER_BOUND('',#11912,.F.);
#11914=ADVANCED_FACE('',(#11913),#11906,.T.);
#11915=CARTESIAN_POINT('',(1.36525E1,4.445E-1,-7.874E0));
#11916=DIRECTION('',(0.E0,0.E0,1.E0));
#11917=DIRECTION('',(0.E0,-1.E0,0.E0));
#11918=AXIS2_PLACEMENT_3D('',#11915,#11916,#11917);
#11919=PLANE('',#11918);
#11920=ORIENTED_EDGE('',*,*,#11653,.F.);
#11922=ORIENTED_EDGE('',*,*,#11921,.T.);
#11923=ORIENTED_EDGE('',*,*,#11734,.T.);
#11924=ORIENTED_EDGE('',*,*,#11909,.F.);
#11925=EDGE_LOOP('',(#11920,#11922,#11923,#11924));
#11926=FACE_OUTER_BOUND('',#11925,.F.);
#11927=ADVANCED_FACE('',(#11926),#11919,.T.);
#11928=CARTESIAN_POINT('',(1.36525E1,4.445E-1,-8.128E-1));
#11929=DIRECTION('',(0.E0,-1.E0,0.E0));
#11930=DIRECTION('',(0.E0,0.E0,-1.E0));
#11931=AXIS2_PLACEMENT_3D('',#11928,#11929,#11930);
#11932=PLANE('',#11931);
#11933=ORIENTED_EDGE('',*,*,#11651,.F.);
#11935=ORIENTED_EDGE('',*,*,#11934,.T.);
#11936=ORIENTED_EDGE('',*,*,#11736,.T.);
#11937=ORIENTED_EDGE('',*,*,#11921,.F.);
#11938=EDGE_LOOP('',(#11933,#11935,#11936,#11937));
#11939=FACE_OUTER_BOUND('',#11938,.F.);
#11940=ADVANCED_FACE('',(#11939),#11932,.T.);
#11941=CARTESIAN_POINT('',(1.36525E1,1.0795E0,-8.128E-1));
#11942=DIRECTION('',(0.E0,0.E0,1.E0));
#11943=DIRECTION('',(0.E0,-1.E0,0.E0));
#11944=AXIS2_PLACEMENT_3D('',#11941,#11942,#11943);
#11945=PLANE('',#11944);
#11946=ORIENTED_EDGE('',*,*,#11649,.F.);
#11948=ORIENTED_EDGE('',*,*,#11947,.T.);
#11949=ORIENTED_EDGE('',*,*,#11738,.T.);
#11950=ORIENTED_EDGE('',*,*,#11934,.F.);
#11951=EDGE_LOOP('',(#11946,#11948,#11949,#11950));
#11952=FACE_OUTER_BOUND('',#11951,.F.);
#11953=ADVANCED_FACE('',(#11952),#11945,.T.);
#11954=CARTESIAN_POINT('',(1.36525E1,1.0795E0,-7.874E0));
#11955=DIRECTION('',(0.E0,1.E0,0.E0));
#11956=DIRECTION('',(0.E0,0.E0,1.E0));
#11957=AXIS2_PLACEMENT_3D('',#11954,#11955,#11956);
#11958=PLANE('',#11957);
#11959=ORIENTED_EDGE('',*,*,#11647,.F.);
#11961=ORIENTED_EDGE('',*,*,#11960,.T.);
#11962=ORIENTED_EDGE('',*,*,#11740,.T.);
#11963=ORIENTED_EDGE('',*,*,#11947,.F.);
#11964=EDGE_LOOP('',(#11959,#11961,#11962,#11963));
#11965=FACE_OUTER_BOUND('',#11964,.F.);
#11966=ADVANCED_FACE('',(#11965),#11958,.T.);
#11967=CARTESIAN_POINT('',(1.36525E1,1.397E0,-7.874E0));
#11968=DIRECTION('',(0.E0,0.E0,1.E0));
#11969=DIRECTION('',(0.E0,-1.E0,0.E0));
#11970=AXIS2_PLACEMENT_3D('',#11967,#11968,#11969);
#11971=PLANE('',#11970);
#11972=ORIENTED_EDGE('',*,*,#11645,.F.);
#11974=ORIENTED_EDGE('',*,*,#11973,.T.);
#11975=ORIENTED_EDGE('',*,*,#11742,.T.);
#11976=ORIENTED_EDGE('',*,*,#11960,.F.);
#11977=EDGE_LOOP('',(#11972,#11974,#11975,#11976));
#11978=FACE_OUTER_BOUND('',#11977,.F.);
#11979=ADVANCED_FACE('',(#11978),#11971,.T.);
#11980=CARTESIAN_POINT('',(1.36525E1,1.397E0,-8.89E0));
#11981=DIRECTION('',(0.E0,1.E0,0.E0));
#11982=DIRECTION('',(0.E0,0.E0,1.E0));
#11983=AXIS2_PLACEMENT_3D('',#11980,#11981,#11982);
#11984=PLANE('',#11983);
#11985=ORIENTED_EDGE('',*,*,#6954,.T.);
#11986=ORIENTED_EDGE('',*,*,#11744,.T.);
#11987=ORIENTED_EDGE('',*,*,#11973,.F.);
#11988=ORIENTED_EDGE('',*,*,#11643,.F.);
#11989=EDGE_LOOP('',(#11985,#11986,#11987,#11988));
#11990=FACE_OUTER_BOUND('',#11989,.F.);
#11991=ADVANCED_FACE('',(#11990),#11984,.T.);
#11992=CARTESIAN_POINT('',(-1.3589E1,-5.08E0,-2.2352E0));
#11993=DIRECTION('',(0.E0,-1.E0,0.E0));
#11994=DIRECTION('',(1.E0,0.E0,0.E0));
#11995=AXIS2_PLACEMENT_3D('',#11992,#11993,#11994);
#11996=CYLINDRICAL_SURFACE('',#11995,3.81E-1);
#11997=ORIENTED_EDGE('',*,*,#5968,.F.);
#11999=ORIENTED_EDGE('',*,*,#11998,.T.);
#12000=ORIENTED_EDGE('',*,*,#6420,.T.);
#12002=ORIENTED_EDGE('',*,*,#12001,.F.);
#12003=EDGE_LOOP('',(#11997,#11999,#12000,#12002));
#12004=FACE_OUTER_BOUND('',#12003,.F.);
#12005=ADVANCED_FACE('',(#12004),#11996,.F.);
#12006=CARTESIAN_POINT('',(-8.255E0,-5.08E0,-1.8542E0));
#12007=DIRECTION('',(0.E0,0.E0,1.E0));
#12008=DIRECTION('',(-1.E0,0.E0,0.E0));
#12009=AXIS2_PLACEMENT_3D('',#12006,#12007,#12008);
#12010=PLANE('',#12009);
#12011=ORIENTED_EDGE('',*,*,#5966,.F.);
#12013=ORIENTED_EDGE('',*,*,#12012,.T.);
#12014=ORIENTED_EDGE('',*,*,#6422,.T.);
#12015=ORIENTED_EDGE('',*,*,#11998,.F.);
#12016=EDGE_LOOP('',(#12011,#12013,#12014,#12015));
#12017=FACE_OUTER_BOUND('',#12016,.F.);
#12018=ADVANCED_FACE('',(#12017),#12010,.F.);
#12019=CARTESIAN_POINT('',(-8.255E0,-5.08E0,-2.2352E0));
#12020=DIRECTION('',(0.E0,-1.E0,0.E0));
#12021=DIRECTION('',(1.E0,0.E0,0.E0));
#12022=AXIS2_PLACEMENT_3D('',#12019,#12020,#12021);
#12023=CYLINDRICAL_SURFACE('',#12022,3.81E-1);
#12024=ORIENTED_EDGE('',*,*,#5964,.F.);
#12026=ORIENTED_EDGE('',*,*,#12025,.T.);
#12027=ORIENTED_EDGE('',*,*,#6424,.T.);
#12028=ORIENTED_EDGE('',*,*,#12012,.F.);
#12029=EDGE_LOOP('',(#12024,#12026,#12027,#12028));
#12030=FACE_OUTER_BOUND('',#12029,.F.);
#12031=ADVANCED_FACE('',(#12030),#12023,.F.);
#12032=CARTESIAN_POINT('',(-7.874E0,-5.08E0,-3.5052E0));
#12033=DIRECTION('',(1.E0,0.E0,0.E0));
#12034=DIRECTION('',(0.E0,0.E0,1.E0));
#12035=AXIS2_PLACEMENT_3D('',#12032,#12033,#12034);
#12036=PLANE('',#12035);
#12037=ORIENTED_EDGE('',*,*,#5962,.F.);
#12039=ORIENTED_EDGE('',*,*,#12038,.T.);
#12040=ORIENTED_EDGE('',*,*,#6426,.T.);
#12041=ORIENTED_EDGE('',*,*,#12025,.F.);
#12042=EDGE_LOOP('',(#12037,#12039,#12040,#12041));
#12043=FACE_OUTER_BOUND('',#12042,.F.);
#12044=ADVANCED_FACE('',(#12043),#12036,.F.);
#12045=CARTESIAN_POINT('',(-8.255E0,-5.08E0,-3.5052E0));
#12046=DIRECTION('',(0.E0,-1.E0,0.E0));
#12047=DIRECTION('',(1.E0,0.E0,0.E0));
#12048=AXIS2_PLACEMENT_3D('',#12045,#12046,#12047);
#12049=CYLINDRICAL_SURFACE('',#12048,3.81E-1);
#12050=ORIENTED_EDGE('',*,*,#5960,.F.);
#12052=ORIENTED_EDGE('',*,*,#12051,.T.);
#12053=ORIENTED_EDGE('',*,*,#6428,.T.);
#12054=ORIENTED_EDGE('',*,*,#12038,.F.);
#12055=EDGE_LOOP('',(#12050,#12052,#12053,#12054));
#12056=FACE_OUTER_BOUND('',#12055,.F.);
#12057=ADVANCED_FACE('',(#12056),#12049,.F.);
#12058=CARTESIAN_POINT('',(-1.3589E1,-5.08E0,-3.8862E0));
#12059=DIRECTION('',(0.E0,0.E0,-1.E0));
#12060=DIRECTION('',(1.E0,0.E0,0.E0));
#12061=AXIS2_PLACEMENT_3D('',#12058,#12059,#12060);
#12062=PLANE('',#12061);
#12063=ORIENTED_EDGE('',*,*,#5958,.F.);
#12065=ORIENTED_EDGE('',*,*,#12064,.T.);
#12066=ORIENTED_EDGE('',*,*,#6430,.T.);
#12067=ORIENTED_EDGE('',*,*,#12051,.F.);
#12068=EDGE_LOOP('',(#12063,#12065,#12066,#12067));
#12069=FACE_OUTER_BOUND('',#12068,.F.);
#12070=ADVANCED_FACE('',(#12069),#12062,.F.);
#12071=CARTESIAN_POINT('',(-1.3589E1,-5.08E0,-3.5052E0));
#12072=DIRECTION('',(0.E0,-1.E0,0.E0));
#12073=DIRECTION('',(1.E0,0.E0,0.E0));
#12074=AXIS2_PLACEMENT_3D('',#12071,#12072,#12073);
#12075=CYLINDRICAL_SURFACE('',#12074,3.81E-1);
#12076=ORIENTED_EDGE('',*,*,#5956,.F.);
#12078=ORIENTED_EDGE('',*,*,#12077,.T.);
#12079=ORIENTED_EDGE('',*,*,#6432,.T.);
#12080=ORIENTED_EDGE('',*,*,#12064,.F.);
#12081=EDGE_LOOP('',(#12076,#12078,#12079,#12080));
#12082=FACE_OUTER_BOUND('',#12081,.F.);
#12083=ADVANCED_FACE('',(#12082),#12075,.F.);
#12084=CARTESIAN_POINT('',(-1.397E1,-5.08E0,-2.2352E0));
#12085=DIRECTION('',(-1.E0,0.E0,0.E0));
#12086=DIRECTION('',(0.E0,0.E0,-1.E0));
#12087=AXIS2_PLACEMENT_3D('',#12084,#12085,#12086);
#12088=PLANE('',#12087);
#12090=ORIENTED_EDGE('',*,*,#12089,.F.);
#12091=ORIENTED_EDGE('',*,*,#12001,.T.);
#12092=ORIENTED_EDGE('',*,*,#6434,.T.);
#12093=ORIENTED_EDGE('',*,*,#12077,.F.);
#12094=EDGE_LOOP('',(#12090,#12091,#12092,#12093));
#12095=FACE_OUTER_BOUND('',#12094,.F.);
#12096=ADVANCED_FACE('',(#12095),#12088,.F.);
#12097=CARTESIAN_POINT('',(-1.4351E1,-5.3975E0,0.E0));
#12098=DIRECTION('',(6.401843996645E-1,-7.682212795974E-1,0.E0));
#12099=DIRECTION('',(7.682212795974E-1,6.401843996645E-1,0.E0));
#12100=AXIS2_PLACEMENT_3D('',#12097,#12098,#12099);
#12101=PLANE('',#12100);
#12102=ORIENTED_EDGE('',*,*,#5970,.T.);
#12103=ORIENTED_EDGE('',*,*,#12089,.T.);
#12104=ORIENTED_EDGE('',*,*,#5954,.T.);
#12106=ORIENTED_EDGE('',*,*,#12105,.F.);
#12108=ORIENTED_EDGE('',*,*,#12107,.F.);
#12109=ORIENTED_EDGE('',*,*,#5763,.T.);
#12110=EDGE_LOOP('',(#12102,#12103,#12104,#12106,#12108,#12109));
#12111=FACE_OUTER_BOUND('',#12110,.F.);
#12112=ADVANCED_FACE('',(#12111),#12101,.T.);
#12113=CARTESIAN_POINT('',(0.E0,0.E0,-8.89E0));
#12114=DIRECTION('',(0.E0,0.E0,1.E0));
#12115=DIRECTION('',(1.E0,0.E0,0.E0));
#12116=AXIS2_PLACEMENT_3D('',#12113,#12114,#12115);
#12117=PLANE('',#12116);
#12118=ORIENTED_EDGE('',*,*,#5952,.F.);
#12120=ORIENTED_EDGE('',*,*,#12119,.T.);
#12121=ORIENTED_EDGE('',*,*,#12105,.T.);
#12122=EDGE_LOOP('',(#12118,#12120,#12121));
#12123=FACE_OUTER_BOUND('',#12122,.F.);
#12124=ADVANCED_FACE('',(#12123),#12117,.F.);
#12125=CARTESIAN_POINT('',(0.E0,0.E0,-8.89E0));
#12126=DIRECTION('',(0.E0,0.E0,1.E0));
#12127=DIRECTION('',(1.E0,0.E0,0.E0));
#12128=AXIS2_PLACEMENT_3D('',#12125,#12126,#12127);
#12129=PLANE('',#12128);
#12130=ORIENTED_EDGE('',*,*,#5975,.F.);
#12132=ORIENTED_EDGE('',*,*,#12131,.T.);
#12134=ORIENTED_EDGE('',*,*,#12133,.T.);
#12135=EDGE_LOOP('',(#12130,#12132,#12134));
#12136=FACE_OUTER_BOUND('',#12135,.F.);
#12137=ADVANCED_FACE('',(#12136),#12129,.F.);
#12138=CARTESIAN_POINT('',(0.E0,0.E0,-8.89E0));
#12139=DIRECTION('',(0.E0,0.E0,1.E0));
#12140=DIRECTION('',(1.E0,0.E0,0.E0));
#12141=AXIS2_PLACEMENT_3D('',#12138,#12139,#12140);
#12142=PLANE('',#12141);
#12143=ORIENTED_EDGE('',*,*,#5923,.F.);
#12144=ORIENTED_EDGE('',*,*,#6283,.T.);
#12145=ORIENTED_EDGE('',*,*,#6308,.T.);
#12146=EDGE_LOOP('',(#12143,#12144,#12145));
#12147=FACE_OUTER_BOUND('',#12146,.F.);
#12148=ADVANCED_FACE('',(#12147),#12142,.F.);
#12149=CARTESIAN_POINT('',(-1.4732E1,-5.08E0,0.E0));
#12150=DIRECTION('',(-6.401843996645E-1,-7.682212795974E-1,0.E0));
#12151=DIRECTION('',(7.682212795974E-1,-6.401843996645E-1,0.E0));
#12152=AXIS2_PLACEMENT_3D('',#12149,#12150,#12151);
#12153=PLANE('',#12152);
#12154=ORIENTED_EDGE('',*,*,#5950,.F.);
#12155=ORIENTED_EDGE('',*,*,#5765,.T.);
#12156=ORIENTED_EDGE('',*,*,#12107,.T.);
#12157=ORIENTED_EDGE('',*,*,#12119,.F.);
#12158=EDGE_LOOP('',(#12154,#12155,#12156,#12157));
#12159=FACE_OUTER_BOUND('',#12158,.F.);
#12160=ADVANCED_FACE('',(#12159),#12153,.T.);
#12161=CARTESIAN_POINT('',(-3.81E-1,-5.08E0,0.E0));
#12162=DIRECTION('',(-6.401843996645E-1,-7.682212795974E-1,0.E0));
#12163=DIRECTION('',(7.682212795974E-1,-6.401843996645E-1,0.E0));
#12164=AXIS2_PLACEMENT_3D('',#12161,#12162,#12163);
#12165=PLANE('',#12164);
#12166=ORIENTED_EDGE('',*,*,#5973,.F.);
#12167=ORIENTED_EDGE('',*,*,#5759,.T.);
#12169=ORIENTED_EDGE('',*,*,#12168,.T.);
#12170=ORIENTED_EDGE('',*,*,#12131,.F.);
#12171=EDGE_LOOP('',(#12166,#12167,#12169,#12170));
#12172=FACE_OUTER_BOUND('',#12171,.F.);
#12173=ADVANCED_FACE('',(#12172),#12165,.T.);
#12174=CARTESIAN_POINT('',(0.E0,-5.3975E0,0.E0));
#12175=DIRECTION('',(6.401843996645E-1,-7.682212795974E-1,0.E0));
#12176=DIRECTION('',(7.682212795974E-1,6.401843996645E-1,0.E0));
#12177=AXIS2_PLACEMENT_3D('',#12174,#12175,#12176);
#12178=PLANE('',#12177);
#12179=ORIENTED_EDGE('',*,*,#5977,.T.);
#12180=ORIENTED_EDGE('',*,*,#12133,.F.);
#12181=ORIENTED_EDGE('',*,*,#12168,.F.);
#12182=ORIENTED_EDGE('',*,*,#5757,.T.);
#12183=EDGE_LOOP('',(#12179,#12180,#12181,#12182));
#12184=FACE_OUTER_BOUND('',#12183,.F.);
#12185=ADVANCED_FACE('',(#12184),#12178,.T.);
#12186=CLOSED_SHELL('',(#5749,#5791,#5808,#5825,#5840,#5854,#5870,#5887,#5907,
#6226,#6241,#6259,#6272,#6287,#6301,#6317,#6332,#6346,#6361,#6377,#6391,#6404,
#6448,#6467,#6479,#6493,#6511,#6532,#6551,#6567,#6584,#6598,#6612,#6625,#6643,
#6660,#6673,#6693,#6958,#6973,#6987,#7001,#7014,#7026,#7043,#7055,#7069,#7082,
#7095,#7118,#7141,#7156,#7171,#7185,#7207,#7230,#7245,#7260,#7273,#7286,#7299,
#7312,#7325,#7337,#7350,#7363,#7376,#7389,#7402,#7415,#7427,#7440,#7453,#7465,
#7478,#7491,#7503,#7526,#7549,#7564,#7579,#7593,#7615,#7638,#7653,#7668,#7681,
#7694,#7707,#7720,#7733,#7745,#7758,#7771,#7784,#7797,#7810,#7823,#7835,#7848,
#7861,#7873,#7886,#7899,#7911,#7934,#7957,#7972,#7987,#8001,#8023,#8046,#8061,
#8076,#8089,#8102,#8115,#8128,#8141,#8153,#8166,#8179,#8192,#8205,#8218,#8231,
#8243,#8256,#8269,#8281,#8294,#8307,#8319,#8342,#8365,#8380,#8395,#8409,#8431,
#8454,#8469,#8484,#8497,#8510,#8523,#8536,#8549,#8561,#8574,#8587,#8600,#8613,
#8626,#8639,#8651,#8664,#8677,#8689,#8702,#8715,#8727,#8750,#8773,#8788,#8803,
#8817,#8839,#8862,#8877,#8892,#8905,#8918,#8931,#8944,#8957,#8969,#8982,#8995,
#9008,#9021,#9034,#9047,#9059,#9072,#9085,#9097,#9110,#9123,#9135,#9158,#9181,
#9196,#9211,#9225,#9247,#9270,#9285,#9300,#9313,#9326,#9339,#9352,#9365,#9377,
#9390,#9403,#9416,#9429,#9442,#9455,#9467,#9480,#9493,#9505,#9518,#9531,#9543,
#9566,#9589,#9604,#9619,#9633,#9655,#9678,#9693,#9708,#9721,#9734,#9747,#9760,
#9773,#9785,#9798,#9811,#9824,#9837,#9850,#9863,#9875,#9888,#9901,#9913,#9926,
#9939,#9951,#9974,#9997,#10012,#10027,#10041,#10063,#10086,#10101,#10116,#10129,
#10142,#10155,#10168,#10181,#10193,#10206,#10219,#10232,#10245,#10258,#10271,
#10283,#10296,#10309,#10321,#10334,#10347,#10359,#10382,#10405,#10420,#10435,
#10449,#10471,#10494,#10509,#10524,#10537,#10550,#10563,#10576,#10589,#10601,
#10614,#10627,#10640,#10653,#10666,#10679,#10691,#10704,#10717,#10729,#10742,
#10755,#10767,#10790,#10813,#10828,#10843,#10857,#10879,#10902,#10917,#10932,
#10945,#10958,#10971,#10984,#10997,#11009,#11022,#11035,#11048,#11061,#11074,
#11087,#11099,#11112,#11125,#11137,#11150,#11163,#11175,#11190,#11205,#11228,
#11251,#11265,#11279,#11294,#11317,#11340,#11353,#11365,#11378,#11391,#11403,
#11416,#11429,#11442,#11455,#11468,#11481,#11493,#11506,#11519,#11532,#11545,
#11558,#11571,#11583,#11598,#11613,#11636,#11659,#11673,#11687,#11702,#11725,
#11748,#11761,#11773,#11786,#11799,#11811,#11824,#11837,#11850,#11863,#11876,
#11889,#11901,#11914,#11927,#11940,#11953,#11966,#11979,#11991,#12005,#12018,
#12031,#12044,#12057,#12070,#12083,#12096,#12112,#12124,#12137,#12148,#12160,
#12173,#12185));
#12187=MANIFOLD_SOLID_BREP('',#12186);
#12188=(LENGTH_UNIT()NAMED_UNIT(*)SI_UNIT(.MILLI.,.METRE.));
#12189=DIMENSIONAL_EXPONENTS(0.E0,0.E0,0.E0,0.E0,0.E0,0.E0,0.E0);
#12190=(NAMED_UNIT(*)PLANE_ANGLE_UNIT()SI_UNIT($,.RADIAN.));
#12191=PLANE_ANGLE_MEASURE_WITH_UNIT(PLANE_ANGLE_MEASURE(1.745329251994E-2),
#12190);
#12192=(CONVERSION_BASED_UNIT('DEGREE',#12191)NAMED_UNIT(#12189)PLANE_ANGLE_UNIT());
#12193=(NAMED_UNIT(*)SI_UNIT($,.STERADIAN.)SOLID_ANGLE_UNIT());
#12194=UNCERTAINTY_MEASURE_WITH_UNIT(LENGTH_MEASURE(3.947797998944E-3),#12188,
'closure',
'Maximum model space distance between geometric entities at asserted connectivities');
#12195=(GEOMETRIC_REPRESENTATION_CONTEXT(3)GLOBAL_UNCERTAINTY_ASSIGNED_CONTEXT((
#12194))GLOBAL_UNIT_ASSIGNED_CONTEXT((#12188,#12192,#12193))REPRESENTATION_CONTEXT('ID1','3'));
#12197=APPLICATION_CONTEXT(
'CONFIGURATION CONTROLLED 3D DESIGNS OF MECHANICAL PARTS AND ASSEMBLIES');
#12198=APPLICATION_PROTOCOL_DEFINITION('international standard',
'ccd_cla_gvp_ast_asd',1995,#12197);
#12199=DESIGN_CONTEXT('',#12197,'design');
#12200=MECHANICAL_CONTEXT('',#12197,'mechanical');
#12201=PRODUCT('C-5-87579-9','C-5-87579-9','NOT SPECIFIED',(#12200));
#12202=PRODUCT_DEFINITION_FORMATION_WITH_SPECIFIED_SOURCE('3','LAST_VERSION',
#12201,.MADE.);
#12209=(LENGTH_UNIT()NAMED_UNIT(*)SI_UNIT(.MILLI.,.METRE.));
#12210=DERIVED_UNIT_ELEMENT(#12209,2.E0);
#12211=DERIVED_UNIT((#12210));
#12212=MEASURE_REPRESENTATION_ITEM('surface area measure',AREA_MEASURE(
3.408491517579E3),#12211);
#12216=(LENGTH_UNIT()NAMED_UNIT(*)SI_UNIT(.MILLI.,.METRE.));
#12217=DERIVED_UNIT_ELEMENT(#12216,3.E0);
#12218=DERIVED_UNIT((#12217));
#12219=MEASURE_REPRESENTATION_ITEM('volume measure',VOLUME_MEASURE(
2.962821464120E3),#12218);
#12223=CARTESIAN_POINT('centre point',(-5.462621192610E-3,-4.421425142980E-1,
-1.023156068409E1));
#12228=PRODUCT_CATEGORY('part','');
#12229=PRODUCT_RELATED_PRODUCT_CATEGORY('detail','',(#12201));
#12230=PRODUCT_CATEGORY_RELATIONSHIP('','',#12228,#12229);
#12231=SECURITY_CLASSIFICATION_LEVEL('unclassified');
#12232=SECURITY_CLASSIFICATION('','',#12231);
#12233=CC_DESIGN_SECURITY_CLASSIFICATION(#12232,(#12202));
#12234=APPROVAL_STATUS('approved');
#12235=APPROVAL(#12234,'');
#12236=CC_DESIGN_APPROVAL(#12235,(#12232,#12202,#12203));
#12237=CALENDAR_DATE(108,7,3);
#12238=COORDINATED_UNIVERSAL_TIME_OFFSET(5,0,.BEHIND.);
#12239=LOCAL_TIME(10,11,4.7E1,#12238);
#12240=DATE_AND_TIME(#12237,#12239);
#12241=APPROVAL_DATE_TIME(#12240,#12235);
#12242=DATE_TIME_ROLE('creation_date');
#12243=CC_DESIGN_DATE_AND_TIME_ASSIGNMENT(#12240,#12242,(#12203));
#12244=DATE_TIME_ROLE('classification_date');
#12245=CC_DESIGN_DATE_AND_TIME_ASSIGNMENT(#12240,#12244,(#12232));
#12246=PERSON('UNSPECIFIED','UNSPECIFIED',$,$,$,$);
#12247=ORGANIZATION('UNSPECIFIED','UNSPECIFIED','UNSPECIFIED');
#12248=PERSON_AND_ORGANIZATION(#12246,#12247);
#12249=APPROVAL_ROLE('approver');
#12250=APPROVAL_PERSON_ORGANIZATION(#12248,#12235,#12249);
#12251=PERSON_AND_ORGANIZATION_ROLE('creator');
#12252=CC_DESIGN_PERSON_AND_ORGANIZATION_ASSIGNMENT(#12248,#12251,(#12202,
#12203));
#12253=PERSON_AND_ORGANIZATION_ROLE('design_supplier');
#12254=CC_DESIGN_PERSON_AND_ORGANIZATION_ASSIGNMENT(#12248,#12253,(#12202));
#12255=PERSON_AND_ORGANIZATION_ROLE('classification_officer');
#12256=CC_DESIGN_PERSON_AND_ORGANIZATION_ASSIGNMENT(#12248,#12255,(#12232));
#12257=PERSON_AND_ORGANIZATION_ROLE('design_owner');
#12258=CC_DESIGN_PERSON_AND_ORGANIZATION_ASSIGNMENT(#12248,#12257,(#12201));
#228=CIRCLE('',#227,3.81E-1);
#237=CIRCLE('',#236,3.81E-1);
#258=CIRCLE('',#257,3.81E-1);
#267=CIRCLE('',#266,3.81E-1);
#292=CIRCLE('',#291,3.81E-1);
#301=CIRCLE('',#300,3.81E-1);
#310=CIRCLE('',#309,3.81E-1);
#319=CIRCLE('',#318,3.81E-1);
#748=B_SPLINE_CURVE_WITH_KNOTS('',3,(#744,#745,#746,#747),.UNSPECIFIED.,.F.,.F.,
(4,4),(0.E0,1.E0),.UNSPECIFIED.);
#769=B_SPLINE_CURVE_WITH_KNOTS('',3,(#765,#766,#767,#768),.UNSPECIFIED.,.F.,.F.,
(4,4),(0.E0,1.E0),.UNSPECIFIED.);
#806=CIRCLE('',#805,3.81E-1);
#815=CIRCLE('',#814,3.81E-1);
#824=CIRCLE('',#823,3.81E-1);
#833=CIRCLE('',#832,3.81E-1);
#842=CIRCLE('',#841,3.81E-1);
#851=CIRCLE('',#850,3.81E-1);
#860=CIRCLE('',#859,3.81E-1);
#869=CIRCLE('',#868,3.81E-1);
#5723=EDGE_CURVE('',#4360,#4361,#75,.T.);
#5725=EDGE_CURVE('',#4317,#4360,#79,.T.);
#5727=EDGE_CURVE('',#4316,#4317,#83,.T.);
#5729=EDGE_CURVE('',#4365,#4316,#87,.T.);
#5731=EDGE_CURVE('',#4364,#4365,#91,.T.);
#5733=EDGE_CURVE('',#4403,#4364,#95,.T.);
#5735=EDGE_CURVE('',#4401,#4403,#99,.T.);
#5737=EDGE_CURVE('',#4401,#4348,#103,.T.);
#5739=EDGE_CURVE('',#4348,#4349,#107,.T.);
#5741=EDGE_CURVE('',#4349,#4392,#111,.T.);
#5743=EDGE_CURVE('',#4397,#4392,#115,.T.);
#5745=EDGE_CURVE('',#4361,#4397,#119,.T.);
#5755=EDGE_CURVE('',#5363,#5365,#123,.T.);
#5757=EDGE_CURVE('',#5352,#5363,#127,.T.);
#5759=EDGE_CURVE('',#5347,#5352,#131,.T.);
#5761=EDGE_CURVE('',#5344,#5347,#135,.T.);
#5763=EDGE_CURVE('',#5334,#5344,#139,.T.);
#5765=EDGE_CURVE('',#5341,#5334,#143,.T.);
#5767=EDGE_CURVE('',#4327,#5341,#147,.T.);
#5769=EDGE_CURVE('',#4352,#4327,#151,.T.);
#5771=EDGE_CURVE('',#4352,#4353,#155,.T.);
#5773=EDGE_CURVE('',#4409,#4353,#159,.T.);
#5775=EDGE_CURVE('',#4413,#4409,#163,.T.);
#5777=EDGE_CURVE('',#4356,#4413,#167,.T.);
#5779=EDGE_CURVE('',#4356,#4357,#171,.T.);
#5781=EDGE_CURVE('',#4329,#4357,#175,.T.);
#5783=EDGE_CURVE('',#5367,#4329,#179,.T.);
#5785=EDGE_CURVE('',#5369,#5367,#183,.T.);
#5787=EDGE_CURVE('',#5365,#5369,#187,.T.);
#5798=EDGE_CURVE('',#4361,#4389,#203,.T.);
#5800=EDGE_CURVE('',#4389,#4387,#885,.T.);
#5802=EDGE_CURVE('',#4387,#4369,#191,.T.);
#5804=EDGE_CURVE('',#4360,#4369,#219,.T.);
#5815=EDGE_CURVE('',#4365,#4373,#917,.T.);
#5817=EDGE_CURVE('',#4373,#4379,#195,.T.);
#5819=EDGE_CURVE('',#4381,#4379,#1529,.T.);
#5821=EDGE_CURVE('',#4381,#4364,#1505,.T.);
#5831=EDGE_CURVE('',#4353,#4384,#199,.T.);
#5833=EDGE_CURVE('',#4408,#4384,#897,.T.);
#5835=EDGE_CURVE('',#4408,#4409,#1509,.T.);
#5848=EDGE_CURVE('',#4395,#4397,#207,.T.);
#5850=EDGE_CURVE('',#4389,#4395,#889,.T.);
#5861=EDGE_CURVE('',#4352,#4367,#211,.T.);
#5863=EDGE_CURVE('',#4385,#4367,#901,.T.);
#5865=EDGE_CURVE('',#4384,#4385,#877,.T.);
#5877=EDGE_CURVE('',#4376,#4356,#1497,.T.);
#5879=EDGE_CURVE('',#4376,#4377,#1513,.T.);
#5881=EDGE_CURVE('',#4371,#4377,#905,.T.);
#5883=EDGE_CURVE('',#4357,#4371,#909,.T.);
#5895=EDGE_CURVE('',#4327,#4321,#275,.T.);
#5897=EDGE_CURVE('',#4320,#4321,#957,.T.);
#5899=EDGE_CURVE('',#4317,#4320,#215,.T.);
#5903=EDGE_CURVE('',#4367,#4369,#223,.T.);
#5913=EDGE_CURVE('',#5294,#5295,#228,.T.);
#5915=EDGE_CURVE('',#5295,#5297,#232,.T.);
#5917=EDGE_CURVE('',#5297,#5299,#237,.T.);
#5919=EDGE_CURVE('',#5299,#5301,#241,.T.);
#5921=EDGE_CURVE('',#5301,#5360,#245,.T.);
#5923=EDGE_CURVE('',#5360,#5361,#249,.T.);
#5925=EDGE_CURVE('',#5304,#5361,#253,.T.);
#5927=EDGE_CURVE('',#5304,#5305,#258,.T.);
#5929=EDGE_CURVE('',#5305,#5307,#262,.T.);
#5931=EDGE_CURVE('',#5307,#5309,#267,.T.);
#5933=EDGE_CURVE('',#5367,#5309,#271,.T.);
#5936=EDGE_CURVE('',#4329,#4324,#921,.T.);
#5938=EDGE_CURVE('',#4449,#4324,#969,.T.);
#5940=EDGE_CURVE('',#4441,#4449,#1013,.T.);
#5942=EDGE_CURVE('',#4441,#4437,#1001,.T.);
#5944=EDGE_CURVE('',#4437,#4445,#989,.T.);
#5946=EDGE_CURVE('',#4321,#4445,#961,.T.);
#5950=EDGE_CURVE('',#5341,#5338,#279,.T.);
#5952=EDGE_CURVE('',#5338,#5339,#283,.T.);
#5954=EDGE_CURVE('',#5349,#5339,#287,.T.);
#5956=EDGE_CURVE('',#5349,#5266,#292,.T.);
#5958=EDGE_CURVE('',#5266,#5267,#296,.T.);
#5960=EDGE_CURVE('',#5267,#5269,#301,.T.);
#5962=EDGE_CURVE('',#5269,#5271,#305,.T.);
#5964=EDGE_CURVE('',#5271,#5273,#310,.T.);
#5966=EDGE_CURVE('',#5273,#5275,#314,.T.);
#5968=EDGE_CURVE('',#5275,#5345,#319,.T.);
#5970=EDGE_CURVE('',#5344,#5345,#323,.T.);
#5973=EDGE_CURVE('',#5347,#5356,#327,.T.);
#5975=EDGE_CURVE('',#5356,#5357,#331,.T.);
#5977=EDGE_CURVE('',#5363,#5357,#335,.T.);
#5980=EDGE_CURVE('',#5365,#5311,#339,.T.);
#5982=EDGE_CURVE('',#5311,#5294,#343,.T.);
#5986=EDGE_CURVE('',#4518,#4519,#347,.T.);
#5988=EDGE_CURVE('',#4518,#4522,#351,.T.);
#5990=EDGE_CURVE('',#4522,#4523,#355,.T.);
#5992=EDGE_CURVE('',#4519,#4523,#359,.T.);
#5996=EDGE_CURVE('',#4541,#4543,#363,.T.);
#5998=EDGE_CURVE('',#4543,#5375,#367,.T.);
#6000=EDGE_CURVE('',#5374,#5375,#371,.T.);
#6002=EDGE_CURVE('',#4541,#5374,#375,.T.);
#6006=EDGE_CURVE('',#5378,#5379,#379,.T.);
#6008=EDGE_CURVE('',#5379,#5387,#383,.T.);
#6010=EDGE_CURVE('',#5386,#5387,#387,.T.);
#6012=EDGE_CURVE('',#5378,#5386,#391,.T.);
#6016=EDGE_CURVE('',#5382,#5383,#395,.T.);
#6018=EDGE_CURVE('',#5383,#5391,#399,.T.);
#6020=EDGE_CURVE('',#5390,#5391,#403,.T.);
#6022=EDGE_CURVE('',#5382,#5390,#407,.T.);
#6026=EDGE_CURVE('',#5394,#5395,#411,.T.);
#6028=EDGE_CURVE('',#5395,#5403,#415,.T.);
#6030=EDGE_CURVE('',#5402,#5403,#419,.T.);
#6032=EDGE_CURVE('',#5394,#5402,#423,.T.);
#6036=EDGE_CURVE('',#5398,#5399,#427,.T.);
#6038=EDGE_CURVE('',#5399,#5407,#431,.T.);
#6040=EDGE_CURVE('',#5406,#5407,#435,.T.);
#6042=EDGE_CURVE('',#5398,#5406,#439,.T.);
#6046=EDGE_CURVE('',#5410,#5411,#443,.T.);
#6048=EDGE_CURVE('',#5411,#5419,#447,.T.);
#6050=EDGE_CURVE('',#5418,#5419,#451,.T.);
#6052=EDGE_CURVE('',#5410,#5418,#455,.T.);
#6056=EDGE_CURVE('',#5414,#5415,#459,.T.);
#6058=EDGE_CURVE('',#5415,#5423,#463,.T.);
#6060=EDGE_CURVE('',#5422,#5423,#467,.T.);
#6062=EDGE_CURVE('',#5414,#5422,#471,.T.);
#6066=EDGE_CURVE('',#5426,#5427,#475,.T.);
#6068=EDGE_CURVE('',#5427,#5435,#479,.T.);
#6070=EDGE_CURVE('',#5434,#5435,#483,.T.);
#6072=EDGE_CURVE('',#5426,#5434,#487,.T.);
#6076=EDGE_CURVE('',#5430,#5431,#491,.T.);
#6078=EDGE_CURVE('',#5431,#5439,#495,.T.);
#6080=EDGE_CURVE('',#5438,#5439,#499,.T.);
#6082=EDGE_CURVE('',#5430,#5438,#503,.T.);
#6086=EDGE_CURVE('',#5442,#5443,#507,.T.);
#6088=EDGE_CURVE('',#5443,#5451,#511,.T.);
#6090=EDGE_CURVE('',#5450,#5451,#515,.T.);
#6092=EDGE_CURVE('',#5442,#5450,#519,.T.);
#6096=EDGE_CURVE('',#5446,#5447,#523,.T.);
#6098=EDGE_CURVE('',#5447,#5455,#527,.T.);
#6100=EDGE_CURVE('',#5454,#5455,#531,.T.);
#6102=EDGE_CURVE('',#5446,#5454,#535,.T.);
#6106=EDGE_CURVE('',#5458,#5459,#539,.T.);
#6108=EDGE_CURVE('',#5459,#5467,#543,.T.);
#6110=EDGE_CURVE('',#5466,#5467,#547,.T.);
#6112=EDGE_CURVE('',#5458,#5466,#551,.T.);
#6116=EDGE_CURVE('',#5462,#5463,#555,.T.);
#6118=EDGE_CURVE('',#5463,#5471,#559,.T.);
#6120=EDGE_CURVE('',#5470,#5471,#563,.T.);
#6122=EDGE_CURVE('',#5462,#5470,#567,.T.);
#6126=EDGE_CURVE('',#5474,#5475,#571,.T.);
#6128=EDGE_CURVE('',#5475,#5483,#575,.T.);
#6130=EDGE_CURVE('',#5482,#5483,#579,.T.);
#6132=EDGE_CURVE('',#5474,#5482,#583,.T.);
#6136=EDGE_CURVE('',#5478,#5479,#587,.T.);
#6138=EDGE_CURVE('',#5479,#5487,#591,.T.);
#6140=EDGE_CURVE('',#5486,#5487,#595,.T.);
#6142=EDGE_CURVE('',#5478,#5486,#599,.T.);
#6146=EDGE_CURVE('',#5490,#5491,#603,.T.);
#6148=EDGE_CURVE('',#5491,#5499,#607,.T.);
#6150=EDGE_CURVE('',#5498,#5499,#611,.T.);
#6152=EDGE_CURVE('',#5490,#5498,#615,.T.);
#6156=EDGE_CURVE('',#5494,#5495,#619,.T.);
#6158=EDGE_CURVE('',#5495,#5503,#623,.T.);
#6160=EDGE_CURVE('',#5502,#5503,#627,.T.);
#6162=EDGE_CURVE('',#5494,#5502,#631,.T.);
#6166=EDGE_CURVE('',#5506,#5507,#635,.T.);
#6168=EDGE_CURVE('',#5507,#5515,#639,.T.);
#6170=EDGE_CURVE('',#5514,#5515,#643,.T.);
#6172=EDGE_CURVE('',#5506,#5514,#647,.T.);
#6176=EDGE_CURVE('',#5510,#5511,#651,.T.);
#6178=EDGE_CURVE('',#5511,#5519,#655,.T.);
#6180=EDGE_CURVE('',#5518,#5519,#659,.T.);
#6182=EDGE_CURVE('',#5510,#5518,#663,.T.);
#6186=EDGE_CURVE('',#5592,#5593,#667,.T.);
#6188=EDGE_CURVE('',#5593,#5601,#671,.T.);
#6190=EDGE_CURVE('',#5600,#5601,#675,.T.);
#6192=EDGE_CURVE('',#5592,#5600,#679,.T.);
#6196=EDGE_CURVE('',#5596,#5597,#683,.T.);
#6198=EDGE_CURVE('',#5597,#5605,#687,.T.);
#6200=EDGE_CURVE('',#5604,#5605,#691,.T.);
#6202=EDGE_CURVE('',#5596,#5604,#695,.T.);
#6206=EDGE_CURVE('',#5688,#5689,#699,.T.);
#6208=EDGE_CURVE('',#5689,#5697,#703,.T.);
#6210=EDGE_CURVE('',#5696,#5697,#707,.T.);
#6212=EDGE_CURVE('',#5688,#5696,#711,.T.);
#6216=EDGE_CURVE('',#5692,#5693,#715,.T.);
#6218=EDGE_CURVE('',#5693,#5701,#719,.T.);
#6220=EDGE_CURVE('',#5700,#5701,#723,.T.);
#6222=EDGE_CURVE('',#5692,#5700,#727,.T.);
#6233=EDGE_CURVE('',#5294,#5314,#731,.T.);
#6235=EDGE_CURVE('',#5314,#5315,#842,.T.);
#6237=EDGE_CURVE('',#5295,#5315,#793,.T.);
#6248=EDGE_CURVE('',#5311,#5523,#739,.T.);
#6250=EDGE_CURVE('',#5523,#5331,#752,.T.);
#6252=EDGE_CURVE('',#5331,#5327,#735,.T.);
#6254=EDGE_CURVE('',#5327,#5314,#846,.T.);
#6267=EDGE_CURVE('',#5369,#5523,#756,.T.);
#6279=EDGE_CURVE('',#5301,#5521,#743,.T.);
#6281=EDGE_CURVE('',#5521,#5371,#760,.T.);
#6283=EDGE_CURVE('',#5360,#5371,#4305,.T.);
#6294=EDGE_CURVE('',#5309,#5331,#748,.T.);
#6308=EDGE_CURVE('',#5371,#5361,#4309,.T.);
#6311=EDGE_CURVE('',#5521,#5329,#764,.T.);
#6313=EDGE_CURVE('',#5329,#5304,#769,.T.);
#6324=EDGE_CURVE('',#5307,#5325,#773,.T.);
#6326=EDGE_CURVE('',#5325,#5327,#851,.T.);
#6339=EDGE_CURVE('',#5305,#5323,#777,.T.);
#6341=EDGE_CURVE('',#5323,#5325,#855,.T.);
#6354=EDGE_CURVE('',#5329,#5321,#781,.T.);
#6356=EDGE_CURVE('',#5321,#5323,#860,.T.);
#6368=EDGE_CURVE('',#5299,#5319,#785,.T.);
#6370=EDGE_CURVE('',#5319,#5321,#864,.T.);
#6384=EDGE_CURVE('',#5297,#5317,#789,.T.);
#6386=EDGE_CURVE('',#5317,#5319,#869,.T.);
#6399=EDGE_CURVE('',#5315,#5317,#873,.T.);
#6410=EDGE_CURVE('',#4333,#4408,#797,.T.);
#6412=EDGE_CURVE('',#4332,#4333,#1077,.T.);
#6414=EDGE_CURVE('',#4411,#4332,#1521,.T.);
#6416=EDGE_CURVE('',#4411,#4408,#801,.T.);
#6420=EDGE_CURVE('',#5278,#5279,#806,.T.);
#6422=EDGE_CURVE('',#5291,#5278,#810,.T.);
#6424=EDGE_CURVE('',#5289,#5291,#815,.T.);
#6426=EDGE_CURVE('',#5287,#5289,#819,.T.);
#6428=EDGE_CURVE('',#5285,#5287,#824,.T.);
#6430=EDGE_CURVE('',#5283,#5285,#828,.T.);
#6432=EDGE_CURVE('',#5281,#5283,#833,.T.);
#6434=EDGE_CURVE('',#5279,#5281,#837,.T.);
#6455=EDGE_CURVE('',#4385,#4387,#881,.T.);
#6459=EDGE_CURVE('',#4395,#4345,#893,.T.);
#6461=EDGE_CURVE('',#4333,#4345,#1081,.T.);
#6485=EDGE_CURVE('',#4371,#4373,#913,.T.);
#6488=EDGE_CURVE('',#4377,#4379,#1533,.T.);
#6503=EDGE_CURVE('',#4316,#4325,#937,.T.);
#6505=EDGE_CURVE('',#4324,#4325,#973,.T.);
#6517=EDGE_CURVE('',#4416,#4417,#925,.T.);
#6519=EDGE_CURVE('',#4417,#4419,#929,.T.);
#6521=EDGE_CURVE('',#4421,#4419,#933,.T.);
#6523=EDGE_CURVE('',#4325,#4421,#977,.T.);
#6528=EDGE_CURVE('',#4416,#4320,#953,.T.);
#6538=EDGE_CURVE('',#4416,#4451,#949,.T.);
#6540=EDGE_CURVE('',#4451,#4425,#1017,.T.);
#6542=EDGE_CURVE('',#4427,#4425,#1097,.T.);
#6544=EDGE_CURVE('',#4427,#4431,#1037,.T.);
#6546=EDGE_CURVE('',#4417,#4431,#1033,.T.);
#6557=EDGE_CURVE('',#4444,#4445,#941,.T.);
#6559=EDGE_CURVE('',#4444,#4451,#945,.T.);
#6573=EDGE_CURVE('',#4448,#4449,#965,.T.);
#6578=EDGE_CURVE('',#4421,#5525,#981,.T.);
#6580=EDGE_CURVE('',#5525,#4448,#985,.T.);
#6592=EDGE_CURVE('',#4436,#4437,#993,.T.);
#6594=EDGE_CURVE('',#4436,#4444,#997,.T.);
#6606=EDGE_CURVE('',#4440,#4441,#1009,.T.);
#6608=EDGE_CURVE('',#4440,#4436,#1021,.T.);
#6619=EDGE_CURVE('',#4448,#4440,#1005,.T.);
#6637=EDGE_CURVE('',#4424,#5525,#1025,.T.);
#6639=EDGE_CURVE('',#4424,#4425,#1053,.T.);
#6651=EDGE_CURVE('',#4419,#4433,#1029,.T.);
#6653=EDGE_CURVE('',#4429,#4433,#1045,.T.);
#6655=EDGE_CURVE('',#4429,#4424,#1057,.T.);
#6668=EDGE_CURVE('',#4431,#4433,#1049,.T.);
#6680=EDGE_CURVE('',#4343,#4427,#1093,.T.);
#6682=EDGE_CURVE('',#4349,#4343,#1557,.T.);
#6685=EDGE_CURVE('',#4348,#4339,#1041,.T.);
#6687=EDGE_CURVE('',#4429,#4339,#1061,.T.);
#6702=EDGE_CURVE('',#4339,#4337,#1065,.T.);
#6704=EDGE_CURVE('',#4337,#4335,#1069,.T.);
#6706=EDGE_CURVE('',#4335,#4332,#1073,.T.);
#6710=EDGE_CURVE('',#4345,#4342,#1085,.T.);
#6712=EDGE_CURVE('',#4342,#4343,#1089,.T.);
#6718=EDGE_CURVE('',#4526,#4527,#1101,.T.);
#6720=EDGE_CURVE('',#4526,#4534,#1105,.T.);
#6722=EDGE_CURVE('',#4534,#4535,#1109,.T.);
#6724=EDGE_CURVE('',#4527,#4535,#1113,.T.);
#6728=EDGE_CURVE('',#4530,#4531,#1117,.T.);
#6730=EDGE_CURVE('',#4530,#4538,#1121,.T.);
#6732=EDGE_CURVE('',#4538,#4539,#1125,.T.);
#6734=EDGE_CURVE('',#4531,#4539,#1129,.T.);
#6738=EDGE_CURVE('',#4610,#4611,#1133,.T.);
#6740=EDGE_CURVE('',#4610,#4618,#1137,.T.);
#6742=EDGE_CURVE('',#4618,#4619,#1141,.T.);
#6744=EDGE_CURVE('',#4611,#4619,#1145,.T.);
#6748=EDGE_CURVE('',#4614,#4615,#1149,.T.);
#6750=EDGE_CURVE('',#4614,#4622,#1153,.T.);
#6752=EDGE_CURVE('',#4622,#4623,#1157,.T.);
#6754=EDGE_CURVE('',#4615,#4623,#1161,.T.);
#6758=EDGE_CURVE('',#4690,#4691,#1165,.T.);
#6760=EDGE_CURVE('',#4690,#4698,#1169,.T.);
#6762=EDGE_CURVE('',#4698,#4699,#1173,.T.);
#6764=EDGE_CURVE('',#4691,#4699,#1177,.T.);
#6768=EDGE_CURVE('',#4694,#4695,#1181,.T.);
#6770=EDGE_CURVE('',#4694,#4702,#1185,.T.);
#6772=EDGE_CURVE('',#4702,#4703,#1189,.T.);
#6774=EDGE_CURVE('',#4695,#4703,#1193,.T.);
#6778=EDGE_CURVE('',#4770,#4771,#1197,.T.);
#6780=EDGE_CURVE('',#4770,#4778,#1201,.T.);
#6782=EDGE_CURVE('',#4778,#4779,#1205,.T.);
#6784=EDGE_CURVE('',#4771,#4779,#1209,.T.);
#6788=EDGE_CURVE('',#4774,#4775,#1213,.T.);
#6790=EDGE_CURVE('',#4774,#4782,#1217,.T.);
#6792=EDGE_CURVE('',#4782,#4783,#1221,.T.);
#6794=EDGE_CURVE('',#4775,#4783,#1225,.T.);
#6798=EDGE_CURVE('',#4850,#4851,#1229,.T.);
#6800=EDGE_CURVE('',#4850,#4858,#1233,.T.);
#6802=EDGE_CURVE('',#4858,#4859,#1237,.T.);
#6804=EDGE_CURVE('',#4851,#4859,#1241,.T.);
#6808=EDGE_CURVE('',#4854,#4855,#1245,.T.);
#6810=EDGE_CURVE('',#4854,#4862,#1249,.T.);
#6812=EDGE_CURVE('',#4862,#4863,#1253,.T.);
#6814=EDGE_CURVE('',#4855,#4863,#1257,.T.);
#6818=EDGE_CURVE('',#4930,#4931,#1261,.T.);
#6820=EDGE_CURVE('',#4930,#4938,#1265,.T.);
#6822=EDGE_CURVE('',#4938,#4939,#1269,.T.);
#6824=EDGE_CURVE('',#4931,#4939,#1273,.T.);
#6828=EDGE_CURVE('',#4934,#4935,#1277,.T.);
#6830=EDGE_CURVE('',#4934,#4942,#1281,.T.);
#6832=EDGE_CURVE('',#4942,#4943,#1285,.T.);
#6834=EDGE_CURVE('',#4935,#4943,#1289,.T.);
#6838=EDGE_CURVE('',#5010,#5011,#1293,.T.);
#6840=EDGE_CURVE('',#5010,#5018,#1297,.T.);
#6842=EDGE_CURVE('',#5018,#5019,#1301,.T.);
#6844=EDGE_CURVE('',#5011,#5019,#1305,.T.);
#6848=EDGE_CURVE('',#5014,#5015,#1309,.T.);
#6850=EDGE_CURVE('',#5014,#5022,#1313,.T.);
#6852=EDGE_CURVE('',#5022,#5023,#1317,.T.);
#6854=EDGE_CURVE('',#5015,#5023,#1321,.T.);
#6858=EDGE_CURVE('',#5090,#5091,#1325,.T.);
#6860=EDGE_CURVE('',#5090,#5098,#1329,.T.);
#6862=EDGE_CURVE('',#5098,#5099,#1333,.T.);
#6864=EDGE_CURVE('',#5091,#5099,#1337,.T.);
#6868=EDGE_CURVE('',#5094,#5095,#1341,.T.);
#6870=EDGE_CURVE('',#5094,#5102,#1345,.T.);
#6872=EDGE_CURVE('',#5102,#5103,#1349,.T.);
#6874=EDGE_CURVE('',#5095,#5103,#1353,.T.);
#6878=EDGE_CURVE('',#5170,#5171,#1357,.T.);
#6880=EDGE_CURVE('',#5170,#5178,#1361,.T.);
#6882=EDGE_CURVE('',#5178,#5179,#1365,.T.);
#6884=EDGE_CURVE('',#5171,#5179,#1369,.T.);
#6888=EDGE_CURVE('',#5174,#5175,#1373,.T.);
#6890=EDGE_CURVE('',#5174,#5182,#1377,.T.);
#6892=EDGE_CURVE('',#5182,#5183,#1381,.T.);
#6894=EDGE_CURVE('',#5175,#5183,#1385,.T.);
#6898=EDGE_CURVE('',#5250,#5251,#1389,.T.);
#6900=EDGE_CURVE('',#5250,#5258,#1393,.T.);
#6902=EDGE_CURVE('',#5258,#5259,#1397,.T.);
#6904=EDGE_CURVE('',#5251,#5259,#1401,.T.);
#6908=EDGE_CURVE('',#5254,#5255,#1405,.T.);
#6910=EDGE_CURVE('',#5254,#5262,#1409,.T.);
#6912=EDGE_CURVE('',#5262,#5263,#1413,.T.);
#6914=EDGE_CURVE('',#5255,#5263,#1417,.T.);
#6918=EDGE_CURVE('',#5608,#5609,#1421,.T.);
#6920=EDGE_CURVE('',#5608,#5616,#1425,.T.);
#6922=EDGE_CURVE('',#5616,#5617,#1429,.T.);
#6924=EDGE_CURVE('',#5609,#5617,#1433,.T.);
#6928=EDGE_CURVE('',#5612,#5613,#1437,.T.);
#6930=EDGE_CURVE('',#5612,#5620,#1441,.T.);
#6932=EDGE_CURVE('',#5620,#5621,#1445,.T.);
#6934=EDGE_CURVE('',#5613,#5621,#1449,.T.);
#6938=EDGE_CURVE('',#5704,#5705,#1453,.T.);
#6940=EDGE_CURVE('',#5704,#5712,#1457,.T.);
#6942=EDGE_CURVE('',#5712,#5713,#1461,.T.);
#6944=EDGE_CURVE('',#5705,#5713,#1465,.T.);
#6948=EDGE_CURVE('',#5708,#5709,#1469,.T.);
#6950=EDGE_CURVE('',#5708,#5716,#1473,.T.);
#6952=EDGE_CURVE('',#5716,#5717,#1477,.T.);
#6954=EDGE_CURVE('',#5709,#5717,#1481,.T.);
#6964=EDGE_CURVE('',#4400,#4401,#1485,.T.);
#6966=EDGE_CURVE('',#4400,#4337,#1489,.T.);
#6981=EDGE_CURVE('',#4405,#4403,#1493,.T.);
#6983=EDGE_CURVE('',#4400,#4405,#1537,.T.);
#6995=EDGE_CURVE('',#4411,#4413,#1501,.T.);
#6997=EDGE_CURVE('',#4376,#4411,#1517,.T.);
#7008=EDGE_CURVE('',#4405,#4381,#1525,.T.);
#7036=EDGE_CURVE('',#4405,#4335,#1541,.T.);
#7061=EDGE_CURVE('',#4395,#4393,#1545,.T.);
#7063=EDGE_CURVE('',#4393,#4342,#1549,.T.);
#7075=EDGE_CURVE('',#4392,#4393,#1553,.T.);
#7102=EDGE_CURVE('',#4527,#4470,#1561,.T.);
#7104=EDGE_CURVE('',#4470,#4471,#1565,.T.);
#7106=EDGE_CURVE('',#4471,#4473,#1569,.T.);
#7108=EDGE_CURVE('',#4473,#4475,#1573,.T.);
#7110=EDGE_CURVE('',#4475,#4477,#1577,.T.);
#7112=EDGE_CURVE('',#4477,#4479,#1581,.T.);
#7114=EDGE_CURVE('',#4479,#4526,#1585,.T.);
#7125=EDGE_CURVE('',#4531,#4462,#1589,.T.);
#7127=EDGE_CURVE('',#4462,#4463,#1593,.T.);
#7129=EDGE_CURVE('',#4463,#4454,#1597,.T.);
#7131=EDGE_CURVE('',#4454,#4455,#1601,.T.);
#7133=EDGE_CURVE('',#4455,#4457,#1605,.T.);
#7135=EDGE_CURVE('',#4457,#4459,#1609,.T.);
#7137=EDGE_CURVE('',#4459,#4530,#1613,.T.);
#7147=EDGE_CURVE('',#4541,#4466,#1617,.T.);
#7149=EDGE_CURVE('',#4466,#4467,#1621,.T.);
#7151=EDGE_CURVE('',#4467,#4543,#1625,.T.);
#7162=EDGE_CURVE('',#4518,#4482,#1629,.T.);
#7164=EDGE_CURVE('',#4482,#4483,#1633,.T.);
#7166=EDGE_CURVE('',#4483,#4522,#1637,.T.);
#7178=EDGE_CURVE('',#4535,#4502,#1665,.T.);
#7180=EDGE_CURVE('',#4470,#4502,#1741,.T.);
#7192=EDGE_CURVE('',#4511,#4534,#1641,.T.);
#7194=EDGE_CURVE('',#4509,#4511,#1645,.T.);
#7196=EDGE_CURVE('',#4507,#4509,#1649,.T.);
#7198=EDGE_CURVE('',#4505,#4507,#1653,.T.);
#7200=EDGE_CURVE('',#4503,#4505,#1657,.T.);
#7202=EDGE_CURVE('',#4502,#4503,#1661,.T.);
#7214=EDGE_CURVE('',#4491,#4538,#1669,.T.);
#7216=EDGE_CURVE('',#4489,#4491,#1673,.T.);
#7218=EDGE_CURVE('',#4487,#4489,#1677,.T.);
#7220=EDGE_CURVE('',#4486,#4487,#1681,.T.);
#7222=EDGE_CURVE('',#4495,#4486,#1685,.T.);
#7224=EDGE_CURVE('',#4494,#4495,#1689,.T.);
#7226=EDGE_CURVE('',#4539,#4494,#1693,.T.);
#7237=EDGE_CURVE('',#4515,#4523,#1697,.T.);
#7239=EDGE_CURVE('',#4514,#4515,#1701,.T.);
#7241=EDGE_CURVE('',#4519,#4514,#1705,.T.);
#7252=EDGE_CURVE('',#4499,#5375,#1709,.T.);
#7254=EDGE_CURVE('',#4498,#4499,#1713,.T.);
#7256=EDGE_CURVE('',#5374,#4498,#1717,.T.);
#7268=EDGE_CURVE('',#4479,#4511,#1721,.T.);
#7280=EDGE_CURVE('',#4477,#4509,#1725,.T.);
#7293=EDGE_CURVE('',#4475,#4507,#1729,.T.);
#7306=EDGE_CURVE('',#4473,#4505,#1733,.T.);
#7319=EDGE_CURVE('',#4471,#4503,#1737,.T.);
#7345=EDGE_CURVE('',#4459,#4491,#1745,.T.);
#7357=EDGE_CURVE('',#4457,#4489,#1749,.T.);
#7370=EDGE_CURVE('',#4455,#4487,#1753,.T.);
#7383=EDGE_CURVE('',#4454,#4486,#1757,.T.);
#7396=EDGE_CURVE('',#4463,#4495,#1761,.T.);
#7409=EDGE_CURVE('',#4462,#4494,#1765,.T.);
#7435=EDGE_CURVE('',#4483,#4515,#1769,.T.);
#7447=EDGE_CURVE('',#4482,#4514,#1773,.T.);
#7472=EDGE_CURVE('',#4467,#4499,#1777,.T.);
#7485=EDGE_CURVE('',#4466,#4498,#1781,.T.);
#7510=EDGE_CURVE('',#4611,#4562,#1785,.T.);
#7512=EDGE_CURVE('',#4562,#4563,#1789,.T.);
#7514=EDGE_CURVE('',#4563,#4565,#1793,.T.);
#7516=EDGE_CURVE('',#4565,#4567,#1797,.T.);
#7518=EDGE_CURVE('',#4567,#4569,#1801,.T.);
#7520=EDGE_CURVE('',#4569,#4571,#1805,.T.);
#7522=EDGE_CURVE('',#4571,#4610,#1809,.T.);
#7533=EDGE_CURVE('',#4615,#4554,#1813,.T.);
#7535=EDGE_CURVE('',#4554,#4555,#1817,.T.);
#7537=EDGE_CURVE('',#4555,#4546,#1821,.T.);
#7539=EDGE_CURVE('',#4546,#4547,#1825,.T.);
#7541=EDGE_CURVE('',#4547,#4549,#1829,.T.);
#7543=EDGE_CURVE('',#4549,#4551,#1833,.T.);
#7545=EDGE_CURVE('',#4551,#4614,#1837,.T.);
#7556=EDGE_CURVE('',#5378,#4574,#1841,.T.);
#7558=EDGE_CURVE('',#4574,#4575,#1845,.T.);
#7560=EDGE_CURVE('',#4575,#5379,#1849,.T.);
#7571=EDGE_CURVE('',#5382,#4558,#1853,.T.);
#7573=EDGE_CURVE('',#4558,#4559,#1857,.T.);
#7575=EDGE_CURVE('',#4559,#5383,#1861,.T.);
#7586=EDGE_CURVE('',#4619,#4594,#1889,.T.);
#7588=EDGE_CURVE('',#4562,#4594,#1965,.T.);
#7600=EDGE_CURVE('',#4603,#4618,#1865,.T.);
#7602=EDGE_CURVE('',#4601,#4603,#1869,.T.);
#7604=EDGE_CURVE('',#4599,#4601,#1873,.T.);
#7606=EDGE_CURVE('',#4597,#4599,#1877,.T.);
#7608=EDGE_CURVE('',#4595,#4597,#1881,.T.);
#7610=EDGE_CURVE('',#4594,#4595,#1885,.T.);
#7622=EDGE_CURVE('',#4583,#4622,#1893,.T.);
#7624=EDGE_CURVE('',#4581,#4583,#1897,.T.);
#7626=EDGE_CURVE('',#4579,#4581,#1901,.T.);
#7628=EDGE_CURVE('',#4578,#4579,#1905,.T.);
#7630=EDGE_CURVE('',#4587,#4578,#1909,.T.);
#7632=EDGE_CURVE('',#4586,#4587,#1913,.T.);
#7634=EDGE_CURVE('',#4623,#4586,#1917,.T.);
#7645=EDGE_CURVE('',#4607,#5387,#1921,.T.);
#7647=EDGE_CURVE('',#4606,#4607,#1925,.T.);
#7649=EDGE_CURVE('',#5386,#4606,#1929,.T.);
#7660=EDGE_CURVE('',#4591,#5391,#1933,.T.);
#7662=EDGE_CURVE('',#4590,#4591,#1937,.T.);
#7664=EDGE_CURVE('',#5390,#4590,#1941,.T.);
#7676=EDGE_CURVE('',#4571,#4603,#1945,.T.);
#7688=EDGE_CURVE('',#4569,#4601,#1949,.T.);
#7701=EDGE_CURVE('',#4567,#4599,#1953,.T.);
#7714=EDGE_CURVE('',#4565,#4597,#1957,.T.);
#7727=EDGE_CURVE('',#4563,#4595,#1961,.T.);
#7753=EDGE_CURVE('',#4551,#4583,#1969,.T.);
#7765=EDGE_CURVE('',#4549,#4581,#1973,.T.);
#7778=EDGE_CURVE('',#4547,#4579,#1977,.T.);
#7791=EDGE_CURVE('',#4546,#4578,#1981,.T.);
#7804=EDGE_CURVE('',#4555,#4587,#1985,.T.);
#7817=EDGE_CURVE('',#4554,#4586,#1989,.T.);
#7843=EDGE_CURVE('',#4575,#4607,#1993,.T.);
#7855=EDGE_CURVE('',#4574,#4606,#1997,.T.);
#7881=EDGE_CURVE('',#4559,#4591,#2001,.T.);
#7893=EDGE_CURVE('',#4558,#4590,#2005,.T.);
#7918=EDGE_CURVE('',#4691,#4642,#2009,.T.);
#7920=EDGE_CURVE('',#4642,#4643,#2013,.T.);
#7922=EDGE_CURVE('',#4643,#4645,#2017,.T.);
#7924=EDGE_CURVE('',#4645,#4647,#2021,.T.);
#7926=EDGE_CURVE('',#4647,#4649,#2025,.T.);
#7928=EDGE_CURVE('',#4649,#4651,#2029,.T.);
#7930=EDGE_CURVE('',#4651,#4690,#2033,.T.);
#7941=EDGE_CURVE('',#4695,#4634,#2037,.T.);
#7943=EDGE_CURVE('',#4634,#4635,#2041,.T.);
#7945=EDGE_CURVE('',#4635,#4626,#2045,.T.);
#7947=EDGE_CURVE('',#4626,#4627,#2049,.T.);
#7949=EDGE_CURVE('',#4627,#4629,#2053,.T.);
#7951=EDGE_CURVE('',#4629,#4631,#2057,.T.);
#7953=EDGE_CURVE('',#4631,#4694,#2061,.T.);
#7964=EDGE_CURVE('',#5394,#4654,#2065,.T.);
#7966=EDGE_CURVE('',#4654,#4655,#2069,.T.);
#7968=EDGE_CURVE('',#4655,#5395,#2073,.T.);
#7979=EDGE_CURVE('',#5398,#4638,#2077,.T.);
#7981=EDGE_CURVE('',#4638,#4639,#2081,.T.);
#7983=EDGE_CURVE('',#4639,#5399,#2085,.T.);
#7994=EDGE_CURVE('',#4699,#4674,#2113,.T.);
#7996=EDGE_CURVE('',#4642,#4674,#2189,.T.);
#8008=EDGE_CURVE('',#4683,#4698,#2089,.T.);
#8010=EDGE_CURVE('',#4681,#4683,#2093,.T.);
#8012=EDGE_CURVE('',#4679,#4681,#2097,.T.);
#8014=EDGE_CURVE('',#4677,#4679,#2101,.T.);
#8016=EDGE_CURVE('',#4675,#4677,#2105,.T.);
#8018=EDGE_CURVE('',#4674,#4675,#2109,.T.);
#8030=EDGE_CURVE('',#4663,#4702,#2117,.T.);
#8032=EDGE_CURVE('',#4661,#4663,#2121,.T.);
#8034=EDGE_CURVE('',#4659,#4661,#2125,.T.);
#8036=EDGE_CURVE('',#4658,#4659,#2129,.T.);
#8038=EDGE_CURVE('',#4667,#4658,#2133,.T.);
#8040=EDGE_CURVE('',#4666,#4667,#2137,.T.);
#8042=EDGE_CURVE('',#4703,#4666,#2141,.T.);
#8053=EDGE_CURVE('',#4687,#5403,#2145,.T.);
#8055=EDGE_CURVE('',#4686,#4687,#2149,.T.);
#8057=EDGE_CURVE('',#5402,#4686,#2153,.T.);
#8068=EDGE_CURVE('',#4671,#5407,#2157,.T.);
#8070=EDGE_CURVE('',#4670,#4671,#2161,.T.);
#8072=EDGE_CURVE('',#5406,#4670,#2165,.T.);
#8084=EDGE_CURVE('',#4651,#4683,#2169,.T.);
#8096=EDGE_CURVE('',#4649,#4681,#2173,.T.);
#8109=EDGE_CURVE('',#4647,#4679,#2177,.T.);
#8122=EDGE_CURVE('',#4645,#4677,#2181,.T.);
#8135=EDGE_CURVE('',#4643,#4675,#2185,.T.);
#8161=EDGE_CURVE('',#4631,#4663,#2193,.T.);
#8173=EDGE_CURVE('',#4629,#4661,#2197,.T.);
#8186=EDGE_CURVE('',#4627,#4659,#2201,.T.);
#8199=EDGE_CURVE('',#4626,#4658,#2205,.T.);
#8212=EDGE_CURVE('',#4635,#4667,#2209,.T.);
#8225=EDGE_CURVE('',#4634,#4666,#2213,.T.);
#8251=EDGE_CURVE('',#4655,#4687,#2217,.T.);
#8263=EDGE_CURVE('',#4654,#4686,#2221,.T.);
#8289=EDGE_CURVE('',#4639,#4671,#2225,.T.);
#8301=EDGE_CURVE('',#4638,#4670,#2229,.T.);
#8326=EDGE_CURVE('',#4771,#4722,#2233,.T.);
#8328=EDGE_CURVE('',#4722,#4723,#2237,.T.);
#8330=EDGE_CURVE('',#4723,#4725,#2241,.T.);
#8332=EDGE_CURVE('',#4725,#4727,#2245,.T.);
#8334=EDGE_CURVE('',#4727,#4729,#2249,.T.);
#8336=EDGE_CURVE('',#4729,#4731,#2253,.T.);
#8338=EDGE_CURVE('',#4731,#4770,#2257,.T.);
#8349=EDGE_CURVE('',#4775,#4714,#2261,.T.);
#8351=EDGE_CURVE('',#4714,#4715,#2265,.T.);
#8353=EDGE_CURVE('',#4715,#4706,#2269,.T.);
#8355=EDGE_CURVE('',#4706,#4707,#2273,.T.);
#8357=EDGE_CURVE('',#4707,#4709,#2277,.T.);
#8359=EDGE_CURVE('',#4709,#4711,#2281,.T.);
#8361=EDGE_CURVE('',#4711,#4774,#2285,.T.);
#8372=EDGE_CURVE('',#5410,#4734,#2289,.T.);
#8374=EDGE_CURVE('',#4734,#4735,#2293,.T.);
#8376=EDGE_CURVE('',#4735,#5411,#2297,.T.);
#8387=EDGE_CURVE('',#5414,#4718,#2301,.T.);
#8389=EDGE_CURVE('',#4718,#4719,#2305,.T.);
#8391=EDGE_CURVE('',#4719,#5415,#2309,.T.);
#8402=EDGE_CURVE('',#4779,#4754,#2337,.T.);
#8404=EDGE_CURVE('',#4722,#4754,#2413,.T.);
#8416=EDGE_CURVE('',#4763,#4778,#2313,.T.);
#8418=EDGE_CURVE('',#4761,#4763,#2317,.T.);
#8420=EDGE_CURVE('',#4759,#4761,#2321,.T.);
#8422=EDGE_CURVE('',#4757,#4759,#2325,.T.);
#8424=EDGE_CURVE('',#4755,#4757,#2329,.T.);
#8426=EDGE_CURVE('',#4754,#4755,#2333,.T.);
#8438=EDGE_CURVE('',#4743,#4782,#2341,.T.);
#8440=EDGE_CURVE('',#4741,#4743,#2345,.T.);
#8442=EDGE_CURVE('',#4739,#4741,#2349,.T.);
#8444=EDGE_CURVE('',#4738,#4739,#2353,.T.);
#8446=EDGE_CURVE('',#4747,#4738,#2357,.T.);
#8448=EDGE_CURVE('',#4746,#4747,#2361,.T.);
#8450=EDGE_CURVE('',#4783,#4746,#2365,.T.);
#8461=EDGE_CURVE('',#4767,#5419,#2369,.T.);
#8463=EDGE_CURVE('',#4766,#4767,#2373,.T.);
#8465=EDGE_CURVE('',#5418,#4766,#2377,.T.);
#8476=EDGE_CURVE('',#4751,#5423,#2381,.T.);
#8478=EDGE_CURVE('',#4750,#4751,#2385,.T.);
#8480=EDGE_CURVE('',#5422,#4750,#2389,.T.);
#8492=EDGE_CURVE('',#4731,#4763,#2393,.T.);
#8504=EDGE_CURVE('',#4729,#4761,#2397,.T.);
#8517=EDGE_CURVE('',#4727,#4759,#2401,.T.);
#8530=EDGE_CURVE('',#4725,#4757,#2405,.T.);
#8543=EDGE_CURVE('',#4723,#4755,#2409,.T.);
#8569=EDGE_CURVE('',#4711,#4743,#2417,.T.);
#8581=EDGE_CURVE('',#4709,#4741,#2421,.T.);
#8594=EDGE_CURVE('',#4707,#4739,#2425,.T.);
#8607=EDGE_CURVE('',#4706,#4738,#2429,.T.);
#8620=EDGE_CURVE('',#4715,#4747,#2433,.T.);
#8633=EDGE_CURVE('',#4714,#4746,#2437,.T.);
#8659=EDGE_CURVE('',#4735,#4767,#2441,.T.);
#8671=EDGE_CURVE('',#4734,#4766,#2445,.T.);
#8697=EDGE_CURVE('',#4719,#4751,#2449,.T.);
#8709=EDGE_CURVE('',#4718,#4750,#2453,.T.);
#8734=EDGE_CURVE('',#4851,#4802,#2457,.T.);
#8736=EDGE_CURVE('',#4802,#4803,#2461,.T.);
#8738=EDGE_CURVE('',#4803,#4805,#2465,.T.);
#8740=EDGE_CURVE('',#4805,#4807,#2469,.T.);
#8742=EDGE_CURVE('',#4807,#4809,#2473,.T.);
#8744=EDGE_CURVE('',#4809,#4811,#2477,.T.);
#8746=EDGE_CURVE('',#4811,#4850,#2481,.T.);
#8757=EDGE_CURVE('',#4855,#4794,#2485,.T.);
#8759=EDGE_CURVE('',#4794,#4795,#2489,.T.);
#8761=EDGE_CURVE('',#4795,#4786,#2493,.T.);
#8763=EDGE_CURVE('',#4786,#4787,#2497,.T.);
#8765=EDGE_CURVE('',#4787,#4789,#2501,.T.);
#8767=EDGE_CURVE('',#4789,#4791,#2505,.T.);
#8769=EDGE_CURVE('',#4791,#4854,#2509,.T.);
#8780=EDGE_CURVE('',#5426,#4814,#2513,.T.);
#8782=EDGE_CURVE('',#4814,#4815,#2517,.T.);
#8784=EDGE_CURVE('',#4815,#5427,#2521,.T.);
#8795=EDGE_CURVE('',#5430,#4798,#2525,.T.);
#8797=EDGE_CURVE('',#4798,#4799,#2529,.T.);
#8799=EDGE_CURVE('',#4799,#5431,#2533,.T.);
#8810=EDGE_CURVE('',#4859,#4834,#2561,.T.);
#8812=EDGE_CURVE('',#4802,#4834,#2637,.T.);
#8824=EDGE_CURVE('',#4843,#4858,#2537,.T.);
#8826=EDGE_CURVE('',#4841,#4843,#2541,.T.);
#8828=EDGE_CURVE('',#4839,#4841,#2545,.T.);
#8830=EDGE_CURVE('',#4837,#4839,#2549,.T.);
#8832=EDGE_CURVE('',#4835,#4837,#2553,.T.);
#8834=EDGE_CURVE('',#4834,#4835,#2557,.T.);
#8846=EDGE_CURVE('',#4823,#4862,#2565,.T.);
#8848=EDGE_CURVE('',#4821,#4823,#2569,.T.);
#8850=EDGE_CURVE('',#4819,#4821,#2573,.T.);
#8852=EDGE_CURVE('',#4818,#4819,#2577,.T.);
#8854=EDGE_CURVE('',#4827,#4818,#2581,.T.);
#8856=EDGE_CURVE('',#4826,#4827,#2585,.T.);
#8858=EDGE_CURVE('',#4863,#4826,#2589,.T.);
#8869=EDGE_CURVE('',#4847,#5435,#2593,.T.);
#8871=EDGE_CURVE('',#4846,#4847,#2597,.T.);
#8873=EDGE_CURVE('',#5434,#4846,#2601,.T.);
#8884=EDGE_CURVE('',#4831,#5439,#2605,.T.);
#8886=EDGE_CURVE('',#4830,#4831,#2609,.T.);
#8888=EDGE_CURVE('',#5438,#4830,#2613,.T.);
#8900=EDGE_CURVE('',#4811,#4843,#2617,.T.);
#8912=EDGE_CURVE('',#4809,#4841,#2621,.T.);
#8925=EDGE_CURVE('',#4807,#4839,#2625,.T.);
#8938=EDGE_CURVE('',#4805,#4837,#2629,.T.);
#8951=EDGE_CURVE('',#4803,#4835,#2633,.T.);
#8977=EDGE_CURVE('',#4791,#4823,#2641,.T.);
#8989=EDGE_CURVE('',#4789,#4821,#2645,.T.);
#9002=EDGE_CURVE('',#4787,#4819,#2649,.T.);
#9015=EDGE_CURVE('',#4786,#4818,#2653,.T.);
#9028=EDGE_CURVE('',#4795,#4827,#2657,.T.);
#9041=EDGE_CURVE('',#4794,#4826,#2661,.T.);
#9067=EDGE_CURVE('',#4815,#4847,#2665,.T.);
#9079=EDGE_CURVE('',#4814,#4846,#2669,.T.);
#9105=EDGE_CURVE('',#4799,#4831,#2673,.T.);
#9117=EDGE_CURVE('',#4798,#4830,#2677,.T.);
#9142=EDGE_CURVE('',#4931,#4882,#2681,.T.);
#9144=EDGE_CURVE('',#4882,#4883,#2685,.T.);
#9146=EDGE_CURVE('',#4883,#4885,#2689,.T.);
#9148=EDGE_CURVE('',#4885,#4887,#2693,.T.);
#9150=EDGE_CURVE('',#4887,#4889,#2697,.T.);
#9152=EDGE_CURVE('',#4889,#4891,#2701,.T.);
#9154=EDGE_CURVE('',#4891,#4930,#2705,.T.);
#9165=EDGE_CURVE('',#4935,#4874,#2709,.T.);
#9167=EDGE_CURVE('',#4874,#4875,#2713,.T.);
#9169=EDGE_CURVE('',#4875,#4866,#2717,.T.);
#9171=EDGE_CURVE('',#4866,#4867,#2721,.T.);
#9173=EDGE_CURVE('',#4867,#4869,#2725,.T.);
#9175=EDGE_CURVE('',#4869,#4871,#2729,.T.);
#9177=EDGE_CURVE('',#4871,#4934,#2733,.T.);
#9188=EDGE_CURVE('',#5442,#4894,#2737,.T.);
#9190=EDGE_CURVE('',#4894,#4895,#2741,.T.);
#9192=EDGE_CURVE('',#4895,#5443,#2745,.T.);
#9203=EDGE_CURVE('',#5446,#4878,#2749,.T.);
#9205=EDGE_CURVE('',#4878,#4879,#2753,.T.);
#9207=EDGE_CURVE('',#4879,#5447,#2757,.T.);
#9218=EDGE_CURVE('',#4939,#4914,#2785,.T.);
#9220=EDGE_CURVE('',#4882,#4914,#2861,.T.);
#9232=EDGE_CURVE('',#4923,#4938,#2761,.T.);
#9234=EDGE_CURVE('',#4921,#4923,#2765,.T.);
#9236=EDGE_CURVE('',#4919,#4921,#2769,.T.);
#9238=EDGE_CURVE('',#4917,#4919,#2773,.T.);
#9240=EDGE_CURVE('',#4915,#4917,#2777,.T.);
#9242=EDGE_CURVE('',#4914,#4915,#2781,.T.);
#9254=EDGE_CURVE('',#4903,#4942,#2789,.T.);
#9256=EDGE_CURVE('',#4901,#4903,#2793,.T.);
#9258=EDGE_CURVE('',#4899,#4901,#2797,.T.);
#9260=EDGE_CURVE('',#4898,#4899,#2801,.T.);
#9262=EDGE_CURVE('',#4907,#4898,#2805,.T.);
#9264=EDGE_CURVE('',#4906,#4907,#2809,.T.);
#9266=EDGE_CURVE('',#4943,#4906,#2813,.T.);
#9277=EDGE_CURVE('',#4927,#5451,#2817,.T.);
#9279=EDGE_CURVE('',#4926,#4927,#2821,.T.);
#9281=EDGE_CURVE('',#5450,#4926,#2825,.T.);
#9292=EDGE_CURVE('',#4911,#5455,#2829,.T.);
#9294=EDGE_CURVE('',#4910,#4911,#2833,.T.);
#9296=EDGE_CURVE('',#5454,#4910,#2837,.T.);
#9308=EDGE_CURVE('',#4891,#4923,#2841,.T.);
#9320=EDGE_CURVE('',#4889,#4921,#2845,.T.);
#9333=EDGE_CURVE('',#4887,#4919,#2849,.T.);
#9346=EDGE_CURVE('',#4885,#4917,#2853,.T.);
#9359=EDGE_CURVE('',#4883,#4915,#2857,.T.);
#9385=EDGE_CURVE('',#4871,#4903,#2865,.T.);
#9397=EDGE_CURVE('',#4869,#4901,#2869,.T.);
#9410=EDGE_CURVE('',#4867,#4899,#2873,.T.);
#9423=EDGE_CURVE('',#4866,#4898,#2877,.T.);
#9436=EDGE_CURVE('',#4875,#4907,#2881,.T.);
#9449=EDGE_CURVE('',#4874,#4906,#2885,.T.);
#9475=EDGE_CURVE('',#4895,#4927,#2889,.T.);
#9487=EDGE_CURVE('',#4894,#4926,#2893,.T.);
#9513=EDGE_CURVE('',#4879,#4911,#2897,.T.);
#9525=EDGE_CURVE('',#4878,#4910,#2901,.T.);
#9550=EDGE_CURVE('',#5011,#4962,#2905,.T.);
#9552=EDGE_CURVE('',#4962,#4963,#2909,.T.);
#9554=EDGE_CURVE('',#4963,#4965,#2913,.T.);
#9556=EDGE_CURVE('',#4965,#4967,#2917,.T.);
#9558=EDGE_CURVE('',#4967,#4969,#2921,.T.);
#9560=EDGE_CURVE('',#4969,#4971,#2925,.T.);
#9562=EDGE_CURVE('',#4971,#5010,#2929,.T.);
#9573=EDGE_CURVE('',#5015,#4954,#2933,.T.);
#9575=EDGE_CURVE('',#4954,#4955,#2937,.T.);
#9577=EDGE_CURVE('',#4955,#4946,#2941,.T.);
#9579=EDGE_CURVE('',#4946,#4947,#2945,.T.);
#9581=EDGE_CURVE('',#4947,#4949,#2949,.T.);
#9583=EDGE_CURVE('',#4949,#4951,#2953,.T.);
#9585=EDGE_CURVE('',#4951,#5014,#2957,.T.);
#9596=EDGE_CURVE('',#5458,#4974,#2961,.T.);
#9598=EDGE_CURVE('',#4974,#4975,#2965,.T.);
#9600=EDGE_CURVE('',#4975,#5459,#2969,.T.);
#9611=EDGE_CURVE('',#5462,#4958,#2973,.T.);
#9613=EDGE_CURVE('',#4958,#4959,#2977,.T.);
#9615=EDGE_CURVE('',#4959,#5463,#2981,.T.);
#9626=EDGE_CURVE('',#5019,#4994,#3009,.T.);
#9628=EDGE_CURVE('',#4962,#4994,#3085,.T.);
#9640=EDGE_CURVE('',#5003,#5018,#2985,.T.);
#9642=EDGE_CURVE('',#5001,#5003,#2989,.T.);
#9644=EDGE_CURVE('',#4999,#5001,#2993,.T.);
#9646=EDGE_CURVE('',#4997,#4999,#2997,.T.);
#9648=EDGE_CURVE('',#4995,#4997,#3001,.T.);
#9650=EDGE_CURVE('',#4994,#4995,#3005,.T.);
#9662=EDGE_CURVE('',#4983,#5022,#3013,.T.);
#9664=EDGE_CURVE('',#4981,#4983,#3017,.T.);
#9666=EDGE_CURVE('',#4979,#4981,#3021,.T.);
#9668=EDGE_CURVE('',#4978,#4979,#3025,.T.);
#9670=EDGE_CURVE('',#4987,#4978,#3029,.T.);
#9672=EDGE_CURVE('',#4986,#4987,#3033,.T.);
#9674=EDGE_CURVE('',#5023,#4986,#3037,.T.);
#9685=EDGE_CURVE('',#5007,#5467,#3041,.T.);
#9687=EDGE_CURVE('',#5006,#5007,#3045,.T.);
#9689=EDGE_CURVE('',#5466,#5006,#3049,.T.);
#9700=EDGE_CURVE('',#4991,#5471,#3053,.T.);
#9702=EDGE_CURVE('',#4990,#4991,#3057,.T.);
#9704=EDGE_CURVE('',#5470,#4990,#3061,.T.);
#9716=EDGE_CURVE('',#4971,#5003,#3065,.T.);
#9728=EDGE_CURVE('',#4969,#5001,#3069,.T.);
#9741=EDGE_CURVE('',#4967,#4999,#3073,.T.);
#9754=EDGE_CURVE('',#4965,#4997,#3077,.T.);
#9767=EDGE_CURVE('',#4963,#4995,#3081,.T.);
#9793=EDGE_CURVE('',#4951,#4983,#3089,.T.);
#9805=EDGE_CURVE('',#4949,#4981,#3093,.T.);
#9818=EDGE_CURVE('',#4947,#4979,#3097,.T.);
#9831=EDGE_CURVE('',#4946,#4978,#3101,.T.);
#9844=EDGE_CURVE('',#4955,#4987,#3105,.T.);
#9857=EDGE_CURVE('',#4954,#4986,#3109,.T.);
#9883=EDGE_CURVE('',#4975,#5007,#3113,.T.);
#9895=EDGE_CURVE('',#4974,#5006,#3117,.T.);
#9921=EDGE_CURVE('',#4959,#4991,#3121,.T.);
#9933=EDGE_CURVE('',#4958,#4990,#3125,.T.);
#9958=EDGE_CURVE('',#5091,#5042,#3129,.T.);
#9960=EDGE_CURVE('',#5042,#5043,#3133,.T.);
#9962=EDGE_CURVE('',#5043,#5045,#3137,.T.);
#9964=EDGE_CURVE('',#5045,#5047,#3141,.T.);
#9966=EDGE_CURVE('',#5047,#5049,#3145,.T.);
#9968=EDGE_CURVE('',#5049,#5051,#3149,.T.);
#9970=EDGE_CURVE('',#5051,#5090,#3153,.T.);
#9981=EDGE_CURVE('',#5095,#5034,#3157,.T.);
#9983=EDGE_CURVE('',#5034,#5035,#3161,.T.);
#9985=EDGE_CURVE('',#5035,#5026,#3165,.T.);
#9987=EDGE_CURVE('',#5026,#5027,#3169,.T.);
#9989=EDGE_CURVE('',#5027,#5029,#3173,.T.);
#9991=EDGE_CURVE('',#5029,#5031,#3177,.T.);
#9993=EDGE_CURVE('',#5031,#5094,#3181,.T.);
#10004=EDGE_CURVE('',#5474,#5054,#3185,.T.);
#10006=EDGE_CURVE('',#5054,#5055,#3189,.T.);
#10008=EDGE_CURVE('',#5055,#5475,#3193,.T.);
#10019=EDGE_CURVE('',#5478,#5038,#3197,.T.);
#10021=EDGE_CURVE('',#5038,#5039,#3201,.T.);
#10023=EDGE_CURVE('',#5039,#5479,#3205,.T.);
#10034=EDGE_CURVE('',#5099,#5074,#3233,.T.);
#10036=EDGE_CURVE('',#5042,#5074,#3309,.T.);
#10048=EDGE_CURVE('',#5083,#5098,#3209,.T.);
#10050=EDGE_CURVE('',#5081,#5083,#3213,.T.);
#10052=EDGE_CURVE('',#5079,#5081,#3217,.T.);
#10054=EDGE_CURVE('',#5077,#5079,#3221,.T.);
#10056=EDGE_CURVE('',#5075,#5077,#3225,.T.);
#10058=EDGE_CURVE('',#5074,#5075,#3229,.T.);
#10070=EDGE_CURVE('',#5063,#5102,#3237,.T.);
#10072=EDGE_CURVE('',#5061,#5063,#3241,.T.);
#10074=EDGE_CURVE('',#5059,#5061,#3245,.T.);
#10076=EDGE_CURVE('',#5058,#5059,#3249,.T.);
#10078=EDGE_CURVE('',#5067,#5058,#3253,.T.);
#10080=EDGE_CURVE('',#5066,#5067,#3257,.T.);
#10082=EDGE_CURVE('',#5103,#5066,#3261,.T.);
#10093=EDGE_CURVE('',#5087,#5483,#3265,.T.);
#10095=EDGE_CURVE('',#5086,#5087,#3269,.T.);
#10097=EDGE_CURVE('',#5482,#5086,#3273,.T.);
#10108=EDGE_CURVE('',#5071,#5487,#3277,.T.);
#10110=EDGE_CURVE('',#5070,#5071,#3281,.T.);
#10112=EDGE_CURVE('',#5486,#5070,#3285,.T.);
#10124=EDGE_CURVE('',#5051,#5083,#3289,.T.);
#10136=EDGE_CURVE('',#5049,#5081,#3293,.T.);
#10149=EDGE_CURVE('',#5047,#5079,#3297,.T.);
#10162=EDGE_CURVE('',#5045,#5077,#3301,.T.);
#10175=EDGE_CURVE('',#5043,#5075,#3305,.T.);
#10201=EDGE_CURVE('',#5031,#5063,#3313,.T.);
#10213=EDGE_CURVE('',#5029,#5061,#3317,.T.);
#10226=EDGE_CURVE('',#5027,#5059,#3321,.T.);
#10239=EDGE_CURVE('',#5026,#5058,#3325,.T.);
#10252=EDGE_CURVE('',#5035,#5067,#3329,.T.);
#10265=EDGE_CURVE('',#5034,#5066,#3333,.T.);
#10291=EDGE_CURVE('',#5055,#5087,#3337,.T.);
#10303=EDGE_CURVE('',#5054,#5086,#3341,.T.);
#10329=EDGE_CURVE('',#5039,#5071,#3345,.T.);
#10341=EDGE_CURVE('',#5038,#5070,#3349,.T.);
#10366=EDGE_CURVE('',#5171,#5122,#3353,.T.);
#10368=EDGE_CURVE('',#5122,#5123,#3357,.T.);
#10370=EDGE_CURVE('',#5123,#5125,#3361,.T.);
#10372=EDGE_CURVE('',#5125,#5127,#3365,.T.);
#10374=EDGE_CURVE('',#5127,#5129,#3369,.T.);
#10376=EDGE_CURVE('',#5129,#5131,#3373,.T.);
#10378=EDGE_CURVE('',#5131,#5170,#3377,.T.);
#10389=EDGE_CURVE('',#5175,#5114,#3381,.T.);
#10391=EDGE_CURVE('',#5114,#5115,#3385,.T.);
#10393=EDGE_CURVE('',#5115,#5106,#3389,.T.);
#10395=EDGE_CURVE('',#5106,#5107,#3393,.T.);
#10397=EDGE_CURVE('',#5107,#5109,#3397,.T.);
#10399=EDGE_CURVE('',#5109,#5111,#3401,.T.);
#10401=EDGE_CURVE('',#5111,#5174,#3405,.T.);
#10412=EDGE_CURVE('',#5490,#5134,#3409,.T.);
#10414=EDGE_CURVE('',#5134,#5135,#3413,.T.);
#10416=EDGE_CURVE('',#5135,#5491,#3417,.T.);
#10427=EDGE_CURVE('',#5494,#5118,#3421,.T.);
#10429=EDGE_CURVE('',#5118,#5119,#3425,.T.);
#10431=EDGE_CURVE('',#5119,#5495,#3429,.T.);
#10442=EDGE_CURVE('',#5179,#5154,#3457,.T.);
#10444=EDGE_CURVE('',#5122,#5154,#3533,.T.);
#10456=EDGE_CURVE('',#5163,#5178,#3433,.T.);
#10458=EDGE_CURVE('',#5161,#5163,#3437,.T.);
#10460=EDGE_CURVE('',#5159,#5161,#3441,.T.);
#10462=EDGE_CURVE('',#5157,#5159,#3445,.T.);
#10464=EDGE_CURVE('',#5155,#5157,#3449,.T.);
#10466=EDGE_CURVE('',#5154,#5155,#3453,.T.);
#10478=EDGE_CURVE('',#5143,#5182,#3461,.T.);
#10480=EDGE_CURVE('',#5141,#5143,#3465,.T.);
#10482=EDGE_CURVE('',#5139,#5141,#3469,.T.);
#10484=EDGE_CURVE('',#5138,#5139,#3473,.T.);
#10486=EDGE_CURVE('',#5147,#5138,#3477,.T.);
#10488=EDGE_CURVE('',#5146,#5147,#3481,.T.);
#10490=EDGE_CURVE('',#5183,#5146,#3485,.T.);
#10501=EDGE_CURVE('',#5167,#5499,#3489,.T.);
#10503=EDGE_CURVE('',#5166,#5167,#3493,.T.);
#10505=EDGE_CURVE('',#5498,#5166,#3497,.T.);
#10516=EDGE_CURVE('',#5151,#5503,#3501,.T.);
#10518=EDGE_CURVE('',#5150,#5151,#3505,.T.);
#10520=EDGE_CURVE('',#5502,#5150,#3509,.T.);
#10532=EDGE_CURVE('',#5131,#5163,#3513,.T.);
#10544=EDGE_CURVE('',#5129,#5161,#3517,.T.);
#10557=EDGE_CURVE('',#5127,#5159,#3521,.T.);
#10570=EDGE_CURVE('',#5125,#5157,#3525,.T.);
#10583=EDGE_CURVE('',#5123,#5155,#3529,.T.);
#10609=EDGE_CURVE('',#5111,#5143,#3537,.T.);
#10621=EDGE_CURVE('',#5109,#5141,#3541,.T.);
#10634=EDGE_CURVE('',#5107,#5139,#3545,.T.);
#10647=EDGE_CURVE('',#5106,#5138,#3549,.T.);
#10660=EDGE_CURVE('',#5115,#5147,#3553,.T.);
#10673=EDGE_CURVE('',#5114,#5146,#3557,.T.);
#10699=EDGE_CURVE('',#5135,#5167,#3561,.T.);
#10711=EDGE_CURVE('',#5134,#5166,#3565,.T.);
#10737=EDGE_CURVE('',#5119,#5151,#3569,.T.);
#10749=EDGE_CURVE('',#5118,#5150,#3573,.T.);
#10774=EDGE_CURVE('',#5251,#5202,#3577,.T.);
#10776=EDGE_CURVE('',#5202,#5203,#3581,.T.);
#10778=EDGE_CURVE('',#5203,#5205,#3585,.T.);
#10780=EDGE_CURVE('',#5205,#5207,#3589,.T.);
#10782=EDGE_CURVE('',#5207,#5209,#3593,.T.);
#10784=EDGE_CURVE('',#5209,#5211,#3597,.T.);
#10786=EDGE_CURVE('',#5211,#5250,#3601,.T.);
#10797=EDGE_CURVE('',#5255,#5194,#3605,.T.);
#10799=EDGE_CURVE('',#5194,#5195,#3609,.T.);
#10801=EDGE_CURVE('',#5195,#5186,#3613,.T.);
#10803=EDGE_CURVE('',#5186,#5187,#3617,.T.);
#10805=EDGE_CURVE('',#5187,#5189,#3621,.T.);
#10807=EDGE_CURVE('',#5189,#5191,#3625,.T.);
#10809=EDGE_CURVE('',#5191,#5254,#3629,.T.);
#10820=EDGE_CURVE('',#5506,#5214,#3633,.T.);
#10822=EDGE_CURVE('',#5214,#5215,#3637,.T.);
#10824=EDGE_CURVE('',#5215,#5507,#3641,.T.);
#10835=EDGE_CURVE('',#5510,#5198,#3645,.T.);
#10837=EDGE_CURVE('',#5198,#5199,#3649,.T.);
#10839=EDGE_CURVE('',#5199,#5511,#3653,.T.);
#10850=EDGE_CURVE('',#5259,#5234,#3681,.T.);
#10852=EDGE_CURVE('',#5202,#5234,#3757,.T.);
#10864=EDGE_CURVE('',#5243,#5258,#3657,.T.);
#10866=EDGE_CURVE('',#5241,#5243,#3661,.T.);
#10868=EDGE_CURVE('',#5239,#5241,#3665,.T.);
#10870=EDGE_CURVE('',#5237,#5239,#3669,.T.);
#10872=EDGE_CURVE('',#5235,#5237,#3673,.T.);
#10874=EDGE_CURVE('',#5234,#5235,#3677,.T.);
#10886=EDGE_CURVE('',#5223,#5262,#3685,.T.);
#10888=EDGE_CURVE('',#5221,#5223,#3689,.T.);
#10890=EDGE_CURVE('',#5219,#5221,#3693,.T.);
#10892=EDGE_CURVE('',#5218,#5219,#3697,.T.);
#10894=EDGE_CURVE('',#5227,#5218,#3701,.T.);
#10896=EDGE_CURVE('',#5226,#5227,#3705,.T.);
#10898=EDGE_CURVE('',#5263,#5226,#3709,.T.);
#10909=EDGE_CURVE('',#5247,#5515,#3713,.T.);
#10911=EDGE_CURVE('',#5246,#5247,#3717,.T.);
#10913=EDGE_CURVE('',#5514,#5246,#3721,.T.);
#10924=EDGE_CURVE('',#5231,#5519,#3725,.T.);
#10926=EDGE_CURVE('',#5230,#5231,#3729,.T.);
#10928=EDGE_CURVE('',#5518,#5230,#3733,.T.);
#10940=EDGE_CURVE('',#5211,#5243,#3737,.T.);
#10952=EDGE_CURVE('',#5209,#5241,#3741,.T.);
#10965=EDGE_CURVE('',#5207,#5239,#3745,.T.);
#10978=EDGE_CURVE('',#5205,#5237,#3749,.T.);
#10991=EDGE_CURVE('',#5203,#5235,#3753,.T.);
#11017=EDGE_CURVE('',#5191,#5223,#3761,.T.);
#11029=EDGE_CURVE('',#5189,#5221,#3765,.T.);
#11042=EDGE_CURVE('',#5187,#5219,#3769,.T.);
#11055=EDGE_CURVE('',#5186,#5218,#3773,.T.);
#11068=EDGE_CURVE('',#5195,#5227,#3777,.T.);
#11081=EDGE_CURVE('',#5194,#5226,#3781,.T.);
#11107=EDGE_CURVE('',#5215,#5247,#3785,.T.);
#11119=EDGE_CURVE('',#5214,#5246,#3789,.T.);
#11145=EDGE_CURVE('',#5199,#5231,#3793,.T.);
#11157=EDGE_CURVE('',#5198,#5230,#3797,.T.);
#11182=EDGE_CURVE('',#5592,#5556,#3801,.T.);
#11184=EDGE_CURVE('',#5556,#5557,#3805,.T.);
#11186=EDGE_CURVE('',#5557,#5593,#3809,.T.);
#11197=EDGE_CURVE('',#5596,#5540,#3813,.T.);
#11199=EDGE_CURVE('',#5540,#5541,#3817,.T.);
#11201=EDGE_CURVE('',#5541,#5597,#3821,.T.);
#11212=EDGE_CURVE('',#5609,#5544,#3825,.T.);
#11214=EDGE_CURVE('',#5544,#5545,#3829,.T.);
#11216=EDGE_CURVE('',#5545,#5547,#3833,.T.);
#11218=EDGE_CURVE('',#5547,#5549,#3837,.T.);
#11220=EDGE_CURVE('',#5549,#5551,#3841,.T.);
#11222=EDGE_CURVE('',#5551,#5553,#3845,.T.);
#11224=EDGE_CURVE('',#5553,#5608,#3849,.T.);
#11235=EDGE_CURVE('',#5613,#5536,#3853,.T.);
#11237=EDGE_CURVE('',#5536,#5537,#3857,.T.);
#11239=EDGE_CURVE('',#5537,#5528,#3861,.T.);
#11241=EDGE_CURVE('',#5528,#5529,#3865,.T.);
#11243=EDGE_CURVE('',#5529,#5531,#3869,.T.);
#11245=EDGE_CURVE('',#5531,#5533,#3873,.T.);
#11247=EDGE_CURVE('',#5533,#5612,#3877,.T.);
#11258=EDGE_CURVE('',#5600,#5588,#3889,.T.);
#11260=EDGE_CURVE('',#5556,#5588,#3965,.T.);
#11272=EDGE_CURVE('',#5589,#5601,#3881,.T.);
#11274=EDGE_CURVE('',#5588,#5589,#3885,.T.);
#11286=EDGE_CURVE('',#5573,#5605,#3893,.T.);
#11288=EDGE_CURVE('',#5572,#5573,#3897,.T.);
#11290=EDGE_CURVE('',#5604,#5572,#3901,.T.);
#11301=EDGE_CURVE('',#5585,#5616,#3905,.T.);
#11303=EDGE_CURVE('',#5583,#5585,#3909,.T.);
#11305=EDGE_CURVE('',#5581,#5583,#3913,.T.);
#11307=EDGE_CURVE('',#5579,#5581,#3917,.T.);
#11309=EDGE_CURVE('',#5577,#5579,#3921,.T.);
#11311=EDGE_CURVE('',#5576,#5577,#3925,.T.);
#11313=EDGE_CURVE('',#5617,#5576,#3929,.T.);
#11324=EDGE_CURVE('',#5565,#5620,#3933,.T.);
#11326=EDGE_CURVE('',#5563,#5565,#3937,.T.);
#11328=EDGE_CURVE('',#5561,#5563,#3941,.T.);
#11330=EDGE_CURVE('',#5560,#5561,#3945,.T.);
#11332=EDGE_CURVE('',#5569,#5560,#3949,.T.);
#11334=EDGE_CURVE('',#5568,#5569,#3953,.T.);
#11336=EDGE_CURVE('',#5621,#5568,#3957,.T.);
#11348=EDGE_CURVE('',#5557,#5589,#3961,.T.);
#11373=EDGE_CURVE('',#5541,#5573,#3969,.T.);
#11385=EDGE_CURVE('',#5540,#5572,#3973,.T.);
#11411=EDGE_CURVE('',#5553,#5585,#3977,.T.);
#11423=EDGE_CURVE('',#5551,#5583,#3981,.T.);
#11436=EDGE_CURVE('',#5549,#5581,#3985,.T.);
#11449=EDGE_CURVE('',#5547,#5579,#3989,.T.);
#11462=EDGE_CURVE('',#5545,#5577,#3993,.T.);
#11475=EDGE_CURVE('',#5544,#5576,#3997,.T.);
#11501=EDGE_CURVE('',#5533,#5565,#4001,.T.);
#11513=EDGE_CURVE('',#5531,#5563,#4005,.T.);
#11526=EDGE_CURVE('',#5529,#5561,#4009,.T.);
#11539=EDGE_CURVE('',#5528,#5560,#4013,.T.);
#11552=EDGE_CURVE('',#5537,#5569,#4017,.T.);
#11565=EDGE_CURVE('',#5536,#5568,#4021,.T.);
#11590=EDGE_CURVE('',#5688,#5652,#4025,.T.);
#11592=EDGE_CURVE('',#5652,#5653,#4029,.T.);
#11594=EDGE_CURVE('',#5653,#5689,#4033,.T.);
#11605=EDGE_CURVE('',#5692,#5636,#4037,.T.);
#11607=EDGE_CURVE('',#5636,#5637,#4041,.T.);
#11609=EDGE_CURVE('',#5637,#5693,#4045,.T.);
#11620=EDGE_CURVE('',#5705,#5640,#4049,.T.);
#11622=EDGE_CURVE('',#5640,#5641,#4053,.T.);
#11624=EDGE_CURVE('',#5641,#5643,#4057,.T.);
#11626=EDGE_CURVE('',#5643,#5645,#4061,.T.);
#11628=EDGE_CURVE('',#5645,#5647,#4065,.T.);
#11630=EDGE_CURVE('',#5647,#5649,#4069,.T.);
#11632=EDGE_CURVE('',#5649,#5704,#4073,.T.);
#11643=EDGE_CURVE('',#5709,#5632,#4077,.T.);
#11645=EDGE_CURVE('',#5632,#5633,#4081,.T.);
#11647=EDGE_CURVE('',#5633,#5624,#4085,.T.);
#11649=EDGE_CURVE('',#5624,#5625,#4089,.T.);
#11651=EDGE_CURVE('',#5625,#5627,#4093,.T.);
#11653=EDGE_CURVE('',#5627,#5629,#4097,.T.);
#11655=EDGE_CURVE('',#5629,#5708,#4101,.T.);
#11666=EDGE_CURVE('',#5696,#5684,#4113,.T.);
#11668=EDGE_CURVE('',#5652,#5684,#4189,.T.);
#11680=EDGE_CURVE('',#5685,#5697,#4105,.T.);
#11682=EDGE_CURVE('',#5684,#5685,#4109,.T.);
#11694=EDGE_CURVE('',#5669,#5701,#4117,.T.);
#11696=EDGE_CURVE('',#5668,#5669,#4121,.T.);
#11698=EDGE_CURVE('',#5700,#5668,#4125,.T.);
#11709=EDGE_CURVE('',#5681,#5712,#4129,.T.);
#11711=EDGE_CURVE('',#5679,#5681,#4133,.T.);
#11713=EDGE_CURVE('',#5677,#5679,#4137,.T.);
#11715=EDGE_CURVE('',#5675,#5677,#4141,.T.);
#11717=EDGE_CURVE('',#5673,#5675,#4145,.T.);
#11719=EDGE_CURVE('',#5672,#5673,#4149,.T.);
#11721=EDGE_CURVE('',#5713,#5672,#4153,.T.);
#11732=EDGE_CURVE('',#5661,#5716,#4157,.T.);
#11734=EDGE_CURVE('',#5659,#5661,#4161,.T.);
#11736=EDGE_CURVE('',#5657,#5659,#4165,.T.);
#11738=EDGE_CURVE('',#5656,#5657,#4169,.T.);
#11740=EDGE_CURVE('',#5665,#5656,#4173,.T.);
#11742=EDGE_CURVE('',#5664,#5665,#4177,.T.);
#11744=EDGE_CURVE('',#5717,#5664,#4181,.T.);
#11756=EDGE_CURVE('',#5653,#5685,#4185,.T.);
#11781=EDGE_CURVE('',#5637,#5669,#4193,.T.);
#11793=EDGE_CURVE('',#5636,#5668,#4197,.T.);
#11819=EDGE_CURVE('',#5649,#5681,#4201,.T.);
#11831=EDGE_CURVE('',#5647,#5679,#4205,.T.);
#11844=EDGE_CURVE('',#5645,#5677,#4209,.T.);
#11857=EDGE_CURVE('',#5643,#5675,#4213,.T.);
#11870=EDGE_CURVE('',#5641,#5673,#4217,.T.);
#11883=EDGE_CURVE('',#5640,#5672,#4221,.T.);
#11909=EDGE_CURVE('',#5629,#5661,#4225,.T.);
#11921=EDGE_CURVE('',#5627,#5659,#4229,.T.);
#11934=EDGE_CURVE('',#5625,#5657,#4233,.T.);
#11947=EDGE_CURVE('',#5624,#5656,#4237,.T.);
#11960=EDGE_CURVE('',#5633,#5665,#4241,.T.);
#11973=EDGE_CURVE('',#5632,#5664,#4245,.T.);
#11998=EDGE_CURVE('',#5275,#5278,#4249,.T.);
#12001=EDGE_CURVE('',#5345,#5279,#4281,.T.);
#12012=EDGE_CURVE('',#5273,#5291,#4253,.T.);
#12025=EDGE_CURVE('',#5271,#5289,#4257,.T.);
#12038=EDGE_CURVE('',#5269,#5287,#4261,.T.);
#12051=EDGE_CURVE('',#5267,#5285,#4265,.T.);
#12064=EDGE_CURVE('',#5266,#5283,#4269,.T.);
#12077=EDGE_CURVE('',#5349,#5281,#4273,.T.);
#12089=EDGE_CURVE('',#5345,#5349,#4277,.T.);
#12105=EDGE_CURVE('',#5335,#5339,#4293,.T.);
#12107=EDGE_CURVE('',#5334,#5335,#4285,.T.);
#12119=EDGE_CURVE('',#5338,#5335,#4289,.T.);
#12131=EDGE_CURVE('',#5356,#5353,#4297,.T.);
#12133=EDGE_CURVE('',#5353,#5357,#4301,.T.);
#12168=EDGE_CURVE('',#5352,#5353,#4313,.T.);
#12196=ADVANCED_BREP_SHAPE_REPRESENTATION('',(#12187),#12195);
#12203=PRODUCT_DEFINITION('design','',#12202,#12199);
#12204=PRODUCT_DEFINITION_SHAPE('','SHAPE FOR C-5-87579-9.',#12203);
#12205=SHAPE_REPRESENTATION('',(#12187),#12195);
#12206=SHAPE_ASPECT('','solid data associated with C-5-87579-9',#12204,.F.);
#12207=PROPERTY_DEFINITION('',
'shape for solid data with which properties are associated',#12206);
#12208=SHAPE_DEFINITION_REPRESENTATION(#12207,#12205);
#12213=PROPERTY_DEFINITION('geometric_validation_property',
'area of C-5-87579-9',#12206);
#12214=REPRESENTATION('surface area',(#12212),#12195);
#12215=PROPERTY_DEFINITION_REPRESENTATION(#12213,#12214);
#12220=PROPERTY_DEFINITION('geometric_validation_property',
'volume of C-5-87579-9',#12206);
#12221=REPRESENTATION('volume',(#12219),#12195);
#12222=PROPERTY_DEFINITION_REPRESENTATION(#12220,#12221);
#12224=PROPERTY_DEFINITION('geometric_validation_property',
'centroid of C-5-87579-9',#12206);
#12225=REPRESENTATION('centroid',(#12223),#12195);
#12226=PROPERTY_DEFINITION_REPRESENTATION(#12224,#12225);
#12227=SHAPE_DEFINITION_REPRESENTATION(#12204,#12196);
ENDSEC;
END-ISO-10303-21;
