ISO-10303-21;
HEADER;
/* Generated by software containing ST-Developer
 * from STEP Tools, Inc. (www.steptools.com) 
 */
/* OPTION: using custom renumber hook */

FILE_DESCRIPTION(
/* description */ ('STEP AP214'),
/* implementation_level */ '2;1');

FILE_NAME(
/* name */ 'FTSH-112-01-L-DV-K',
/* time_stamp */ '2026-07-24T20:18:37+02:00',
/* author */ ('License CC BY-ND 4.0'),
/* organization */ ('CADENAS'),
/* preprocessor_version */ 'ST-DEVELOPER v20',
/* originating_system */ 'PARTsolutions',
/* authorisation */ '  ');

FILE_SCHEMA (('AUTOMOTIVE_DESIGN {1 0 10303 214 3 1 1}'));
ENDSEC;

DATA;
#10=PROPERTY_DEFINITION_REPRESENTATION(#14,#12);
#11=PROPERTY_DEFINITION_REPRESENTATION(#15,#13);
#12=REPRESENTATION('',(#16),#16355);
#13=REPRESENTATION('',(#17),#16355);
#14=PROPERTY_DEFINITION('pmi validation property','',#16369);
#15=PROPERTY_DEFINITION('pmi validation property','',#16369);
#16=VALUE_REPRESENTATION_ITEM('number of annotations',COUNT_MEASURE(0.));
#17=VALUE_REPRESENTATION_ITEM('number of views',COUNT_MEASURE(0.));
#18=CIRCLE('',#10728,0.0250000000000005);
#19=CIRCLE('',#10729,0.0250000000000005);
#20=CIRCLE('',#10731,0.0250000000000005);
#21=CIRCLE('',#10732,0.0250000000000005);
#22=CIRCLE('',#10734,0.0250000000000005);
#23=CIRCLE('',#10735,0.0250000000000005);
#24=CIRCLE('',#10737,0.0250000000000005);
#25=CIRCLE('',#10738,0.0250000000000005);
#26=CIRCLE('',#10740,0.0250000000000005);
#27=CIRCLE('',#10741,0.0250000000000005);
#28=CIRCLE('',#10743,0.0250000000000005);
#29=CIRCLE('',#10744,0.0250000000000005);
#30=CIRCLE('',#10746,0.0250000000000005);
#31=CIRCLE('',#10747,0.0250000000000005);
#32=CIRCLE('',#10749,0.0250000000000005);
#33=CIRCLE('',#10750,0.0250000000000005);
#34=CIRCLE('',#10752,0.0250000000000005);
#35=CIRCLE('',#10753,0.0250000000000005);
#36=CIRCLE('',#10755,0.0250000000000005);
#37=CIRCLE('',#10756,0.0250000000000005);
#38=CIRCLE('',#10758,0.0250000000000005);
#39=CIRCLE('',#10759,0.0250000000000005);
#40=CIRCLE('',#10783,0.0250000000000005);
#41=CIRCLE('',#10784,0.0250000000000005);
#42=CIRCLE('',#10786,0.0250000000000005);
#43=CIRCLE('',#10787,0.0250000000000005);
#44=CIRCLE('',#10789,0.0250000000000005);
#45=CIRCLE('',#10790,0.0250000000000005);
#46=CIRCLE('',#10792,0.0250000000000005);
#47=CIRCLE('',#10793,0.0250000000000005);
#48=CIRCLE('',#10795,0.0250000000000005);
#49=CIRCLE('',#10796,0.0250000000000005);
#50=CIRCLE('',#10798,0.0250000000000005);
#51=CIRCLE('',#10799,0.0250000000000005);
#52=CIRCLE('',#10801,0.0250000000000005);
#53=CIRCLE('',#10802,0.0250000000000005);
#54=CIRCLE('',#10804,0.0250000000000005);
#55=CIRCLE('',#10805,0.0250000000000005);
#56=CIRCLE('',#10807,0.0250000000000005);
#57=CIRCLE('',#10808,0.0250000000000005);
#58=CIRCLE('',#10810,0.0250000000000005);
#59=CIRCLE('',#10811,0.0250000000000005);
#60=CIRCLE('',#10813,0.0250000000000005);
#61=CIRCLE('',#10814,0.0250000000000005);
#62=CIRCLE('',#10852,0.0250000000000005);
#63=CIRCLE('',#10853,0.0250000000000005);
#64=CIRCLE('',#10858,0.0250000000000005);
#65=CIRCLE('',#10859,0.0250000000000005);
#66=CYLINDRICAL_SURFACE('',#10727,0.0250000000000005);
#67=CYLINDRICAL_SURFACE('',#10730,0.0250000000000005);
#68=CYLINDRICAL_SURFACE('',#10733,0.0250000000000005);
#69=CYLINDRICAL_SURFACE('',#10736,0.0250000000000005);
#70=CYLINDRICAL_SURFACE('',#10739,0.0250000000000005);
#71=CYLINDRICAL_SURFACE('',#10742,0.0250000000000005);
#72=CYLINDRICAL_SURFACE('',#10745,0.0250000000000005);
#73=CYLINDRICAL_SURFACE('',#10748,0.0250000000000005);
#74=CYLINDRICAL_SURFACE('',#10751,0.0250000000000005);
#75=CYLINDRICAL_SURFACE('',#10754,0.0250000000000005);
#76=CYLINDRICAL_SURFACE('',#10757,0.0250000000000005);
#77=CYLINDRICAL_SURFACE('',#10782,0.0250000000000005);
#78=CYLINDRICAL_SURFACE('',#10785,0.0250000000000005);
#79=CYLINDRICAL_SURFACE('',#10788,0.0250000000000005);
#80=CYLINDRICAL_SURFACE('',#10791,0.0250000000000005);
#81=CYLINDRICAL_SURFACE('',#10794,0.0250000000000005);
#82=CYLINDRICAL_SURFACE('',#10797,0.0250000000000005);
#83=CYLINDRICAL_SURFACE('',#10800,0.0250000000000005);
#84=CYLINDRICAL_SURFACE('',#10803,0.0250000000000005);
#85=CYLINDRICAL_SURFACE('',#10806,0.0250000000000005);
#86=CYLINDRICAL_SURFACE('',#10809,0.0250000000000005);
#87=CYLINDRICAL_SURFACE('',#10812,0.0250000000000005);
#88=CYLINDRICAL_SURFACE('',#10851,0.0250000000000005);
#89=CYLINDRICAL_SURFACE('',#10857,0.0250000000000005);
#90=CONTEXT_DEPENDENT_SHAPE_REPRESENTATION(#96,#16371);
#91=CONTEXT_DEPENDENT_SHAPE_REPRESENTATION(#97,#16373);
#92=CONTEXT_DEPENDENT_SHAPE_REPRESENTATION(#98,#16375);
#93=NEXT_ASSEMBLY_USAGE_OCCURRENCE('NAUO1','FTSH-112-01-L-DV-K_body',
'FTSH-112-01-L-DV-K_body',#16376,#16377,'');
#94=NEXT_ASSEMBLY_USAGE_OCCURRENCE('NAUO2','FTSH-112-01-L-DV-K_pins1',
'FTSH-112-01-L-DV-K_pins1',#16376,#16378,'');
#95=NEXT_ASSEMBLY_USAGE_OCCURRENCE('NAUO3','FTSH-112-01-L-DV-K_pins2',
'FTSH-112-01-L-DV-K_pins2',#16376,#16379,'');
#96=(
REPRESENTATION_RELATIONSHIP(' ',' ',#10331,#10330)
REPRESENTATION_RELATIONSHIP_WITH_TRANSFORMATION(#99)
SHAPE_REPRESENTATION_RELATIONSHIP()
);
#97=(
REPRESENTATION_RELATIONSHIP(' ',' ',#10332,#10330)
REPRESENTATION_RELATIONSHIP_WITH_TRANSFORMATION(#100)
SHAPE_REPRESENTATION_RELATIONSHIP()
);
#98=(
REPRESENTATION_RELATIONSHIP(' ',' ',#10333,#10330)
REPRESENTATION_RELATIONSHIP_WITH_TRANSFORMATION(#101)
SHAPE_REPRESENTATION_RELATIONSHIP()
);
#99=ITEM_DEFINED_TRANSFORMATION(' ',' ',#10334,#10475);
#100=ITEM_DEFINED_TRANSFORMATION(' ',' ',#10334,#10693);
#101=ITEM_DEFINED_TRANSFORMATION(' ',' ',#10334,#10911);
#102=SHAPE_REPRESENTATION_RELATIONSHIP('','',#10331,#105);
#103=SHAPE_REPRESENTATION_RELATIONSHIP('','',#10332,#106);
#104=SHAPE_REPRESENTATION_RELATIONSHIP('','',#10333,#107);
#105=ADVANCED_BREP_SHAPE_REPRESENTATION('',(#10323),#16356);
#106=ADVANCED_BREP_SHAPE_REPRESENTATION('',(#10324),#16357);
#107=ADVANCED_BREP_SHAPE_REPRESENTATION('',(#10325),#16358);
#108=ORIENTED_EDGE('',*,*,#2988,.T.);
#109=ORIENTED_EDGE('',*,*,#2989,.T.);
#110=ORIENTED_EDGE('',*,*,#2990,.T.);
#111=ORIENTED_EDGE('',*,*,#2991,.T.);
#112=ORIENTED_EDGE('',*,*,#2992,.F.);
#113=ORIENTED_EDGE('',*,*,#2993,.F.);
#114=ORIENTED_EDGE('',*,*,#2994,.T.);
#115=ORIENTED_EDGE('',*,*,#2995,.T.);
#116=ORIENTED_EDGE('',*,*,#2996,.T.);
#117=ORIENTED_EDGE('',*,*,#2997,.T.);
#118=ORIENTED_EDGE('',*,*,#2998,.T.);
#119=ORIENTED_EDGE('',*,*,#2999,.T.);
#120=ORIENTED_EDGE('',*,*,#3000,.T.);
#121=ORIENTED_EDGE('',*,*,#3001,.T.);
#122=ORIENTED_EDGE('',*,*,#3002,.F.);
#123=ORIENTED_EDGE('',*,*,#3003,.T.);
#124=ORIENTED_EDGE('',*,*,#3004,.T.);
#125=ORIENTED_EDGE('',*,*,#3005,.T.);
#126=ORIENTED_EDGE('',*,*,#3006,.T.);
#127=ORIENTED_EDGE('',*,*,#3007,.T.);
#128=ORIENTED_EDGE('',*,*,#3008,.F.);
#129=ORIENTED_EDGE('',*,*,#2998,.F.);
#130=ORIENTED_EDGE('',*,*,#3009,.F.);
#131=ORIENTED_EDGE('',*,*,#2990,.F.);
#132=ORIENTED_EDGE('',*,*,#3010,.F.);
#133=ORIENTED_EDGE('',*,*,#2994,.F.);
#134=ORIENTED_EDGE('',*,*,#3011,.F.);
#135=ORIENTED_EDGE('',*,*,#3006,.F.);
#136=ORIENTED_EDGE('',*,*,#3012,.T.);
#137=ORIENTED_EDGE('',*,*,#3013,.T.);
#138=ORIENTED_EDGE('',*,*,#3014,.T.);
#139=ORIENTED_EDGE('',*,*,#3015,.T.);
#140=ORIENTED_EDGE('',*,*,#3016,.F.);
#141=ORIENTED_EDGE('',*,*,#3017,.F.);
#142=ORIENTED_EDGE('',*,*,#3018,.F.);
#143=ORIENTED_EDGE('',*,*,#3019,.T.);
#144=ORIENTED_EDGE('',*,*,#3020,.F.);
#145=ORIENTED_EDGE('',*,*,#3021,.T.);
#146=ORIENTED_EDGE('',*,*,#3022,.T.);
#147=ORIENTED_EDGE('',*,*,#3023,.F.);
#148=ORIENTED_EDGE('',*,*,#3024,.F.);
#149=ORIENTED_EDGE('',*,*,#3025,.T.);
#150=ORIENTED_EDGE('',*,*,#3026,.T.);
#151=ORIENTED_EDGE('',*,*,#3027,.F.);
#152=ORIENTED_EDGE('',*,*,#3028,.T.);
#153=ORIENTED_EDGE('',*,*,#3029,.T.);
#154=ORIENTED_EDGE('',*,*,#3030,.F.);
#155=ORIENTED_EDGE('',*,*,#3031,.T.);
#156=ORIENTED_EDGE('',*,*,#3030,.T.);
#157=ORIENTED_EDGE('',*,*,#3032,.T.);
#158=ORIENTED_EDGE('',*,*,#3033,.F.);
#159=ORIENTED_EDGE('',*,*,#3034,.T.);
#160=ORIENTED_EDGE('',*,*,#3033,.T.);
#161=ORIENTED_EDGE('',*,*,#3035,.T.);
#162=ORIENTED_EDGE('',*,*,#3036,.F.);
#163=ORIENTED_EDGE('',*,*,#3037,.T.);
#164=ORIENTED_EDGE('',*,*,#3038,.T.);
#165=ORIENTED_EDGE('',*,*,#3039,.T.);
#166=ORIENTED_EDGE('',*,*,#3040,.F.);
#167=ORIENTED_EDGE('',*,*,#3041,.T.);
#168=ORIENTED_EDGE('',*,*,#3040,.T.);
#169=ORIENTED_EDGE('',*,*,#3042,.T.);
#170=ORIENTED_EDGE('',*,*,#3043,.F.);
#171=ORIENTED_EDGE('',*,*,#3044,.T.);
#172=ORIENTED_EDGE('',*,*,#3043,.T.);
#173=ORIENTED_EDGE('',*,*,#3045,.T.);
#174=ORIENTED_EDGE('',*,*,#3046,.F.);
#175=ORIENTED_EDGE('',*,*,#3047,.T.);
#176=ORIENTED_EDGE('',*,*,#3048,.T.);
#177=ORIENTED_EDGE('',*,*,#3049,.T.);
#178=ORIENTED_EDGE('',*,*,#3050,.F.);
#179=ORIENTED_EDGE('',*,*,#3051,.T.);
#180=ORIENTED_EDGE('',*,*,#3050,.T.);
#181=ORIENTED_EDGE('',*,*,#3052,.T.);
#182=ORIENTED_EDGE('',*,*,#3053,.F.);
#183=ORIENTED_EDGE('',*,*,#3054,.T.);
#184=ORIENTED_EDGE('',*,*,#3053,.T.);
#185=ORIENTED_EDGE('',*,*,#3055,.T.);
#186=ORIENTED_EDGE('',*,*,#3056,.F.);
#187=ORIENTED_EDGE('',*,*,#3057,.T.);
#188=ORIENTED_EDGE('',*,*,#3058,.T.);
#189=ORIENTED_EDGE('',*,*,#3059,.T.);
#190=ORIENTED_EDGE('',*,*,#3060,.F.);
#191=ORIENTED_EDGE('',*,*,#3061,.T.);
#192=ORIENTED_EDGE('',*,*,#3060,.T.);
#193=ORIENTED_EDGE('',*,*,#3062,.T.);
#194=ORIENTED_EDGE('',*,*,#3063,.F.);
#195=ORIENTED_EDGE('',*,*,#3064,.T.);
#196=ORIENTED_EDGE('',*,*,#3063,.T.);
#197=ORIENTED_EDGE('',*,*,#3065,.T.);
#198=ORIENTED_EDGE('',*,*,#3066,.F.);
#199=ORIENTED_EDGE('',*,*,#3067,.T.);
#200=ORIENTED_EDGE('',*,*,#3068,.T.);
#201=ORIENTED_EDGE('',*,*,#3069,.T.);
#202=ORIENTED_EDGE('',*,*,#3070,.F.);
#203=ORIENTED_EDGE('',*,*,#3071,.T.);
#204=ORIENTED_EDGE('',*,*,#3070,.T.);
#205=ORIENTED_EDGE('',*,*,#3072,.T.);
#206=ORIENTED_EDGE('',*,*,#3073,.F.);
#207=ORIENTED_EDGE('',*,*,#3074,.T.);
#208=ORIENTED_EDGE('',*,*,#3073,.T.);
#209=ORIENTED_EDGE('',*,*,#3075,.T.);
#210=ORIENTED_EDGE('',*,*,#3076,.F.);
#211=ORIENTED_EDGE('',*,*,#3077,.T.);
#212=ORIENTED_EDGE('',*,*,#3078,.T.);
#213=ORIENTED_EDGE('',*,*,#3079,.T.);
#214=ORIENTED_EDGE('',*,*,#3080,.F.);
#215=ORIENTED_EDGE('',*,*,#3081,.T.);
#216=ORIENTED_EDGE('',*,*,#3080,.T.);
#217=ORIENTED_EDGE('',*,*,#3082,.T.);
#218=ORIENTED_EDGE('',*,*,#3083,.F.);
#219=ORIENTED_EDGE('',*,*,#3084,.T.);
#220=ORIENTED_EDGE('',*,*,#3083,.T.);
#221=ORIENTED_EDGE('',*,*,#3085,.T.);
#222=ORIENTED_EDGE('',*,*,#3086,.F.);
#223=ORIENTED_EDGE('',*,*,#3087,.T.);
#224=ORIENTED_EDGE('',*,*,#3088,.T.);
#225=ORIENTED_EDGE('',*,*,#3089,.T.);
#226=ORIENTED_EDGE('',*,*,#3090,.F.);
#227=ORIENTED_EDGE('',*,*,#3091,.T.);
#228=ORIENTED_EDGE('',*,*,#3090,.T.);
#229=ORIENTED_EDGE('',*,*,#3092,.T.);
#230=ORIENTED_EDGE('',*,*,#3093,.F.);
#231=ORIENTED_EDGE('',*,*,#3094,.T.);
#232=ORIENTED_EDGE('',*,*,#3093,.T.);
#233=ORIENTED_EDGE('',*,*,#3095,.T.);
#234=ORIENTED_EDGE('',*,*,#3096,.F.);
#235=ORIENTED_EDGE('',*,*,#3097,.T.);
#236=ORIENTED_EDGE('',*,*,#3098,.T.);
#237=ORIENTED_EDGE('',*,*,#3099,.T.);
#238=ORIENTED_EDGE('',*,*,#3100,.F.);
#239=ORIENTED_EDGE('',*,*,#3101,.T.);
#240=ORIENTED_EDGE('',*,*,#3100,.T.);
#241=ORIENTED_EDGE('',*,*,#3102,.T.);
#242=ORIENTED_EDGE('',*,*,#3103,.F.);
#243=ORIENTED_EDGE('',*,*,#3104,.T.);
#244=ORIENTED_EDGE('',*,*,#3103,.T.);
#245=ORIENTED_EDGE('',*,*,#3105,.T.);
#246=ORIENTED_EDGE('',*,*,#3106,.F.);
#247=ORIENTED_EDGE('',*,*,#3107,.T.);
#248=ORIENTED_EDGE('',*,*,#3036,.T.);
#249=ORIENTED_EDGE('',*,*,#3108,.T.);
#250=ORIENTED_EDGE('',*,*,#3028,.F.);
#251=ORIENTED_EDGE('',*,*,#3109,.T.);
#252=ORIENTED_EDGE('',*,*,#3046,.T.);
#253=ORIENTED_EDGE('',*,*,#3110,.T.);
#254=ORIENTED_EDGE('',*,*,#3038,.F.);
#255=ORIENTED_EDGE('',*,*,#3111,.T.);
#256=ORIENTED_EDGE('',*,*,#3056,.T.);
#257=ORIENTED_EDGE('',*,*,#3112,.T.);
#258=ORIENTED_EDGE('',*,*,#3048,.F.);
#259=ORIENTED_EDGE('',*,*,#3113,.T.);
#260=ORIENTED_EDGE('',*,*,#3066,.T.);
#261=ORIENTED_EDGE('',*,*,#3114,.T.);
#262=ORIENTED_EDGE('',*,*,#3058,.F.);
#263=ORIENTED_EDGE('',*,*,#3115,.T.);
#264=ORIENTED_EDGE('',*,*,#3076,.T.);
#265=ORIENTED_EDGE('',*,*,#3116,.T.);
#266=ORIENTED_EDGE('',*,*,#3068,.F.);
#267=ORIENTED_EDGE('',*,*,#3117,.T.);
#268=ORIENTED_EDGE('',*,*,#3086,.T.);
#269=ORIENTED_EDGE('',*,*,#3118,.T.);
#270=ORIENTED_EDGE('',*,*,#3078,.F.);
#271=ORIENTED_EDGE('',*,*,#3119,.T.);
#272=ORIENTED_EDGE('',*,*,#3096,.T.);
#273=ORIENTED_EDGE('',*,*,#3120,.T.);
#274=ORIENTED_EDGE('',*,*,#3088,.F.);
#275=ORIENTED_EDGE('',*,*,#3121,.T.);
#276=ORIENTED_EDGE('',*,*,#3106,.T.);
#277=ORIENTED_EDGE('',*,*,#3122,.T.);
#278=ORIENTED_EDGE('',*,*,#3098,.F.);
#279=ORIENTED_EDGE('',*,*,#3123,.T.);
#280=ORIENTED_EDGE('',*,*,#3124,.T.);
#281=ORIENTED_EDGE('',*,*,#3125,.F.);
#282=ORIENTED_EDGE('',*,*,#3126,.T.);
#283=ORIENTED_EDGE('',*,*,#3127,.T.);
#284=ORIENTED_EDGE('',*,*,#3128,.T.);
#285=ORIENTED_EDGE('',*,*,#3129,.T.);
#286=ORIENTED_EDGE('',*,*,#3130,.T.);
#287=ORIENTED_EDGE('',*,*,#3131,.F.);
#288=ORIENTED_EDGE('',*,*,#3132,.F.);
#289=ORIENTED_EDGE('',*,*,#3133,.F.);
#290=ORIENTED_EDGE('',*,*,#3023,.T.);
#291=ORIENTED_EDGE('',*,*,#3134,.T.);
#292=ORIENTED_EDGE('',*,*,#3014,.F.);
#293=ORIENTED_EDGE('',*,*,#3135,.F.);
#294=ORIENTED_EDGE('',*,*,#3136,.F.);
#295=ORIENTED_EDGE('',*,*,#3137,.F.);
#296=ORIENTED_EDGE('',*,*,#3019,.F.);
#297=ORIENTED_EDGE('',*,*,#3138,.F.);
#298=ORIENTED_EDGE('',*,*,#3027,.T.);
#299=ORIENTED_EDGE('',*,*,#3139,.F.);
#300=ORIENTED_EDGE('',*,*,#3140,.F.);
#301=ORIENTED_EDGE('',*,*,#3141,.T.);
#302=ORIENTED_EDGE('',*,*,#3142,.F.);
#303=ORIENTED_EDGE('',*,*,#3143,.F.);
#304=ORIENTED_EDGE('',*,*,#3126,.F.);
#305=ORIENTED_EDGE('',*,*,#3144,.T.);
#306=ORIENTED_EDGE('',*,*,#3145,.T.);
#307=ORIENTED_EDGE('',*,*,#3146,.T.);
#308=ORIENTED_EDGE('',*,*,#3147,.F.);
#309=ORIENTED_EDGE('',*,*,#3148,.F.);
#310=ORIENTED_EDGE('',*,*,#3143,.T.);
#311=ORIENTED_EDGE('',*,*,#3149,.T.);
#312=ORIENTED_EDGE('',*,*,#3150,.T.);
#313=ORIENTED_EDGE('',*,*,#3151,.T.);
#314=ORIENTED_EDGE('',*,*,#3131,.T.);
#315=ORIENTED_EDGE('',*,*,#3152,.T.);
#316=ORIENTED_EDGE('',*,*,#3153,.F.);
#317=ORIENTED_EDGE('',*,*,#3154,.F.);
#318=ORIENTED_EDGE('',*,*,#3155,.T.);
#319=ORIENTED_EDGE('',*,*,#3156,.T.);
#320=ORIENTED_EDGE('',*,*,#3157,.F.);
#321=ORIENTED_EDGE('',*,*,#3158,.F.);
#322=ORIENTED_EDGE('',*,*,#3159,.T.);
#323=ORIENTED_EDGE('',*,*,#3154,.T.);
#324=ORIENTED_EDGE('',*,*,#3160,.F.);
#325=ORIENTED_EDGE('',*,*,#3161,.F.);
#326=ORIENTED_EDGE('',*,*,#3162,.T.);
#327=ORIENTED_EDGE('',*,*,#3158,.T.);
#328=ORIENTED_EDGE('',*,*,#3163,.F.);
#329=ORIENTED_EDGE('',*,*,#3164,.F.);
#330=ORIENTED_EDGE('',*,*,#3165,.T.);
#331=ORIENTED_EDGE('',*,*,#3166,.T.);
#332=ORIENTED_EDGE('',*,*,#3167,.F.);
#333=ORIENTED_EDGE('',*,*,#3168,.F.);
#334=ORIENTED_EDGE('',*,*,#3169,.T.);
#335=ORIENTED_EDGE('',*,*,#3164,.T.);
#336=ORIENTED_EDGE('',*,*,#3170,.F.);
#337=ORIENTED_EDGE('',*,*,#3171,.F.);
#338=ORIENTED_EDGE('',*,*,#3172,.T.);
#339=ORIENTED_EDGE('',*,*,#3168,.T.);
#340=ORIENTED_EDGE('',*,*,#3173,.F.);
#341=ORIENTED_EDGE('',*,*,#3174,.F.);
#342=ORIENTED_EDGE('',*,*,#3175,.T.);
#343=ORIENTED_EDGE('',*,*,#3176,.T.);
#344=ORIENTED_EDGE('',*,*,#3177,.F.);
#345=ORIENTED_EDGE('',*,*,#3178,.F.);
#346=ORIENTED_EDGE('',*,*,#3179,.T.);
#347=ORIENTED_EDGE('',*,*,#3174,.T.);
#348=ORIENTED_EDGE('',*,*,#3180,.F.);
#349=ORIENTED_EDGE('',*,*,#3181,.F.);
#350=ORIENTED_EDGE('',*,*,#3182,.T.);
#351=ORIENTED_EDGE('',*,*,#3178,.T.);
#352=ORIENTED_EDGE('',*,*,#3183,.F.);
#353=ORIENTED_EDGE('',*,*,#3184,.F.);
#354=ORIENTED_EDGE('',*,*,#3185,.T.);
#355=ORIENTED_EDGE('',*,*,#3186,.T.);
#356=ORIENTED_EDGE('',*,*,#3187,.F.);
#357=ORIENTED_EDGE('',*,*,#3188,.F.);
#358=ORIENTED_EDGE('',*,*,#3189,.T.);
#359=ORIENTED_EDGE('',*,*,#3184,.T.);
#360=ORIENTED_EDGE('',*,*,#3190,.F.);
#361=ORIENTED_EDGE('',*,*,#3191,.F.);
#362=ORIENTED_EDGE('',*,*,#3192,.T.);
#363=ORIENTED_EDGE('',*,*,#3188,.T.);
#364=ORIENTED_EDGE('',*,*,#3193,.F.);
#365=ORIENTED_EDGE('',*,*,#3194,.F.);
#366=ORIENTED_EDGE('',*,*,#3195,.T.);
#367=ORIENTED_EDGE('',*,*,#3196,.T.);
#368=ORIENTED_EDGE('',*,*,#3197,.F.);
#369=ORIENTED_EDGE('',*,*,#3198,.F.);
#370=ORIENTED_EDGE('',*,*,#3199,.T.);
#371=ORIENTED_EDGE('',*,*,#3194,.T.);
#372=ORIENTED_EDGE('',*,*,#3200,.F.);
#373=ORIENTED_EDGE('',*,*,#3201,.F.);
#374=ORIENTED_EDGE('',*,*,#3202,.T.);
#375=ORIENTED_EDGE('',*,*,#3198,.T.);
#376=ORIENTED_EDGE('',*,*,#3203,.F.);
#377=ORIENTED_EDGE('',*,*,#3204,.F.);
#378=ORIENTED_EDGE('',*,*,#3205,.T.);
#379=ORIENTED_EDGE('',*,*,#3206,.T.);
#380=ORIENTED_EDGE('',*,*,#3207,.F.);
#381=ORIENTED_EDGE('',*,*,#3208,.F.);
#382=ORIENTED_EDGE('',*,*,#3209,.T.);
#383=ORIENTED_EDGE('',*,*,#3204,.T.);
#384=ORIENTED_EDGE('',*,*,#3210,.F.);
#385=ORIENTED_EDGE('',*,*,#3211,.F.);
#386=ORIENTED_EDGE('',*,*,#3212,.T.);
#387=ORIENTED_EDGE('',*,*,#3208,.T.);
#388=ORIENTED_EDGE('',*,*,#3213,.F.);
#389=ORIENTED_EDGE('',*,*,#3214,.F.);
#390=ORIENTED_EDGE('',*,*,#3215,.T.);
#391=ORIENTED_EDGE('',*,*,#3216,.T.);
#392=ORIENTED_EDGE('',*,*,#3217,.F.);
#393=ORIENTED_EDGE('',*,*,#3218,.F.);
#394=ORIENTED_EDGE('',*,*,#3219,.T.);
#395=ORIENTED_EDGE('',*,*,#3214,.T.);
#396=ORIENTED_EDGE('',*,*,#3220,.F.);
#397=ORIENTED_EDGE('',*,*,#3221,.F.);
#398=ORIENTED_EDGE('',*,*,#3222,.T.);
#399=ORIENTED_EDGE('',*,*,#3218,.T.);
#400=ORIENTED_EDGE('',*,*,#3223,.F.);
#401=ORIENTED_EDGE('',*,*,#3224,.F.);
#402=ORIENTED_EDGE('',*,*,#3225,.T.);
#403=ORIENTED_EDGE('',*,*,#3226,.T.);
#404=ORIENTED_EDGE('',*,*,#3227,.F.);
#405=ORIENTED_EDGE('',*,*,#3228,.F.);
#406=ORIENTED_EDGE('',*,*,#3229,.T.);
#407=ORIENTED_EDGE('',*,*,#3224,.T.);
#408=ORIENTED_EDGE('',*,*,#3230,.F.);
#409=ORIENTED_EDGE('',*,*,#3231,.F.);
#410=ORIENTED_EDGE('',*,*,#3232,.T.);
#411=ORIENTED_EDGE('',*,*,#3228,.T.);
#412=ORIENTED_EDGE('',*,*,#3233,.F.);
#413=ORIENTED_EDGE('',*,*,#3234,.F.);
#414=ORIENTED_EDGE('',*,*,#3235,.T.);
#415=ORIENTED_EDGE('',*,*,#3236,.T.);
#416=ORIENTED_EDGE('',*,*,#3237,.F.);
#417=ORIENTED_EDGE('',*,*,#3238,.F.);
#418=ORIENTED_EDGE('',*,*,#3239,.T.);
#419=ORIENTED_EDGE('',*,*,#3234,.T.);
#420=ORIENTED_EDGE('',*,*,#3240,.F.);
#421=ORIENTED_EDGE('',*,*,#3241,.F.);
#422=ORIENTED_EDGE('',*,*,#3242,.T.);
#423=ORIENTED_EDGE('',*,*,#3238,.T.);
#424=ORIENTED_EDGE('',*,*,#3243,.F.);
#425=ORIENTED_EDGE('',*,*,#3244,.F.);
#426=ORIENTED_EDGE('',*,*,#3245,.T.);
#427=ORIENTED_EDGE('',*,*,#3246,.T.);
#428=ORIENTED_EDGE('',*,*,#3247,.F.);
#429=ORIENTED_EDGE('',*,*,#3248,.F.);
#430=ORIENTED_EDGE('',*,*,#3249,.T.);
#431=ORIENTED_EDGE('',*,*,#3244,.T.);
#432=ORIENTED_EDGE('',*,*,#3250,.F.);
#433=ORIENTED_EDGE('',*,*,#3251,.F.);
#434=ORIENTED_EDGE('',*,*,#3252,.T.);
#435=ORIENTED_EDGE('',*,*,#3248,.T.);
#436=ORIENTED_EDGE('',*,*,#3253,.F.);
#437=ORIENTED_EDGE('',*,*,#3254,.F.);
#438=ORIENTED_EDGE('',*,*,#3255,.T.);
#439=ORIENTED_EDGE('',*,*,#3256,.T.);
#440=ORIENTED_EDGE('',*,*,#3257,.F.);
#441=ORIENTED_EDGE('',*,*,#3258,.F.);
#442=ORIENTED_EDGE('',*,*,#3259,.T.);
#443=ORIENTED_EDGE('',*,*,#3254,.T.);
#444=ORIENTED_EDGE('',*,*,#3260,.F.);
#445=ORIENTED_EDGE('',*,*,#3261,.F.);
#446=ORIENTED_EDGE('',*,*,#3262,.T.);
#447=ORIENTED_EDGE('',*,*,#3258,.T.);
#448=ORIENTED_EDGE('',*,*,#3263,.F.);
#449=ORIENTED_EDGE('',*,*,#3264,.F.);
#450=ORIENTED_EDGE('',*,*,#3265,.T.);
#451=ORIENTED_EDGE('',*,*,#3266,.T.);
#452=ORIENTED_EDGE('',*,*,#3267,.F.);
#453=ORIENTED_EDGE('',*,*,#3268,.F.);
#454=ORIENTED_EDGE('',*,*,#3269,.T.);
#455=ORIENTED_EDGE('',*,*,#3264,.T.);
#456=ORIENTED_EDGE('',*,*,#3270,.F.);
#457=ORIENTED_EDGE('',*,*,#3271,.F.);
#458=ORIENTED_EDGE('',*,*,#3272,.T.);
#459=ORIENTED_EDGE('',*,*,#3268,.T.);
#460=ORIENTED_EDGE('',*,*,#3273,.F.);
#461=ORIENTED_EDGE('',*,*,#3274,.F.);
#462=ORIENTED_EDGE('',*,*,#3275,.T.);
#463=ORIENTED_EDGE('',*,*,#3276,.T.);
#464=ORIENTED_EDGE('',*,*,#3277,.F.);
#465=ORIENTED_EDGE('',*,*,#3278,.F.);
#466=ORIENTED_EDGE('',*,*,#3279,.T.);
#467=ORIENTED_EDGE('',*,*,#3274,.T.);
#468=ORIENTED_EDGE('',*,*,#3280,.F.);
#469=ORIENTED_EDGE('',*,*,#3281,.F.);
#470=ORIENTED_EDGE('',*,*,#3282,.T.);
#471=ORIENTED_EDGE('',*,*,#3278,.T.);
#472=ORIENTED_EDGE('',*,*,#3283,.F.);
#473=ORIENTED_EDGE('',*,*,#3284,.F.);
#474=ORIENTED_EDGE('',*,*,#3285,.T.);
#475=ORIENTED_EDGE('',*,*,#3286,.T.);
#476=ORIENTED_EDGE('',*,*,#3287,.F.);
#477=ORIENTED_EDGE('',*,*,#3288,.F.);
#478=ORIENTED_EDGE('',*,*,#3289,.T.);
#479=ORIENTED_EDGE('',*,*,#3284,.T.);
#480=ORIENTED_EDGE('',*,*,#3290,.F.);
#481=ORIENTED_EDGE('',*,*,#3291,.F.);
#482=ORIENTED_EDGE('',*,*,#3292,.T.);
#483=ORIENTED_EDGE('',*,*,#3288,.T.);
#484=ORIENTED_EDGE('',*,*,#3293,.F.);
#485=ORIENTED_EDGE('',*,*,#3294,.F.);
#486=ORIENTED_EDGE('',*,*,#3295,.T.);
#487=ORIENTED_EDGE('',*,*,#3296,.T.);
#488=ORIENTED_EDGE('',*,*,#3297,.F.);
#489=ORIENTED_EDGE('',*,*,#3298,.F.);
#490=ORIENTED_EDGE('',*,*,#3299,.T.);
#491=ORIENTED_EDGE('',*,*,#3294,.T.);
#492=ORIENTED_EDGE('',*,*,#3300,.F.);
#493=ORIENTED_EDGE('',*,*,#3301,.F.);
#494=ORIENTED_EDGE('',*,*,#3302,.T.);
#495=ORIENTED_EDGE('',*,*,#3298,.T.);
#496=ORIENTED_EDGE('',*,*,#3303,.F.);
#497=ORIENTED_EDGE('',*,*,#3304,.F.);
#498=ORIENTED_EDGE('',*,*,#3305,.T.);
#499=ORIENTED_EDGE('',*,*,#3306,.T.);
#500=ORIENTED_EDGE('',*,*,#3307,.F.);
#501=ORIENTED_EDGE('',*,*,#3308,.F.);
#502=ORIENTED_EDGE('',*,*,#3309,.T.);
#503=ORIENTED_EDGE('',*,*,#3304,.T.);
#504=ORIENTED_EDGE('',*,*,#3310,.F.);
#505=ORIENTED_EDGE('',*,*,#3311,.F.);
#506=ORIENTED_EDGE('',*,*,#3312,.T.);
#507=ORIENTED_EDGE('',*,*,#3308,.T.);
#508=ORIENTED_EDGE('',*,*,#3313,.F.);
#509=ORIENTED_EDGE('',*,*,#3156,.F.);
#510=ORIENTED_EDGE('',*,*,#3314,.T.);
#511=ORIENTED_EDGE('',*,*,#3161,.T.);
#512=ORIENTED_EDGE('',*,*,#3315,.F.);
#513=ORIENTED_EDGE('',*,*,#3166,.F.);
#514=ORIENTED_EDGE('',*,*,#3316,.T.);
#515=ORIENTED_EDGE('',*,*,#3171,.T.);
#516=ORIENTED_EDGE('',*,*,#3317,.F.);
#517=ORIENTED_EDGE('',*,*,#3176,.F.);
#518=ORIENTED_EDGE('',*,*,#3318,.T.);
#519=ORIENTED_EDGE('',*,*,#3181,.T.);
#520=ORIENTED_EDGE('',*,*,#3319,.F.);
#521=ORIENTED_EDGE('',*,*,#3186,.F.);
#522=ORIENTED_EDGE('',*,*,#3320,.T.);
#523=ORIENTED_EDGE('',*,*,#3191,.T.);
#524=ORIENTED_EDGE('',*,*,#3321,.F.);
#525=ORIENTED_EDGE('',*,*,#3196,.F.);
#526=ORIENTED_EDGE('',*,*,#3322,.T.);
#527=ORIENTED_EDGE('',*,*,#3201,.T.);
#528=ORIENTED_EDGE('',*,*,#3323,.F.);
#529=ORIENTED_EDGE('',*,*,#3206,.F.);
#530=ORIENTED_EDGE('',*,*,#3324,.T.);
#531=ORIENTED_EDGE('',*,*,#3211,.T.);
#532=ORIENTED_EDGE('',*,*,#3325,.F.);
#533=ORIENTED_EDGE('',*,*,#3216,.F.);
#534=ORIENTED_EDGE('',*,*,#3326,.T.);
#535=ORIENTED_EDGE('',*,*,#3221,.T.);
#536=ORIENTED_EDGE('',*,*,#3327,.F.);
#537=ORIENTED_EDGE('',*,*,#3226,.F.);
#538=ORIENTED_EDGE('',*,*,#3328,.T.);
#539=ORIENTED_EDGE('',*,*,#3231,.T.);
#540=ORIENTED_EDGE('',*,*,#3329,.F.);
#541=ORIENTED_EDGE('',*,*,#3236,.F.);
#542=ORIENTED_EDGE('',*,*,#3330,.T.);
#543=ORIENTED_EDGE('',*,*,#3241,.T.);
#544=ORIENTED_EDGE('',*,*,#3331,.F.);
#545=ORIENTED_EDGE('',*,*,#3246,.F.);
#546=ORIENTED_EDGE('',*,*,#3332,.T.);
#547=ORIENTED_EDGE('',*,*,#3251,.T.);
#548=ORIENTED_EDGE('',*,*,#3333,.F.);
#549=ORIENTED_EDGE('',*,*,#3256,.F.);
#550=ORIENTED_EDGE('',*,*,#3334,.T.);
#551=ORIENTED_EDGE('',*,*,#3261,.T.);
#552=ORIENTED_EDGE('',*,*,#3335,.F.);
#553=ORIENTED_EDGE('',*,*,#3266,.F.);
#554=ORIENTED_EDGE('',*,*,#3336,.T.);
#555=ORIENTED_EDGE('',*,*,#3271,.T.);
#556=ORIENTED_EDGE('',*,*,#3337,.F.);
#557=ORIENTED_EDGE('',*,*,#3276,.F.);
#558=ORIENTED_EDGE('',*,*,#3338,.T.);
#559=ORIENTED_EDGE('',*,*,#3281,.T.);
#560=ORIENTED_EDGE('',*,*,#3339,.F.);
#561=ORIENTED_EDGE('',*,*,#3286,.F.);
#562=ORIENTED_EDGE('',*,*,#3340,.T.);
#563=ORIENTED_EDGE('',*,*,#3291,.T.);
#564=ORIENTED_EDGE('',*,*,#3341,.F.);
#565=ORIENTED_EDGE('',*,*,#3296,.F.);
#566=ORIENTED_EDGE('',*,*,#3342,.T.);
#567=ORIENTED_EDGE('',*,*,#3301,.T.);
#568=ORIENTED_EDGE('',*,*,#3343,.F.);
#569=ORIENTED_EDGE('',*,*,#3306,.F.);
#570=ORIENTED_EDGE('',*,*,#3344,.T.);
#571=ORIENTED_EDGE('',*,*,#3311,.T.);
#572=ORIENTED_EDGE('',*,*,#3345,.T.);
#573=ORIENTED_EDGE('',*,*,#3346,.F.);
#574=ORIENTED_EDGE('',*,*,#3347,.F.);
#575=ORIENTED_EDGE('',*,*,#3147,.T.);
#576=ORIENTED_EDGE('',*,*,#3305,.F.);
#577=ORIENTED_EDGE('',*,*,#3309,.F.);
#578=ORIENTED_EDGE('',*,*,#3312,.F.);
#579=ORIENTED_EDGE('',*,*,#3344,.F.);
#580=ORIENTED_EDGE('',*,*,#3295,.F.);
#581=ORIENTED_EDGE('',*,*,#3299,.F.);
#582=ORIENTED_EDGE('',*,*,#3302,.F.);
#583=ORIENTED_EDGE('',*,*,#3342,.F.);
#584=ORIENTED_EDGE('',*,*,#3285,.F.);
#585=ORIENTED_EDGE('',*,*,#3289,.F.);
#586=ORIENTED_EDGE('',*,*,#3292,.F.);
#587=ORIENTED_EDGE('',*,*,#3340,.F.);
#588=ORIENTED_EDGE('',*,*,#3275,.F.);
#589=ORIENTED_EDGE('',*,*,#3279,.F.);
#590=ORIENTED_EDGE('',*,*,#3282,.F.);
#591=ORIENTED_EDGE('',*,*,#3338,.F.);
#592=ORIENTED_EDGE('',*,*,#3265,.F.);
#593=ORIENTED_EDGE('',*,*,#3269,.F.);
#594=ORIENTED_EDGE('',*,*,#3272,.F.);
#595=ORIENTED_EDGE('',*,*,#3336,.F.);
#596=ORIENTED_EDGE('',*,*,#3255,.F.);
#597=ORIENTED_EDGE('',*,*,#3259,.F.);
#598=ORIENTED_EDGE('',*,*,#3262,.F.);
#599=ORIENTED_EDGE('',*,*,#3334,.F.);
#600=ORIENTED_EDGE('',*,*,#3245,.F.);
#601=ORIENTED_EDGE('',*,*,#3249,.F.);
#602=ORIENTED_EDGE('',*,*,#3252,.F.);
#603=ORIENTED_EDGE('',*,*,#3332,.F.);
#604=ORIENTED_EDGE('',*,*,#3235,.F.);
#605=ORIENTED_EDGE('',*,*,#3239,.F.);
#606=ORIENTED_EDGE('',*,*,#3242,.F.);
#607=ORIENTED_EDGE('',*,*,#3330,.F.);
#608=ORIENTED_EDGE('',*,*,#3101,.F.);
#609=ORIENTED_EDGE('',*,*,#3104,.F.);
#610=ORIENTED_EDGE('',*,*,#3107,.F.);
#611=ORIENTED_EDGE('',*,*,#3123,.F.);
#612=ORIENTED_EDGE('',*,*,#3091,.F.);
#613=ORIENTED_EDGE('',*,*,#3094,.F.);
#614=ORIENTED_EDGE('',*,*,#3097,.F.);
#615=ORIENTED_EDGE('',*,*,#3121,.F.);
#616=ORIENTED_EDGE('',*,*,#3081,.F.);
#617=ORIENTED_EDGE('',*,*,#3084,.F.);
#618=ORIENTED_EDGE('',*,*,#3087,.F.);
#619=ORIENTED_EDGE('',*,*,#3119,.F.);
#620=ORIENTED_EDGE('',*,*,#3071,.F.);
#621=ORIENTED_EDGE('',*,*,#3074,.F.);
#622=ORIENTED_EDGE('',*,*,#3077,.F.);
#623=ORIENTED_EDGE('',*,*,#3117,.F.);
#624=ORIENTED_EDGE('',*,*,#3061,.F.);
#625=ORIENTED_EDGE('',*,*,#3064,.F.);
#626=ORIENTED_EDGE('',*,*,#3067,.F.);
#627=ORIENTED_EDGE('',*,*,#3115,.F.);
#628=ORIENTED_EDGE('',*,*,#3051,.F.);
#629=ORIENTED_EDGE('',*,*,#3054,.F.);
#630=ORIENTED_EDGE('',*,*,#3057,.F.);
#631=ORIENTED_EDGE('',*,*,#3113,.F.);
#632=ORIENTED_EDGE('',*,*,#3041,.F.);
#633=ORIENTED_EDGE('',*,*,#3044,.F.);
#634=ORIENTED_EDGE('',*,*,#3047,.F.);
#635=ORIENTED_EDGE('',*,*,#3111,.F.);
#636=ORIENTED_EDGE('',*,*,#3031,.F.);
#637=ORIENTED_EDGE('',*,*,#3034,.F.);
#638=ORIENTED_EDGE('',*,*,#3037,.F.);
#639=ORIENTED_EDGE('',*,*,#3109,.F.);
#640=ORIENTED_EDGE('',*,*,#3225,.F.);
#641=ORIENTED_EDGE('',*,*,#3229,.F.);
#642=ORIENTED_EDGE('',*,*,#3232,.F.);
#643=ORIENTED_EDGE('',*,*,#3328,.F.);
#644=ORIENTED_EDGE('',*,*,#3215,.F.);
#645=ORIENTED_EDGE('',*,*,#3219,.F.);
#646=ORIENTED_EDGE('',*,*,#3222,.F.);
#647=ORIENTED_EDGE('',*,*,#3326,.F.);
#648=ORIENTED_EDGE('',*,*,#3205,.F.);
#649=ORIENTED_EDGE('',*,*,#3209,.F.);
#650=ORIENTED_EDGE('',*,*,#3212,.F.);
#651=ORIENTED_EDGE('',*,*,#3324,.F.);
#652=ORIENTED_EDGE('',*,*,#3195,.F.);
#653=ORIENTED_EDGE('',*,*,#3199,.F.);
#654=ORIENTED_EDGE('',*,*,#3202,.F.);
#655=ORIENTED_EDGE('',*,*,#3322,.F.);
#656=ORIENTED_EDGE('',*,*,#3185,.F.);
#657=ORIENTED_EDGE('',*,*,#3189,.F.);
#658=ORIENTED_EDGE('',*,*,#3192,.F.);
#659=ORIENTED_EDGE('',*,*,#3320,.F.);
#660=ORIENTED_EDGE('',*,*,#3175,.F.);
#661=ORIENTED_EDGE('',*,*,#3179,.F.);
#662=ORIENTED_EDGE('',*,*,#3182,.F.);
#663=ORIENTED_EDGE('',*,*,#3318,.F.);
#664=ORIENTED_EDGE('',*,*,#3165,.F.);
#665=ORIENTED_EDGE('',*,*,#3169,.F.);
#666=ORIENTED_EDGE('',*,*,#3172,.F.);
#667=ORIENTED_EDGE('',*,*,#3316,.F.);
#668=ORIENTED_EDGE('',*,*,#3155,.F.);
#669=ORIENTED_EDGE('',*,*,#3159,.F.);
#670=ORIENTED_EDGE('',*,*,#3162,.F.);
#671=ORIENTED_EDGE('',*,*,#3314,.F.);
#672=ORIENTED_EDGE('',*,*,#3138,.T.);
#673=ORIENTED_EDGE('',*,*,#3018,.T.);
#674=ORIENTED_EDGE('',*,*,#3001,.F.);
#675=ORIENTED_EDGE('',*,*,#3348,.F.);
#676=ORIENTED_EDGE('',*,*,#2997,.F.);
#677=ORIENTED_EDGE('',*,*,#3349,.T.);
#678=ORIENTED_EDGE('',*,*,#3003,.F.);
#679=ORIENTED_EDGE('',*,*,#3140,.T.);
#680=ORIENTED_EDGE('',*,*,#3148,.T.);
#681=ORIENTED_EDGE('',*,*,#3347,.T.);
#682=ORIENTED_EDGE('',*,*,#3350,.F.);
#683=ORIENTED_EDGE('',*,*,#3024,.T.);
#684=ORIENTED_EDGE('',*,*,#3223,.T.);
#685=ORIENTED_EDGE('',*,*,#3327,.T.);
#686=ORIENTED_EDGE('',*,*,#3230,.T.);
#687=ORIENTED_EDGE('',*,*,#3227,.T.);
#688=ORIENTED_EDGE('',*,*,#3213,.T.);
#689=ORIENTED_EDGE('',*,*,#3325,.T.);
#690=ORIENTED_EDGE('',*,*,#3220,.T.);
#691=ORIENTED_EDGE('',*,*,#3217,.T.);
#692=ORIENTED_EDGE('',*,*,#3203,.T.);
#693=ORIENTED_EDGE('',*,*,#3323,.T.);
#694=ORIENTED_EDGE('',*,*,#3210,.T.);
#695=ORIENTED_EDGE('',*,*,#3207,.T.);
#696=ORIENTED_EDGE('',*,*,#3193,.T.);
#697=ORIENTED_EDGE('',*,*,#3321,.T.);
#698=ORIENTED_EDGE('',*,*,#3200,.T.);
#699=ORIENTED_EDGE('',*,*,#3197,.T.);
#700=ORIENTED_EDGE('',*,*,#3183,.T.);
#701=ORIENTED_EDGE('',*,*,#3319,.T.);
#702=ORIENTED_EDGE('',*,*,#3190,.T.);
#703=ORIENTED_EDGE('',*,*,#3187,.T.);
#704=ORIENTED_EDGE('',*,*,#3173,.T.);
#705=ORIENTED_EDGE('',*,*,#3317,.T.);
#706=ORIENTED_EDGE('',*,*,#3180,.T.);
#707=ORIENTED_EDGE('',*,*,#3177,.T.);
#708=ORIENTED_EDGE('',*,*,#3163,.T.);
#709=ORIENTED_EDGE('',*,*,#3315,.T.);
#710=ORIENTED_EDGE('',*,*,#3170,.T.);
#711=ORIENTED_EDGE('',*,*,#3167,.T.);
#712=ORIENTED_EDGE('',*,*,#3153,.T.);
#713=ORIENTED_EDGE('',*,*,#3313,.T.);
#714=ORIENTED_EDGE('',*,*,#3160,.T.);
#715=ORIENTED_EDGE('',*,*,#3157,.T.);
#716=ORIENTED_EDGE('',*,*,#3130,.F.);
#717=ORIENTED_EDGE('',*,*,#3351,.T.);
#718=ORIENTED_EDGE('',*,*,#2992,.T.);
#719=ORIENTED_EDGE('',*,*,#3352,.T.);
#720=ORIENTED_EDGE('',*,*,#3015,.F.);
#721=ORIENTED_EDGE('',*,*,#3134,.F.);
#722=ORIENTED_EDGE('',*,*,#3022,.F.);
#723=ORIENTED_EDGE('',*,*,#3353,.T.);
#724=ORIENTED_EDGE('',*,*,#3354,.T.);
#725=ORIENTED_EDGE('',*,*,#3355,.T.);
#726=ORIENTED_EDGE('',*,*,#3127,.F.);
#727=ORIENTED_EDGE('',*,*,#3152,.F.);
#728=ORIENTED_EDGE('',*,*,#3233,.T.);
#729=ORIENTED_EDGE('',*,*,#3329,.T.);
#730=ORIENTED_EDGE('',*,*,#3240,.T.);
#731=ORIENTED_EDGE('',*,*,#3237,.T.);
#732=ORIENTED_EDGE('',*,*,#3243,.T.);
#733=ORIENTED_EDGE('',*,*,#3331,.T.);
#734=ORIENTED_EDGE('',*,*,#3250,.T.);
#735=ORIENTED_EDGE('',*,*,#3247,.T.);
#736=ORIENTED_EDGE('',*,*,#3253,.T.);
#737=ORIENTED_EDGE('',*,*,#3333,.T.);
#738=ORIENTED_EDGE('',*,*,#3260,.T.);
#739=ORIENTED_EDGE('',*,*,#3257,.T.);
#740=ORIENTED_EDGE('',*,*,#3263,.T.);
#741=ORIENTED_EDGE('',*,*,#3335,.T.);
#742=ORIENTED_EDGE('',*,*,#3270,.T.);
#743=ORIENTED_EDGE('',*,*,#3267,.T.);
#744=ORIENTED_EDGE('',*,*,#3273,.T.);
#745=ORIENTED_EDGE('',*,*,#3337,.T.);
#746=ORIENTED_EDGE('',*,*,#3280,.T.);
#747=ORIENTED_EDGE('',*,*,#3277,.T.);
#748=ORIENTED_EDGE('',*,*,#3283,.T.);
#749=ORIENTED_EDGE('',*,*,#3339,.T.);
#750=ORIENTED_EDGE('',*,*,#3290,.T.);
#751=ORIENTED_EDGE('',*,*,#3287,.T.);
#752=ORIENTED_EDGE('',*,*,#3293,.T.);
#753=ORIENTED_EDGE('',*,*,#3341,.T.);
#754=ORIENTED_EDGE('',*,*,#3300,.T.);
#755=ORIENTED_EDGE('',*,*,#3297,.T.);
#756=ORIENTED_EDGE('',*,*,#3303,.T.);
#757=ORIENTED_EDGE('',*,*,#3343,.T.);
#758=ORIENTED_EDGE('',*,*,#3310,.T.);
#759=ORIENTED_EDGE('',*,*,#3307,.T.);
#760=ORIENTED_EDGE('',*,*,#3136,.T.);
#761=ORIENTED_EDGE('',*,*,#3356,.F.);
#762=ORIENTED_EDGE('',*,*,#3150,.F.);
#763=ORIENTED_EDGE('',*,*,#3357,.T.);
#764=ORIENTED_EDGE('',*,*,#3135,.T.);
#765=ORIENTED_EDGE('',*,*,#3013,.F.);
#766=ORIENTED_EDGE('',*,*,#3358,.T.);
#767=ORIENTED_EDGE('',*,*,#3128,.F.);
#768=ORIENTED_EDGE('',*,*,#3151,.F.);
#769=ORIENTED_EDGE('',*,*,#3356,.T.);
#770=ORIENTED_EDGE('',*,*,#3137,.T.);
#771=ORIENTED_EDGE('',*,*,#3357,.F.);
#772=ORIENTED_EDGE('',*,*,#3149,.F.);
#773=ORIENTED_EDGE('',*,*,#3142,.T.);
#774=ORIENTED_EDGE('',*,*,#3359,.T.);
#775=ORIENTED_EDGE('',*,*,#3016,.T.);
#776=ORIENTED_EDGE('',*,*,#3133,.T.);
#777=ORIENTED_EDGE('',*,*,#3360,.F.);
#778=ORIENTED_EDGE('',*,*,#3144,.F.);
#779=ORIENTED_EDGE('',*,*,#3125,.T.);
#780=ORIENTED_EDGE('',*,*,#3361,.T.);
#781=ORIENTED_EDGE('',*,*,#3020,.T.);
#782=ORIENTED_EDGE('',*,*,#3132,.T.);
#783=ORIENTED_EDGE('',*,*,#3362,.F.);
#784=ORIENTED_EDGE('',*,*,#3145,.F.);
#785=ORIENTED_EDGE('',*,*,#3360,.T.);
#786=ORIENTED_EDGE('',*,*,#3139,.T.);
#787=ORIENTED_EDGE('',*,*,#3026,.F.);
#788=ORIENTED_EDGE('',*,*,#3363,.T.);
#789=ORIENTED_EDGE('',*,*,#3345,.F.);
#790=ORIENTED_EDGE('',*,*,#3146,.F.);
#791=ORIENTED_EDGE('',*,*,#3362,.T.);
#792=ORIENTED_EDGE('',*,*,#3099,.F.);
#793=ORIENTED_EDGE('',*,*,#3122,.F.);
#794=ORIENTED_EDGE('',*,*,#3105,.F.);
#795=ORIENTED_EDGE('',*,*,#3102,.F.);
#796=ORIENTED_EDGE('',*,*,#3089,.F.);
#797=ORIENTED_EDGE('',*,*,#3120,.F.);
#798=ORIENTED_EDGE('',*,*,#3095,.F.);
#799=ORIENTED_EDGE('',*,*,#3092,.F.);
#800=ORIENTED_EDGE('',*,*,#3079,.F.);
#801=ORIENTED_EDGE('',*,*,#3118,.F.);
#802=ORIENTED_EDGE('',*,*,#3085,.F.);
#803=ORIENTED_EDGE('',*,*,#3082,.F.);
#804=ORIENTED_EDGE('',*,*,#3069,.F.);
#805=ORIENTED_EDGE('',*,*,#3116,.F.);
#806=ORIENTED_EDGE('',*,*,#3075,.F.);
#807=ORIENTED_EDGE('',*,*,#3072,.F.);
#808=ORIENTED_EDGE('',*,*,#3059,.F.);
#809=ORIENTED_EDGE('',*,*,#3114,.F.);
#810=ORIENTED_EDGE('',*,*,#3065,.F.);
#811=ORIENTED_EDGE('',*,*,#3062,.F.);
#812=ORIENTED_EDGE('',*,*,#3049,.F.);
#813=ORIENTED_EDGE('',*,*,#3112,.F.);
#814=ORIENTED_EDGE('',*,*,#3055,.F.);
#815=ORIENTED_EDGE('',*,*,#3052,.F.);
#816=ORIENTED_EDGE('',*,*,#3039,.F.);
#817=ORIENTED_EDGE('',*,*,#3110,.F.);
#818=ORIENTED_EDGE('',*,*,#3045,.F.);
#819=ORIENTED_EDGE('',*,*,#3042,.F.);
#820=ORIENTED_EDGE('',*,*,#3029,.F.);
#821=ORIENTED_EDGE('',*,*,#3108,.F.);
#822=ORIENTED_EDGE('',*,*,#3035,.F.);
#823=ORIENTED_EDGE('',*,*,#3032,.F.);
#824=ORIENTED_EDGE('',*,*,#3129,.F.);
#825=ORIENTED_EDGE('',*,*,#3364,.F.);
#826=ORIENTED_EDGE('',*,*,#3141,.F.);
#827=ORIENTED_EDGE('',*,*,#3007,.F.);
#828=ORIENTED_EDGE('',*,*,#3011,.T.);
#829=ORIENTED_EDGE('',*,*,#2993,.T.);
#830=ORIENTED_EDGE('',*,*,#3351,.F.);
#831=ORIENTED_EDGE('',*,*,#3012,.F.);
#832=ORIENTED_EDGE('',*,*,#3352,.F.);
#833=ORIENTED_EDGE('',*,*,#2991,.F.);
#834=ORIENTED_EDGE('',*,*,#3009,.T.);
#835=ORIENTED_EDGE('',*,*,#3002,.T.);
#836=ORIENTED_EDGE('',*,*,#3017,.T.);
#837=ORIENTED_EDGE('',*,*,#3365,.T.);
#838=ORIENTED_EDGE('',*,*,#3021,.F.);
#839=ORIENTED_EDGE('',*,*,#3366,.F.);
#840=ORIENTED_EDGE('',*,*,#3025,.F.);
#841=ORIENTED_EDGE('',*,*,#3367,.F.);
#842=ORIENTED_EDGE('',*,*,#3368,.T.);
#843=ORIENTED_EDGE('',*,*,#3369,.T.);
#844=ORIENTED_EDGE('',*,*,#3353,.F.);
#845=ORIENTED_EDGE('',*,*,#3124,.F.);
#846=ORIENTED_EDGE('',*,*,#3355,.F.);
#847=ORIENTED_EDGE('',*,*,#3370,.F.);
#848=ORIENTED_EDGE('',*,*,#3371,.T.);
#849=ORIENTED_EDGE('',*,*,#3372,.T.);
#850=ORIENTED_EDGE('',*,*,#3346,.T.);
#851=ORIENTED_EDGE('',*,*,#3373,.T.);
#852=ORIENTED_EDGE('',*,*,#3354,.F.);
#853=ORIENTED_EDGE('',*,*,#3369,.F.);
#854=ORIENTED_EDGE('',*,*,#3374,.T.);
#855=ORIENTED_EDGE('',*,*,#3370,.T.);
#856=ORIENTED_EDGE('',*,*,#3361,.F.);
#857=ORIENTED_EDGE('',*,*,#3373,.F.);
#858=ORIENTED_EDGE('',*,*,#3363,.F.);
#859=ORIENTED_EDGE('',*,*,#3366,.T.);
#860=ORIENTED_EDGE('',*,*,#3367,.T.);
#861=ORIENTED_EDGE('',*,*,#3350,.T.);
#862=ORIENTED_EDGE('',*,*,#3372,.F.);
#863=ORIENTED_EDGE('',*,*,#3375,.T.);
#864=ORIENTED_EDGE('',*,*,#3375,.F.);
#865=ORIENTED_EDGE('',*,*,#3371,.F.);
#866=ORIENTED_EDGE('',*,*,#3374,.F.);
#867=ORIENTED_EDGE('',*,*,#3368,.F.);
#868=ORIENTED_EDGE('',*,*,#3358,.F.);
#869=ORIENTED_EDGE('',*,*,#3365,.F.);
#870=ORIENTED_EDGE('',*,*,#3359,.F.);
#871=ORIENTED_EDGE('',*,*,#3364,.T.);
#872=ORIENTED_EDGE('',*,*,#3376,.T.);
#873=ORIENTED_EDGE('',*,*,#2999,.F.);
#874=ORIENTED_EDGE('',*,*,#3008,.T.);
#875=ORIENTED_EDGE('',*,*,#2989,.F.);
#876=ORIENTED_EDGE('',*,*,#3348,.T.);
#877=ORIENTED_EDGE('',*,*,#3000,.F.);
#878=ORIENTED_EDGE('',*,*,#3376,.F.);
#879=ORIENTED_EDGE('',*,*,#2988,.F.);
#880=ORIENTED_EDGE('',*,*,#3377,.T.);
#881=ORIENTED_EDGE('',*,*,#3004,.F.);
#882=ORIENTED_EDGE('',*,*,#3349,.F.);
#883=ORIENTED_EDGE('',*,*,#2996,.F.);
#884=ORIENTED_EDGE('',*,*,#3010,.T.);
#885=ORIENTED_EDGE('',*,*,#3005,.F.);
#886=ORIENTED_EDGE('',*,*,#3377,.F.);
#887=ORIENTED_EDGE('',*,*,#2995,.F.);
#888=ORIENTED_EDGE('',*,*,#3378,.F.);
#889=ORIENTED_EDGE('',*,*,#3379,.T.);
#890=ORIENTED_EDGE('',*,*,#3380,.F.);
#891=ORIENTED_EDGE('',*,*,#3381,.F.);
#892=ORIENTED_EDGE('',*,*,#3382,.F.);
#893=ORIENTED_EDGE('',*,*,#3383,.F.);
#894=ORIENTED_EDGE('',*,*,#3384,.F.);
#895=ORIENTED_EDGE('',*,*,#3385,.T.);
#896=ORIENTED_EDGE('',*,*,#3386,.F.);
#897=ORIENTED_EDGE('',*,*,#3387,.F.);
#898=ORIENTED_EDGE('',*,*,#3388,.F.);
#899=ORIENTED_EDGE('',*,*,#3389,.T.);
#900=ORIENTED_EDGE('',*,*,#3390,.F.);
#901=ORIENTED_EDGE('',*,*,#3391,.F.);
#902=ORIENTED_EDGE('',*,*,#3392,.F.);
#903=ORIENTED_EDGE('',*,*,#3393,.T.);
#904=ORIENTED_EDGE('',*,*,#3394,.F.);
#905=ORIENTED_EDGE('',*,*,#3395,.F.);
#906=ORIENTED_EDGE('',*,*,#3396,.F.);
#907=ORIENTED_EDGE('',*,*,#3397,.T.);
#908=ORIENTED_EDGE('',*,*,#3398,.F.);
#909=ORIENTED_EDGE('',*,*,#3399,.F.);
#910=ORIENTED_EDGE('',*,*,#3400,.F.);
#911=ORIENTED_EDGE('',*,*,#3401,.T.);
#912=ORIENTED_EDGE('',*,*,#3402,.F.);
#913=ORIENTED_EDGE('',*,*,#3403,.F.);
#914=ORIENTED_EDGE('',*,*,#3404,.F.);
#915=ORIENTED_EDGE('',*,*,#3405,.T.);
#916=ORIENTED_EDGE('',*,*,#3406,.F.);
#917=ORIENTED_EDGE('',*,*,#3407,.F.);
#918=ORIENTED_EDGE('',*,*,#3408,.F.);
#919=ORIENTED_EDGE('',*,*,#3409,.T.);
#920=ORIENTED_EDGE('',*,*,#3410,.F.);
#921=ORIENTED_EDGE('',*,*,#3411,.F.);
#922=ORIENTED_EDGE('',*,*,#3412,.F.);
#923=ORIENTED_EDGE('',*,*,#3413,.T.);
#924=ORIENTED_EDGE('',*,*,#3414,.F.);
#925=ORIENTED_EDGE('',*,*,#3415,.F.);
#926=ORIENTED_EDGE('',*,*,#3416,.F.);
#927=ORIENTED_EDGE('',*,*,#3417,.T.);
#928=ORIENTED_EDGE('',*,*,#3418,.F.);
#929=ORIENTED_EDGE('',*,*,#3419,.F.);
#930=ORIENTED_EDGE('',*,*,#3420,.F.);
#931=ORIENTED_EDGE('',*,*,#3421,.T.);
#932=ORIENTED_EDGE('',*,*,#3422,.F.);
#933=ORIENTED_EDGE('',*,*,#3423,.T.);
#934=ORIENTED_EDGE('',*,*,#3424,.F.);
#935=ORIENTED_EDGE('',*,*,#3425,.F.);
#936=ORIENTED_EDGE('',*,*,#3426,.F.);
#937=ORIENTED_EDGE('',*,*,#3427,.F.);
#938=ORIENTED_EDGE('',*,*,#3428,.F.);
#939=ORIENTED_EDGE('',*,*,#3429,.T.);
#940=ORIENTED_EDGE('',*,*,#3430,.F.);
#941=ORIENTED_EDGE('',*,*,#3431,.F.);
#942=ORIENTED_EDGE('',*,*,#3432,.F.);
#943=ORIENTED_EDGE('',*,*,#3433,.T.);
#944=ORIENTED_EDGE('',*,*,#3434,.F.);
#945=ORIENTED_EDGE('',*,*,#3435,.F.);
#946=ORIENTED_EDGE('',*,*,#3436,.F.);
#947=ORIENTED_EDGE('',*,*,#3437,.T.);
#948=ORIENTED_EDGE('',*,*,#3438,.F.);
#949=ORIENTED_EDGE('',*,*,#3439,.F.);
#950=ORIENTED_EDGE('',*,*,#3440,.F.);
#951=ORIENTED_EDGE('',*,*,#3441,.T.);
#952=ORIENTED_EDGE('',*,*,#3442,.F.);
#953=ORIENTED_EDGE('',*,*,#3443,.F.);
#954=ORIENTED_EDGE('',*,*,#3444,.F.);
#955=ORIENTED_EDGE('',*,*,#3445,.T.);
#956=ORIENTED_EDGE('',*,*,#3446,.F.);
#957=ORIENTED_EDGE('',*,*,#3447,.F.);
#958=ORIENTED_EDGE('',*,*,#3448,.F.);
#959=ORIENTED_EDGE('',*,*,#3449,.T.);
#960=ORIENTED_EDGE('',*,*,#3450,.F.);
#961=ORIENTED_EDGE('',*,*,#3451,.F.);
#962=ORIENTED_EDGE('',*,*,#3452,.F.);
#963=ORIENTED_EDGE('',*,*,#3453,.T.);
#964=ORIENTED_EDGE('',*,*,#3454,.F.);
#965=ORIENTED_EDGE('',*,*,#3455,.F.);
#966=ORIENTED_EDGE('',*,*,#3456,.F.);
#967=ORIENTED_EDGE('',*,*,#3457,.T.);
#968=ORIENTED_EDGE('',*,*,#3458,.F.);
#969=ORIENTED_EDGE('',*,*,#3459,.F.);
#970=ORIENTED_EDGE('',*,*,#3460,.F.);
#971=ORIENTED_EDGE('',*,*,#3461,.T.);
#972=ORIENTED_EDGE('',*,*,#3462,.F.);
#973=ORIENTED_EDGE('',*,*,#3463,.F.);
#974=ORIENTED_EDGE('',*,*,#3464,.F.);
#975=ORIENTED_EDGE('',*,*,#3465,.T.);
#976=ORIENTED_EDGE('',*,*,#3466,.F.);
#977=ORIENTED_EDGE('',*,*,#3423,.F.);
#978=ORIENTED_EDGE('',*,*,#3467,.F.);
#979=ORIENTED_EDGE('',*,*,#3468,.T.);
#980=ORIENTED_EDGE('',*,*,#3469,.F.);
#981=ORIENTED_EDGE('',*,*,#3429,.F.);
#982=ORIENTED_EDGE('',*,*,#3470,.F.);
#983=ORIENTED_EDGE('',*,*,#3471,.T.);
#984=ORIENTED_EDGE('',*,*,#3472,.F.);
#985=ORIENTED_EDGE('',*,*,#3433,.F.);
#986=ORIENTED_EDGE('',*,*,#3473,.F.);
#987=ORIENTED_EDGE('',*,*,#3474,.T.);
#988=ORIENTED_EDGE('',*,*,#3475,.F.);
#989=ORIENTED_EDGE('',*,*,#3437,.F.);
#990=ORIENTED_EDGE('',*,*,#3476,.F.);
#991=ORIENTED_EDGE('',*,*,#3477,.T.);
#992=ORIENTED_EDGE('',*,*,#3478,.F.);
#993=ORIENTED_EDGE('',*,*,#3441,.F.);
#994=ORIENTED_EDGE('',*,*,#3479,.F.);
#995=ORIENTED_EDGE('',*,*,#3480,.T.);
#996=ORIENTED_EDGE('',*,*,#3481,.F.);
#997=ORIENTED_EDGE('',*,*,#3445,.F.);
#998=ORIENTED_EDGE('',*,*,#3482,.F.);
#999=ORIENTED_EDGE('',*,*,#3483,.T.);
#1000=ORIENTED_EDGE('',*,*,#3484,.F.);
#1001=ORIENTED_EDGE('',*,*,#3449,.F.);
#1002=ORIENTED_EDGE('',*,*,#3485,.F.);
#1003=ORIENTED_EDGE('',*,*,#3486,.T.);
#1004=ORIENTED_EDGE('',*,*,#3487,.F.);
#1005=ORIENTED_EDGE('',*,*,#3453,.F.);
#1006=ORIENTED_EDGE('',*,*,#3488,.F.);
#1007=ORIENTED_EDGE('',*,*,#3489,.T.);
#1008=ORIENTED_EDGE('',*,*,#3490,.F.);
#1009=ORIENTED_EDGE('',*,*,#3457,.F.);
#1010=ORIENTED_EDGE('',*,*,#3491,.F.);
#1011=ORIENTED_EDGE('',*,*,#3492,.T.);
#1012=ORIENTED_EDGE('',*,*,#3493,.F.);
#1013=ORIENTED_EDGE('',*,*,#3461,.F.);
#1014=ORIENTED_EDGE('',*,*,#3494,.F.);
#1015=ORIENTED_EDGE('',*,*,#3495,.T.);
#1016=ORIENTED_EDGE('',*,*,#3496,.F.);
#1017=ORIENTED_EDGE('',*,*,#3465,.F.);
#1018=ORIENTED_EDGE('',*,*,#3497,.F.);
#1019=ORIENTED_EDGE('',*,*,#3498,.T.);
#1020=ORIENTED_EDGE('',*,*,#3499,.F.);
#1021=ORIENTED_EDGE('',*,*,#3468,.F.);
#1022=ORIENTED_EDGE('',*,*,#3500,.T.);
#1023=ORIENTED_EDGE('',*,*,#3501,.T.);
#1024=ORIENTED_EDGE('',*,*,#3502,.F.);
#1025=ORIENTED_EDGE('',*,*,#3471,.F.);
#1026=ORIENTED_EDGE('',*,*,#3503,.T.);
#1027=ORIENTED_EDGE('',*,*,#3504,.T.);
#1028=ORIENTED_EDGE('',*,*,#3505,.F.);
#1029=ORIENTED_EDGE('',*,*,#3474,.F.);
#1030=ORIENTED_EDGE('',*,*,#3506,.T.);
#1031=ORIENTED_EDGE('',*,*,#3507,.T.);
#1032=ORIENTED_EDGE('',*,*,#3508,.F.);
#1033=ORIENTED_EDGE('',*,*,#3477,.F.);
#1034=ORIENTED_EDGE('',*,*,#3509,.T.);
#1035=ORIENTED_EDGE('',*,*,#3510,.T.);
#1036=ORIENTED_EDGE('',*,*,#3511,.F.);
#1037=ORIENTED_EDGE('',*,*,#3480,.F.);
#1038=ORIENTED_EDGE('',*,*,#3512,.T.);
#1039=ORIENTED_EDGE('',*,*,#3513,.T.);
#1040=ORIENTED_EDGE('',*,*,#3514,.F.);
#1041=ORIENTED_EDGE('',*,*,#3483,.F.);
#1042=ORIENTED_EDGE('',*,*,#3515,.T.);
#1043=ORIENTED_EDGE('',*,*,#3516,.T.);
#1044=ORIENTED_EDGE('',*,*,#3517,.F.);
#1045=ORIENTED_EDGE('',*,*,#3486,.F.);
#1046=ORIENTED_EDGE('',*,*,#3518,.T.);
#1047=ORIENTED_EDGE('',*,*,#3519,.T.);
#1048=ORIENTED_EDGE('',*,*,#3520,.F.);
#1049=ORIENTED_EDGE('',*,*,#3489,.F.);
#1050=ORIENTED_EDGE('',*,*,#3521,.T.);
#1051=ORIENTED_EDGE('',*,*,#3522,.T.);
#1052=ORIENTED_EDGE('',*,*,#3523,.F.);
#1053=ORIENTED_EDGE('',*,*,#3492,.F.);
#1054=ORIENTED_EDGE('',*,*,#3524,.T.);
#1055=ORIENTED_EDGE('',*,*,#3525,.T.);
#1056=ORIENTED_EDGE('',*,*,#3526,.F.);
#1057=ORIENTED_EDGE('',*,*,#3495,.F.);
#1058=ORIENTED_EDGE('',*,*,#3527,.T.);
#1059=ORIENTED_EDGE('',*,*,#3528,.T.);
#1060=ORIENTED_EDGE('',*,*,#3529,.F.);
#1061=ORIENTED_EDGE('',*,*,#3498,.F.);
#1062=ORIENTED_EDGE('',*,*,#3530,.T.);
#1063=ORIENTED_EDGE('',*,*,#3531,.T.);
#1064=ORIENTED_EDGE('',*,*,#3532,.F.);
#1065=ORIENTED_EDGE('',*,*,#3501,.F.);
#1066=ORIENTED_EDGE('',*,*,#3533,.F.);
#1067=ORIENTED_EDGE('',*,*,#3534,.T.);
#1068=ORIENTED_EDGE('',*,*,#3535,.F.);
#1069=ORIENTED_EDGE('',*,*,#3504,.F.);
#1070=ORIENTED_EDGE('',*,*,#3536,.F.);
#1071=ORIENTED_EDGE('',*,*,#3537,.T.);
#1072=ORIENTED_EDGE('',*,*,#3538,.F.);
#1073=ORIENTED_EDGE('',*,*,#3507,.F.);
#1074=ORIENTED_EDGE('',*,*,#3539,.F.);
#1075=ORIENTED_EDGE('',*,*,#3540,.T.);
#1076=ORIENTED_EDGE('',*,*,#3541,.F.);
#1077=ORIENTED_EDGE('',*,*,#3510,.F.);
#1078=ORIENTED_EDGE('',*,*,#3542,.F.);
#1079=ORIENTED_EDGE('',*,*,#3543,.T.);
#1080=ORIENTED_EDGE('',*,*,#3544,.F.);
#1081=ORIENTED_EDGE('',*,*,#3513,.F.);
#1082=ORIENTED_EDGE('',*,*,#3545,.F.);
#1083=ORIENTED_EDGE('',*,*,#3546,.T.);
#1084=ORIENTED_EDGE('',*,*,#3547,.F.);
#1085=ORIENTED_EDGE('',*,*,#3516,.F.);
#1086=ORIENTED_EDGE('',*,*,#3548,.F.);
#1087=ORIENTED_EDGE('',*,*,#3549,.T.);
#1088=ORIENTED_EDGE('',*,*,#3550,.F.);
#1089=ORIENTED_EDGE('',*,*,#3519,.F.);
#1090=ORIENTED_EDGE('',*,*,#3551,.F.);
#1091=ORIENTED_EDGE('',*,*,#3552,.T.);
#1092=ORIENTED_EDGE('',*,*,#3553,.F.);
#1093=ORIENTED_EDGE('',*,*,#3522,.F.);
#1094=ORIENTED_EDGE('',*,*,#3554,.F.);
#1095=ORIENTED_EDGE('',*,*,#3555,.T.);
#1096=ORIENTED_EDGE('',*,*,#3556,.F.);
#1097=ORIENTED_EDGE('',*,*,#3525,.F.);
#1098=ORIENTED_EDGE('',*,*,#3557,.F.);
#1099=ORIENTED_EDGE('',*,*,#3558,.T.);
#1100=ORIENTED_EDGE('',*,*,#3559,.F.);
#1101=ORIENTED_EDGE('',*,*,#3528,.F.);
#1102=ORIENTED_EDGE('',*,*,#3560,.F.);
#1103=ORIENTED_EDGE('',*,*,#3561,.T.);
#1104=ORIENTED_EDGE('',*,*,#3562,.F.);
#1105=ORIENTED_EDGE('',*,*,#3531,.F.);
#1106=ORIENTED_EDGE('',*,*,#3563,.F.);
#1107=ORIENTED_EDGE('',*,*,#3564,.T.);
#1108=ORIENTED_EDGE('',*,*,#3565,.F.);
#1109=ORIENTED_EDGE('',*,*,#3566,.T.);
#1110=ORIENTED_EDGE('',*,*,#3567,.F.);
#1111=ORIENTED_EDGE('',*,*,#3534,.F.);
#1112=ORIENTED_EDGE('',*,*,#3568,.F.);
#1113=ORIENTED_EDGE('',*,*,#3537,.F.);
#1114=ORIENTED_EDGE('',*,*,#3569,.F.);
#1115=ORIENTED_EDGE('',*,*,#3570,.T.);
#1116=ORIENTED_EDGE('',*,*,#3571,.F.);
#1117=ORIENTED_EDGE('',*,*,#3540,.F.);
#1118=ORIENTED_EDGE('',*,*,#3572,.F.);
#1119=ORIENTED_EDGE('',*,*,#3573,.T.);
#1120=ORIENTED_EDGE('',*,*,#3574,.F.);
#1121=ORIENTED_EDGE('',*,*,#3543,.F.);
#1122=ORIENTED_EDGE('',*,*,#3575,.F.);
#1123=ORIENTED_EDGE('',*,*,#3576,.T.);
#1124=ORIENTED_EDGE('',*,*,#3577,.F.);
#1125=ORIENTED_EDGE('',*,*,#3546,.F.);
#1126=ORIENTED_EDGE('',*,*,#3578,.F.);
#1127=ORIENTED_EDGE('',*,*,#3579,.T.);
#1128=ORIENTED_EDGE('',*,*,#3580,.F.);
#1129=ORIENTED_EDGE('',*,*,#3549,.F.);
#1130=ORIENTED_EDGE('',*,*,#3581,.F.);
#1131=ORIENTED_EDGE('',*,*,#3582,.T.);
#1132=ORIENTED_EDGE('',*,*,#3583,.F.);
#1133=ORIENTED_EDGE('',*,*,#3552,.F.);
#1134=ORIENTED_EDGE('',*,*,#3584,.F.);
#1135=ORIENTED_EDGE('',*,*,#3585,.T.);
#1136=ORIENTED_EDGE('',*,*,#3586,.F.);
#1137=ORIENTED_EDGE('',*,*,#3555,.F.);
#1138=ORIENTED_EDGE('',*,*,#3587,.F.);
#1139=ORIENTED_EDGE('',*,*,#3588,.T.);
#1140=ORIENTED_EDGE('',*,*,#3589,.F.);
#1141=ORIENTED_EDGE('',*,*,#3558,.F.);
#1142=ORIENTED_EDGE('',*,*,#3590,.F.);
#1143=ORIENTED_EDGE('',*,*,#3591,.T.);
#1144=ORIENTED_EDGE('',*,*,#3592,.F.);
#1145=ORIENTED_EDGE('',*,*,#3561,.F.);
#1146=ORIENTED_EDGE('',*,*,#3593,.F.);
#1147=ORIENTED_EDGE('',*,*,#3594,.T.);
#1148=ORIENTED_EDGE('',*,*,#3595,.F.);
#1149=ORIENTED_EDGE('',*,*,#3564,.F.);
#1150=ORIENTED_EDGE('',*,*,#3596,.F.);
#1151=ORIENTED_EDGE('',*,*,#3597,.T.);
#1152=ORIENTED_EDGE('',*,*,#3598,.F.);
#1153=ORIENTED_EDGE('',*,*,#3599,.T.);
#1154=ORIENTED_EDGE('',*,*,#3600,.F.);
#1155=ORIENTED_EDGE('',*,*,#3601,.F.);
#1156=ORIENTED_EDGE('',*,*,#3602,.F.);
#1157=ORIENTED_EDGE('',*,*,#3603,.F.);
#1158=ORIENTED_EDGE('',*,*,#3604,.F.);
#1159=ORIENTED_EDGE('',*,*,#3605,.T.);
#1160=ORIENTED_EDGE('',*,*,#3606,.F.);
#1161=ORIENTED_EDGE('',*,*,#3607,.F.);
#1162=ORIENTED_EDGE('',*,*,#3608,.F.);
#1163=ORIENTED_EDGE('',*,*,#3609,.T.);
#1164=ORIENTED_EDGE('',*,*,#3610,.F.);
#1165=ORIENTED_EDGE('',*,*,#3611,.F.);
#1166=ORIENTED_EDGE('',*,*,#3612,.F.);
#1167=ORIENTED_EDGE('',*,*,#3613,.T.);
#1168=ORIENTED_EDGE('',*,*,#3614,.F.);
#1169=ORIENTED_EDGE('',*,*,#3615,.F.);
#1170=ORIENTED_EDGE('',*,*,#3616,.F.);
#1171=ORIENTED_EDGE('',*,*,#3617,.T.);
#1172=ORIENTED_EDGE('',*,*,#3618,.F.);
#1173=ORIENTED_EDGE('',*,*,#3619,.F.);
#1174=ORIENTED_EDGE('',*,*,#3620,.F.);
#1175=ORIENTED_EDGE('',*,*,#3621,.T.);
#1176=ORIENTED_EDGE('',*,*,#3622,.F.);
#1177=ORIENTED_EDGE('',*,*,#3623,.F.);
#1178=ORIENTED_EDGE('',*,*,#3624,.F.);
#1179=ORIENTED_EDGE('',*,*,#3625,.T.);
#1180=ORIENTED_EDGE('',*,*,#3626,.F.);
#1181=ORIENTED_EDGE('',*,*,#3627,.F.);
#1182=ORIENTED_EDGE('',*,*,#3628,.F.);
#1183=ORIENTED_EDGE('',*,*,#3629,.T.);
#1184=ORIENTED_EDGE('',*,*,#3630,.F.);
#1185=ORIENTED_EDGE('',*,*,#3631,.F.);
#1186=ORIENTED_EDGE('',*,*,#3632,.F.);
#1187=ORIENTED_EDGE('',*,*,#3633,.T.);
#1188=ORIENTED_EDGE('',*,*,#3634,.F.);
#1189=ORIENTED_EDGE('',*,*,#3635,.F.);
#1190=ORIENTED_EDGE('',*,*,#3636,.F.);
#1191=ORIENTED_EDGE('',*,*,#3637,.T.);
#1192=ORIENTED_EDGE('',*,*,#3638,.F.);
#1193=ORIENTED_EDGE('',*,*,#3639,.F.);
#1194=ORIENTED_EDGE('',*,*,#3640,.F.);
#1195=ORIENTED_EDGE('',*,*,#3641,.T.);
#1196=ORIENTED_EDGE('',*,*,#3642,.F.);
#1197=ORIENTED_EDGE('',*,*,#3599,.F.);
#1198=ORIENTED_EDGE('',*,*,#3643,.F.);
#1199=ORIENTED_EDGE('',*,*,#3644,.T.);
#1200=ORIENTED_EDGE('',*,*,#3645,.F.);
#1201=ORIENTED_EDGE('',*,*,#3605,.F.);
#1202=ORIENTED_EDGE('',*,*,#3646,.F.);
#1203=ORIENTED_EDGE('',*,*,#3647,.T.);
#1204=ORIENTED_EDGE('',*,*,#3648,.F.);
#1205=ORIENTED_EDGE('',*,*,#3609,.F.);
#1206=ORIENTED_EDGE('',*,*,#3649,.F.);
#1207=ORIENTED_EDGE('',*,*,#3650,.T.);
#1208=ORIENTED_EDGE('',*,*,#3651,.F.);
#1209=ORIENTED_EDGE('',*,*,#3613,.F.);
#1210=ORIENTED_EDGE('',*,*,#3652,.F.);
#1211=ORIENTED_EDGE('',*,*,#3653,.T.);
#1212=ORIENTED_EDGE('',*,*,#3654,.F.);
#1213=ORIENTED_EDGE('',*,*,#3617,.F.);
#1214=ORIENTED_EDGE('',*,*,#3655,.F.);
#1215=ORIENTED_EDGE('',*,*,#3656,.T.);
#1216=ORIENTED_EDGE('',*,*,#3657,.F.);
#1217=ORIENTED_EDGE('',*,*,#3621,.F.);
#1218=ORIENTED_EDGE('',*,*,#3658,.F.);
#1219=ORIENTED_EDGE('',*,*,#3659,.T.);
#1220=ORIENTED_EDGE('',*,*,#3660,.F.);
#1221=ORIENTED_EDGE('',*,*,#3625,.F.);
#1222=ORIENTED_EDGE('',*,*,#3661,.F.);
#1223=ORIENTED_EDGE('',*,*,#3662,.T.);
#1224=ORIENTED_EDGE('',*,*,#3663,.F.);
#1225=ORIENTED_EDGE('',*,*,#3629,.F.);
#1226=ORIENTED_EDGE('',*,*,#3664,.F.);
#1227=ORIENTED_EDGE('',*,*,#3665,.T.);
#1228=ORIENTED_EDGE('',*,*,#3666,.F.);
#1229=ORIENTED_EDGE('',*,*,#3633,.F.);
#1230=ORIENTED_EDGE('',*,*,#3667,.F.);
#1231=ORIENTED_EDGE('',*,*,#3668,.T.);
#1232=ORIENTED_EDGE('',*,*,#3669,.F.);
#1233=ORIENTED_EDGE('',*,*,#3637,.F.);
#1234=ORIENTED_EDGE('',*,*,#3670,.F.);
#1235=ORIENTED_EDGE('',*,*,#3671,.T.);
#1236=ORIENTED_EDGE('',*,*,#3672,.F.);
#1237=ORIENTED_EDGE('',*,*,#3641,.F.);
#1238=ORIENTED_EDGE('',*,*,#3673,.F.);
#1239=ORIENTED_EDGE('',*,*,#3674,.T.);
#1240=ORIENTED_EDGE('',*,*,#3675,.F.);
#1241=ORIENTED_EDGE('',*,*,#3644,.F.);
#1242=ORIENTED_EDGE('',*,*,#3676,.T.);
#1243=ORIENTED_EDGE('',*,*,#3677,.T.);
#1244=ORIENTED_EDGE('',*,*,#3678,.F.);
#1245=ORIENTED_EDGE('',*,*,#3647,.F.);
#1246=ORIENTED_EDGE('',*,*,#3679,.T.);
#1247=ORIENTED_EDGE('',*,*,#3680,.T.);
#1248=ORIENTED_EDGE('',*,*,#3681,.F.);
#1249=ORIENTED_EDGE('',*,*,#3650,.F.);
#1250=ORIENTED_EDGE('',*,*,#3682,.T.);
#1251=ORIENTED_EDGE('',*,*,#3683,.T.);
#1252=ORIENTED_EDGE('',*,*,#3684,.F.);
#1253=ORIENTED_EDGE('',*,*,#3653,.F.);
#1254=ORIENTED_EDGE('',*,*,#3685,.T.);
#1255=ORIENTED_EDGE('',*,*,#3686,.T.);
#1256=ORIENTED_EDGE('',*,*,#3687,.F.);
#1257=ORIENTED_EDGE('',*,*,#3656,.F.);
#1258=ORIENTED_EDGE('',*,*,#3688,.T.);
#1259=ORIENTED_EDGE('',*,*,#3689,.T.);
#1260=ORIENTED_EDGE('',*,*,#3690,.F.);
#1261=ORIENTED_EDGE('',*,*,#3659,.F.);
#1262=ORIENTED_EDGE('',*,*,#3691,.T.);
#1263=ORIENTED_EDGE('',*,*,#3692,.T.);
#1264=ORIENTED_EDGE('',*,*,#3693,.F.);
#1265=ORIENTED_EDGE('',*,*,#3662,.F.);
#1266=ORIENTED_EDGE('',*,*,#3694,.T.);
#1267=ORIENTED_EDGE('',*,*,#3695,.T.);
#1268=ORIENTED_EDGE('',*,*,#3696,.F.);
#1269=ORIENTED_EDGE('',*,*,#3665,.F.);
#1270=ORIENTED_EDGE('',*,*,#3697,.T.);
#1271=ORIENTED_EDGE('',*,*,#3698,.T.);
#1272=ORIENTED_EDGE('',*,*,#3699,.F.);
#1273=ORIENTED_EDGE('',*,*,#3668,.F.);
#1274=ORIENTED_EDGE('',*,*,#3700,.T.);
#1275=ORIENTED_EDGE('',*,*,#3701,.T.);
#1276=ORIENTED_EDGE('',*,*,#3702,.F.);
#1277=ORIENTED_EDGE('',*,*,#3671,.F.);
#1278=ORIENTED_EDGE('',*,*,#3703,.T.);
#1279=ORIENTED_EDGE('',*,*,#3704,.T.);
#1280=ORIENTED_EDGE('',*,*,#3705,.F.);
#1281=ORIENTED_EDGE('',*,*,#3674,.F.);
#1282=ORIENTED_EDGE('',*,*,#3706,.T.);
#1283=ORIENTED_EDGE('',*,*,#3707,.T.);
#1284=ORIENTED_EDGE('',*,*,#3708,.F.);
#1285=ORIENTED_EDGE('',*,*,#3677,.F.);
#1286=ORIENTED_EDGE('',*,*,#3709,.F.);
#1287=ORIENTED_EDGE('',*,*,#3381,.T.);
#1288=ORIENTED_EDGE('',*,*,#3710,.F.);
#1289=ORIENTED_EDGE('',*,*,#3680,.F.);
#1290=ORIENTED_EDGE('',*,*,#3711,.F.);
#1291=ORIENTED_EDGE('',*,*,#3383,.T.);
#1292=ORIENTED_EDGE('',*,*,#3712,.F.);
#1293=ORIENTED_EDGE('',*,*,#3683,.F.);
#1294=ORIENTED_EDGE('',*,*,#3713,.F.);
#1295=ORIENTED_EDGE('',*,*,#3387,.T.);
#1296=ORIENTED_EDGE('',*,*,#3714,.F.);
#1297=ORIENTED_EDGE('',*,*,#3686,.F.);
#1298=ORIENTED_EDGE('',*,*,#3715,.F.);
#1299=ORIENTED_EDGE('',*,*,#3391,.T.);
#1300=ORIENTED_EDGE('',*,*,#3716,.F.);
#1301=ORIENTED_EDGE('',*,*,#3689,.F.);
#1302=ORIENTED_EDGE('',*,*,#3717,.F.);
#1303=ORIENTED_EDGE('',*,*,#3395,.T.);
#1304=ORIENTED_EDGE('',*,*,#3718,.F.);
#1305=ORIENTED_EDGE('',*,*,#3692,.F.);
#1306=ORIENTED_EDGE('',*,*,#3719,.F.);
#1307=ORIENTED_EDGE('',*,*,#3399,.T.);
#1308=ORIENTED_EDGE('',*,*,#3720,.F.);
#1309=ORIENTED_EDGE('',*,*,#3695,.F.);
#1310=ORIENTED_EDGE('',*,*,#3721,.F.);
#1311=ORIENTED_EDGE('',*,*,#3403,.T.);
#1312=ORIENTED_EDGE('',*,*,#3722,.F.);
#1313=ORIENTED_EDGE('',*,*,#3698,.F.);
#1314=ORIENTED_EDGE('',*,*,#3723,.F.);
#1315=ORIENTED_EDGE('',*,*,#3407,.T.);
#1316=ORIENTED_EDGE('',*,*,#3724,.F.);
#1317=ORIENTED_EDGE('',*,*,#3701,.F.);
#1318=ORIENTED_EDGE('',*,*,#3725,.F.);
#1319=ORIENTED_EDGE('',*,*,#3411,.T.);
#1320=ORIENTED_EDGE('',*,*,#3726,.F.);
#1321=ORIENTED_EDGE('',*,*,#3704,.F.);
#1322=ORIENTED_EDGE('',*,*,#3727,.F.);
#1323=ORIENTED_EDGE('',*,*,#3415,.T.);
#1324=ORIENTED_EDGE('',*,*,#3728,.F.);
#1325=ORIENTED_EDGE('',*,*,#3707,.F.);
#1326=ORIENTED_EDGE('',*,*,#3729,.F.);
#1327=ORIENTED_EDGE('',*,*,#3419,.T.);
#1328=ORIENTED_EDGE('',*,*,#3730,.F.);
#1329=ORIENTED_EDGE('',*,*,#3731,.F.);
#1330=ORIENTED_EDGE('',*,*,#3732,.T.);
#1331=ORIENTED_EDGE('',*,*,#3733,.T.);
#1332=ORIENTED_EDGE('',*,*,#3734,.F.);
#1333=ORIENTED_EDGE('',*,*,#3735,.F.);
#1334=ORIENTED_EDGE('',*,*,#3736,.F.);
#1335=ORIENTED_EDGE('',*,*,#3385,.F.);
#1336=ORIENTED_EDGE('',*,*,#3737,.F.);
#1337=ORIENTED_EDGE('',*,*,#3738,.F.);
#1338=ORIENTED_EDGE('',*,*,#3739,.F.);
#1339=ORIENTED_EDGE('',*,*,#3389,.F.);
#1340=ORIENTED_EDGE('',*,*,#3740,.F.);
#1341=ORIENTED_EDGE('',*,*,#3741,.F.);
#1342=ORIENTED_EDGE('',*,*,#3742,.F.);
#1343=ORIENTED_EDGE('',*,*,#3393,.F.);
#1344=ORIENTED_EDGE('',*,*,#3743,.F.);
#1345=ORIENTED_EDGE('',*,*,#3744,.F.);
#1346=ORIENTED_EDGE('',*,*,#3745,.F.);
#1347=ORIENTED_EDGE('',*,*,#3397,.F.);
#1348=ORIENTED_EDGE('',*,*,#3746,.F.);
#1349=ORIENTED_EDGE('',*,*,#3747,.F.);
#1350=ORIENTED_EDGE('',*,*,#3748,.F.);
#1351=ORIENTED_EDGE('',*,*,#3401,.F.);
#1352=ORIENTED_EDGE('',*,*,#3749,.F.);
#1353=ORIENTED_EDGE('',*,*,#3750,.F.);
#1354=ORIENTED_EDGE('',*,*,#3751,.F.);
#1355=ORIENTED_EDGE('',*,*,#3405,.F.);
#1356=ORIENTED_EDGE('',*,*,#3752,.F.);
#1357=ORIENTED_EDGE('',*,*,#3753,.F.);
#1358=ORIENTED_EDGE('',*,*,#3754,.F.);
#1359=ORIENTED_EDGE('',*,*,#3409,.F.);
#1360=ORIENTED_EDGE('',*,*,#3755,.F.);
#1361=ORIENTED_EDGE('',*,*,#3756,.F.);
#1362=ORIENTED_EDGE('',*,*,#3757,.F.);
#1363=ORIENTED_EDGE('',*,*,#3413,.F.);
#1364=ORIENTED_EDGE('',*,*,#3758,.F.);
#1365=ORIENTED_EDGE('',*,*,#3759,.F.);
#1366=ORIENTED_EDGE('',*,*,#3760,.F.);
#1367=ORIENTED_EDGE('',*,*,#3417,.F.);
#1368=ORIENTED_EDGE('',*,*,#3761,.F.);
#1369=ORIENTED_EDGE('',*,*,#3762,.F.);
#1370=ORIENTED_EDGE('',*,*,#3763,.F.);
#1371=ORIENTED_EDGE('',*,*,#3421,.F.);
#1372=ORIENTED_EDGE('',*,*,#3764,.F.);
#1373=ORIENTED_EDGE('',*,*,#3765,.F.);
#1374=ORIENTED_EDGE('',*,*,#3766,.F.);
#1375=ORIENTED_EDGE('',*,*,#3733,.F.);
#1376=ORIENTED_EDGE('',*,*,#3767,.T.);
#1377=ORIENTED_EDGE('',*,*,#3768,.T.);
#1378=ORIENTED_EDGE('',*,*,#3769,.F.);
#1379=ORIENTED_EDGE('',*,*,#3379,.F.);
#1380=ORIENTED_EDGE('',*,*,#3770,.F.);
#1381=ORIENTED_EDGE('',*,*,#3425,.T.);
#1382=ORIENTED_EDGE('',*,*,#3771,.F.);
#1383=ORIENTED_EDGE('',*,*,#3768,.F.);
#1384=ORIENTED_EDGE('',*,*,#3772,.T.);
#1385=ORIENTED_EDGE('',*,*,#3773,.T.);
#1386=ORIENTED_EDGE('',*,*,#3774,.F.);
#1387=ORIENTED_EDGE('',*,*,#3775,.F.);
#1388=ORIENTED_EDGE('',*,*,#3776,.F.);
#1389=ORIENTED_EDGE('',*,*,#3463,.T.);
#1390=ORIENTED_EDGE('',*,*,#3777,.F.);
#1391=ORIENTED_EDGE('',*,*,#3778,.F.);
#1392=ORIENTED_EDGE('',*,*,#3779,.F.);
#1393=ORIENTED_EDGE('',*,*,#3459,.T.);
#1394=ORIENTED_EDGE('',*,*,#3780,.F.);
#1395=ORIENTED_EDGE('',*,*,#3781,.F.);
#1396=ORIENTED_EDGE('',*,*,#3782,.F.);
#1397=ORIENTED_EDGE('',*,*,#3455,.T.);
#1398=ORIENTED_EDGE('',*,*,#3783,.F.);
#1399=ORIENTED_EDGE('',*,*,#3784,.F.);
#1400=ORIENTED_EDGE('',*,*,#3785,.F.);
#1401=ORIENTED_EDGE('',*,*,#3451,.T.);
#1402=ORIENTED_EDGE('',*,*,#3786,.F.);
#1403=ORIENTED_EDGE('',*,*,#3787,.F.);
#1404=ORIENTED_EDGE('',*,*,#3788,.F.);
#1405=ORIENTED_EDGE('',*,*,#3447,.T.);
#1406=ORIENTED_EDGE('',*,*,#3789,.F.);
#1407=ORIENTED_EDGE('',*,*,#3790,.F.);
#1408=ORIENTED_EDGE('',*,*,#3791,.F.);
#1409=ORIENTED_EDGE('',*,*,#3443,.T.);
#1410=ORIENTED_EDGE('',*,*,#3792,.F.);
#1411=ORIENTED_EDGE('',*,*,#3793,.F.);
#1412=ORIENTED_EDGE('',*,*,#3794,.F.);
#1413=ORIENTED_EDGE('',*,*,#3439,.T.);
#1414=ORIENTED_EDGE('',*,*,#3795,.F.);
#1415=ORIENTED_EDGE('',*,*,#3796,.F.);
#1416=ORIENTED_EDGE('',*,*,#3797,.F.);
#1417=ORIENTED_EDGE('',*,*,#3435,.T.);
#1418=ORIENTED_EDGE('',*,*,#3798,.F.);
#1419=ORIENTED_EDGE('',*,*,#3799,.F.);
#1420=ORIENTED_EDGE('',*,*,#3800,.F.);
#1421=ORIENTED_EDGE('',*,*,#3431,.T.);
#1422=ORIENTED_EDGE('',*,*,#3801,.F.);
#1423=ORIENTED_EDGE('',*,*,#3802,.F.);
#1424=ORIENTED_EDGE('',*,*,#3803,.F.);
#1425=ORIENTED_EDGE('',*,*,#3427,.T.);
#1426=ORIENTED_EDGE('',*,*,#3804,.F.);
#1427=ORIENTED_EDGE('',*,*,#3805,.F.);
#1428=ORIENTED_EDGE('',*,*,#3806,.F.);
#1429=ORIENTED_EDGE('',*,*,#3773,.F.);
#1430=ORIENTED_EDGE('',*,*,#3807,.T.);
#1431=ORIENTED_EDGE('',*,*,#3808,.T.);
#1432=ORIENTED_EDGE('',*,*,#3809,.F.);
#1433=ORIENTED_EDGE('',*,*,#3808,.F.);
#1434=ORIENTED_EDGE('',*,*,#3810,.F.);
#1435=ORIENTED_EDGE('',*,*,#3811,.T.);
#1436=ORIENTED_EDGE('',*,*,#3812,.F.);
#1437=ORIENTED_EDGE('',*,*,#3811,.F.);
#1438=ORIENTED_EDGE('',*,*,#3813,.T.);
#1439=ORIENTED_EDGE('',*,*,#3814,.T.);
#1440=ORIENTED_EDGE('',*,*,#3815,.F.);
#1441=ORIENTED_EDGE('',*,*,#3814,.F.);
#1442=ORIENTED_EDGE('',*,*,#3816,.F.);
#1443=ORIENTED_EDGE('',*,*,#3817,.T.);
#1444=ORIENTED_EDGE('',*,*,#3818,.F.);
#1445=ORIENTED_EDGE('',*,*,#3817,.F.);
#1446=ORIENTED_EDGE('',*,*,#3819,.T.);
#1447=ORIENTED_EDGE('',*,*,#3820,.T.);
#1448=ORIENTED_EDGE('',*,*,#3821,.T.);
#1449=ORIENTED_EDGE('',*,*,#3822,.T.);
#1450=ORIENTED_EDGE('',*,*,#3765,.T.);
#1451=ORIENTED_EDGE('',*,*,#3823,.F.);
#1452=ORIENTED_EDGE('',*,*,#3639,.T.);
#1453=ORIENTED_EDGE('',*,*,#3824,.T.);
#1454=ORIENTED_EDGE('',*,*,#3762,.T.);
#1455=ORIENTED_EDGE('',*,*,#3825,.F.);
#1456=ORIENTED_EDGE('',*,*,#3635,.T.);
#1457=ORIENTED_EDGE('',*,*,#3826,.T.);
#1458=ORIENTED_EDGE('',*,*,#3759,.T.);
#1459=ORIENTED_EDGE('',*,*,#3827,.F.);
#1460=ORIENTED_EDGE('',*,*,#3631,.T.);
#1461=ORIENTED_EDGE('',*,*,#3828,.T.);
#1462=ORIENTED_EDGE('',*,*,#3756,.T.);
#1463=ORIENTED_EDGE('',*,*,#3829,.F.);
#1464=ORIENTED_EDGE('',*,*,#3627,.T.);
#1465=ORIENTED_EDGE('',*,*,#3830,.T.);
#1466=ORIENTED_EDGE('',*,*,#3753,.T.);
#1467=ORIENTED_EDGE('',*,*,#3831,.F.);
#1468=ORIENTED_EDGE('',*,*,#3623,.T.);
#1469=ORIENTED_EDGE('',*,*,#3832,.T.);
#1470=ORIENTED_EDGE('',*,*,#3750,.T.);
#1471=ORIENTED_EDGE('',*,*,#3833,.F.);
#1472=ORIENTED_EDGE('',*,*,#3619,.T.);
#1473=ORIENTED_EDGE('',*,*,#3834,.T.);
#1474=ORIENTED_EDGE('',*,*,#3747,.T.);
#1475=ORIENTED_EDGE('',*,*,#3835,.F.);
#1476=ORIENTED_EDGE('',*,*,#3615,.T.);
#1477=ORIENTED_EDGE('',*,*,#3836,.T.);
#1478=ORIENTED_EDGE('',*,*,#3744,.T.);
#1479=ORIENTED_EDGE('',*,*,#3837,.F.);
#1480=ORIENTED_EDGE('',*,*,#3611,.T.);
#1481=ORIENTED_EDGE('',*,*,#3838,.T.);
#1482=ORIENTED_EDGE('',*,*,#3741,.T.);
#1483=ORIENTED_EDGE('',*,*,#3839,.F.);
#1484=ORIENTED_EDGE('',*,*,#3607,.T.);
#1485=ORIENTED_EDGE('',*,*,#3840,.T.);
#1486=ORIENTED_EDGE('',*,*,#3738,.T.);
#1487=ORIENTED_EDGE('',*,*,#3841,.F.);
#1488=ORIENTED_EDGE('',*,*,#3603,.T.);
#1489=ORIENTED_EDGE('',*,*,#3842,.T.);
#1490=ORIENTED_EDGE('',*,*,#3735,.T.);
#1491=ORIENTED_EDGE('',*,*,#3843,.F.);
#1492=ORIENTED_EDGE('',*,*,#3601,.T.);
#1493=ORIENTED_EDGE('',*,*,#3844,.F.);
#1494=ORIENTED_EDGE('',*,*,#3566,.F.);
#1495=ORIENTED_EDGE('',*,*,#3845,.F.);
#1496=ORIENTED_EDGE('',*,*,#3805,.T.);
#1497=ORIENTED_EDGE('',*,*,#3846,.T.);
#1498=ORIENTED_EDGE('',*,*,#3570,.F.);
#1499=ORIENTED_EDGE('',*,*,#3847,.F.);
#1500=ORIENTED_EDGE('',*,*,#3802,.T.);
#1501=ORIENTED_EDGE('',*,*,#3848,.T.);
#1502=ORIENTED_EDGE('',*,*,#3573,.F.);
#1503=ORIENTED_EDGE('',*,*,#3849,.F.);
#1504=ORIENTED_EDGE('',*,*,#3799,.T.);
#1505=ORIENTED_EDGE('',*,*,#3850,.T.);
#1506=ORIENTED_EDGE('',*,*,#3576,.F.);
#1507=ORIENTED_EDGE('',*,*,#3851,.F.);
#1508=ORIENTED_EDGE('',*,*,#3796,.T.);
#1509=ORIENTED_EDGE('',*,*,#3852,.T.);
#1510=ORIENTED_EDGE('',*,*,#3579,.F.);
#1511=ORIENTED_EDGE('',*,*,#3853,.F.);
#1512=ORIENTED_EDGE('',*,*,#3793,.T.);
#1513=ORIENTED_EDGE('',*,*,#3854,.T.);
#1514=ORIENTED_EDGE('',*,*,#3582,.F.);
#1515=ORIENTED_EDGE('',*,*,#3855,.F.);
#1516=ORIENTED_EDGE('',*,*,#3790,.T.);
#1517=ORIENTED_EDGE('',*,*,#3856,.T.);
#1518=ORIENTED_EDGE('',*,*,#3585,.F.);
#1519=ORIENTED_EDGE('',*,*,#3857,.F.);
#1520=ORIENTED_EDGE('',*,*,#3787,.T.);
#1521=ORIENTED_EDGE('',*,*,#3858,.T.);
#1522=ORIENTED_EDGE('',*,*,#3588,.F.);
#1523=ORIENTED_EDGE('',*,*,#3859,.F.);
#1524=ORIENTED_EDGE('',*,*,#3784,.T.);
#1525=ORIENTED_EDGE('',*,*,#3860,.T.);
#1526=ORIENTED_EDGE('',*,*,#3591,.F.);
#1527=ORIENTED_EDGE('',*,*,#3861,.F.);
#1528=ORIENTED_EDGE('',*,*,#3781,.T.);
#1529=ORIENTED_EDGE('',*,*,#3862,.T.);
#1530=ORIENTED_EDGE('',*,*,#3594,.F.);
#1531=ORIENTED_EDGE('',*,*,#3863,.F.);
#1532=ORIENTED_EDGE('',*,*,#3778,.T.);
#1533=ORIENTED_EDGE('',*,*,#3864,.T.);
#1534=ORIENTED_EDGE('',*,*,#3597,.F.);
#1535=ORIENTED_EDGE('',*,*,#3865,.F.);
#1536=ORIENTED_EDGE('',*,*,#3775,.T.);
#1537=ORIENTED_EDGE('',*,*,#3866,.T.);
#1538=ORIENTED_EDGE('',*,*,#3820,.F.);
#1539=ORIENTED_EDGE('',*,*,#3867,.T.);
#1540=ORIENTED_EDGE('',*,*,#3868,.F.);
#1541=ORIENTED_EDGE('',*,*,#3821,.F.);
#1542=ORIENTED_EDGE('',*,*,#3869,.T.);
#1543=ORIENTED_EDGE('',*,*,#3870,.T.);
#1544=ORIENTED_EDGE('',*,*,#3871,.F.);
#1545=ORIENTED_EDGE('',*,*,#3870,.F.);
#1546=ORIENTED_EDGE('',*,*,#3872,.F.);
#1547=ORIENTED_EDGE('',*,*,#3873,.T.);
#1548=ORIENTED_EDGE('',*,*,#3874,.F.);
#1549=ORIENTED_EDGE('',*,*,#3873,.F.);
#1550=ORIENTED_EDGE('',*,*,#3875,.T.);
#1551=ORIENTED_EDGE('',*,*,#3876,.T.);
#1552=ORIENTED_EDGE('',*,*,#3877,.F.);
#1553=ORIENTED_EDGE('',*,*,#3876,.F.);
#1554=ORIENTED_EDGE('',*,*,#3878,.F.);
#1555=ORIENTED_EDGE('',*,*,#3731,.T.);
#1556=ORIENTED_EDGE('',*,*,#3867,.F.);
#1557=ORIENTED_EDGE('',*,*,#3819,.F.);
#1558=ORIENTED_EDGE('',*,*,#3879,.F.);
#1559=ORIENTED_EDGE('',*,*,#3807,.F.);
#1560=ORIENTED_EDGE('',*,*,#3772,.F.);
#1561=ORIENTED_EDGE('',*,*,#3767,.F.);
#1562=ORIENTED_EDGE('',*,*,#3732,.F.);
#1563=ORIENTED_EDGE('',*,*,#3880,.F.);
#1564=ORIENTED_EDGE('',*,*,#3869,.F.);
#1565=ORIENTED_EDGE('',*,*,#3771,.T.);
#1566=ORIENTED_EDGE('',*,*,#3424,.T.);
#1567=ORIENTED_EDGE('',*,*,#3881,.T.);
#1568=ORIENTED_EDGE('',*,*,#3567,.T.);
#1569=ORIENTED_EDGE('',*,*,#3844,.T.);
#1570=ORIENTED_EDGE('',*,*,#3600,.T.);
#1571=ORIENTED_EDGE('',*,*,#3882,.T.);
#1572=ORIENTED_EDGE('',*,*,#3380,.T.);
#1573=ORIENTED_EDGE('',*,*,#3769,.T.);
#1574=ORIENTED_EDGE('',*,*,#3642,.T.);
#1575=ORIENTED_EDGE('',*,*,#3675,.T.);
#1576=ORIENTED_EDGE('',*,*,#3708,.T.);
#1577=ORIENTED_EDGE('',*,*,#3882,.F.);
#1578=ORIENTED_EDGE('',*,*,#3466,.T.);
#1579=ORIENTED_EDGE('',*,*,#3499,.T.);
#1580=ORIENTED_EDGE('',*,*,#3532,.T.);
#1581=ORIENTED_EDGE('',*,*,#3881,.F.);
#1582=ORIENTED_EDGE('',*,*,#3872,.T.);
#1583=ORIENTED_EDGE('',*,*,#3880,.T.);
#1584=ORIENTED_EDGE('',*,*,#3878,.T.);
#1585=ORIENTED_EDGE('',*,*,#3875,.F.);
#1586=ORIENTED_EDGE('',*,*,#3810,.T.);
#1587=ORIENTED_EDGE('',*,*,#3879,.T.);
#1588=ORIENTED_EDGE('',*,*,#3816,.T.);
#1589=ORIENTED_EDGE('',*,*,#3813,.F.);
#1590=ORIENTED_EDGE('',*,*,#3673,.T.);
#1591=ORIENTED_EDGE('',*,*,#3883,.T.);
#1592=ORIENTED_EDGE('',*,*,#3729,.T.);
#1593=ORIENTED_EDGE('',*,*,#3706,.F.);
#1594=ORIENTED_EDGE('',*,*,#3871,.T.);
#1595=ORIENTED_EDGE('',*,*,#3874,.T.);
#1596=ORIENTED_EDGE('',*,*,#3877,.T.);
#1597=ORIENTED_EDGE('',*,*,#3884,.F.);
#1598=ORIENTED_EDGE('',*,*,#3730,.T.);
#1599=ORIENTED_EDGE('',*,*,#3766,.T.);
#1600=ORIENTED_EDGE('',*,*,#3822,.F.);
#1601=ORIENTED_EDGE('',*,*,#3868,.T.);
#1602=ORIENTED_EDGE('',*,*,#3884,.T.);
#1603=ORIENTED_EDGE('',*,*,#3420,.T.);
#1604=ORIENTED_EDGE('',*,*,#3883,.F.);
#1605=ORIENTED_EDGE('',*,*,#3640,.T.);
#1606=ORIENTED_EDGE('',*,*,#3823,.T.);
#1607=ORIENTED_EDGE('',*,*,#3764,.T.);
#1608=ORIENTED_EDGE('',*,*,#3670,.T.);
#1609=ORIENTED_EDGE('',*,*,#3885,.T.);
#1610=ORIENTED_EDGE('',*,*,#3727,.T.);
#1611=ORIENTED_EDGE('',*,*,#3703,.F.);
#1612=ORIENTED_EDGE('',*,*,#3672,.T.);
#1613=ORIENTED_EDGE('',*,*,#3705,.T.);
#1614=ORIENTED_EDGE('',*,*,#3728,.T.);
#1615=ORIENTED_EDGE('',*,*,#3886,.F.);
#1616=ORIENTED_EDGE('',*,*,#3418,.T.);
#1617=ORIENTED_EDGE('',*,*,#3763,.T.);
#1618=ORIENTED_EDGE('',*,*,#3824,.F.);
#1619=ORIENTED_EDGE('',*,*,#3638,.T.);
#1620=ORIENTED_EDGE('',*,*,#3886,.T.);
#1621=ORIENTED_EDGE('',*,*,#3416,.T.);
#1622=ORIENTED_EDGE('',*,*,#3885,.F.);
#1623=ORIENTED_EDGE('',*,*,#3636,.T.);
#1624=ORIENTED_EDGE('',*,*,#3825,.T.);
#1625=ORIENTED_EDGE('',*,*,#3761,.T.);
#1626=ORIENTED_EDGE('',*,*,#3667,.T.);
#1627=ORIENTED_EDGE('',*,*,#3887,.T.);
#1628=ORIENTED_EDGE('',*,*,#3725,.T.);
#1629=ORIENTED_EDGE('',*,*,#3700,.F.);
#1630=ORIENTED_EDGE('',*,*,#3669,.T.);
#1631=ORIENTED_EDGE('',*,*,#3702,.T.);
#1632=ORIENTED_EDGE('',*,*,#3726,.T.);
#1633=ORIENTED_EDGE('',*,*,#3888,.F.);
#1634=ORIENTED_EDGE('',*,*,#3414,.T.);
#1635=ORIENTED_EDGE('',*,*,#3760,.T.);
#1636=ORIENTED_EDGE('',*,*,#3826,.F.);
#1637=ORIENTED_EDGE('',*,*,#3634,.T.);
#1638=ORIENTED_EDGE('',*,*,#3888,.T.);
#1639=ORIENTED_EDGE('',*,*,#3412,.T.);
#1640=ORIENTED_EDGE('',*,*,#3887,.F.);
#1641=ORIENTED_EDGE('',*,*,#3632,.T.);
#1642=ORIENTED_EDGE('',*,*,#3827,.T.);
#1643=ORIENTED_EDGE('',*,*,#3758,.T.);
#1644=ORIENTED_EDGE('',*,*,#3664,.T.);
#1645=ORIENTED_EDGE('',*,*,#3889,.T.);
#1646=ORIENTED_EDGE('',*,*,#3723,.T.);
#1647=ORIENTED_EDGE('',*,*,#3697,.F.);
#1648=ORIENTED_EDGE('',*,*,#3666,.T.);
#1649=ORIENTED_EDGE('',*,*,#3699,.T.);
#1650=ORIENTED_EDGE('',*,*,#3724,.T.);
#1651=ORIENTED_EDGE('',*,*,#3890,.F.);
#1652=ORIENTED_EDGE('',*,*,#3410,.T.);
#1653=ORIENTED_EDGE('',*,*,#3757,.T.);
#1654=ORIENTED_EDGE('',*,*,#3828,.F.);
#1655=ORIENTED_EDGE('',*,*,#3630,.T.);
#1656=ORIENTED_EDGE('',*,*,#3890,.T.);
#1657=ORIENTED_EDGE('',*,*,#3408,.T.);
#1658=ORIENTED_EDGE('',*,*,#3889,.F.);
#1659=ORIENTED_EDGE('',*,*,#3628,.T.);
#1660=ORIENTED_EDGE('',*,*,#3829,.T.);
#1661=ORIENTED_EDGE('',*,*,#3755,.T.);
#1662=ORIENTED_EDGE('',*,*,#3661,.T.);
#1663=ORIENTED_EDGE('',*,*,#3891,.T.);
#1664=ORIENTED_EDGE('',*,*,#3721,.T.);
#1665=ORIENTED_EDGE('',*,*,#3694,.F.);
#1666=ORIENTED_EDGE('',*,*,#3663,.T.);
#1667=ORIENTED_EDGE('',*,*,#3696,.T.);
#1668=ORIENTED_EDGE('',*,*,#3722,.T.);
#1669=ORIENTED_EDGE('',*,*,#3892,.F.);
#1670=ORIENTED_EDGE('',*,*,#3406,.T.);
#1671=ORIENTED_EDGE('',*,*,#3754,.T.);
#1672=ORIENTED_EDGE('',*,*,#3830,.F.);
#1673=ORIENTED_EDGE('',*,*,#3626,.T.);
#1674=ORIENTED_EDGE('',*,*,#3892,.T.);
#1675=ORIENTED_EDGE('',*,*,#3404,.T.);
#1676=ORIENTED_EDGE('',*,*,#3891,.F.);
#1677=ORIENTED_EDGE('',*,*,#3624,.T.);
#1678=ORIENTED_EDGE('',*,*,#3831,.T.);
#1679=ORIENTED_EDGE('',*,*,#3752,.T.);
#1680=ORIENTED_EDGE('',*,*,#3658,.T.);
#1681=ORIENTED_EDGE('',*,*,#3893,.T.);
#1682=ORIENTED_EDGE('',*,*,#3719,.T.);
#1683=ORIENTED_EDGE('',*,*,#3691,.F.);
#1684=ORIENTED_EDGE('',*,*,#3660,.T.);
#1685=ORIENTED_EDGE('',*,*,#3693,.T.);
#1686=ORIENTED_EDGE('',*,*,#3720,.T.);
#1687=ORIENTED_EDGE('',*,*,#3894,.F.);
#1688=ORIENTED_EDGE('',*,*,#3402,.T.);
#1689=ORIENTED_EDGE('',*,*,#3751,.T.);
#1690=ORIENTED_EDGE('',*,*,#3832,.F.);
#1691=ORIENTED_EDGE('',*,*,#3622,.T.);
#1692=ORIENTED_EDGE('',*,*,#3894,.T.);
#1693=ORIENTED_EDGE('',*,*,#3400,.T.);
#1694=ORIENTED_EDGE('',*,*,#3893,.F.);
#1695=ORIENTED_EDGE('',*,*,#3620,.T.);
#1696=ORIENTED_EDGE('',*,*,#3833,.T.);
#1697=ORIENTED_EDGE('',*,*,#3749,.T.);
#1698=ORIENTED_EDGE('',*,*,#3655,.T.);
#1699=ORIENTED_EDGE('',*,*,#3895,.T.);
#1700=ORIENTED_EDGE('',*,*,#3717,.T.);
#1701=ORIENTED_EDGE('',*,*,#3688,.F.);
#1702=ORIENTED_EDGE('',*,*,#3657,.T.);
#1703=ORIENTED_EDGE('',*,*,#3690,.T.);
#1704=ORIENTED_EDGE('',*,*,#3718,.T.);
#1705=ORIENTED_EDGE('',*,*,#3896,.F.);
#1706=ORIENTED_EDGE('',*,*,#3398,.T.);
#1707=ORIENTED_EDGE('',*,*,#3748,.T.);
#1708=ORIENTED_EDGE('',*,*,#3834,.F.);
#1709=ORIENTED_EDGE('',*,*,#3618,.T.);
#1710=ORIENTED_EDGE('',*,*,#3896,.T.);
#1711=ORIENTED_EDGE('',*,*,#3396,.T.);
#1712=ORIENTED_EDGE('',*,*,#3895,.F.);
#1713=ORIENTED_EDGE('',*,*,#3616,.T.);
#1714=ORIENTED_EDGE('',*,*,#3835,.T.);
#1715=ORIENTED_EDGE('',*,*,#3746,.T.);
#1716=ORIENTED_EDGE('',*,*,#3652,.T.);
#1717=ORIENTED_EDGE('',*,*,#3897,.T.);
#1718=ORIENTED_EDGE('',*,*,#3715,.T.);
#1719=ORIENTED_EDGE('',*,*,#3685,.F.);
#1720=ORIENTED_EDGE('',*,*,#3654,.T.);
#1721=ORIENTED_EDGE('',*,*,#3687,.T.);
#1722=ORIENTED_EDGE('',*,*,#3716,.T.);
#1723=ORIENTED_EDGE('',*,*,#3898,.F.);
#1724=ORIENTED_EDGE('',*,*,#3394,.T.);
#1725=ORIENTED_EDGE('',*,*,#3745,.T.);
#1726=ORIENTED_EDGE('',*,*,#3836,.F.);
#1727=ORIENTED_EDGE('',*,*,#3614,.T.);
#1728=ORIENTED_EDGE('',*,*,#3898,.T.);
#1729=ORIENTED_EDGE('',*,*,#3392,.T.);
#1730=ORIENTED_EDGE('',*,*,#3897,.F.);
#1731=ORIENTED_EDGE('',*,*,#3612,.T.);
#1732=ORIENTED_EDGE('',*,*,#3837,.T.);
#1733=ORIENTED_EDGE('',*,*,#3743,.T.);
#1734=ORIENTED_EDGE('',*,*,#3649,.T.);
#1735=ORIENTED_EDGE('',*,*,#3899,.T.);
#1736=ORIENTED_EDGE('',*,*,#3713,.T.);
#1737=ORIENTED_EDGE('',*,*,#3682,.F.);
#1738=ORIENTED_EDGE('',*,*,#3651,.T.);
#1739=ORIENTED_EDGE('',*,*,#3684,.T.);
#1740=ORIENTED_EDGE('',*,*,#3714,.T.);
#1741=ORIENTED_EDGE('',*,*,#3900,.F.);
#1742=ORIENTED_EDGE('',*,*,#3390,.T.);
#1743=ORIENTED_EDGE('',*,*,#3742,.T.);
#1744=ORIENTED_EDGE('',*,*,#3838,.F.);
#1745=ORIENTED_EDGE('',*,*,#3610,.T.);
#1746=ORIENTED_EDGE('',*,*,#3900,.T.);
#1747=ORIENTED_EDGE('',*,*,#3388,.T.);
#1748=ORIENTED_EDGE('',*,*,#3899,.F.);
#1749=ORIENTED_EDGE('',*,*,#3608,.T.);
#1750=ORIENTED_EDGE('',*,*,#3839,.T.);
#1751=ORIENTED_EDGE('',*,*,#3740,.T.);
#1752=ORIENTED_EDGE('',*,*,#3646,.T.);
#1753=ORIENTED_EDGE('',*,*,#3901,.T.);
#1754=ORIENTED_EDGE('',*,*,#3711,.T.);
#1755=ORIENTED_EDGE('',*,*,#3679,.F.);
#1756=ORIENTED_EDGE('',*,*,#3648,.T.);
#1757=ORIENTED_EDGE('',*,*,#3681,.T.);
#1758=ORIENTED_EDGE('',*,*,#3712,.T.);
#1759=ORIENTED_EDGE('',*,*,#3902,.F.);
#1760=ORIENTED_EDGE('',*,*,#3386,.T.);
#1761=ORIENTED_EDGE('',*,*,#3739,.T.);
#1762=ORIENTED_EDGE('',*,*,#3840,.F.);
#1763=ORIENTED_EDGE('',*,*,#3606,.T.);
#1764=ORIENTED_EDGE('',*,*,#3902,.T.);
#1765=ORIENTED_EDGE('',*,*,#3384,.T.);
#1766=ORIENTED_EDGE('',*,*,#3901,.F.);
#1767=ORIENTED_EDGE('',*,*,#3604,.T.);
#1768=ORIENTED_EDGE('',*,*,#3841,.T.);
#1769=ORIENTED_EDGE('',*,*,#3737,.T.);
#1770=ORIENTED_EDGE('',*,*,#3643,.T.);
#1771=ORIENTED_EDGE('',*,*,#3903,.T.);
#1772=ORIENTED_EDGE('',*,*,#3709,.T.);
#1773=ORIENTED_EDGE('',*,*,#3676,.F.);
#1774=ORIENTED_EDGE('',*,*,#3645,.T.);
#1775=ORIENTED_EDGE('',*,*,#3678,.T.);
#1776=ORIENTED_EDGE('',*,*,#3710,.T.);
#1777=ORIENTED_EDGE('',*,*,#3904,.F.);
#1778=ORIENTED_EDGE('',*,*,#3382,.T.);
#1779=ORIENTED_EDGE('',*,*,#3736,.T.);
#1780=ORIENTED_EDGE('',*,*,#3842,.F.);
#1781=ORIENTED_EDGE('',*,*,#3602,.T.);
#1782=ORIENTED_EDGE('',*,*,#3904,.T.);
#1783=ORIENTED_EDGE('',*,*,#3378,.T.);
#1784=ORIENTED_EDGE('',*,*,#3903,.F.);
#1785=ORIENTED_EDGE('',*,*,#3598,.T.);
#1786=ORIENTED_EDGE('',*,*,#3843,.T.);
#1787=ORIENTED_EDGE('',*,*,#3734,.T.);
#1788=ORIENTED_EDGE('',*,*,#3774,.T.);
#1789=ORIENTED_EDGE('',*,*,#3806,.T.);
#1790=ORIENTED_EDGE('',*,*,#3905,.T.);
#1791=ORIENTED_EDGE('',*,*,#3818,.T.);
#1792=ORIENTED_EDGE('',*,*,#3866,.F.);
#1793=ORIENTED_EDGE('',*,*,#3776,.T.);
#1794=ORIENTED_EDGE('',*,*,#3865,.T.);
#1795=ORIENTED_EDGE('',*,*,#3596,.T.);
#1796=ORIENTED_EDGE('',*,*,#3906,.F.);
#1797=ORIENTED_EDGE('',*,*,#3464,.T.);
#1798=ORIENTED_EDGE('',*,*,#3809,.T.);
#1799=ORIENTED_EDGE('',*,*,#3812,.T.);
#1800=ORIENTED_EDGE('',*,*,#3815,.T.);
#1801=ORIENTED_EDGE('',*,*,#3905,.F.);
#1802=ORIENTED_EDGE('',*,*,#3497,.T.);
#1803=ORIENTED_EDGE('',*,*,#3906,.T.);
#1804=ORIENTED_EDGE('',*,*,#3563,.T.);
#1805=ORIENTED_EDGE('',*,*,#3530,.F.);
#1806=ORIENTED_EDGE('',*,*,#3777,.T.);
#1807=ORIENTED_EDGE('',*,*,#3462,.T.);
#1808=ORIENTED_EDGE('',*,*,#3907,.T.);
#1809=ORIENTED_EDGE('',*,*,#3595,.T.);
#1810=ORIENTED_EDGE('',*,*,#3864,.F.);
#1811=ORIENTED_EDGE('',*,*,#3779,.T.);
#1812=ORIENTED_EDGE('',*,*,#3863,.T.);
#1813=ORIENTED_EDGE('',*,*,#3593,.T.);
#1814=ORIENTED_EDGE('',*,*,#3908,.F.);
#1815=ORIENTED_EDGE('',*,*,#3460,.T.);
#1816=ORIENTED_EDGE('',*,*,#3496,.T.);
#1817=ORIENTED_EDGE('',*,*,#3529,.T.);
#1818=ORIENTED_EDGE('',*,*,#3562,.T.);
#1819=ORIENTED_EDGE('',*,*,#3907,.F.);
#1820=ORIENTED_EDGE('',*,*,#3494,.T.);
#1821=ORIENTED_EDGE('',*,*,#3908,.T.);
#1822=ORIENTED_EDGE('',*,*,#3560,.T.);
#1823=ORIENTED_EDGE('',*,*,#3527,.F.);
#1824=ORIENTED_EDGE('',*,*,#3780,.T.);
#1825=ORIENTED_EDGE('',*,*,#3458,.T.);
#1826=ORIENTED_EDGE('',*,*,#3909,.T.);
#1827=ORIENTED_EDGE('',*,*,#3592,.T.);
#1828=ORIENTED_EDGE('',*,*,#3862,.F.);
#1829=ORIENTED_EDGE('',*,*,#3782,.T.);
#1830=ORIENTED_EDGE('',*,*,#3861,.T.);
#1831=ORIENTED_EDGE('',*,*,#3590,.T.);
#1832=ORIENTED_EDGE('',*,*,#3910,.F.);
#1833=ORIENTED_EDGE('',*,*,#3456,.T.);
#1834=ORIENTED_EDGE('',*,*,#3493,.T.);
#1835=ORIENTED_EDGE('',*,*,#3526,.T.);
#1836=ORIENTED_EDGE('',*,*,#3559,.T.);
#1837=ORIENTED_EDGE('',*,*,#3909,.F.);
#1838=ORIENTED_EDGE('',*,*,#3491,.T.);
#1839=ORIENTED_EDGE('',*,*,#3910,.T.);
#1840=ORIENTED_EDGE('',*,*,#3557,.T.);
#1841=ORIENTED_EDGE('',*,*,#3524,.F.);
#1842=ORIENTED_EDGE('',*,*,#3783,.T.);
#1843=ORIENTED_EDGE('',*,*,#3454,.T.);
#1844=ORIENTED_EDGE('',*,*,#3911,.T.);
#1845=ORIENTED_EDGE('',*,*,#3589,.T.);
#1846=ORIENTED_EDGE('',*,*,#3860,.F.);
#1847=ORIENTED_EDGE('',*,*,#3785,.T.);
#1848=ORIENTED_EDGE('',*,*,#3859,.T.);
#1849=ORIENTED_EDGE('',*,*,#3587,.T.);
#1850=ORIENTED_EDGE('',*,*,#3912,.F.);
#1851=ORIENTED_EDGE('',*,*,#3452,.T.);
#1852=ORIENTED_EDGE('',*,*,#3490,.T.);
#1853=ORIENTED_EDGE('',*,*,#3523,.T.);
#1854=ORIENTED_EDGE('',*,*,#3556,.T.);
#1855=ORIENTED_EDGE('',*,*,#3911,.F.);
#1856=ORIENTED_EDGE('',*,*,#3488,.T.);
#1857=ORIENTED_EDGE('',*,*,#3912,.T.);
#1858=ORIENTED_EDGE('',*,*,#3554,.T.);
#1859=ORIENTED_EDGE('',*,*,#3521,.F.);
#1860=ORIENTED_EDGE('',*,*,#3786,.T.);
#1861=ORIENTED_EDGE('',*,*,#3450,.T.);
#1862=ORIENTED_EDGE('',*,*,#3913,.T.);
#1863=ORIENTED_EDGE('',*,*,#3586,.T.);
#1864=ORIENTED_EDGE('',*,*,#3858,.F.);
#1865=ORIENTED_EDGE('',*,*,#3788,.T.);
#1866=ORIENTED_EDGE('',*,*,#3857,.T.);
#1867=ORIENTED_EDGE('',*,*,#3584,.T.);
#1868=ORIENTED_EDGE('',*,*,#3914,.F.);
#1869=ORIENTED_EDGE('',*,*,#3448,.T.);
#1870=ORIENTED_EDGE('',*,*,#3487,.T.);
#1871=ORIENTED_EDGE('',*,*,#3520,.T.);
#1872=ORIENTED_EDGE('',*,*,#3553,.T.);
#1873=ORIENTED_EDGE('',*,*,#3913,.F.);
#1874=ORIENTED_EDGE('',*,*,#3485,.T.);
#1875=ORIENTED_EDGE('',*,*,#3914,.T.);
#1876=ORIENTED_EDGE('',*,*,#3551,.T.);
#1877=ORIENTED_EDGE('',*,*,#3518,.F.);
#1878=ORIENTED_EDGE('',*,*,#3789,.T.);
#1879=ORIENTED_EDGE('',*,*,#3446,.T.);
#1880=ORIENTED_EDGE('',*,*,#3915,.T.);
#1881=ORIENTED_EDGE('',*,*,#3583,.T.);
#1882=ORIENTED_EDGE('',*,*,#3856,.F.);
#1883=ORIENTED_EDGE('',*,*,#3791,.T.);
#1884=ORIENTED_EDGE('',*,*,#3855,.T.);
#1885=ORIENTED_EDGE('',*,*,#3581,.T.);
#1886=ORIENTED_EDGE('',*,*,#3916,.F.);
#1887=ORIENTED_EDGE('',*,*,#3444,.T.);
#1888=ORIENTED_EDGE('',*,*,#3484,.T.);
#1889=ORIENTED_EDGE('',*,*,#3517,.T.);
#1890=ORIENTED_EDGE('',*,*,#3550,.T.);
#1891=ORIENTED_EDGE('',*,*,#3915,.F.);
#1892=ORIENTED_EDGE('',*,*,#3482,.T.);
#1893=ORIENTED_EDGE('',*,*,#3916,.T.);
#1894=ORIENTED_EDGE('',*,*,#3548,.T.);
#1895=ORIENTED_EDGE('',*,*,#3515,.F.);
#1896=ORIENTED_EDGE('',*,*,#3792,.T.);
#1897=ORIENTED_EDGE('',*,*,#3442,.T.);
#1898=ORIENTED_EDGE('',*,*,#3917,.T.);
#1899=ORIENTED_EDGE('',*,*,#3580,.T.);
#1900=ORIENTED_EDGE('',*,*,#3854,.F.);
#1901=ORIENTED_EDGE('',*,*,#3794,.T.);
#1902=ORIENTED_EDGE('',*,*,#3853,.T.);
#1903=ORIENTED_EDGE('',*,*,#3578,.T.);
#1904=ORIENTED_EDGE('',*,*,#3918,.F.);
#1905=ORIENTED_EDGE('',*,*,#3440,.T.);
#1906=ORIENTED_EDGE('',*,*,#3481,.T.);
#1907=ORIENTED_EDGE('',*,*,#3514,.T.);
#1908=ORIENTED_EDGE('',*,*,#3547,.T.);
#1909=ORIENTED_EDGE('',*,*,#3917,.F.);
#1910=ORIENTED_EDGE('',*,*,#3479,.T.);
#1911=ORIENTED_EDGE('',*,*,#3918,.T.);
#1912=ORIENTED_EDGE('',*,*,#3545,.T.);
#1913=ORIENTED_EDGE('',*,*,#3512,.F.);
#1914=ORIENTED_EDGE('',*,*,#3795,.T.);
#1915=ORIENTED_EDGE('',*,*,#3438,.T.);
#1916=ORIENTED_EDGE('',*,*,#3919,.T.);
#1917=ORIENTED_EDGE('',*,*,#3577,.T.);
#1918=ORIENTED_EDGE('',*,*,#3852,.F.);
#1919=ORIENTED_EDGE('',*,*,#3797,.T.);
#1920=ORIENTED_EDGE('',*,*,#3851,.T.);
#1921=ORIENTED_EDGE('',*,*,#3575,.T.);
#1922=ORIENTED_EDGE('',*,*,#3920,.F.);
#1923=ORIENTED_EDGE('',*,*,#3436,.T.);
#1924=ORIENTED_EDGE('',*,*,#3478,.T.);
#1925=ORIENTED_EDGE('',*,*,#3511,.T.);
#1926=ORIENTED_EDGE('',*,*,#3544,.T.);
#1927=ORIENTED_EDGE('',*,*,#3919,.F.);
#1928=ORIENTED_EDGE('',*,*,#3476,.T.);
#1929=ORIENTED_EDGE('',*,*,#3920,.T.);
#1930=ORIENTED_EDGE('',*,*,#3542,.T.);
#1931=ORIENTED_EDGE('',*,*,#3509,.F.);
#1932=ORIENTED_EDGE('',*,*,#3798,.T.);
#1933=ORIENTED_EDGE('',*,*,#3434,.T.);
#1934=ORIENTED_EDGE('',*,*,#3921,.T.);
#1935=ORIENTED_EDGE('',*,*,#3574,.T.);
#1936=ORIENTED_EDGE('',*,*,#3850,.F.);
#1937=ORIENTED_EDGE('',*,*,#3800,.T.);
#1938=ORIENTED_EDGE('',*,*,#3849,.T.);
#1939=ORIENTED_EDGE('',*,*,#3572,.T.);
#1940=ORIENTED_EDGE('',*,*,#3922,.F.);
#1941=ORIENTED_EDGE('',*,*,#3432,.T.);
#1942=ORIENTED_EDGE('',*,*,#3475,.T.);
#1943=ORIENTED_EDGE('',*,*,#3508,.T.);
#1944=ORIENTED_EDGE('',*,*,#3541,.T.);
#1945=ORIENTED_EDGE('',*,*,#3921,.F.);
#1946=ORIENTED_EDGE('',*,*,#3473,.T.);
#1947=ORIENTED_EDGE('',*,*,#3922,.T.);
#1948=ORIENTED_EDGE('',*,*,#3539,.T.);
#1949=ORIENTED_EDGE('',*,*,#3506,.F.);
#1950=ORIENTED_EDGE('',*,*,#3801,.T.);
#1951=ORIENTED_EDGE('',*,*,#3430,.T.);
#1952=ORIENTED_EDGE('',*,*,#3923,.T.);
#1953=ORIENTED_EDGE('',*,*,#3571,.T.);
#1954=ORIENTED_EDGE('',*,*,#3848,.F.);
#1955=ORIENTED_EDGE('',*,*,#3803,.T.);
#1956=ORIENTED_EDGE('',*,*,#3847,.T.);
#1957=ORIENTED_EDGE('',*,*,#3569,.T.);
#1958=ORIENTED_EDGE('',*,*,#3924,.F.);
#1959=ORIENTED_EDGE('',*,*,#3428,.T.);
#1960=ORIENTED_EDGE('',*,*,#3472,.T.);
#1961=ORIENTED_EDGE('',*,*,#3505,.T.);
#1962=ORIENTED_EDGE('',*,*,#3538,.T.);
#1963=ORIENTED_EDGE('',*,*,#3923,.F.);
#1964=ORIENTED_EDGE('',*,*,#3470,.T.);
#1965=ORIENTED_EDGE('',*,*,#3924,.T.);
#1966=ORIENTED_EDGE('',*,*,#3536,.T.);
#1967=ORIENTED_EDGE('',*,*,#3503,.F.);
#1968=ORIENTED_EDGE('',*,*,#3770,.T.);
#1969=ORIENTED_EDGE('',*,*,#3845,.T.);
#1970=ORIENTED_EDGE('',*,*,#3565,.T.);
#1971=ORIENTED_EDGE('',*,*,#3925,.F.);
#1972=ORIENTED_EDGE('',*,*,#3422,.T.);
#1973=ORIENTED_EDGE('',*,*,#3804,.T.);
#1974=ORIENTED_EDGE('',*,*,#3426,.T.);
#1975=ORIENTED_EDGE('',*,*,#3926,.T.);
#1976=ORIENTED_EDGE('',*,*,#3568,.T.);
#1977=ORIENTED_EDGE('',*,*,#3846,.F.);
#1978=ORIENTED_EDGE('',*,*,#3467,.T.);
#1979=ORIENTED_EDGE('',*,*,#3925,.T.);
#1980=ORIENTED_EDGE('',*,*,#3533,.T.);
#1981=ORIENTED_EDGE('',*,*,#3500,.F.);
#1982=ORIENTED_EDGE('',*,*,#3469,.T.);
#1983=ORIENTED_EDGE('',*,*,#3502,.T.);
#1984=ORIENTED_EDGE('',*,*,#3535,.T.);
#1985=ORIENTED_EDGE('',*,*,#3926,.F.);
#1986=ORIENTED_EDGE('',*,*,#3927,.F.);
#1987=ORIENTED_EDGE('',*,*,#3928,.F.);
#1988=ORIENTED_EDGE('',*,*,#3929,.T.);
#1989=ORIENTED_EDGE('',*,*,#3930,.T.);
#1990=ORIENTED_EDGE('',*,*,#3931,.F.);
#1991=ORIENTED_EDGE('',*,*,#3932,.T.);
#1992=ORIENTED_EDGE('',*,*,#3933,.F.);
#1993=ORIENTED_EDGE('',*,*,#3934,.F.);
#1994=ORIENTED_EDGE('',*,*,#3935,.F.);
#1995=ORIENTED_EDGE('',*,*,#3936,.T.);
#1996=ORIENTED_EDGE('',*,*,#3937,.F.);
#1997=ORIENTED_EDGE('',*,*,#3938,.F.);
#1998=ORIENTED_EDGE('',*,*,#3939,.F.);
#1999=ORIENTED_EDGE('',*,*,#3940,.T.);
#2000=ORIENTED_EDGE('',*,*,#3941,.F.);
#2001=ORIENTED_EDGE('',*,*,#3942,.F.);
#2002=ORIENTED_EDGE('',*,*,#3943,.F.);
#2003=ORIENTED_EDGE('',*,*,#3944,.T.);
#2004=ORIENTED_EDGE('',*,*,#3945,.F.);
#2005=ORIENTED_EDGE('',*,*,#3946,.F.);
#2006=ORIENTED_EDGE('',*,*,#3947,.F.);
#2007=ORIENTED_EDGE('',*,*,#3948,.T.);
#2008=ORIENTED_EDGE('',*,*,#3949,.F.);
#2009=ORIENTED_EDGE('',*,*,#3950,.F.);
#2010=ORIENTED_EDGE('',*,*,#3951,.F.);
#2011=ORIENTED_EDGE('',*,*,#3952,.T.);
#2012=ORIENTED_EDGE('',*,*,#3953,.F.);
#2013=ORIENTED_EDGE('',*,*,#3954,.F.);
#2014=ORIENTED_EDGE('',*,*,#3955,.F.);
#2015=ORIENTED_EDGE('',*,*,#3956,.T.);
#2016=ORIENTED_EDGE('',*,*,#3957,.F.);
#2017=ORIENTED_EDGE('',*,*,#3958,.F.);
#2018=ORIENTED_EDGE('',*,*,#3959,.F.);
#2019=ORIENTED_EDGE('',*,*,#3960,.T.);
#2020=ORIENTED_EDGE('',*,*,#3961,.F.);
#2021=ORIENTED_EDGE('',*,*,#3962,.F.);
#2022=ORIENTED_EDGE('',*,*,#3963,.F.);
#2023=ORIENTED_EDGE('',*,*,#3964,.T.);
#2024=ORIENTED_EDGE('',*,*,#3965,.F.);
#2025=ORIENTED_EDGE('',*,*,#3966,.F.);
#2026=ORIENTED_EDGE('',*,*,#3967,.F.);
#2027=ORIENTED_EDGE('',*,*,#3968,.T.);
#2028=ORIENTED_EDGE('',*,*,#3969,.F.);
#2029=ORIENTED_EDGE('',*,*,#3970,.F.);
#2030=ORIENTED_EDGE('',*,*,#3971,.F.);
#2031=ORIENTED_EDGE('',*,*,#3930,.F.);
#2032=ORIENTED_EDGE('',*,*,#3972,.T.);
#2033=ORIENTED_EDGE('',*,*,#3973,.T.);
#2034=ORIENTED_EDGE('',*,*,#3974,.F.);
#2035=ORIENTED_EDGE('',*,*,#3975,.T.);
#2036=ORIENTED_EDGE('',*,*,#3976,.F.);
#2037=ORIENTED_EDGE('',*,*,#3932,.F.);
#2038=ORIENTED_EDGE('',*,*,#3977,.F.);
#2039=ORIENTED_EDGE('',*,*,#3978,.T.);
#2040=ORIENTED_EDGE('',*,*,#3979,.F.);
#2041=ORIENTED_EDGE('',*,*,#3936,.F.);
#2042=ORIENTED_EDGE('',*,*,#3980,.F.);
#2043=ORIENTED_EDGE('',*,*,#3981,.T.);
#2044=ORIENTED_EDGE('',*,*,#3982,.F.);
#2045=ORIENTED_EDGE('',*,*,#3940,.F.);
#2046=ORIENTED_EDGE('',*,*,#3983,.F.);
#2047=ORIENTED_EDGE('',*,*,#3984,.T.);
#2048=ORIENTED_EDGE('',*,*,#3985,.F.);
#2049=ORIENTED_EDGE('',*,*,#3944,.F.);
#2050=ORIENTED_EDGE('',*,*,#3986,.F.);
#2051=ORIENTED_EDGE('',*,*,#3987,.T.);
#2052=ORIENTED_EDGE('',*,*,#3988,.F.);
#2053=ORIENTED_EDGE('',*,*,#3948,.F.);
#2054=ORIENTED_EDGE('',*,*,#3989,.F.);
#2055=ORIENTED_EDGE('',*,*,#3990,.T.);
#2056=ORIENTED_EDGE('',*,*,#3991,.F.);
#2057=ORIENTED_EDGE('',*,*,#3952,.F.);
#2058=ORIENTED_EDGE('',*,*,#3992,.F.);
#2059=ORIENTED_EDGE('',*,*,#3993,.T.);
#2060=ORIENTED_EDGE('',*,*,#3994,.F.);
#2061=ORIENTED_EDGE('',*,*,#3956,.F.);
#2062=ORIENTED_EDGE('',*,*,#3995,.F.);
#2063=ORIENTED_EDGE('',*,*,#3996,.T.);
#2064=ORIENTED_EDGE('',*,*,#3997,.F.);
#2065=ORIENTED_EDGE('',*,*,#3960,.F.);
#2066=ORIENTED_EDGE('',*,*,#3998,.F.);
#2067=ORIENTED_EDGE('',*,*,#3999,.T.);
#2068=ORIENTED_EDGE('',*,*,#4000,.F.);
#2069=ORIENTED_EDGE('',*,*,#3964,.F.);
#2070=ORIENTED_EDGE('',*,*,#4001,.F.);
#2071=ORIENTED_EDGE('',*,*,#4002,.T.);
#2072=ORIENTED_EDGE('',*,*,#4003,.F.);
#2073=ORIENTED_EDGE('',*,*,#3968,.F.);
#2074=ORIENTED_EDGE('',*,*,#4004,.F.);
#2075=ORIENTED_EDGE('',*,*,#3973,.F.);
#2076=ORIENTED_EDGE('',*,*,#4005,.T.);
#2077=ORIENTED_EDGE('',*,*,#4006,.T.);
#2078=ORIENTED_EDGE('',*,*,#4007,.F.);
#2079=ORIENTED_EDGE('',*,*,#4008,.T.);
#2080=ORIENTED_EDGE('',*,*,#4009,.F.);
#2081=ORIENTED_EDGE('',*,*,#3975,.F.);
#2082=ORIENTED_EDGE('',*,*,#4010,.F.);
#2083=ORIENTED_EDGE('',*,*,#4011,.T.);
#2084=ORIENTED_EDGE('',*,*,#4012,.F.);
#2085=ORIENTED_EDGE('',*,*,#3978,.F.);
#2086=ORIENTED_EDGE('',*,*,#4013,.F.);
#2087=ORIENTED_EDGE('',*,*,#4014,.T.);
#2088=ORIENTED_EDGE('',*,*,#4015,.F.);
#2089=ORIENTED_EDGE('',*,*,#3981,.F.);
#2090=ORIENTED_EDGE('',*,*,#4016,.F.);
#2091=ORIENTED_EDGE('',*,*,#4017,.T.);
#2092=ORIENTED_EDGE('',*,*,#4018,.F.);
#2093=ORIENTED_EDGE('',*,*,#3984,.F.);
#2094=ORIENTED_EDGE('',*,*,#4019,.F.);
#2095=ORIENTED_EDGE('',*,*,#4020,.T.);
#2096=ORIENTED_EDGE('',*,*,#4021,.F.);
#2097=ORIENTED_EDGE('',*,*,#3987,.F.);
#2098=ORIENTED_EDGE('',*,*,#4022,.F.);
#2099=ORIENTED_EDGE('',*,*,#4023,.T.);
#2100=ORIENTED_EDGE('',*,*,#4024,.F.);
#2101=ORIENTED_EDGE('',*,*,#3990,.F.);
#2102=ORIENTED_EDGE('',*,*,#4025,.F.);
#2103=ORIENTED_EDGE('',*,*,#4026,.T.);
#2104=ORIENTED_EDGE('',*,*,#4027,.F.);
#2105=ORIENTED_EDGE('',*,*,#3993,.F.);
#2106=ORIENTED_EDGE('',*,*,#4028,.F.);
#2107=ORIENTED_EDGE('',*,*,#4029,.T.);
#2108=ORIENTED_EDGE('',*,*,#4030,.F.);
#2109=ORIENTED_EDGE('',*,*,#3996,.F.);
#2110=ORIENTED_EDGE('',*,*,#4031,.F.);
#2111=ORIENTED_EDGE('',*,*,#4032,.T.);
#2112=ORIENTED_EDGE('',*,*,#4033,.F.);
#2113=ORIENTED_EDGE('',*,*,#3999,.F.);
#2114=ORIENTED_EDGE('',*,*,#4034,.F.);
#2115=ORIENTED_EDGE('',*,*,#4035,.T.);
#2116=ORIENTED_EDGE('',*,*,#4036,.F.);
#2117=ORIENTED_EDGE('',*,*,#4002,.F.);
#2118=ORIENTED_EDGE('',*,*,#4037,.F.);
#2119=ORIENTED_EDGE('',*,*,#4006,.F.);
#2120=ORIENTED_EDGE('',*,*,#4038,.T.);
#2121=ORIENTED_EDGE('',*,*,#4039,.T.);
#2122=ORIENTED_EDGE('',*,*,#4040,.F.);
#2123=ORIENTED_EDGE('',*,*,#4041,.T.);
#2124=ORIENTED_EDGE('',*,*,#4042,.F.);
#2125=ORIENTED_EDGE('',*,*,#4008,.F.);
#2126=ORIENTED_EDGE('',*,*,#4043,.F.);
#2127=ORIENTED_EDGE('',*,*,#4044,.T.);
#2128=ORIENTED_EDGE('',*,*,#4045,.F.);
#2129=ORIENTED_EDGE('',*,*,#4011,.F.);
#2130=ORIENTED_EDGE('',*,*,#4046,.F.);
#2131=ORIENTED_EDGE('',*,*,#4047,.T.);
#2132=ORIENTED_EDGE('',*,*,#4048,.F.);
#2133=ORIENTED_EDGE('',*,*,#4014,.F.);
#2134=ORIENTED_EDGE('',*,*,#4049,.F.);
#2135=ORIENTED_EDGE('',*,*,#4050,.T.);
#2136=ORIENTED_EDGE('',*,*,#4051,.F.);
#2137=ORIENTED_EDGE('',*,*,#4017,.F.);
#2138=ORIENTED_EDGE('',*,*,#4052,.F.);
#2139=ORIENTED_EDGE('',*,*,#4053,.T.);
#2140=ORIENTED_EDGE('',*,*,#4054,.F.);
#2141=ORIENTED_EDGE('',*,*,#4020,.F.);
#2142=ORIENTED_EDGE('',*,*,#4055,.F.);
#2143=ORIENTED_EDGE('',*,*,#4056,.T.);
#2144=ORIENTED_EDGE('',*,*,#4057,.F.);
#2145=ORIENTED_EDGE('',*,*,#4023,.F.);
#2146=ORIENTED_EDGE('',*,*,#4058,.F.);
#2147=ORIENTED_EDGE('',*,*,#4059,.T.);
#2148=ORIENTED_EDGE('',*,*,#4060,.F.);
#2149=ORIENTED_EDGE('',*,*,#4026,.F.);
#2150=ORIENTED_EDGE('',*,*,#4061,.F.);
#2151=ORIENTED_EDGE('',*,*,#4062,.T.);
#2152=ORIENTED_EDGE('',*,*,#4063,.F.);
#2153=ORIENTED_EDGE('',*,*,#4029,.F.);
#2154=ORIENTED_EDGE('',*,*,#4064,.F.);
#2155=ORIENTED_EDGE('',*,*,#4065,.T.);
#2156=ORIENTED_EDGE('',*,*,#4066,.F.);
#2157=ORIENTED_EDGE('',*,*,#4032,.F.);
#2158=ORIENTED_EDGE('',*,*,#4067,.F.);
#2159=ORIENTED_EDGE('',*,*,#4068,.T.);
#2160=ORIENTED_EDGE('',*,*,#4069,.F.);
#2161=ORIENTED_EDGE('',*,*,#4035,.F.);
#2162=ORIENTED_EDGE('',*,*,#4070,.F.);
#2163=ORIENTED_EDGE('',*,*,#4039,.F.);
#2164=ORIENTED_EDGE('',*,*,#4071,.T.);
#2165=ORIENTED_EDGE('',*,*,#4072,.T.);
#2166=ORIENTED_EDGE('',*,*,#4073,.F.);
#2167=ORIENTED_EDGE('',*,*,#4074,.T.);
#2168=ORIENTED_EDGE('',*,*,#4075,.F.);
#2169=ORIENTED_EDGE('',*,*,#4041,.F.);
#2170=ORIENTED_EDGE('',*,*,#4076,.F.);
#2171=ORIENTED_EDGE('',*,*,#4077,.T.);
#2172=ORIENTED_EDGE('',*,*,#4078,.F.);
#2173=ORIENTED_EDGE('',*,*,#4044,.F.);
#2174=ORIENTED_EDGE('',*,*,#4079,.F.);
#2175=ORIENTED_EDGE('',*,*,#4080,.T.);
#2176=ORIENTED_EDGE('',*,*,#4081,.F.);
#2177=ORIENTED_EDGE('',*,*,#4047,.F.);
#2178=ORIENTED_EDGE('',*,*,#4082,.F.);
#2179=ORIENTED_EDGE('',*,*,#4083,.T.);
#2180=ORIENTED_EDGE('',*,*,#4084,.F.);
#2181=ORIENTED_EDGE('',*,*,#4050,.F.);
#2182=ORIENTED_EDGE('',*,*,#4085,.F.);
#2183=ORIENTED_EDGE('',*,*,#4086,.T.);
#2184=ORIENTED_EDGE('',*,*,#4087,.F.);
#2185=ORIENTED_EDGE('',*,*,#4053,.F.);
#2186=ORIENTED_EDGE('',*,*,#4088,.F.);
#2187=ORIENTED_EDGE('',*,*,#4089,.T.);
#2188=ORIENTED_EDGE('',*,*,#4090,.F.);
#2189=ORIENTED_EDGE('',*,*,#4056,.F.);
#2190=ORIENTED_EDGE('',*,*,#4091,.F.);
#2191=ORIENTED_EDGE('',*,*,#4092,.T.);
#2192=ORIENTED_EDGE('',*,*,#4093,.F.);
#2193=ORIENTED_EDGE('',*,*,#4059,.F.);
#2194=ORIENTED_EDGE('',*,*,#4094,.F.);
#2195=ORIENTED_EDGE('',*,*,#4095,.T.);
#2196=ORIENTED_EDGE('',*,*,#4096,.F.);
#2197=ORIENTED_EDGE('',*,*,#4062,.F.);
#2198=ORIENTED_EDGE('',*,*,#4097,.F.);
#2199=ORIENTED_EDGE('',*,*,#4098,.T.);
#2200=ORIENTED_EDGE('',*,*,#4099,.F.);
#2201=ORIENTED_EDGE('',*,*,#4065,.F.);
#2202=ORIENTED_EDGE('',*,*,#4100,.F.);
#2203=ORIENTED_EDGE('',*,*,#4101,.T.);
#2204=ORIENTED_EDGE('',*,*,#4102,.F.);
#2205=ORIENTED_EDGE('',*,*,#4068,.F.);
#2206=ORIENTED_EDGE('',*,*,#4103,.F.);
#2207=ORIENTED_EDGE('',*,*,#4104,.F.);
#2208=ORIENTED_EDGE('',*,*,#4105,.T.);
#2209=ORIENTED_EDGE('',*,*,#4106,.T.);
#2210=ORIENTED_EDGE('',*,*,#4107,.F.);
#2211=ORIENTED_EDGE('',*,*,#4108,.T.);
#2212=ORIENTED_EDGE('',*,*,#4109,.F.);
#2213=ORIENTED_EDGE('',*,*,#4110,.F.);
#2214=ORIENTED_EDGE('',*,*,#4111,.F.);
#2215=ORIENTED_EDGE('',*,*,#4112,.T.);
#2216=ORIENTED_EDGE('',*,*,#4113,.F.);
#2217=ORIENTED_EDGE('',*,*,#4114,.F.);
#2218=ORIENTED_EDGE('',*,*,#4115,.F.);
#2219=ORIENTED_EDGE('',*,*,#4116,.T.);
#2220=ORIENTED_EDGE('',*,*,#4117,.F.);
#2221=ORIENTED_EDGE('',*,*,#4118,.F.);
#2222=ORIENTED_EDGE('',*,*,#4119,.F.);
#2223=ORIENTED_EDGE('',*,*,#4120,.T.);
#2224=ORIENTED_EDGE('',*,*,#4121,.F.);
#2225=ORIENTED_EDGE('',*,*,#4122,.F.);
#2226=ORIENTED_EDGE('',*,*,#4123,.F.);
#2227=ORIENTED_EDGE('',*,*,#4124,.T.);
#2228=ORIENTED_EDGE('',*,*,#4125,.F.);
#2229=ORIENTED_EDGE('',*,*,#4126,.F.);
#2230=ORIENTED_EDGE('',*,*,#4127,.F.);
#2231=ORIENTED_EDGE('',*,*,#4128,.T.);
#2232=ORIENTED_EDGE('',*,*,#4129,.F.);
#2233=ORIENTED_EDGE('',*,*,#4130,.F.);
#2234=ORIENTED_EDGE('',*,*,#4131,.F.);
#2235=ORIENTED_EDGE('',*,*,#4132,.T.);
#2236=ORIENTED_EDGE('',*,*,#4133,.F.);
#2237=ORIENTED_EDGE('',*,*,#4134,.F.);
#2238=ORIENTED_EDGE('',*,*,#4135,.F.);
#2239=ORIENTED_EDGE('',*,*,#4136,.T.);
#2240=ORIENTED_EDGE('',*,*,#4137,.F.);
#2241=ORIENTED_EDGE('',*,*,#4138,.F.);
#2242=ORIENTED_EDGE('',*,*,#4139,.F.);
#2243=ORIENTED_EDGE('',*,*,#4140,.T.);
#2244=ORIENTED_EDGE('',*,*,#4141,.F.);
#2245=ORIENTED_EDGE('',*,*,#4142,.F.);
#2246=ORIENTED_EDGE('',*,*,#4143,.F.);
#2247=ORIENTED_EDGE('',*,*,#4144,.T.);
#2248=ORIENTED_EDGE('',*,*,#4145,.F.);
#2249=ORIENTED_EDGE('',*,*,#4146,.F.);
#2250=ORIENTED_EDGE('',*,*,#4147,.F.);
#2251=ORIENTED_EDGE('',*,*,#4106,.F.);
#2252=ORIENTED_EDGE('',*,*,#4148,.T.);
#2253=ORIENTED_EDGE('',*,*,#4149,.T.);
#2254=ORIENTED_EDGE('',*,*,#4150,.F.);
#2255=ORIENTED_EDGE('',*,*,#4151,.T.);
#2256=ORIENTED_EDGE('',*,*,#4152,.F.);
#2257=ORIENTED_EDGE('',*,*,#4108,.F.);
#2258=ORIENTED_EDGE('',*,*,#4153,.F.);
#2259=ORIENTED_EDGE('',*,*,#4154,.T.);
#2260=ORIENTED_EDGE('',*,*,#4155,.F.);
#2261=ORIENTED_EDGE('',*,*,#4112,.F.);
#2262=ORIENTED_EDGE('',*,*,#4156,.F.);
#2263=ORIENTED_EDGE('',*,*,#4157,.T.);
#2264=ORIENTED_EDGE('',*,*,#4158,.F.);
#2265=ORIENTED_EDGE('',*,*,#4116,.F.);
#2266=ORIENTED_EDGE('',*,*,#4159,.F.);
#2267=ORIENTED_EDGE('',*,*,#4160,.T.);
#2268=ORIENTED_EDGE('',*,*,#4161,.F.);
#2269=ORIENTED_EDGE('',*,*,#4120,.F.);
#2270=ORIENTED_EDGE('',*,*,#4162,.F.);
#2271=ORIENTED_EDGE('',*,*,#4163,.T.);
#2272=ORIENTED_EDGE('',*,*,#4164,.F.);
#2273=ORIENTED_EDGE('',*,*,#4124,.F.);
#2274=ORIENTED_EDGE('',*,*,#4165,.F.);
#2275=ORIENTED_EDGE('',*,*,#4166,.T.);
#2276=ORIENTED_EDGE('',*,*,#4167,.F.);
#2277=ORIENTED_EDGE('',*,*,#4128,.F.);
#2278=ORIENTED_EDGE('',*,*,#4168,.F.);
#2279=ORIENTED_EDGE('',*,*,#4169,.T.);
#2280=ORIENTED_EDGE('',*,*,#4170,.F.);
#2281=ORIENTED_EDGE('',*,*,#4132,.F.);
#2282=ORIENTED_EDGE('',*,*,#4171,.F.);
#2283=ORIENTED_EDGE('',*,*,#4172,.T.);
#2284=ORIENTED_EDGE('',*,*,#4173,.F.);
#2285=ORIENTED_EDGE('',*,*,#4136,.F.);
#2286=ORIENTED_EDGE('',*,*,#4174,.F.);
#2287=ORIENTED_EDGE('',*,*,#4175,.T.);
#2288=ORIENTED_EDGE('',*,*,#4176,.F.);
#2289=ORIENTED_EDGE('',*,*,#4140,.F.);
#2290=ORIENTED_EDGE('',*,*,#4177,.F.);
#2291=ORIENTED_EDGE('',*,*,#4178,.T.);
#2292=ORIENTED_EDGE('',*,*,#4179,.F.);
#2293=ORIENTED_EDGE('',*,*,#4144,.F.);
#2294=ORIENTED_EDGE('',*,*,#4180,.F.);
#2295=ORIENTED_EDGE('',*,*,#4149,.F.);
#2296=ORIENTED_EDGE('',*,*,#4181,.T.);
#2297=ORIENTED_EDGE('',*,*,#4182,.T.);
#2298=ORIENTED_EDGE('',*,*,#4183,.F.);
#2299=ORIENTED_EDGE('',*,*,#4184,.T.);
#2300=ORIENTED_EDGE('',*,*,#4185,.F.);
#2301=ORIENTED_EDGE('',*,*,#4151,.F.);
#2302=ORIENTED_EDGE('',*,*,#4186,.F.);
#2303=ORIENTED_EDGE('',*,*,#4187,.T.);
#2304=ORIENTED_EDGE('',*,*,#4188,.F.);
#2305=ORIENTED_EDGE('',*,*,#4154,.F.);
#2306=ORIENTED_EDGE('',*,*,#4189,.F.);
#2307=ORIENTED_EDGE('',*,*,#4190,.T.);
#2308=ORIENTED_EDGE('',*,*,#4191,.F.);
#2309=ORIENTED_EDGE('',*,*,#4157,.F.);
#2310=ORIENTED_EDGE('',*,*,#4192,.F.);
#2311=ORIENTED_EDGE('',*,*,#4193,.T.);
#2312=ORIENTED_EDGE('',*,*,#4194,.F.);
#2313=ORIENTED_EDGE('',*,*,#4160,.F.);
#2314=ORIENTED_EDGE('',*,*,#4195,.F.);
#2315=ORIENTED_EDGE('',*,*,#4196,.T.);
#2316=ORIENTED_EDGE('',*,*,#4197,.F.);
#2317=ORIENTED_EDGE('',*,*,#4163,.F.);
#2318=ORIENTED_EDGE('',*,*,#4198,.F.);
#2319=ORIENTED_EDGE('',*,*,#4199,.T.);
#2320=ORIENTED_EDGE('',*,*,#4200,.F.);
#2321=ORIENTED_EDGE('',*,*,#4166,.F.);
#2322=ORIENTED_EDGE('',*,*,#4201,.F.);
#2323=ORIENTED_EDGE('',*,*,#4202,.T.);
#2324=ORIENTED_EDGE('',*,*,#4203,.F.);
#2325=ORIENTED_EDGE('',*,*,#4169,.F.);
#2326=ORIENTED_EDGE('',*,*,#4204,.F.);
#2327=ORIENTED_EDGE('',*,*,#4205,.T.);
#2328=ORIENTED_EDGE('',*,*,#4206,.F.);
#2329=ORIENTED_EDGE('',*,*,#4172,.F.);
#2330=ORIENTED_EDGE('',*,*,#4207,.F.);
#2331=ORIENTED_EDGE('',*,*,#4208,.T.);
#2332=ORIENTED_EDGE('',*,*,#4209,.F.);
#2333=ORIENTED_EDGE('',*,*,#4175,.F.);
#2334=ORIENTED_EDGE('',*,*,#4210,.F.);
#2335=ORIENTED_EDGE('',*,*,#4211,.T.);
#2336=ORIENTED_EDGE('',*,*,#4212,.F.);
#2337=ORIENTED_EDGE('',*,*,#4178,.F.);
#2338=ORIENTED_EDGE('',*,*,#4213,.F.);
#2339=ORIENTED_EDGE('',*,*,#4182,.F.);
#2340=ORIENTED_EDGE('',*,*,#4214,.T.);
#2341=ORIENTED_EDGE('',*,*,#4215,.T.);
#2342=ORIENTED_EDGE('',*,*,#4216,.F.);
#2343=ORIENTED_EDGE('',*,*,#4217,.T.);
#2344=ORIENTED_EDGE('',*,*,#4218,.F.);
#2345=ORIENTED_EDGE('',*,*,#4184,.F.);
#2346=ORIENTED_EDGE('',*,*,#4219,.F.);
#2347=ORIENTED_EDGE('',*,*,#4220,.T.);
#2348=ORIENTED_EDGE('',*,*,#4221,.F.);
#2349=ORIENTED_EDGE('',*,*,#4187,.F.);
#2350=ORIENTED_EDGE('',*,*,#4222,.F.);
#2351=ORIENTED_EDGE('',*,*,#4223,.T.);
#2352=ORIENTED_EDGE('',*,*,#4224,.F.);
#2353=ORIENTED_EDGE('',*,*,#4190,.F.);
#2354=ORIENTED_EDGE('',*,*,#4225,.F.);
#2355=ORIENTED_EDGE('',*,*,#4226,.T.);
#2356=ORIENTED_EDGE('',*,*,#4227,.F.);
#2357=ORIENTED_EDGE('',*,*,#4193,.F.);
#2358=ORIENTED_EDGE('',*,*,#4228,.F.);
#2359=ORIENTED_EDGE('',*,*,#4229,.T.);
#2360=ORIENTED_EDGE('',*,*,#4230,.F.);
#2361=ORIENTED_EDGE('',*,*,#4196,.F.);
#2362=ORIENTED_EDGE('',*,*,#4231,.F.);
#2363=ORIENTED_EDGE('',*,*,#4232,.T.);
#2364=ORIENTED_EDGE('',*,*,#4233,.F.);
#2365=ORIENTED_EDGE('',*,*,#4199,.F.);
#2366=ORIENTED_EDGE('',*,*,#4234,.F.);
#2367=ORIENTED_EDGE('',*,*,#4235,.T.);
#2368=ORIENTED_EDGE('',*,*,#4236,.F.);
#2369=ORIENTED_EDGE('',*,*,#4202,.F.);
#2370=ORIENTED_EDGE('',*,*,#4237,.F.);
#2371=ORIENTED_EDGE('',*,*,#4238,.T.);
#2372=ORIENTED_EDGE('',*,*,#4239,.F.);
#2373=ORIENTED_EDGE('',*,*,#4205,.F.);
#2374=ORIENTED_EDGE('',*,*,#4240,.F.);
#2375=ORIENTED_EDGE('',*,*,#4241,.T.);
#2376=ORIENTED_EDGE('',*,*,#4242,.F.);
#2377=ORIENTED_EDGE('',*,*,#4208,.F.);
#2378=ORIENTED_EDGE('',*,*,#4243,.F.);
#2379=ORIENTED_EDGE('',*,*,#4244,.T.);
#2380=ORIENTED_EDGE('',*,*,#4245,.F.);
#2381=ORIENTED_EDGE('',*,*,#4211,.F.);
#2382=ORIENTED_EDGE('',*,*,#4246,.F.);
#2383=ORIENTED_EDGE('',*,*,#4215,.F.);
#2384=ORIENTED_EDGE('',*,*,#4247,.T.);
#2385=ORIENTED_EDGE('',*,*,#4248,.T.);
#2386=ORIENTED_EDGE('',*,*,#4249,.F.);
#2387=ORIENTED_EDGE('',*,*,#4250,.T.);
#2388=ORIENTED_EDGE('',*,*,#4251,.F.);
#2389=ORIENTED_EDGE('',*,*,#4217,.F.);
#2390=ORIENTED_EDGE('',*,*,#4252,.F.);
#2391=ORIENTED_EDGE('',*,*,#4253,.T.);
#2392=ORIENTED_EDGE('',*,*,#4254,.F.);
#2393=ORIENTED_EDGE('',*,*,#4220,.F.);
#2394=ORIENTED_EDGE('',*,*,#4255,.F.);
#2395=ORIENTED_EDGE('',*,*,#4256,.T.);
#2396=ORIENTED_EDGE('',*,*,#4257,.F.);
#2397=ORIENTED_EDGE('',*,*,#4223,.F.);
#2398=ORIENTED_EDGE('',*,*,#4258,.F.);
#2399=ORIENTED_EDGE('',*,*,#4259,.T.);
#2400=ORIENTED_EDGE('',*,*,#4260,.F.);
#2401=ORIENTED_EDGE('',*,*,#4226,.F.);
#2402=ORIENTED_EDGE('',*,*,#4261,.F.);
#2403=ORIENTED_EDGE('',*,*,#4262,.T.);
#2404=ORIENTED_EDGE('',*,*,#4263,.F.);
#2405=ORIENTED_EDGE('',*,*,#4229,.F.);
#2406=ORIENTED_EDGE('',*,*,#4264,.F.);
#2407=ORIENTED_EDGE('',*,*,#4265,.T.);
#2408=ORIENTED_EDGE('',*,*,#4266,.F.);
#2409=ORIENTED_EDGE('',*,*,#4232,.F.);
#2410=ORIENTED_EDGE('',*,*,#4267,.F.);
#2411=ORIENTED_EDGE('',*,*,#4268,.T.);
#2412=ORIENTED_EDGE('',*,*,#4269,.F.);
#2413=ORIENTED_EDGE('',*,*,#4235,.F.);
#2414=ORIENTED_EDGE('',*,*,#4270,.F.);
#2415=ORIENTED_EDGE('',*,*,#4271,.T.);
#2416=ORIENTED_EDGE('',*,*,#4272,.F.);
#2417=ORIENTED_EDGE('',*,*,#4238,.F.);
#2418=ORIENTED_EDGE('',*,*,#4273,.F.);
#2419=ORIENTED_EDGE('',*,*,#4274,.T.);
#2420=ORIENTED_EDGE('',*,*,#4275,.F.);
#2421=ORIENTED_EDGE('',*,*,#4241,.F.);
#2422=ORIENTED_EDGE('',*,*,#4276,.F.);
#2423=ORIENTED_EDGE('',*,*,#4277,.T.);
#2424=ORIENTED_EDGE('',*,*,#4278,.F.);
#2425=ORIENTED_EDGE('',*,*,#4244,.F.);
#2426=ORIENTED_EDGE('',*,*,#4279,.F.);
#2427=ORIENTED_EDGE('',*,*,#4280,.T.);
#2428=ORIENTED_EDGE('',*,*,#4281,.F.);
#2429=ORIENTED_EDGE('',*,*,#4282,.F.);
#2430=ORIENTED_EDGE('',*,*,#4283,.F.);
#2431=ORIENTED_EDGE('',*,*,#4284,.T.);
#2432=ORIENTED_EDGE('',*,*,#4285,.F.);
#2433=ORIENTED_EDGE('',*,*,#4280,.F.);
#2434=ORIENTED_EDGE('',*,*,#4286,.F.);
#2435=ORIENTED_EDGE('',*,*,#4287,.T.);
#2436=ORIENTED_EDGE('',*,*,#4288,.F.);
#2437=ORIENTED_EDGE('',*,*,#4284,.F.);
#2438=ORIENTED_EDGE('',*,*,#4289,.F.);
#2439=ORIENTED_EDGE('',*,*,#4290,.T.);
#2440=ORIENTED_EDGE('',*,*,#4291,.F.);
#2441=ORIENTED_EDGE('',*,*,#4287,.F.);
#2442=ORIENTED_EDGE('',*,*,#4292,.F.);
#2443=ORIENTED_EDGE('',*,*,#4293,.T.);
#2444=ORIENTED_EDGE('',*,*,#4294,.F.);
#2445=ORIENTED_EDGE('',*,*,#4290,.F.);
#2446=ORIENTED_EDGE('',*,*,#4293,.F.);
#2447=ORIENTED_EDGE('',*,*,#4295,.T.);
#2448=ORIENTED_EDGE('',*,*,#4296,.T.);
#2449=ORIENTED_EDGE('',*,*,#4297,.F.);
#2450=ORIENTED_EDGE('',*,*,#4101,.F.);
#2451=ORIENTED_EDGE('',*,*,#4298,.T.);
#2452=ORIENTED_EDGE('',*,*,#4299,.T.);
#2453=ORIENTED_EDGE('',*,*,#4300,.F.);
#2454=ORIENTED_EDGE('',*,*,#4098,.F.);
#2455=ORIENTED_EDGE('',*,*,#4301,.T.);
#2456=ORIENTED_EDGE('',*,*,#4302,.T.);
#2457=ORIENTED_EDGE('',*,*,#4303,.F.);
#2458=ORIENTED_EDGE('',*,*,#4095,.F.);
#2459=ORIENTED_EDGE('',*,*,#4304,.T.);
#2460=ORIENTED_EDGE('',*,*,#4305,.T.);
#2461=ORIENTED_EDGE('',*,*,#4306,.F.);
#2462=ORIENTED_EDGE('',*,*,#4092,.F.);
#2463=ORIENTED_EDGE('',*,*,#4307,.T.);
#2464=ORIENTED_EDGE('',*,*,#4308,.T.);
#2465=ORIENTED_EDGE('',*,*,#4309,.F.);
#2466=ORIENTED_EDGE('',*,*,#4089,.F.);
#2467=ORIENTED_EDGE('',*,*,#4310,.T.);
#2468=ORIENTED_EDGE('',*,*,#4311,.T.);
#2469=ORIENTED_EDGE('',*,*,#4312,.F.);
#2470=ORIENTED_EDGE('',*,*,#4086,.F.);
#2471=ORIENTED_EDGE('',*,*,#4313,.T.);
#2472=ORIENTED_EDGE('',*,*,#4314,.T.);
#2473=ORIENTED_EDGE('',*,*,#4315,.F.);
#2474=ORIENTED_EDGE('',*,*,#4083,.F.);
#2475=ORIENTED_EDGE('',*,*,#4316,.T.);
#2476=ORIENTED_EDGE('',*,*,#4317,.T.);
#2477=ORIENTED_EDGE('',*,*,#4318,.F.);
#2478=ORIENTED_EDGE('',*,*,#4080,.F.);
#2479=ORIENTED_EDGE('',*,*,#4319,.T.);
#2480=ORIENTED_EDGE('',*,*,#4320,.T.);
#2481=ORIENTED_EDGE('',*,*,#4321,.F.);
#2482=ORIENTED_EDGE('',*,*,#4077,.F.);
#2483=ORIENTED_EDGE('',*,*,#4322,.T.);
#2484=ORIENTED_EDGE('',*,*,#4323,.T.);
#2485=ORIENTED_EDGE('',*,*,#4324,.F.);
#2486=ORIENTED_EDGE('',*,*,#4074,.F.);
#2487=ORIENTED_EDGE('',*,*,#4325,.T.);
#2488=ORIENTED_EDGE('',*,*,#4326,.T.);
#2489=ORIENTED_EDGE('',*,*,#4327,.F.);
#2490=ORIENTED_EDGE('',*,*,#4072,.F.);
#2491=ORIENTED_EDGE('',*,*,#4328,.T.);
#2492=ORIENTED_EDGE('',*,*,#4104,.T.);
#2493=ORIENTED_EDGE('',*,*,#4329,.F.);
#2494=ORIENTED_EDGE('',*,*,#4330,.T.);
#2495=ORIENTED_EDGE('',*,*,#4331,.T.);
#2496=ORIENTED_EDGE('',*,*,#4110,.T.);
#2497=ORIENTED_EDGE('',*,*,#4332,.F.);
#2498=ORIENTED_EDGE('',*,*,#4333,.T.);
#2499=ORIENTED_EDGE('',*,*,#4334,.T.);
#2500=ORIENTED_EDGE('',*,*,#4114,.T.);
#2501=ORIENTED_EDGE('',*,*,#4335,.F.);
#2502=ORIENTED_EDGE('',*,*,#4336,.T.);
#2503=ORIENTED_EDGE('',*,*,#4337,.T.);
#2504=ORIENTED_EDGE('',*,*,#4118,.T.);
#2505=ORIENTED_EDGE('',*,*,#4338,.F.);
#2506=ORIENTED_EDGE('',*,*,#4339,.T.);
#2507=ORIENTED_EDGE('',*,*,#4340,.T.);
#2508=ORIENTED_EDGE('',*,*,#4122,.T.);
#2509=ORIENTED_EDGE('',*,*,#4341,.F.);
#2510=ORIENTED_EDGE('',*,*,#4342,.T.);
#2511=ORIENTED_EDGE('',*,*,#4343,.T.);
#2512=ORIENTED_EDGE('',*,*,#4126,.T.);
#2513=ORIENTED_EDGE('',*,*,#4344,.F.);
#2514=ORIENTED_EDGE('',*,*,#4345,.T.);
#2515=ORIENTED_EDGE('',*,*,#4346,.T.);
#2516=ORIENTED_EDGE('',*,*,#4130,.T.);
#2517=ORIENTED_EDGE('',*,*,#4347,.F.);
#2518=ORIENTED_EDGE('',*,*,#4348,.T.);
#2519=ORIENTED_EDGE('',*,*,#4349,.T.);
#2520=ORIENTED_EDGE('',*,*,#4134,.T.);
#2521=ORIENTED_EDGE('',*,*,#4350,.F.);
#2522=ORIENTED_EDGE('',*,*,#4351,.T.);
#2523=ORIENTED_EDGE('',*,*,#4352,.T.);
#2524=ORIENTED_EDGE('',*,*,#4138,.T.);
#2525=ORIENTED_EDGE('',*,*,#4353,.F.);
#2526=ORIENTED_EDGE('',*,*,#4354,.T.);
#2527=ORIENTED_EDGE('',*,*,#4355,.T.);
#2528=ORIENTED_EDGE('',*,*,#4142,.T.);
#2529=ORIENTED_EDGE('',*,*,#4356,.F.);
#2530=ORIENTED_EDGE('',*,*,#4357,.T.);
#2531=ORIENTED_EDGE('',*,*,#4358,.T.);
#2532=ORIENTED_EDGE('',*,*,#4146,.T.);
#2533=ORIENTED_EDGE('',*,*,#4359,.F.);
#2534=ORIENTED_EDGE('',*,*,#4360,.T.);
#2535=ORIENTED_EDGE('',*,*,#4361,.T.);
#2536=ORIENTED_EDGE('',*,*,#4362,.T.);
#2537=ORIENTED_EDGE('',*,*,#4363,.F.);
#2538=ORIENTED_EDGE('',*,*,#4364,.F.);
#2539=ORIENTED_EDGE('',*,*,#4365,.T.);
#2540=ORIENTED_EDGE('',*,*,#4366,.F.);
#2541=ORIENTED_EDGE('',*,*,#4362,.F.);
#2542=ORIENTED_EDGE('',*,*,#4367,.F.);
#2543=ORIENTED_EDGE('',*,*,#4368,.T.);
#2544=ORIENTED_EDGE('',*,*,#4369,.F.);
#2545=ORIENTED_EDGE('',*,*,#4365,.F.);
#2546=ORIENTED_EDGE('',*,*,#4370,.F.);
#2547=ORIENTED_EDGE('',*,*,#4371,.T.);
#2548=ORIENTED_EDGE('',*,*,#4372,.F.);
#2549=ORIENTED_EDGE('',*,*,#4368,.F.);
#2550=ORIENTED_EDGE('',*,*,#4373,.F.);
#2551=ORIENTED_EDGE('',*,*,#4374,.T.);
#2552=ORIENTED_EDGE('',*,*,#4375,.F.);
#2553=ORIENTED_EDGE('',*,*,#4371,.F.);
#2554=ORIENTED_EDGE('',*,*,#4376,.F.);
#2555=ORIENTED_EDGE('',*,*,#4377,.T.);
#2556=ORIENTED_EDGE('',*,*,#4378,.F.);
#2557=ORIENTED_EDGE('',*,*,#4374,.F.);
#2558=ORIENTED_EDGE('',*,*,#4379,.F.);
#2559=ORIENTED_EDGE('',*,*,#4248,.F.);
#2560=ORIENTED_EDGE('',*,*,#4380,.T.);
#2561=ORIENTED_EDGE('',*,*,#4381,.T.);
#2562=ORIENTED_EDGE('',*,*,#4382,.F.);
#2563=ORIENTED_EDGE('',*,*,#4377,.F.);
#2564=ORIENTED_EDGE('',*,*,#4383,.F.);
#2565=ORIENTED_EDGE('',*,*,#4360,.F.);
#2566=ORIENTED_EDGE('',*,*,#4384,.F.);
#2567=ORIENTED_EDGE('',*,*,#4277,.F.);
#2568=ORIENTED_EDGE('',*,*,#4385,.F.);
#2569=ORIENTED_EDGE('',*,*,#4357,.F.);
#2570=ORIENTED_EDGE('',*,*,#4386,.F.);
#2571=ORIENTED_EDGE('',*,*,#4274,.F.);
#2572=ORIENTED_EDGE('',*,*,#4387,.F.);
#2573=ORIENTED_EDGE('',*,*,#4354,.F.);
#2574=ORIENTED_EDGE('',*,*,#4388,.F.);
#2575=ORIENTED_EDGE('',*,*,#4271,.F.);
#2576=ORIENTED_EDGE('',*,*,#4389,.F.);
#2577=ORIENTED_EDGE('',*,*,#4351,.F.);
#2578=ORIENTED_EDGE('',*,*,#4390,.F.);
#2579=ORIENTED_EDGE('',*,*,#4268,.F.);
#2580=ORIENTED_EDGE('',*,*,#4391,.F.);
#2581=ORIENTED_EDGE('',*,*,#4348,.F.);
#2582=ORIENTED_EDGE('',*,*,#4392,.F.);
#2583=ORIENTED_EDGE('',*,*,#4265,.F.);
#2584=ORIENTED_EDGE('',*,*,#4393,.F.);
#2585=ORIENTED_EDGE('',*,*,#4345,.F.);
#2586=ORIENTED_EDGE('',*,*,#4394,.F.);
#2587=ORIENTED_EDGE('',*,*,#4262,.F.);
#2588=ORIENTED_EDGE('',*,*,#4395,.F.);
#2589=ORIENTED_EDGE('',*,*,#4342,.F.);
#2590=ORIENTED_EDGE('',*,*,#4396,.F.);
#2591=ORIENTED_EDGE('',*,*,#4259,.F.);
#2592=ORIENTED_EDGE('',*,*,#4397,.F.);
#2593=ORIENTED_EDGE('',*,*,#4339,.F.);
#2594=ORIENTED_EDGE('',*,*,#4398,.F.);
#2595=ORIENTED_EDGE('',*,*,#4256,.F.);
#2596=ORIENTED_EDGE('',*,*,#4399,.F.);
#2597=ORIENTED_EDGE('',*,*,#4336,.F.);
#2598=ORIENTED_EDGE('',*,*,#4400,.F.);
#2599=ORIENTED_EDGE('',*,*,#4253,.F.);
#2600=ORIENTED_EDGE('',*,*,#4401,.F.);
#2601=ORIENTED_EDGE('',*,*,#4333,.F.);
#2602=ORIENTED_EDGE('',*,*,#4402,.F.);
#2603=ORIENTED_EDGE('',*,*,#4250,.F.);
#2604=ORIENTED_EDGE('',*,*,#4403,.F.);
#2605=ORIENTED_EDGE('',*,*,#4330,.F.);
#2606=ORIENTED_EDGE('',*,*,#4404,.F.);
#2607=ORIENTED_EDGE('',*,*,#4326,.F.);
#2608=ORIENTED_EDGE('',*,*,#4405,.F.);
#2609=ORIENTED_EDGE('',*,*,#3934,.T.);
#2610=ORIENTED_EDGE('',*,*,#4406,.F.);
#2611=ORIENTED_EDGE('',*,*,#4323,.F.);
#2612=ORIENTED_EDGE('',*,*,#4407,.F.);
#2613=ORIENTED_EDGE('',*,*,#3938,.T.);
#2614=ORIENTED_EDGE('',*,*,#4408,.F.);
#2615=ORIENTED_EDGE('',*,*,#4320,.F.);
#2616=ORIENTED_EDGE('',*,*,#4409,.F.);
#2617=ORIENTED_EDGE('',*,*,#3942,.T.);
#2618=ORIENTED_EDGE('',*,*,#4410,.F.);
#2619=ORIENTED_EDGE('',*,*,#4317,.F.);
#2620=ORIENTED_EDGE('',*,*,#4411,.F.);
#2621=ORIENTED_EDGE('',*,*,#3946,.T.);
#2622=ORIENTED_EDGE('',*,*,#4412,.F.);
#2623=ORIENTED_EDGE('',*,*,#4314,.F.);
#2624=ORIENTED_EDGE('',*,*,#4413,.F.);
#2625=ORIENTED_EDGE('',*,*,#3950,.T.);
#2626=ORIENTED_EDGE('',*,*,#4414,.F.);
#2627=ORIENTED_EDGE('',*,*,#4311,.F.);
#2628=ORIENTED_EDGE('',*,*,#4415,.F.);
#2629=ORIENTED_EDGE('',*,*,#3954,.T.);
#2630=ORIENTED_EDGE('',*,*,#4416,.F.);
#2631=ORIENTED_EDGE('',*,*,#4308,.F.);
#2632=ORIENTED_EDGE('',*,*,#4417,.F.);
#2633=ORIENTED_EDGE('',*,*,#3958,.T.);
#2634=ORIENTED_EDGE('',*,*,#4418,.F.);
#2635=ORIENTED_EDGE('',*,*,#4305,.F.);
#2636=ORIENTED_EDGE('',*,*,#4419,.F.);
#2637=ORIENTED_EDGE('',*,*,#3962,.T.);
#2638=ORIENTED_EDGE('',*,*,#4420,.F.);
#2639=ORIENTED_EDGE('',*,*,#4302,.F.);
#2640=ORIENTED_EDGE('',*,*,#4421,.F.);
#2641=ORIENTED_EDGE('',*,*,#3966,.T.);
#2642=ORIENTED_EDGE('',*,*,#4422,.F.);
#2643=ORIENTED_EDGE('',*,*,#4299,.F.);
#2644=ORIENTED_EDGE('',*,*,#4423,.F.);
#2645=ORIENTED_EDGE('',*,*,#3970,.T.);
#2646=ORIENTED_EDGE('',*,*,#4424,.F.);
#2647=ORIENTED_EDGE('',*,*,#4296,.F.);
#2648=ORIENTED_EDGE('',*,*,#4425,.F.);
#2649=ORIENTED_EDGE('',*,*,#4282,.T.);
#2650=ORIENTED_EDGE('',*,*,#4426,.F.);
#2651=ORIENTED_EDGE('',*,*,#4381,.F.);
#2652=ORIENTED_EDGE('',*,*,#4427,.T.);
#2653=ORIENTED_EDGE('',*,*,#3928,.T.);
#2654=ORIENTED_EDGE('',*,*,#4427,.F.);
#2655=ORIENTED_EDGE('',*,*,#4380,.F.);
#2656=ORIENTED_EDGE('',*,*,#4247,.F.);
#2657=ORIENTED_EDGE('',*,*,#4214,.F.);
#2658=ORIENTED_EDGE('',*,*,#4181,.F.);
#2659=ORIENTED_EDGE('',*,*,#4148,.F.);
#2660=ORIENTED_EDGE('',*,*,#4105,.F.);
#2661=ORIENTED_EDGE('',*,*,#4328,.F.);
#2662=ORIENTED_EDGE('',*,*,#4071,.F.);
#2663=ORIENTED_EDGE('',*,*,#4038,.F.);
#2664=ORIENTED_EDGE('',*,*,#4005,.F.);
#2665=ORIENTED_EDGE('',*,*,#3972,.F.);
#2666=ORIENTED_EDGE('',*,*,#3929,.F.);
#2667=ORIENTED_EDGE('',*,*,#4363,.T.);
#2668=ORIENTED_EDGE('',*,*,#4366,.T.);
#2669=ORIENTED_EDGE('',*,*,#4369,.T.);
#2670=ORIENTED_EDGE('',*,*,#4372,.T.);
#2671=ORIENTED_EDGE('',*,*,#4375,.T.);
#2672=ORIENTED_EDGE('',*,*,#4378,.T.);
#2673=ORIENTED_EDGE('',*,*,#4382,.T.);
#2674=ORIENTED_EDGE('',*,*,#4426,.T.);
#2675=ORIENTED_EDGE('',*,*,#4281,.T.);
#2676=ORIENTED_EDGE('',*,*,#4285,.T.);
#2677=ORIENTED_EDGE('',*,*,#4288,.T.);
#2678=ORIENTED_EDGE('',*,*,#4291,.T.);
#2679=ORIENTED_EDGE('',*,*,#4294,.T.);
#2680=ORIENTED_EDGE('',*,*,#4292,.T.);
#2681=ORIENTED_EDGE('',*,*,#4289,.T.);
#2682=ORIENTED_EDGE('',*,*,#4286,.T.);
#2683=ORIENTED_EDGE('',*,*,#4283,.T.);
#2684=ORIENTED_EDGE('',*,*,#4279,.T.);
#2685=ORIENTED_EDGE('',*,*,#4425,.T.);
#2686=ORIENTED_EDGE('',*,*,#4295,.F.);
#2687=ORIENTED_EDGE('',*,*,#4102,.T.);
#2688=ORIENTED_EDGE('',*,*,#4297,.T.);
#2689=ORIENTED_EDGE('',*,*,#4424,.T.);
#2690=ORIENTED_EDGE('',*,*,#3969,.T.);
#2691=ORIENTED_EDGE('',*,*,#4003,.T.);
#2692=ORIENTED_EDGE('',*,*,#4036,.T.);
#2693=ORIENTED_EDGE('',*,*,#4069,.T.);
#2694=ORIENTED_EDGE('',*,*,#4100,.T.);
#2695=ORIENTED_EDGE('',*,*,#4067,.T.);
#2696=ORIENTED_EDGE('',*,*,#4034,.T.);
#2697=ORIENTED_EDGE('',*,*,#4001,.T.);
#2698=ORIENTED_EDGE('',*,*,#3967,.T.);
#2699=ORIENTED_EDGE('',*,*,#4423,.T.);
#2700=ORIENTED_EDGE('',*,*,#4298,.F.);
#2701=ORIENTED_EDGE('',*,*,#4099,.T.);
#2702=ORIENTED_EDGE('',*,*,#4300,.T.);
#2703=ORIENTED_EDGE('',*,*,#4422,.T.);
#2704=ORIENTED_EDGE('',*,*,#3965,.T.);
#2705=ORIENTED_EDGE('',*,*,#4000,.T.);
#2706=ORIENTED_EDGE('',*,*,#4033,.T.);
#2707=ORIENTED_EDGE('',*,*,#4066,.T.);
#2708=ORIENTED_EDGE('',*,*,#4097,.T.);
#2709=ORIENTED_EDGE('',*,*,#4064,.T.);
#2710=ORIENTED_EDGE('',*,*,#4031,.T.);
#2711=ORIENTED_EDGE('',*,*,#3998,.T.);
#2712=ORIENTED_EDGE('',*,*,#3963,.T.);
#2713=ORIENTED_EDGE('',*,*,#4421,.T.);
#2714=ORIENTED_EDGE('',*,*,#4301,.F.);
#2715=ORIENTED_EDGE('',*,*,#4096,.T.);
#2716=ORIENTED_EDGE('',*,*,#4303,.T.);
#2717=ORIENTED_EDGE('',*,*,#4420,.T.);
#2718=ORIENTED_EDGE('',*,*,#3961,.T.);
#2719=ORIENTED_EDGE('',*,*,#3997,.T.);
#2720=ORIENTED_EDGE('',*,*,#4030,.T.);
#2721=ORIENTED_EDGE('',*,*,#4063,.T.);
#2722=ORIENTED_EDGE('',*,*,#4094,.T.);
#2723=ORIENTED_EDGE('',*,*,#4061,.T.);
#2724=ORIENTED_EDGE('',*,*,#4028,.T.);
#2725=ORIENTED_EDGE('',*,*,#3995,.T.);
#2726=ORIENTED_EDGE('',*,*,#3959,.T.);
#2727=ORIENTED_EDGE('',*,*,#4419,.T.);
#2728=ORIENTED_EDGE('',*,*,#4304,.F.);
#2729=ORIENTED_EDGE('',*,*,#4093,.T.);
#2730=ORIENTED_EDGE('',*,*,#4306,.T.);
#2731=ORIENTED_EDGE('',*,*,#4418,.T.);
#2732=ORIENTED_EDGE('',*,*,#3957,.T.);
#2733=ORIENTED_EDGE('',*,*,#3994,.T.);
#2734=ORIENTED_EDGE('',*,*,#4027,.T.);
#2735=ORIENTED_EDGE('',*,*,#4060,.T.);
#2736=ORIENTED_EDGE('',*,*,#4091,.T.);
#2737=ORIENTED_EDGE('',*,*,#4058,.T.);
#2738=ORIENTED_EDGE('',*,*,#4025,.T.);
#2739=ORIENTED_EDGE('',*,*,#3992,.T.);
#2740=ORIENTED_EDGE('',*,*,#3955,.T.);
#2741=ORIENTED_EDGE('',*,*,#4417,.T.);
#2742=ORIENTED_EDGE('',*,*,#4307,.F.);
#2743=ORIENTED_EDGE('',*,*,#4090,.T.);
#2744=ORIENTED_EDGE('',*,*,#4309,.T.);
#2745=ORIENTED_EDGE('',*,*,#4416,.T.);
#2746=ORIENTED_EDGE('',*,*,#3953,.T.);
#2747=ORIENTED_EDGE('',*,*,#3991,.T.);
#2748=ORIENTED_EDGE('',*,*,#4024,.T.);
#2749=ORIENTED_EDGE('',*,*,#4057,.T.);
#2750=ORIENTED_EDGE('',*,*,#4088,.T.);
#2751=ORIENTED_EDGE('',*,*,#4055,.T.);
#2752=ORIENTED_EDGE('',*,*,#4022,.T.);
#2753=ORIENTED_EDGE('',*,*,#3989,.T.);
#2754=ORIENTED_EDGE('',*,*,#3951,.T.);
#2755=ORIENTED_EDGE('',*,*,#4415,.T.);
#2756=ORIENTED_EDGE('',*,*,#4310,.F.);
#2757=ORIENTED_EDGE('',*,*,#4087,.T.);
#2758=ORIENTED_EDGE('',*,*,#4312,.T.);
#2759=ORIENTED_EDGE('',*,*,#4414,.T.);
#2760=ORIENTED_EDGE('',*,*,#3949,.T.);
#2761=ORIENTED_EDGE('',*,*,#3988,.T.);
#2762=ORIENTED_EDGE('',*,*,#4021,.T.);
#2763=ORIENTED_EDGE('',*,*,#4054,.T.);
#2764=ORIENTED_EDGE('',*,*,#4085,.T.);
#2765=ORIENTED_EDGE('',*,*,#4052,.T.);
#2766=ORIENTED_EDGE('',*,*,#4019,.T.);
#2767=ORIENTED_EDGE('',*,*,#3986,.T.);
#2768=ORIENTED_EDGE('',*,*,#3947,.T.);
#2769=ORIENTED_EDGE('',*,*,#4413,.T.);
#2770=ORIENTED_EDGE('',*,*,#4313,.F.);
#2771=ORIENTED_EDGE('',*,*,#4084,.T.);
#2772=ORIENTED_EDGE('',*,*,#4315,.T.);
#2773=ORIENTED_EDGE('',*,*,#4412,.T.);
#2774=ORIENTED_EDGE('',*,*,#3945,.T.);
#2775=ORIENTED_EDGE('',*,*,#3985,.T.);
#2776=ORIENTED_EDGE('',*,*,#4018,.T.);
#2777=ORIENTED_EDGE('',*,*,#4051,.T.);
#2778=ORIENTED_EDGE('',*,*,#4082,.T.);
#2779=ORIENTED_EDGE('',*,*,#4049,.T.);
#2780=ORIENTED_EDGE('',*,*,#4016,.T.);
#2781=ORIENTED_EDGE('',*,*,#3983,.T.);
#2782=ORIENTED_EDGE('',*,*,#3943,.T.);
#2783=ORIENTED_EDGE('',*,*,#4411,.T.);
#2784=ORIENTED_EDGE('',*,*,#4316,.F.);
#2785=ORIENTED_EDGE('',*,*,#4081,.T.);
#2786=ORIENTED_EDGE('',*,*,#4318,.T.);
#2787=ORIENTED_EDGE('',*,*,#4410,.T.);
#2788=ORIENTED_EDGE('',*,*,#3941,.T.);
#2789=ORIENTED_EDGE('',*,*,#3982,.T.);
#2790=ORIENTED_EDGE('',*,*,#4015,.T.);
#2791=ORIENTED_EDGE('',*,*,#4048,.T.);
#2792=ORIENTED_EDGE('',*,*,#4079,.T.);
#2793=ORIENTED_EDGE('',*,*,#4046,.T.);
#2794=ORIENTED_EDGE('',*,*,#4013,.T.);
#2795=ORIENTED_EDGE('',*,*,#3980,.T.);
#2796=ORIENTED_EDGE('',*,*,#3939,.T.);
#2797=ORIENTED_EDGE('',*,*,#4409,.T.);
#2798=ORIENTED_EDGE('',*,*,#4319,.F.);
#2799=ORIENTED_EDGE('',*,*,#4078,.T.);
#2800=ORIENTED_EDGE('',*,*,#4321,.T.);
#2801=ORIENTED_EDGE('',*,*,#4408,.T.);
#2802=ORIENTED_EDGE('',*,*,#3937,.T.);
#2803=ORIENTED_EDGE('',*,*,#3979,.T.);
#2804=ORIENTED_EDGE('',*,*,#4012,.T.);
#2805=ORIENTED_EDGE('',*,*,#4045,.T.);
#2806=ORIENTED_EDGE('',*,*,#4076,.T.);
#2807=ORIENTED_EDGE('',*,*,#4043,.T.);
#2808=ORIENTED_EDGE('',*,*,#4010,.T.);
#2809=ORIENTED_EDGE('',*,*,#3977,.T.);
#2810=ORIENTED_EDGE('',*,*,#3935,.T.);
#2811=ORIENTED_EDGE('',*,*,#4407,.T.);
#2812=ORIENTED_EDGE('',*,*,#4322,.F.);
#2813=ORIENTED_EDGE('',*,*,#4075,.T.);
#2814=ORIENTED_EDGE('',*,*,#4324,.T.);
#2815=ORIENTED_EDGE('',*,*,#4406,.T.);
#2816=ORIENTED_EDGE('',*,*,#3933,.T.);
#2817=ORIENTED_EDGE('',*,*,#3976,.T.);
#2818=ORIENTED_EDGE('',*,*,#4009,.T.);
#2819=ORIENTED_EDGE('',*,*,#4042,.T.);
#2820=ORIENTED_EDGE('',*,*,#4073,.T.);
#2821=ORIENTED_EDGE('',*,*,#4040,.T.);
#2822=ORIENTED_EDGE('',*,*,#4007,.T.);
#2823=ORIENTED_EDGE('',*,*,#3974,.T.);
#2824=ORIENTED_EDGE('',*,*,#3931,.T.);
#2825=ORIENTED_EDGE('',*,*,#4405,.T.);
#2826=ORIENTED_EDGE('',*,*,#4325,.F.);
#2827=ORIENTED_EDGE('',*,*,#4070,.T.);
#2828=ORIENTED_EDGE('',*,*,#4327,.T.);
#2829=ORIENTED_EDGE('',*,*,#4404,.T.);
#2830=ORIENTED_EDGE('',*,*,#3927,.T.);
#2831=ORIENTED_EDGE('',*,*,#3971,.T.);
#2832=ORIENTED_EDGE('',*,*,#4004,.T.);
#2833=ORIENTED_EDGE('',*,*,#4037,.T.);
#2834=ORIENTED_EDGE('',*,*,#4364,.T.);
#2835=ORIENTED_EDGE('',*,*,#4361,.F.);
#2836=ORIENTED_EDGE('',*,*,#4383,.T.);
#2837=ORIENTED_EDGE('',*,*,#4376,.T.);
#2838=ORIENTED_EDGE('',*,*,#4373,.T.);
#2839=ORIENTED_EDGE('',*,*,#4370,.T.);
#2840=ORIENTED_EDGE('',*,*,#4367,.T.);
#2841=ORIENTED_EDGE('',*,*,#4145,.T.);
#2842=ORIENTED_EDGE('',*,*,#4179,.T.);
#2843=ORIENTED_EDGE('',*,*,#4212,.T.);
#2844=ORIENTED_EDGE('',*,*,#4245,.T.);
#2845=ORIENTED_EDGE('',*,*,#4278,.T.);
#2846=ORIENTED_EDGE('',*,*,#4384,.T.);
#2847=ORIENTED_EDGE('',*,*,#4359,.T.);
#2848=ORIENTED_EDGE('',*,*,#4143,.T.);
#2849=ORIENTED_EDGE('',*,*,#4358,.F.);
#2850=ORIENTED_EDGE('',*,*,#4385,.T.);
#2851=ORIENTED_EDGE('',*,*,#4276,.T.);
#2852=ORIENTED_EDGE('',*,*,#4243,.T.);
#2853=ORIENTED_EDGE('',*,*,#4210,.T.);
#2854=ORIENTED_EDGE('',*,*,#4177,.T.);
#2855=ORIENTED_EDGE('',*,*,#4141,.T.);
#2856=ORIENTED_EDGE('',*,*,#4176,.T.);
#2857=ORIENTED_EDGE('',*,*,#4209,.T.);
#2858=ORIENTED_EDGE('',*,*,#4242,.T.);
#2859=ORIENTED_EDGE('',*,*,#4275,.T.);
#2860=ORIENTED_EDGE('',*,*,#4386,.T.);
#2861=ORIENTED_EDGE('',*,*,#4356,.T.);
#2862=ORIENTED_EDGE('',*,*,#4139,.T.);
#2863=ORIENTED_EDGE('',*,*,#4355,.F.);
#2864=ORIENTED_EDGE('',*,*,#4387,.T.);
#2865=ORIENTED_EDGE('',*,*,#4273,.T.);
#2866=ORIENTED_EDGE('',*,*,#4240,.T.);
#2867=ORIENTED_EDGE('',*,*,#4207,.T.);
#2868=ORIENTED_EDGE('',*,*,#4174,.T.);
#2869=ORIENTED_EDGE('',*,*,#4137,.T.);
#2870=ORIENTED_EDGE('',*,*,#4173,.T.);
#2871=ORIENTED_EDGE('',*,*,#4206,.T.);
#2872=ORIENTED_EDGE('',*,*,#4239,.T.);
#2873=ORIENTED_EDGE('',*,*,#4272,.T.);
#2874=ORIENTED_EDGE('',*,*,#4388,.T.);
#2875=ORIENTED_EDGE('',*,*,#4353,.T.);
#2876=ORIENTED_EDGE('',*,*,#4135,.T.);
#2877=ORIENTED_EDGE('',*,*,#4352,.F.);
#2878=ORIENTED_EDGE('',*,*,#4389,.T.);
#2879=ORIENTED_EDGE('',*,*,#4270,.T.);
#2880=ORIENTED_EDGE('',*,*,#4237,.T.);
#2881=ORIENTED_EDGE('',*,*,#4204,.T.);
#2882=ORIENTED_EDGE('',*,*,#4171,.T.);
#2883=ORIENTED_EDGE('',*,*,#4133,.T.);
#2884=ORIENTED_EDGE('',*,*,#4170,.T.);
#2885=ORIENTED_EDGE('',*,*,#4203,.T.);
#2886=ORIENTED_EDGE('',*,*,#4236,.T.);
#2887=ORIENTED_EDGE('',*,*,#4269,.T.);
#2888=ORIENTED_EDGE('',*,*,#4390,.T.);
#2889=ORIENTED_EDGE('',*,*,#4350,.T.);
#2890=ORIENTED_EDGE('',*,*,#4131,.T.);
#2891=ORIENTED_EDGE('',*,*,#4349,.F.);
#2892=ORIENTED_EDGE('',*,*,#4391,.T.);
#2893=ORIENTED_EDGE('',*,*,#4267,.T.);
#2894=ORIENTED_EDGE('',*,*,#4234,.T.);
#2895=ORIENTED_EDGE('',*,*,#4201,.T.);
#2896=ORIENTED_EDGE('',*,*,#4168,.T.);
#2897=ORIENTED_EDGE('',*,*,#4129,.T.);
#2898=ORIENTED_EDGE('',*,*,#4167,.T.);
#2899=ORIENTED_EDGE('',*,*,#4200,.T.);
#2900=ORIENTED_EDGE('',*,*,#4233,.T.);
#2901=ORIENTED_EDGE('',*,*,#4266,.T.);
#2902=ORIENTED_EDGE('',*,*,#4392,.T.);
#2903=ORIENTED_EDGE('',*,*,#4347,.T.);
#2904=ORIENTED_EDGE('',*,*,#4127,.T.);
#2905=ORIENTED_EDGE('',*,*,#4346,.F.);
#2906=ORIENTED_EDGE('',*,*,#4393,.T.);
#2907=ORIENTED_EDGE('',*,*,#4264,.T.);
#2908=ORIENTED_EDGE('',*,*,#4231,.T.);
#2909=ORIENTED_EDGE('',*,*,#4198,.T.);
#2910=ORIENTED_EDGE('',*,*,#4165,.T.);
#2911=ORIENTED_EDGE('',*,*,#4125,.T.);
#2912=ORIENTED_EDGE('',*,*,#4164,.T.);
#2913=ORIENTED_EDGE('',*,*,#4197,.T.);
#2914=ORIENTED_EDGE('',*,*,#4230,.T.);
#2915=ORIENTED_EDGE('',*,*,#4263,.T.);
#2916=ORIENTED_EDGE('',*,*,#4394,.T.);
#2917=ORIENTED_EDGE('',*,*,#4344,.T.);
#2918=ORIENTED_EDGE('',*,*,#4123,.T.);
#2919=ORIENTED_EDGE('',*,*,#4343,.F.);
#2920=ORIENTED_EDGE('',*,*,#4395,.T.);
#2921=ORIENTED_EDGE('',*,*,#4261,.T.);
#2922=ORIENTED_EDGE('',*,*,#4228,.T.);
#2923=ORIENTED_EDGE('',*,*,#4195,.T.);
#2924=ORIENTED_EDGE('',*,*,#4162,.T.);
#2925=ORIENTED_EDGE('',*,*,#4121,.T.);
#2926=ORIENTED_EDGE('',*,*,#4161,.T.);
#2927=ORIENTED_EDGE('',*,*,#4194,.T.);
#2928=ORIENTED_EDGE('',*,*,#4227,.T.);
#2929=ORIENTED_EDGE('',*,*,#4260,.T.);
#2930=ORIENTED_EDGE('',*,*,#4396,.T.);
#2931=ORIENTED_EDGE('',*,*,#4341,.T.);
#2932=ORIENTED_EDGE('',*,*,#4119,.T.);
#2933=ORIENTED_EDGE('',*,*,#4340,.F.);
#2934=ORIENTED_EDGE('',*,*,#4397,.T.);
#2935=ORIENTED_EDGE('',*,*,#4258,.T.);
#2936=ORIENTED_EDGE('',*,*,#4225,.T.);
#2937=ORIENTED_EDGE('',*,*,#4192,.T.);
#2938=ORIENTED_EDGE('',*,*,#4159,.T.);
#2939=ORIENTED_EDGE('',*,*,#4117,.T.);
#2940=ORIENTED_EDGE('',*,*,#4158,.T.);
#2941=ORIENTED_EDGE('',*,*,#4191,.T.);
#2942=ORIENTED_EDGE('',*,*,#4224,.T.);
#2943=ORIENTED_EDGE('',*,*,#4257,.T.);
#2944=ORIENTED_EDGE('',*,*,#4398,.T.);
#2945=ORIENTED_EDGE('',*,*,#4338,.T.);
#2946=ORIENTED_EDGE('',*,*,#4115,.T.);
#2947=ORIENTED_EDGE('',*,*,#4337,.F.);
#2948=ORIENTED_EDGE('',*,*,#4399,.T.);
#2949=ORIENTED_EDGE('',*,*,#4255,.T.);
#2950=ORIENTED_EDGE('',*,*,#4222,.T.);
#2951=ORIENTED_EDGE('',*,*,#4189,.T.);
#2952=ORIENTED_EDGE('',*,*,#4156,.T.);
#2953=ORIENTED_EDGE('',*,*,#4113,.T.);
#2954=ORIENTED_EDGE('',*,*,#4155,.T.);
#2955=ORIENTED_EDGE('',*,*,#4188,.T.);
#2956=ORIENTED_EDGE('',*,*,#4221,.T.);
#2957=ORIENTED_EDGE('',*,*,#4254,.T.);
#2958=ORIENTED_EDGE('',*,*,#4400,.T.);
#2959=ORIENTED_EDGE('',*,*,#4335,.T.);
#2960=ORIENTED_EDGE('',*,*,#4111,.T.);
#2961=ORIENTED_EDGE('',*,*,#4334,.F.);
#2962=ORIENTED_EDGE('',*,*,#4401,.T.);
#2963=ORIENTED_EDGE('',*,*,#4252,.T.);
#2964=ORIENTED_EDGE('',*,*,#4219,.T.);
#2965=ORIENTED_EDGE('',*,*,#4186,.T.);
#2966=ORIENTED_EDGE('',*,*,#4153,.T.);
#2967=ORIENTED_EDGE('',*,*,#4109,.T.);
#2968=ORIENTED_EDGE('',*,*,#4152,.T.);
#2969=ORIENTED_EDGE('',*,*,#4185,.T.);
#2970=ORIENTED_EDGE('',*,*,#4218,.T.);
#2971=ORIENTED_EDGE('',*,*,#4251,.T.);
#2972=ORIENTED_EDGE('',*,*,#4402,.T.);
#2973=ORIENTED_EDGE('',*,*,#4332,.T.);
#2974=ORIENTED_EDGE('',*,*,#4103,.T.);
#2975=ORIENTED_EDGE('',*,*,#4147,.T.);
#2976=ORIENTED_EDGE('',*,*,#4180,.T.);
#2977=ORIENTED_EDGE('',*,*,#4213,.T.);
#2978=ORIENTED_EDGE('',*,*,#4246,.T.);
#2979=ORIENTED_EDGE('',*,*,#4379,.T.);
#2980=ORIENTED_EDGE('',*,*,#4329,.T.);
#2981=ORIENTED_EDGE('',*,*,#4107,.T.);
#2982=ORIENTED_EDGE('',*,*,#4331,.F.);
#2983=ORIENTED_EDGE('',*,*,#4403,.T.);
#2984=ORIENTED_EDGE('',*,*,#4249,.T.);
#2985=ORIENTED_EDGE('',*,*,#4216,.T.);
#2986=ORIENTED_EDGE('',*,*,#4183,.T.);
#2987=ORIENTED_EDGE('',*,*,#4150,.T.);
#2988=EDGE_CURVE('',#4428,#4429,#5352,.T.);
#2989=EDGE_CURVE('',#4429,#4430,#5353,.T.);
#2990=EDGE_CURVE('',#4430,#4431,#5354,.T.);
#2991=EDGE_CURVE('',#4431,#4432,#5355,.T.);
#2992=EDGE_CURVE('',#4433,#4432,#5356,.T.);
#2993=EDGE_CURVE('',#4434,#4433,#5357,.T.);
#2994=EDGE_CURVE('',#4434,#4435,#5358,.T.);
#2995=EDGE_CURVE('',#4435,#4436,#5359,.T.);
#2996=EDGE_CURVE('',#4436,#4437,#5360,.T.);
#2997=EDGE_CURVE('',#4437,#4428,#5361,.T.);
#2998=EDGE_CURVE('',#4438,#4439,#5362,.T.);
#2999=EDGE_CURVE('',#4439,#4440,#5363,.T.);
#3000=EDGE_CURVE('',#4440,#4441,#5364,.T.);
#3001=EDGE_CURVE('',#4441,#4442,#5365,.T.);
#3002=EDGE_CURVE('',#4438,#4442,#5366,.T.);
#3003=EDGE_CURVE('',#4443,#4444,#5367,.T.);
#3004=EDGE_CURVE('',#4444,#4445,#5368,.T.);
#3005=EDGE_CURVE('',#4445,#4446,#5369,.T.);
#3006=EDGE_CURVE('',#4446,#4447,#5370,.T.);
#3007=EDGE_CURVE('',#4447,#4443,#5371,.T.);
#3008=EDGE_CURVE('',#4439,#4430,#5372,.T.);
#3009=EDGE_CURVE('',#4431,#4438,#5373,.T.);
#3010=EDGE_CURVE('',#4435,#4446,#5374,.T.);
#3011=EDGE_CURVE('',#4447,#4434,#5375,.T.);
#3012=EDGE_CURVE('',#4448,#4449,#5376,.T.);
#3013=EDGE_CURVE('',#4449,#4450,#5377,.T.);
#3014=EDGE_CURVE('',#4450,#4451,#5378,.T.);
#3015=EDGE_CURVE('',#4451,#4448,#5379,.T.);
#3016=EDGE_CURVE('',#4452,#4453,#5380,.T.);
#3017=EDGE_CURVE('',#4442,#4452,#5381,.T.);
#3018=EDGE_CURVE('',#4454,#4442,#5382,.T.);
#3019=EDGE_CURVE('',#4454,#4453,#5383,.T.);
#3020=EDGE_CURVE('',#4455,#4456,#5384,.T.);
#3021=EDGE_CURVE('',#4455,#4457,#5385,.T.);
#3022=EDGE_CURVE('',#4457,#4458,#5386,.T.);
#3023=EDGE_CURVE('',#4456,#4458,#5387,.T.);
#3024=EDGE_CURVE('',#4459,#4460,#5388,.T.);
#3025=EDGE_CURVE('',#4459,#4461,#5389,.T.);
#3026=EDGE_CURVE('',#4461,#4462,#5390,.T.);
#3027=EDGE_CURVE('',#4460,#4462,#5391,.T.);
#3028=EDGE_CURVE('',#4463,#4464,#5392,.T.);
#3029=EDGE_CURVE('',#4464,#4465,#5393,.T.);
#3030=EDGE_CURVE('',#4466,#4465,#5394,.T.);
#3031=EDGE_CURVE('',#4466,#4463,#5395,.T.);
#3032=EDGE_CURVE('',#4465,#4467,#5396,.T.);
#3033=EDGE_CURVE('',#4468,#4467,#5397,.T.);
#3034=EDGE_CURVE('',#4468,#4466,#5398,.T.);
#3035=EDGE_CURVE('',#4467,#4469,#5399,.T.);
#3036=EDGE_CURVE('',#4470,#4469,#5400,.T.);
#3037=EDGE_CURVE('',#4470,#4468,#5401,.T.);
#3038=EDGE_CURVE('',#4471,#4472,#5402,.T.);
#3039=EDGE_CURVE('',#4472,#4473,#5403,.T.);
#3040=EDGE_CURVE('',#4474,#4473,#5404,.T.);
#3041=EDGE_CURVE('',#4474,#4471,#5405,.T.);
#3042=EDGE_CURVE('',#4473,#4475,#5406,.T.);
#3043=EDGE_CURVE('',#4476,#4475,#5407,.T.);
#3044=EDGE_CURVE('',#4476,#4474,#5408,.T.);
#3045=EDGE_CURVE('',#4475,#4477,#5409,.T.);
#3046=EDGE_CURVE('',#4478,#4477,#5410,.T.);
#3047=EDGE_CURVE('',#4478,#4476,#5411,.T.);
#3048=EDGE_CURVE('',#4479,#4480,#5412,.T.);
#3049=EDGE_CURVE('',#4480,#4481,#5413,.T.);
#3050=EDGE_CURVE('',#4482,#4481,#5414,.T.);
#3051=EDGE_CURVE('',#4482,#4479,#5415,.T.);
#3052=EDGE_CURVE('',#4481,#4483,#5416,.T.);
#3053=EDGE_CURVE('',#4484,#4483,#5417,.T.);
#3054=EDGE_CURVE('',#4484,#4482,#5418,.T.);
#3055=EDGE_CURVE('',#4483,#4485,#5419,.T.);
#3056=EDGE_CURVE('',#4486,#4485,#5420,.T.);
#3057=EDGE_CURVE('',#4486,#4484,#5421,.T.);
#3058=EDGE_CURVE('',#4487,#4488,#5422,.T.);
#3059=EDGE_CURVE('',#4488,#4489,#5423,.T.);
#3060=EDGE_CURVE('',#4490,#4489,#5424,.T.);
#3061=EDGE_CURVE('',#4490,#4487,#5425,.T.);
#3062=EDGE_CURVE('',#4489,#4491,#5426,.T.);
#3063=EDGE_CURVE('',#4492,#4491,#5427,.T.);
#3064=EDGE_CURVE('',#4492,#4490,#5428,.T.);
#3065=EDGE_CURVE('',#4491,#4493,#5429,.T.);
#3066=EDGE_CURVE('',#4494,#4493,#5430,.T.);
#3067=EDGE_CURVE('',#4494,#4492,#5431,.T.);
#3068=EDGE_CURVE('',#4495,#4496,#5432,.T.);
#3069=EDGE_CURVE('',#4496,#4497,#5433,.T.);
#3070=EDGE_CURVE('',#4498,#4497,#5434,.T.);
#3071=EDGE_CURVE('',#4498,#4495,#5435,.T.);
#3072=EDGE_CURVE('',#4497,#4499,#5436,.T.);
#3073=EDGE_CURVE('',#4500,#4499,#5437,.T.);
#3074=EDGE_CURVE('',#4500,#4498,#5438,.T.);
#3075=EDGE_CURVE('',#4499,#4501,#5439,.T.);
#3076=EDGE_CURVE('',#4502,#4501,#5440,.T.);
#3077=EDGE_CURVE('',#4502,#4500,#5441,.T.);
#3078=EDGE_CURVE('',#4503,#4504,#5442,.T.);
#3079=EDGE_CURVE('',#4504,#4505,#5443,.T.);
#3080=EDGE_CURVE('',#4506,#4505,#5444,.T.);
#3081=EDGE_CURVE('',#4506,#4503,#5445,.T.);
#3082=EDGE_CURVE('',#4505,#4507,#5446,.T.);
#3083=EDGE_CURVE('',#4508,#4507,#5447,.T.);
#3084=EDGE_CURVE('',#4508,#4506,#5448,.T.);
#3085=EDGE_CURVE('',#4507,#4509,#5449,.T.);
#3086=EDGE_CURVE('',#4510,#4509,#5450,.T.);
#3087=EDGE_CURVE('',#4510,#4508,#5451,.T.);
#3088=EDGE_CURVE('',#4511,#4512,#5452,.T.);
#3089=EDGE_CURVE('',#4512,#4513,#5453,.T.);
#3090=EDGE_CURVE('',#4514,#4513,#5454,.T.);
#3091=EDGE_CURVE('',#4514,#4511,#5455,.T.);
#3092=EDGE_CURVE('',#4513,#4515,#5456,.T.);
#3093=EDGE_CURVE('',#4516,#4515,#5457,.T.);
#3094=EDGE_CURVE('',#4516,#4514,#5458,.T.);
#3095=EDGE_CURVE('',#4515,#4517,#5459,.T.);
#3096=EDGE_CURVE('',#4518,#4517,#5460,.T.);
#3097=EDGE_CURVE('',#4518,#4516,#5461,.T.);
#3098=EDGE_CURVE('',#4519,#4520,#5462,.T.);
#3099=EDGE_CURVE('',#4520,#4521,#5463,.T.);
#3100=EDGE_CURVE('',#4522,#4521,#5464,.T.);
#3101=EDGE_CURVE('',#4522,#4519,#5465,.T.);
#3102=EDGE_CURVE('',#4521,#4523,#5466,.T.);
#3103=EDGE_CURVE('',#4524,#4523,#5467,.T.);
#3104=EDGE_CURVE('',#4524,#4522,#5468,.T.);
#3105=EDGE_CURVE('',#4523,#4525,#5469,.T.);
#3106=EDGE_CURVE('',#4526,#4525,#5470,.T.);
#3107=EDGE_CURVE('',#4526,#4524,#5471,.T.);
#3108=EDGE_CURVE('',#4469,#4464,#5472,.T.);
#3109=EDGE_CURVE('',#4463,#4470,#5473,.T.);
#3110=EDGE_CURVE('',#4477,#4472,#5474,.T.);
#3111=EDGE_CURVE('',#4471,#4478,#5475,.T.);
#3112=EDGE_CURVE('',#4485,#4480,#5476,.T.);
#3113=EDGE_CURVE('',#4479,#4486,#5477,.T.);
#3114=EDGE_CURVE('',#4493,#4488,#5478,.T.);
#3115=EDGE_CURVE('',#4487,#4494,#5479,.T.);
#3116=EDGE_CURVE('',#4501,#4496,#5480,.T.);
#3117=EDGE_CURVE('',#4495,#4502,#5481,.T.);
#3118=EDGE_CURVE('',#4509,#4504,#5482,.T.);
#3119=EDGE_CURVE('',#4503,#4510,#5483,.T.);
#3120=EDGE_CURVE('',#4517,#4512,#5484,.T.);
#3121=EDGE_CURVE('',#4511,#4518,#5485,.T.);
#3122=EDGE_CURVE('',#4525,#4520,#5486,.T.);
#3123=EDGE_CURVE('',#4519,#4526,#5487,.T.);
#3124=EDGE_CURVE('',#4527,#4528,#5488,.T.);
#3125=EDGE_CURVE('',#4529,#4528,#5489,.T.);
#3126=EDGE_CURVE('',#4529,#4530,#5490,.T.);
#3127=EDGE_CURVE('',#4530,#4527,#5491,.T.);
#3128=EDGE_CURVE('',#4531,#4532,#5492,.T.);
#3129=EDGE_CURVE('',#4532,#4533,#5493,.T.);
#3130=EDGE_CURVE('',#4533,#4534,#5494,.T.);
#3131=EDGE_CURVE('',#4531,#4534,#5495,.T.);
#3132=EDGE_CURVE('',#4535,#4536,#5496,.T.);
#3133=EDGE_CURVE('',#4456,#4535,#5497,.T.);
#3134=EDGE_CURVE('',#4458,#4451,#5498,.T.);
#3135=EDGE_CURVE('',#4537,#4450,#5499,.T.);
#3136=EDGE_CURVE('',#4538,#4537,#5500,.T.);
#3137=EDGE_CURVE('',#4453,#4538,#5501,.T.);
#3138=EDGE_CURVE('',#4460,#4454,#5502,.T.);
#3139=EDGE_CURVE('',#4536,#4462,#5503,.T.);
#3140=EDGE_CURVE('',#4443,#4539,#5504,.T.);
#3141=EDGE_CURVE('',#4443,#4540,#5505,.T.);
#3142=EDGE_CURVE('',#4541,#4540,#5506,.T.);
#3143=EDGE_CURVE('',#4539,#4541,#5507,.T.);
#3144=EDGE_CURVE('',#4529,#4542,#5508,.T.);
#3145=EDGE_CURVE('',#4542,#4543,#5509,.T.);
#3146=EDGE_CURVE('',#4543,#4544,#5510,.T.);
#3147=EDGE_CURVE('',#4545,#4544,#5511,.T.);
#3148=EDGE_CURVE('',#4539,#4545,#5512,.T.);
#3149=EDGE_CURVE('',#4541,#4546,#5513,.T.);
#3150=EDGE_CURVE('',#4546,#4547,#5514,.T.);
#3151=EDGE_CURVE('',#4547,#4531,#5515,.T.);
#3152=EDGE_CURVE('',#4534,#4530,#5516,.T.);
#3153=EDGE_CURVE('',#4548,#4549,#5517,.T.);
#3154=EDGE_CURVE('',#4550,#4548,#5518,.T.);
#3155=EDGE_CURVE('',#4550,#4551,#5519,.T.);
#3156=EDGE_CURVE('',#4551,#4549,#5520,.T.);
#3157=EDGE_CURVE('',#4552,#4548,#5521,.T.);
#3158=EDGE_CURVE('',#4553,#4552,#5522,.T.);
#3159=EDGE_CURVE('',#4553,#4550,#5523,.T.);
#3160=EDGE_CURVE('',#4554,#4552,#5524,.T.);
#3161=EDGE_CURVE('',#4555,#4554,#5525,.T.);
#3162=EDGE_CURVE('',#4555,#4553,#5526,.T.);
#3163=EDGE_CURVE('',#4556,#4557,#5527,.T.);
#3164=EDGE_CURVE('',#4558,#4556,#5528,.T.);
#3165=EDGE_CURVE('',#4558,#4559,#5529,.T.);
#3166=EDGE_CURVE('',#4559,#4557,#5530,.T.);
#3167=EDGE_CURVE('',#4560,#4556,#5531,.T.);
#3168=EDGE_CURVE('',#4561,#4560,#5532,.T.);
#3169=EDGE_CURVE('',#4561,#4558,#5533,.T.);
#3170=EDGE_CURVE('',#4562,#4560,#5534,.T.);
#3171=EDGE_CURVE('',#4563,#4562,#5535,.T.);
#3172=EDGE_CURVE('',#4563,#4561,#5536,.T.);
#3173=EDGE_CURVE('',#4564,#4565,#5537,.T.);
#3174=EDGE_CURVE('',#4566,#4564,#5538,.T.);
#3175=EDGE_CURVE('',#4566,#4567,#5539,.T.);
#3176=EDGE_CURVE('',#4567,#4565,#5540,.T.);
#3177=EDGE_CURVE('',#4568,#4564,#5541,.T.);
#3178=EDGE_CURVE('',#4569,#4568,#5542,.T.);
#3179=EDGE_CURVE('',#4569,#4566,#5543,.T.);
#3180=EDGE_CURVE('',#4570,#4568,#5544,.T.);
#3181=EDGE_CURVE('',#4571,#4570,#5545,.T.);
#3182=EDGE_CURVE('',#4571,#4569,#5546,.T.);
#3183=EDGE_CURVE('',#4572,#4573,#5547,.T.);
#3184=EDGE_CURVE('',#4574,#4572,#5548,.T.);
#3185=EDGE_CURVE('',#4574,#4575,#5549,.T.);
#3186=EDGE_CURVE('',#4575,#4573,#5550,.T.);
#3187=EDGE_CURVE('',#4576,#4572,#5551,.T.);
#3188=EDGE_CURVE('',#4577,#4576,#5552,.T.);
#3189=EDGE_CURVE('',#4577,#4574,#5553,.T.);
#3190=EDGE_CURVE('',#4578,#4576,#5554,.T.);
#3191=EDGE_CURVE('',#4579,#4578,#5555,.T.);
#3192=EDGE_CURVE('',#4579,#4577,#5556,.T.);
#3193=EDGE_CURVE('',#4580,#4581,#5557,.T.);
#3194=EDGE_CURVE('',#4582,#4580,#5558,.T.);
#3195=EDGE_CURVE('',#4582,#4583,#5559,.T.);
#3196=EDGE_CURVE('',#4583,#4581,#5560,.T.);
#3197=EDGE_CURVE('',#4584,#4580,#5561,.T.);
#3198=EDGE_CURVE('',#4585,#4584,#5562,.T.);
#3199=EDGE_CURVE('',#4585,#4582,#5563,.T.);
#3200=EDGE_CURVE('',#4586,#4584,#5564,.T.);
#3201=EDGE_CURVE('',#4587,#4586,#5565,.T.);
#3202=EDGE_CURVE('',#4587,#4585,#5566,.T.);
#3203=EDGE_CURVE('',#4588,#4589,#5567,.T.);
#3204=EDGE_CURVE('',#4590,#4588,#5568,.T.);
#3205=EDGE_CURVE('',#4590,#4591,#5569,.T.);
#3206=EDGE_CURVE('',#4591,#4589,#5570,.T.);
#3207=EDGE_CURVE('',#4592,#4588,#5571,.T.);
#3208=EDGE_CURVE('',#4593,#4592,#5572,.T.);
#3209=EDGE_CURVE('',#4593,#4590,#5573,.T.);
#3210=EDGE_CURVE('',#4594,#4592,#5574,.T.);
#3211=EDGE_CURVE('',#4595,#4594,#5575,.T.);
#3212=EDGE_CURVE('',#4595,#4593,#5576,.T.);
#3213=EDGE_CURVE('',#4596,#4597,#5577,.T.);
#3214=EDGE_CURVE('',#4598,#4596,#5578,.T.);
#3215=EDGE_CURVE('',#4598,#4599,#5579,.T.);
#3216=EDGE_CURVE('',#4599,#4597,#5580,.T.);
#3217=EDGE_CURVE('',#4600,#4596,#5581,.T.);
#3218=EDGE_CURVE('',#4601,#4600,#5582,.T.);
#3219=EDGE_CURVE('',#4601,#4598,#5583,.T.);
#3220=EDGE_CURVE('',#4602,#4600,#5584,.T.);
#3221=EDGE_CURVE('',#4603,#4602,#5585,.T.);
#3222=EDGE_CURVE('',#4603,#4601,#5586,.T.);
#3223=EDGE_CURVE('',#4604,#4605,#5587,.T.);
#3224=EDGE_CURVE('',#4606,#4604,#5588,.T.);
#3225=EDGE_CURVE('',#4606,#4607,#5589,.T.);
#3226=EDGE_CURVE('',#4607,#4605,#5590,.T.);
#3227=EDGE_CURVE('',#4608,#4604,#5591,.T.);
#3228=EDGE_CURVE('',#4609,#4608,#5592,.T.);
#3229=EDGE_CURVE('',#4609,#4606,#5593,.T.);
#3230=EDGE_CURVE('',#4610,#4608,#5594,.T.);
#3231=EDGE_CURVE('',#4611,#4610,#5595,.T.);
#3232=EDGE_CURVE('',#4611,#4609,#5596,.T.);
#3233=EDGE_CURVE('',#4612,#4613,#5597,.T.);
#3234=EDGE_CURVE('',#4614,#4612,#5598,.T.);
#3235=EDGE_CURVE('',#4614,#4615,#5599,.T.);
#3236=EDGE_CURVE('',#4615,#4613,#5600,.T.);
#3237=EDGE_CURVE('',#4616,#4612,#5601,.T.);
#3238=EDGE_CURVE('',#4617,#4616,#5602,.T.);
#3239=EDGE_CURVE('',#4617,#4614,#5603,.T.);
#3240=EDGE_CURVE('',#4618,#4616,#5604,.T.);
#3241=EDGE_CURVE('',#4619,#4618,#5605,.T.);
#3242=EDGE_CURVE('',#4619,#4617,#5606,.T.);
#3243=EDGE_CURVE('',#4620,#4621,#5607,.T.);
#3244=EDGE_CURVE('',#4622,#4620,#5608,.T.);
#3245=EDGE_CURVE('',#4622,#4623,#5609,.T.);
#3246=EDGE_CURVE('',#4623,#4621,#5610,.T.);
#3247=EDGE_CURVE('',#4624,#4620,#5611,.T.);
#3248=EDGE_CURVE('',#4625,#4624,#5612,.T.);
#3249=EDGE_CURVE('',#4625,#4622,#5613,.T.);
#3250=EDGE_CURVE('',#4626,#4624,#5614,.T.);
#3251=EDGE_CURVE('',#4627,#4626,#5615,.T.);
#3252=EDGE_CURVE('',#4627,#4625,#5616,.T.);
#3253=EDGE_CURVE('',#4628,#4629,#5617,.T.);
#3254=EDGE_CURVE('',#4630,#4628,#5618,.T.);
#3255=EDGE_CURVE('',#4630,#4631,#5619,.T.);
#3256=EDGE_CURVE('',#4631,#4629,#5620,.T.);
#3257=EDGE_CURVE('',#4632,#4628,#5621,.T.);
#3258=EDGE_CURVE('',#4633,#4632,#5622,.T.);
#3259=EDGE_CURVE('',#4633,#4630,#5623,.T.);
#3260=EDGE_CURVE('',#4634,#4632,#5624,.T.);
#3261=EDGE_CURVE('',#4635,#4634,#5625,.T.);
#3262=EDGE_CURVE('',#4635,#4633,#5626,.T.);
#3263=EDGE_CURVE('',#4636,#4637,#5627,.T.);
#3264=EDGE_CURVE('',#4638,#4636,#5628,.T.);
#3265=EDGE_CURVE('',#4638,#4639,#5629,.T.);
#3266=EDGE_CURVE('',#4639,#4637,#5630,.T.);
#3267=EDGE_CURVE('',#4640,#4636,#5631,.T.);
#3268=EDGE_CURVE('',#4641,#4640,#5632,.T.);
#3269=EDGE_CURVE('',#4641,#4638,#5633,.T.);
#3270=EDGE_CURVE('',#4642,#4640,#5634,.T.);
#3271=EDGE_CURVE('',#4643,#4642,#5635,.T.);
#3272=EDGE_CURVE('',#4643,#4641,#5636,.T.);
#3273=EDGE_CURVE('',#4644,#4645,#5637,.T.);
#3274=EDGE_CURVE('',#4646,#4644,#5638,.T.);
#3275=EDGE_CURVE('',#4646,#4647,#5639,.T.);
#3276=EDGE_CURVE('',#4647,#4645,#5640,.T.);
#3277=EDGE_CURVE('',#4648,#4644,#5641,.T.);
#3278=EDGE_CURVE('',#4649,#4648,#5642,.T.);
#3279=EDGE_CURVE('',#4649,#4646,#5643,.T.);
#3280=EDGE_CURVE('',#4650,#4648,#5644,.T.);
#3281=EDGE_CURVE('',#4651,#4650,#5645,.T.);
#3282=EDGE_CURVE('',#4651,#4649,#5646,.T.);
#3283=EDGE_CURVE('',#4652,#4653,#5647,.T.);
#3284=EDGE_CURVE('',#4654,#4652,#5648,.T.);
#3285=EDGE_CURVE('',#4654,#4655,#5649,.T.);
#3286=EDGE_CURVE('',#4655,#4653,#5650,.T.);
#3287=EDGE_CURVE('',#4656,#4652,#5651,.T.);
#3288=EDGE_CURVE('',#4657,#4656,#5652,.T.);
#3289=EDGE_CURVE('',#4657,#4654,#5653,.T.);
#3290=EDGE_CURVE('',#4658,#4656,#5654,.T.);
#3291=EDGE_CURVE('',#4659,#4658,#5655,.T.);
#3292=EDGE_CURVE('',#4659,#4657,#5656,.T.);
#3293=EDGE_CURVE('',#4660,#4661,#5657,.T.);
#3294=EDGE_CURVE('',#4662,#4660,#5658,.T.);
#3295=EDGE_CURVE('',#4662,#4663,#5659,.T.);
#3296=EDGE_CURVE('',#4663,#4661,#5660,.T.);
#3297=EDGE_CURVE('',#4664,#4660,#5661,.T.);
#3298=EDGE_CURVE('',#4665,#4664,#5662,.T.);
#3299=EDGE_CURVE('',#4665,#4662,#5663,.T.);
#3300=EDGE_CURVE('',#4666,#4664,#5664,.T.);
#3301=EDGE_CURVE('',#4667,#4666,#5665,.T.);
#3302=EDGE_CURVE('',#4667,#4665,#5666,.T.);
#3303=EDGE_CURVE('',#4668,#4669,#5667,.T.);
#3304=EDGE_CURVE('',#4670,#4668,#5668,.T.);
#3305=EDGE_CURVE('',#4670,#4671,#5669,.T.);
#3306=EDGE_CURVE('',#4671,#4669,#5670,.T.);
#3307=EDGE_CURVE('',#4672,#4668,#5671,.T.);
#3308=EDGE_CURVE('',#4673,#4672,#5672,.T.);
#3309=EDGE_CURVE('',#4673,#4670,#5673,.T.);
#3310=EDGE_CURVE('',#4674,#4672,#5674,.T.);
#3311=EDGE_CURVE('',#4675,#4674,#5675,.T.);
#3312=EDGE_CURVE('',#4675,#4673,#5676,.T.);
#3313=EDGE_CURVE('',#4549,#4554,#5677,.T.);
#3314=EDGE_CURVE('',#4551,#4555,#5678,.T.);
#3315=EDGE_CURVE('',#4557,#4562,#5679,.T.);
#3316=EDGE_CURVE('',#4559,#4563,#5680,.T.);
#3317=EDGE_CURVE('',#4565,#4570,#5681,.T.);
#3318=EDGE_CURVE('',#4567,#4571,#5682,.T.);
#3319=EDGE_CURVE('',#4573,#4578,#5683,.T.);
#3320=EDGE_CURVE('',#4575,#4579,#5684,.T.);
#3321=EDGE_CURVE('',#4581,#4586,#5685,.T.);
#3322=EDGE_CURVE('',#4583,#4587,#5686,.T.);
#3323=EDGE_CURVE('',#4589,#4594,#5687,.T.);
#3324=EDGE_CURVE('',#4591,#4595,#5688,.T.);
#3325=EDGE_CURVE('',#4597,#4602,#5689,.T.);
#3326=EDGE_CURVE('',#4599,#4603,#5690,.T.);
#3327=EDGE_CURVE('',#4605,#4610,#5691,.T.);
#3328=EDGE_CURVE('',#4607,#4611,#5692,.T.);
#3329=EDGE_CURVE('',#4613,#4618,#5693,.T.);
#3330=EDGE_CURVE('',#4615,#4619,#5694,.T.);
#3331=EDGE_CURVE('',#4621,#4626,#5695,.T.);
#3332=EDGE_CURVE('',#4623,#4627,#5696,.T.);
#3333=EDGE_CURVE('',#4629,#4634,#5697,.T.);
#3334=EDGE_CURVE('',#4631,#4635,#5698,.T.);
#3335=EDGE_CURVE('',#4637,#4642,#5699,.T.);
#3336=EDGE_CURVE('',#4639,#4643,#5700,.T.);
#3337=EDGE_CURVE('',#4645,#4650,#5701,.T.);
#3338=EDGE_CURVE('',#4647,#4651,#5702,.T.);
#3339=EDGE_CURVE('',#4653,#4658,#5703,.T.);
#3340=EDGE_CURVE('',#4655,#4659,#5704,.T.);
#3341=EDGE_CURVE('',#4661,#4666,#5705,.T.);
#3342=EDGE_CURVE('',#4663,#4667,#5706,.T.);
#3343=EDGE_CURVE('',#4669,#4674,#5707,.T.);
#3344=EDGE_CURVE('',#4671,#4675,#5708,.T.);
#3345=EDGE_CURVE('',#4544,#4676,#5709,.T.);
#3346=EDGE_CURVE('',#4677,#4676,#5710,.T.);
#3347=EDGE_CURVE('',#4545,#4677,#5711,.T.);
#3348=EDGE_CURVE('',#4428,#4441,#5712,.T.);
#3349=EDGE_CURVE('',#4437,#4444,#5713,.T.);
#3350=EDGE_CURVE('',#4459,#4677,#5714,.T.);
#3351=EDGE_CURVE('',#4533,#4433,#5715,.T.);
#3352=EDGE_CURVE('',#4432,#4448,#5716,.T.);
#3353=EDGE_CURVE('',#4457,#4678,#5717,.T.);
#3354=EDGE_CURVE('',#4678,#4679,#5718,.T.);
#3355=EDGE_CURVE('',#4679,#4527,#5719,.T.);
#3356=EDGE_CURVE('',#4547,#4537,#5720,.T.);
#3357=EDGE_CURVE('',#4546,#4538,#5721,.T.);
#3358=EDGE_CURVE('',#4449,#4532,#5722,.T.);
#3359=EDGE_CURVE('',#4540,#4452,#5723,.T.);
#3360=EDGE_CURVE('',#4542,#4535,#5724,.T.);
#3361=EDGE_CURVE('',#4528,#4455,#5725,.T.);
#3362=EDGE_CURVE('',#4543,#4536,#5726,.T.);
#3363=EDGE_CURVE('',#4461,#4676,#5727,.T.);
#3364=EDGE_CURVE('',#4540,#4532,#5728,.T.);
#3365=EDGE_CURVE('',#4452,#4449,#5729,.T.);
#3366=EDGE_CURVE('',#4461,#4455,#5730,.T.);
#3367=EDGE_CURVE('',#4680,#4459,#5731,.T.);
#3368=EDGE_CURVE('',#4680,#4681,#5732,.T.);
#3369=EDGE_CURVE('',#4681,#4678,#5733,.T.);
#3370=EDGE_CURVE('',#4682,#4679,#5734,.T.);
#3371=EDGE_CURVE('',#4682,#4683,#5735,.T.);
#3372=EDGE_CURVE('',#4683,#4677,#5736,.T.);
#3373=EDGE_CURVE('',#4676,#4528,#5737,.T.);
#3374=EDGE_CURVE('',#4681,#4682,#5738,.T.);
#3375=EDGE_CURVE('',#4683,#4680,#5739,.T.);
#3376=EDGE_CURVE('',#4429,#4440,#5740,.T.);
#3377=EDGE_CURVE('',#4436,#4445,#5741,.T.);
#3378=EDGE_CURVE('',#4684,#4685,#5742,.T.);
#3379=EDGE_CURVE('',#4684,#4686,#5743,.T.);
#3380=EDGE_CURVE('',#4687,#4686,#5744,.T.);
#3381=EDGE_CURVE('',#4685,#4687,#5745,.T.);
#3382=EDGE_CURVE('',#4688,#4689,#5746,.T.);
#3383=EDGE_CURVE('',#4690,#4688,#5747,.T.);
#3384=EDGE_CURVE('',#4691,#4690,#5748,.T.);
#3385=EDGE_CURVE('',#4691,#4689,#5749,.T.);
#3386=EDGE_CURVE('',#4692,#4693,#5750,.T.);
#3387=EDGE_CURVE('',#4694,#4692,#5751,.T.);
#3388=EDGE_CURVE('',#4695,#4694,#5752,.T.);
#3389=EDGE_CURVE('',#4695,#4693,#5753,.T.);
#3390=EDGE_CURVE('',#4696,#4697,#5754,.T.);
#3391=EDGE_CURVE('',#4698,#4696,#5755,.T.);
#3392=EDGE_CURVE('',#4699,#4698,#5756,.T.);
#3393=EDGE_CURVE('',#4699,#4697,#5757,.T.);
#3394=EDGE_CURVE('',#4700,#4701,#5758,.T.);
#3395=EDGE_CURVE('',#4702,#4700,#5759,.T.);
#3396=EDGE_CURVE('',#4703,#4702,#5760,.T.);
#3397=EDGE_CURVE('',#4703,#4701,#5761,.T.);
#3398=EDGE_CURVE('',#4704,#4705,#5762,.T.);
#3399=EDGE_CURVE('',#4706,#4704,#5763,.T.);
#3400=EDGE_CURVE('',#4707,#4706,#5764,.T.);
#3401=EDGE_CURVE('',#4707,#4705,#5765,.T.);
#3402=EDGE_CURVE('',#4708,#4709,#5766,.T.);
#3403=EDGE_CURVE('',#4710,#4708,#5767,.T.);
#3404=EDGE_CURVE('',#4711,#4710,#5768,.T.);
#3405=EDGE_CURVE('',#4711,#4709,#5769,.T.);
#3406=EDGE_CURVE('',#4712,#4713,#5770,.T.);
#3407=EDGE_CURVE('',#4714,#4712,#5771,.T.);
#3408=EDGE_CURVE('',#4715,#4714,#5772,.T.);
#3409=EDGE_CURVE('',#4715,#4713,#5773,.T.);
#3410=EDGE_CURVE('',#4716,#4717,#5774,.T.);
#3411=EDGE_CURVE('',#4718,#4716,#5775,.T.);
#3412=EDGE_CURVE('',#4719,#4718,#5776,.T.);
#3413=EDGE_CURVE('',#4719,#4717,#5777,.T.);
#3414=EDGE_CURVE('',#4720,#4721,#5778,.T.);
#3415=EDGE_CURVE('',#4722,#4720,#5779,.T.);
#3416=EDGE_CURVE('',#4723,#4722,#5780,.T.);
#3417=EDGE_CURVE('',#4723,#4721,#5781,.T.);
#3418=EDGE_CURVE('',#4724,#4725,#5782,.T.);
#3419=EDGE_CURVE('',#4726,#4724,#5783,.T.);
#3420=EDGE_CURVE('',#4727,#4726,#5784,.T.);
#3421=EDGE_CURVE('',#4727,#4725,#5785,.T.);
#3422=EDGE_CURVE('',#4728,#4729,#5786,.T.);
#3423=EDGE_CURVE('',#4728,#4730,#5787,.T.);
#3424=EDGE_CURVE('',#4731,#4730,#5788,.T.);
#3425=EDGE_CURVE('',#4729,#4731,#5789,.T.);
#3426=EDGE_CURVE('',#4732,#4733,#5790,.T.);
#3427=EDGE_CURVE('',#4734,#4732,#5791,.T.);
#3428=EDGE_CURVE('',#4735,#4734,#5792,.T.);
#3429=EDGE_CURVE('',#4735,#4733,#5793,.T.);
#3430=EDGE_CURVE('',#4736,#4737,#5794,.T.);
#3431=EDGE_CURVE('',#4738,#4736,#5795,.T.);
#3432=EDGE_CURVE('',#4739,#4738,#5796,.T.);
#3433=EDGE_CURVE('',#4739,#4737,#5797,.T.);
#3434=EDGE_CURVE('',#4740,#4741,#5798,.T.);
#3435=EDGE_CURVE('',#4742,#4740,#5799,.T.);
#3436=EDGE_CURVE('',#4743,#4742,#5800,.T.);
#3437=EDGE_CURVE('',#4743,#4741,#5801,.T.);
#3438=EDGE_CURVE('',#4744,#4745,#5802,.T.);
#3439=EDGE_CURVE('',#4746,#4744,#5803,.T.);
#3440=EDGE_CURVE('',#4747,#4746,#5804,.T.);
#3441=EDGE_CURVE('',#4747,#4745,#5805,.T.);
#3442=EDGE_CURVE('',#4748,#4749,#5806,.T.);
#3443=EDGE_CURVE('',#4750,#4748,#5807,.T.);
#3444=EDGE_CURVE('',#4751,#4750,#5808,.T.);
#3445=EDGE_CURVE('',#4751,#4749,#5809,.T.);
#3446=EDGE_CURVE('',#4752,#4753,#5810,.T.);
#3447=EDGE_CURVE('',#4754,#4752,#5811,.T.);
#3448=EDGE_CURVE('',#4755,#4754,#5812,.T.);
#3449=EDGE_CURVE('',#4755,#4753,#5813,.T.);
#3450=EDGE_CURVE('',#4756,#4757,#5814,.T.);
#3451=EDGE_CURVE('',#4758,#4756,#5815,.T.);
#3452=EDGE_CURVE('',#4759,#4758,#5816,.T.);
#3453=EDGE_CURVE('',#4759,#4757,#5817,.T.);
#3454=EDGE_CURVE('',#4760,#4761,#5818,.T.);
#3455=EDGE_CURVE('',#4762,#4760,#5819,.T.);
#3456=EDGE_CURVE('',#4763,#4762,#5820,.T.);
#3457=EDGE_CURVE('',#4763,#4761,#5821,.T.);
#3458=EDGE_CURVE('',#4764,#4765,#5822,.T.);
#3459=EDGE_CURVE('',#4766,#4764,#5823,.T.);
#3460=EDGE_CURVE('',#4767,#4766,#5824,.T.);
#3461=EDGE_CURVE('',#4767,#4765,#5825,.T.);
#3462=EDGE_CURVE('',#4768,#4769,#5826,.T.);
#3463=EDGE_CURVE('',#4770,#4768,#5827,.T.);
#3464=EDGE_CURVE('',#4771,#4770,#5828,.T.);
#3465=EDGE_CURVE('',#4771,#4769,#5829,.T.);
#3466=EDGE_CURVE('',#4730,#4772,#5830,.T.);
#3467=EDGE_CURVE('',#4773,#4728,#5831,.T.);
#3468=EDGE_CURVE('',#4773,#4772,#5832,.T.);
#3469=EDGE_CURVE('',#4733,#4774,#5833,.T.);
#3470=EDGE_CURVE('',#4775,#4735,#5834,.T.);
#3471=EDGE_CURVE('',#4775,#4774,#5835,.T.);
#3472=EDGE_CURVE('',#4737,#4776,#5836,.T.);
#3473=EDGE_CURVE('',#4777,#4739,#5837,.T.);
#3474=EDGE_CURVE('',#4777,#4776,#5838,.T.);
#3475=EDGE_CURVE('',#4741,#4778,#5839,.T.);
#3476=EDGE_CURVE('',#4779,#4743,#5840,.T.);
#3477=EDGE_CURVE('',#4779,#4778,#5841,.T.);
#3478=EDGE_CURVE('',#4745,#4780,#5842,.T.);
#3479=EDGE_CURVE('',#4781,#4747,#5843,.T.);
#3480=EDGE_CURVE('',#4781,#4780,#5844,.T.);
#3481=EDGE_CURVE('',#4749,#4782,#5845,.T.);
#3482=EDGE_CURVE('',#4783,#4751,#5846,.T.);
#3483=EDGE_CURVE('',#4783,#4782,#5847,.T.);
#3484=EDGE_CURVE('',#4753,#4784,#5848,.T.);
#3485=EDGE_CURVE('',#4785,#4755,#5849,.T.);
#3486=EDGE_CURVE('',#4785,#4784,#5850,.T.);
#3487=EDGE_CURVE('',#4757,#4786,#5851,.T.);
#3488=EDGE_CURVE('',#4787,#4759,#5852,.T.);
#3489=EDGE_CURVE('',#4787,#4786,#5853,.T.);
#3490=EDGE_CURVE('',#4761,#4788,#5854,.T.);
#3491=EDGE_CURVE('',#4789,#4763,#5855,.T.);
#3492=EDGE_CURVE('',#4789,#4788,#5856,.T.);
#3493=EDGE_CURVE('',#4765,#4790,#5857,.T.);
#3494=EDGE_CURVE('',#4791,#4767,#5858,.T.);
#3495=EDGE_CURVE('',#4791,#4790,#5859,.T.);
#3496=EDGE_CURVE('',#4769,#4792,#5860,.T.);
#3497=EDGE_CURVE('',#4793,#4771,#5861,.T.);
#3498=EDGE_CURVE('',#4793,#4792,#5862,.T.);
#3499=EDGE_CURVE('',#4772,#4794,#5863,.T.);
#3500=EDGE_CURVE('',#4773,#4795,#5864,.T.);
#3501=EDGE_CURVE('',#4795,#4794,#5865,.T.);
#3502=EDGE_CURVE('',#4774,#4796,#5866,.T.);
#3503=EDGE_CURVE('',#4775,#4797,#5867,.T.);
#3504=EDGE_CURVE('',#4797,#4796,#5868,.T.);
#3505=EDGE_CURVE('',#4776,#4798,#5869,.T.);
#3506=EDGE_CURVE('',#4777,#4799,#5870,.T.);
#3507=EDGE_CURVE('',#4799,#4798,#5871,.T.);
#3508=EDGE_CURVE('',#4778,#4800,#5872,.T.);
#3509=EDGE_CURVE('',#4779,#4801,#5873,.T.);
#3510=EDGE_CURVE('',#4801,#4800,#5874,.T.);
#3511=EDGE_CURVE('',#4780,#4802,#5875,.T.);
#3512=EDGE_CURVE('',#4781,#4803,#5876,.T.);
#3513=EDGE_CURVE('',#4803,#4802,#5877,.T.);
#3514=EDGE_CURVE('',#4782,#4804,#5878,.T.);
#3515=EDGE_CURVE('',#4783,#4805,#5879,.T.);
#3516=EDGE_CURVE('',#4805,#4804,#5880,.T.);
#3517=EDGE_CURVE('',#4784,#4806,#5881,.T.);
#3518=EDGE_CURVE('',#4785,#4807,#5882,.T.);
#3519=EDGE_CURVE('',#4807,#4806,#5883,.T.);
#3520=EDGE_CURVE('',#4786,#4808,#5884,.T.);
#3521=EDGE_CURVE('',#4787,#4809,#5885,.T.);
#3522=EDGE_CURVE('',#4809,#4808,#5886,.T.);
#3523=EDGE_CURVE('',#4788,#4810,#5887,.T.);
#3524=EDGE_CURVE('',#4789,#4811,#5888,.T.);
#3525=EDGE_CURVE('',#4811,#4810,#5889,.T.);
#3526=EDGE_CURVE('',#4790,#4812,#5890,.T.);
#3527=EDGE_CURVE('',#4791,#4813,#5891,.T.);
#3528=EDGE_CURVE('',#4813,#4812,#5892,.T.);
#3529=EDGE_CURVE('',#4792,#4814,#5893,.T.);
#3530=EDGE_CURVE('',#4793,#4815,#5894,.T.);
#3531=EDGE_CURVE('',#4815,#4814,#5895,.T.);
#3532=EDGE_CURVE('',#4794,#4816,#5896,.T.);
#3533=EDGE_CURVE('',#4817,#4795,#5897,.T.);
#3534=EDGE_CURVE('',#4817,#4816,#5898,.T.);
#3535=EDGE_CURVE('',#4796,#4818,#5899,.T.);
#3536=EDGE_CURVE('',#4819,#4797,#5900,.T.);
#3537=EDGE_CURVE('',#4819,#4818,#5901,.T.);
#3538=EDGE_CURVE('',#4798,#4820,#5902,.T.);
#3539=EDGE_CURVE('',#4821,#4799,#5903,.T.);
#3540=EDGE_CURVE('',#4821,#4820,#5904,.T.);
#3541=EDGE_CURVE('',#4800,#4822,#5905,.T.);
#3542=EDGE_CURVE('',#4823,#4801,#5906,.T.);
#3543=EDGE_CURVE('',#4823,#4822,#5907,.T.);
#3544=EDGE_CURVE('',#4802,#4824,#5908,.T.);
#3545=EDGE_CURVE('',#4825,#4803,#5909,.T.);
#3546=EDGE_CURVE('',#4825,#4824,#5910,.T.);
#3547=EDGE_CURVE('',#4804,#4826,#5911,.T.);
#3548=EDGE_CURVE('',#4827,#4805,#5912,.T.);
#3549=EDGE_CURVE('',#4827,#4826,#5913,.T.);
#3550=EDGE_CURVE('',#4806,#4828,#5914,.T.);
#3551=EDGE_CURVE('',#4829,#4807,#5915,.T.);
#3552=EDGE_CURVE('',#4829,#4828,#5916,.T.);
#3553=EDGE_CURVE('',#4808,#4830,#5917,.T.);
#3554=EDGE_CURVE('',#4831,#4809,#5918,.T.);
#3555=EDGE_CURVE('',#4831,#4830,#5919,.T.);
#3556=EDGE_CURVE('',#4810,#4832,#5920,.T.);
#3557=EDGE_CURVE('',#4833,#4811,#5921,.T.);
#3558=EDGE_CURVE('',#4833,#4832,#5922,.T.);
#3559=EDGE_CURVE('',#4812,#4834,#5923,.T.);
#3560=EDGE_CURVE('',#4835,#4813,#5924,.T.);
#3561=EDGE_CURVE('',#4835,#4834,#5925,.T.);
#3562=EDGE_CURVE('',#4814,#4836,#5926,.T.);
#3563=EDGE_CURVE('',#4837,#4815,#5927,.T.);
#3564=EDGE_CURVE('',#4837,#4836,#5928,.T.);
#3565=EDGE_CURVE('',#4838,#4817,#5929,.T.);
#3566=EDGE_CURVE('',#4838,#4839,#5930,.T.);
#3567=EDGE_CURVE('',#4816,#4839,#5931,.T.);
#3568=EDGE_CURVE('',#4818,#4840,#5932,.T.);
#3569=EDGE_CURVE('',#4841,#4819,#5933,.T.);
#3570=EDGE_CURVE('',#4841,#4840,#5934,.T.);
#3571=EDGE_CURVE('',#4820,#4842,#5935,.T.);
#3572=EDGE_CURVE('',#4843,#4821,#5936,.T.);
#3573=EDGE_CURVE('',#4843,#4842,#5937,.T.);
#3574=EDGE_CURVE('',#4822,#4844,#5938,.T.);
#3575=EDGE_CURVE('',#4845,#4823,#5939,.T.);
#3576=EDGE_CURVE('',#4845,#4844,#5940,.T.);
#3577=EDGE_CURVE('',#4824,#4846,#5941,.T.);
#3578=EDGE_CURVE('',#4847,#4825,#5942,.T.);
#3579=EDGE_CURVE('',#4847,#4846,#5943,.T.);
#3580=EDGE_CURVE('',#4826,#4848,#5944,.T.);
#3581=EDGE_CURVE('',#4849,#4827,#5945,.T.);
#3582=EDGE_CURVE('',#4849,#4848,#5946,.T.);
#3583=EDGE_CURVE('',#4828,#4850,#5947,.T.);
#3584=EDGE_CURVE('',#4851,#4829,#5948,.T.);
#3585=EDGE_CURVE('',#4851,#4850,#5949,.T.);
#3586=EDGE_CURVE('',#4830,#4852,#5950,.T.);
#3587=EDGE_CURVE('',#4853,#4831,#5951,.T.);
#3588=EDGE_CURVE('',#4853,#4852,#5952,.T.);
#3589=EDGE_CURVE('',#4832,#4854,#5953,.T.);
#3590=EDGE_CURVE('',#4855,#4833,#5954,.T.);
#3591=EDGE_CURVE('',#4855,#4854,#5955,.T.);
#3592=EDGE_CURVE('',#4834,#4856,#5956,.T.);
#3593=EDGE_CURVE('',#4857,#4835,#5957,.T.);
#3594=EDGE_CURVE('',#4857,#4856,#5958,.T.);
#3595=EDGE_CURVE('',#4836,#4858,#5959,.T.);
#3596=EDGE_CURVE('',#4859,#4837,#5960,.T.);
#3597=EDGE_CURVE('',#4859,#4858,#5961,.T.);
#3598=EDGE_CURVE('',#4860,#4861,#5962,.T.);
#3599=EDGE_CURVE('',#4860,#4862,#5963,.T.);
#3600=EDGE_CURVE('',#4863,#4862,#5964,.T.);
#3601=EDGE_CURVE('',#4861,#4863,#5965,.T.);
#3602=EDGE_CURVE('',#4864,#4865,#5966,.T.);
#3603=EDGE_CURVE('',#4866,#4864,#5967,.T.);
#3604=EDGE_CURVE('',#4867,#4866,#5968,.T.);
#3605=EDGE_CURVE('',#4867,#4865,#5969,.T.);
#3606=EDGE_CURVE('',#4868,#4869,#5970,.T.);
#3607=EDGE_CURVE('',#4870,#4868,#5971,.T.);
#3608=EDGE_CURVE('',#4871,#4870,#5972,.T.);
#3609=EDGE_CURVE('',#4871,#4869,#5973,.T.);
#3610=EDGE_CURVE('',#4872,#4873,#5974,.T.);
#3611=EDGE_CURVE('',#4874,#4872,#5975,.T.);
#3612=EDGE_CURVE('',#4875,#4874,#5976,.T.);
#3613=EDGE_CURVE('',#4875,#4873,#5977,.T.);
#3614=EDGE_CURVE('',#4876,#4877,#5978,.T.);
#3615=EDGE_CURVE('',#4878,#4876,#5979,.T.);
#3616=EDGE_CURVE('',#4879,#4878,#5980,.T.);
#3617=EDGE_CURVE('',#4879,#4877,#5981,.T.);
#3618=EDGE_CURVE('',#4880,#4881,#5982,.T.);
#3619=EDGE_CURVE('',#4882,#4880,#5983,.T.);
#3620=EDGE_CURVE('',#4883,#4882,#5984,.T.);
#3621=EDGE_CURVE('',#4883,#4881,#5985,.T.);
#3622=EDGE_CURVE('',#4884,#4885,#5986,.T.);
#3623=EDGE_CURVE('',#4886,#4884,#5987,.T.);
#3624=EDGE_CURVE('',#4887,#4886,#5988,.T.);
#3625=EDGE_CURVE('',#4887,#4885,#5989,.T.);
#3626=EDGE_CURVE('',#4888,#4889,#5990,.T.);
#3627=EDGE_CURVE('',#4890,#4888,#5991,.T.);
#3628=EDGE_CURVE('',#4891,#4890,#5992,.T.);
#3629=EDGE_CURVE('',#4891,#4889,#5993,.T.);
#3630=EDGE_CURVE('',#4892,#4893,#5994,.T.);
#3631=EDGE_CURVE('',#4894,#4892,#5995,.T.);
#3632=EDGE_CURVE('',#4895,#4894,#5996,.T.);
#3633=EDGE_CURVE('',#4895,#4893,#5997,.T.);
#3634=EDGE_CURVE('',#4896,#4897,#5998,.T.);
#3635=EDGE_CURVE('',#4898,#4896,#5999,.T.);
#3636=EDGE_CURVE('',#4899,#4898,#6000,.T.);
#3637=EDGE_CURVE('',#4899,#4897,#6001,.T.);
#3638=EDGE_CURVE('',#4900,#4901,#6002,.T.);
#3639=EDGE_CURVE('',#4902,#4900,#6003,.T.);
#3640=EDGE_CURVE('',#4903,#4902,#6004,.T.);
#3641=EDGE_CURVE('',#4903,#4901,#6005,.T.);
#3642=EDGE_CURVE('',#4862,#4904,#6006,.T.);
#3643=EDGE_CURVE('',#4905,#4860,#6007,.T.);
#3644=EDGE_CURVE('',#4905,#4904,#6008,.T.);
#3645=EDGE_CURVE('',#4865,#4906,#6009,.T.);
#3646=EDGE_CURVE('',#4907,#4867,#6010,.T.);
#3647=EDGE_CURVE('',#4907,#4906,#6011,.T.);
#3648=EDGE_CURVE('',#4869,#4908,#6012,.T.);
#3649=EDGE_CURVE('',#4909,#4871,#6013,.T.);
#3650=EDGE_CURVE('',#4909,#4908,#6014,.T.);
#3651=EDGE_CURVE('',#4873,#4910,#6015,.T.);
#3652=EDGE_CURVE('',#4911,#4875,#6016,.T.);
#3653=EDGE_CURVE('',#4911,#4910,#6017,.T.);
#3654=EDGE_CURVE('',#4877,#4912,#6018,.T.);
#3655=EDGE_CURVE('',#4913,#4879,#6019,.T.);
#3656=EDGE_CURVE('',#4913,#4912,#6020,.T.);
#3657=EDGE_CURVE('',#4881,#4914,#6021,.T.);
#3658=EDGE_CURVE('',#4915,#4883,#6022,.T.);
#3659=EDGE_CURVE('',#4915,#4914,#6023,.T.);
#3660=EDGE_CURVE('',#4885,#4916,#6024,.T.);
#3661=EDGE_CURVE('',#4917,#4887,#6025,.T.);
#3662=EDGE_CURVE('',#4917,#4916,#6026,.T.);
#3663=EDGE_CURVE('',#4889,#4918,#6027,.T.);
#3664=EDGE_CURVE('',#4919,#4891,#6028,.T.);
#3665=EDGE_CURVE('',#4919,#4918,#6029,.T.);
#3666=EDGE_CURVE('',#4893,#4920,#6030,.T.);
#3667=EDGE_CURVE('',#4921,#4895,#6031,.T.);
#3668=EDGE_CURVE('',#4921,#4920,#6032,.T.);
#3669=EDGE_CURVE('',#4897,#4922,#6033,.T.);
#3670=EDGE_CURVE('',#4923,#4899,#6034,.T.);
#3671=EDGE_CURVE('',#4923,#4922,#6035,.T.);
#3672=EDGE_CURVE('',#4901,#4924,#6036,.T.);
#3673=EDGE_CURVE('',#4925,#4903,#6037,.T.);
#3674=EDGE_CURVE('',#4925,#4924,#6038,.T.);
#3675=EDGE_CURVE('',#4904,#4926,#6039,.T.);
#3676=EDGE_CURVE('',#4905,#4927,#6040,.T.);
#3677=EDGE_CURVE('',#4927,#4926,#6041,.T.);
#3678=EDGE_CURVE('',#4906,#4928,#6042,.T.);
#3679=EDGE_CURVE('',#4907,#4929,#6043,.T.);
#3680=EDGE_CURVE('',#4929,#4928,#6044,.T.);
#3681=EDGE_CURVE('',#4908,#4930,#6045,.T.);
#3682=EDGE_CURVE('',#4909,#4931,#6046,.T.);
#3683=EDGE_CURVE('',#4931,#4930,#6047,.T.);
#3684=EDGE_CURVE('',#4910,#4932,#6048,.T.);
#3685=EDGE_CURVE('',#4911,#4933,#6049,.T.);
#3686=EDGE_CURVE('',#4933,#4932,#6050,.T.);
#3687=EDGE_CURVE('',#4912,#4934,#6051,.T.);
#3688=EDGE_CURVE('',#4913,#4935,#6052,.T.);
#3689=EDGE_CURVE('',#4935,#4934,#6053,.T.);
#3690=EDGE_CURVE('',#4914,#4936,#6054,.T.);
#3691=EDGE_CURVE('',#4915,#4937,#6055,.T.);
#3692=EDGE_CURVE('',#4937,#4936,#6056,.T.);
#3693=EDGE_CURVE('',#4916,#4938,#6057,.T.);
#3694=EDGE_CURVE('',#4917,#4939,#6058,.T.);
#3695=EDGE_CURVE('',#4939,#4938,#6059,.T.);
#3696=EDGE_CURVE('',#4918,#4940,#6060,.T.);
#3697=EDGE_CURVE('',#4919,#4941,#6061,.T.);
#3698=EDGE_CURVE('',#4941,#4940,#6062,.T.);
#3699=EDGE_CURVE('',#4920,#4942,#6063,.T.);
#3700=EDGE_CURVE('',#4921,#4943,#6064,.T.);
#3701=EDGE_CURVE('',#4943,#4942,#6065,.T.);
#3702=EDGE_CURVE('',#4922,#4944,#6066,.T.);
#3703=EDGE_CURVE('',#4923,#4945,#6067,.T.);
#3704=EDGE_CURVE('',#4945,#4944,#6068,.T.);
#3705=EDGE_CURVE('',#4924,#4946,#6069,.T.);
#3706=EDGE_CURVE('',#4925,#4947,#6070,.T.);
#3707=EDGE_CURVE('',#4947,#4946,#6071,.T.);
#3708=EDGE_CURVE('',#4926,#4687,#6072,.T.);
#3709=EDGE_CURVE('',#4685,#4927,#6073,.T.);
#3710=EDGE_CURVE('',#4928,#4688,#6074,.T.);
#3711=EDGE_CURVE('',#4690,#4929,#6075,.T.);
#3712=EDGE_CURVE('',#4930,#4692,#6076,.T.);
#3713=EDGE_CURVE('',#4694,#4931,#6077,.T.);
#3714=EDGE_CURVE('',#4932,#4696,#6078,.T.);
#3715=EDGE_CURVE('',#4698,#4933,#6079,.T.);
#3716=EDGE_CURVE('',#4934,#4700,#6080,.T.);
#3717=EDGE_CURVE('',#4702,#4935,#6081,.T.);
#3718=EDGE_CURVE('',#4936,#4704,#6082,.T.);
#3719=EDGE_CURVE('',#4706,#4937,#6083,.T.);
#3720=EDGE_CURVE('',#4938,#4708,#6084,.T.);
#3721=EDGE_CURVE('',#4710,#4939,#6085,.T.);
#3722=EDGE_CURVE('',#4940,#4712,#6086,.T.);
#3723=EDGE_CURVE('',#4714,#4941,#6087,.T.);
#3724=EDGE_CURVE('',#4942,#4716,#6088,.T.);
#3725=EDGE_CURVE('',#4718,#4943,#6089,.T.);
#3726=EDGE_CURVE('',#4944,#4720,#6090,.T.);
#3727=EDGE_CURVE('',#4722,#4945,#6091,.T.);
#3728=EDGE_CURVE('',#4946,#4724,#6092,.T.);
#3729=EDGE_CURVE('',#4726,#4947,#6093,.T.);
#3730=EDGE_CURVE('',#4948,#4949,#6094,.T.);
#3731=EDGE_CURVE('',#4950,#4948,#6095,.T.);
#3732=EDGE_CURVE('',#4950,#4951,#6096,.T.);
#3733=EDGE_CURVE('',#4951,#4949,#6097,.T.);
#3734=EDGE_CURVE('',#4952,#4684,#6098,.T.);
#3735=EDGE_CURVE('',#4953,#4952,#6099,.T.);
#3736=EDGE_CURVE('',#4689,#4953,#6100,.T.);
#3737=EDGE_CURVE('',#4954,#4691,#6101,.T.);
#3738=EDGE_CURVE('',#4955,#4954,#6102,.T.);
#3739=EDGE_CURVE('',#4693,#4955,#6103,.T.);
#3740=EDGE_CURVE('',#4956,#4695,#6104,.T.);
#3741=EDGE_CURVE('',#4957,#4956,#6105,.T.);
#3742=EDGE_CURVE('',#4697,#4957,#6106,.T.);
#3743=EDGE_CURVE('',#4958,#4699,#6107,.T.);
#3744=EDGE_CURVE('',#4959,#4958,#6108,.T.);
#3745=EDGE_CURVE('',#4701,#4959,#6109,.T.);
#3746=EDGE_CURVE('',#4960,#4703,#6110,.T.);
#3747=EDGE_CURVE('',#4961,#4960,#6111,.T.);
#3748=EDGE_CURVE('',#4705,#4961,#6112,.T.);
#3749=EDGE_CURVE('',#4962,#4707,#6113,.T.);
#3750=EDGE_CURVE('',#4963,#4962,#6114,.T.);
#3751=EDGE_CURVE('',#4709,#4963,#6115,.T.);
#3752=EDGE_CURVE('',#4964,#4711,#6116,.T.);
#3753=EDGE_CURVE('',#4965,#4964,#6117,.T.);
#3754=EDGE_CURVE('',#4713,#4965,#6118,.T.);
#3755=EDGE_CURVE('',#4966,#4715,#6119,.T.);
#3756=EDGE_CURVE('',#4967,#4966,#6120,.T.);
#3757=EDGE_CURVE('',#4717,#4967,#6121,.T.);
#3758=EDGE_CURVE('',#4968,#4719,#6122,.T.);
#3759=EDGE_CURVE('',#4969,#4968,#6123,.T.);
#3760=EDGE_CURVE('',#4721,#4969,#6124,.T.);
#3761=EDGE_CURVE('',#4970,#4723,#6125,.T.);
#3762=EDGE_CURVE('',#4971,#4970,#6126,.T.);
#3763=EDGE_CURVE('',#4725,#4971,#6127,.T.);
#3764=EDGE_CURVE('',#4972,#4727,#6128,.T.);
#3765=EDGE_CURVE('',#4973,#4972,#6129,.T.);
#3766=EDGE_CURVE('',#4949,#4973,#6130,.T.);
#3767=EDGE_CURVE('',#4951,#4974,#6131,.T.);
#3768=EDGE_CURVE('',#4974,#4975,#6132,.T.);
#3769=EDGE_CURVE('',#4686,#4975,#6133,.T.);
#3770=EDGE_CURVE('',#4729,#4976,#6134,.T.);
#3771=EDGE_CURVE('',#4975,#4731,#6135,.T.);
#3772=EDGE_CURVE('',#4974,#4977,#6136,.T.);
#3773=EDGE_CURVE('',#4977,#4978,#6137,.T.);
#3774=EDGE_CURVE('',#4979,#4978,#6138,.T.);
#3775=EDGE_CURVE('',#4980,#4979,#6139,.T.);
#3776=EDGE_CURVE('',#4770,#4980,#6140,.T.);
#3777=EDGE_CURVE('',#4981,#4768,#6141,.T.);
#3778=EDGE_CURVE('',#4982,#4981,#6142,.T.);
#3779=EDGE_CURVE('',#4766,#4982,#6143,.T.);
#3780=EDGE_CURVE('',#4983,#4764,#6144,.T.);
#3781=EDGE_CURVE('',#4984,#4983,#6145,.T.);
#3782=EDGE_CURVE('',#4762,#4984,#6146,.T.);
#3783=EDGE_CURVE('',#4985,#4760,#6147,.T.);
#3784=EDGE_CURVE('',#4986,#4985,#6148,.T.);
#3785=EDGE_CURVE('',#4758,#4986,#6149,.T.);
#3786=EDGE_CURVE('',#4987,#4756,#6150,.T.);
#3787=EDGE_CURVE('',#4988,#4987,#6151,.T.);
#3788=EDGE_CURVE('',#4754,#4988,#6152,.T.);
#3789=EDGE_CURVE('',#4989,#4752,#6153,.T.);
#3790=EDGE_CURVE('',#4990,#4989,#6154,.T.);
#3791=EDGE_CURVE('',#4750,#4990,#6155,.T.);
#3792=EDGE_CURVE('',#4991,#4748,#6156,.T.);
#3793=EDGE_CURVE('',#4992,#4991,#6157,.T.);
#3794=EDGE_CURVE('',#4746,#4992,#6158,.T.);
#3795=EDGE_CURVE('',#4993,#4744,#6159,.T.);
#3796=EDGE_CURVE('',#4994,#4993,#6160,.T.);
#3797=EDGE_CURVE('',#4742,#4994,#6161,.T.);
#3798=EDGE_CURVE('',#4995,#4740,#6162,.T.);
#3799=EDGE_CURVE('',#4996,#4995,#6163,.T.);
#3800=EDGE_CURVE('',#4738,#4996,#6164,.T.);
#3801=EDGE_CURVE('',#4997,#4736,#6165,.T.);
#3802=EDGE_CURVE('',#4998,#4997,#6166,.T.);
#3803=EDGE_CURVE('',#4734,#4998,#6167,.T.);
#3804=EDGE_CURVE('',#4999,#4732,#6168,.T.);
#3805=EDGE_CURVE('',#4976,#4999,#6169,.T.);
#3806=EDGE_CURVE('',#4978,#5000,#6170,.T.);
#3807=EDGE_CURVE('',#4977,#5001,#6171,.T.);
#3808=EDGE_CURVE('',#5001,#5000,#6172,.T.);
#3809=EDGE_CURVE('',#5000,#5002,#6173,.T.);
#3810=EDGE_CURVE('',#5003,#5001,#6174,.T.);
#3811=EDGE_CURVE('',#5003,#5002,#6175,.T.);
#3812=EDGE_CURVE('',#5002,#5004,#6176,.T.);
#3813=EDGE_CURVE('',#5003,#5005,#6177,.T.);
#3814=EDGE_CURVE('',#5005,#5004,#6178,.T.);
#3815=EDGE_CURVE('',#5004,#5006,#6179,.T.);
#3816=EDGE_CURVE('',#5007,#5005,#6180,.T.);
#3817=EDGE_CURVE('',#5007,#5006,#6181,.T.);
#3818=EDGE_CURVE('',#5006,#5008,#6182,.T.);
#3819=EDGE_CURVE('',#5007,#5009,#6183,.T.);
#3820=EDGE_CURVE('',#5009,#5008,#6184,.T.);
#3821=EDGE_CURVE('',#5010,#5011,#6185,.T.);
#3822=EDGE_CURVE('',#5011,#4973,#6186,.T.);
#3823=EDGE_CURVE('',#4902,#4972,#6187,.T.);
#3824=EDGE_CURVE('',#4900,#4971,#6188,.T.);
#3825=EDGE_CURVE('',#4898,#4970,#6189,.T.);
#3826=EDGE_CURVE('',#4896,#4969,#6190,.T.);
#3827=EDGE_CURVE('',#4894,#4968,#6191,.T.);
#3828=EDGE_CURVE('',#4892,#4967,#6192,.T.);
#3829=EDGE_CURVE('',#4890,#4966,#6193,.T.);
#3830=EDGE_CURVE('',#4888,#4965,#6194,.T.);
#3831=EDGE_CURVE('',#4886,#4964,#6195,.T.);
#3832=EDGE_CURVE('',#4884,#4963,#6196,.T.);
#3833=EDGE_CURVE('',#4882,#4962,#6197,.T.);
#3834=EDGE_CURVE('',#4880,#4961,#6198,.T.);
#3835=EDGE_CURVE('',#4878,#4960,#6199,.T.);
#3836=EDGE_CURVE('',#4876,#4959,#6200,.T.);
#3837=EDGE_CURVE('',#4874,#4958,#6201,.T.);
#3838=EDGE_CURVE('',#4872,#4957,#6202,.T.);
#3839=EDGE_CURVE('',#4870,#4956,#6203,.T.);
#3840=EDGE_CURVE('',#4868,#4955,#6204,.T.);
#3841=EDGE_CURVE('',#4866,#4954,#6205,.T.);
#3842=EDGE_CURVE('',#4864,#4953,#6206,.T.);
#3843=EDGE_CURVE('',#4861,#4952,#6207,.T.);
#3844=EDGE_CURVE('',#4839,#4863,#6208,.T.);
#3845=EDGE_CURVE('',#4976,#4838,#6209,.T.);
#3846=EDGE_CURVE('',#4999,#4840,#6210,.T.);
#3847=EDGE_CURVE('',#4998,#4841,#6211,.T.);
#3848=EDGE_CURVE('',#4997,#4842,#6212,.T.);
#3849=EDGE_CURVE('',#4996,#4843,#6213,.T.);
#3850=EDGE_CURVE('',#4995,#4844,#6214,.T.);
#3851=EDGE_CURVE('',#4994,#4845,#6215,.T.);
#3852=EDGE_CURVE('',#4993,#4846,#6216,.T.);
#3853=EDGE_CURVE('',#4992,#4847,#6217,.T.);
#3854=EDGE_CURVE('',#4991,#4848,#6218,.T.);
#3855=EDGE_CURVE('',#4990,#4849,#6219,.T.);
#3856=EDGE_CURVE('',#4989,#4850,#6220,.T.);
#3857=EDGE_CURVE('',#4988,#4851,#6221,.T.);
#3858=EDGE_CURVE('',#4987,#4852,#6222,.T.);
#3859=EDGE_CURVE('',#4986,#4853,#6223,.T.);
#3860=EDGE_CURVE('',#4985,#4854,#6224,.T.);
#3861=EDGE_CURVE('',#4984,#4855,#6225,.T.);
#3862=EDGE_CURVE('',#4983,#4856,#6226,.T.);
#3863=EDGE_CURVE('',#4982,#4857,#6227,.T.);
#3864=EDGE_CURVE('',#4981,#4858,#6228,.T.);
#3865=EDGE_CURVE('',#4980,#4859,#6229,.T.);
#3866=EDGE_CURVE('',#4979,#5008,#6230,.T.);
#3867=EDGE_CURVE('',#5009,#5010,#6231,.T.);
#3868=EDGE_CURVE('',#5011,#5012,#6232,.T.);
#3869=EDGE_CURVE('',#5010,#5013,#6233,.T.);
#3870=EDGE_CURVE('',#5013,#5012,#6234,.T.);
#3871=EDGE_CURVE('',#5012,#5014,#6235,.T.);
#3872=EDGE_CURVE('',#5015,#5013,#6236,.T.);
#3873=EDGE_CURVE('',#5015,#5014,#6237,.T.);
#3874=EDGE_CURVE('',#5014,#5016,#6238,.T.);
#3875=EDGE_CURVE('',#5015,#5017,#6239,.T.);
#3876=EDGE_CURVE('',#5017,#5016,#6240,.T.);
#3877=EDGE_CURVE('',#5016,#4948,#6241,.T.);
#3878=EDGE_CURVE('',#4950,#5017,#6242,.T.);
#3879=EDGE_CURVE('',#5001,#5007,#6243,.T.);
#3880=EDGE_CURVE('',#5013,#4950,#6244,.T.);
#3881=EDGE_CURVE('',#4730,#4816,#6245,.T.);
#3882=EDGE_CURVE('',#4862,#4687,#6246,.T.);
#3883=EDGE_CURVE('',#4903,#4726,#6247,.T.);
#3884=EDGE_CURVE('',#5012,#4948,#6248,.T.);
#3885=EDGE_CURVE('',#4899,#4722,#6249,.T.);
#3886=EDGE_CURVE('',#4901,#4724,#6250,.T.);
#3887=EDGE_CURVE('',#4895,#4718,#6251,.T.);
#3888=EDGE_CURVE('',#4897,#4720,#6252,.T.);
#3889=EDGE_CURVE('',#4891,#4714,#6253,.T.);
#3890=EDGE_CURVE('',#4893,#4716,#6254,.T.);
#3891=EDGE_CURVE('',#4887,#4710,#6255,.T.);
#3892=EDGE_CURVE('',#4889,#4712,#6256,.T.);
#3893=EDGE_CURVE('',#4883,#4706,#6257,.T.);
#3894=EDGE_CURVE('',#4885,#4708,#6258,.T.);
#3895=EDGE_CURVE('',#4879,#4702,#6259,.T.);
#3896=EDGE_CURVE('',#4881,#4704,#6260,.T.);
#3897=EDGE_CURVE('',#4875,#4698,#6261,.T.);
#3898=EDGE_CURVE('',#4877,#4700,#6262,.T.);
#3899=EDGE_CURVE('',#4871,#4694,#6263,.T.);
#3900=EDGE_CURVE('',#4873,#4696,#6264,.T.);
#3901=EDGE_CURVE('',#4867,#4690,#6265,.T.);
#3902=EDGE_CURVE('',#4869,#4692,#6266,.T.);
#3903=EDGE_CURVE('',#4860,#4685,#6267,.T.);
#3904=EDGE_CURVE('',#4865,#4688,#6268,.T.);
#3905=EDGE_CURVE('',#5000,#5006,#6269,.T.);
#3906=EDGE_CURVE('',#4771,#4837,#6270,.T.);
#3907=EDGE_CURVE('',#4769,#4836,#6271,.T.);
#3908=EDGE_CURVE('',#4767,#4835,#6272,.T.);
#3909=EDGE_CURVE('',#4765,#4834,#6273,.T.);
#3910=EDGE_CURVE('',#4763,#4833,#6274,.T.);
#3911=EDGE_CURVE('',#4761,#4832,#6275,.T.);
#3912=EDGE_CURVE('',#4759,#4831,#6276,.T.);
#3913=EDGE_CURVE('',#4757,#4830,#6277,.T.);
#3914=EDGE_CURVE('',#4755,#4829,#6278,.T.);
#3915=EDGE_CURVE('',#4753,#4828,#6279,.T.);
#3916=EDGE_CURVE('',#4751,#4827,#6280,.T.);
#3917=EDGE_CURVE('',#4749,#4826,#6281,.T.);
#3918=EDGE_CURVE('',#4747,#4825,#6282,.T.);
#3919=EDGE_CURVE('',#4745,#4824,#6283,.T.);
#3920=EDGE_CURVE('',#4743,#4823,#6284,.T.);
#3921=EDGE_CURVE('',#4741,#4822,#6285,.T.);
#3922=EDGE_CURVE('',#4739,#4821,#6286,.T.);
#3923=EDGE_CURVE('',#4737,#4820,#6287,.T.);
#3924=EDGE_CURVE('',#4735,#4819,#6288,.T.);
#3925=EDGE_CURVE('',#4728,#4817,#6289,.T.);
#3926=EDGE_CURVE('',#4733,#4818,#6290,.T.);
#3927=EDGE_CURVE('',#5018,#5019,#6291,.T.);
#3928=EDGE_CURVE('',#5020,#5018,#6292,.T.);
#3929=EDGE_CURVE('',#5020,#5021,#6293,.T.);
#3930=EDGE_CURVE('',#5021,#5019,#6294,.T.);
#3931=EDGE_CURVE('',#5022,#5023,#6295,.T.);
#3932=EDGE_CURVE('',#5022,#5024,#6296,.T.);
#3933=EDGE_CURVE('',#5025,#5024,#6297,.T.);
#3934=EDGE_CURVE('',#5023,#5025,#6298,.T.);
#3935=EDGE_CURVE('',#5026,#5027,#6299,.T.);
#3936=EDGE_CURVE('',#5026,#5028,#6300,.T.);
#3937=EDGE_CURVE('',#5029,#5028,#6301,.T.);
#3938=EDGE_CURVE('',#5027,#5029,#6302,.T.);
#3939=EDGE_CURVE('',#5030,#5031,#6303,.T.);
#3940=EDGE_CURVE('',#5030,#5032,#6304,.T.);
#3941=EDGE_CURVE('',#5033,#5032,#6305,.T.);
#3942=EDGE_CURVE('',#5031,#5033,#6306,.T.);
#3943=EDGE_CURVE('',#5034,#5035,#6307,.T.);
#3944=EDGE_CURVE('',#5034,#5036,#6308,.T.);
#3945=EDGE_CURVE('',#5037,#5036,#6309,.T.);
#3946=EDGE_CURVE('',#5035,#5037,#6310,.T.);
#3947=EDGE_CURVE('',#5038,#5039,#6311,.T.);
#3948=EDGE_CURVE('',#5038,#5040,#6312,.T.);
#3949=EDGE_CURVE('',#5041,#5040,#6313,.T.);
#3950=EDGE_CURVE('',#5039,#5041,#6314,.T.);
#3951=EDGE_CURVE('',#5042,#5043,#6315,.T.);
#3952=EDGE_CURVE('',#5042,#5044,#6316,.T.);
#3953=EDGE_CURVE('',#5045,#5044,#6317,.T.);
#3954=EDGE_CURVE('',#5043,#5045,#6318,.T.);
#3955=EDGE_CURVE('',#5046,#5047,#6319,.T.);
#3956=EDGE_CURVE('',#5046,#5048,#6320,.T.);
#3957=EDGE_CURVE('',#5049,#5048,#6321,.T.);
#3958=EDGE_CURVE('',#5047,#5049,#6322,.T.);
#3959=EDGE_CURVE('',#5050,#5051,#6323,.T.);
#3960=EDGE_CURVE('',#5050,#5052,#6324,.T.);
#3961=EDGE_CURVE('',#5053,#5052,#6325,.T.);
#3962=EDGE_CURVE('',#5051,#5053,#6326,.T.);
#3963=EDGE_CURVE('',#5054,#5055,#6327,.T.);
#3964=EDGE_CURVE('',#5054,#5056,#6328,.T.);
#3965=EDGE_CURVE('',#5057,#5056,#6329,.T.);
#3966=EDGE_CURVE('',#5055,#5057,#6330,.T.);
#3967=EDGE_CURVE('',#5058,#5059,#6331,.T.);
#3968=EDGE_CURVE('',#5058,#5060,#6332,.T.);
#3969=EDGE_CURVE('',#5061,#5060,#6333,.T.);
#3970=EDGE_CURVE('',#5059,#5061,#6334,.T.);
#3971=EDGE_CURVE('',#5019,#5062,#6335,.T.);
#3972=EDGE_CURVE('',#5021,#5063,#6336,.T.);
#3973=EDGE_CURVE('',#5063,#5062,#6337,.T.);
#3974=EDGE_CURVE('',#5064,#5022,#6338,.T.);
#3975=EDGE_CURVE('',#5064,#5065,#6339,.T.);
#3976=EDGE_CURVE('',#5024,#5065,#6340,.T.);
#3977=EDGE_CURVE('',#5066,#5026,#6341,.T.);
#3978=EDGE_CURVE('',#5066,#5067,#6342,.T.);
#3979=EDGE_CURVE('',#5028,#5067,#6343,.T.);
#3980=EDGE_CURVE('',#5068,#5030,#6344,.T.);
#3981=EDGE_CURVE('',#5068,#5069,#6345,.T.);
#3982=EDGE_CURVE('',#5032,#5069,#6346,.T.);
#3983=EDGE_CURVE('',#5070,#5034,#6347,.T.);
#3984=EDGE_CURVE('',#5070,#5071,#6348,.T.);
#3985=EDGE_CURVE('',#5036,#5071,#6349,.T.);
#3986=EDGE_CURVE('',#5072,#5038,#6350,.T.);
#3987=EDGE_CURVE('',#5072,#5073,#6351,.T.);
#3988=EDGE_CURVE('',#5040,#5073,#6352,.T.);
#3989=EDGE_CURVE('',#5074,#5042,#6353,.T.);
#3990=EDGE_CURVE('',#5074,#5075,#6354,.T.);
#3991=EDGE_CURVE('',#5044,#5075,#6355,.T.);
#3992=EDGE_CURVE('',#5076,#5046,#6356,.T.);
#3993=EDGE_CURVE('',#5076,#5077,#6357,.T.);
#3994=EDGE_CURVE('',#5048,#5077,#6358,.T.);
#3995=EDGE_CURVE('',#5078,#5050,#6359,.T.);
#3996=EDGE_CURVE('',#5078,#5079,#6360,.T.);
#3997=EDGE_CURVE('',#5052,#5079,#6361,.T.);
#3998=EDGE_CURVE('',#5080,#5054,#6362,.T.);
#3999=EDGE_CURVE('',#5080,#5081,#6363,.T.);
#4000=EDGE_CURVE('',#5056,#5081,#6364,.T.);
#4001=EDGE_CURVE('',#5082,#5058,#6365,.T.);
#4002=EDGE_CURVE('',#5082,#5083,#6366,.T.);
#4003=EDGE_CURVE('',#5060,#5083,#6367,.T.);
#4004=EDGE_CURVE('',#5062,#5084,#6368,.T.);
#4005=EDGE_CURVE('',#5063,#5085,#6369,.T.);
#4006=EDGE_CURVE('',#5085,#5084,#6370,.T.);
#4007=EDGE_CURVE('',#5086,#5064,#6371,.T.);
#4008=EDGE_CURVE('',#5086,#5087,#6372,.T.);
#4009=EDGE_CURVE('',#5065,#5087,#6373,.T.);
#4010=EDGE_CURVE('',#5088,#5066,#6374,.T.);
#4011=EDGE_CURVE('',#5088,#5089,#6375,.T.);
#4012=EDGE_CURVE('',#5067,#5089,#6376,.T.);
#4013=EDGE_CURVE('',#5090,#5068,#6377,.T.);
#4014=EDGE_CURVE('',#5090,#5091,#6378,.T.);
#4015=EDGE_CURVE('',#5069,#5091,#6379,.T.);
#4016=EDGE_CURVE('',#5092,#5070,#6380,.T.);
#4017=EDGE_CURVE('',#5092,#5093,#6381,.T.);
#4018=EDGE_CURVE('',#5071,#5093,#6382,.T.);
#4019=EDGE_CURVE('',#5094,#5072,#6383,.T.);
#4020=EDGE_CURVE('',#5094,#5095,#6384,.T.);
#4021=EDGE_CURVE('',#5073,#5095,#6385,.T.);
#4022=EDGE_CURVE('',#5096,#5074,#6386,.T.);
#4023=EDGE_CURVE('',#5096,#5097,#6387,.T.);
#4024=EDGE_CURVE('',#5075,#5097,#6388,.T.);
#4025=EDGE_CURVE('',#5098,#5076,#6389,.T.);
#4026=EDGE_CURVE('',#5098,#5099,#6390,.T.);
#4027=EDGE_CURVE('',#5077,#5099,#6391,.T.);
#4028=EDGE_CURVE('',#5100,#5078,#6392,.T.);
#4029=EDGE_CURVE('',#5100,#5101,#6393,.T.);
#4030=EDGE_CURVE('',#5079,#5101,#6394,.T.);
#4031=EDGE_CURVE('',#5102,#5080,#6395,.T.);
#4032=EDGE_CURVE('',#5102,#5103,#6396,.T.);
#4033=EDGE_CURVE('',#5081,#5103,#6397,.T.);
#4034=EDGE_CURVE('',#5104,#5082,#6398,.T.);
#4035=EDGE_CURVE('',#5104,#5105,#6399,.T.);
#4036=EDGE_CURVE('',#5083,#5105,#6400,.T.);
#4037=EDGE_CURVE('',#5084,#5106,#18,.F.);
#4038=EDGE_CURVE('',#5085,#5107,#19,.T.);
#4039=EDGE_CURVE('',#5107,#5106,#6401,.T.);
#4040=EDGE_CURVE('',#5108,#5086,#20,.F.);
#4041=EDGE_CURVE('',#5108,#5109,#6402,.T.);
#4042=EDGE_CURVE('',#5087,#5109,#21,.F.);
#4043=EDGE_CURVE('',#5110,#5088,#22,.F.);
#4044=EDGE_CURVE('',#5110,#5111,#6403,.T.);
#4045=EDGE_CURVE('',#5089,#5111,#23,.F.);
#4046=EDGE_CURVE('',#5112,#5090,#24,.F.);
#4047=EDGE_CURVE('',#5112,#5113,#6404,.T.);
#4048=EDGE_CURVE('',#5091,#5113,#25,.F.);
#4049=EDGE_CURVE('',#5114,#5092,#26,.F.);
#4050=EDGE_CURVE('',#5114,#5115,#6405,.T.);
#4051=EDGE_CURVE('',#5093,#5115,#27,.F.);
#4052=EDGE_CURVE('',#5116,#5094,#28,.F.);
#4053=EDGE_CURVE('',#5116,#5117,#6406,.T.);
#4054=EDGE_CURVE('',#5095,#5117,#29,.F.);
#4055=EDGE_CURVE('',#5118,#5096,#30,.F.);
#4056=EDGE_CURVE('',#5118,#5119,#6407,.T.);
#4057=EDGE_CURVE('',#5097,#5119,#31,.F.);
#4058=EDGE_CURVE('',#5120,#5098,#32,.F.);
#4059=EDGE_CURVE('',#5120,#5121,#6408,.T.);
#4060=EDGE_CURVE('',#5099,#5121,#33,.F.);
#4061=EDGE_CURVE('',#5122,#5100,#34,.F.);
#4062=EDGE_CURVE('',#5122,#5123,#6409,.T.);
#4063=EDGE_CURVE('',#5101,#5123,#35,.F.);
#4064=EDGE_CURVE('',#5124,#5102,#36,.F.);
#4065=EDGE_CURVE('',#5124,#5125,#6410,.T.);
#4066=EDGE_CURVE('',#5103,#5125,#37,.F.);
#4067=EDGE_CURVE('',#5126,#5104,#38,.F.);
#4068=EDGE_CURVE('',#5126,#5127,#6411,.T.);
#4069=EDGE_CURVE('',#5105,#5127,#39,.F.);
#4070=EDGE_CURVE('',#5106,#5128,#6412,.T.);
#4071=EDGE_CURVE('',#5107,#5129,#6413,.T.);
#4072=EDGE_CURVE('',#5129,#5128,#6414,.T.);
#4073=EDGE_CURVE('',#5130,#5108,#6415,.T.);
#4074=EDGE_CURVE('',#5130,#5131,#6416,.T.);
#4075=EDGE_CURVE('',#5109,#5131,#6417,.T.);
#4076=EDGE_CURVE('',#5132,#5110,#6418,.T.);
#4077=EDGE_CURVE('',#5132,#5133,#6419,.T.);
#4078=EDGE_CURVE('',#5111,#5133,#6420,.T.);
#4079=EDGE_CURVE('',#5134,#5112,#6421,.T.);
#4080=EDGE_CURVE('',#5134,#5135,#6422,.T.);
#4081=EDGE_CURVE('',#5113,#5135,#6423,.T.);
#4082=EDGE_CURVE('',#5136,#5114,#6424,.T.);
#4083=EDGE_CURVE('',#5136,#5137,#6425,.T.);
#4084=EDGE_CURVE('',#5115,#5137,#6426,.T.);
#4085=EDGE_CURVE('',#5138,#5116,#6427,.T.);
#4086=EDGE_CURVE('',#5138,#5139,#6428,.T.);
#4087=EDGE_CURVE('',#5117,#5139,#6429,.T.);
#4088=EDGE_CURVE('',#5140,#5118,#6430,.T.);
#4089=EDGE_CURVE('',#5140,#5141,#6431,.T.);
#4090=EDGE_CURVE('',#5119,#5141,#6432,.T.);
#4091=EDGE_CURVE('',#5142,#5120,#6433,.T.);
#4092=EDGE_CURVE('',#5142,#5143,#6434,.T.);
#4093=EDGE_CURVE('',#5121,#5143,#6435,.T.);
#4094=EDGE_CURVE('',#5144,#5122,#6436,.T.);
#4095=EDGE_CURVE('',#5144,#5145,#6437,.T.);
#4096=EDGE_CURVE('',#5123,#5145,#6438,.T.);
#4097=EDGE_CURVE('',#5146,#5124,#6439,.T.);
#4098=EDGE_CURVE('',#5146,#5147,#6440,.T.);
#4099=EDGE_CURVE('',#5125,#5147,#6441,.T.);
#4100=EDGE_CURVE('',#5148,#5126,#6442,.T.);
#4101=EDGE_CURVE('',#5148,#5149,#6443,.T.);
#4102=EDGE_CURVE('',#5127,#5149,#6444,.T.);
#4103=EDGE_CURVE('',#5150,#5151,#6445,.T.);
#4104=EDGE_CURVE('',#5152,#5150,#6446,.T.);
#4105=EDGE_CURVE('',#5152,#5153,#6447,.T.);
#4106=EDGE_CURVE('',#5153,#5151,#6448,.T.);
#4107=EDGE_CURVE('',#5154,#5155,#6449,.T.);
#4108=EDGE_CURVE('',#5154,#5156,#6450,.T.);
#4109=EDGE_CURVE('',#5157,#5156,#6451,.T.);
#4110=EDGE_CURVE('',#5155,#5157,#6452,.T.);
#4111=EDGE_CURVE('',#5158,#5159,#6453,.T.);
#4112=EDGE_CURVE('',#5158,#5160,#6454,.T.);
#4113=EDGE_CURVE('',#5161,#5160,#6455,.T.);
#4114=EDGE_CURVE('',#5159,#5161,#6456,.T.);
#4115=EDGE_CURVE('',#5162,#5163,#6457,.T.);
#4116=EDGE_CURVE('',#5162,#5164,#6458,.T.);
#4117=EDGE_CURVE('',#5165,#5164,#6459,.T.);
#4118=EDGE_CURVE('',#5163,#5165,#6460,.T.);
#4119=EDGE_CURVE('',#5166,#5167,#6461,.T.);
#4120=EDGE_CURVE('',#5166,#5168,#6462,.T.);
#4121=EDGE_CURVE('',#5169,#5168,#6463,.T.);
#4122=EDGE_CURVE('',#5167,#5169,#6464,.T.);
#4123=EDGE_CURVE('',#5170,#5171,#6465,.T.);
#4124=EDGE_CURVE('',#5170,#5172,#6466,.T.);
#4125=EDGE_CURVE('',#5173,#5172,#6467,.T.);
#4126=EDGE_CURVE('',#5171,#5173,#6468,.T.);
#4127=EDGE_CURVE('',#5174,#5175,#6469,.T.);
#4128=EDGE_CURVE('',#5174,#5176,#6470,.T.);
#4129=EDGE_CURVE('',#5177,#5176,#6471,.T.);
#4130=EDGE_CURVE('',#5175,#5177,#6472,.T.);
#4131=EDGE_CURVE('',#5178,#5179,#6473,.T.);
#4132=EDGE_CURVE('',#5178,#5180,#6474,.T.);
#4133=EDGE_CURVE('',#5181,#5180,#6475,.T.);
#4134=EDGE_CURVE('',#5179,#5181,#6476,.T.);
#4135=EDGE_CURVE('',#5182,#5183,#6477,.T.);
#4136=EDGE_CURVE('',#5182,#5184,#6478,.T.);
#4137=EDGE_CURVE('',#5185,#5184,#6479,.T.);
#4138=EDGE_CURVE('',#5183,#5185,#6480,.T.);
#4139=EDGE_CURVE('',#5186,#5187,#6481,.T.);
#4140=EDGE_CURVE('',#5186,#5188,#6482,.T.);
#4141=EDGE_CURVE('',#5189,#5188,#6483,.T.);
#4142=EDGE_CURVE('',#5187,#5189,#6484,.T.);
#4143=EDGE_CURVE('',#5190,#5191,#6485,.T.);
#4144=EDGE_CURVE('',#5190,#5192,#6486,.T.);
#4145=EDGE_CURVE('',#5193,#5192,#6487,.T.);
#4146=EDGE_CURVE('',#5191,#5193,#6488,.T.);
#4147=EDGE_CURVE('',#5151,#5194,#40,.F.);
#4148=EDGE_CURVE('',#5153,#5195,#41,.T.);
#4149=EDGE_CURVE('',#5195,#5194,#6489,.T.);
#4150=EDGE_CURVE('',#5196,#5154,#42,.F.);
#4151=EDGE_CURVE('',#5196,#5197,#6490,.T.);
#4152=EDGE_CURVE('',#5156,#5197,#43,.F.);
#4153=EDGE_CURVE('',#5198,#5158,#44,.F.);
#4154=EDGE_CURVE('',#5198,#5199,#6491,.T.);
#4155=EDGE_CURVE('',#5160,#5199,#45,.F.);
#4156=EDGE_CURVE('',#5200,#5162,#46,.F.);
#4157=EDGE_CURVE('',#5200,#5201,#6492,.T.);
#4158=EDGE_CURVE('',#5164,#5201,#47,.F.);
#4159=EDGE_CURVE('',#5202,#5166,#48,.F.);
#4160=EDGE_CURVE('',#5202,#5203,#6493,.T.);
#4161=EDGE_CURVE('',#5168,#5203,#49,.F.);
#4162=EDGE_CURVE('',#5204,#5170,#50,.F.);
#4163=EDGE_CURVE('',#5204,#5205,#6494,.T.);
#4164=EDGE_CURVE('',#5172,#5205,#51,.F.);
#4165=EDGE_CURVE('',#5206,#5174,#52,.F.);
#4166=EDGE_CURVE('',#5206,#5207,#6495,.T.);
#4167=EDGE_CURVE('',#5176,#5207,#53,.F.);
#4168=EDGE_CURVE('',#5208,#5178,#54,.F.);
#4169=EDGE_CURVE('',#5208,#5209,#6496,.T.);
#4170=EDGE_CURVE('',#5180,#5209,#55,.F.);
#4171=EDGE_CURVE('',#5210,#5182,#56,.F.);
#4172=EDGE_CURVE('',#5210,#5211,#6497,.T.);
#4173=EDGE_CURVE('',#5184,#5211,#57,.F.);
#4174=EDGE_CURVE('',#5212,#5186,#58,.F.);
#4175=EDGE_CURVE('',#5212,#5213,#6498,.T.);
#4176=EDGE_CURVE('',#5188,#5213,#59,.F.);
#4177=EDGE_CURVE('',#5214,#5190,#60,.F.);
#4178=EDGE_CURVE('',#5214,#5215,#6499,.T.);
#4179=EDGE_CURVE('',#5192,#5215,#61,.F.);
#4180=EDGE_CURVE('',#5194,#5216,#6500,.T.);
#4181=EDGE_CURVE('',#5195,#5217,#6501,.T.);
#4182=EDGE_CURVE('',#5217,#5216,#6502,.T.);
#4183=EDGE_CURVE('',#5218,#5196,#6503,.T.);
#4184=EDGE_CURVE('',#5218,#5219,#6504,.T.);
#4185=EDGE_CURVE('',#5197,#5219,#6505,.T.);
#4186=EDGE_CURVE('',#5220,#5198,#6506,.T.);
#4187=EDGE_CURVE('',#5220,#5221,#6507,.T.);
#4188=EDGE_CURVE('',#5199,#5221,#6508,.T.);
#4189=EDGE_CURVE('',#5222,#5200,#6509,.T.);
#4190=EDGE_CURVE('',#5222,#5223,#6510,.T.);
#4191=EDGE_CURVE('',#5201,#5223,#6511,.T.);
#4192=EDGE_CURVE('',#5224,#5202,#6512,.T.);
#4193=EDGE_CURVE('',#5224,#5225,#6513,.T.);
#4194=EDGE_CURVE('',#5203,#5225,#6514,.T.);
#4195=EDGE_CURVE('',#5226,#5204,#6515,.T.);
#4196=EDGE_CURVE('',#5226,#5227,#6516,.T.);
#4197=EDGE_CURVE('',#5205,#5227,#6517,.T.);
#4198=EDGE_CURVE('',#5228,#5206,#6518,.T.);
#4199=EDGE_CURVE('',#5228,#5229,#6519,.T.);
#4200=EDGE_CURVE('',#5207,#5229,#6520,.T.);
#4201=EDGE_CURVE('',#5230,#5208,#6521,.T.);
#4202=EDGE_CURVE('',#5230,#5231,#6522,.T.);
#4203=EDGE_CURVE('',#5209,#5231,#6523,.T.);
#4204=EDGE_CURVE('',#5232,#5210,#6524,.T.);
#4205=EDGE_CURVE('',#5232,#5233,#6525,.T.);
#4206=EDGE_CURVE('',#5211,#5233,#6526,.T.);
#4207=EDGE_CURVE('',#5234,#5212,#6527,.T.);
#4208=EDGE_CURVE('',#5234,#5235,#6528,.T.);
#4209=EDGE_CURVE('',#5213,#5235,#6529,.T.);
#4210=EDGE_CURVE('',#5236,#5214,#6530,.T.);
#4211=EDGE_CURVE('',#5236,#5237,#6531,.T.);
#4212=EDGE_CURVE('',#5215,#5237,#6532,.T.);
#4213=EDGE_CURVE('',#5216,#5238,#6533,.T.);
#4214=EDGE_CURVE('',#5217,#5239,#6534,.T.);
#4215=EDGE_CURVE('',#5239,#5238,#6535,.T.);
#4216=EDGE_CURVE('',#5240,#5218,#6536,.T.);
#4217=EDGE_CURVE('',#5240,#5241,#6537,.T.);
#4218=EDGE_CURVE('',#5219,#5241,#6538,.T.);
#4219=EDGE_CURVE('',#5242,#5220,#6539,.T.);
#4220=EDGE_CURVE('',#5242,#5243,#6540,.T.);
#4221=EDGE_CURVE('',#5221,#5243,#6541,.T.);
#4222=EDGE_CURVE('',#5244,#5222,#6542,.T.);
#4223=EDGE_CURVE('',#5244,#5245,#6543,.T.);
#4224=EDGE_CURVE('',#5223,#5245,#6544,.T.);
#4225=EDGE_CURVE('',#5246,#5224,#6545,.T.);
#4226=EDGE_CURVE('',#5246,#5247,#6546,.T.);
#4227=EDGE_CURVE('',#5225,#5247,#6547,.T.);
#4228=EDGE_CURVE('',#5248,#5226,#6548,.T.);
#4229=EDGE_CURVE('',#5248,#5249,#6549,.T.);
#4230=EDGE_CURVE('',#5227,#5249,#6550,.T.);
#4231=EDGE_CURVE('',#5250,#5228,#6551,.T.);
#4232=EDGE_CURVE('',#5250,#5251,#6552,.T.);
#4233=EDGE_CURVE('',#5229,#5251,#6553,.T.);
#4234=EDGE_CURVE('',#5252,#5230,#6554,.T.);
#4235=EDGE_CURVE('',#5252,#5253,#6555,.T.);
#4236=EDGE_CURVE('',#5231,#5253,#6556,.T.);
#4237=EDGE_CURVE('',#5254,#5232,#6557,.T.);
#4238=EDGE_CURVE('',#5254,#5255,#6558,.T.);
#4239=EDGE_CURVE('',#5233,#5255,#6559,.T.);
#4240=EDGE_CURVE('',#5256,#5234,#6560,.T.);
#4241=EDGE_CURVE('',#5256,#5257,#6561,.T.);
#4242=EDGE_CURVE('',#5235,#5257,#6562,.T.);
#4243=EDGE_CURVE('',#5258,#5236,#6563,.T.);
#4244=EDGE_CURVE('',#5258,#5259,#6564,.T.);
#4245=EDGE_CURVE('',#5237,#5259,#6565,.T.);
#4246=EDGE_CURVE('',#5238,#5260,#6566,.T.);
#4247=EDGE_CURVE('',#5239,#5261,#6567,.T.);
#4248=EDGE_CURVE('',#5261,#5260,#6568,.T.);
#4249=EDGE_CURVE('',#5262,#5240,#6569,.T.);
#4250=EDGE_CURVE('',#5262,#5263,#6570,.T.);
#4251=EDGE_CURVE('',#5241,#5263,#6571,.T.);
#4252=EDGE_CURVE('',#5264,#5242,#6572,.T.);
#4253=EDGE_CURVE('',#5264,#5265,#6573,.T.);
#4254=EDGE_CURVE('',#5243,#5265,#6574,.T.);
#4255=EDGE_CURVE('',#5266,#5244,#6575,.T.);
#4256=EDGE_CURVE('',#5266,#5267,#6576,.T.);
#4257=EDGE_CURVE('',#5245,#5267,#6577,.T.);
#4258=EDGE_CURVE('',#5268,#5246,#6578,.T.);
#4259=EDGE_CURVE('',#5268,#5269,#6579,.T.);
#4260=EDGE_CURVE('',#5247,#5269,#6580,.T.);
#4261=EDGE_CURVE('',#5270,#5248,#6581,.T.);
#4262=EDGE_CURVE('',#5270,#5271,#6582,.T.);
#4263=EDGE_CURVE('',#5249,#5271,#6583,.T.);
#4264=EDGE_CURVE('',#5272,#5250,#6584,.T.);
#4265=EDGE_CURVE('',#5272,#5273,#6585,.T.);
#4266=EDGE_CURVE('',#5251,#5273,#6586,.T.);
#4267=EDGE_CURVE('',#5274,#5252,#6587,.T.);
#4268=EDGE_CURVE('',#5274,#5275,#6588,.T.);
#4269=EDGE_CURVE('',#5253,#5275,#6589,.T.);
#4270=EDGE_CURVE('',#5276,#5254,#6590,.T.);
#4271=EDGE_CURVE('',#5276,#5277,#6591,.T.);
#4272=EDGE_CURVE('',#5255,#5277,#6592,.T.);
#4273=EDGE_CURVE('',#5278,#5256,#6593,.T.);
#4274=EDGE_CURVE('',#5278,#5279,#6594,.T.);
#4275=EDGE_CURVE('',#5257,#5279,#6595,.T.);
#4276=EDGE_CURVE('',#5280,#5258,#6596,.T.);
#4277=EDGE_CURVE('',#5280,#5281,#6597,.T.);
#4278=EDGE_CURVE('',#5259,#5281,#6598,.T.);
#4279=EDGE_CURVE('',#5282,#5283,#6599,.T.);
#4280=EDGE_CURVE('',#5282,#5284,#6600,.T.);
#4281=EDGE_CURVE('',#5285,#5284,#6601,.T.);
#4282=EDGE_CURVE('',#5283,#5285,#6602,.T.);
#4283=EDGE_CURVE('',#5286,#5282,#6603,.T.);
#4284=EDGE_CURVE('',#5286,#5287,#6604,.T.);
#4285=EDGE_CURVE('',#5284,#5287,#6605,.T.);
#4286=EDGE_CURVE('',#5288,#5286,#6606,.T.);
#4287=EDGE_CURVE('',#5288,#5289,#6607,.T.);
#4288=EDGE_CURVE('',#5287,#5289,#6608,.T.);
#4289=EDGE_CURVE('',#5290,#5288,#62,.F.);
#4290=EDGE_CURVE('',#5290,#5291,#6609,.T.);
#4291=EDGE_CURVE('',#5289,#5291,#63,.T.);
#4292=EDGE_CURVE('',#5292,#5290,#6610,.T.);
#4293=EDGE_CURVE('',#5292,#5293,#6611,.T.);
#4294=EDGE_CURVE('',#5291,#5293,#6612,.T.);
#4295=EDGE_CURVE('',#5292,#5294,#6613,.T.);
#4296=EDGE_CURVE('',#5294,#5295,#6614,.T.);
#4297=EDGE_CURVE('',#5149,#5295,#6615,.T.);
#4298=EDGE_CURVE('',#5148,#5296,#6616,.T.);
#4299=EDGE_CURVE('',#5296,#5297,#6617,.T.);
#4300=EDGE_CURVE('',#5147,#5297,#6618,.T.);
#4301=EDGE_CURVE('',#5146,#5298,#6619,.T.);
#4302=EDGE_CURVE('',#5298,#5299,#6620,.T.);
#4303=EDGE_CURVE('',#5145,#5299,#6621,.T.);
#4304=EDGE_CURVE('',#5144,#5300,#6622,.T.);
#4305=EDGE_CURVE('',#5300,#5301,#6623,.T.);
#4306=EDGE_CURVE('',#5143,#5301,#6624,.T.);
#4307=EDGE_CURVE('',#5142,#5302,#6625,.T.);
#4308=EDGE_CURVE('',#5302,#5303,#6626,.T.);
#4309=EDGE_CURVE('',#5141,#5303,#6627,.T.);
#4310=EDGE_CURVE('',#5140,#5304,#6628,.T.);
#4311=EDGE_CURVE('',#5304,#5305,#6629,.T.);
#4312=EDGE_CURVE('',#5139,#5305,#6630,.T.);
#4313=EDGE_CURVE('',#5138,#5306,#6631,.T.);
#4314=EDGE_CURVE('',#5306,#5307,#6632,.T.);
#4315=EDGE_CURVE('',#5137,#5307,#6633,.T.);
#4316=EDGE_CURVE('',#5136,#5308,#6634,.T.);
#4317=EDGE_CURVE('',#5308,#5309,#6635,.T.);
#4318=EDGE_CURVE('',#5135,#5309,#6636,.T.);
#4319=EDGE_CURVE('',#5134,#5310,#6637,.T.);
#4320=EDGE_CURVE('',#5310,#5311,#6638,.T.);
#4321=EDGE_CURVE('',#5133,#5311,#6639,.T.);
#4322=EDGE_CURVE('',#5132,#5312,#6640,.T.);
#4323=EDGE_CURVE('',#5312,#5313,#6641,.T.);
#4324=EDGE_CURVE('',#5131,#5313,#6642,.T.);
#4325=EDGE_CURVE('',#5130,#5314,#6643,.T.);
#4326=EDGE_CURVE('',#5314,#5315,#6644,.T.);
#4327=EDGE_CURVE('',#5128,#5315,#6645,.T.);
#4328=EDGE_CURVE('',#5129,#5152,#6646,.T.);
#4329=EDGE_CURVE('',#5316,#5150,#6647,.T.);
#4330=EDGE_CURVE('',#5316,#5317,#6648,.T.);
#4331=EDGE_CURVE('',#5317,#5155,#6649,.T.);
#4332=EDGE_CURVE('',#5318,#5157,#6650,.T.);
#4333=EDGE_CURVE('',#5318,#5319,#6651,.T.);
#4334=EDGE_CURVE('',#5319,#5159,#6652,.T.);
#4335=EDGE_CURVE('',#5320,#5161,#6653,.T.);
#4336=EDGE_CURVE('',#5320,#5321,#6654,.T.);
#4337=EDGE_CURVE('',#5321,#5163,#6655,.T.);
#4338=EDGE_CURVE('',#5322,#5165,#6656,.T.);
#4339=EDGE_CURVE('',#5322,#5323,#6657,.T.);
#4340=EDGE_CURVE('',#5323,#5167,#6658,.T.);
#4341=EDGE_CURVE('',#5324,#5169,#6659,.T.);
#4342=EDGE_CURVE('',#5324,#5325,#6660,.T.);
#4343=EDGE_CURVE('',#5325,#5171,#6661,.T.);
#4344=EDGE_CURVE('',#5326,#5173,#6662,.T.);
#4345=EDGE_CURVE('',#5326,#5327,#6663,.T.);
#4346=EDGE_CURVE('',#5327,#5175,#6664,.T.);
#4347=EDGE_CURVE('',#5328,#5177,#6665,.T.);
#4348=EDGE_CURVE('',#5328,#5329,#6666,.T.);
#4349=EDGE_CURVE('',#5329,#5179,#6667,.T.);
#4350=EDGE_CURVE('',#5330,#5181,#6668,.T.);
#4351=EDGE_CURVE('',#5330,#5331,#6669,.T.);
#4352=EDGE_CURVE('',#5331,#5183,#6670,.T.);
#4353=EDGE_CURVE('',#5332,#5185,#6671,.T.);
#4354=EDGE_CURVE('',#5332,#5333,#6672,.T.);
#4355=EDGE_CURVE('',#5333,#5187,#6673,.T.);
#4356=EDGE_CURVE('',#5334,#5189,#6674,.T.);
#4357=EDGE_CURVE('',#5334,#5335,#6675,.T.);
#4358=EDGE_CURVE('',#5335,#5191,#6676,.T.);
#4359=EDGE_CURVE('',#5336,#5193,#6677,.T.);
#4360=EDGE_CURVE('',#5336,#5337,#6678,.T.);
#4361=EDGE_CURVE('',#5337,#5338,#6679,.T.);
#4362=EDGE_CURVE('',#5338,#5339,#6680,.T.);
#4363=EDGE_CURVE('',#5293,#5339,#6681,.T.);
#4364=EDGE_CURVE('',#5340,#5338,#6682,.T.);
#4365=EDGE_CURVE('',#5340,#5341,#6683,.T.);
#4366=EDGE_CURVE('',#5339,#5341,#6684,.T.);
#4367=EDGE_CURVE('',#5342,#5340,#64,.F.);
#4368=EDGE_CURVE('',#5342,#5343,#6685,.T.);
#4369=EDGE_CURVE('',#5341,#5343,#65,.T.);
#4370=EDGE_CURVE('',#5344,#5342,#6686,.T.);
#4371=EDGE_CURVE('',#5344,#5345,#6687,.T.);
#4372=EDGE_CURVE('',#5343,#5345,#6688,.T.);
#4373=EDGE_CURVE('',#5346,#5344,#6689,.T.);
#4374=EDGE_CURVE('',#5346,#5347,#6690,.T.);
#4375=EDGE_CURVE('',#5345,#5347,#6691,.T.);
#4376=EDGE_CURVE('',#5348,#5346,#6692,.T.);
#4377=EDGE_CURVE('',#5348,#5349,#6693,.T.);
#4378=EDGE_CURVE('',#5347,#5349,#6694,.T.);
#4379=EDGE_CURVE('',#5260,#5316,#6695,.T.);
#4380=EDGE_CURVE('',#5261,#5350,#6696,.T.);
#4381=EDGE_CURVE('',#5350,#5351,#6697,.T.);
#4382=EDGE_CURVE('',#5349,#5351,#6698,.T.);
#4383=EDGE_CURVE('',#5337,#5348,#6699,.T.);
#4384=EDGE_CURVE('',#5281,#5336,#6700,.T.);
#4385=EDGE_CURVE('',#5335,#5280,#6701,.T.);
#4386=EDGE_CURVE('',#5279,#5334,#6702,.T.);
#4387=EDGE_CURVE('',#5333,#5278,#6703,.T.);
#4388=EDGE_CURVE('',#5277,#5332,#6704,.T.);
#4389=EDGE_CURVE('',#5331,#5276,#6705,.T.);
#4390=EDGE_CURVE('',#5275,#5330,#6706,.T.);
#4391=EDGE_CURVE('',#5329,#5274,#6707,.T.);
#4392=EDGE_CURVE('',#5273,#5328,#6708,.T.);
#4393=EDGE_CURVE('',#5327,#5272,#6709,.T.);
#4394=EDGE_CURVE('',#5271,#5326,#6710,.T.);
#4395=EDGE_CURVE('',#5325,#5270,#6711,.T.);
#4396=EDGE_CURVE('',#5269,#5324,#6712,.T.);
#4397=EDGE_CURVE('',#5323,#5268,#6713,.T.);
#4398=EDGE_CURVE('',#5267,#5322,#6714,.T.);
#4399=EDGE_CURVE('',#5321,#5266,#6715,.T.);
#4400=EDGE_CURVE('',#5265,#5320,#6716,.T.);
#4401=EDGE_CURVE('',#5319,#5264,#6717,.T.);
#4402=EDGE_CURVE('',#5263,#5318,#6718,.T.);
#4403=EDGE_CURVE('',#5317,#5262,#6719,.T.);
#4404=EDGE_CURVE('',#5315,#5018,#6720,.T.);
#4405=EDGE_CURVE('',#5023,#5314,#6721,.T.);
#4406=EDGE_CURVE('',#5313,#5025,#6722,.T.);
#4407=EDGE_CURVE('',#5027,#5312,#6723,.T.);
#4408=EDGE_CURVE('',#5311,#5029,#6724,.T.);
#4409=EDGE_CURVE('',#5031,#5310,#6725,.T.);
#4410=EDGE_CURVE('',#5309,#5033,#6726,.T.);
#4411=EDGE_CURVE('',#5035,#5308,#6727,.T.);
#4412=EDGE_CURVE('',#5307,#5037,#6728,.T.);
#4413=EDGE_CURVE('',#5039,#5306,#6729,.T.);
#4414=EDGE_CURVE('',#5305,#5041,#6730,.T.);
#4415=EDGE_CURVE('',#5043,#5304,#6731,.T.);
#4416=EDGE_CURVE('',#5303,#5045,#6732,.T.);
#4417=EDGE_CURVE('',#5047,#5302,#6733,.T.);
#4418=EDGE_CURVE('',#5301,#5049,#6734,.T.);
#4419=EDGE_CURVE('',#5051,#5300,#6735,.T.);
#4420=EDGE_CURVE('',#5299,#5053,#6736,.T.);
#4421=EDGE_CURVE('',#5055,#5298,#6737,.T.);
#4422=EDGE_CURVE('',#5297,#5057,#6738,.T.);
#4423=EDGE_CURVE('',#5059,#5296,#6739,.T.);
#4424=EDGE_CURVE('',#5295,#5061,#6740,.T.);
#4425=EDGE_CURVE('',#5283,#5294,#6741,.T.);
#4426=EDGE_CURVE('',#5351,#5285,#6742,.T.);
#4427=EDGE_CURVE('',#5350,#5020,#6743,.T.);
#4428=VERTEX_POINT('',#13463);
#4429=VERTEX_POINT('',#13464);
#4430=VERTEX_POINT('',#13466);
#4431=VERTEX_POINT('',#13468);
#4432=VERTEX_POINT('',#13470);
#4433=VERTEX_POINT('',#13472);
#4434=VERTEX_POINT('',#13474);
#4435=VERTEX_POINT('',#13476);
#4436=VERTEX_POINT('',#13478);
#4437=VERTEX_POINT('',#13480);
#4438=VERTEX_POINT('',#13484);
#4439=VERTEX_POINT('',#13485);
#4440=VERTEX_POINT('',#13487);
#4441=VERTEX_POINT('',#13489);
#4442=VERTEX_POINT('',#13491);
#4443=VERTEX_POINT('',#13495);
#4444=VERTEX_POINT('',#13496);
#4445=VERTEX_POINT('',#13498);
#4446=VERTEX_POINT('',#13500);
#4447=VERTEX_POINT('',#13502);
#4448=VERTEX_POINT('',#13512);
#4449=VERTEX_POINT('',#13513);
#4450=VERTEX_POINT('',#13515);
#4451=VERTEX_POINT('',#13517);
#4452=VERTEX_POINT('',#13521);
#4453=VERTEX_POINT('',#13522);
#4454=VERTEX_POINT('',#13525);
#4455=VERTEX_POINT('',#13529);
#4456=VERTEX_POINT('',#13530);
#4457=VERTEX_POINT('',#13532);
#4458=VERTEX_POINT('',#13534);
#4459=VERTEX_POINT('',#13538);
#4460=VERTEX_POINT('',#13539);
#4461=VERTEX_POINT('',#13541);
#4462=VERTEX_POINT('',#13543);
#4463=VERTEX_POINT('',#13547);
#4464=VERTEX_POINT('',#13548);
#4465=VERTEX_POINT('',#13550);
#4466=VERTEX_POINT('',#13552);
#4467=VERTEX_POINT('',#13556);
#4468=VERTEX_POINT('',#13558);
#4469=VERTEX_POINT('',#13562);
#4470=VERTEX_POINT('',#13564);
#4471=VERTEX_POINT('',#13568);
#4472=VERTEX_POINT('',#13569);
#4473=VERTEX_POINT('',#13571);
#4474=VERTEX_POINT('',#13573);
#4475=VERTEX_POINT('',#13577);
#4476=VERTEX_POINT('',#13579);
#4477=VERTEX_POINT('',#13583);
#4478=VERTEX_POINT('',#13585);
#4479=VERTEX_POINT('',#13589);
#4480=VERTEX_POINT('',#13590);
#4481=VERTEX_POINT('',#13592);
#4482=VERTEX_POINT('',#13594);
#4483=VERTEX_POINT('',#13598);
#4484=VERTEX_POINT('',#13600);
#4485=VERTEX_POINT('',#13604);
#4486=VERTEX_POINT('',#13606);
#4487=VERTEX_POINT('',#13610);
#4488=VERTEX_POINT('',#13611);
#4489=VERTEX_POINT('',#13613);
#4490=VERTEX_POINT('',#13615);
#4491=VERTEX_POINT('',#13619);
#4492=VERTEX_POINT('',#13621);
#4493=VERTEX_POINT('',#13625);
#4494=VERTEX_POINT('',#13627);
#4495=VERTEX_POINT('',#13631);
#4496=VERTEX_POINT('',#13632);
#4497=VERTEX_POINT('',#13634);
#4498=VERTEX_POINT('',#13636);
#4499=VERTEX_POINT('',#13640);
#4500=VERTEX_POINT('',#13642);
#4501=VERTEX_POINT('',#13646);
#4502=VERTEX_POINT('',#13648);
#4503=VERTEX_POINT('',#13652);
#4504=VERTEX_POINT('',#13653);
#4505=VERTEX_POINT('',#13655);
#4506=VERTEX_POINT('',#13657);
#4507=VERTEX_POINT('',#13661);
#4508=VERTEX_POINT('',#13663);
#4509=VERTEX_POINT('',#13667);
#4510=VERTEX_POINT('',#13669);
#4511=VERTEX_POINT('',#13673);
#4512=VERTEX_POINT('',#13674);
#4513=VERTEX_POINT('',#13676);
#4514=VERTEX_POINT('',#13678);
#4515=VERTEX_POINT('',#13682);
#4516=VERTEX_POINT('',#13684);
#4517=VERTEX_POINT('',#13688);
#4518=VERTEX_POINT('',#13690);
#4519=VERTEX_POINT('',#13694);
#4520=VERTEX_POINT('',#13695);
#4521=VERTEX_POINT('',#13697);
#4522=VERTEX_POINT('',#13699);
#4523=VERTEX_POINT('',#13703);
#4524=VERTEX_POINT('',#13705);
#4525=VERTEX_POINT('',#13709);
#4526=VERTEX_POINT('',#13711);
#4527=VERTEX_POINT('',#13739);
#4528=VERTEX_POINT('',#13740);
#4529=VERTEX_POINT('',#13742);
#4530=VERTEX_POINT('',#13744);
#4531=VERTEX_POINT('',#13748);
#4532=VERTEX_POINT('',#13749);
#4533=VERTEX_POINT('',#13751);
#4534=VERTEX_POINT('',#13753);
#4535=VERTEX_POINT('',#13757);
#4536=VERTEX_POINT('',#13758);
#4537=VERTEX_POINT('',#13762);
#4538=VERTEX_POINT('',#13764);
#4539=VERTEX_POINT('',#13770);
#4540=VERTEX_POINT('',#13772);
#4541=VERTEX_POINT('',#13774);
#4542=VERTEX_POINT('',#13778);
#4543=VERTEX_POINT('',#13780);
#4544=VERTEX_POINT('',#13782);
#4545=VERTEX_POINT('',#13784);
#4546=VERTEX_POINT('',#13787);
#4547=VERTEX_POINT('',#13789);
#4548=VERTEX_POINT('',#13794);
#4549=VERTEX_POINT('',#13795);
#4550=VERTEX_POINT('',#13797);
#4551=VERTEX_POINT('',#13799);
#4552=VERTEX_POINT('',#13803);
#4553=VERTEX_POINT('',#13805);
#4554=VERTEX_POINT('',#13809);
#4555=VERTEX_POINT('',#13811);
#4556=VERTEX_POINT('',#13815);
#4557=VERTEX_POINT('',#13816);
#4558=VERTEX_POINT('',#13818);
#4559=VERTEX_POINT('',#13820);
#4560=VERTEX_POINT('',#13824);
#4561=VERTEX_POINT('',#13826);
#4562=VERTEX_POINT('',#13830);
#4563=VERTEX_POINT('',#13832);
#4564=VERTEX_POINT('',#13836);
#4565=VERTEX_POINT('',#13837);
#4566=VERTEX_POINT('',#13839);
#4567=VERTEX_POINT('',#13841);
#4568=VERTEX_POINT('',#13845);
#4569=VERTEX_POINT('',#13847);
#4570=VERTEX_POINT('',#13851);
#4571=VERTEX_POINT('',#13853);
#4572=VERTEX_POINT('',#13857);
#4573=VERTEX_POINT('',#13858);
#4574=VERTEX_POINT('',#13860);
#4575=VERTEX_POINT('',#13862);
#4576=VERTEX_POINT('',#13866);
#4577=VERTEX_POINT('',#13868);
#4578=VERTEX_POINT('',#13872);
#4579=VERTEX_POINT('',#13874);
#4580=VERTEX_POINT('',#13878);
#4581=VERTEX_POINT('',#13879);
#4582=VERTEX_POINT('',#13881);
#4583=VERTEX_POINT('',#13883);
#4584=VERTEX_POINT('',#13887);
#4585=VERTEX_POINT('',#13889);
#4586=VERTEX_POINT('',#13893);
#4587=VERTEX_POINT('',#13895);
#4588=VERTEX_POINT('',#13899);
#4589=VERTEX_POINT('',#13900);
#4590=VERTEX_POINT('',#13902);
#4591=VERTEX_POINT('',#13904);
#4592=VERTEX_POINT('',#13908);
#4593=VERTEX_POINT('',#13910);
#4594=VERTEX_POINT('',#13914);
#4595=VERTEX_POINT('',#13916);
#4596=VERTEX_POINT('',#13920);
#4597=VERTEX_POINT('',#13921);
#4598=VERTEX_POINT('',#13923);
#4599=VERTEX_POINT('',#13925);
#4600=VERTEX_POINT('',#13929);
#4601=VERTEX_POINT('',#13931);
#4602=VERTEX_POINT('',#13935);
#4603=VERTEX_POINT('',#13937);
#4604=VERTEX_POINT('',#13941);
#4605=VERTEX_POINT('',#13942);
#4606=VERTEX_POINT('',#13944);
#4607=VERTEX_POINT('',#13946);
#4608=VERTEX_POINT('',#13950);
#4609=VERTEX_POINT('',#13952);
#4610=VERTEX_POINT('',#13956);
#4611=VERTEX_POINT('',#13958);
#4612=VERTEX_POINT('',#13962);
#4613=VERTEX_POINT('',#13963);
#4614=VERTEX_POINT('',#13965);
#4615=VERTEX_POINT('',#13967);
#4616=VERTEX_POINT('',#13971);
#4617=VERTEX_POINT('',#13973);
#4618=VERTEX_POINT('',#13977);
#4619=VERTEX_POINT('',#13979);
#4620=VERTEX_POINT('',#13983);
#4621=VERTEX_POINT('',#13984);
#4622=VERTEX_POINT('',#13986);
#4623=VERTEX_POINT('',#13988);
#4624=VERTEX_POINT('',#13992);
#4625=VERTEX_POINT('',#13994);
#4626=VERTEX_POINT('',#13998);
#4627=VERTEX_POINT('',#14000);
#4628=VERTEX_POINT('',#14004);
#4629=VERTEX_POINT('',#14005);
#4630=VERTEX_POINT('',#14007);
#4631=VERTEX_POINT('',#14009);
#4632=VERTEX_POINT('',#14013);
#4633=VERTEX_POINT('',#14015);
#4634=VERTEX_POINT('',#14019);
#4635=VERTEX_POINT('',#14021);
#4636=VERTEX_POINT('',#14025);
#4637=VERTEX_POINT('',#14026);
#4638=VERTEX_POINT('',#14028);
#4639=VERTEX_POINT('',#14030);
#4640=VERTEX_POINT('',#14034);
#4641=VERTEX_POINT('',#14036);
#4642=VERTEX_POINT('',#14040);
#4643=VERTEX_POINT('',#14042);
#4644=VERTEX_POINT('',#14046);
#4645=VERTEX_POINT('',#14047);
#4646=VERTEX_POINT('',#14049);
#4647=VERTEX_POINT('',#14051);
#4648=VERTEX_POINT('',#14055);
#4649=VERTEX_POINT('',#14057);
#4650=VERTEX_POINT('',#14061);
#4651=VERTEX_POINT('',#14063);
#4652=VERTEX_POINT('',#14067);
#4653=VERTEX_POINT('',#14068);
#4654=VERTEX_POINT('',#14070);
#4655=VERTEX_POINT('',#14072);
#4656=VERTEX_POINT('',#14076);
#4657=VERTEX_POINT('',#14078);
#4658=VERTEX_POINT('',#14082);
#4659=VERTEX_POINT('',#14084);
#4660=VERTEX_POINT('',#14088);
#4661=VERTEX_POINT('',#14089);
#4662=VERTEX_POINT('',#14091);
#4663=VERTEX_POINT('',#14093);
#4664=VERTEX_POINT('',#14097);
#4665=VERTEX_POINT('',#14099);
#4666=VERTEX_POINT('',#14103);
#4667=VERTEX_POINT('',#14105);
#4668=VERTEX_POINT('',#14109);
#4669=VERTEX_POINT('',#14110);
#4670=VERTEX_POINT('',#14112);
#4671=VERTEX_POINT('',#14114);
#4672=VERTEX_POINT('',#14118);
#4673=VERTEX_POINT('',#14120);
#4674=VERTEX_POINT('',#14124);
#4675=VERTEX_POINT('',#14126);
#4676=VERTEX_POINT('',#14178);
#4677=VERTEX_POINT('',#14180);
#4678=VERTEX_POINT('',#14190);
#4679=VERTEX_POINT('',#14192);
#4680=VERTEX_POINT('',#14223);
#4681=VERTEX_POINT('',#14225);
#4682=VERTEX_POINT('',#14229);
#4683=VERTEX_POINT('',#14231);
#4684=VERTEX_POINT('',#14250);
#4685=VERTEX_POINT('',#14251);
#4686=VERTEX_POINT('',#14253);
#4687=VERTEX_POINT('',#14255);
#4688=VERTEX_POINT('',#14259);
#4689=VERTEX_POINT('',#14260);
#4690=VERTEX_POINT('',#14262);
#4691=VERTEX_POINT('',#14264);
#4692=VERTEX_POINT('',#14268);
#4693=VERTEX_POINT('',#14269);
#4694=VERTEX_POINT('',#14271);
#4695=VERTEX_POINT('',#14273);
#4696=VERTEX_POINT('',#14277);
#4697=VERTEX_POINT('',#14278);
#4698=VERTEX_POINT('',#14280);
#4699=VERTEX_POINT('',#14282);
#4700=VERTEX_POINT('',#14286);
#4701=VERTEX_POINT('',#14287);
#4702=VERTEX_POINT('',#14289);
#4703=VERTEX_POINT('',#14291);
#4704=VERTEX_POINT('',#14295);
#4705=VERTEX_POINT('',#14296);
#4706=VERTEX_POINT('',#14298);
#4707=VERTEX_POINT('',#14300);
#4708=VERTEX_POINT('',#14304);
#4709=VERTEX_POINT('',#14305);
#4710=VERTEX_POINT('',#14307);
#4711=VERTEX_POINT('',#14309);
#4712=VERTEX_POINT('',#14313);
#4713=VERTEX_POINT('',#14314);
#4714=VERTEX_POINT('',#14316);
#4715=VERTEX_POINT('',#14318);
#4716=VERTEX_POINT('',#14322);
#4717=VERTEX_POINT('',#14323);
#4718=VERTEX_POINT('',#14325);
#4719=VERTEX_POINT('',#14327);
#4720=VERTEX_POINT('',#14331);
#4721=VERTEX_POINT('',#14332);
#4722=VERTEX_POINT('',#14334);
#4723=VERTEX_POINT('',#14336);
#4724=VERTEX_POINT('',#14340);
#4725=VERTEX_POINT('',#14341);
#4726=VERTEX_POINT('',#14343);
#4727=VERTEX_POINT('',#14345);
#4728=VERTEX_POINT('',#14349);
#4729=VERTEX_POINT('',#14350);
#4730=VERTEX_POINT('',#14352);
#4731=VERTEX_POINT('',#14354);
#4732=VERTEX_POINT('',#14358);
#4733=VERTEX_POINT('',#14359);
#4734=VERTEX_POINT('',#14361);
#4735=VERTEX_POINT('',#14363);
#4736=VERTEX_POINT('',#14367);
#4737=VERTEX_POINT('',#14368);
#4738=VERTEX_POINT('',#14370);
#4739=VERTEX_POINT('',#14372);
#4740=VERTEX_POINT('',#14376);
#4741=VERTEX_POINT('',#14377);
#4742=VERTEX_POINT('',#14379);
#4743=VERTEX_POINT('',#14381);
#4744=VERTEX_POINT('',#14385);
#4745=VERTEX_POINT('',#14386);
#4746=VERTEX_POINT('',#14388);
#4747=VERTEX_POINT('',#14390);
#4748=VERTEX_POINT('',#14394);
#4749=VERTEX_POINT('',#14395);
#4750=VERTEX_POINT('',#14397);
#4751=VERTEX_POINT('',#14399);
#4752=VERTEX_POINT('',#14403);
#4753=VERTEX_POINT('',#14404);
#4754=VERTEX_POINT('',#14406);
#4755=VERTEX_POINT('',#14408);
#4756=VERTEX_POINT('',#14412);
#4757=VERTEX_POINT('',#14413);
#4758=VERTEX_POINT('',#14415);
#4759=VERTEX_POINT('',#14417);
#4760=VERTEX_POINT('',#14421);
#4761=VERTEX_POINT('',#14422);
#4762=VERTEX_POINT('',#14424);
#4763=VERTEX_POINT('',#14426);
#4764=VERTEX_POINT('',#14430);
#4765=VERTEX_POINT('',#14431);
#4766=VERTEX_POINT('',#14433);
#4767=VERTEX_POINT('',#14435);
#4768=VERTEX_POINT('',#14439);
#4769=VERTEX_POINT('',#14440);
#4770=VERTEX_POINT('',#14442);
#4771=VERTEX_POINT('',#14444);
#4772=VERTEX_POINT('',#14448);
#4773=VERTEX_POINT('',#14450);
#4774=VERTEX_POINT('',#14454);
#4775=VERTEX_POINT('',#14456);
#4776=VERTEX_POINT('',#14460);
#4777=VERTEX_POINT('',#14462);
#4778=VERTEX_POINT('',#14466);
#4779=VERTEX_POINT('',#14468);
#4780=VERTEX_POINT('',#14472);
#4781=VERTEX_POINT('',#14474);
#4782=VERTEX_POINT('',#14478);
#4783=VERTEX_POINT('',#14480);
#4784=VERTEX_POINT('',#14484);
#4785=VERTEX_POINT('',#14486);
#4786=VERTEX_POINT('',#14490);
#4787=VERTEX_POINT('',#14492);
#4788=VERTEX_POINT('',#14496);
#4789=VERTEX_POINT('',#14498);
#4790=VERTEX_POINT('',#14502);
#4791=VERTEX_POINT('',#14504);
#4792=VERTEX_POINT('',#14508);
#4793=VERTEX_POINT('',#14510);
#4794=VERTEX_POINT('',#14514);
#4795=VERTEX_POINT('',#14516);
#4796=VERTEX_POINT('',#14520);
#4797=VERTEX_POINT('',#14522);
#4798=VERTEX_POINT('',#14526);
#4799=VERTEX_POINT('',#14528);
#4800=VERTEX_POINT('',#14532);
#4801=VERTEX_POINT('',#14534);
#4802=VERTEX_POINT('',#14538);
#4803=VERTEX_POINT('',#14540);
#4804=VERTEX_POINT('',#14544);
#4805=VERTEX_POINT('',#14546);
#4806=VERTEX_POINT('',#14550);
#4807=VERTEX_POINT('',#14552);
#4808=VERTEX_POINT('',#14556);
#4809=VERTEX_POINT('',#14558);
#4810=VERTEX_POINT('',#14562);
#4811=VERTEX_POINT('',#14564);
#4812=VERTEX_POINT('',#14568);
#4813=VERTEX_POINT('',#14570);
#4814=VERTEX_POINT('',#14574);
#4815=VERTEX_POINT('',#14576);
#4816=VERTEX_POINT('',#14580);
#4817=VERTEX_POINT('',#14582);
#4818=VERTEX_POINT('',#14586);
#4819=VERTEX_POINT('',#14588);
#4820=VERTEX_POINT('',#14592);
#4821=VERTEX_POINT('',#14594);
#4822=VERTEX_POINT('',#14598);
#4823=VERTEX_POINT('',#14600);
#4824=VERTEX_POINT('',#14604);
#4825=VERTEX_POINT('',#14606);
#4826=VERTEX_POINT('',#14610);
#4827=VERTEX_POINT('',#14612);
#4828=VERTEX_POINT('',#14616);
#4829=VERTEX_POINT('',#14618);
#4830=VERTEX_POINT('',#14622);
#4831=VERTEX_POINT('',#14624);
#4832=VERTEX_POINT('',#14628);
#4833=VERTEX_POINT('',#14630);
#4834=VERTEX_POINT('',#14634);
#4835=VERTEX_POINT('',#14636);
#4836=VERTEX_POINT('',#14640);
#4837=VERTEX_POINT('',#14642);
#4838=VERTEX_POINT('',#14646);
#4839=VERTEX_POINT('',#14648);
#4840=VERTEX_POINT('',#14652);
#4841=VERTEX_POINT('',#14654);
#4842=VERTEX_POINT('',#14658);
#4843=VERTEX_POINT('',#14660);
#4844=VERTEX_POINT('',#14664);
#4845=VERTEX_POINT('',#14666);
#4846=VERTEX_POINT('',#14670);
#4847=VERTEX_POINT('',#14672);
#4848=VERTEX_POINT('',#14676);
#4849=VERTEX_POINT('',#14678);
#4850=VERTEX_POINT('',#14682);
#4851=VERTEX_POINT('',#14684);
#4852=VERTEX_POINT('',#14688);
#4853=VERTEX_POINT('',#14690);
#4854=VERTEX_POINT('',#14694);
#4855=VERTEX_POINT('',#14696);
#4856=VERTEX_POINT('',#14700);
#4857=VERTEX_POINT('',#14702);
#4858=VERTEX_POINT('',#14706);
#4859=VERTEX_POINT('',#14708);
#4860=VERTEX_POINT('',#14712);
#4861=VERTEX_POINT('',#14713);
#4862=VERTEX_POINT('',#14715);
#4863=VERTEX_POINT('',#14717);
#4864=VERTEX_POINT('',#14721);
#4865=VERTEX_POINT('',#14722);
#4866=VERTEX_POINT('',#14724);
#4867=VERTEX_POINT('',#14726);
#4868=VERTEX_POINT('',#14730);
#4869=VERTEX_POINT('',#14731);
#4870=VERTEX_POINT('',#14733);
#4871=VERTEX_POINT('',#14735);
#4872=VERTEX_POINT('',#14739);
#4873=VERTEX_POINT('',#14740);
#4874=VERTEX_POINT('',#14742);
#4875=VERTEX_POINT('',#14744);
#4876=VERTEX_POINT('',#14748);
#4877=VERTEX_POINT('',#14749);
#4878=VERTEX_POINT('',#14751);
#4879=VERTEX_POINT('',#14753);
#4880=VERTEX_POINT('',#14757);
#4881=VERTEX_POINT('',#14758);
#4882=VERTEX_POINT('',#14760);
#4883=VERTEX_POINT('',#14762);
#4884=VERTEX_POINT('',#14766);
#4885=VERTEX_POINT('',#14767);
#4886=VERTEX_POINT('',#14769);
#4887=VERTEX_POINT('',#14771);
#4888=VERTEX_POINT('',#14775);
#4889=VERTEX_POINT('',#14776);
#4890=VERTEX_POINT('',#14778);
#4891=VERTEX_POINT('',#14780);
#4892=VERTEX_POINT('',#14784);
#4893=VERTEX_POINT('',#14785);
#4894=VERTEX_POINT('',#14787);
#4895=VERTEX_POINT('',#14789);
#4896=VERTEX_POINT('',#14793);
#4897=VERTEX_POINT('',#14794);
#4898=VERTEX_POINT('',#14796);
#4899=VERTEX_POINT('',#14798);
#4900=VERTEX_POINT('',#14802);
#4901=VERTEX_POINT('',#14803);
#4902=VERTEX_POINT('',#14805);
#4903=VERTEX_POINT('',#14807);
#4904=VERTEX_POINT('',#14811);
#4905=VERTEX_POINT('',#14813);
#4906=VERTEX_POINT('',#14817);
#4907=VERTEX_POINT('',#14819);
#4908=VERTEX_POINT('',#14823);
#4909=VERTEX_POINT('',#14825);
#4910=VERTEX_POINT('',#14829);
#4911=VERTEX_POINT('',#14831);
#4912=VERTEX_POINT('',#14835);
#4913=VERTEX_POINT('',#14837);
#4914=VERTEX_POINT('',#14841);
#4915=VERTEX_POINT('',#14843);
#4916=VERTEX_POINT('',#14847);
#4917=VERTEX_POINT('',#14849);
#4918=VERTEX_POINT('',#14853);
#4919=VERTEX_POINT('',#14855);
#4920=VERTEX_POINT('',#14859);
#4921=VERTEX_POINT('',#14861);
#4922=VERTEX_POINT('',#14865);
#4923=VERTEX_POINT('',#14867);
#4924=VERTEX_POINT('',#14871);
#4925=VERTEX_POINT('',#14873);
#4926=VERTEX_POINT('',#14877);
#4927=VERTEX_POINT('',#14879);
#4928=VERTEX_POINT('',#14883);
#4929=VERTEX_POINT('',#14885);
#4930=VERTEX_POINT('',#14889);
#4931=VERTEX_POINT('',#14891);
#4932=VERTEX_POINT('',#14895);
#4933=VERTEX_POINT('',#14897);
#4934=VERTEX_POINT('',#14901);
#4935=VERTEX_POINT('',#14903);
#4936=VERTEX_POINT('',#14907);
#4937=VERTEX_POINT('',#14909);
#4938=VERTEX_POINT('',#14913);
#4939=VERTEX_POINT('',#14915);
#4940=VERTEX_POINT('',#14919);
#4941=VERTEX_POINT('',#14921);
#4942=VERTEX_POINT('',#14925);
#4943=VERTEX_POINT('',#14927);
#4944=VERTEX_POINT('',#14931);
#4945=VERTEX_POINT('',#14933);
#4946=VERTEX_POINT('',#14937);
#4947=VERTEX_POINT('',#14939);
#4948=VERTEX_POINT('',#14976);
#4949=VERTEX_POINT('',#14977);
#4950=VERTEX_POINT('',#14979);
#4951=VERTEX_POINT('',#14981);
#4952=VERTEX_POINT('',#14985);
#4953=VERTEX_POINT('',#14987);
#4954=VERTEX_POINT('',#14990);
#4955=VERTEX_POINT('',#14992);
#4956=VERTEX_POINT('',#14995);
#4957=VERTEX_POINT('',#14997);
#4958=VERTEX_POINT('',#15000);
#4959=VERTEX_POINT('',#15002);
#4960=VERTEX_POINT('',#15005);
#4961=VERTEX_POINT('',#15007);
#4962=VERTEX_POINT('',#15010);
#4963=VERTEX_POINT('',#15012);
#4964=VERTEX_POINT('',#15015);
#4965=VERTEX_POINT('',#15017);
#4966=VERTEX_POINT('',#15020);
#4967=VERTEX_POINT('',#15022);
#4968=VERTEX_POINT('',#15025);
#4969=VERTEX_POINT('',#15027);
#4970=VERTEX_POINT('',#15030);
#4971=VERTEX_POINT('',#15032);
#4972=VERTEX_POINT('',#15035);
#4973=VERTEX_POINT('',#15037);
#4974=VERTEX_POINT('',#15040);
#4975=VERTEX_POINT('',#15042);
#4976=VERTEX_POINT('',#15046);
#4977=VERTEX_POINT('',#15049);
#4978=VERTEX_POINT('',#15051);
#4979=VERTEX_POINT('',#15053);
#4980=VERTEX_POINT('',#15055);
#4981=VERTEX_POINT('',#15058);
#4982=VERTEX_POINT('',#15060);
#4983=VERTEX_POINT('',#15063);
#4984=VERTEX_POINT('',#15065);
#4985=VERTEX_POINT('',#15068);
#4986=VERTEX_POINT('',#15070);
#4987=VERTEX_POINT('',#15073);
#4988=VERTEX_POINT('',#15075);
#4989=VERTEX_POINT('',#15078);
#4990=VERTEX_POINT('',#15080);
#4991=VERTEX_POINT('',#15083);
#4992=VERTEX_POINT('',#15085);
#4993=VERTEX_POINT('',#15088);
#4994=VERTEX_POINT('',#15090);
#4995=VERTEX_POINT('',#15093);
#4996=VERTEX_POINT('',#15095);
#4997=VERTEX_POINT('',#15098);
#4998=VERTEX_POINT('',#15100);
#4999=VERTEX_POINT('',#15103);
#5000=VERTEX_POINT('',#15107);
#5001=VERTEX_POINT('',#15109);
#5002=VERTEX_POINT('',#15113);
#5003=VERTEX_POINT('',#15115);
#5004=VERTEX_POINT('',#15119);
#5005=VERTEX_POINT('',#15121);
#5006=VERTEX_POINT('',#15125);
#5007=VERTEX_POINT('',#15127);
#5008=VERTEX_POINT('',#15131);
#5009=VERTEX_POINT('',#15133);
#5010=VERTEX_POINT('',#15137);
#5011=VERTEX_POINT('',#15138);
#5012=VERTEX_POINT('',#15187);
#5013=VERTEX_POINT('',#15189);
#5014=VERTEX_POINT('',#15193);
#5015=VERTEX_POINT('',#15195);
#5016=VERTEX_POINT('',#15199);
#5017=VERTEX_POINT('',#15201);
#5018=VERTEX_POINT('',#15351);
#5019=VERTEX_POINT('',#15352);
#5020=VERTEX_POINT('',#15354);
#5021=VERTEX_POINT('',#15356);
#5022=VERTEX_POINT('',#15360);
#5023=VERTEX_POINT('',#15361);
#5024=VERTEX_POINT('',#15363);
#5025=VERTEX_POINT('',#15365);
#5026=VERTEX_POINT('',#15369);
#5027=VERTEX_POINT('',#15370);
#5028=VERTEX_POINT('',#15372);
#5029=VERTEX_POINT('',#15374);
#5030=VERTEX_POINT('',#15378);
#5031=VERTEX_POINT('',#15379);
#5032=VERTEX_POINT('',#15381);
#5033=VERTEX_POINT('',#15383);
#5034=VERTEX_POINT('',#15387);
#5035=VERTEX_POINT('',#15388);
#5036=VERTEX_POINT('',#15390);
#5037=VERTEX_POINT('',#15392);
#5038=VERTEX_POINT('',#15396);
#5039=VERTEX_POINT('',#15397);
#5040=VERTEX_POINT('',#15399);
#5041=VERTEX_POINT('',#15401);
#5042=VERTEX_POINT('',#15405);
#5043=VERTEX_POINT('',#15406);
#5044=VERTEX_POINT('',#15408);
#5045=VERTEX_POINT('',#15410);
#5046=VERTEX_POINT('',#15414);
#5047=VERTEX_POINT('',#15415);
#5048=VERTEX_POINT('',#15417);
#5049=VERTEX_POINT('',#15419);
#5050=VERTEX_POINT('',#15423);
#5051=VERTEX_POINT('',#15424);
#5052=VERTEX_POINT('',#15426);
#5053=VERTEX_POINT('',#15428);
#5054=VERTEX_POINT('',#15432);
#5055=VERTEX_POINT('',#15433);
#5056=VERTEX_POINT('',#15435);
#5057=VERTEX_POINT('',#15437);
#5058=VERTEX_POINT('',#15441);
#5059=VERTEX_POINT('',#15442);
#5060=VERTEX_POINT('',#15444);
#5061=VERTEX_POINT('',#15446);
#5062=VERTEX_POINT('',#15450);
#5063=VERTEX_POINT('',#15452);
#5064=VERTEX_POINT('',#15456);
#5065=VERTEX_POINT('',#15458);
#5066=VERTEX_POINT('',#15462);
#5067=VERTEX_POINT('',#15464);
#5068=VERTEX_POINT('',#15468);
#5069=VERTEX_POINT('',#15470);
#5070=VERTEX_POINT('',#15474);
#5071=VERTEX_POINT('',#15476);
#5072=VERTEX_POINT('',#15480);
#5073=VERTEX_POINT('',#15482);
#5074=VERTEX_POINT('',#15486);
#5075=VERTEX_POINT('',#15488);
#5076=VERTEX_POINT('',#15492);
#5077=VERTEX_POINT('',#15494);
#5078=VERTEX_POINT('',#15498);
#5079=VERTEX_POINT('',#15500);
#5080=VERTEX_POINT('',#15504);
#5081=VERTEX_POINT('',#15506);
#5082=VERTEX_POINT('',#15510);
#5083=VERTEX_POINT('',#15512);
#5084=VERTEX_POINT('',#15516);
#5085=VERTEX_POINT('',#15518);
#5086=VERTEX_POINT('',#15522);
#5087=VERTEX_POINT('',#15524);
#5088=VERTEX_POINT('',#15528);
#5089=VERTEX_POINT('',#15530);
#5090=VERTEX_POINT('',#15534);
#5091=VERTEX_POINT('',#15536);
#5092=VERTEX_POINT('',#15540);
#5093=VERTEX_POINT('',#15542);
#5094=VERTEX_POINT('',#15546);
#5095=VERTEX_POINT('',#15548);
#5096=VERTEX_POINT('',#15552);
#5097=VERTEX_POINT('',#15554);
#5098=VERTEX_POINT('',#15558);
#5099=VERTEX_POINT('',#15560);
#5100=VERTEX_POINT('',#15564);
#5101=VERTEX_POINT('',#15566);
#5102=VERTEX_POINT('',#15570);
#5103=VERTEX_POINT('',#15572);
#5104=VERTEX_POINT('',#15576);
#5105=VERTEX_POINT('',#15578);
#5106=VERTEX_POINT('',#15582);
#5107=VERTEX_POINT('',#15584);
#5108=VERTEX_POINT('',#15588);
#5109=VERTEX_POINT('',#15590);
#5110=VERTEX_POINT('',#15594);
#5111=VERTEX_POINT('',#15596);
#5112=VERTEX_POINT('',#15600);
#5113=VERTEX_POINT('',#15602);
#5114=VERTEX_POINT('',#15606);
#5115=VERTEX_POINT('',#15608);
#5116=VERTEX_POINT('',#15612);
#5117=VERTEX_POINT('',#15614);
#5118=VERTEX_POINT('',#15618);
#5119=VERTEX_POINT('',#15620);
#5120=VERTEX_POINT('',#15624);
#5121=VERTEX_POINT('',#15626);
#5122=VERTEX_POINT('',#15630);
#5123=VERTEX_POINT('',#15632);
#5124=VERTEX_POINT('',#15636);
#5125=VERTEX_POINT('',#15638);
#5126=VERTEX_POINT('',#15642);
#5127=VERTEX_POINT('',#15644);
#5128=VERTEX_POINT('',#15648);
#5129=VERTEX_POINT('',#15650);
#5130=VERTEX_POINT('',#15654);
#5131=VERTEX_POINT('',#15656);
#5132=VERTEX_POINT('',#15660);
#5133=VERTEX_POINT('',#15662);
#5134=VERTEX_POINT('',#15666);
#5135=VERTEX_POINT('',#15668);
#5136=VERTEX_POINT('',#15672);
#5137=VERTEX_POINT('',#15674);
#5138=VERTEX_POINT('',#15678);
#5139=VERTEX_POINT('',#15680);
#5140=VERTEX_POINT('',#15684);
#5141=VERTEX_POINT('',#15686);
#5142=VERTEX_POINT('',#15690);
#5143=VERTEX_POINT('',#15692);
#5144=VERTEX_POINT('',#15696);
#5145=VERTEX_POINT('',#15698);
#5146=VERTEX_POINT('',#15702);
#5147=VERTEX_POINT('',#15704);
#5148=VERTEX_POINT('',#15708);
#5149=VERTEX_POINT('',#15710);
#5150=VERTEX_POINT('',#15714);
#5151=VERTEX_POINT('',#15715);
#5152=VERTEX_POINT('',#15717);
#5153=VERTEX_POINT('',#15719);
#5154=VERTEX_POINT('',#15723);
#5155=VERTEX_POINT('',#15724);
#5156=VERTEX_POINT('',#15726);
#5157=VERTEX_POINT('',#15728);
#5158=VERTEX_POINT('',#15732);
#5159=VERTEX_POINT('',#15733);
#5160=VERTEX_POINT('',#15735);
#5161=VERTEX_POINT('',#15737);
#5162=VERTEX_POINT('',#15741);
#5163=VERTEX_POINT('',#15742);
#5164=VERTEX_POINT('',#15744);
#5165=VERTEX_POINT('',#15746);
#5166=VERTEX_POINT('',#15750);
#5167=VERTEX_POINT('',#15751);
#5168=VERTEX_POINT('',#15753);
#5169=VERTEX_POINT('',#15755);
#5170=VERTEX_POINT('',#15759);
#5171=VERTEX_POINT('',#15760);
#5172=VERTEX_POINT('',#15762);
#5173=VERTEX_POINT('',#15764);
#5174=VERTEX_POINT('',#15768);
#5175=VERTEX_POINT('',#15769);
#5176=VERTEX_POINT('',#15771);
#5177=VERTEX_POINT('',#15773);
#5178=VERTEX_POINT('',#15777);
#5179=VERTEX_POINT('',#15778);
#5180=VERTEX_POINT('',#15780);
#5181=VERTEX_POINT('',#15782);
#5182=VERTEX_POINT('',#15786);
#5183=VERTEX_POINT('',#15787);
#5184=VERTEX_POINT('',#15789);
#5185=VERTEX_POINT('',#15791);
#5186=VERTEX_POINT('',#15795);
#5187=VERTEX_POINT('',#15796);
#5188=VERTEX_POINT('',#15798);
#5189=VERTEX_POINT('',#15800);
#5190=VERTEX_POINT('',#15804);
#5191=VERTEX_POINT('',#15805);
#5192=VERTEX_POINT('',#15807);
#5193=VERTEX_POINT('',#15809);
#5194=VERTEX_POINT('',#15813);
#5195=VERTEX_POINT('',#15815);
#5196=VERTEX_POINT('',#15819);
#5197=VERTEX_POINT('',#15821);
#5198=VERTEX_POINT('',#15825);
#5199=VERTEX_POINT('',#15827);
#5200=VERTEX_POINT('',#15831);
#5201=VERTEX_POINT('',#15833);
#5202=VERTEX_POINT('',#15837);
#5203=VERTEX_POINT('',#15839);
#5204=VERTEX_POINT('',#15843);
#5205=VERTEX_POINT('',#15845);
#5206=VERTEX_POINT('',#15849);
#5207=VERTEX_POINT('',#15851);
#5208=VERTEX_POINT('',#15855);
#5209=VERTEX_POINT('',#15857);
#5210=VERTEX_POINT('',#15861);
#5211=VERTEX_POINT('',#15863);
#5212=VERTEX_POINT('',#15867);
#5213=VERTEX_POINT('',#15869);
#5214=VERTEX_POINT('',#15873);
#5215=VERTEX_POINT('',#15875);
#5216=VERTEX_POINT('',#15879);
#5217=VERTEX_POINT('',#15881);
#5218=VERTEX_POINT('',#15885);
#5219=VERTEX_POINT('',#15887);
#5220=VERTEX_POINT('',#15891);
#5221=VERTEX_POINT('',#15893);
#5222=VERTEX_POINT('',#15897);
#5223=VERTEX_POINT('',#15899);
#5224=VERTEX_POINT('',#15903);
#5225=VERTEX_POINT('',#15905);
#5226=VERTEX_POINT('',#15909);
#5227=VERTEX_POINT('',#15911);
#5228=VERTEX_POINT('',#15915);
#5229=VERTEX_POINT('',#15917);
#5230=VERTEX_POINT('',#15921);
#5231=VERTEX_POINT('',#15923);
#5232=VERTEX_POINT('',#15927);
#5233=VERTEX_POINT('',#15929);
#5234=VERTEX_POINT('',#15933);
#5235=VERTEX_POINT('',#15935);
#5236=VERTEX_POINT('',#15939);
#5237=VERTEX_POINT('',#15941);
#5238=VERTEX_POINT('',#15945);
#5239=VERTEX_POINT('',#15947);
#5240=VERTEX_POINT('',#15951);
#5241=VERTEX_POINT('',#15953);
#5242=VERTEX_POINT('',#15957);
#5243=VERTEX_POINT('',#15959);
#5244=VERTEX_POINT('',#15963);
#5245=VERTEX_POINT('',#15965);
#5246=VERTEX_POINT('',#15969);
#5247=VERTEX_POINT('',#15971);
#5248=VERTEX_POINT('',#15975);
#5249=VERTEX_POINT('',#15977);
#5250=VERTEX_POINT('',#15981);
#5251=VERTEX_POINT('',#15983);
#5252=VERTEX_POINT('',#15987);
#5253=VERTEX_POINT('',#15989);
#5254=VERTEX_POINT('',#15993);
#5255=VERTEX_POINT('',#15995);
#5256=VERTEX_POINT('',#15999);
#5257=VERTEX_POINT('',#16001);
#5258=VERTEX_POINT('',#16005);
#5259=VERTEX_POINT('',#16007);
#5260=VERTEX_POINT('',#16011);
#5261=VERTEX_POINT('',#16013);
#5262=VERTEX_POINT('',#16017);
#5263=VERTEX_POINT('',#16019);
#5264=VERTEX_POINT('',#16023);
#5265=VERTEX_POINT('',#16025);
#5266=VERTEX_POINT('',#16029);
#5267=VERTEX_POINT('',#16031);
#5268=VERTEX_POINT('',#16035);
#5269=VERTEX_POINT('',#16037);
#5270=VERTEX_POINT('',#16041);
#5271=VERTEX_POINT('',#16043);
#5272=VERTEX_POINT('',#16047);
#5273=VERTEX_POINT('',#16049);
#5274=VERTEX_POINT('',#16053);
#5275=VERTEX_POINT('',#16055);
#5276=VERTEX_POINT('',#16059);
#5277=VERTEX_POINT('',#16061);
#5278=VERTEX_POINT('',#16065);
#5279=VERTEX_POINT('',#16067);
#5280=VERTEX_POINT('',#16071);
#5281=VERTEX_POINT('',#16073);
#5282=VERTEX_POINT('',#16077);
#5283=VERTEX_POINT('',#16078);
#5284=VERTEX_POINT('',#16080);
#5285=VERTEX_POINT('',#16082);
#5286=VERTEX_POINT('',#16086);
#5287=VERTEX_POINT('',#16088);
#5288=VERTEX_POINT('',#16092);
#5289=VERTEX_POINT('',#16094);
#5290=VERTEX_POINT('',#16098);
#5291=VERTEX_POINT('',#16100);
#5292=VERTEX_POINT('',#16104);
#5293=VERTEX_POINT('',#16106);
#5294=VERTEX_POINT('',#16110);
#5295=VERTEX_POINT('',#16112);
#5296=VERTEX_POINT('',#16115);
#5297=VERTEX_POINT('',#16117);
#5298=VERTEX_POINT('',#16120);
#5299=VERTEX_POINT('',#16122);
#5300=VERTEX_POINT('',#16125);
#5301=VERTEX_POINT('',#16127);
#5302=VERTEX_POINT('',#16130);
#5303=VERTEX_POINT('',#16132);
#5304=VERTEX_POINT('',#16135);
#5305=VERTEX_POINT('',#16137);
#5306=VERTEX_POINT('',#16140);
#5307=VERTEX_POINT('',#16142);
#5308=VERTEX_POINT('',#16145);
#5309=VERTEX_POINT('',#16147);
#5310=VERTEX_POINT('',#16150);
#5311=VERTEX_POINT('',#16152);
#5312=VERTEX_POINT('',#16155);
#5313=VERTEX_POINT('',#16157);
#5314=VERTEX_POINT('',#16160);
#5315=VERTEX_POINT('',#16162);
#5316=VERTEX_POINT('',#16166);
#5317=VERTEX_POINT('',#16168);
#5318=VERTEX_POINT('',#16171);
#5319=VERTEX_POINT('',#16173);
#5320=VERTEX_POINT('',#16176);
#5321=VERTEX_POINT('',#16178);
#5322=VERTEX_POINT('',#16181);
#5323=VERTEX_POINT('',#16183);
#5324=VERTEX_POINT('',#16186);
#5325=VERTEX_POINT('',#16188);
#5326=VERTEX_POINT('',#16191);
#5327=VERTEX_POINT('',#16193);
#5328=VERTEX_POINT('',#16196);
#5329=VERTEX_POINT('',#16198);
#5330=VERTEX_POINT('',#16201);
#5331=VERTEX_POINT('',#16203);
#5332=VERTEX_POINT('',#16206);
#5333=VERTEX_POINT('',#16208);
#5334=VERTEX_POINT('',#16211);
#5335=VERTEX_POINT('',#16213);
#5336=VERTEX_POINT('',#16216);
#5337=VERTEX_POINT('',#16218);
#5338=VERTEX_POINT('',#16220);
#5339=VERTEX_POINT('',#16222);
#5340=VERTEX_POINT('',#16226);
#5341=VERTEX_POINT('',#16228);
#5342=VERTEX_POINT('',#16232);
#5343=VERTEX_POINT('',#16234);
#5344=VERTEX_POINT('',#16238);
#5345=VERTEX_POINT('',#16240);
#5346=VERTEX_POINT('',#16244);
#5347=VERTEX_POINT('',#16246);
#5348=VERTEX_POINT('',#16250);
#5349=VERTEX_POINT('',#16252);
#5350=VERTEX_POINT('',#16257);
#5351=VERTEX_POINT('',#16259);
#5352=LINE('',#13462,#6744);
#5353=LINE('',#13465,#6745);
#5354=LINE('',#13467,#6746);
#5355=LINE('',#13469,#6747);
#5356=LINE('',#13471,#6748);
#5357=LINE('',#13473,#6749);
#5358=LINE('',#13475,#6750);
#5359=LINE('',#13477,#6751);
#5360=LINE('',#13479,#6752);
#5361=LINE('',#13481,#6753);
#5362=LINE('',#13483,#6754);
#5363=LINE('',#13486,#6755);
#5364=LINE('',#13488,#6756);
#5365=LINE('',#13490,#6757);
#5366=LINE('',#13492,#6758);
#5367=LINE('',#13494,#6759);
#5368=LINE('',#13497,#6760);
#5369=LINE('',#13499,#6761);
#5370=LINE('',#13501,#6762);
#5371=LINE('',#13503,#6763);
#5372=LINE('',#13505,#6764);
#5373=LINE('',#13506,#6765);
#5374=LINE('',#13508,#6766);
#5375=LINE('',#13509,#6767);
#5376=LINE('',#13511,#6768);
#5377=LINE('',#13514,#6769);
#5378=LINE('',#13516,#6770);
#5379=LINE('',#13518,#6771);
#5380=LINE('',#13520,#6772);
#5381=LINE('',#13523,#6773);
#5382=LINE('',#13524,#6774);
#5383=LINE('',#13526,#6775);
#5384=LINE('',#13528,#6776);
#5385=LINE('',#13531,#6777);
#5386=LINE('',#13533,#6778);
#5387=LINE('',#13535,#6779);
#5388=LINE('',#13537,#6780);
#5389=LINE('',#13540,#6781);
#5390=LINE('',#13542,#6782);
#5391=LINE('',#13544,#6783);
#5392=LINE('',#13546,#6784);
#5393=LINE('',#13549,#6785);
#5394=LINE('',#13551,#6786);
#5395=LINE('',#13553,#6787);
#5396=LINE('',#13555,#6788);
#5397=LINE('',#13557,#6789);
#5398=LINE('',#13559,#6790);
#5399=LINE('',#13561,#6791);
#5400=LINE('',#13563,#6792);
#5401=LINE('',#13565,#6793);
#5402=LINE('',#13567,#6794);
#5403=LINE('',#13570,#6795);
#5404=LINE('',#13572,#6796);
#5405=LINE('',#13574,#6797);
#5406=LINE('',#13576,#6798);
#5407=LINE('',#13578,#6799);
#5408=LINE('',#13580,#6800);
#5409=LINE('',#13582,#6801);
#5410=LINE('',#13584,#6802);
#5411=LINE('',#13586,#6803);
#5412=LINE('',#13588,#6804);
#5413=LINE('',#13591,#6805);
#5414=LINE('',#13593,#6806);
#5415=LINE('',#13595,#6807);
#5416=LINE('',#13597,#6808);
#5417=LINE('',#13599,#6809);
#5418=LINE('',#13601,#6810);
#5419=LINE('',#13603,#6811);
#5420=LINE('',#13605,#6812);
#5421=LINE('',#13607,#6813);
#5422=LINE('',#13609,#6814);
#5423=LINE('',#13612,#6815);
#5424=LINE('',#13614,#6816);
#5425=LINE('',#13616,#6817);
#5426=LINE('',#13618,#6818);
#5427=LINE('',#13620,#6819);
#5428=LINE('',#13622,#6820);
#5429=LINE('',#13624,#6821);
#5430=LINE('',#13626,#6822);
#5431=LINE('',#13628,#6823);
#5432=LINE('',#13630,#6824);
#5433=LINE('',#13633,#6825);
#5434=LINE('',#13635,#6826);
#5435=LINE('',#13637,#6827);
#5436=LINE('',#13639,#6828);
#5437=LINE('',#13641,#6829);
#5438=LINE('',#13643,#6830);
#5439=LINE('',#13645,#6831);
#5440=LINE('',#13647,#6832);
#5441=LINE('',#13649,#6833);
#5442=LINE('',#13651,#6834);
#5443=LINE('',#13654,#6835);
#5444=LINE('',#13656,#6836);
#5445=LINE('',#13658,#6837);
#5446=LINE('',#13660,#6838);
#5447=LINE('',#13662,#6839);
#5448=LINE('',#13664,#6840);
#5449=LINE('',#13666,#6841);
#5450=LINE('',#13668,#6842);
#5451=LINE('',#13670,#6843);
#5452=LINE('',#13672,#6844);
#5453=LINE('',#13675,#6845);
#5454=LINE('',#13677,#6846);
#5455=LINE('',#13679,#6847);
#5456=LINE('',#13681,#6848);
#5457=LINE('',#13683,#6849);
#5458=LINE('',#13685,#6850);
#5459=LINE('',#13687,#6851);
#5460=LINE('',#13689,#6852);
#5461=LINE('',#13691,#6853);
#5462=LINE('',#13693,#6854);
#5463=LINE('',#13696,#6855);
#5464=LINE('',#13698,#6856);
#5465=LINE('',#13700,#6857);
#5466=LINE('',#13702,#6858);
#5467=LINE('',#13704,#6859);
#5468=LINE('',#13706,#6860);
#5469=LINE('',#13708,#6861);
#5470=LINE('',#13710,#6862);
#5471=LINE('',#13712,#6863);
#5472=LINE('',#13714,#6864);
#5473=LINE('',#13715,#6865);
#5474=LINE('',#13717,#6866);
#5475=LINE('',#13718,#6867);
#5476=LINE('',#13720,#6868);
#5477=LINE('',#13721,#6869);
#5478=LINE('',#13723,#6870);
#5479=LINE('',#13724,#6871);
#5480=LINE('',#13726,#6872);
#5481=LINE('',#13727,#6873);
#5482=LINE('',#13729,#6874);
#5483=LINE('',#13730,#6875);
#5484=LINE('',#13732,#6876);
#5485=LINE('',#13733,#6877);
#5486=LINE('',#13735,#6878);
#5487=LINE('',#13736,#6879);
#5488=LINE('',#13738,#6880);
#5489=LINE('',#13741,#6881);
#5490=LINE('',#13743,#6882);
#5491=LINE('',#13745,#6883);
#5492=LINE('',#13747,#6884);
#5493=LINE('',#13750,#6885);
#5494=LINE('',#13752,#6886);
#5495=LINE('',#13754,#6887);
#5496=LINE('',#13756,#6888);
#5497=LINE('',#13759,#6889);
#5498=LINE('',#13760,#6890);
#5499=LINE('',#13761,#6891);
#5500=LINE('',#13763,#6892);
#5501=LINE('',#13765,#6893);
#5502=LINE('',#13766,#6894);
#5503=LINE('',#13767,#6895);
#5504=LINE('',#13769,#6896);
#5505=LINE('',#13771,#6897);
#5506=LINE('',#13773,#6898);
#5507=LINE('',#13775,#6899);
#5508=LINE('',#13777,#6900);
#5509=LINE('',#13779,#6901);
#5510=LINE('',#13781,#6902);
#5511=LINE('',#13783,#6903);
#5512=LINE('',#13785,#6904);
#5513=LINE('',#13786,#6905);
#5514=LINE('',#13788,#6906);
#5515=LINE('',#13790,#6907);
#5516=LINE('',#13791,#6908);
#5517=LINE('',#13793,#6909);
#5518=LINE('',#13796,#6910);
#5519=LINE('',#13798,#6911);
#5520=LINE('',#13800,#6912);
#5521=LINE('',#13802,#6913);
#5522=LINE('',#13804,#6914);
#5523=LINE('',#13806,#6915);
#5524=LINE('',#13808,#6916);
#5525=LINE('',#13810,#6917);
#5526=LINE('',#13812,#6918);
#5527=LINE('',#13814,#6919);
#5528=LINE('',#13817,#6920);
#5529=LINE('',#13819,#6921);
#5530=LINE('',#13821,#6922);
#5531=LINE('',#13823,#6923);
#5532=LINE('',#13825,#6924);
#5533=LINE('',#13827,#6925);
#5534=LINE('',#13829,#6926);
#5535=LINE('',#13831,#6927);
#5536=LINE('',#13833,#6928);
#5537=LINE('',#13835,#6929);
#5538=LINE('',#13838,#6930);
#5539=LINE('',#13840,#6931);
#5540=LINE('',#13842,#6932);
#5541=LINE('',#13844,#6933);
#5542=LINE('',#13846,#6934);
#5543=LINE('',#13848,#6935);
#5544=LINE('',#13850,#6936);
#5545=LINE('',#13852,#6937);
#5546=LINE('',#13854,#6938);
#5547=LINE('',#13856,#6939);
#5548=LINE('',#13859,#6940);
#5549=LINE('',#13861,#6941);
#5550=LINE('',#13863,#6942);
#5551=LINE('',#13865,#6943);
#5552=LINE('',#13867,#6944);
#5553=LINE('',#13869,#6945);
#5554=LINE('',#13871,#6946);
#5555=LINE('',#13873,#6947);
#5556=LINE('',#13875,#6948);
#5557=LINE('',#13877,#6949);
#5558=LINE('',#13880,#6950);
#5559=LINE('',#13882,#6951);
#5560=LINE('',#13884,#6952);
#5561=LINE('',#13886,#6953);
#5562=LINE('',#13888,#6954);
#5563=LINE('',#13890,#6955);
#5564=LINE('',#13892,#6956);
#5565=LINE('',#13894,#6957);
#5566=LINE('',#13896,#6958);
#5567=LINE('',#13898,#6959);
#5568=LINE('',#13901,#6960);
#5569=LINE('',#13903,#6961);
#5570=LINE('',#13905,#6962);
#5571=LINE('',#13907,#6963);
#5572=LINE('',#13909,#6964);
#5573=LINE('',#13911,#6965);
#5574=LINE('',#13913,#6966);
#5575=LINE('',#13915,#6967);
#5576=LINE('',#13917,#6968);
#5577=LINE('',#13919,#6969);
#5578=LINE('',#13922,#6970);
#5579=LINE('',#13924,#6971);
#5580=LINE('',#13926,#6972);
#5581=LINE('',#13928,#6973);
#5582=LINE('',#13930,#6974);
#5583=LINE('',#13932,#6975);
#5584=LINE('',#13934,#6976);
#5585=LINE('',#13936,#6977);
#5586=LINE('',#13938,#6978);
#5587=LINE('',#13940,#6979);
#5588=LINE('',#13943,#6980);
#5589=LINE('',#13945,#6981);
#5590=LINE('',#13947,#6982);
#5591=LINE('',#13949,#6983);
#5592=LINE('',#13951,#6984);
#5593=LINE('',#13953,#6985);
#5594=LINE('',#13955,#6986);
#5595=LINE('',#13957,#6987);
#5596=LINE('',#13959,#6988);
#5597=LINE('',#13961,#6989);
#5598=LINE('',#13964,#6990);
#5599=LINE('',#13966,#6991);
#5600=LINE('',#13968,#6992);
#5601=LINE('',#13970,#6993);
#5602=LINE('',#13972,#6994);
#5603=LINE('',#13974,#6995);
#5604=LINE('',#13976,#6996);
#5605=LINE('',#13978,#6997);
#5606=LINE('',#13980,#6998);
#5607=LINE('',#13982,#6999);
#5608=LINE('',#13985,#7000);
#5609=LINE('',#13987,#7001);
#5610=LINE('',#13989,#7002);
#5611=LINE('',#13991,#7003);
#5612=LINE('',#13993,#7004);
#5613=LINE('',#13995,#7005);
#5614=LINE('',#13997,#7006);
#5615=LINE('',#13999,#7007);
#5616=LINE('',#14001,#7008);
#5617=LINE('',#14003,#7009);
#5618=LINE('',#14006,#7010);
#5619=LINE('',#14008,#7011);
#5620=LINE('',#14010,#7012);
#5621=LINE('',#14012,#7013);
#5622=LINE('',#14014,#7014);
#5623=LINE('',#14016,#7015);
#5624=LINE('',#14018,#7016);
#5625=LINE('',#14020,#7017);
#5626=LINE('',#14022,#7018);
#5627=LINE('',#14024,#7019);
#5628=LINE('',#14027,#7020);
#5629=LINE('',#14029,#7021);
#5630=LINE('',#14031,#7022);
#5631=LINE('',#14033,#7023);
#5632=LINE('',#14035,#7024);
#5633=LINE('',#14037,#7025);
#5634=LINE('',#14039,#7026);
#5635=LINE('',#14041,#7027);
#5636=LINE('',#14043,#7028);
#5637=LINE('',#14045,#7029);
#5638=LINE('',#14048,#7030);
#5639=LINE('',#14050,#7031);
#5640=LINE('',#14052,#7032);
#5641=LINE('',#14054,#7033);
#5642=LINE('',#14056,#7034);
#5643=LINE('',#14058,#7035);
#5644=LINE('',#14060,#7036);
#5645=LINE('',#14062,#7037);
#5646=LINE('',#14064,#7038);
#5647=LINE('',#14066,#7039);
#5648=LINE('',#14069,#7040);
#5649=LINE('',#14071,#7041);
#5650=LINE('',#14073,#7042);
#5651=LINE('',#14075,#7043);
#5652=LINE('',#14077,#7044);
#5653=LINE('',#14079,#7045);
#5654=LINE('',#14081,#7046);
#5655=LINE('',#14083,#7047);
#5656=LINE('',#14085,#7048);
#5657=LINE('',#14087,#7049);
#5658=LINE('',#14090,#7050);
#5659=LINE('',#14092,#7051);
#5660=LINE('',#14094,#7052);
#5661=LINE('',#14096,#7053);
#5662=LINE('',#14098,#7054);
#5663=LINE('',#14100,#7055);
#5664=LINE('',#14102,#7056);
#5665=LINE('',#14104,#7057);
#5666=LINE('',#14106,#7058);
#5667=LINE('',#14108,#7059);
#5668=LINE('',#14111,#7060);
#5669=LINE('',#14113,#7061);
#5670=LINE('',#14115,#7062);
#5671=LINE('',#14117,#7063);
#5672=LINE('',#14119,#7064);
#5673=LINE('',#14121,#7065);
#5674=LINE('',#14123,#7066);
#5675=LINE('',#14125,#7067);
#5676=LINE('',#14127,#7068);
#5677=LINE('',#14129,#7069);
#5678=LINE('',#14130,#7070);
#5679=LINE('',#14132,#7071);
#5680=LINE('',#14133,#7072);
#5681=LINE('',#14135,#7073);
#5682=LINE('',#14136,#7074);
#5683=LINE('',#14138,#7075);
#5684=LINE('',#14139,#7076);
#5685=LINE('',#14141,#7077);
#5686=LINE('',#14142,#7078);
#5687=LINE('',#14144,#7079);
#5688=LINE('',#14145,#7080);
#5689=LINE('',#14147,#7081);
#5690=LINE('',#14148,#7082);
#5691=LINE('',#14150,#7083);
#5692=LINE('',#14151,#7084);
#5693=LINE('',#14153,#7085);
#5694=LINE('',#14154,#7086);
#5695=LINE('',#14156,#7087);
#5696=LINE('',#14157,#7088);
#5697=LINE('',#14159,#7089);
#5698=LINE('',#14160,#7090);
#5699=LINE('',#14162,#7091);
#5700=LINE('',#14163,#7092);
#5701=LINE('',#14165,#7093);
#5702=LINE('',#14166,#7094);
#5703=LINE('',#14168,#7095);
#5704=LINE('',#14169,#7096);
#5705=LINE('',#14171,#7097);
#5706=LINE('',#14172,#7098);
#5707=LINE('',#14174,#7099);
#5708=LINE('',#14175,#7100);
#5709=LINE('',#14177,#7101);
#5710=LINE('',#14179,#7102);
#5711=LINE('',#14181,#7103);
#5712=LINE('',#14183,#7104);
#5713=LINE('',#14184,#7105);
#5714=LINE('',#14185,#7106);
#5715=LINE('',#14187,#7107);
#5716=LINE('',#14188,#7108);
#5717=LINE('',#14189,#7109);
#5718=LINE('',#14191,#7110);
#5719=LINE('',#14193,#7111);
#5720=LINE('',#14195,#7112);
#5721=LINE('',#14196,#7113);
#5722=LINE('',#14198,#7114);
#5723=LINE('',#14200,#7115);
#5724=LINE('',#14202,#7116);
#5725=LINE('',#14203,#7117);
#5726=LINE('',#14205,#7118);
#5727=LINE('',#14207,#7119);
#5728=LINE('',#14217,#7120);
#5729=LINE('',#14219,#7121);
#5730=LINE('',#14221,#7122);
#5731=LINE('',#14222,#7123);
#5732=LINE('',#14224,#7124);
#5733=LINE('',#14226,#7125);
#5734=LINE('',#14228,#7126);
#5735=LINE('',#14230,#7127);
#5736=LINE('',#14232,#7128);
#5737=LINE('',#14233,#7129);
#5738=LINE('',#14235,#7130);
#5739=LINE('',#14238,#7131);
#5740=LINE('',#14242,#7132);
#5741=LINE('',#14245,#7133);
#5742=LINE('',#14249,#7134);
#5743=LINE('',#14252,#7135);
#5744=LINE('',#14254,#7136);
#5745=LINE('',#14256,#7137);
#5746=LINE('',#14258,#7138);
#5747=LINE('',#14261,#7139);
#5748=LINE('',#14263,#7140);
#5749=LINE('',#14265,#7141);
#5750=LINE('',#14267,#7142);
#5751=LINE('',#14270,#7143);
#5752=LINE('',#14272,#7144);
#5753=LINE('',#14274,#7145);
#5754=LINE('',#14276,#7146);
#5755=LINE('',#14279,#7147);
#5756=LINE('',#14281,#7148);
#5757=LINE('',#14283,#7149);
#5758=LINE('',#14285,#7150);
#5759=LINE('',#14288,#7151);
#5760=LINE('',#14290,#7152);
#5761=LINE('',#14292,#7153);
#5762=LINE('',#14294,#7154);
#5763=LINE('',#14297,#7155);
#5764=LINE('',#14299,#7156);
#5765=LINE('',#14301,#7157);
#5766=LINE('',#14303,#7158);
#5767=LINE('',#14306,#7159);
#5768=LINE('',#14308,#7160);
#5769=LINE('',#14310,#7161);
#5770=LINE('',#14312,#7162);
#5771=LINE('',#14315,#7163);
#5772=LINE('',#14317,#7164);
#5773=LINE('',#14319,#7165);
#5774=LINE('',#14321,#7166);
#5775=LINE('',#14324,#7167);
#5776=LINE('',#14326,#7168);
#5777=LINE('',#14328,#7169);
#5778=LINE('',#14330,#7170);
#5779=LINE('',#14333,#7171);
#5780=LINE('',#14335,#7172);
#5781=LINE('',#14337,#7173);
#5782=LINE('',#14339,#7174);
#5783=LINE('',#14342,#7175);
#5784=LINE('',#14344,#7176);
#5785=LINE('',#14346,#7177);
#5786=LINE('',#14348,#7178);
#5787=LINE('',#14351,#7179);
#5788=LINE('',#14353,#7180);
#5789=LINE('',#14355,#7181);
#5790=LINE('',#14357,#7182);
#5791=LINE('',#14360,#7183);
#5792=LINE('',#14362,#7184);
#5793=LINE('',#14364,#7185);
#5794=LINE('',#14366,#7186);
#5795=LINE('',#14369,#7187);
#5796=LINE('',#14371,#7188);
#5797=LINE('',#14373,#7189);
#5798=LINE('',#14375,#7190);
#5799=LINE('',#14378,#7191);
#5800=LINE('',#14380,#7192);
#5801=LINE('',#14382,#7193);
#5802=LINE('',#14384,#7194);
#5803=LINE('',#14387,#7195);
#5804=LINE('',#14389,#7196);
#5805=LINE('',#14391,#7197);
#5806=LINE('',#14393,#7198);
#5807=LINE('',#14396,#7199);
#5808=LINE('',#14398,#7200);
#5809=LINE('',#14400,#7201);
#5810=LINE('',#14402,#7202);
#5811=LINE('',#14405,#7203);
#5812=LINE('',#14407,#7204);
#5813=LINE('',#14409,#7205);
#5814=LINE('',#14411,#7206);
#5815=LINE('',#14414,#7207);
#5816=LINE('',#14416,#7208);
#5817=LINE('',#14418,#7209);
#5818=LINE('',#14420,#7210);
#5819=LINE('',#14423,#7211);
#5820=LINE('',#14425,#7212);
#5821=LINE('',#14427,#7213);
#5822=LINE('',#14429,#7214);
#5823=LINE('',#14432,#7215);
#5824=LINE('',#14434,#7216);
#5825=LINE('',#14436,#7217);
#5826=LINE('',#14438,#7218);
#5827=LINE('',#14441,#7219);
#5828=LINE('',#14443,#7220);
#5829=LINE('',#14445,#7221);
#5830=LINE('',#14447,#7222);
#5831=LINE('',#14449,#7223);
#5832=LINE('',#14451,#7224);
#5833=LINE('',#14453,#7225);
#5834=LINE('',#14455,#7226);
#5835=LINE('',#14457,#7227);
#5836=LINE('',#14459,#7228);
#5837=LINE('',#14461,#7229);
#5838=LINE('',#14463,#7230);
#5839=LINE('',#14465,#7231);
#5840=LINE('',#14467,#7232);
#5841=LINE('',#14469,#7233);
#5842=LINE('',#14471,#7234);
#5843=LINE('',#14473,#7235);
#5844=LINE('',#14475,#7236);
#5845=LINE('',#14477,#7237);
#5846=LINE('',#14479,#7238);
#5847=LINE('',#14481,#7239);
#5848=LINE('',#14483,#7240);
#5849=LINE('',#14485,#7241);
#5850=LINE('',#14487,#7242);
#5851=LINE('',#14489,#7243);
#5852=LINE('',#14491,#7244);
#5853=LINE('',#14493,#7245);
#5854=LINE('',#14495,#7246);
#5855=LINE('',#14497,#7247);
#5856=LINE('',#14499,#7248);
#5857=LINE('',#14501,#7249);
#5858=LINE('',#14503,#7250);
#5859=LINE('',#14505,#7251);
#5860=LINE('',#14507,#7252);
#5861=LINE('',#14509,#7253);
#5862=LINE('',#14511,#7254);
#5863=LINE('',#14513,#7255);
#5864=LINE('',#14515,#7256);
#5865=LINE('',#14517,#7257);
#5866=LINE('',#14519,#7258);
#5867=LINE('',#14521,#7259);
#5868=LINE('',#14523,#7260);
#5869=LINE('',#14525,#7261);
#5870=LINE('',#14527,#7262);
#5871=LINE('',#14529,#7263);
#5872=LINE('',#14531,#7264);
#5873=LINE('',#14533,#7265);
#5874=LINE('',#14535,#7266);
#5875=LINE('',#14537,#7267);
#5876=LINE('',#14539,#7268);
#5877=LINE('',#14541,#7269);
#5878=LINE('',#14543,#7270);
#5879=LINE('',#14545,#7271);
#5880=LINE('',#14547,#7272);
#5881=LINE('',#14549,#7273);
#5882=LINE('',#14551,#7274);
#5883=LINE('',#14553,#7275);
#5884=LINE('',#14555,#7276);
#5885=LINE('',#14557,#7277);
#5886=LINE('',#14559,#7278);
#5887=LINE('',#14561,#7279);
#5888=LINE('',#14563,#7280);
#5889=LINE('',#14565,#7281);
#5890=LINE('',#14567,#7282);
#5891=LINE('',#14569,#7283);
#5892=LINE('',#14571,#7284);
#5893=LINE('',#14573,#7285);
#5894=LINE('',#14575,#7286);
#5895=LINE('',#14577,#7287);
#5896=LINE('',#14579,#7288);
#5897=LINE('',#14581,#7289);
#5898=LINE('',#14583,#7290);
#5899=LINE('',#14585,#7291);
#5900=LINE('',#14587,#7292);
#5901=LINE('',#14589,#7293);
#5902=LINE('',#14591,#7294);
#5903=LINE('',#14593,#7295);
#5904=LINE('',#14595,#7296);
#5905=LINE('',#14597,#7297);
#5906=LINE('',#14599,#7298);
#5907=LINE('',#14601,#7299);
#5908=LINE('',#14603,#7300);
#5909=LINE('',#14605,#7301);
#5910=LINE('',#14607,#7302);
#5911=LINE('',#14609,#7303);
#5912=LINE('',#14611,#7304);
#5913=LINE('',#14613,#7305);
#5914=LINE('',#14615,#7306);
#5915=LINE('',#14617,#7307);
#5916=LINE('',#14619,#7308);
#5917=LINE('',#14621,#7309);
#5918=LINE('',#14623,#7310);
#5919=LINE('',#14625,#7311);
#5920=LINE('',#14627,#7312);
#5921=LINE('',#14629,#7313);
#5922=LINE('',#14631,#7314);
#5923=LINE('',#14633,#7315);
#5924=LINE('',#14635,#7316);
#5925=LINE('',#14637,#7317);
#5926=LINE('',#14639,#7318);
#5927=LINE('',#14641,#7319);
#5928=LINE('',#14643,#7320);
#5929=LINE('',#14645,#7321);
#5930=LINE('',#14647,#7322);
#5931=LINE('',#14649,#7323);
#5932=LINE('',#14651,#7324);
#5933=LINE('',#14653,#7325);
#5934=LINE('',#14655,#7326);
#5935=LINE('',#14657,#7327);
#5936=LINE('',#14659,#7328);
#5937=LINE('',#14661,#7329);
#5938=LINE('',#14663,#7330);
#5939=LINE('',#14665,#7331);
#5940=LINE('',#14667,#7332);
#5941=LINE('',#14669,#7333);
#5942=LINE('',#14671,#7334);
#5943=LINE('',#14673,#7335);
#5944=LINE('',#14675,#7336);
#5945=LINE('',#14677,#7337);
#5946=LINE('',#14679,#7338);
#5947=LINE('',#14681,#7339);
#5948=LINE('',#14683,#7340);
#5949=LINE('',#14685,#7341);
#5950=LINE('',#14687,#7342);
#5951=LINE('',#14689,#7343);
#5952=LINE('',#14691,#7344);
#5953=LINE('',#14693,#7345);
#5954=LINE('',#14695,#7346);
#5955=LINE('',#14697,#7347);
#5956=LINE('',#14699,#7348);
#5957=LINE('',#14701,#7349);
#5958=LINE('',#14703,#7350);
#5959=LINE('',#14705,#7351);
#5960=LINE('',#14707,#7352);
#5961=LINE('',#14709,#7353);
#5962=LINE('',#14711,#7354);
#5963=LINE('',#14714,#7355);
#5964=LINE('',#14716,#7356);
#5965=LINE('',#14718,#7357);
#5966=LINE('',#14720,#7358);
#5967=LINE('',#14723,#7359);
#5968=LINE('',#14725,#7360);
#5969=LINE('',#14727,#7361);
#5970=LINE('',#14729,#7362);
#5971=LINE('',#14732,#7363);
#5972=LINE('',#14734,#7364);
#5973=LINE('',#14736,#7365);
#5974=LINE('',#14738,#7366);
#5975=LINE('',#14741,#7367);
#5976=LINE('',#14743,#7368);
#5977=LINE('',#14745,#7369);
#5978=LINE('',#14747,#7370);
#5979=LINE('',#14750,#7371);
#5980=LINE('',#14752,#7372);
#5981=LINE('',#14754,#7373);
#5982=LINE('',#14756,#7374);
#5983=LINE('',#14759,#7375);
#5984=LINE('',#14761,#7376);
#5985=LINE('',#14763,#7377);
#5986=LINE('',#14765,#7378);
#5987=LINE('',#14768,#7379);
#5988=LINE('',#14770,#7380);
#5989=LINE('',#14772,#7381);
#5990=LINE('',#14774,#7382);
#5991=LINE('',#14777,#7383);
#5992=LINE('',#14779,#7384);
#5993=LINE('',#14781,#7385);
#5994=LINE('',#14783,#7386);
#5995=LINE('',#14786,#7387);
#5996=LINE('',#14788,#7388);
#5997=LINE('',#14790,#7389);
#5998=LINE('',#14792,#7390);
#5999=LINE('',#14795,#7391);
#6000=LINE('',#14797,#7392);
#6001=LINE('',#14799,#7393);
#6002=LINE('',#14801,#7394);
#6003=LINE('',#14804,#7395);
#6004=LINE('',#14806,#7396);
#6005=LINE('',#14808,#7397);
#6006=LINE('',#14810,#7398);
#6007=LINE('',#14812,#7399);
#6008=LINE('',#14814,#7400);
#6009=LINE('',#14816,#7401);
#6010=LINE('',#14818,#7402);
#6011=LINE('',#14820,#7403);
#6012=LINE('',#14822,#7404);
#6013=LINE('',#14824,#7405);
#6014=LINE('',#14826,#7406);
#6015=LINE('',#14828,#7407);
#6016=LINE('',#14830,#7408);
#6017=LINE('',#14832,#7409);
#6018=LINE('',#14834,#7410);
#6019=LINE('',#14836,#7411);
#6020=LINE('',#14838,#7412);
#6021=LINE('',#14840,#7413);
#6022=LINE('',#14842,#7414);
#6023=LINE('',#14844,#7415);
#6024=LINE('',#14846,#7416);
#6025=LINE('',#14848,#7417);
#6026=LINE('',#14850,#7418);
#6027=LINE('',#14852,#7419);
#6028=LINE('',#14854,#7420);
#6029=LINE('',#14856,#7421);
#6030=LINE('',#14858,#7422);
#6031=LINE('',#14860,#7423);
#6032=LINE('',#14862,#7424);
#6033=LINE('',#14864,#7425);
#6034=LINE('',#14866,#7426);
#6035=LINE('',#14868,#7427);
#6036=LINE('',#14870,#7428);
#6037=LINE('',#14872,#7429);
#6038=LINE('',#14874,#7430);
#6039=LINE('',#14876,#7431);
#6040=LINE('',#14878,#7432);
#6041=LINE('',#14880,#7433);
#6042=LINE('',#14882,#7434);
#6043=LINE('',#14884,#7435);
#6044=LINE('',#14886,#7436);
#6045=LINE('',#14888,#7437);
#6046=LINE('',#14890,#7438);
#6047=LINE('',#14892,#7439);
#6048=LINE('',#14894,#7440);
#6049=LINE('',#14896,#7441);
#6050=LINE('',#14898,#7442);
#6051=LINE('',#14900,#7443);
#6052=LINE('',#14902,#7444);
#6053=LINE('',#14904,#7445);
#6054=LINE('',#14906,#7446);
#6055=LINE('',#14908,#7447);
#6056=LINE('',#14910,#7448);
#6057=LINE('',#14912,#7449);
#6058=LINE('',#14914,#7450);
#6059=LINE('',#14916,#7451);
#6060=LINE('',#14918,#7452);
#6061=LINE('',#14920,#7453);
#6062=LINE('',#14922,#7454);
#6063=LINE('',#14924,#7455);
#6064=LINE('',#14926,#7456);
#6065=LINE('',#14928,#7457);
#6066=LINE('',#14930,#7458);
#6067=LINE('',#14932,#7459);
#6068=LINE('',#14934,#7460);
#6069=LINE('',#14936,#7461);
#6070=LINE('',#14938,#7462);
#6071=LINE('',#14940,#7463);
#6072=LINE('',#14942,#7464);
#6073=LINE('',#14943,#7465);
#6074=LINE('',#14945,#7466);
#6075=LINE('',#14946,#7467);
#6076=LINE('',#14948,#7468);
#6077=LINE('',#14949,#7469);
#6078=LINE('',#14951,#7470);
#6079=LINE('',#14952,#7471);
#6080=LINE('',#14954,#7472);
#6081=LINE('',#14955,#7473);
#6082=LINE('',#14957,#7474);
#6083=LINE('',#14958,#7475);
#6084=LINE('',#14960,#7476);
#6085=LINE('',#14961,#7477);
#6086=LINE('',#14963,#7478);
#6087=LINE('',#14964,#7479);
#6088=LINE('',#14966,#7480);
#6089=LINE('',#14967,#7481);
#6090=LINE('',#14969,#7482);
#6091=LINE('',#14970,#7483);
#6092=LINE('',#14972,#7484);
#6093=LINE('',#14973,#7485);
#6094=LINE('',#14975,#7486);
#6095=LINE('',#14978,#7487);
#6096=LINE('',#14980,#7488);
#6097=LINE('',#14982,#7489);
#6098=LINE('',#14984,#7490);
#6099=LINE('',#14986,#7491);
#6100=LINE('',#14988,#7492);
#6101=LINE('',#14989,#7493);
#6102=LINE('',#14991,#7494);
#6103=LINE('',#14993,#7495);
#6104=LINE('',#14994,#7496);
#6105=LINE('',#14996,#7497);
#6106=LINE('',#14998,#7498);
#6107=LINE('',#14999,#7499);
#6108=LINE('',#15001,#7500);
#6109=LINE('',#15003,#7501);
#6110=LINE('',#15004,#7502);
#6111=LINE('',#15006,#7503);
#6112=LINE('',#15008,#7504);
#6113=LINE('',#15009,#7505);
#6114=LINE('',#15011,#7506);
#6115=LINE('',#15013,#7507);
#6116=LINE('',#15014,#7508);
#6117=LINE('',#15016,#7509);
#6118=LINE('',#15018,#7510);
#6119=LINE('',#15019,#7511);
#6120=LINE('',#15021,#7512);
#6121=LINE('',#15023,#7513);
#6122=LINE('',#15024,#7514);
#6123=LINE('',#15026,#7515);
#6124=LINE('',#15028,#7516);
#6125=LINE('',#15029,#7517);
#6126=LINE('',#15031,#7518);
#6127=LINE('',#15033,#7519);
#6128=LINE('',#15034,#7520);
#6129=LINE('',#15036,#7521);
#6130=LINE('',#15038,#7522);
#6131=LINE('',#15039,#7523);
#6132=LINE('',#15041,#7524);
#6133=LINE('',#15043,#7525);
#6134=LINE('',#15045,#7526);
#6135=LINE('',#15047,#7527);
#6136=LINE('',#15048,#7528);
#6137=LINE('',#15050,#7529);
#6138=LINE('',#15052,#7530);
#6139=LINE('',#15054,#7531);
#6140=LINE('',#15056,#7532);
#6141=LINE('',#15057,#7533);
#6142=LINE('',#15059,#7534);
#6143=LINE('',#15061,#7535);
#6144=LINE('',#15062,#7536);
#6145=LINE('',#15064,#7537);
#6146=LINE('',#15066,#7538);
#6147=LINE('',#15067,#7539);
#6148=LINE('',#15069,#7540);
#6149=LINE('',#15071,#7541);
#6150=LINE('',#15072,#7542);
#6151=LINE('',#15074,#7543);
#6152=LINE('',#15076,#7544);
#6153=LINE('',#15077,#7545);
#6154=LINE('',#15079,#7546);
#6155=LINE('',#15081,#7547);
#6156=LINE('',#15082,#7548);
#6157=LINE('',#15084,#7549);
#6158=LINE('',#15086,#7550);
#6159=LINE('',#15087,#7551);
#6160=LINE('',#15089,#7552);
#6161=LINE('',#15091,#7553);
#6162=LINE('',#15092,#7554);
#6163=LINE('',#15094,#7555);
#6164=LINE('',#15096,#7556);
#6165=LINE('',#15097,#7557);
#6166=LINE('',#15099,#7558);
#6167=LINE('',#15101,#7559);
#6168=LINE('',#15102,#7560);
#6169=LINE('',#15104,#7561);
#6170=LINE('',#15106,#7562);
#6171=LINE('',#15108,#7563);
#6172=LINE('',#15110,#7564);
#6173=LINE('',#15112,#7565);
#6174=LINE('',#15114,#7566);
#6175=LINE('',#15116,#7567);
#6176=LINE('',#15118,#7568);
#6177=LINE('',#15120,#7569);
#6178=LINE('',#15122,#7570);
#6179=LINE('',#15124,#7571);
#6180=LINE('',#15126,#7572);
#6181=LINE('',#15128,#7573);
#6182=LINE('',#15130,#7574);
#6183=LINE('',#15132,#7575);
#6184=LINE('',#15134,#7576);
#6185=LINE('',#15136,#7577);
#6186=LINE('',#15139,#7578);
#6187=LINE('',#15140,#7579);
#6188=LINE('',#15141,#7580);
#6189=LINE('',#15142,#7581);
#6190=LINE('',#15143,#7582);
#6191=LINE('',#15144,#7583);
#6192=LINE('',#15145,#7584);
#6193=LINE('',#15146,#7585);
#6194=LINE('',#15147,#7586);
#6195=LINE('',#15148,#7587);
#6196=LINE('',#15149,#7588);
#6197=LINE('',#15150,#7589);
#6198=LINE('',#15151,#7590);
#6199=LINE('',#15152,#7591);
#6200=LINE('',#15153,#7592);
#6201=LINE('',#15154,#7593);
#6202=LINE('',#15155,#7594);
#6203=LINE('',#15156,#7595);
#6204=LINE('',#15157,#7596);
#6205=LINE('',#15158,#7597);
#6206=LINE('',#15159,#7598);
#6207=LINE('',#15160,#7599);
#6208=LINE('',#15161,#7600);
#6209=LINE('',#15162,#7601);
#6210=LINE('',#15163,#7602);
#6211=LINE('',#15164,#7603);
#6212=LINE('',#15165,#7604);
#6213=LINE('',#15166,#7605);
#6214=LINE('',#15167,#7606);
#6215=LINE('',#15168,#7607);
#6216=LINE('',#15169,#7608);
#6217=LINE('',#15170,#7609);
#6218=LINE('',#15171,#7610);
#6219=LINE('',#15172,#7611);
#6220=LINE('',#15173,#7612);
#6221=LINE('',#15174,#7613);
#6222=LINE('',#15175,#7614);
#6223=LINE('',#15176,#7615);
#6224=LINE('',#15177,#7616);
#6225=LINE('',#15178,#7617);
#6226=LINE('',#15179,#7618);
#6227=LINE('',#15180,#7619);
#6228=LINE('',#15181,#7620);
#6229=LINE('',#15182,#7621);
#6230=LINE('',#15183,#7622);
#6231=LINE('',#15184,#7623);
#6232=LINE('',#15186,#7624);
#6233=LINE('',#15188,#7625);
#6234=LINE('',#15190,#7626);
#6235=LINE('',#15192,#7627);
#6236=LINE('',#15194,#7628);
#6237=LINE('',#15196,#7629);
#6238=LINE('',#15198,#7630);
#6239=LINE('',#15200,#7631);
#6240=LINE('',#15202,#7632);
#6241=LINE('',#15204,#7633);
#6242=LINE('',#15205,#7634);
#6243=LINE('',#15207,#7635);
#6244=LINE('',#15208,#7636);
#6245=LINE('',#15210,#7637);
#6246=LINE('',#15211,#7638);
#6247=LINE('',#15217,#7639);
#6248=LINE('',#15219,#7640);
#6249=LINE('',#15223,#7641);
#6250=LINE('',#15225,#7642);
#6251=LINE('',#15229,#7643);
#6252=LINE('',#15231,#7644);
#6253=LINE('',#15235,#7645);
#6254=LINE('',#15237,#7646);
#6255=LINE('',#15241,#7647);
#6256=LINE('',#15243,#7648);
#6257=LINE('',#15247,#7649);
#6258=LINE('',#15249,#7650);
#6259=LINE('',#15253,#7651);
#6260=LINE('',#15255,#7652);
#6261=LINE('',#15259,#7653);
#6262=LINE('',#15261,#7654);
#6263=LINE('',#15265,#7655);
#6264=LINE('',#15267,#7656);
#6265=LINE('',#15271,#7657);
#6266=LINE('',#15273,#7658);
#6267=LINE('',#15277,#7659);
#6268=LINE('',#15279,#7660);
#6269=LINE('',#15283,#7661);
#6270=LINE('',#15285,#7662);
#6271=LINE('',#15289,#7663);
#6272=LINE('',#15291,#7664);
#6273=LINE('',#15295,#7665);
#6274=LINE('',#15297,#7666);
#6275=LINE('',#15301,#7667);
#6276=LINE('',#15303,#7668);
#6277=LINE('',#15307,#7669);
#6278=LINE('',#15309,#7670);
#6279=LINE('',#15313,#7671);
#6280=LINE('',#15315,#7672);
#6281=LINE('',#15319,#7673);
#6282=LINE('',#15321,#7674);
#6283=LINE('',#15325,#7675);
#6284=LINE('',#15327,#7676);
#6285=LINE('',#15331,#7677);
#6286=LINE('',#15333,#7678);
#6287=LINE('',#15337,#7679);
#6288=LINE('',#15339,#7680);
#6289=LINE('',#15343,#7681);
#6290=LINE('',#15345,#7682);
#6291=LINE('',#15350,#7683);
#6292=LINE('',#15353,#7684);
#6293=LINE('',#15355,#7685);
#6294=LINE('',#15357,#7686);
#6295=LINE('',#15359,#7687);
#6296=LINE('',#15362,#7688);
#6297=LINE('',#15364,#7689);
#6298=LINE('',#15366,#7690);
#6299=LINE('',#15368,#7691);
#6300=LINE('',#15371,#7692);
#6301=LINE('',#15373,#7693);
#6302=LINE('',#15375,#7694);
#6303=LINE('',#15377,#7695);
#6304=LINE('',#15380,#7696);
#6305=LINE('',#15382,#7697);
#6306=LINE('',#15384,#7698);
#6307=LINE('',#15386,#7699);
#6308=LINE('',#15389,#7700);
#6309=LINE('',#15391,#7701);
#6310=LINE('',#15393,#7702);
#6311=LINE('',#15395,#7703);
#6312=LINE('',#15398,#7704);
#6313=LINE('',#15400,#7705);
#6314=LINE('',#15402,#7706);
#6315=LINE('',#15404,#7707);
#6316=LINE('',#15407,#7708);
#6317=LINE('',#15409,#7709);
#6318=LINE('',#15411,#7710);
#6319=LINE('',#15413,#7711);
#6320=LINE('',#15416,#7712);
#6321=LINE('',#15418,#7713);
#6322=LINE('',#15420,#7714);
#6323=LINE('',#15422,#7715);
#6324=LINE('',#15425,#7716);
#6325=LINE('',#15427,#7717);
#6326=LINE('',#15429,#7718);
#6327=LINE('',#15431,#7719);
#6328=LINE('',#15434,#7720);
#6329=LINE('',#15436,#7721);
#6330=LINE('',#15438,#7722);
#6331=LINE('',#15440,#7723);
#6332=LINE('',#15443,#7724);
#6333=LINE('',#15445,#7725);
#6334=LINE('',#15447,#7726);
#6335=LINE('',#15449,#7727);
#6336=LINE('',#15451,#7728);
#6337=LINE('',#15453,#7729);
#6338=LINE('',#15455,#7730);
#6339=LINE('',#15457,#7731);
#6340=LINE('',#15459,#7732);
#6341=LINE('',#15461,#7733);
#6342=LINE('',#15463,#7734);
#6343=LINE('',#15465,#7735);
#6344=LINE('',#15467,#7736);
#6345=LINE('',#15469,#7737);
#6346=LINE('',#15471,#7738);
#6347=LINE('',#15473,#7739);
#6348=LINE('',#15475,#7740);
#6349=LINE('',#15477,#7741);
#6350=LINE('',#15479,#7742);
#6351=LINE('',#15481,#7743);
#6352=LINE('',#15483,#7744);
#6353=LINE('',#15485,#7745);
#6354=LINE('',#15487,#7746);
#6355=LINE('',#15489,#7747);
#6356=LINE('',#15491,#7748);
#6357=LINE('',#15493,#7749);
#6358=LINE('',#15495,#7750);
#6359=LINE('',#15497,#7751);
#6360=LINE('',#15499,#7752);
#6361=LINE('',#15501,#7753);
#6362=LINE('',#15503,#7754);
#6363=LINE('',#15505,#7755);
#6364=LINE('',#15507,#7756);
#6365=LINE('',#15509,#7757);
#6366=LINE('',#15511,#7758);
#6367=LINE('',#15513,#7759);
#6368=LINE('',#15515,#7760);
#6369=LINE('',#15517,#7761);
#6370=LINE('',#15519,#7762);
#6371=LINE('',#15521,#7763);
#6372=LINE('',#15523,#7764);
#6373=LINE('',#15525,#7765);
#6374=LINE('',#15527,#7766);
#6375=LINE('',#15529,#7767);
#6376=LINE('',#15531,#7768);
#6377=LINE('',#15533,#7769);
#6378=LINE('',#15535,#7770);
#6379=LINE('',#15537,#7771);
#6380=LINE('',#15539,#7772);
#6381=LINE('',#15541,#7773);
#6382=LINE('',#15543,#7774);
#6383=LINE('',#15545,#7775);
#6384=LINE('',#15547,#7776);
#6385=LINE('',#15549,#7777);
#6386=LINE('',#15551,#7778);
#6387=LINE('',#15553,#7779);
#6388=LINE('',#15555,#7780);
#6389=LINE('',#15557,#7781);
#6390=LINE('',#15559,#7782);
#6391=LINE('',#15561,#7783);
#6392=LINE('',#15563,#7784);
#6393=LINE('',#15565,#7785);
#6394=LINE('',#15567,#7786);
#6395=LINE('',#15569,#7787);
#6396=LINE('',#15571,#7788);
#6397=LINE('',#15573,#7789);
#6398=LINE('',#15575,#7790);
#6399=LINE('',#15577,#7791);
#6400=LINE('',#15579,#7792);
#6401=LINE('',#15585,#7793);
#6402=LINE('',#15589,#7794);
#6403=LINE('',#15595,#7795);
#6404=LINE('',#15601,#7796);
#6405=LINE('',#15607,#7797);
#6406=LINE('',#15613,#7798);
#6407=LINE('',#15619,#7799);
#6408=LINE('',#15625,#7800);
#6409=LINE('',#15631,#7801);
#6410=LINE('',#15637,#7802);
#6411=LINE('',#15643,#7803);
#6412=LINE('',#15647,#7804);
#6413=LINE('',#15649,#7805);
#6414=LINE('',#15651,#7806);
#6415=LINE('',#15653,#7807);
#6416=LINE('',#15655,#7808);
#6417=LINE('',#15657,#7809);
#6418=LINE('',#15659,#7810);
#6419=LINE('',#15661,#7811);
#6420=LINE('',#15663,#7812);
#6421=LINE('',#15665,#7813);
#6422=LINE('',#15667,#7814);
#6423=LINE('',#15669,#7815);
#6424=LINE('',#15671,#7816);
#6425=LINE('',#15673,#7817);
#6426=LINE('',#15675,#7818);
#6427=LINE('',#15677,#7819);
#6428=LINE('',#15679,#7820);
#6429=LINE('',#15681,#7821);
#6430=LINE('',#15683,#7822);
#6431=LINE('',#15685,#7823);
#6432=LINE('',#15687,#7824);
#6433=LINE('',#15689,#7825);
#6434=LINE('',#15691,#7826);
#6435=LINE('',#15693,#7827);
#6436=LINE('',#15695,#7828);
#6437=LINE('',#15697,#7829);
#6438=LINE('',#15699,#7830);
#6439=LINE('',#15701,#7831);
#6440=LINE('',#15703,#7832);
#6441=LINE('',#15705,#7833);
#6442=LINE('',#15707,#7834);
#6443=LINE('',#15709,#7835);
#6444=LINE('',#15711,#7836);
#6445=LINE('',#15713,#7837);
#6446=LINE('',#15716,#7838);
#6447=LINE('',#15718,#7839);
#6448=LINE('',#15720,#7840);
#6449=LINE('',#15722,#7841);
#6450=LINE('',#15725,#7842);
#6451=LINE('',#15727,#7843);
#6452=LINE('',#15729,#7844);
#6453=LINE('',#15731,#7845);
#6454=LINE('',#15734,#7846);
#6455=LINE('',#15736,#7847);
#6456=LINE('',#15738,#7848);
#6457=LINE('',#15740,#7849);
#6458=LINE('',#15743,#7850);
#6459=LINE('',#15745,#7851);
#6460=LINE('',#15747,#7852);
#6461=LINE('',#15749,#7853);
#6462=LINE('',#15752,#7854);
#6463=LINE('',#15754,#7855);
#6464=LINE('',#15756,#7856);
#6465=LINE('',#15758,#7857);
#6466=LINE('',#15761,#7858);
#6467=LINE('',#15763,#7859);
#6468=LINE('',#15765,#7860);
#6469=LINE('',#15767,#7861);
#6470=LINE('',#15770,#7862);
#6471=LINE('',#15772,#7863);
#6472=LINE('',#15774,#7864);
#6473=LINE('',#15776,#7865);
#6474=LINE('',#15779,#7866);
#6475=LINE('',#15781,#7867);
#6476=LINE('',#15783,#7868);
#6477=LINE('',#15785,#7869);
#6478=LINE('',#15788,#7870);
#6479=LINE('',#15790,#7871);
#6480=LINE('',#15792,#7872);
#6481=LINE('',#15794,#7873);
#6482=LINE('',#15797,#7874);
#6483=LINE('',#15799,#7875);
#6484=LINE('',#15801,#7876);
#6485=LINE('',#15803,#7877);
#6486=LINE('',#15806,#7878);
#6487=LINE('',#15808,#7879);
#6488=LINE('',#15810,#7880);
#6489=LINE('',#15816,#7881);
#6490=LINE('',#15820,#7882);
#6491=LINE('',#15826,#7883);
#6492=LINE('',#15832,#7884);
#6493=LINE('',#15838,#7885);
#6494=LINE('',#15844,#7886);
#6495=LINE('',#15850,#7887);
#6496=LINE('',#15856,#7888);
#6497=LINE('',#15862,#7889);
#6498=LINE('',#15868,#7890);
#6499=LINE('',#15874,#7891);
#6500=LINE('',#15878,#7892);
#6501=LINE('',#15880,#7893);
#6502=LINE('',#15882,#7894);
#6503=LINE('',#15884,#7895);
#6504=LINE('',#15886,#7896);
#6505=LINE('',#15888,#7897);
#6506=LINE('',#15890,#7898);
#6507=LINE('',#15892,#7899);
#6508=LINE('',#15894,#7900);
#6509=LINE('',#15896,#7901);
#6510=LINE('',#15898,#7902);
#6511=LINE('',#15900,#7903);
#6512=LINE('',#15902,#7904);
#6513=LINE('',#15904,#7905);
#6514=LINE('',#15906,#7906);
#6515=LINE('',#15908,#7907);
#6516=LINE('',#15910,#7908);
#6517=LINE('',#15912,#7909);
#6518=LINE('',#15914,#7910);
#6519=LINE('',#15916,#7911);
#6520=LINE('',#15918,#7912);
#6521=LINE('',#15920,#7913);
#6522=LINE('',#15922,#7914);
#6523=LINE('',#15924,#7915);
#6524=LINE('',#15926,#7916);
#6525=LINE('',#15928,#7917);
#6526=LINE('',#15930,#7918);
#6527=LINE('',#15932,#7919);
#6528=LINE('',#15934,#7920);
#6529=LINE('',#15936,#7921);
#6530=LINE('',#15938,#7922);
#6531=LINE('',#15940,#7923);
#6532=LINE('',#15942,#7924);
#6533=LINE('',#15944,#7925);
#6534=LINE('',#15946,#7926);
#6535=LINE('',#15948,#7927);
#6536=LINE('',#15950,#7928);
#6537=LINE('',#15952,#7929);
#6538=LINE('',#15954,#7930);
#6539=LINE('',#15956,#7931);
#6540=LINE('',#15958,#7932);
#6541=LINE('',#15960,#7933);
#6542=LINE('',#15962,#7934);
#6543=LINE('',#15964,#7935);
#6544=LINE('',#15966,#7936);
#6545=LINE('',#15968,#7937);
#6546=LINE('',#15970,#7938);
#6547=LINE('',#15972,#7939);
#6548=LINE('',#15974,#7940);
#6549=LINE('',#15976,#7941);
#6550=LINE('',#15978,#7942);
#6551=LINE('',#15980,#7943);
#6552=LINE('',#15982,#7944);
#6553=LINE('',#15984,#7945);
#6554=LINE('',#15986,#7946);
#6555=LINE('',#15988,#7947);
#6556=LINE('',#15990,#7948);
#6557=LINE('',#15992,#7949);
#6558=LINE('',#15994,#7950);
#6559=LINE('',#15996,#7951);
#6560=LINE('',#15998,#7952);
#6561=LINE('',#16000,#7953);
#6562=LINE('',#16002,#7954);
#6563=LINE('',#16004,#7955);
#6564=LINE('',#16006,#7956);
#6565=LINE('',#16008,#7957);
#6566=LINE('',#16010,#7958);
#6567=LINE('',#16012,#7959);
#6568=LINE('',#16014,#7960);
#6569=LINE('',#16016,#7961);
#6570=LINE('',#16018,#7962);
#6571=LINE('',#16020,#7963);
#6572=LINE('',#16022,#7964);
#6573=LINE('',#16024,#7965);
#6574=LINE('',#16026,#7966);
#6575=LINE('',#16028,#7967);
#6576=LINE('',#16030,#7968);
#6577=LINE('',#16032,#7969);
#6578=LINE('',#16034,#7970);
#6579=LINE('',#16036,#7971);
#6580=LINE('',#16038,#7972);
#6581=LINE('',#16040,#7973);
#6582=LINE('',#16042,#7974);
#6583=LINE('',#16044,#7975);
#6584=LINE('',#16046,#7976);
#6585=LINE('',#16048,#7977);
#6586=LINE('',#16050,#7978);
#6587=LINE('',#16052,#7979);
#6588=LINE('',#16054,#7980);
#6589=LINE('',#16056,#7981);
#6590=LINE('',#16058,#7982);
#6591=LINE('',#16060,#7983);
#6592=LINE('',#16062,#7984);
#6593=LINE('',#16064,#7985);
#6594=LINE('',#16066,#7986);
#6595=LINE('',#16068,#7987);
#6596=LINE('',#16070,#7988);
#6597=LINE('',#16072,#7989);
#6598=LINE('',#16074,#7990);
#6599=LINE('',#16076,#7991);
#6600=LINE('',#16079,#7992);
#6601=LINE('',#16081,#7993);
#6602=LINE('',#16083,#7994);
#6603=LINE('',#16085,#7995);
#6604=LINE('',#16087,#7996);
#6605=LINE('',#16089,#7997);
#6606=LINE('',#16091,#7998);
#6607=LINE('',#16093,#7999);
#6608=LINE('',#16095,#8000);
#6609=LINE('',#16099,#8001);
#6610=LINE('',#16103,#8002);
#6611=LINE('',#16105,#8003);
#6612=LINE('',#16107,#8004);
#6613=LINE('',#16109,#8005);
#6614=LINE('',#16111,#8006);
#6615=LINE('',#16113,#8007);
#6616=LINE('',#16114,#8008);
#6617=LINE('',#16116,#8009);
#6618=LINE('',#16118,#8010);
#6619=LINE('',#16119,#8011);
#6620=LINE('',#16121,#8012);
#6621=LINE('',#16123,#8013);
#6622=LINE('',#16124,#8014);
#6623=LINE('',#16126,#8015);
#6624=LINE('',#16128,#8016);
#6625=LINE('',#16129,#8017);
#6626=LINE('',#16131,#8018);
#6627=LINE('',#16133,#8019);
#6628=LINE('',#16134,#8020);
#6629=LINE('',#16136,#8021);
#6630=LINE('',#16138,#8022);
#6631=LINE('',#16139,#8023);
#6632=LINE('',#16141,#8024);
#6633=LINE('',#16143,#8025);
#6634=LINE('',#16144,#8026);
#6635=LINE('',#16146,#8027);
#6636=LINE('',#16148,#8028);
#6637=LINE('',#16149,#8029);
#6638=LINE('',#16151,#8030);
#6639=LINE('',#16153,#8031);
#6640=LINE('',#16154,#8032);
#6641=LINE('',#16156,#8033);
#6642=LINE('',#16158,#8034);
#6643=LINE('',#16159,#8035);
#6644=LINE('',#16161,#8036);
#6645=LINE('',#16163,#8037);
#6646=LINE('',#16164,#8038);
#6647=LINE('',#16165,#8039);
#6648=LINE('',#16167,#8040);
#6649=LINE('',#16169,#8041);
#6650=LINE('',#16170,#8042);
#6651=LINE('',#16172,#8043);
#6652=LINE('',#16174,#8044);
#6653=LINE('',#16175,#8045);
#6654=LINE('',#16177,#8046);
#6655=LINE('',#16179,#8047);
#6656=LINE('',#16180,#8048);
#6657=LINE('',#16182,#8049);
#6658=LINE('',#16184,#8050);
#6659=LINE('',#16185,#8051);
#6660=LINE('',#16187,#8052);
#6661=LINE('',#16189,#8053);
#6662=LINE('',#16190,#8054);
#6663=LINE('',#16192,#8055);
#6664=LINE('',#16194,#8056);
#6665=LINE('',#16195,#8057);
#6666=LINE('',#16197,#8058);
#6667=LINE('',#16199,#8059);
#6668=LINE('',#16200,#8060);
#6669=LINE('',#16202,#8061);
#6670=LINE('',#16204,#8062);
#6671=LINE('',#16205,#8063);
#6672=LINE('',#16207,#8064);
#6673=LINE('',#16209,#8065);
#6674=LINE('',#16210,#8066);
#6675=LINE('',#16212,#8067);
#6676=LINE('',#16214,#8068);
#6677=LINE('',#16215,#8069);
#6678=LINE('',#16217,#8070);
#6679=LINE('',#16219,#8071);
#6680=LINE('',#16221,#8072);
#6681=LINE('',#16223,#8073);
#6682=LINE('',#16225,#8074);
#6683=LINE('',#16227,#8075);
#6684=LINE('',#16229,#8076);
#6685=LINE('',#16233,#8077);
#6686=LINE('',#16237,#8078);
#6687=LINE('',#16239,#8079);
#6688=LINE('',#16241,#8080);
#6689=LINE('',#16243,#8081);
#6690=LINE('',#16245,#8082);
#6691=LINE('',#16247,#8083);
#6692=LINE('',#16249,#8084);
#6693=LINE('',#16251,#8085);
#6694=LINE('',#16253,#8086);
#6695=LINE('',#16255,#8087);
#6696=LINE('',#16256,#8088);
#6697=LINE('',#16258,#8089);
#6698=LINE('',#16260,#8090);
#6699=LINE('',#16261,#8091);
#6700=LINE('',#16262,#8092);
#6701=LINE('',#16263,#8093);
#6702=LINE('',#16264,#8094);
#6703=LINE('',#16265,#8095);
#6704=LINE('',#16266,#8096);
#6705=LINE('',#16267,#8097);
#6706=LINE('',#16268,#8098);
#6707=LINE('',#16269,#8099);
#6708=LINE('',#16270,#8100);
#6709=LINE('',#16271,#8101);
#6710=LINE('',#16272,#8102);
#6711=LINE('',#16273,#8103);
#6712=LINE('',#16274,#8104);
#6713=LINE('',#16275,#8105);
#6714=LINE('',#16276,#8106);
#6715=LINE('',#16277,#8107);
#6716=LINE('',#16278,#8108);
#6717=LINE('',#16279,#8109);
#6718=LINE('',#16280,#8110);
#6719=LINE('',#16281,#8111);
#6720=LINE('',#16283,#8112);
#6721=LINE('',#16284,#8113);
#6722=LINE('',#16285,#8114);
#6723=LINE('',#16286,#8115);
#6724=LINE('',#16287,#8116);
#6725=LINE('',#16288,#8117);
#6726=LINE('',#16289,#8118);
#6727=LINE('',#16290,#8119);
#6728=LINE('',#16291,#8120);
#6729=LINE('',#16292,#8121);
#6730=LINE('',#16293,#8122);
#6731=LINE('',#16294,#8123);
#6732=LINE('',#16295,#8124);
#6733=LINE('',#16296,#8125);
#6734=LINE('',#16297,#8126);
#6735=LINE('',#16298,#8127);
#6736=LINE('',#16299,#8128);
#6737=LINE('',#16300,#8129);
#6738=LINE('',#16301,#8130);
#6739=LINE('',#16302,#8131);
#6740=LINE('',#16303,#8132);
#6741=LINE('',#16304,#8133);
#6742=LINE('',#16305,#8134);
#6743=LINE('',#16306,#8135);
#6744=VECTOR('',#10916,39.3700787401575);
#6745=VECTOR('',#10917,39.3700787401575);
#6746=VECTOR('',#10918,39.3700787401575);
#6747=VECTOR('',#10919,39.3700787401575);
#6748=VECTOR('',#10920,39.3700787401575);
#6749=VECTOR('',#10921,39.3700787401575);
#6750=VECTOR('',#10922,39.3700787401575);
#6751=VECTOR('',#10923,39.3700787401575);
#6752=VECTOR('',#10924,39.3700787401575);
#6753=VECTOR('',#10925,39.3700787401575);
#6754=VECTOR('',#10928,39.3700787401575);
#6755=VECTOR('',#10929,39.3700787401575);
#6756=VECTOR('',#10930,39.3700787401575);
#6757=VECTOR('',#10931,39.3700787401575);
#6758=VECTOR('',#10932,39.3700787401575);
#6759=VECTOR('',#10935,39.3700787401575);
#6760=VECTOR('',#10936,39.3700787401575);
#6761=VECTOR('',#10937,39.3700787401575);
#6762=VECTOR('',#10938,39.3700787401575);
#6763=VECTOR('',#10939,39.3700787401575);
#6764=VECTOR('',#10942,39.3700787401575);
#6765=VECTOR('',#10943,39.3700787401575);
#6766=VECTOR('',#10946,39.3700787401575);
#6767=VECTOR('',#10947,39.3700787401575);
#6768=VECTOR('',#10950,39.3700787401575);
#6769=VECTOR('',#10951,39.3700787401575);
#6770=VECTOR('',#10952,39.3700787401575);
#6771=VECTOR('',#10953,39.3700787401575);
#6772=VECTOR('',#10956,39.3700787401575);
#6773=VECTOR('',#10957,39.3700787401575);
#6774=VECTOR('',#10958,39.3700787401575);
#6775=VECTOR('',#10959,39.3700787401575);
#6776=VECTOR('',#10962,39.3700787401575);
#6777=VECTOR('',#10963,39.3700787401575);
#6778=VECTOR('',#10964,39.3700787401575);
#6779=VECTOR('',#10965,39.3700787401575);
#6780=VECTOR('',#10968,39.3700787401575);
#6781=VECTOR('',#10969,39.3700787401575);
#6782=VECTOR('',#10970,39.3700787401575);
#6783=VECTOR('',#10971,39.3700787401575);
#6784=VECTOR('',#10974,39.3700787401575);
#6785=VECTOR('',#10975,39.3700787401575);
#6786=VECTOR('',#10976,39.3700787401575);
#6787=VECTOR('',#10977,39.3700787401575);
#6788=VECTOR('',#10980,39.3700787401575);
#6789=VECTOR('',#10981,39.3700787401575);
#6790=VECTOR('',#10982,39.3700787401575);
#6791=VECTOR('',#10985,39.3700787401575);
#6792=VECTOR('',#10986,39.3700787401575);
#6793=VECTOR('',#10987,39.3700787401575);
#6794=VECTOR('',#10990,39.3700787401575);
#6795=VECTOR('',#10991,39.3700787401575);
#6796=VECTOR('',#10992,39.3700787401575);
#6797=VECTOR('',#10993,39.3700787401575);
#6798=VECTOR('',#10996,39.3700787401575);
#6799=VECTOR('',#10997,39.3700787401575);
#6800=VECTOR('',#10998,39.3700787401575);
#6801=VECTOR('',#11001,39.3700787401575);
#6802=VECTOR('',#11002,39.3700787401575);
#6803=VECTOR('',#11003,39.3700787401575);
#6804=VECTOR('',#11006,39.3700787401575);
#6805=VECTOR('',#11007,39.3700787401575);
#6806=VECTOR('',#11008,39.3700787401575);
#6807=VECTOR('',#11009,39.3700787401575);
#6808=VECTOR('',#11012,39.3700787401575);
#6809=VECTOR('',#11013,39.3700787401575);
#6810=VECTOR('',#11014,39.3700787401575);
#6811=VECTOR('',#11017,39.3700787401575);
#6812=VECTOR('',#11018,39.3700787401575);
#6813=VECTOR('',#11019,39.3700787401575);
#6814=VECTOR('',#11022,39.3700787401575);
#6815=VECTOR('',#11023,39.3700787401575);
#6816=VECTOR('',#11024,39.3700787401575);
#6817=VECTOR('',#11025,39.3700787401575);
#6818=VECTOR('',#11028,39.3700787401575);
#6819=VECTOR('',#11029,39.3700787401575);
#6820=VECTOR('',#11030,39.3700787401575);
#6821=VECTOR('',#11033,39.3700787401575);
#6822=VECTOR('',#11034,39.3700787401575);
#6823=VECTOR('',#11035,39.3700787401575);
#6824=VECTOR('',#11038,39.3700787401575);
#6825=VECTOR('',#11039,39.3700787401575);
#6826=VECTOR('',#11040,39.3700787401575);
#6827=VECTOR('',#11041,39.3700787401575);
#6828=VECTOR('',#11044,39.3700787401575);
#6829=VECTOR('',#11045,39.3700787401575);
#6830=VECTOR('',#11046,39.3700787401575);
#6831=VECTOR('',#11049,39.3700787401575);
#6832=VECTOR('',#11050,39.3700787401575);
#6833=VECTOR('',#11051,39.3700787401575);
#6834=VECTOR('',#11054,39.3700787401575);
#6835=VECTOR('',#11055,39.3700787401575);
#6836=VECTOR('',#11056,39.3700787401575);
#6837=VECTOR('',#11057,39.3700787401575);
#6838=VECTOR('',#11060,39.3700787401575);
#6839=VECTOR('',#11061,39.3700787401575);
#6840=VECTOR('',#11062,39.3700787401575);
#6841=VECTOR('',#11065,39.3700787401575);
#6842=VECTOR('',#11066,39.3700787401575);
#6843=VECTOR('',#11067,39.3700787401575);
#6844=VECTOR('',#11070,39.3700787401575);
#6845=VECTOR('',#11071,39.3700787401575);
#6846=VECTOR('',#11072,39.3700787401575);
#6847=VECTOR('',#11073,39.3700787401575);
#6848=VECTOR('',#11076,39.3700787401575);
#6849=VECTOR('',#11077,39.3700787401575);
#6850=VECTOR('',#11078,39.3700787401575);
#6851=VECTOR('',#11081,39.3700787401575);
#6852=VECTOR('',#11082,39.3700787401575);
#6853=VECTOR('',#11083,39.3700787401575);
#6854=VECTOR('',#11086,39.3700787401575);
#6855=VECTOR('',#11087,39.3700787401575);
#6856=VECTOR('',#11088,39.3700787401575);
#6857=VECTOR('',#11089,39.3700787401575);
#6858=VECTOR('',#11092,39.3700787401575);
#6859=VECTOR('',#11093,39.3700787401575);
#6860=VECTOR('',#11094,39.3700787401575);
#6861=VECTOR('',#11097,39.3700787401575);
#6862=VECTOR('',#11098,39.3700787401575);
#6863=VECTOR('',#11099,39.3700787401575);
#6864=VECTOR('',#11102,39.3700787401575);
#6865=VECTOR('',#11103,39.3700787401575);
#6866=VECTOR('',#11106,39.3700787401575);
#6867=VECTOR('',#11107,39.3700787401575);
#6868=VECTOR('',#11110,39.3700787401575);
#6869=VECTOR('',#11111,39.3700787401575);
#6870=VECTOR('',#11114,39.3700787401575);
#6871=VECTOR('',#11115,39.3700787401575);
#6872=VECTOR('',#11118,39.3700787401575);
#6873=VECTOR('',#11119,39.3700787401575);
#6874=VECTOR('',#11122,39.3700787401575);
#6875=VECTOR('',#11123,39.3700787401575);
#6876=VECTOR('',#11126,39.3700787401575);
#6877=VECTOR('',#11127,39.3700787401575);
#6878=VECTOR('',#11130,39.3700787401575);
#6879=VECTOR('',#11131,39.3700787401575);
#6880=VECTOR('',#11134,39.3700787401575);
#6881=VECTOR('',#11135,39.3700787401575);
#6882=VECTOR('',#11136,39.3700787401575);
#6883=VECTOR('',#11137,39.3700787401575);
#6884=VECTOR('',#11140,39.3700787401575);
#6885=VECTOR('',#11141,39.3700787401575);
#6886=VECTOR('',#11142,39.3700787401575);
#6887=VECTOR('',#11143,39.3700787401575);
#6888=VECTOR('',#11146,39.3700787401575);
#6889=VECTOR('',#11147,39.3700787401575);
#6890=VECTOR('',#11148,39.3700787401575);
#6891=VECTOR('',#11149,39.3700787401575);
#6892=VECTOR('',#11150,39.3700787401575);
#6893=VECTOR('',#11151,39.3700787401575);
#6894=VECTOR('',#11152,39.3700787401575);
#6895=VECTOR('',#11153,39.3700787401575);
#6896=VECTOR('',#11156,39.3700787401575);
#6897=VECTOR('',#11157,39.3700787401575);
#6898=VECTOR('',#11158,39.3700787401575);
#6899=VECTOR('',#11159,39.3700787401575);
#6900=VECTOR('',#11162,39.3700787401575);
#6901=VECTOR('',#11163,39.3700787401575);
#6902=VECTOR('',#11164,39.3700787401575);
#6903=VECTOR('',#11165,39.3700787401575);
#6904=VECTOR('',#11166,39.3700787401575);
#6905=VECTOR('',#11167,39.3700787401575);
#6906=VECTOR('',#11168,39.3700787401575);
#6907=VECTOR('',#11169,39.3700787401575);
#6908=VECTOR('',#11170,39.3700787401575);
#6909=VECTOR('',#11173,39.3700787401575);
#6910=VECTOR('',#11174,39.3700787401575);
#6911=VECTOR('',#11175,39.3700787401575);
#6912=VECTOR('',#11176,39.3700787401575);
#6913=VECTOR('',#11179,39.3700787401575);
#6914=VECTOR('',#11180,39.3700787401575);
#6915=VECTOR('',#11181,39.3700787401575);
#6916=VECTOR('',#11184,39.3700787401575);
#6917=VECTOR('',#11185,39.3700787401575);
#6918=VECTOR('',#11186,39.3700787401575);
#6919=VECTOR('',#11189,39.3700787401575);
#6920=VECTOR('',#11190,39.3700787401575);
#6921=VECTOR('',#11191,39.3700787401575);
#6922=VECTOR('',#11192,39.3700787401575);
#6923=VECTOR('',#11195,39.3700787401575);
#6924=VECTOR('',#11196,39.3700787401575);
#6925=VECTOR('',#11197,39.3700787401575);
#6926=VECTOR('',#11200,39.3700787401575);
#6927=VECTOR('',#11201,39.3700787401575);
#6928=VECTOR('',#11202,39.3700787401575);
#6929=VECTOR('',#11205,39.3700787401575);
#6930=VECTOR('',#11206,39.3700787401575);
#6931=VECTOR('',#11207,39.3700787401575);
#6932=VECTOR('',#11208,39.3700787401575);
#6933=VECTOR('',#11211,39.3700787401575);
#6934=VECTOR('',#11212,39.3700787401575);
#6935=VECTOR('',#11213,39.3700787401575);
#6936=VECTOR('',#11216,39.3700787401575);
#6937=VECTOR('',#11217,39.3700787401575);
#6938=VECTOR('',#11218,39.3700787401575);
#6939=VECTOR('',#11221,39.3700787401575);
#6940=VECTOR('',#11222,39.3700787401575);
#6941=VECTOR('',#11223,39.3700787401575);
#6942=VECTOR('',#11224,39.3700787401575);
#6943=VECTOR('',#11227,39.3700787401575);
#6944=VECTOR('',#11228,39.3700787401575);
#6945=VECTOR('',#11229,39.3700787401575);
#6946=VECTOR('',#11232,39.3700787401575);
#6947=VECTOR('',#11233,39.3700787401575);
#6948=VECTOR('',#11234,39.3700787401575);
#6949=VECTOR('',#11237,39.3700787401575);
#6950=VECTOR('',#11238,39.3700787401575);
#6951=VECTOR('',#11239,39.3700787401575);
#6952=VECTOR('',#11240,39.3700787401575);
#6953=VECTOR('',#11243,39.3700787401575);
#6954=VECTOR('',#11244,39.3700787401575);
#6955=VECTOR('',#11245,39.3700787401575);
#6956=VECTOR('',#11248,39.3700787401575);
#6957=VECTOR('',#11249,39.3700787401575);
#6958=VECTOR('',#11250,39.3700787401575);
#6959=VECTOR('',#11253,39.3700787401575);
#6960=VECTOR('',#11254,39.3700787401575);
#6961=VECTOR('',#11255,39.3700787401575);
#6962=VECTOR('',#11256,39.3700787401575);
#6963=VECTOR('',#11259,39.3700787401575);
#6964=VECTOR('',#11260,39.3700787401575);
#6965=VECTOR('',#11261,39.3700787401575);
#6966=VECTOR('',#11264,39.3700787401575);
#6967=VECTOR('',#11265,39.3700787401575);
#6968=VECTOR('',#11266,39.3700787401575);
#6969=VECTOR('',#11269,39.3700787401575);
#6970=VECTOR('',#11270,39.3700787401575);
#6971=VECTOR('',#11271,39.3700787401575);
#6972=VECTOR('',#11272,39.3700787401575);
#6973=VECTOR('',#11275,39.3700787401575);
#6974=VECTOR('',#11276,39.3700787401575);
#6975=VECTOR('',#11277,39.3700787401575);
#6976=VECTOR('',#11280,39.3700787401575);
#6977=VECTOR('',#11281,39.3700787401575);
#6978=VECTOR('',#11282,39.3700787401575);
#6979=VECTOR('',#11285,39.3700787401575);
#6980=VECTOR('',#11286,39.3700787401575);
#6981=VECTOR('',#11287,39.3700787401575);
#6982=VECTOR('',#11288,39.3700787401575);
#6983=VECTOR('',#11291,39.3700787401575);
#6984=VECTOR('',#11292,39.3700787401575);
#6985=VECTOR('',#11293,39.3700787401575);
#6986=VECTOR('',#11296,39.3700787401575);
#6987=VECTOR('',#11297,39.3700787401575);
#6988=VECTOR('',#11298,39.3700787401575);
#6989=VECTOR('',#11301,39.3700787401575);
#6990=VECTOR('',#11302,39.3700787401575);
#6991=VECTOR('',#11303,39.3700787401575);
#6992=VECTOR('',#11304,39.3700787401575);
#6993=VECTOR('',#11307,39.3700787401575);
#6994=VECTOR('',#11308,39.3700787401575);
#6995=VECTOR('',#11309,39.3700787401575);
#6996=VECTOR('',#11312,39.3700787401575);
#6997=VECTOR('',#11313,39.3700787401575);
#6998=VECTOR('',#11314,39.3700787401575);
#6999=VECTOR('',#11317,39.3700787401575);
#7000=VECTOR('',#11318,39.3700787401575);
#7001=VECTOR('',#11319,39.3700787401575);
#7002=VECTOR('',#11320,39.3700787401575);
#7003=VECTOR('',#11323,39.3700787401575);
#7004=VECTOR('',#11324,39.3700787401575);
#7005=VECTOR('',#11325,39.3700787401575);
#7006=VECTOR('',#11328,39.3700787401575);
#7007=VECTOR('',#11329,39.3700787401575);
#7008=VECTOR('',#11330,39.3700787401575);
#7009=VECTOR('',#11333,39.3700787401575);
#7010=VECTOR('',#11334,39.3700787401575);
#7011=VECTOR('',#11335,39.3700787401575);
#7012=VECTOR('',#11336,39.3700787401575);
#7013=VECTOR('',#11339,39.3700787401575);
#7014=VECTOR('',#11340,39.3700787401575);
#7015=VECTOR('',#11341,39.3700787401575);
#7016=VECTOR('',#11344,39.3700787401575);
#7017=VECTOR('',#11345,39.3700787401575);
#7018=VECTOR('',#11346,39.3700787401575);
#7019=VECTOR('',#11349,39.3700787401575);
#7020=VECTOR('',#11350,39.3700787401575);
#7021=VECTOR('',#11351,39.3700787401575);
#7022=VECTOR('',#11352,39.3700787401575);
#7023=VECTOR('',#11355,39.3700787401575);
#7024=VECTOR('',#11356,39.3700787401575);
#7025=VECTOR('',#11357,39.3700787401575);
#7026=VECTOR('',#11360,39.3700787401575);
#7027=VECTOR('',#11361,39.3700787401575);
#7028=VECTOR('',#11362,39.3700787401575);
#7029=VECTOR('',#11365,39.3700787401575);
#7030=VECTOR('',#11366,39.3700787401575);
#7031=VECTOR('',#11367,39.3700787401575);
#7032=VECTOR('',#11368,39.3700787401575);
#7033=VECTOR('',#11371,39.3700787401575);
#7034=VECTOR('',#11372,39.3700787401575);
#7035=VECTOR('',#11373,39.3700787401575);
#7036=VECTOR('',#11376,39.3700787401575);
#7037=VECTOR('',#11377,39.3700787401575);
#7038=VECTOR('',#11378,39.3700787401575);
#7039=VECTOR('',#11381,39.3700787401575);
#7040=VECTOR('',#11382,39.3700787401575);
#7041=VECTOR('',#11383,39.3700787401575);
#7042=VECTOR('',#11384,39.3700787401575);
#7043=VECTOR('',#11387,39.3700787401575);
#7044=VECTOR('',#11388,39.3700787401575);
#7045=VECTOR('',#11389,39.3700787401575);
#7046=VECTOR('',#11392,39.3700787401575);
#7047=VECTOR('',#11393,39.3700787401575);
#7048=VECTOR('',#11394,39.3700787401575);
#7049=VECTOR('',#11397,39.3700787401575);
#7050=VECTOR('',#11398,39.3700787401575);
#7051=VECTOR('',#11399,39.3700787401575);
#7052=VECTOR('',#11400,39.3700787401575);
#7053=VECTOR('',#11403,39.3700787401575);
#7054=VECTOR('',#11404,39.3700787401575);
#7055=VECTOR('',#11405,39.3700787401575);
#7056=VECTOR('',#11408,39.3700787401575);
#7057=VECTOR('',#11409,39.3700787401575);
#7058=VECTOR('',#11410,39.3700787401575);
#7059=VECTOR('',#11413,39.3700787401575);
#7060=VECTOR('',#11414,39.3700787401575);
#7061=VECTOR('',#11415,39.3700787401575);
#7062=VECTOR('',#11416,39.3700787401575);
#7063=VECTOR('',#11419,39.3700787401575);
#7064=VECTOR('',#11420,39.3700787401575);
#7065=VECTOR('',#11421,39.3700787401575);
#7066=VECTOR('',#11424,39.3700787401575);
#7067=VECTOR('',#11425,39.3700787401575);
#7068=VECTOR('',#11426,39.3700787401575);
#7069=VECTOR('',#11429,39.3700787401575);
#7070=VECTOR('',#11430,39.3700787401575);
#7071=VECTOR('',#11433,39.3700787401575);
#7072=VECTOR('',#11434,39.3700787401575);
#7073=VECTOR('',#11437,39.3700787401575);
#7074=VECTOR('',#11438,39.3700787401575);
#7075=VECTOR('',#11441,39.3700787401575);
#7076=VECTOR('',#11442,39.3700787401575);
#7077=VECTOR('',#11445,39.3700787401575);
#7078=VECTOR('',#11446,39.3700787401575);
#7079=VECTOR('',#11449,39.3700787401575);
#7080=VECTOR('',#11450,39.3700787401575);
#7081=VECTOR('',#11453,39.3700787401575);
#7082=VECTOR('',#11454,39.3700787401575);
#7083=VECTOR('',#11457,39.3700787401575);
#7084=VECTOR('',#11458,39.3700787401575);
#7085=VECTOR('',#11461,39.3700787401575);
#7086=VECTOR('',#11462,39.3700787401575);
#7087=VECTOR('',#11465,39.3700787401575);
#7088=VECTOR('',#11466,39.3700787401575);
#7089=VECTOR('',#11469,39.3700787401575);
#7090=VECTOR('',#11470,39.3700787401575);
#7091=VECTOR('',#11473,39.3700787401575);
#7092=VECTOR('',#11474,39.3700787401575);
#7093=VECTOR('',#11477,39.3700787401575);
#7094=VECTOR('',#11478,39.3700787401575);
#7095=VECTOR('',#11481,39.3700787401575);
#7096=VECTOR('',#11482,39.3700787401575);
#7097=VECTOR('',#11485,39.3700787401575);
#7098=VECTOR('',#11486,39.3700787401575);
#7099=VECTOR('',#11489,39.3700787401575);
#7100=VECTOR('',#11490,39.3700787401575);
#7101=VECTOR('',#11493,39.3700787401575);
#7102=VECTOR('',#11494,39.3700787401575);
#7103=VECTOR('',#11495,39.3700787401575);
#7104=VECTOR('',#11498,39.3700787401575);
#7105=VECTOR('',#11499,39.3700787401575);
#7106=VECTOR('',#11500,39.3700787401575);
#7107=VECTOR('',#11503,39.3700787401575);
#7108=VECTOR('',#11504,39.3700787401575);
#7109=VECTOR('',#11505,39.3700787401575);
#7110=VECTOR('',#11506,39.3700787401575);
#7111=VECTOR('',#11507,39.3700787401575);
#7112=VECTOR('',#11510,39.3700787401575);
#7113=VECTOR('',#11511,39.3700787401575);
#7114=VECTOR('',#11514,39.3700787401575);
#7115=VECTOR('',#11517,39.3700787401575);
#7116=VECTOR('',#11520,39.3700787401575);
#7117=VECTOR('',#11521,39.3700787401575);
#7118=VECTOR('',#11524,39.3700787401575);
#7119=VECTOR('',#11527,39.3700787401575);
#7120=VECTOR('',#11546,39.3700787401575);
#7121=VECTOR('',#11549,39.3700787401575);
#7122=VECTOR('',#11552,39.3700787401575);
#7123=VECTOR('',#11553,39.3700787401575);
#7124=VECTOR('',#11554,39.3700787401575);
#7125=VECTOR('',#11555,39.3700787401575);
#7126=VECTOR('',#11558,39.3700787401575);
#7127=VECTOR('',#11559,39.3700787401575);
#7128=VECTOR('',#11560,39.3700787401575);
#7129=VECTOR('',#11561,39.3700787401575);
#7130=VECTOR('',#11564,39.3700787401575);
#7131=VECTOR('',#11569,39.3700787401575);
#7132=VECTOR('',#11576,39.3700787401575);
#7133=VECTOR('',#11581,39.3700787401575);
#7134=VECTOR('',#11588,39.3700787401575);
#7135=VECTOR('',#11589,39.3700787401575);
#7136=VECTOR('',#11590,39.3700787401575);
#7137=VECTOR('',#11591,39.3700787401575);
#7138=VECTOR('',#11594,39.3700787401575);
#7139=VECTOR('',#11595,39.3700787401575);
#7140=VECTOR('',#11596,39.3700787401575);
#7141=VECTOR('',#11597,39.3700787401575);
#7142=VECTOR('',#11600,39.3700787401575);
#7143=VECTOR('',#11601,39.3700787401575);
#7144=VECTOR('',#11602,39.3700787401575);
#7145=VECTOR('',#11603,39.3700787401575);
#7146=VECTOR('',#11606,39.3700787401575);
#7147=VECTOR('',#11607,39.3700787401575);
#7148=VECTOR('',#11608,39.3700787401575);
#7149=VECTOR('',#11609,39.3700787401575);
#7150=VECTOR('',#11612,39.3700787401575);
#7151=VECTOR('',#11613,39.3700787401575);
#7152=VECTOR('',#11614,39.3700787401575);
#7153=VECTOR('',#11615,39.3700787401575);
#7154=VECTOR('',#11618,39.3700787401575);
#7155=VECTOR('',#11619,39.3700787401575);
#7156=VECTOR('',#11620,39.3700787401575);
#7157=VECTOR('',#11621,39.3700787401575);
#7158=VECTOR('',#11624,39.3700787401575);
#7159=VECTOR('',#11625,39.3700787401575);
#7160=VECTOR('',#11626,39.3700787401575);
#7161=VECTOR('',#11627,39.3700787401575);
#7162=VECTOR('',#11630,39.3700787401575);
#7163=VECTOR('',#11631,39.3700787401575);
#7164=VECTOR('',#11632,39.3700787401575);
#7165=VECTOR('',#11633,39.3700787401575);
#7166=VECTOR('',#11636,39.3700787401575);
#7167=VECTOR('',#11637,39.3700787401575);
#7168=VECTOR('',#11638,39.3700787401575);
#7169=VECTOR('',#11639,39.3700787401575);
#7170=VECTOR('',#11642,39.3700787401575);
#7171=VECTOR('',#11643,39.3700787401575);
#7172=VECTOR('',#11644,39.3700787401575);
#7173=VECTOR('',#11645,39.3700787401575);
#7174=VECTOR('',#11648,39.3700787401575);
#7175=VECTOR('',#11649,39.3700787401575);
#7176=VECTOR('',#11650,39.3700787401575);
#7177=VECTOR('',#11651,39.3700787401575);
#7178=VECTOR('',#11654,39.3700787401575);
#7179=VECTOR('',#11655,39.3700787401575);
#7180=VECTOR('',#11656,39.3700787401575);
#7181=VECTOR('',#11657,39.3700787401575);
#7182=VECTOR('',#11660,39.3700787401575);
#7183=VECTOR('',#11661,39.3700787401575);
#7184=VECTOR('',#11662,39.3700787401575);
#7185=VECTOR('',#11663,39.3700787401575);
#7186=VECTOR('',#11666,39.3700787401575);
#7187=VECTOR('',#11667,39.3700787401575);
#7188=VECTOR('',#11668,39.3700787401575);
#7189=VECTOR('',#11669,39.3700787401575);
#7190=VECTOR('',#11672,39.3700787401575);
#7191=VECTOR('',#11673,39.3700787401575);
#7192=VECTOR('',#11674,39.3700787401575);
#7193=VECTOR('',#11675,39.3700787401575);
#7194=VECTOR('',#11678,39.3700787401575);
#7195=VECTOR('',#11679,39.3700787401575);
#7196=VECTOR('',#11680,39.3700787401575);
#7197=VECTOR('',#11681,39.3700787401575);
#7198=VECTOR('',#11684,39.3700787401575);
#7199=VECTOR('',#11685,39.3700787401575);
#7200=VECTOR('',#11686,39.3700787401575);
#7201=VECTOR('',#11687,39.3700787401575);
#7202=VECTOR('',#11690,39.3700787401575);
#7203=VECTOR('',#11691,39.3700787401575);
#7204=VECTOR('',#11692,39.3700787401575);
#7205=VECTOR('',#11693,39.3700787401575);
#7206=VECTOR('',#11696,39.3700787401575);
#7207=VECTOR('',#11697,39.3700787401575);
#7208=VECTOR('',#11698,39.3700787401575);
#7209=VECTOR('',#11699,39.3700787401575);
#7210=VECTOR('',#11702,39.3700787401575);
#7211=VECTOR('',#11703,39.3700787401575);
#7212=VECTOR('',#11704,39.3700787401575);
#7213=VECTOR('',#11705,39.3700787401575);
#7214=VECTOR('',#11708,39.3700787401575);
#7215=VECTOR('',#11709,39.3700787401575);
#7216=VECTOR('',#11710,39.3700787401575);
#7217=VECTOR('',#11711,39.3700787401575);
#7218=VECTOR('',#11714,39.3700787401575);
#7219=VECTOR('',#11715,39.3700787401575);
#7220=VECTOR('',#11716,39.3700787401575);
#7221=VECTOR('',#11717,39.3700787401575);
#7222=VECTOR('',#11720,39.3700787401575);
#7223=VECTOR('',#11721,39.3700787401575);
#7224=VECTOR('',#11722,39.3700787401575);
#7225=VECTOR('',#11725,39.3700787401575);
#7226=VECTOR('',#11726,39.3700787401575);
#7227=VECTOR('',#11727,39.3700787401575);
#7228=VECTOR('',#11730,39.3700787401575);
#7229=VECTOR('',#11731,39.3700787401575);
#7230=VECTOR('',#11732,39.3700787401575);
#7231=VECTOR('',#11735,39.3700787401575);
#7232=VECTOR('',#11736,39.3700787401575);
#7233=VECTOR('',#11737,39.3700787401575);
#7234=VECTOR('',#11740,39.3700787401575);
#7235=VECTOR('',#11741,39.3700787401575);
#7236=VECTOR('',#11742,39.3700787401575);
#7237=VECTOR('',#11745,39.3700787401575);
#7238=VECTOR('',#11746,39.3700787401575);
#7239=VECTOR('',#11747,39.3700787401575);
#7240=VECTOR('',#11750,39.3700787401575);
#7241=VECTOR('',#11751,39.3700787401575);
#7242=VECTOR('',#11752,39.3700787401575);
#7243=VECTOR('',#11755,39.3700787401575);
#7244=VECTOR('',#11756,39.3700787401575);
#7245=VECTOR('',#11757,39.3700787401575);
#7246=VECTOR('',#11760,39.3700787401575);
#7247=VECTOR('',#11761,39.3700787401575);
#7248=VECTOR('',#11762,39.3700787401575);
#7249=VECTOR('',#11765,39.3700787401575);
#7250=VECTOR('',#11766,39.3700787401575);
#7251=VECTOR('',#11767,39.3700787401575);
#7252=VECTOR('',#11770,39.3700787401575);
#7253=VECTOR('',#11771,39.3700787401575);
#7254=VECTOR('',#11772,39.3700787401575);
#7255=VECTOR('',#11775,39.3700787401575);
#7256=VECTOR('',#11776,39.3700787401575);
#7257=VECTOR('',#11777,39.3700787401575);
#7258=VECTOR('',#11780,39.3700787401575);
#7259=VECTOR('',#11781,39.3700787401575);
#7260=VECTOR('',#11782,39.3700787401575);
#7261=VECTOR('',#11785,39.3700787401575);
#7262=VECTOR('',#11786,39.3700787401575);
#7263=VECTOR('',#11787,39.3700787401575);
#7264=VECTOR('',#11790,39.3700787401575);
#7265=VECTOR('',#11791,39.3700787401575);
#7266=VECTOR('',#11792,39.3700787401575);
#7267=VECTOR('',#11795,39.3700787401575);
#7268=VECTOR('',#11796,39.3700787401575);
#7269=VECTOR('',#11797,39.3700787401575);
#7270=VECTOR('',#11800,39.3700787401575);
#7271=VECTOR('',#11801,39.3700787401575);
#7272=VECTOR('',#11802,39.3700787401575);
#7273=VECTOR('',#11805,39.3700787401575);
#7274=VECTOR('',#11806,39.3700787401575);
#7275=VECTOR('',#11807,39.3700787401575);
#7276=VECTOR('',#11810,39.3700787401575);
#7277=VECTOR('',#11811,39.3700787401575);
#7278=VECTOR('',#11812,39.3700787401575);
#7279=VECTOR('',#11815,39.3700787401575);
#7280=VECTOR('',#11816,39.3700787401575);
#7281=VECTOR('',#11817,39.3700787401575);
#7282=VECTOR('',#11820,39.3700787401575);
#7283=VECTOR('',#11821,39.3700787401575);
#7284=VECTOR('',#11822,39.3700787401575);
#7285=VECTOR('',#11825,39.3700787401575);
#7286=VECTOR('',#11826,39.3700787401575);
#7287=VECTOR('',#11827,39.3700787401575);
#7288=VECTOR('',#11830,39.3700787401575);
#7289=VECTOR('',#11831,39.3700787401575);
#7290=VECTOR('',#11832,39.3700787401575);
#7291=VECTOR('',#11835,39.3700787401575);
#7292=VECTOR('',#11836,39.3700787401575);
#7293=VECTOR('',#11837,39.3700787401575);
#7294=VECTOR('',#11840,39.3700787401575);
#7295=VECTOR('',#11841,39.3700787401575);
#7296=VECTOR('',#11842,39.3700787401575);
#7297=VECTOR('',#11845,39.3700787401575);
#7298=VECTOR('',#11846,39.3700787401575);
#7299=VECTOR('',#11847,39.3700787401575);
#7300=VECTOR('',#11850,39.3700787401575);
#7301=VECTOR('',#11851,39.3700787401575);
#7302=VECTOR('',#11852,39.3700787401575);
#7303=VECTOR('',#11855,39.3700787401575);
#7304=VECTOR('',#11856,39.3700787401575);
#7305=VECTOR('',#11857,39.3700787401575);
#7306=VECTOR('',#11860,39.3700787401575);
#7307=VECTOR('',#11861,39.3700787401575);
#7308=VECTOR('',#11862,39.3700787401575);
#7309=VECTOR('',#11865,39.3700787401575);
#7310=VECTOR('',#11866,39.3700787401575);
#7311=VECTOR('',#11867,39.3700787401575);
#7312=VECTOR('',#11870,39.3700787401575);
#7313=VECTOR('',#11871,39.3700787401575);
#7314=VECTOR('',#11872,39.3700787401575);
#7315=VECTOR('',#11875,39.3700787401575);
#7316=VECTOR('',#11876,39.3700787401575);
#7317=VECTOR('',#11877,39.3700787401575);
#7318=VECTOR('',#11880,39.3700787401575);
#7319=VECTOR('',#11881,39.3700787401575);
#7320=VECTOR('',#11882,39.3700787401575);
#7321=VECTOR('',#11885,39.3700787401575);
#7322=VECTOR('',#11886,39.3700787401575);
#7323=VECTOR('',#11887,39.3700787401575);
#7324=VECTOR('',#11890,39.3700787401575);
#7325=VECTOR('',#11891,39.3700787401575);
#7326=VECTOR('',#11892,39.3700787401575);
#7327=VECTOR('',#11895,39.3700787401575);
#7328=VECTOR('',#11896,39.3700787401575);
#7329=VECTOR('',#11897,39.3700787401575);
#7330=VECTOR('',#11900,39.3700787401575);
#7331=VECTOR('',#11901,39.3700787401575);
#7332=VECTOR('',#11902,39.3700787401575);
#7333=VECTOR('',#11905,39.3700787401575);
#7334=VECTOR('',#11906,39.3700787401575);
#7335=VECTOR('',#11907,39.3700787401575);
#7336=VECTOR('',#11910,39.3700787401575);
#7337=VECTOR('',#11911,39.3700787401575);
#7338=VECTOR('',#11912,39.3700787401575);
#7339=VECTOR('',#11915,39.3700787401575);
#7340=VECTOR('',#11916,39.3700787401575);
#7341=VECTOR('',#11917,39.3700787401575);
#7342=VECTOR('',#11920,39.3700787401575);
#7343=VECTOR('',#11921,39.3700787401575);
#7344=VECTOR('',#11922,39.3700787401575);
#7345=VECTOR('',#11925,39.3700787401575);
#7346=VECTOR('',#11926,39.3700787401575);
#7347=VECTOR('',#11927,39.3700787401575);
#7348=VECTOR('',#11930,39.3700787401575);
#7349=VECTOR('',#11931,39.3700787401575);
#7350=VECTOR('',#11932,39.3700787401575);
#7351=VECTOR('',#11935,39.3700787401575);
#7352=VECTOR('',#11936,39.3700787401575);
#7353=VECTOR('',#11937,39.3700787401575);
#7354=VECTOR('',#11940,39.3700787401575);
#7355=VECTOR('',#11941,39.3700787401575);
#7356=VECTOR('',#11942,39.3700787401575);
#7357=VECTOR('',#11943,39.3700787401575);
#7358=VECTOR('',#11946,39.3700787401575);
#7359=VECTOR('',#11947,39.3700787401575);
#7360=VECTOR('',#11948,39.3700787401575);
#7361=VECTOR('',#11949,39.3700787401575);
#7362=VECTOR('',#11952,39.3700787401575);
#7363=VECTOR('',#11953,39.3700787401575);
#7364=VECTOR('',#11954,39.3700787401575);
#7365=VECTOR('',#11955,39.3700787401575);
#7366=VECTOR('',#11958,39.3700787401575);
#7367=VECTOR('',#11959,39.3700787401575);
#7368=VECTOR('',#11960,39.3700787401575);
#7369=VECTOR('',#11961,39.3700787401575);
#7370=VECTOR('',#11964,39.3700787401575);
#7371=VECTOR('',#11965,39.3700787401575);
#7372=VECTOR('',#11966,39.3700787401575);
#7373=VECTOR('',#11967,39.3700787401575);
#7374=VECTOR('',#11970,39.3700787401575);
#7375=VECTOR('',#11971,39.3700787401575);
#7376=VECTOR('',#11972,39.3700787401575);
#7377=VECTOR('',#11973,39.3700787401575);
#7378=VECTOR('',#11976,39.3700787401575);
#7379=VECTOR('',#11977,39.3700787401575);
#7380=VECTOR('',#11978,39.3700787401575);
#7381=VECTOR('',#11979,39.3700787401575);
#7382=VECTOR('',#11982,39.3700787401575);
#7383=VECTOR('',#11983,39.3700787401575);
#7384=VECTOR('',#11984,39.3700787401575);
#7385=VECTOR('',#11985,39.3700787401575);
#7386=VECTOR('',#11988,39.3700787401575);
#7387=VECTOR('',#11989,39.3700787401575);
#7388=VECTOR('',#11990,39.3700787401575);
#7389=VECTOR('',#11991,39.3700787401575);
#7390=VECTOR('',#11994,39.3700787401575);
#7391=VECTOR('',#11995,39.3700787401575);
#7392=VECTOR('',#11996,39.3700787401575);
#7393=VECTOR('',#11997,39.3700787401575);
#7394=VECTOR('',#12000,39.3700787401575);
#7395=VECTOR('',#12001,39.3700787401575);
#7396=VECTOR('',#12002,39.3700787401575);
#7397=VECTOR('',#12003,39.3700787401575);
#7398=VECTOR('',#12006,39.3700787401575);
#7399=VECTOR('',#12007,39.3700787401575);
#7400=VECTOR('',#12008,39.3700787401575);
#7401=VECTOR('',#12011,39.3700787401575);
#7402=VECTOR('',#12012,39.3700787401575);
#7403=VECTOR('',#12013,39.3700787401575);
#7404=VECTOR('',#12016,39.3700787401575);
#7405=VECTOR('',#12017,39.3700787401575);
#7406=VECTOR('',#12018,39.3700787401575);
#7407=VECTOR('',#12021,39.3700787401575);
#7408=VECTOR('',#12022,39.3700787401575);
#7409=VECTOR('',#12023,39.3700787401575);
#7410=VECTOR('',#12026,39.3700787401575);
#7411=VECTOR('',#12027,39.3700787401575);
#7412=VECTOR('',#12028,39.3700787401575);
#7413=VECTOR('',#12031,39.3700787401575);
#7414=VECTOR('',#12032,39.3700787401575);
#7415=VECTOR('',#12033,39.3700787401575);
#7416=VECTOR('',#12036,39.3700787401575);
#7417=VECTOR('',#12037,39.3700787401575);
#7418=VECTOR('',#12038,39.3700787401575);
#7419=VECTOR('',#12041,39.3700787401575);
#7420=VECTOR('',#12042,39.3700787401575);
#7421=VECTOR('',#12043,39.3700787401575);
#7422=VECTOR('',#12046,39.3700787401575);
#7423=VECTOR('',#12047,39.3700787401575);
#7424=VECTOR('',#12048,39.3700787401575);
#7425=VECTOR('',#12051,39.3700787401575);
#7426=VECTOR('',#12052,39.3700787401575);
#7427=VECTOR('',#12053,39.3700787401575);
#7428=VECTOR('',#12056,39.3700787401575);
#7429=VECTOR('',#12057,39.3700787401575);
#7430=VECTOR('',#12058,39.3700787401575);
#7431=VECTOR('',#12061,39.3700787401575);
#7432=VECTOR('',#12062,39.3700787401575);
#7433=VECTOR('',#12063,39.3700787401575);
#7434=VECTOR('',#12066,39.3700787401575);
#7435=VECTOR('',#12067,39.3700787401575);
#7436=VECTOR('',#12068,39.3700787401575);
#7437=VECTOR('',#12071,39.3700787401575);
#7438=VECTOR('',#12072,39.3700787401575);
#7439=VECTOR('',#12073,39.3700787401575);
#7440=VECTOR('',#12076,39.3700787401575);
#7441=VECTOR('',#12077,39.3700787401575);
#7442=VECTOR('',#12078,39.3700787401575);
#7443=VECTOR('',#12081,39.3700787401575);
#7444=VECTOR('',#12082,39.3700787401575);
#7445=VECTOR('',#12083,39.3700787401575);
#7446=VECTOR('',#12086,39.3700787401575);
#7447=VECTOR('',#12087,39.3700787401575);
#7448=VECTOR('',#12088,39.3700787401575);
#7449=VECTOR('',#12091,39.3700787401575);
#7450=VECTOR('',#12092,39.3700787401575);
#7451=VECTOR('',#12093,39.3700787401575);
#7452=VECTOR('',#12096,39.3700787401575);
#7453=VECTOR('',#12097,39.3700787401575);
#7454=VECTOR('',#12098,39.3700787401575);
#7455=VECTOR('',#12101,39.3700787401575);
#7456=VECTOR('',#12102,39.3700787401575);
#7457=VECTOR('',#12103,39.3700787401575);
#7458=VECTOR('',#12106,39.3700787401575);
#7459=VECTOR('',#12107,39.3700787401575);
#7460=VECTOR('',#12108,39.3700787401575);
#7461=VECTOR('',#12111,39.3700787401575);
#7462=VECTOR('',#12112,39.3700787401575);
#7463=VECTOR('',#12113,39.3700787401575);
#7464=VECTOR('',#12116,39.3700787401575);
#7465=VECTOR('',#12117,39.3700787401575);
#7466=VECTOR('',#12120,39.3700787401575);
#7467=VECTOR('',#12121,39.3700787401575);
#7468=VECTOR('',#12124,39.3700787401575);
#7469=VECTOR('',#12125,39.3700787401575);
#7470=VECTOR('',#12128,39.3700787401575);
#7471=VECTOR('',#12129,39.3700787401575);
#7472=VECTOR('',#12132,39.3700787401575);
#7473=VECTOR('',#12133,39.3700787401575);
#7474=VECTOR('',#12136,39.3700787401575);
#7475=VECTOR('',#12137,39.3700787401575);
#7476=VECTOR('',#12140,39.3700787401575);
#7477=VECTOR('',#12141,39.3700787401575);
#7478=VECTOR('',#12144,39.3700787401575);
#7479=VECTOR('',#12145,39.3700787401575);
#7480=VECTOR('',#12148,39.3700787401575);
#7481=VECTOR('',#12149,39.3700787401575);
#7482=VECTOR('',#12152,39.3700787401575);
#7483=VECTOR('',#12153,39.3700787401575);
#7484=VECTOR('',#12156,39.3700787401575);
#7485=VECTOR('',#12157,39.3700787401575);
#7486=VECTOR('',#12160,39.3700787401575);
#7487=VECTOR('',#12161,39.3700787401575);
#7488=VECTOR('',#12162,39.3700787401575);
#7489=VECTOR('',#12163,39.3700787401575);
#7490=VECTOR('',#12166,39.3700787401575);
#7491=VECTOR('',#12167,39.3700787401575);
#7492=VECTOR('',#12168,39.3700787401575);
#7493=VECTOR('',#12169,39.3700787401575);
#7494=VECTOR('',#12170,39.3700787401575);
#7495=VECTOR('',#12171,39.3700787401575);
#7496=VECTOR('',#12172,39.3700787401575);
#7497=VECTOR('',#12173,39.3700787401575);
#7498=VECTOR('',#12174,39.3700787401575);
#7499=VECTOR('',#12175,39.3700787401575);
#7500=VECTOR('',#12176,39.3700787401575);
#7501=VECTOR('',#12177,39.3700787401575);
#7502=VECTOR('',#12178,39.3700787401575);
#7503=VECTOR('',#12179,39.3700787401575);
#7504=VECTOR('',#12180,39.3700787401575);
#7505=VECTOR('',#12181,39.3700787401575);
#7506=VECTOR('',#12182,39.3700787401575);
#7507=VECTOR('',#12183,39.3700787401575);
#7508=VECTOR('',#12184,39.3700787401575);
#7509=VECTOR('',#12185,39.3700787401575);
#7510=VECTOR('',#12186,39.3700787401575);
#7511=VECTOR('',#12187,39.3700787401575);
#7512=VECTOR('',#12188,39.3700787401575);
#7513=VECTOR('',#12189,39.3700787401575);
#7514=VECTOR('',#12190,39.3700787401575);
#7515=VECTOR('',#12191,39.3700787401575);
#7516=VECTOR('',#12192,39.3700787401575);
#7517=VECTOR('',#12193,39.3700787401575);
#7518=VECTOR('',#12194,39.3700787401575);
#7519=VECTOR('',#12195,39.3700787401575);
#7520=VECTOR('',#12196,39.3700787401575);
#7521=VECTOR('',#12197,39.3700787401575);
#7522=VECTOR('',#12198,39.3700787401575);
#7523=VECTOR('',#12199,39.3700787401575);
#7524=VECTOR('',#12200,39.3700787401575);
#7525=VECTOR('',#12201,39.3700787401575);
#7526=VECTOR('',#12204,39.3700787401575);
#7527=VECTOR('',#12205,39.3700787401575);
#7528=VECTOR('',#12206,39.3700787401575);
#7529=VECTOR('',#12207,39.3700787401575);
#7530=VECTOR('',#12208,39.3700787401575);
#7531=VECTOR('',#12209,39.3700787401575);
#7532=VECTOR('',#12210,39.3700787401575);
#7533=VECTOR('',#12211,39.3700787401575);
#7534=VECTOR('',#12212,39.3700787401575);
#7535=VECTOR('',#12213,39.3700787401575);
#7536=VECTOR('',#12214,39.3700787401575);
#7537=VECTOR('',#12215,39.3700787401575);
#7538=VECTOR('',#12216,39.3700787401575);
#7539=VECTOR('',#12217,39.3700787401575);
#7540=VECTOR('',#12218,39.3700787401575);
#7541=VECTOR('',#12219,39.3700787401575);
#7542=VECTOR('',#12220,39.3700787401575);
#7543=VECTOR('',#12221,39.3700787401575);
#7544=VECTOR('',#12222,39.3700787401575);
#7545=VECTOR('',#12223,39.3700787401575);
#7546=VECTOR('',#12224,39.3700787401575);
#7547=VECTOR('',#12225,39.3700787401575);
#7548=VECTOR('',#12226,39.3700787401575);
#7549=VECTOR('',#12227,39.3700787401575);
#7550=VECTOR('',#12228,39.3700787401575);
#7551=VECTOR('',#12229,39.3700787401575);
#7552=VECTOR('',#12230,39.3700787401575);
#7553=VECTOR('',#12231,39.3700787401575);
#7554=VECTOR('',#12232,39.3700787401575);
#7555=VECTOR('',#12233,39.3700787401575);
#7556=VECTOR('',#12234,39.3700787401575);
#7557=VECTOR('',#12235,39.3700787401575);
#7558=VECTOR('',#12236,39.3700787401575);
#7559=VECTOR('',#12237,39.3700787401575);
#7560=VECTOR('',#12238,39.3700787401575);
#7561=VECTOR('',#12239,39.3700787401575);
#7562=VECTOR('',#12242,39.3700787401575);
#7563=VECTOR('',#12243,39.3700787401575);
#7564=VECTOR('',#12244,39.3700787401575);
#7565=VECTOR('',#12247,39.3700787401575);
#7566=VECTOR('',#12248,39.3700787401575);
#7567=VECTOR('',#12249,39.3700787401575);
#7568=VECTOR('',#12252,39.3700787401575);
#7569=VECTOR('',#12253,39.3700787401575);
#7570=VECTOR('',#12254,39.3700787401575);
#7571=VECTOR('',#12257,39.3700787401575);
#7572=VECTOR('',#12258,39.3700787401575);
#7573=VECTOR('',#12259,39.3700787401575);
#7574=VECTOR('',#12262,39.3700787401575);
#7575=VECTOR('',#12263,39.3700787401575);
#7576=VECTOR('',#12264,39.3700787401575);
#7577=VECTOR('',#12267,39.3700787401575);
#7578=VECTOR('',#12268,39.3700787401575);
#7579=VECTOR('',#12269,39.3700787401575);
#7580=VECTOR('',#12270,39.3700787401575);
#7581=VECTOR('',#12271,39.3700787401575);
#7582=VECTOR('',#12272,39.3700787401575);
#7583=VECTOR('',#12273,39.3700787401575);
#7584=VECTOR('',#12274,39.3700787401575);
#7585=VECTOR('',#12275,39.3700787401575);
#7586=VECTOR('',#12276,39.3700787401575);
#7587=VECTOR('',#12277,39.3700787401575);
#7588=VECTOR('',#12278,39.3700787401575);
#7589=VECTOR('',#12279,39.3700787401575);
#7590=VECTOR('',#12280,39.3700787401575);
#7591=VECTOR('',#12281,39.3700787401575);
#7592=VECTOR('',#12282,39.3700787401575);
#7593=VECTOR('',#12283,39.3700787401575);
#7594=VECTOR('',#12284,39.3700787401575);
#7595=VECTOR('',#12285,39.3700787401575);
#7596=VECTOR('',#12286,39.3700787401575);
#7597=VECTOR('',#12287,39.3700787401575);
#7598=VECTOR('',#12288,39.3700787401575);
#7599=VECTOR('',#12289,39.3700787401575);
#7600=VECTOR('',#12290,39.3700787401575);
#7601=VECTOR('',#12291,39.3700787401575);
#7602=VECTOR('',#12292,39.3700787401575);
#7603=VECTOR('',#12293,39.3700787401575);
#7604=VECTOR('',#12294,39.3700787401575);
#7605=VECTOR('',#12295,39.3700787401575);
#7606=VECTOR('',#12296,39.3700787401575);
#7607=VECTOR('',#12297,39.3700787401575);
#7608=VECTOR('',#12298,39.3700787401575);
#7609=VECTOR('',#12299,39.3700787401575);
#7610=VECTOR('',#12300,39.3700787401575);
#7611=VECTOR('',#12301,39.3700787401575);
#7612=VECTOR('',#12302,39.3700787401575);
#7613=VECTOR('',#12303,39.3700787401575);
#7614=VECTOR('',#12304,39.3700787401575);
#7615=VECTOR('',#12305,39.3700787401575);
#7616=VECTOR('',#12306,39.3700787401575);
#7617=VECTOR('',#12307,39.3700787401575);
#7618=VECTOR('',#12308,39.3700787401575);
#7619=VECTOR('',#12309,39.3700787401575);
#7620=VECTOR('',#12310,39.3700787401575);
#7621=VECTOR('',#12311,39.3700787401575);
#7622=VECTOR('',#12312,39.3700787401575);
#7623=VECTOR('',#12313,39.3700787401575);
#7624=VECTOR('',#12316,39.3700787401575);
#7625=VECTOR('',#12317,39.3700787401575);
#7626=VECTOR('',#12318,39.3700787401575);
#7627=VECTOR('',#12321,39.3700787401575);
#7628=VECTOR('',#12322,39.3700787401575);
#7629=VECTOR('',#12323,39.3700787401575);
#7630=VECTOR('',#12326,39.3700787401575);
#7631=VECTOR('',#12327,39.3700787401575);
#7632=VECTOR('',#12328,39.3700787401575);
#7633=VECTOR('',#12331,39.3700787401575);
#7634=VECTOR('',#12332,39.3700787401575);
#7635=VECTOR('',#12335,39.3700787401575);
#7636=VECTOR('',#12336,39.3700787401575);
#7637=VECTOR('',#12339,39.3700787401575);
#7638=VECTOR('',#12340,39.3700787401575);
#7639=VECTOR('',#12351,39.3700787401575);
#7640=VECTOR('',#12354,39.3700787401575);
#7641=VECTOR('',#12361,39.3700787401575);
#7642=VECTOR('',#12364,39.3700787401575);
#7643=VECTOR('',#12371,39.3700787401575);
#7644=VECTOR('',#12374,39.3700787401575);
#7645=VECTOR('',#12381,39.3700787401575);
#7646=VECTOR('',#12384,39.3700787401575);
#7647=VECTOR('',#12391,39.3700787401575);
#7648=VECTOR('',#12394,39.3700787401575);
#7649=VECTOR('',#12401,39.3700787401575);
#7650=VECTOR('',#12404,39.3700787401575);
#7651=VECTOR('',#12411,39.3700787401575);
#7652=VECTOR('',#12414,39.3700787401575);
#7653=VECTOR('',#12421,39.3700787401575);
#7654=VECTOR('',#12424,39.3700787401575);
#7655=VECTOR('',#12431,39.3700787401575);
#7656=VECTOR('',#12434,39.3700787401575);
#7657=VECTOR('',#12441,39.3700787401575);
#7658=VECTOR('',#12444,39.3700787401575);
#7659=VECTOR('',#12451,39.3700787401575);
#7660=VECTOR('',#12454,39.3700787401575);
#7661=VECTOR('',#12461,39.3700787401575);
#7662=VECTOR('',#12464,39.3700787401575);
#7663=VECTOR('',#12471,39.3700787401575);
#7664=VECTOR('',#12474,39.3700787401575);
#7665=VECTOR('',#12481,39.3700787401575);
#7666=VECTOR('',#12484,39.3700787401575);
#7667=VECTOR('',#12491,39.3700787401575);
#7668=VECTOR('',#12494,39.3700787401575);
#7669=VECTOR('',#12501,39.3700787401575);
#7670=VECTOR('',#12504,39.3700787401575);
#7671=VECTOR('',#12511,39.3700787401575);
#7672=VECTOR('',#12514,39.3700787401575);
#7673=VECTOR('',#12521,39.3700787401575);
#7674=VECTOR('',#12524,39.3700787401575);
#7675=VECTOR('',#12531,39.3700787401575);
#7676=VECTOR('',#12534,39.3700787401575);
#7677=VECTOR('',#12541,39.3700787401575);
#7678=VECTOR('',#12544,39.3700787401575);
#7679=VECTOR('',#12551,39.3700787401575);
#7680=VECTOR('',#12554,39.3700787401575);
#7681=VECTOR('',#12561,39.3700787401575);
#7682=VECTOR('',#12564,39.3700787401575);
#7683=VECTOR('',#12573,39.3700787401575);
#7684=VECTOR('',#12574,39.3700787401575);
#7685=VECTOR('',#12575,39.3700787401575);
#7686=VECTOR('',#12576,39.3700787401575);
#7687=VECTOR('',#12579,39.3700787401575);
#7688=VECTOR('',#12580,39.3700787401575);
#7689=VECTOR('',#12581,39.3700787401575);
#7690=VECTOR('',#12582,39.3700787401575);
#7691=VECTOR('',#12585,39.3700787401575);
#7692=VECTOR('',#12586,39.3700787401575);
#7693=VECTOR('',#12587,39.3700787401575);
#7694=VECTOR('',#12588,39.3700787401575);
#7695=VECTOR('',#12591,39.3700787401575);
#7696=VECTOR('',#12592,39.3700787401575);
#7697=VECTOR('',#12593,39.3700787401575);
#7698=VECTOR('',#12594,39.3700787401575);
#7699=VECTOR('',#12597,39.3700787401575);
#7700=VECTOR('',#12598,39.3700787401575);
#7701=VECTOR('',#12599,39.3700787401575);
#7702=VECTOR('',#12600,39.3700787401575);
#7703=VECTOR('',#12603,39.3700787401575);
#7704=VECTOR('',#12604,39.3700787401575);
#7705=VECTOR('',#12605,39.3700787401575);
#7706=VECTOR('',#12606,39.3700787401575);
#7707=VECTOR('',#12609,39.3700787401575);
#7708=VECTOR('',#12610,39.3700787401575);
#7709=VECTOR('',#12611,39.3700787401575);
#7710=VECTOR('',#12612,39.3700787401575);
#7711=VECTOR('',#12615,39.3700787401575);
#7712=VECTOR('',#12616,39.3700787401575);
#7713=VECTOR('',#12617,39.3700787401575);
#7714=VECTOR('',#12618,39.3700787401575);
#7715=VECTOR('',#12621,39.3700787401575);
#7716=VECTOR('',#12622,39.3700787401575);
#7717=VECTOR('',#12623,39.3700787401575);
#7718=VECTOR('',#12624,39.3700787401575);
#7719=VECTOR('',#12627,39.3700787401575);
#7720=VECTOR('',#12628,39.3700787401575);
#7721=VECTOR('',#12629,39.3700787401575);
#7722=VECTOR('',#12630,39.3700787401575);
#7723=VECTOR('',#12633,39.3700787401575);
#7724=VECTOR('',#12634,39.3700787401575);
#7725=VECTOR('',#12635,39.3700787401575);
#7726=VECTOR('',#12636,39.3700787401575);
#7727=VECTOR('',#12639,39.3700787401575);
#7728=VECTOR('',#12640,39.3700787401575);
#7729=VECTOR('',#12641,39.3700787401575);
#7730=VECTOR('',#12644,39.3700787401575);
#7731=VECTOR('',#12645,39.3700787401575);
#7732=VECTOR('',#12646,39.3700787401575);
#7733=VECTOR('',#12649,39.3700787401575);
#7734=VECTOR('',#12650,39.3700787401575);
#7735=VECTOR('',#12651,39.3700787401575);
#7736=VECTOR('',#12654,39.3700787401575);
#7737=VECTOR('',#12655,39.3700787401575);
#7738=VECTOR('',#12656,39.3700787401575);
#7739=VECTOR('',#12659,39.3700787401575);
#7740=VECTOR('',#12660,39.3700787401575);
#7741=VECTOR('',#12661,39.3700787401575);
#7742=VECTOR('',#12664,39.3700787401575);
#7743=VECTOR('',#12665,39.3700787401575);
#7744=VECTOR('',#12666,39.3700787401575);
#7745=VECTOR('',#12669,39.3700787401575);
#7746=VECTOR('',#12670,39.3700787401575);
#7747=VECTOR('',#12671,39.3700787401575);
#7748=VECTOR('',#12674,39.3700787401575);
#7749=VECTOR('',#12675,39.3700787401575);
#7750=VECTOR('',#12676,39.3700787401575);
#7751=VECTOR('',#12679,39.3700787401575);
#7752=VECTOR('',#12680,39.3700787401575);
#7753=VECTOR('',#12681,39.3700787401575);
#7754=VECTOR('',#12684,39.3700787401575);
#7755=VECTOR('',#12685,39.3700787401575);
#7756=VECTOR('',#12686,39.3700787401575);
#7757=VECTOR('',#12689,39.3700787401575);
#7758=VECTOR('',#12690,39.3700787401575);
#7759=VECTOR('',#12691,39.3700787401575);
#7760=VECTOR('',#12694,39.3700787401575);
#7761=VECTOR('',#12695,39.3700787401575);
#7762=VECTOR('',#12696,39.3700787401575);
#7763=VECTOR('',#12699,39.3700787401575);
#7764=VECTOR('',#12700,39.3700787401575);
#7765=VECTOR('',#12701,39.3700787401575);
#7766=VECTOR('',#12704,39.3700787401575);
#7767=VECTOR('',#12705,39.3700787401575);
#7768=VECTOR('',#12706,39.3700787401575);
#7769=VECTOR('',#12709,39.3700787401575);
#7770=VECTOR('',#12710,39.3700787401575);
#7771=VECTOR('',#12711,39.3700787401575);
#7772=VECTOR('',#12714,39.3700787401575);
#7773=VECTOR('',#12715,39.3700787401575);
#7774=VECTOR('',#12716,39.3700787401575);
#7775=VECTOR('',#12719,39.3700787401575);
#7776=VECTOR('',#12720,39.3700787401575);
#7777=VECTOR('',#12721,39.3700787401575);
#7778=VECTOR('',#12724,39.3700787401575);
#7779=VECTOR('',#12725,39.3700787401575);
#7780=VECTOR('',#12726,39.3700787401575);
#7781=VECTOR('',#12729,39.3700787401575);
#7782=VECTOR('',#12730,39.3700787401575);
#7783=VECTOR('',#12731,39.3700787401575);
#7784=VECTOR('',#12734,39.3700787401575);
#7785=VECTOR('',#12735,39.3700787401575);
#7786=VECTOR('',#12736,39.3700787401575);
#7787=VECTOR('',#12739,39.3700787401575);
#7788=VECTOR('',#12740,39.3700787401575);
#7789=VECTOR('',#12741,39.3700787401575);
#7790=VECTOR('',#12744,39.3700787401575);
#7791=VECTOR('',#12745,39.3700787401575);
#7792=VECTOR('',#12746,39.3700787401575);
#7793=VECTOR('',#12753,39.3700787401575);
#7794=VECTOR('',#12758,39.3700787401575);
#7795=VECTOR('',#12765,39.3700787401575);
#7796=VECTOR('',#12772,39.3700787401575);
#7797=VECTOR('',#12779,39.3700787401575);
#7798=VECTOR('',#12786,39.3700787401575);
#7799=VECTOR('',#12793,39.3700787401575);
#7800=VECTOR('',#12800,39.3700787401575);
#7801=VECTOR('',#12807,39.3700787401575);
#7802=VECTOR('',#12814,39.3700787401575);
#7803=VECTOR('',#12821,39.3700787401575);
#7804=VECTOR('',#12826,39.3700787401575);
#7805=VECTOR('',#12827,39.3700787401575);
#7806=VECTOR('',#12828,39.3700787401575);
#7807=VECTOR('',#12831,39.3700787401575);
#7808=VECTOR('',#12832,39.3700787401575);
#7809=VECTOR('',#12833,39.3700787401575);
#7810=VECTOR('',#12836,39.3700787401575);
#7811=VECTOR('',#12837,39.3700787401575);
#7812=VECTOR('',#12838,39.3700787401575);
#7813=VECTOR('',#12841,39.3700787401575);
#7814=VECTOR('',#12842,39.3700787401575);
#7815=VECTOR('',#12843,39.3700787401575);
#7816=VECTOR('',#12846,39.3700787401575);
#7817=VECTOR('',#12847,39.3700787401575);
#7818=VECTOR('',#12848,39.3700787401575);
#7819=VECTOR('',#12851,39.3700787401575);
#7820=VECTOR('',#12852,39.3700787401575);
#7821=VECTOR('',#12853,39.3700787401575);
#7822=VECTOR('',#12856,39.3700787401575);
#7823=VECTOR('',#12857,39.3700787401575);
#7824=VECTOR('',#12858,39.3700787401575);
#7825=VECTOR('',#12861,39.3700787401575);
#7826=VECTOR('',#12862,39.3700787401575);
#7827=VECTOR('',#12863,39.3700787401575);
#7828=VECTOR('',#12866,39.3700787401575);
#7829=VECTOR('',#12867,39.3700787401575);
#7830=VECTOR('',#12868,39.3700787401575);
#7831=VECTOR('',#12871,39.3700787401575);
#7832=VECTOR('',#12872,39.3700787401575);
#7833=VECTOR('',#12873,39.3700787401575);
#7834=VECTOR('',#12876,39.3700787401575);
#7835=VECTOR('',#12877,39.3700787401575);
#7836=VECTOR('',#12878,39.3700787401575);
#7837=VECTOR('',#12881,39.3700787401575);
#7838=VECTOR('',#12882,39.3700787401575);
#7839=VECTOR('',#12883,39.3700787401575);
#7840=VECTOR('',#12884,39.3700787401575);
#7841=VECTOR('',#12887,39.3700787401575);
#7842=VECTOR('',#12888,39.3700787401575);
#7843=VECTOR('',#12889,39.3700787401575);
#7844=VECTOR('',#12890,39.3700787401575);
#7845=VECTOR('',#12893,39.3700787401575);
#7846=VECTOR('',#12894,39.3700787401575);
#7847=VECTOR('',#12895,39.3700787401575);
#7848=VECTOR('',#12896,39.3700787401575);
#7849=VECTOR('',#12899,39.3700787401575);
#7850=VECTOR('',#12900,39.3700787401575);
#7851=VECTOR('',#12901,39.3700787401575);
#7852=VECTOR('',#12902,39.3700787401575);
#7853=VECTOR('',#12905,39.3700787401575);
#7854=VECTOR('',#12906,39.3700787401575);
#7855=VECTOR('',#12907,39.3700787401575);
#7856=VECTOR('',#12908,39.3700787401575);
#7857=VECTOR('',#12911,39.3700787401575);
#7858=VECTOR('',#12912,39.3700787401575);
#7859=VECTOR('',#12913,39.3700787401575);
#7860=VECTOR('',#12914,39.3700787401575);
#7861=VECTOR('',#12917,39.3700787401575);
#7862=VECTOR('',#12918,39.3700787401575);
#7863=VECTOR('',#12919,39.3700787401575);
#7864=VECTOR('',#12920,39.3700787401575);
#7865=VECTOR('',#12923,39.3700787401575);
#7866=VECTOR('',#12924,39.3700787401575);
#7867=VECTOR('',#12925,39.3700787401575);
#7868=VECTOR('',#12926,39.3700787401575);
#7869=VECTOR('',#12929,39.3700787401575);
#7870=VECTOR('',#12930,39.3700787401575);
#7871=VECTOR('',#12931,39.3700787401575);
#7872=VECTOR('',#12932,39.3700787401575);
#7873=VECTOR('',#12935,39.3700787401575);
#7874=VECTOR('',#12936,39.3700787401575);
#7875=VECTOR('',#12937,39.3700787401575);
#7876=VECTOR('',#12938,39.3700787401575);
#7877=VECTOR('',#12941,39.3700787401575);
#7878=VECTOR('',#12942,39.3700787401575);
#7879=VECTOR('',#12943,39.3700787401575);
#7880=VECTOR('',#12944,39.3700787401575);
#7881=VECTOR('',#12951,39.3700787401575);
#7882=VECTOR('',#12956,39.3700787401575);
#7883=VECTOR('',#12963,39.3700787401575);
#7884=VECTOR('',#12970,39.3700787401575);
#7885=VECTOR('',#12977,39.3700787401575);
#7886=VECTOR('',#12984,39.3700787401575);
#7887=VECTOR('',#12991,39.3700787401575);
#7888=VECTOR('',#12998,39.3700787401575);
#7889=VECTOR('',#13005,39.3700787401575);
#7890=VECTOR('',#13012,39.3700787401575);
#7891=VECTOR('',#13019,39.3700787401575);
#7892=VECTOR('',#13024,39.3700787401575);
#7893=VECTOR('',#13025,39.3700787401575);
#7894=VECTOR('',#13026,39.3700787401575);
#7895=VECTOR('',#13029,39.3700787401575);
#7896=VECTOR('',#13030,39.3700787401575);
#7897=VECTOR('',#13031,39.3700787401575);
#7898=VECTOR('',#13034,39.3700787401575);
#7899=VECTOR('',#13035,39.3700787401575);
#7900=VECTOR('',#13036,39.3700787401575);
#7901=VECTOR('',#13039,39.3700787401575);
#7902=VECTOR('',#13040,39.3700787401575);
#7903=VECTOR('',#13041,39.3700787401575);
#7904=VECTOR('',#13044,39.3700787401575);
#7905=VECTOR('',#13045,39.3700787401575);
#7906=VECTOR('',#13046,39.3700787401575);
#7907=VECTOR('',#13049,39.3700787401575);
#7908=VECTOR('',#13050,39.3700787401575);
#7909=VECTOR('',#13051,39.3700787401575);
#7910=VECTOR('',#13054,39.3700787401575);
#7911=VECTOR('',#13055,39.3700787401575);
#7912=VECTOR('',#13056,39.3700787401575);
#7913=VECTOR('',#13059,39.3700787401575);
#7914=VECTOR('',#13060,39.3700787401575);
#7915=VECTOR('',#13061,39.3700787401575);
#7916=VECTOR('',#13064,39.3700787401575);
#7917=VECTOR('',#13065,39.3700787401575);
#7918=VECTOR('',#13066,39.3700787401575);
#7919=VECTOR('',#13069,39.3700787401575);
#7920=VECTOR('',#13070,39.3700787401575);
#7921=VECTOR('',#13071,39.3700787401575);
#7922=VECTOR('',#13074,39.3700787401575);
#7923=VECTOR('',#13075,39.3700787401575);
#7924=VECTOR('',#13076,39.3700787401575);
#7925=VECTOR('',#13079,39.3700787401575);
#7926=VECTOR('',#13080,39.3700787401575);
#7927=VECTOR('',#13081,39.3700787401575);
#7928=VECTOR('',#13084,39.3700787401575);
#7929=VECTOR('',#13085,39.3700787401575);
#7930=VECTOR('',#13086,39.3700787401575);
#7931=VECTOR('',#13089,39.3700787401575);
#7932=VECTOR('',#13090,39.3700787401575);
#7933=VECTOR('',#13091,39.3700787401575);
#7934=VECTOR('',#13094,39.3700787401575);
#7935=VECTOR('',#13095,39.3700787401575);
#7936=VECTOR('',#13096,39.3700787401575);
#7937=VECTOR('',#13099,39.3700787401575);
#7938=VECTOR('',#13100,39.3700787401575);
#7939=VECTOR('',#13101,39.3700787401575);
#7940=VECTOR('',#13104,39.3700787401575);
#7941=VECTOR('',#13105,39.3700787401575);
#7942=VECTOR('',#13106,39.3700787401575);
#7943=VECTOR('',#13109,39.3700787401575);
#7944=VECTOR('',#13110,39.3700787401575);
#7945=VECTOR('',#13111,39.3700787401575);
#7946=VECTOR('',#13114,39.3700787401575);
#7947=VECTOR('',#13115,39.3700787401575);
#7948=VECTOR('',#13116,39.3700787401575);
#7949=VECTOR('',#13119,39.3700787401575);
#7950=VECTOR('',#13120,39.3700787401575);
#7951=VECTOR('',#13121,39.3700787401575);
#7952=VECTOR('',#13124,39.3700787401575);
#7953=VECTOR('',#13125,39.3700787401575);
#7954=VECTOR('',#13126,39.3700787401575);
#7955=VECTOR('',#13129,39.3700787401575);
#7956=VECTOR('',#13130,39.3700787401575);
#7957=VECTOR('',#13131,39.3700787401575);
#7958=VECTOR('',#13134,39.3700787401575);
#7959=VECTOR('',#13135,39.3700787401575);
#7960=VECTOR('',#13136,39.3700787401575);
#7961=VECTOR('',#13139,39.3700787401575);
#7962=VECTOR('',#13140,39.3700787401575);
#7963=VECTOR('',#13141,39.3700787401575);
#7964=VECTOR('',#13144,39.3700787401575);
#7965=VECTOR('',#13145,39.3700787401575);
#7966=VECTOR('',#13146,39.3700787401575);
#7967=VECTOR('',#13149,39.3700787401575);
#7968=VECTOR('',#13150,39.3700787401575);
#7969=VECTOR('',#13151,39.3700787401575);
#7970=VECTOR('',#13154,39.3700787401575);
#7971=VECTOR('',#13155,39.3700787401575);
#7972=VECTOR('',#13156,39.3700787401575);
#7973=VECTOR('',#13159,39.3700787401575);
#7974=VECTOR('',#13160,39.3700787401575);
#7975=VECTOR('',#13161,39.3700787401575);
#7976=VECTOR('',#13164,39.3700787401575);
#7977=VECTOR('',#13165,39.3700787401575);
#7978=VECTOR('',#13166,39.3700787401575);
#7979=VECTOR('',#13169,39.3700787401575);
#7980=VECTOR('',#13170,39.3700787401575);
#7981=VECTOR('',#13171,39.3700787401575);
#7982=VECTOR('',#13174,39.3700787401575);
#7983=VECTOR('',#13175,39.3700787401575);
#7984=VECTOR('',#13176,39.3700787401575);
#7985=VECTOR('',#13179,39.3700787401575);
#7986=VECTOR('',#13180,39.3700787401575);
#7987=VECTOR('',#13181,39.3700787401575);
#7988=VECTOR('',#13184,39.3700787401575);
#7989=VECTOR('',#13185,39.3700787401575);
#7990=VECTOR('',#13186,39.3700787401575);
#7991=VECTOR('',#13189,39.3700787401575);
#7992=VECTOR('',#13190,39.3700787401575);
#7993=VECTOR('',#13191,39.3700787401575);
#7994=VECTOR('',#13192,39.3700787401575);
#7995=VECTOR('',#13195,39.3700787401575);
#7996=VECTOR('',#13196,39.3700787401575);
#7997=VECTOR('',#13197,39.3700787401575);
#7998=VECTOR('',#13200,39.3700787401575);
#7999=VECTOR('',#13201,39.3700787401575);
#8000=VECTOR('',#13202,39.3700787401575);
#8001=VECTOR('',#13207,39.3700787401575);
#8002=VECTOR('',#13212,39.3700787401575);
#8003=VECTOR('',#13213,39.3700787401575);
#8004=VECTOR('',#13214,39.3700787401575);
#8005=VECTOR('',#13217,39.3700787401575);
#8006=VECTOR('',#13218,39.3700787401575);
#8007=VECTOR('',#13219,39.3700787401575);
#8008=VECTOR('',#13220,39.3700787401575);
#8009=VECTOR('',#13221,39.3700787401575);
#8010=VECTOR('',#13222,39.3700787401575);
#8011=VECTOR('',#13223,39.3700787401575);
#8012=VECTOR('',#13224,39.3700787401575);
#8013=VECTOR('',#13225,39.3700787401575);
#8014=VECTOR('',#13226,39.3700787401575);
#8015=VECTOR('',#13227,39.3700787401575);
#8016=VECTOR('',#13228,39.3700787401575);
#8017=VECTOR('',#13229,39.3700787401575);
#8018=VECTOR('',#13230,39.3700787401575);
#8019=VECTOR('',#13231,39.3700787401575);
#8020=VECTOR('',#13232,39.3700787401575);
#8021=VECTOR('',#13233,39.3700787401575);
#8022=VECTOR('',#13234,39.3700787401575);
#8023=VECTOR('',#13235,39.3700787401575);
#8024=VECTOR('',#13236,39.3700787401575);
#8025=VECTOR('',#13237,39.3700787401575);
#8026=VECTOR('',#13238,39.3700787401575);
#8027=VECTOR('',#13239,39.3700787401575);
#8028=VECTOR('',#13240,39.3700787401575);
#8029=VECTOR('',#13241,39.3700787401575);
#8030=VECTOR('',#13242,39.3700787401575);
#8031=VECTOR('',#13243,39.3700787401575);
#8032=VECTOR('',#13244,39.3700787401575);
#8033=VECTOR('',#13245,39.3700787401575);
#8034=VECTOR('',#13246,39.3700787401575);
#8035=VECTOR('',#13247,39.3700787401575);
#8036=VECTOR('',#13248,39.3700787401575);
#8037=VECTOR('',#13249,39.3700787401575);
#8038=VECTOR('',#13250,39.3700787401575);
#8039=VECTOR('',#13251,39.3700787401575);
#8040=VECTOR('',#13252,39.3700787401575);
#8041=VECTOR('',#13253,39.3700787401575);
#8042=VECTOR('',#13254,39.3700787401575);
#8043=VECTOR('',#13255,39.3700787401575);
#8044=VECTOR('',#13256,39.3700787401575);
#8045=VECTOR('',#13257,39.3700787401575);
#8046=VECTOR('',#13258,39.3700787401575);
#8047=VECTOR('',#13259,39.3700787401575);
#8048=VECTOR('',#13260,39.3700787401575);
#8049=VECTOR('',#13261,39.3700787401575);
#8050=VECTOR('',#13262,39.3700787401575);
#8051=VECTOR('',#13263,39.3700787401575);
#8052=VECTOR('',#13264,39.3700787401575);
#8053=VECTOR('',#13265,39.3700787401575);
#8054=VECTOR('',#13266,39.3700787401575);
#8055=VECTOR('',#13267,39.3700787401575);
#8056=VECTOR('',#13268,39.3700787401575);
#8057=VECTOR('',#13269,39.3700787401575);
#8058=VECTOR('',#13270,39.3700787401575);
#8059=VECTOR('',#13271,39.3700787401575);
#8060=VECTOR('',#13272,39.3700787401575);
#8061=VECTOR('',#13273,39.3700787401575);
#8062=VECTOR('',#13274,39.3700787401575);
#8063=VECTOR('',#13275,39.3700787401575);
#8064=VECTOR('',#13276,39.3700787401575);
#8065=VECTOR('',#13277,39.3700787401575);
#8066=VECTOR('',#13278,39.3700787401575);
#8067=VECTOR('',#13279,39.3700787401575);
#8068=VECTOR('',#13280,39.3700787401575);
#8069=VECTOR('',#13281,39.3700787401575);
#8070=VECTOR('',#13282,39.3700787401575);
#8071=VECTOR('',#13283,39.3700787401575);
#8072=VECTOR('',#13284,39.3700787401575);
#8073=VECTOR('',#13285,39.3700787401575);
#8074=VECTOR('',#13288,39.3700787401575);
#8075=VECTOR('',#13289,39.3700787401575);
#8076=VECTOR('',#13290,39.3700787401575);
#8077=VECTOR('',#13295,39.3700787401575);
#8078=VECTOR('',#13300,39.3700787401575);
#8079=VECTOR('',#13301,39.3700787401575);
#8080=VECTOR('',#13302,39.3700787401575);
#8081=VECTOR('',#13305,39.3700787401575);
#8082=VECTOR('',#13306,39.3700787401575);
#8083=VECTOR('',#13307,39.3700787401575);
#8084=VECTOR('',#13310,39.3700787401575);
#8085=VECTOR('',#13311,39.3700787401575);
#8086=VECTOR('',#13312,39.3700787401575);
#8087=VECTOR('',#13315,39.3700787401575);
#8088=VECTOR('',#13316,39.3700787401575);
#8089=VECTOR('',#13317,39.3700787401575);
#8090=VECTOR('',#13318,39.3700787401575);
#8091=VECTOR('',#13319,39.3700787401575);
#8092=VECTOR('',#13320,39.3700787401575);
#8093=VECTOR('',#13321,39.3700787401575);
#8094=VECTOR('',#13322,39.3700787401575);
#8095=VECTOR('',#13323,39.3700787401575);
#8096=VECTOR('',#13324,39.3700787401575);
#8097=VECTOR('',#13325,39.3700787401575);
#8098=VECTOR('',#13326,39.3700787401575);
#8099=VECTOR('',#13327,39.3700787401575);
#8100=VECTOR('',#13328,39.3700787401575);
#8101=VECTOR('',#13329,39.3700787401575);
#8102=VECTOR('',#13330,39.3700787401575);
#8103=VECTOR('',#13331,39.3700787401575);
#8104=VECTOR('',#13332,39.3700787401575);
#8105=VECTOR('',#13333,39.3700787401575);
#8106=VECTOR('',#13334,39.3700787401575);
#8107=VECTOR('',#13335,39.3700787401575);
#8108=VECTOR('',#13336,39.3700787401575);
#8109=VECTOR('',#13337,39.3700787401575);
#8110=VECTOR('',#13338,39.3700787401575);
#8111=VECTOR('',#13339,39.3700787401575);
#8112=VECTOR('',#13342,39.3700787401575);
#8113=VECTOR('',#13343,39.3700787401575);
#8114=VECTOR('',#13344,39.3700787401575);
#8115=VECTOR('',#13345,39.3700787401575);
#8116=VECTOR('',#13346,39.3700787401575);
#8117=VECTOR('',#13347,39.3700787401575);
#8118=VECTOR('',#13348,39.3700787401575);
#8119=VECTOR('',#13349,39.3700787401575);
#8120=VECTOR('',#13350,39.3700787401575);
#8121=VECTOR('',#13351,39.3700787401575);
#8122=VECTOR('',#13352,39.3700787401575);
#8123=VECTOR('',#13353,39.3700787401575);
#8124=VECTOR('',#13354,39.3700787401575);
#8125=VECTOR('',#13355,39.3700787401575);
#8126=VECTOR('',#13356,39.3700787401575);
#8127=VECTOR('',#13357,39.3700787401575);
#8128=VECTOR('',#13358,39.3700787401575);
#8129=VECTOR('',#13359,39.3700787401575);
#8130=VECTOR('',#13360,39.3700787401575);
#8131=VECTOR('',#13361,39.3700787401575);
#8132=VECTOR('',#13362,39.3700787401575);
#8133=VECTOR('',#13363,39.3700787401575);
#8134=VECTOR('',#13364,39.3700787401575);
#8135=VECTOR('',#13365,39.3700787401575);
#8136=EDGE_LOOP('',(#108,#109,#110,#111,#112,#113,#114,#115,#116,#117));
#8137=EDGE_LOOP('',(#118,#119,#120,#121,#122));
#8138=EDGE_LOOP('',(#123,#124,#125,#126,#127));
#8139=EDGE_LOOP('',(#128,#129,#130,#131));
#8140=EDGE_LOOP('',(#132,#133,#134,#135));
#8141=EDGE_LOOP('',(#136,#137,#138,#139));
#8142=EDGE_LOOP('',(#140,#141,#142,#143));
#8143=EDGE_LOOP('',(#144,#145,#146,#147));
#8144=EDGE_LOOP('',(#148,#149,#150,#151));
#8145=EDGE_LOOP('',(#152,#153,#154,#155));
#8146=EDGE_LOOP('',(#156,#157,#158,#159));
#8147=EDGE_LOOP('',(#160,#161,#162,#163));
#8148=EDGE_LOOP('',(#164,#165,#166,#167));
#8149=EDGE_LOOP('',(#168,#169,#170,#171));
#8150=EDGE_LOOP('',(#172,#173,#174,#175));
#8151=EDGE_LOOP('',(#176,#177,#178,#179));
#8152=EDGE_LOOP('',(#180,#181,#182,#183));
#8153=EDGE_LOOP('',(#184,#185,#186,#187));
#8154=EDGE_LOOP('',(#188,#189,#190,#191));
#8155=EDGE_LOOP('',(#192,#193,#194,#195));
#8156=EDGE_LOOP('',(#196,#197,#198,#199));
#8157=EDGE_LOOP('',(#200,#201,#202,#203));
#8158=EDGE_LOOP('',(#204,#205,#206,#207));
#8159=EDGE_LOOP('',(#208,#209,#210,#211));
#8160=EDGE_LOOP('',(#212,#213,#214,#215));
#8161=EDGE_LOOP('',(#216,#217,#218,#219));
#8162=EDGE_LOOP('',(#220,#221,#222,#223));
#8163=EDGE_LOOP('',(#224,#225,#226,#227));
#8164=EDGE_LOOP('',(#228,#229,#230,#231));
#8165=EDGE_LOOP('',(#232,#233,#234,#235));
#8166=EDGE_LOOP('',(#236,#237,#238,#239));
#8167=EDGE_LOOP('',(#240,#241,#242,#243));
#8168=EDGE_LOOP('',(#244,#245,#246,#247));
#8169=EDGE_LOOP('',(#248,#249,#250,#251));
#8170=EDGE_LOOP('',(#252,#253,#254,#255));
#8171=EDGE_LOOP('',(#256,#257,#258,#259));
#8172=EDGE_LOOP('',(#260,#261,#262,#263));
#8173=EDGE_LOOP('',(#264,#265,#266,#267));
#8174=EDGE_LOOP('',(#268,#269,#270,#271));
#8175=EDGE_LOOP('',(#272,#273,#274,#275));
#8176=EDGE_LOOP('',(#276,#277,#278,#279));
#8177=EDGE_LOOP('',(#280,#281,#282,#283));
#8178=EDGE_LOOP('',(#284,#285,#286,#287));
#8179=EDGE_LOOP('',(#288,#289,#290,#291,#292,#293,#294,#295,#296,#297,#298,
#299));
#8180=EDGE_LOOP('',(#300,#301,#302,#303));
#8181=EDGE_LOOP('',(#304,#305,#306,#307,#308,#309,#310,#311,#312,#313,#314,
#315));
#8182=EDGE_LOOP('',(#316,#317,#318,#319));
#8183=EDGE_LOOP('',(#320,#321,#322,#323));
#8184=EDGE_LOOP('',(#324,#325,#326,#327));
#8185=EDGE_LOOP('',(#328,#329,#330,#331));
#8186=EDGE_LOOP('',(#332,#333,#334,#335));
#8187=EDGE_LOOP('',(#336,#337,#338,#339));
#8188=EDGE_LOOP('',(#340,#341,#342,#343));
#8189=EDGE_LOOP('',(#344,#345,#346,#347));
#8190=EDGE_LOOP('',(#348,#349,#350,#351));
#8191=EDGE_LOOP('',(#352,#353,#354,#355));
#8192=EDGE_LOOP('',(#356,#357,#358,#359));
#8193=EDGE_LOOP('',(#360,#361,#362,#363));
#8194=EDGE_LOOP('',(#364,#365,#366,#367));
#8195=EDGE_LOOP('',(#368,#369,#370,#371));
#8196=EDGE_LOOP('',(#372,#373,#374,#375));
#8197=EDGE_LOOP('',(#376,#377,#378,#379));
#8198=EDGE_LOOP('',(#380,#381,#382,#383));
#8199=EDGE_LOOP('',(#384,#385,#386,#387));
#8200=EDGE_LOOP('',(#388,#389,#390,#391));
#8201=EDGE_LOOP('',(#392,#393,#394,#395));
#8202=EDGE_LOOP('',(#396,#397,#398,#399));
#8203=EDGE_LOOP('',(#400,#401,#402,#403));
#8204=EDGE_LOOP('',(#404,#405,#406,#407));
#8205=EDGE_LOOP('',(#408,#409,#410,#411));
#8206=EDGE_LOOP('',(#412,#413,#414,#415));
#8207=EDGE_LOOP('',(#416,#417,#418,#419));
#8208=EDGE_LOOP('',(#420,#421,#422,#423));
#8209=EDGE_LOOP('',(#424,#425,#426,#427));
#8210=EDGE_LOOP('',(#428,#429,#430,#431));
#8211=EDGE_LOOP('',(#432,#433,#434,#435));
#8212=EDGE_LOOP('',(#436,#437,#438,#439));
#8213=EDGE_LOOP('',(#440,#441,#442,#443));
#8214=EDGE_LOOP('',(#444,#445,#446,#447));
#8215=EDGE_LOOP('',(#448,#449,#450,#451));
#8216=EDGE_LOOP('',(#452,#453,#454,#455));
#8217=EDGE_LOOP('',(#456,#457,#458,#459));
#8218=EDGE_LOOP('',(#460,#461,#462,#463));
#8219=EDGE_LOOP('',(#464,#465,#466,#467));
#8220=EDGE_LOOP('',(#468,#469,#470,#471));
#8221=EDGE_LOOP('',(#472,#473,#474,#475));
#8222=EDGE_LOOP('',(#476,#477,#478,#479));
#8223=EDGE_LOOP('',(#480,#481,#482,#483));
#8224=EDGE_LOOP('',(#484,#485,#486,#487));
#8225=EDGE_LOOP('',(#488,#489,#490,#491));
#8226=EDGE_LOOP('',(#492,#493,#494,#495));
#8227=EDGE_LOOP('',(#496,#497,#498,#499));
#8228=EDGE_LOOP('',(#500,#501,#502,#503));
#8229=EDGE_LOOP('',(#504,#505,#506,#507));
#8230=EDGE_LOOP('',(#508,#509,#510,#511));
#8231=EDGE_LOOP('',(#512,#513,#514,#515));
#8232=EDGE_LOOP('',(#516,#517,#518,#519));
#8233=EDGE_LOOP('',(#520,#521,#522,#523));
#8234=EDGE_LOOP('',(#524,#525,#526,#527));
#8235=EDGE_LOOP('',(#528,#529,#530,#531));
#8236=EDGE_LOOP('',(#532,#533,#534,#535));
#8237=EDGE_LOOP('',(#536,#537,#538,#539));
#8238=EDGE_LOOP('',(#540,#541,#542,#543));
#8239=EDGE_LOOP('',(#544,#545,#546,#547));
#8240=EDGE_LOOP('',(#548,#549,#550,#551));
#8241=EDGE_LOOP('',(#552,#553,#554,#555));
#8242=EDGE_LOOP('',(#556,#557,#558,#559));
#8243=EDGE_LOOP('',(#560,#561,#562,#563));
#8244=EDGE_LOOP('',(#564,#565,#566,#567));
#8245=EDGE_LOOP('',(#568,#569,#570,#571));
#8246=EDGE_LOOP('',(#572,#573,#574,#575));
#8247=EDGE_LOOP('',(#576,#577,#578,#579));
#8248=EDGE_LOOP('',(#580,#581,#582,#583));
#8249=EDGE_LOOP('',(#584,#585,#586,#587));
#8250=EDGE_LOOP('',(#588,#589,#590,#591));
#8251=EDGE_LOOP('',(#592,#593,#594,#595));
#8252=EDGE_LOOP('',(#596,#597,#598,#599));
#8253=EDGE_LOOP('',(#600,#601,#602,#603));
#8254=EDGE_LOOP('',(#604,#605,#606,#607));
#8255=EDGE_LOOP('',(#608,#609,#610,#611));
#8256=EDGE_LOOP('',(#612,#613,#614,#615));
#8257=EDGE_LOOP('',(#616,#617,#618,#619));
#8258=EDGE_LOOP('',(#620,#621,#622,#623));
#8259=EDGE_LOOP('',(#624,#625,#626,#627));
#8260=EDGE_LOOP('',(#628,#629,#630,#631));
#8261=EDGE_LOOP('',(#632,#633,#634,#635));
#8262=EDGE_LOOP('',(#636,#637,#638,#639));
#8263=EDGE_LOOP('',(#640,#641,#642,#643));
#8264=EDGE_LOOP('',(#644,#645,#646,#647));
#8265=EDGE_LOOP('',(#648,#649,#650,#651));
#8266=EDGE_LOOP('',(#652,#653,#654,#655));
#8267=EDGE_LOOP('',(#656,#657,#658,#659));
#8268=EDGE_LOOP('',(#660,#661,#662,#663));
#8269=EDGE_LOOP('',(#664,#665,#666,#667));
#8270=EDGE_LOOP('',(#668,#669,#670,#671));
#8271=EDGE_LOOP('',(#672,#673,#674,#675,#676,#677,#678,#679,#680,#681,#682,
#683));
#8272=EDGE_LOOP('',(#684,#685,#686,#687));
#8273=EDGE_LOOP('',(#688,#689,#690,#691));
#8274=EDGE_LOOP('',(#692,#693,#694,#695));
#8275=EDGE_LOOP('',(#696,#697,#698,#699));
#8276=EDGE_LOOP('',(#700,#701,#702,#703));
#8277=EDGE_LOOP('',(#704,#705,#706,#707));
#8278=EDGE_LOOP('',(#708,#709,#710,#711));
#8279=EDGE_LOOP('',(#712,#713,#714,#715));
#8280=EDGE_LOOP('',(#716,#717,#718,#719,#720,#721,#722,#723,#724,#725,#726,
#727));
#8281=EDGE_LOOP('',(#728,#729,#730,#731));
#8282=EDGE_LOOP('',(#732,#733,#734,#735));
#8283=EDGE_LOOP('',(#736,#737,#738,#739));
#8284=EDGE_LOOP('',(#740,#741,#742,#743));
#8285=EDGE_LOOP('',(#744,#745,#746,#747));
#8286=EDGE_LOOP('',(#748,#749,#750,#751));
#8287=EDGE_LOOP('',(#752,#753,#754,#755));
#8288=EDGE_LOOP('',(#756,#757,#758,#759));
#8289=EDGE_LOOP('',(#760,#761,#762,#763));
#8290=EDGE_LOOP('',(#764,#765,#766,#767,#768,#769));
#8291=EDGE_LOOP('',(#770,#771,#772,#773,#774,#775));
#8292=EDGE_LOOP('',(#776,#777,#778,#779,#780,#781));
#8293=EDGE_LOOP('',(#782,#783,#784,#785));
#8294=EDGE_LOOP('',(#786,#787,#788,#789,#790,#791));
#8295=EDGE_LOOP('',(#792,#793,#794,#795));
#8296=EDGE_LOOP('',(#796,#797,#798,#799));
#8297=EDGE_LOOP('',(#800,#801,#802,#803));
#8298=EDGE_LOOP('',(#804,#805,#806,#807));
#8299=EDGE_LOOP('',(#808,#809,#810,#811));
#8300=EDGE_LOOP('',(#812,#813,#814,#815));
#8301=EDGE_LOOP('',(#816,#817,#818,#819));
#8302=EDGE_LOOP('',(#820,#821,#822,#823));
#8303=EDGE_LOOP('',(#824,#825,#826,#827,#828,#829,#830));
#8304=EDGE_LOOP('',(#831,#832,#833,#834,#835,#836,#837));
#8305=EDGE_LOOP('',(#838,#839,#840,#841,#842,#843,#844));
#8306=EDGE_LOOP('',(#845,#846,#847,#848,#849,#850,#851));
#8307=EDGE_LOOP('',(#852,#853,#854,#855));
#8308=EDGE_LOOP('',(#856,#857,#858,#859));
#8309=EDGE_LOOP('',(#860,#861,#862,#863));
#8310=EDGE_LOOP('',(#864,#865,#866,#867));
#8311=EDGE_LOOP('',(#868,#869,#870,#871));
#8312=EDGE_LOOP('',(#872,#873,#874,#875));
#8313=EDGE_LOOP('',(#876,#877,#878,#879));
#8314=EDGE_LOOP('',(#880,#881,#882,#883));
#8315=EDGE_LOOP('',(#884,#885,#886,#887));
#8316=EDGE_LOOP('',(#888,#889,#890,#891));
#8317=EDGE_LOOP('',(#892,#893,#894,#895));
#8318=EDGE_LOOP('',(#896,#897,#898,#899));
#8319=EDGE_LOOP('',(#900,#901,#902,#903));
#8320=EDGE_LOOP('',(#904,#905,#906,#907));
#8321=EDGE_LOOP('',(#908,#909,#910,#911));
#8322=EDGE_LOOP('',(#912,#913,#914,#915));
#8323=EDGE_LOOP('',(#916,#917,#918,#919));
#8324=EDGE_LOOP('',(#920,#921,#922,#923));
#8325=EDGE_LOOP('',(#924,#925,#926,#927));
#8326=EDGE_LOOP('',(#928,#929,#930,#931));
#8327=EDGE_LOOP('',(#932,#933,#934,#935));
#8328=EDGE_LOOP('',(#936,#937,#938,#939));
#8329=EDGE_LOOP('',(#940,#941,#942,#943));
#8330=EDGE_LOOP('',(#944,#945,#946,#947));
#8331=EDGE_LOOP('',(#948,#949,#950,#951));
#8332=EDGE_LOOP('',(#952,#953,#954,#955));
#8333=EDGE_LOOP('',(#956,#957,#958,#959));
#8334=EDGE_LOOP('',(#960,#961,#962,#963));
#8335=EDGE_LOOP('',(#964,#965,#966,#967));
#8336=EDGE_LOOP('',(#968,#969,#970,#971));
#8337=EDGE_LOOP('',(#972,#973,#974,#975));
#8338=EDGE_LOOP('',(#976,#977,#978,#979));
#8339=EDGE_LOOP('',(#980,#981,#982,#983));
#8340=EDGE_LOOP('',(#984,#985,#986,#987));
#8341=EDGE_LOOP('',(#988,#989,#990,#991));
#8342=EDGE_LOOP('',(#992,#993,#994,#995));
#8343=EDGE_LOOP('',(#996,#997,#998,#999));
#8344=EDGE_LOOP('',(#1000,#1001,#1002,#1003));
#8345=EDGE_LOOP('',(#1004,#1005,#1006,#1007));
#8346=EDGE_LOOP('',(#1008,#1009,#1010,#1011));
#8347=EDGE_LOOP('',(#1012,#1013,#1014,#1015));
#8348=EDGE_LOOP('',(#1016,#1017,#1018,#1019));
#8349=EDGE_LOOP('',(#1020,#1021,#1022,#1023));
#8350=EDGE_LOOP('',(#1024,#1025,#1026,#1027));
#8351=EDGE_LOOP('',(#1028,#1029,#1030,#1031));
#8352=EDGE_LOOP('',(#1032,#1033,#1034,#1035));
#8353=EDGE_LOOP('',(#1036,#1037,#1038,#1039));
#8354=EDGE_LOOP('',(#1040,#1041,#1042,#1043));
#8355=EDGE_LOOP('',(#1044,#1045,#1046,#1047));
#8356=EDGE_LOOP('',(#1048,#1049,#1050,#1051));
#8357=EDGE_LOOP('',(#1052,#1053,#1054,#1055));
#8358=EDGE_LOOP('',(#1056,#1057,#1058,#1059));
#8359=EDGE_LOOP('',(#1060,#1061,#1062,#1063));
#8360=EDGE_LOOP('',(#1064,#1065,#1066,#1067));
#8361=EDGE_LOOP('',(#1068,#1069,#1070,#1071));
#8362=EDGE_LOOP('',(#1072,#1073,#1074,#1075));
#8363=EDGE_LOOP('',(#1076,#1077,#1078,#1079));
#8364=EDGE_LOOP('',(#1080,#1081,#1082,#1083));
#8365=EDGE_LOOP('',(#1084,#1085,#1086,#1087));
#8366=EDGE_LOOP('',(#1088,#1089,#1090,#1091));
#8367=EDGE_LOOP('',(#1092,#1093,#1094,#1095));
#8368=EDGE_LOOP('',(#1096,#1097,#1098,#1099));
#8369=EDGE_LOOP('',(#1100,#1101,#1102,#1103));
#8370=EDGE_LOOP('',(#1104,#1105,#1106,#1107));
#8371=EDGE_LOOP('',(#1108,#1109,#1110,#1111));
#8372=EDGE_LOOP('',(#1112,#1113,#1114,#1115));
#8373=EDGE_LOOP('',(#1116,#1117,#1118,#1119));
#8374=EDGE_LOOP('',(#1120,#1121,#1122,#1123));
#8375=EDGE_LOOP('',(#1124,#1125,#1126,#1127));
#8376=EDGE_LOOP('',(#1128,#1129,#1130,#1131));
#8377=EDGE_LOOP('',(#1132,#1133,#1134,#1135));
#8378=EDGE_LOOP('',(#1136,#1137,#1138,#1139));
#8379=EDGE_LOOP('',(#1140,#1141,#1142,#1143));
#8380=EDGE_LOOP('',(#1144,#1145,#1146,#1147));
#8381=EDGE_LOOP('',(#1148,#1149,#1150,#1151));
#8382=EDGE_LOOP('',(#1152,#1153,#1154,#1155));
#8383=EDGE_LOOP('',(#1156,#1157,#1158,#1159));
#8384=EDGE_LOOP('',(#1160,#1161,#1162,#1163));
#8385=EDGE_LOOP('',(#1164,#1165,#1166,#1167));
#8386=EDGE_LOOP('',(#1168,#1169,#1170,#1171));
#8387=EDGE_LOOP('',(#1172,#1173,#1174,#1175));
#8388=EDGE_LOOP('',(#1176,#1177,#1178,#1179));
#8389=EDGE_LOOP('',(#1180,#1181,#1182,#1183));
#8390=EDGE_LOOP('',(#1184,#1185,#1186,#1187));
#8391=EDGE_LOOP('',(#1188,#1189,#1190,#1191));
#8392=EDGE_LOOP('',(#1192,#1193,#1194,#1195));
#8393=EDGE_LOOP('',(#1196,#1197,#1198,#1199));
#8394=EDGE_LOOP('',(#1200,#1201,#1202,#1203));
#8395=EDGE_LOOP('',(#1204,#1205,#1206,#1207));
#8396=EDGE_LOOP('',(#1208,#1209,#1210,#1211));
#8397=EDGE_LOOP('',(#1212,#1213,#1214,#1215));
#8398=EDGE_LOOP('',(#1216,#1217,#1218,#1219));
#8399=EDGE_LOOP('',(#1220,#1221,#1222,#1223));
#8400=EDGE_LOOP('',(#1224,#1225,#1226,#1227));
#8401=EDGE_LOOP('',(#1228,#1229,#1230,#1231));
#8402=EDGE_LOOP('',(#1232,#1233,#1234,#1235));
#8403=EDGE_LOOP('',(#1236,#1237,#1238,#1239));
#8404=EDGE_LOOP('',(#1240,#1241,#1242,#1243));
#8405=EDGE_LOOP('',(#1244,#1245,#1246,#1247));
#8406=EDGE_LOOP('',(#1248,#1249,#1250,#1251));
#8407=EDGE_LOOP('',(#1252,#1253,#1254,#1255));
#8408=EDGE_LOOP('',(#1256,#1257,#1258,#1259));
#8409=EDGE_LOOP('',(#1260,#1261,#1262,#1263));
#8410=EDGE_LOOP('',(#1264,#1265,#1266,#1267));
#8411=EDGE_LOOP('',(#1268,#1269,#1270,#1271));
#8412=EDGE_LOOP('',(#1272,#1273,#1274,#1275));
#8413=EDGE_LOOP('',(#1276,#1277,#1278,#1279));
#8414=EDGE_LOOP('',(#1280,#1281,#1282,#1283));
#8415=EDGE_LOOP('',(#1284,#1285,#1286,#1287));
#8416=EDGE_LOOP('',(#1288,#1289,#1290,#1291));
#8417=EDGE_LOOP('',(#1292,#1293,#1294,#1295));
#8418=EDGE_LOOP('',(#1296,#1297,#1298,#1299));
#8419=EDGE_LOOP('',(#1300,#1301,#1302,#1303));
#8420=EDGE_LOOP('',(#1304,#1305,#1306,#1307));
#8421=EDGE_LOOP('',(#1308,#1309,#1310,#1311));
#8422=EDGE_LOOP('',(#1312,#1313,#1314,#1315));
#8423=EDGE_LOOP('',(#1316,#1317,#1318,#1319));
#8424=EDGE_LOOP('',(#1320,#1321,#1322,#1323));
#8425=EDGE_LOOP('',(#1324,#1325,#1326,#1327));
#8426=EDGE_LOOP('',(#1328,#1329,#1330,#1331));
#8427=EDGE_LOOP('',(#1332,#1333,#1334,#1335,#1336,#1337,#1338,#1339,#1340,
#1341,#1342,#1343,#1344,#1345,#1346,#1347,#1348,#1349,#1350,#1351,#1352,
#1353,#1354,#1355,#1356,#1357,#1358,#1359,#1360,#1361,#1362,#1363,#1364,
#1365,#1366,#1367,#1368,#1369,#1370,#1371,#1372,#1373,#1374,#1375,#1376,
#1377,#1378,#1379));
#8428=EDGE_LOOP('',(#1380,#1381,#1382,#1383,#1384,#1385,#1386,#1387,#1388,
#1389,#1390,#1391,#1392,#1393,#1394,#1395,#1396,#1397,#1398,#1399,#1400,
#1401,#1402,#1403,#1404,#1405,#1406,#1407,#1408,#1409,#1410,#1411,#1412,
#1413,#1414,#1415,#1416,#1417,#1418,#1419,#1420,#1421,#1422,#1423,#1424,
#1425,#1426,#1427));
#8429=EDGE_LOOP('',(#1428,#1429,#1430,#1431));
#8430=EDGE_LOOP('',(#1432,#1433,#1434,#1435));
#8431=EDGE_LOOP('',(#1436,#1437,#1438,#1439));
#8432=EDGE_LOOP('',(#1440,#1441,#1442,#1443));
#8433=EDGE_LOOP('',(#1444,#1445,#1446,#1447));
#8434=EDGE_LOOP('',(#1448,#1449,#1450,#1451,#1452,#1453,#1454,#1455,#1456,
#1457,#1458,#1459,#1460,#1461,#1462,#1463,#1464,#1465,#1466,#1467,#1468,
#1469,#1470,#1471,#1472,#1473,#1474,#1475,#1476,#1477,#1478,#1479,#1480,
#1481,#1482,#1483,#1484,#1485,#1486,#1487,#1488,#1489,#1490,#1491,#1492,
#1493,#1494,#1495,#1496,#1497,#1498,#1499,#1500,#1501,#1502,#1503,#1504,
#1505,#1506,#1507,#1508,#1509,#1510,#1511,#1512,#1513,#1514,#1515,#1516,
#1517,#1518,#1519,#1520,#1521,#1522,#1523,#1524,#1525,#1526,#1527,#1528,
#1529,#1530,#1531,#1532,#1533,#1534,#1535,#1536,#1537,#1538,#1539));
#8435=EDGE_LOOP('',(#1540,#1541,#1542,#1543));
#8436=EDGE_LOOP('',(#1544,#1545,#1546,#1547));
#8437=EDGE_LOOP('',(#1548,#1549,#1550,#1551));
#8438=EDGE_LOOP('',(#1552,#1553,#1554,#1555));
#8439=EDGE_LOOP('',(#1556,#1557,#1558,#1559,#1560,#1561,#1562,#1563,#1564));
#8440=EDGE_LOOP('',(#1565,#1566,#1567,#1568,#1569,#1570,#1571,#1572,#1573));
#8441=EDGE_LOOP('',(#1574,#1575,#1576,#1577));
#8442=EDGE_LOOP('',(#1578,#1579,#1580,#1581));
#8443=EDGE_LOOP('',(#1582,#1583,#1584,#1585));
#8444=EDGE_LOOP('',(#1586,#1587,#1588,#1589));
#8445=EDGE_LOOP('',(#1590,#1591,#1592,#1593));
#8446=EDGE_LOOP('',(#1594,#1595,#1596,#1597));
#8447=EDGE_LOOP('',(#1598,#1599,#1600,#1601,#1602));
#8448=EDGE_LOOP('',(#1603,#1604,#1605,#1606,#1607));
#8449=EDGE_LOOP('',(#1608,#1609,#1610,#1611));
#8450=EDGE_LOOP('',(#1612,#1613,#1614,#1615));
#8451=EDGE_LOOP('',(#1616,#1617,#1618,#1619,#1620));
#8452=EDGE_LOOP('',(#1621,#1622,#1623,#1624,#1625));
#8453=EDGE_LOOP('',(#1626,#1627,#1628,#1629));
#8454=EDGE_LOOP('',(#1630,#1631,#1632,#1633));
#8455=EDGE_LOOP('',(#1634,#1635,#1636,#1637,#1638));
#8456=EDGE_LOOP('',(#1639,#1640,#1641,#1642,#1643));
#8457=EDGE_LOOP('',(#1644,#1645,#1646,#1647));
#8458=EDGE_LOOP('',(#1648,#1649,#1650,#1651));
#8459=EDGE_LOOP('',(#1652,#1653,#1654,#1655,#1656));
#8460=EDGE_LOOP('',(#1657,#1658,#1659,#1660,#1661));
#8461=EDGE_LOOP('',(#1662,#1663,#1664,#1665));
#8462=EDGE_LOOP('',(#1666,#1667,#1668,#1669));
#8463=EDGE_LOOP('',(#1670,#1671,#1672,#1673,#1674));
#8464=EDGE_LOOP('',(#1675,#1676,#1677,#1678,#1679));
#8465=EDGE_LOOP('',(#1680,#1681,#1682,#1683));
#8466=EDGE_LOOP('',(#1684,#1685,#1686,#1687));
#8467=EDGE_LOOP('',(#1688,#1689,#1690,#1691,#1692));
#8468=EDGE_LOOP('',(#1693,#1694,#1695,#1696,#1697));
#8469=EDGE_LOOP('',(#1698,#1699,#1700,#1701));
#8470=EDGE_LOOP('',(#1702,#1703,#1704,#1705));
#8471=EDGE_LOOP('',(#1706,#1707,#1708,#1709,#1710));
#8472=EDGE_LOOP('',(#1711,#1712,#1713,#1714,#1715));
#8473=EDGE_LOOP('',(#1716,#1717,#1718,#1719));
#8474=EDGE_LOOP('',(#1720,#1721,#1722,#1723));
#8475=EDGE_LOOP('',(#1724,#1725,#1726,#1727,#1728));
#8476=EDGE_LOOP('',(#1729,#1730,#1731,#1732,#1733));
#8477=EDGE_LOOP('',(#1734,#1735,#1736,#1737));
#8478=EDGE_LOOP('',(#1738,#1739,#1740,#1741));
#8479=EDGE_LOOP('',(#1742,#1743,#1744,#1745,#1746));
#8480=EDGE_LOOP('',(#1747,#1748,#1749,#1750,#1751));
#8481=EDGE_LOOP('',(#1752,#1753,#1754,#1755));
#8482=EDGE_LOOP('',(#1756,#1757,#1758,#1759));
#8483=EDGE_LOOP('',(#1760,#1761,#1762,#1763,#1764));
#8484=EDGE_LOOP('',(#1765,#1766,#1767,#1768,#1769));
#8485=EDGE_LOOP('',(#1770,#1771,#1772,#1773));
#8486=EDGE_LOOP('',(#1774,#1775,#1776,#1777));
#8487=EDGE_LOOP('',(#1778,#1779,#1780,#1781,#1782));
#8488=EDGE_LOOP('',(#1783,#1784,#1785,#1786,#1787));
#8489=EDGE_LOOP('',(#1788,#1789,#1790,#1791,#1792));
#8490=EDGE_LOOP('',(#1793,#1794,#1795,#1796,#1797));
#8491=EDGE_LOOP('',(#1798,#1799,#1800,#1801));
#8492=EDGE_LOOP('',(#1802,#1803,#1804,#1805));
#8493=EDGE_LOOP('',(#1806,#1807,#1808,#1809,#1810));
#8494=EDGE_LOOP('',(#1811,#1812,#1813,#1814,#1815));
#8495=EDGE_LOOP('',(#1816,#1817,#1818,#1819));
#8496=EDGE_LOOP('',(#1820,#1821,#1822,#1823));
#8497=EDGE_LOOP('',(#1824,#1825,#1826,#1827,#1828));
#8498=EDGE_LOOP('',(#1829,#1830,#1831,#1832,#1833));
#8499=EDGE_LOOP('',(#1834,#1835,#1836,#1837));
#8500=EDGE_LOOP('',(#1838,#1839,#1840,#1841));
#8501=EDGE_LOOP('',(#1842,#1843,#1844,#1845,#1846));
#8502=EDGE_LOOP('',(#1847,#1848,#1849,#1850,#1851));
#8503=EDGE_LOOP('',(#1852,#1853,#1854,#1855));
#8504=EDGE_LOOP('',(#1856,#1857,#1858,#1859));
#8505=EDGE_LOOP('',(#1860,#1861,#1862,#1863,#1864));
#8506=EDGE_LOOP('',(#1865,#1866,#1867,#1868,#1869));
#8507=EDGE_LOOP('',(#1870,#1871,#1872,#1873));
#8508=EDGE_LOOP('',(#1874,#1875,#1876,#1877));
#8509=EDGE_LOOP('',(#1878,#1879,#1880,#1881,#1882));
#8510=EDGE_LOOP('',(#1883,#1884,#1885,#1886,#1887));
#8511=EDGE_LOOP('',(#1888,#1889,#1890,#1891));
#8512=EDGE_LOOP('',(#1892,#1893,#1894,#1895));
#8513=EDGE_LOOP('',(#1896,#1897,#1898,#1899,#1900));
#8514=EDGE_LOOP('',(#1901,#1902,#1903,#1904,#1905));
#8515=EDGE_LOOP('',(#1906,#1907,#1908,#1909));
#8516=EDGE_LOOP('',(#1910,#1911,#1912,#1913));
#8517=EDGE_LOOP('',(#1914,#1915,#1916,#1917,#1918));
#8518=EDGE_LOOP('',(#1919,#1920,#1921,#1922,#1923));
#8519=EDGE_LOOP('',(#1924,#1925,#1926,#1927));
#8520=EDGE_LOOP('',(#1928,#1929,#1930,#1931));
#8521=EDGE_LOOP('',(#1932,#1933,#1934,#1935,#1936));
#8522=EDGE_LOOP('',(#1937,#1938,#1939,#1940,#1941));
#8523=EDGE_LOOP('',(#1942,#1943,#1944,#1945));
#8524=EDGE_LOOP('',(#1946,#1947,#1948,#1949));
#8525=EDGE_LOOP('',(#1950,#1951,#1952,#1953,#1954));
#8526=EDGE_LOOP('',(#1955,#1956,#1957,#1958,#1959));
#8527=EDGE_LOOP('',(#1960,#1961,#1962,#1963));
#8528=EDGE_LOOP('',(#1964,#1965,#1966,#1967));
#8529=EDGE_LOOP('',(#1968,#1969,#1970,#1971,#1972));
#8530=EDGE_LOOP('',(#1973,#1974,#1975,#1976,#1977));
#8531=EDGE_LOOP('',(#1978,#1979,#1980,#1981));
#8532=EDGE_LOOP('',(#1982,#1983,#1984,#1985));
#8533=EDGE_LOOP('',(#1986,#1987,#1988,#1989));
#8534=EDGE_LOOP('',(#1990,#1991,#1992,#1993));
#8535=EDGE_LOOP('',(#1994,#1995,#1996,#1997));
#8536=EDGE_LOOP('',(#1998,#1999,#2000,#2001));
#8537=EDGE_LOOP('',(#2002,#2003,#2004,#2005));
#8538=EDGE_LOOP('',(#2006,#2007,#2008,#2009));
#8539=EDGE_LOOP('',(#2010,#2011,#2012,#2013));
#8540=EDGE_LOOP('',(#2014,#2015,#2016,#2017));
#8541=EDGE_LOOP('',(#2018,#2019,#2020,#2021));
#8542=EDGE_LOOP('',(#2022,#2023,#2024,#2025));
#8543=EDGE_LOOP('',(#2026,#2027,#2028,#2029));
#8544=EDGE_LOOP('',(#2030,#2031,#2032,#2033));
#8545=EDGE_LOOP('',(#2034,#2035,#2036,#2037));
#8546=EDGE_LOOP('',(#2038,#2039,#2040,#2041));
#8547=EDGE_LOOP('',(#2042,#2043,#2044,#2045));
#8548=EDGE_LOOP('',(#2046,#2047,#2048,#2049));
#8549=EDGE_LOOP('',(#2050,#2051,#2052,#2053));
#8550=EDGE_LOOP('',(#2054,#2055,#2056,#2057));
#8551=EDGE_LOOP('',(#2058,#2059,#2060,#2061));
#8552=EDGE_LOOP('',(#2062,#2063,#2064,#2065));
#8553=EDGE_LOOP('',(#2066,#2067,#2068,#2069));
#8554=EDGE_LOOP('',(#2070,#2071,#2072,#2073));
#8555=EDGE_LOOP('',(#2074,#2075,#2076,#2077));
#8556=EDGE_LOOP('',(#2078,#2079,#2080,#2081));
#8557=EDGE_LOOP('',(#2082,#2083,#2084,#2085));
#8558=EDGE_LOOP('',(#2086,#2087,#2088,#2089));
#8559=EDGE_LOOP('',(#2090,#2091,#2092,#2093));
#8560=EDGE_LOOP('',(#2094,#2095,#2096,#2097));
#8561=EDGE_LOOP('',(#2098,#2099,#2100,#2101));
#8562=EDGE_LOOP('',(#2102,#2103,#2104,#2105));
#8563=EDGE_LOOP('',(#2106,#2107,#2108,#2109));
#8564=EDGE_LOOP('',(#2110,#2111,#2112,#2113));
#8565=EDGE_LOOP('',(#2114,#2115,#2116,#2117));
#8566=EDGE_LOOP('',(#2118,#2119,#2120,#2121));
#8567=EDGE_LOOP('',(#2122,#2123,#2124,#2125));
#8568=EDGE_LOOP('',(#2126,#2127,#2128,#2129));
#8569=EDGE_LOOP('',(#2130,#2131,#2132,#2133));
#8570=EDGE_LOOP('',(#2134,#2135,#2136,#2137));
#8571=EDGE_LOOP('',(#2138,#2139,#2140,#2141));
#8572=EDGE_LOOP('',(#2142,#2143,#2144,#2145));
#8573=EDGE_LOOP('',(#2146,#2147,#2148,#2149));
#8574=EDGE_LOOP('',(#2150,#2151,#2152,#2153));
#8575=EDGE_LOOP('',(#2154,#2155,#2156,#2157));
#8576=EDGE_LOOP('',(#2158,#2159,#2160,#2161));
#8577=EDGE_LOOP('',(#2162,#2163,#2164,#2165));
#8578=EDGE_LOOP('',(#2166,#2167,#2168,#2169));
#8579=EDGE_LOOP('',(#2170,#2171,#2172,#2173));
#8580=EDGE_LOOP('',(#2174,#2175,#2176,#2177));
#8581=EDGE_LOOP('',(#2178,#2179,#2180,#2181));
#8582=EDGE_LOOP('',(#2182,#2183,#2184,#2185));
#8583=EDGE_LOOP('',(#2186,#2187,#2188,#2189));
#8584=EDGE_LOOP('',(#2190,#2191,#2192,#2193));
#8585=EDGE_LOOP('',(#2194,#2195,#2196,#2197));
#8586=EDGE_LOOP('',(#2198,#2199,#2200,#2201));
#8587=EDGE_LOOP('',(#2202,#2203,#2204,#2205));
#8588=EDGE_LOOP('',(#2206,#2207,#2208,#2209));
#8589=EDGE_LOOP('',(#2210,#2211,#2212,#2213));
#8590=EDGE_LOOP('',(#2214,#2215,#2216,#2217));
#8591=EDGE_LOOP('',(#2218,#2219,#2220,#2221));
#8592=EDGE_LOOP('',(#2222,#2223,#2224,#2225));
#8593=EDGE_LOOP('',(#2226,#2227,#2228,#2229));
#8594=EDGE_LOOP('',(#2230,#2231,#2232,#2233));
#8595=EDGE_LOOP('',(#2234,#2235,#2236,#2237));
#8596=EDGE_LOOP('',(#2238,#2239,#2240,#2241));
#8597=EDGE_LOOP('',(#2242,#2243,#2244,#2245));
#8598=EDGE_LOOP('',(#2246,#2247,#2248,#2249));
#8599=EDGE_LOOP('',(#2250,#2251,#2252,#2253));
#8600=EDGE_LOOP('',(#2254,#2255,#2256,#2257));
#8601=EDGE_LOOP('',(#2258,#2259,#2260,#2261));
#8602=EDGE_LOOP('',(#2262,#2263,#2264,#2265));
#8603=EDGE_LOOP('',(#2266,#2267,#2268,#2269));
#8604=EDGE_LOOP('',(#2270,#2271,#2272,#2273));
#8605=EDGE_LOOP('',(#2274,#2275,#2276,#2277));
#8606=EDGE_LOOP('',(#2278,#2279,#2280,#2281));
#8607=EDGE_LOOP('',(#2282,#2283,#2284,#2285));
#8608=EDGE_LOOP('',(#2286,#2287,#2288,#2289));
#8609=EDGE_LOOP('',(#2290,#2291,#2292,#2293));
#8610=EDGE_LOOP('',(#2294,#2295,#2296,#2297));
#8611=EDGE_LOOP('',(#2298,#2299,#2300,#2301));
#8612=EDGE_LOOP('',(#2302,#2303,#2304,#2305));
#8613=EDGE_LOOP('',(#2306,#2307,#2308,#2309));
#8614=EDGE_LOOP('',(#2310,#2311,#2312,#2313));
#8615=EDGE_LOOP('',(#2314,#2315,#2316,#2317));
#8616=EDGE_LOOP('',(#2318,#2319,#2320,#2321));
#8617=EDGE_LOOP('',(#2322,#2323,#2324,#2325));
#8618=EDGE_LOOP('',(#2326,#2327,#2328,#2329));
#8619=EDGE_LOOP('',(#2330,#2331,#2332,#2333));
#8620=EDGE_LOOP('',(#2334,#2335,#2336,#2337));
#8621=EDGE_LOOP('',(#2338,#2339,#2340,#2341));
#8622=EDGE_LOOP('',(#2342,#2343,#2344,#2345));
#8623=EDGE_LOOP('',(#2346,#2347,#2348,#2349));
#8624=EDGE_LOOP('',(#2350,#2351,#2352,#2353));
#8625=EDGE_LOOP('',(#2354,#2355,#2356,#2357));
#8626=EDGE_LOOP('',(#2358,#2359,#2360,#2361));
#8627=EDGE_LOOP('',(#2362,#2363,#2364,#2365));
#8628=EDGE_LOOP('',(#2366,#2367,#2368,#2369));
#8629=EDGE_LOOP('',(#2370,#2371,#2372,#2373));
#8630=EDGE_LOOP('',(#2374,#2375,#2376,#2377));
#8631=EDGE_LOOP('',(#2378,#2379,#2380,#2381));
#8632=EDGE_LOOP('',(#2382,#2383,#2384,#2385));
#8633=EDGE_LOOP('',(#2386,#2387,#2388,#2389));
#8634=EDGE_LOOP('',(#2390,#2391,#2392,#2393));
#8635=EDGE_LOOP('',(#2394,#2395,#2396,#2397));
#8636=EDGE_LOOP('',(#2398,#2399,#2400,#2401));
#8637=EDGE_LOOP('',(#2402,#2403,#2404,#2405));
#8638=EDGE_LOOP('',(#2406,#2407,#2408,#2409));
#8639=EDGE_LOOP('',(#2410,#2411,#2412,#2413));
#8640=EDGE_LOOP('',(#2414,#2415,#2416,#2417));
#8641=EDGE_LOOP('',(#2418,#2419,#2420,#2421));
#8642=EDGE_LOOP('',(#2422,#2423,#2424,#2425));
#8643=EDGE_LOOP('',(#2426,#2427,#2428,#2429));
#8644=EDGE_LOOP('',(#2430,#2431,#2432,#2433));
#8645=EDGE_LOOP('',(#2434,#2435,#2436,#2437));
#8646=EDGE_LOOP('',(#2438,#2439,#2440,#2441));
#8647=EDGE_LOOP('',(#2442,#2443,#2444,#2445));
#8648=EDGE_LOOP('',(#2446,#2447,#2448,#2449,#2450,#2451,#2452,#2453,#2454,
#2455,#2456,#2457,#2458,#2459,#2460,#2461,#2462,#2463,#2464,#2465,#2466,
#2467,#2468,#2469,#2470,#2471,#2472,#2473,#2474,#2475,#2476,#2477,#2478,
#2479,#2480,#2481,#2482,#2483,#2484,#2485,#2486,#2487,#2488,#2489,#2490,
#2491,#2492,#2493,#2494,#2495,#2496,#2497,#2498,#2499,#2500,#2501,#2502,
#2503,#2504,#2505,#2506,#2507,#2508,#2509,#2510,#2511,#2512,#2513,#2514,
#2515,#2516,#2517,#2518,#2519,#2520,#2521,#2522,#2523,#2524,#2525,#2526,
#2527,#2528,#2529,#2530,#2531,#2532,#2533,#2534,#2535,#2536,#2537));
#8649=EDGE_LOOP('',(#2538,#2539,#2540,#2541));
#8650=EDGE_LOOP('',(#2542,#2543,#2544,#2545));
#8651=EDGE_LOOP('',(#2546,#2547,#2548,#2549));
#8652=EDGE_LOOP('',(#2550,#2551,#2552,#2553));
#8653=EDGE_LOOP('',(#2554,#2555,#2556,#2557));
#8654=EDGE_LOOP('',(#2558,#2559,#2560,#2561,#2562,#2563,#2564,#2565,#2566,
#2567,#2568,#2569,#2570,#2571,#2572,#2573,#2574,#2575,#2576,#2577,#2578,
#2579,#2580,#2581,#2582,#2583,#2584,#2585,#2586,#2587,#2588,#2589,#2590,
#2591,#2592,#2593,#2594,#2595,#2596,#2597,#2598,#2599,#2600,#2601,#2602,
#2603,#2604,#2605));
#8655=EDGE_LOOP('',(#2606,#2607,#2608,#2609,#2610,#2611,#2612,#2613,#2614,
#2615,#2616,#2617,#2618,#2619,#2620,#2621,#2622,#2623,#2624,#2625,#2626,
#2627,#2628,#2629,#2630,#2631,#2632,#2633,#2634,#2635,#2636,#2637,#2638,
#2639,#2640,#2641,#2642,#2643,#2644,#2645,#2646,#2647,#2648,#2649,#2650,
#2651,#2652,#2653));
#8656=EDGE_LOOP('',(#2654,#2655,#2656,#2657,#2658,#2659,#2660,#2661,#2662,
#2663,#2664,#2665,#2666));
#8657=EDGE_LOOP('',(#2667,#2668,#2669,#2670,#2671,#2672,#2673,#2674,#2675,
#2676,#2677,#2678,#2679));
#8658=EDGE_LOOP('',(#2680,#2681,#2682,#2683,#2684,#2685,#2686));
#8659=EDGE_LOOP('',(#2687,#2688,#2689,#2690,#2691,#2692,#2693));
#8660=EDGE_LOOP('',(#2694,#2695,#2696,#2697,#2698,#2699,#2700));
#8661=EDGE_LOOP('',(#2701,#2702,#2703,#2704,#2705,#2706,#2707));
#8662=EDGE_LOOP('',(#2708,#2709,#2710,#2711,#2712,#2713,#2714));
#8663=EDGE_LOOP('',(#2715,#2716,#2717,#2718,#2719,#2720,#2721));
#8664=EDGE_LOOP('',(#2722,#2723,#2724,#2725,#2726,#2727,#2728));
#8665=EDGE_LOOP('',(#2729,#2730,#2731,#2732,#2733,#2734,#2735));
#8666=EDGE_LOOP('',(#2736,#2737,#2738,#2739,#2740,#2741,#2742));
#8667=EDGE_LOOP('',(#2743,#2744,#2745,#2746,#2747,#2748,#2749));
#8668=EDGE_LOOP('',(#2750,#2751,#2752,#2753,#2754,#2755,#2756));
#8669=EDGE_LOOP('',(#2757,#2758,#2759,#2760,#2761,#2762,#2763));
#8670=EDGE_LOOP('',(#2764,#2765,#2766,#2767,#2768,#2769,#2770));
#8671=EDGE_LOOP('',(#2771,#2772,#2773,#2774,#2775,#2776,#2777));
#8672=EDGE_LOOP('',(#2778,#2779,#2780,#2781,#2782,#2783,#2784));
#8673=EDGE_LOOP('',(#2785,#2786,#2787,#2788,#2789,#2790,#2791));
#8674=EDGE_LOOP('',(#2792,#2793,#2794,#2795,#2796,#2797,#2798));
#8675=EDGE_LOOP('',(#2799,#2800,#2801,#2802,#2803,#2804,#2805));
#8676=EDGE_LOOP('',(#2806,#2807,#2808,#2809,#2810,#2811,#2812));
#8677=EDGE_LOOP('',(#2813,#2814,#2815,#2816,#2817,#2818,#2819));
#8678=EDGE_LOOP('',(#2820,#2821,#2822,#2823,#2824,#2825,#2826));
#8679=EDGE_LOOP('',(#2827,#2828,#2829,#2830,#2831,#2832,#2833));
#8680=EDGE_LOOP('',(#2834,#2835,#2836,#2837,#2838,#2839,#2840));
#8681=EDGE_LOOP('',(#2841,#2842,#2843,#2844,#2845,#2846,#2847));
#8682=EDGE_LOOP('',(#2848,#2849,#2850,#2851,#2852,#2853,#2854));
#8683=EDGE_LOOP('',(#2855,#2856,#2857,#2858,#2859,#2860,#2861));
#8684=EDGE_LOOP('',(#2862,#2863,#2864,#2865,#2866,#2867,#2868));
#8685=EDGE_LOOP('',(#2869,#2870,#2871,#2872,#2873,#2874,#2875));
#8686=EDGE_LOOP('',(#2876,#2877,#2878,#2879,#2880,#2881,#2882));
#8687=EDGE_LOOP('',(#2883,#2884,#2885,#2886,#2887,#2888,#2889));
#8688=EDGE_LOOP('',(#2890,#2891,#2892,#2893,#2894,#2895,#2896));
#8689=EDGE_LOOP('',(#2897,#2898,#2899,#2900,#2901,#2902,#2903));
#8690=EDGE_LOOP('',(#2904,#2905,#2906,#2907,#2908,#2909,#2910));
#8691=EDGE_LOOP('',(#2911,#2912,#2913,#2914,#2915,#2916,#2917));
#8692=EDGE_LOOP('',(#2918,#2919,#2920,#2921,#2922,#2923,#2924));
#8693=EDGE_LOOP('',(#2925,#2926,#2927,#2928,#2929,#2930,#2931));
#8694=EDGE_LOOP('',(#2932,#2933,#2934,#2935,#2936,#2937,#2938));
#8695=EDGE_LOOP('',(#2939,#2940,#2941,#2942,#2943,#2944,#2945));
#8696=EDGE_LOOP('',(#2946,#2947,#2948,#2949,#2950,#2951,#2952));
#8697=EDGE_LOOP('',(#2953,#2954,#2955,#2956,#2957,#2958,#2959));
#8698=EDGE_LOOP('',(#2960,#2961,#2962,#2963,#2964,#2965,#2966));
#8699=EDGE_LOOP('',(#2967,#2968,#2969,#2970,#2971,#2972,#2973));
#8700=EDGE_LOOP('',(#2974,#2975,#2976,#2977,#2978,#2979,#2980));
#8701=EDGE_LOOP('',(#2981,#2982,#2983,#2984,#2985,#2986,#2987));
#8702=FACE_BOUND('',#8136,.T.);
#8703=FACE_BOUND('',#8137,.T.);
#8704=FACE_BOUND('',#8138,.T.);
#8705=FACE_BOUND('',#8139,.T.);
#8706=FACE_BOUND('',#8140,.T.);
#8707=FACE_BOUND('',#8141,.T.);
#8708=FACE_BOUND('',#8142,.T.);
#8709=FACE_BOUND('',#8143,.T.);
#8710=FACE_BOUND('',#8144,.T.);
#8711=FACE_BOUND('',#8145,.T.);
#8712=FACE_BOUND('',#8146,.T.);
#8713=FACE_BOUND('',#8147,.T.);
#8714=FACE_BOUND('',#8148,.T.);
#8715=FACE_BOUND('',#8149,.T.);
#8716=FACE_BOUND('',#8150,.T.);
#8717=FACE_BOUND('',#8151,.T.);
#8718=FACE_BOUND('',#8152,.T.);
#8719=FACE_BOUND('',#8153,.T.);
#8720=FACE_BOUND('',#8154,.T.);
#8721=FACE_BOUND('',#8155,.T.);
#8722=FACE_BOUND('',#8156,.T.);
#8723=FACE_BOUND('',#8157,.T.);
#8724=FACE_BOUND('',#8158,.T.);
#8725=FACE_BOUND('',#8159,.T.);
#8726=FACE_BOUND('',#8160,.T.);
#8727=FACE_BOUND('',#8161,.T.);
#8728=FACE_BOUND('',#8162,.T.);
#8729=FACE_BOUND('',#8163,.T.);
#8730=FACE_BOUND('',#8164,.T.);
#8731=FACE_BOUND('',#8165,.T.);
#8732=FACE_BOUND('',#8166,.T.);
#8733=FACE_BOUND('',#8167,.T.);
#8734=FACE_BOUND('',#8168,.T.);
#8735=FACE_BOUND('',#8169,.T.);
#8736=FACE_BOUND('',#8170,.T.);
#8737=FACE_BOUND('',#8171,.T.);
#8738=FACE_BOUND('',#8172,.T.);
#8739=FACE_BOUND('',#8173,.T.);
#8740=FACE_BOUND('',#8174,.T.);
#8741=FACE_BOUND('',#8175,.T.);
#8742=FACE_BOUND('',#8176,.T.);
#8743=FACE_BOUND('',#8177,.T.);
#8744=FACE_BOUND('',#8178,.T.);
#8745=FACE_BOUND('',#8179,.T.);
#8746=FACE_BOUND('',#8180,.T.);
#8747=FACE_BOUND('',#8181,.T.);
#8748=FACE_BOUND('',#8182,.T.);
#8749=FACE_BOUND('',#8183,.T.);
#8750=FACE_BOUND('',#8184,.T.);
#8751=FACE_BOUND('',#8185,.T.);
#8752=FACE_BOUND('',#8186,.T.);
#8753=FACE_BOUND('',#8187,.T.);
#8754=FACE_BOUND('',#8188,.T.);
#8755=FACE_BOUND('',#8189,.T.);
#8756=FACE_BOUND('',#8190,.T.);
#8757=FACE_BOUND('',#8191,.T.);
#8758=FACE_BOUND('',#8192,.T.);
#8759=FACE_BOUND('',#8193,.T.);
#8760=FACE_BOUND('',#8194,.T.);
#8761=FACE_BOUND('',#8195,.T.);
#8762=FACE_BOUND('',#8196,.T.);
#8763=FACE_BOUND('',#8197,.T.);
#8764=FACE_BOUND('',#8198,.T.);
#8765=FACE_BOUND('',#8199,.T.);
#8766=FACE_BOUND('',#8200,.T.);
#8767=FACE_BOUND('',#8201,.T.);
#8768=FACE_BOUND('',#8202,.T.);
#8769=FACE_BOUND('',#8203,.T.);
#8770=FACE_BOUND('',#8204,.T.);
#8771=FACE_BOUND('',#8205,.T.);
#8772=FACE_BOUND('',#8206,.T.);
#8773=FACE_BOUND('',#8207,.T.);
#8774=FACE_BOUND('',#8208,.T.);
#8775=FACE_BOUND('',#8209,.T.);
#8776=FACE_BOUND('',#8210,.T.);
#8777=FACE_BOUND('',#8211,.T.);
#8778=FACE_BOUND('',#8212,.T.);
#8779=FACE_BOUND('',#8213,.T.);
#8780=FACE_BOUND('',#8214,.T.);
#8781=FACE_BOUND('',#8215,.T.);
#8782=FACE_BOUND('',#8216,.T.);
#8783=FACE_BOUND('',#8217,.T.);
#8784=FACE_BOUND('',#8218,.T.);
#8785=FACE_BOUND('',#8219,.T.);
#8786=FACE_BOUND('',#8220,.T.);
#8787=FACE_BOUND('',#8221,.T.);
#8788=FACE_BOUND('',#8222,.T.);
#8789=FACE_BOUND('',#8223,.T.);
#8790=FACE_BOUND('',#8224,.T.);
#8791=FACE_BOUND('',#8225,.T.);
#8792=FACE_BOUND('',#8226,.T.);
#8793=FACE_BOUND('',#8227,.T.);
#8794=FACE_BOUND('',#8228,.T.);
#8795=FACE_BOUND('',#8229,.T.);
#8796=FACE_BOUND('',#8230,.T.);
#8797=FACE_BOUND('',#8231,.T.);
#8798=FACE_BOUND('',#8232,.T.);
#8799=FACE_BOUND('',#8233,.T.);
#8800=FACE_BOUND('',#8234,.T.);
#8801=FACE_BOUND('',#8235,.T.);
#8802=FACE_BOUND('',#8236,.T.);
#8803=FACE_BOUND('',#8237,.T.);
#8804=FACE_BOUND('',#8238,.T.);
#8805=FACE_BOUND('',#8239,.T.);
#8806=FACE_BOUND('',#8240,.T.);
#8807=FACE_BOUND('',#8241,.T.);
#8808=FACE_BOUND('',#8242,.T.);
#8809=FACE_BOUND('',#8243,.T.);
#8810=FACE_BOUND('',#8244,.T.);
#8811=FACE_BOUND('',#8245,.T.);
#8812=FACE_BOUND('',#8246,.T.);
#8813=FACE_BOUND('',#8247,.T.);
#8814=FACE_BOUND('',#8248,.T.);
#8815=FACE_BOUND('',#8249,.T.);
#8816=FACE_BOUND('',#8250,.T.);
#8817=FACE_BOUND('',#8251,.T.);
#8818=FACE_BOUND('',#8252,.T.);
#8819=FACE_BOUND('',#8253,.T.);
#8820=FACE_BOUND('',#8254,.T.);
#8821=FACE_BOUND('',#8255,.T.);
#8822=FACE_BOUND('',#8256,.T.);
#8823=FACE_BOUND('',#8257,.T.);
#8824=FACE_BOUND('',#8258,.T.);
#8825=FACE_BOUND('',#8259,.T.);
#8826=FACE_BOUND('',#8260,.T.);
#8827=FACE_BOUND('',#8261,.T.);
#8828=FACE_BOUND('',#8262,.T.);
#8829=FACE_BOUND('',#8263,.T.);
#8830=FACE_BOUND('',#8264,.T.);
#8831=FACE_BOUND('',#8265,.T.);
#8832=FACE_BOUND('',#8266,.T.);
#8833=FACE_BOUND('',#8267,.T.);
#8834=FACE_BOUND('',#8268,.T.);
#8835=FACE_BOUND('',#8269,.T.);
#8836=FACE_BOUND('',#8270,.T.);
#8837=FACE_BOUND('',#8271,.T.);
#8838=FACE_BOUND('',#8272,.T.);
#8839=FACE_BOUND('',#8273,.T.);
#8840=FACE_BOUND('',#8274,.T.);
#8841=FACE_BOUND('',#8275,.T.);
#8842=FACE_BOUND('',#8276,.T.);
#8843=FACE_BOUND('',#8277,.T.);
#8844=FACE_BOUND('',#8278,.T.);
#8845=FACE_BOUND('',#8279,.T.);
#8846=FACE_BOUND('',#8280,.T.);
#8847=FACE_BOUND('',#8281,.T.);
#8848=FACE_BOUND('',#8282,.T.);
#8849=FACE_BOUND('',#8283,.T.);
#8850=FACE_BOUND('',#8284,.T.);
#8851=FACE_BOUND('',#8285,.T.);
#8852=FACE_BOUND('',#8286,.T.);
#8853=FACE_BOUND('',#8287,.T.);
#8854=FACE_BOUND('',#8288,.T.);
#8855=FACE_BOUND('',#8289,.T.);
#8856=FACE_BOUND('',#8290,.T.);
#8857=FACE_BOUND('',#8291,.T.);
#8858=FACE_BOUND('',#8292,.T.);
#8859=FACE_BOUND('',#8293,.T.);
#8860=FACE_BOUND('',#8294,.T.);
#8861=FACE_BOUND('',#8295,.T.);
#8862=FACE_BOUND('',#8296,.T.);
#8863=FACE_BOUND('',#8297,.T.);
#8864=FACE_BOUND('',#8298,.T.);
#8865=FACE_BOUND('',#8299,.T.);
#8866=FACE_BOUND('',#8300,.T.);
#8867=FACE_BOUND('',#8301,.T.);
#8868=FACE_BOUND('',#8302,.T.);
#8869=FACE_BOUND('',#8303,.T.);
#8870=FACE_BOUND('',#8304,.T.);
#8871=FACE_BOUND('',#8305,.T.);
#8872=FACE_BOUND('',#8306,.T.);
#8873=FACE_BOUND('',#8307,.T.);
#8874=FACE_BOUND('',#8308,.T.);
#8875=FACE_BOUND('',#8309,.T.);
#8876=FACE_BOUND('',#8310,.T.);
#8877=FACE_BOUND('',#8311,.T.);
#8878=FACE_BOUND('',#8312,.T.);
#8879=FACE_BOUND('',#8313,.T.);
#8880=FACE_BOUND('',#8314,.T.);
#8881=FACE_BOUND('',#8315,.T.);
#8882=FACE_BOUND('',#8316,.T.);
#8883=FACE_BOUND('',#8317,.T.);
#8884=FACE_BOUND('',#8318,.T.);
#8885=FACE_BOUND('',#8319,.T.);
#8886=FACE_BOUND('',#8320,.T.);
#8887=FACE_BOUND('',#8321,.T.);
#8888=FACE_BOUND('',#8322,.T.);
#8889=FACE_BOUND('',#8323,.T.);
#8890=FACE_BOUND('',#8324,.T.);
#8891=FACE_BOUND('',#8325,.T.);
#8892=FACE_BOUND('',#8326,.T.);
#8893=FACE_BOUND('',#8327,.T.);
#8894=FACE_BOUND('',#8328,.T.);
#8895=FACE_BOUND('',#8329,.T.);
#8896=FACE_BOUND('',#8330,.T.);
#8897=FACE_BOUND('',#8331,.T.);
#8898=FACE_BOUND('',#8332,.T.);
#8899=FACE_BOUND('',#8333,.T.);
#8900=FACE_BOUND('',#8334,.T.);
#8901=FACE_BOUND('',#8335,.T.);
#8902=FACE_BOUND('',#8336,.T.);
#8903=FACE_BOUND('',#8337,.T.);
#8904=FACE_BOUND('',#8338,.T.);
#8905=FACE_BOUND('',#8339,.T.);
#8906=FACE_BOUND('',#8340,.T.);
#8907=FACE_BOUND('',#8341,.T.);
#8908=FACE_BOUND('',#8342,.T.);
#8909=FACE_BOUND('',#8343,.T.);
#8910=FACE_BOUND('',#8344,.T.);
#8911=FACE_BOUND('',#8345,.T.);
#8912=FACE_BOUND('',#8346,.T.);
#8913=FACE_BOUND('',#8347,.T.);
#8914=FACE_BOUND('',#8348,.T.);
#8915=FACE_BOUND('',#8349,.T.);
#8916=FACE_BOUND('',#8350,.T.);
#8917=FACE_BOUND('',#8351,.T.);
#8918=FACE_BOUND('',#8352,.T.);
#8919=FACE_BOUND('',#8353,.T.);
#8920=FACE_BOUND('',#8354,.T.);
#8921=FACE_BOUND('',#8355,.T.);
#8922=FACE_BOUND('',#8356,.T.);
#8923=FACE_BOUND('',#8357,.T.);
#8924=FACE_BOUND('',#8358,.T.);
#8925=FACE_BOUND('',#8359,.T.);
#8926=FACE_BOUND('',#8360,.T.);
#8927=FACE_BOUND('',#8361,.T.);
#8928=FACE_BOUND('',#8362,.T.);
#8929=FACE_BOUND('',#8363,.T.);
#8930=FACE_BOUND('',#8364,.T.);
#8931=FACE_BOUND('',#8365,.T.);
#8932=FACE_BOUND('',#8366,.T.);
#8933=FACE_BOUND('',#8367,.T.);
#8934=FACE_BOUND('',#8368,.T.);
#8935=FACE_BOUND('',#8369,.T.);
#8936=FACE_BOUND('',#8370,.T.);
#8937=FACE_BOUND('',#8371,.T.);
#8938=FACE_BOUND('',#8372,.T.);
#8939=FACE_BOUND('',#8373,.T.);
#8940=FACE_BOUND('',#8374,.T.);
#8941=FACE_BOUND('',#8375,.T.);
#8942=FACE_BOUND('',#8376,.T.);
#8943=FACE_BOUND('',#8377,.T.);
#8944=FACE_BOUND('',#8378,.T.);
#8945=FACE_BOUND('',#8379,.T.);
#8946=FACE_BOUND('',#8380,.T.);
#8947=FACE_BOUND('',#8381,.T.);
#8948=FACE_BOUND('',#8382,.T.);
#8949=FACE_BOUND('',#8383,.T.);
#8950=FACE_BOUND('',#8384,.T.);
#8951=FACE_BOUND('',#8385,.T.);
#8952=FACE_BOUND('',#8386,.T.);
#8953=FACE_BOUND('',#8387,.T.);
#8954=FACE_BOUND('',#8388,.T.);
#8955=FACE_BOUND('',#8389,.T.);
#8956=FACE_BOUND('',#8390,.T.);
#8957=FACE_BOUND('',#8391,.T.);
#8958=FACE_BOUND('',#8392,.T.);
#8959=FACE_BOUND('',#8393,.T.);
#8960=FACE_BOUND('',#8394,.T.);
#8961=FACE_BOUND('',#8395,.T.);
#8962=FACE_BOUND('',#8396,.T.);
#8963=FACE_BOUND('',#8397,.T.);
#8964=FACE_BOUND('',#8398,.T.);
#8965=FACE_BOUND('',#8399,.T.);
#8966=FACE_BOUND('',#8400,.T.);
#8967=FACE_BOUND('',#8401,.T.);
#8968=FACE_BOUND('',#8402,.T.);
#8969=FACE_BOUND('',#8403,.T.);
#8970=FACE_BOUND('',#8404,.T.);
#8971=FACE_BOUND('',#8405,.T.);
#8972=FACE_BOUND('',#8406,.T.);
#8973=FACE_BOUND('',#8407,.T.);
#8974=FACE_BOUND('',#8408,.T.);
#8975=FACE_BOUND('',#8409,.T.);
#8976=FACE_BOUND('',#8410,.T.);
#8977=FACE_BOUND('',#8411,.T.);
#8978=FACE_BOUND('',#8412,.T.);
#8979=FACE_BOUND('',#8413,.T.);
#8980=FACE_BOUND('',#8414,.T.);
#8981=FACE_BOUND('',#8415,.T.);
#8982=FACE_BOUND('',#8416,.T.);
#8983=FACE_BOUND('',#8417,.T.);
#8984=FACE_BOUND('',#8418,.T.);
#8985=FACE_BOUND('',#8419,.T.);
#8986=FACE_BOUND('',#8420,.T.);
#8987=FACE_BOUND('',#8421,.T.);
#8988=FACE_BOUND('',#8422,.T.);
#8989=FACE_BOUND('',#8423,.T.);
#8990=FACE_BOUND('',#8424,.T.);
#8991=FACE_BOUND('',#8425,.T.);
#8992=FACE_BOUND('',#8426,.T.);
#8993=FACE_BOUND('',#8427,.T.);
#8994=FACE_BOUND('',#8428,.T.);
#8995=FACE_BOUND('',#8429,.T.);
#8996=FACE_BOUND('',#8430,.T.);
#8997=FACE_BOUND('',#8431,.T.);
#8998=FACE_BOUND('',#8432,.T.);
#8999=FACE_BOUND('',#8433,.T.);
#9000=FACE_BOUND('',#8434,.T.);
#9001=FACE_BOUND('',#8435,.T.);
#9002=FACE_BOUND('',#8436,.T.);
#9003=FACE_BOUND('',#8437,.T.);
#9004=FACE_BOUND('',#8438,.T.);
#9005=FACE_BOUND('',#8439,.T.);
#9006=FACE_BOUND('',#8440,.T.);
#9007=FACE_BOUND('',#8441,.T.);
#9008=FACE_BOUND('',#8442,.T.);
#9009=FACE_BOUND('',#8443,.T.);
#9010=FACE_BOUND('',#8444,.T.);
#9011=FACE_BOUND('',#8445,.T.);
#9012=FACE_BOUND('',#8446,.T.);
#9013=FACE_BOUND('',#8447,.T.);
#9014=FACE_BOUND('',#8448,.T.);
#9015=FACE_BOUND('',#8449,.T.);
#9016=FACE_BOUND('',#8450,.T.);
#9017=FACE_BOUND('',#8451,.T.);
#9018=FACE_BOUND('',#8452,.T.);
#9019=FACE_BOUND('',#8453,.T.);
#9020=FACE_BOUND('',#8454,.T.);
#9021=FACE_BOUND('',#8455,.T.);
#9022=FACE_BOUND('',#8456,.T.);
#9023=FACE_BOUND('',#8457,.T.);
#9024=FACE_BOUND('',#8458,.T.);
#9025=FACE_BOUND('',#8459,.T.);
#9026=FACE_BOUND('',#8460,.T.);
#9027=FACE_BOUND('',#8461,.T.);
#9028=FACE_BOUND('',#8462,.T.);
#9029=FACE_BOUND('',#8463,.T.);
#9030=FACE_BOUND('',#8464,.T.);
#9031=FACE_BOUND('',#8465,.T.);
#9032=FACE_BOUND('',#8466,.T.);
#9033=FACE_BOUND('',#8467,.T.);
#9034=FACE_BOUND('',#8468,.T.);
#9035=FACE_BOUND('',#8469,.T.);
#9036=FACE_BOUND('',#8470,.T.);
#9037=FACE_BOUND('',#8471,.T.);
#9038=FACE_BOUND('',#8472,.T.);
#9039=FACE_BOUND('',#8473,.T.);
#9040=FACE_BOUND('',#8474,.T.);
#9041=FACE_BOUND('',#8475,.T.);
#9042=FACE_BOUND('',#8476,.T.);
#9043=FACE_BOUND('',#8477,.T.);
#9044=FACE_BOUND('',#8478,.T.);
#9045=FACE_BOUND('',#8479,.T.);
#9046=FACE_BOUND('',#8480,.T.);
#9047=FACE_BOUND('',#8481,.T.);
#9048=FACE_BOUND('',#8482,.T.);
#9049=FACE_BOUND('',#8483,.T.);
#9050=FACE_BOUND('',#8484,.T.);
#9051=FACE_BOUND('',#8485,.T.);
#9052=FACE_BOUND('',#8486,.T.);
#9053=FACE_BOUND('',#8487,.T.);
#9054=FACE_BOUND('',#8488,.T.);
#9055=FACE_BOUND('',#8489,.T.);
#9056=FACE_BOUND('',#8490,.T.);
#9057=FACE_BOUND('',#8491,.T.);
#9058=FACE_BOUND('',#8492,.T.);
#9059=FACE_BOUND('',#8493,.T.);
#9060=FACE_BOUND('',#8494,.T.);
#9061=FACE_BOUND('',#8495,.T.);
#9062=FACE_BOUND('',#8496,.T.);
#9063=FACE_BOUND('',#8497,.T.);
#9064=FACE_BOUND('',#8498,.T.);
#9065=FACE_BOUND('',#8499,.T.);
#9066=FACE_BOUND('',#8500,.T.);
#9067=FACE_BOUND('',#8501,.T.);
#9068=FACE_BOUND('',#8502,.T.);
#9069=FACE_BOUND('',#8503,.T.);
#9070=FACE_BOUND('',#8504,.T.);
#9071=FACE_BOUND('',#8505,.T.);
#9072=FACE_BOUND('',#8506,.T.);
#9073=FACE_BOUND('',#8507,.T.);
#9074=FACE_BOUND('',#8508,.T.);
#9075=FACE_BOUND('',#8509,.T.);
#9076=FACE_BOUND('',#8510,.T.);
#9077=FACE_BOUND('',#8511,.T.);
#9078=FACE_BOUND('',#8512,.T.);
#9079=FACE_BOUND('',#8513,.T.);
#9080=FACE_BOUND('',#8514,.T.);
#9081=FACE_BOUND('',#8515,.T.);
#9082=FACE_BOUND('',#8516,.T.);
#9083=FACE_BOUND('',#8517,.T.);
#9084=FACE_BOUND('',#8518,.T.);
#9085=FACE_BOUND('',#8519,.T.);
#9086=FACE_BOUND('',#8520,.T.);
#9087=FACE_BOUND('',#8521,.T.);
#9088=FACE_BOUND('',#8522,.T.);
#9089=FACE_BOUND('',#8523,.T.);
#9090=FACE_BOUND('',#8524,.T.);
#9091=FACE_BOUND('',#8525,.T.);
#9092=FACE_BOUND('',#8526,.T.);
#9093=FACE_BOUND('',#8527,.T.);
#9094=FACE_BOUND('',#8528,.T.);
#9095=FACE_BOUND('',#8529,.T.);
#9096=FACE_BOUND('',#8530,.T.);
#9097=FACE_BOUND('',#8531,.T.);
#9098=FACE_BOUND('',#8532,.T.);
#9099=FACE_BOUND('',#8533,.T.);
#9100=FACE_BOUND('',#8534,.T.);
#9101=FACE_BOUND('',#8535,.T.);
#9102=FACE_BOUND('',#8536,.T.);
#9103=FACE_BOUND('',#8537,.T.);
#9104=FACE_BOUND('',#8538,.T.);
#9105=FACE_BOUND('',#8539,.T.);
#9106=FACE_BOUND('',#8540,.T.);
#9107=FACE_BOUND('',#8541,.T.);
#9108=FACE_BOUND('',#8542,.T.);
#9109=FACE_BOUND('',#8543,.T.);
#9110=FACE_BOUND('',#8544,.T.);
#9111=FACE_BOUND('',#8545,.T.);
#9112=FACE_BOUND('',#8546,.T.);
#9113=FACE_BOUND('',#8547,.T.);
#9114=FACE_BOUND('',#8548,.T.);
#9115=FACE_BOUND('',#8549,.T.);
#9116=FACE_BOUND('',#8550,.T.);
#9117=FACE_BOUND('',#8551,.T.);
#9118=FACE_BOUND('',#8552,.T.);
#9119=FACE_BOUND('',#8553,.T.);
#9120=FACE_BOUND('',#8554,.T.);
#9121=FACE_BOUND('',#8555,.T.);
#9122=FACE_BOUND('',#8556,.T.);
#9123=FACE_BOUND('',#8557,.T.);
#9124=FACE_BOUND('',#8558,.T.);
#9125=FACE_BOUND('',#8559,.T.);
#9126=FACE_BOUND('',#8560,.T.);
#9127=FACE_BOUND('',#8561,.T.);
#9128=FACE_BOUND('',#8562,.T.);
#9129=FACE_BOUND('',#8563,.T.);
#9130=FACE_BOUND('',#8564,.T.);
#9131=FACE_BOUND('',#8565,.T.);
#9132=FACE_BOUND('',#8566,.T.);
#9133=FACE_BOUND('',#8567,.T.);
#9134=FACE_BOUND('',#8568,.T.);
#9135=FACE_BOUND('',#8569,.T.);
#9136=FACE_BOUND('',#8570,.T.);
#9137=FACE_BOUND('',#8571,.T.);
#9138=FACE_BOUND('',#8572,.T.);
#9139=FACE_BOUND('',#8573,.T.);
#9140=FACE_BOUND('',#8574,.T.);
#9141=FACE_BOUND('',#8575,.T.);
#9142=FACE_BOUND('',#8576,.T.);
#9143=FACE_BOUND('',#8577,.T.);
#9144=FACE_BOUND('',#8578,.T.);
#9145=FACE_BOUND('',#8579,.T.);
#9146=FACE_BOUND('',#8580,.T.);
#9147=FACE_BOUND('',#8581,.T.);
#9148=FACE_BOUND('',#8582,.T.);
#9149=FACE_BOUND('',#8583,.T.);
#9150=FACE_BOUND('',#8584,.T.);
#9151=FACE_BOUND('',#8585,.T.);
#9152=FACE_BOUND('',#8586,.T.);
#9153=FACE_BOUND('',#8587,.T.);
#9154=FACE_BOUND('',#8588,.T.);
#9155=FACE_BOUND('',#8589,.T.);
#9156=FACE_BOUND('',#8590,.T.);
#9157=FACE_BOUND('',#8591,.T.);
#9158=FACE_BOUND('',#8592,.T.);
#9159=FACE_BOUND('',#8593,.T.);
#9160=FACE_BOUND('',#8594,.T.);
#9161=FACE_BOUND('',#8595,.T.);
#9162=FACE_BOUND('',#8596,.T.);
#9163=FACE_BOUND('',#8597,.T.);
#9164=FACE_BOUND('',#8598,.T.);
#9165=FACE_BOUND('',#8599,.T.);
#9166=FACE_BOUND('',#8600,.T.);
#9167=FACE_BOUND('',#8601,.T.);
#9168=FACE_BOUND('',#8602,.T.);
#9169=FACE_BOUND('',#8603,.T.);
#9170=FACE_BOUND('',#8604,.T.);
#9171=FACE_BOUND('',#8605,.T.);
#9172=FACE_BOUND('',#8606,.T.);
#9173=FACE_BOUND('',#8607,.T.);
#9174=FACE_BOUND('',#8608,.T.);
#9175=FACE_BOUND('',#8609,.T.);
#9176=FACE_BOUND('',#8610,.T.);
#9177=FACE_BOUND('',#8611,.T.);
#9178=FACE_BOUND('',#8612,.T.);
#9179=FACE_BOUND('',#8613,.T.);
#9180=FACE_BOUND('',#8614,.T.);
#9181=FACE_BOUND('',#8615,.T.);
#9182=FACE_BOUND('',#8616,.T.);
#9183=FACE_BOUND('',#8617,.T.);
#9184=FACE_BOUND('',#8618,.T.);
#9185=FACE_BOUND('',#8619,.T.);
#9186=FACE_BOUND('',#8620,.T.);
#9187=FACE_BOUND('',#8621,.T.);
#9188=FACE_BOUND('',#8622,.T.);
#9189=FACE_BOUND('',#8623,.T.);
#9190=FACE_BOUND('',#8624,.T.);
#9191=FACE_BOUND('',#8625,.T.);
#9192=FACE_BOUND('',#8626,.T.);
#9193=FACE_BOUND('',#8627,.T.);
#9194=FACE_BOUND('',#8628,.T.);
#9195=FACE_BOUND('',#8629,.T.);
#9196=FACE_BOUND('',#8630,.T.);
#9197=FACE_BOUND('',#8631,.T.);
#9198=FACE_BOUND('',#8632,.T.);
#9199=FACE_BOUND('',#8633,.T.);
#9200=FACE_BOUND('',#8634,.T.);
#9201=FACE_BOUND('',#8635,.T.);
#9202=FACE_BOUND('',#8636,.T.);
#9203=FACE_BOUND('',#8637,.T.);
#9204=FACE_BOUND('',#8638,.T.);
#9205=FACE_BOUND('',#8639,.T.);
#9206=FACE_BOUND('',#8640,.T.);
#9207=FACE_BOUND('',#8641,.T.);
#9208=FACE_BOUND('',#8642,.T.);
#9209=FACE_BOUND('',#8643,.T.);
#9210=FACE_BOUND('',#8644,.T.);
#9211=FACE_BOUND('',#8645,.T.);
#9212=FACE_BOUND('',#8646,.T.);
#9213=FACE_BOUND('',#8647,.T.);
#9214=FACE_BOUND('',#8648,.T.);
#9215=FACE_BOUND('',#8649,.T.);
#9216=FACE_BOUND('',#8650,.T.);
#9217=FACE_BOUND('',#8651,.T.);
#9218=FACE_BOUND('',#8652,.T.);
#9219=FACE_BOUND('',#8653,.T.);
#9220=FACE_BOUND('',#8654,.T.);
#9221=FACE_BOUND('',#8655,.T.);
#9222=FACE_BOUND('',#8656,.T.);
#9223=FACE_BOUND('',#8657,.T.);
#9224=FACE_BOUND('',#8658,.T.);
#9225=FACE_BOUND('',#8659,.T.);
#9226=FACE_BOUND('',#8660,.T.);
#9227=FACE_BOUND('',#8661,.T.);
#9228=FACE_BOUND('',#8662,.T.);
#9229=FACE_BOUND('',#8663,.T.);
#9230=FACE_BOUND('',#8664,.T.);
#9231=FACE_BOUND('',#8665,.T.);
#9232=FACE_BOUND('',#8666,.T.);
#9233=FACE_BOUND('',#8667,.T.);
#9234=FACE_BOUND('',#8668,.T.);
#9235=FACE_BOUND('',#8669,.T.);
#9236=FACE_BOUND('',#8670,.T.);
#9237=FACE_BOUND('',#8671,.T.);
#9238=FACE_BOUND('',#8672,.T.);
#9239=FACE_BOUND('',#8673,.T.);
#9240=FACE_BOUND('',#8674,.T.);
#9241=FACE_BOUND('',#8675,.T.);
#9242=FACE_BOUND('',#8676,.T.);
#9243=FACE_BOUND('',#8677,.T.);
#9244=FACE_BOUND('',#8678,.T.);
#9245=FACE_BOUND('',#8679,.T.);
#9246=FACE_BOUND('',#8680,.T.);
#9247=FACE_BOUND('',#8681,.T.);
#9248=FACE_BOUND('',#8682,.T.);
#9249=FACE_BOUND('',#8683,.T.);
#9250=FACE_BOUND('',#8684,.T.);
#9251=FACE_BOUND('',#8685,.T.);
#9252=FACE_BOUND('',#8686,.T.);
#9253=FACE_BOUND('',#8687,.T.);
#9254=FACE_BOUND('',#8688,.T.);
#9255=FACE_BOUND('',#8689,.T.);
#9256=FACE_BOUND('',#8690,.T.);
#9257=FACE_BOUND('',#8691,.T.);
#9258=FACE_BOUND('',#8692,.T.);
#9259=FACE_BOUND('',#8693,.T.);
#9260=FACE_BOUND('',#8694,.T.);
#9261=FACE_BOUND('',#8695,.T.);
#9262=FACE_BOUND('',#8696,.T.);
#9263=FACE_BOUND('',#8697,.T.);
#9264=FACE_BOUND('',#8698,.T.);
#9265=FACE_BOUND('',#8699,.T.);
#9266=FACE_BOUND('',#8700,.T.);
#9267=FACE_BOUND('',#8701,.T.);
#9268=PLANE('',#10335);
#9269=PLANE('',#10336);
#9270=PLANE('',#10337);
#9271=PLANE('',#10338);
#9272=PLANE('',#10339);
#9273=PLANE('',#10340);
#9274=PLANE('',#10341);
#9275=PLANE('',#10342);
#9276=PLANE('',#10343);
#9277=PLANE('',#10344);
#9278=PLANE('',#10345);
#9279=PLANE('',#10346);
#9280=PLANE('',#10347);
#9281=PLANE('',#10348);
#9282=PLANE('',#10349);
#9283=PLANE('',#10350);
#9284=PLANE('',#10351);
#9285=PLANE('',#10352);
#9286=PLANE('',#10353);
#9287=PLANE('',#10354);
#9288=PLANE('',#10355);
#9289=PLANE('',#10356);
#9290=PLANE('',#10357);
#9291=PLANE('',#10358);
#9292=PLANE('',#10359);
#9293=PLANE('',#10360);
#9294=PLANE('',#10361);
#9295=PLANE('',#10362);
#9296=PLANE('',#10363);
#9297=PLANE('',#10364);
#9298=PLANE('',#10365);
#9299=PLANE('',#10366);
#9300=PLANE('',#10367);
#9301=PLANE('',#10368);
#9302=PLANE('',#10369);
#9303=PLANE('',#10370);
#9304=PLANE('',#10371);
#9305=PLANE('',#10372);
#9306=PLANE('',#10373);
#9307=PLANE('',#10374);
#9308=PLANE('',#10375);
#9309=PLANE('',#10376);
#9310=PLANE('',#10377);
#9311=PLANE('',#10378);
#9312=PLANE('',#10379);
#9313=PLANE('',#10380);
#9314=PLANE('',#10381);
#9315=PLANE('',#10382);
#9316=PLANE('',#10383);
#9317=PLANE('',#10384);
#9318=PLANE('',#10385);
#9319=PLANE('',#10386);
#9320=PLANE('',#10387);
#9321=PLANE('',#10388);
#9322=PLANE('',#10389);
#9323=PLANE('',#10390);
#9324=PLANE('',#10391);
#9325=PLANE('',#10392);
#9326=PLANE('',#10393);
#9327=PLANE('',#10394);
#9328=PLANE('',#10395);
#9329=PLANE('',#10396);
#9330=PLANE('',#10397);
#9331=PLANE('',#10398);
#9332=PLANE('',#10399);
#9333=PLANE('',#10400);
#9334=PLANE('',#10401);
#9335=PLANE('',#10402);
#9336=PLANE('',#10403);
#9337=PLANE('',#10404);
#9338=PLANE('',#10405);
#9339=PLANE('',#10406);
#9340=PLANE('',#10407);
#9341=PLANE('',#10408);
#9342=PLANE('',#10409);
#9343=PLANE('',#10410);
#9344=PLANE('',#10411);
#9345=PLANE('',#10412);
#9346=PLANE('',#10413);
#9347=PLANE('',#10414);
#9348=PLANE('',#10415);
#9349=PLANE('',#10416);
#9350=PLANE('',#10417);
#9351=PLANE('',#10418);
#9352=PLANE('',#10419);
#9353=PLANE('',#10420);
#9354=PLANE('',#10421);
#9355=PLANE('',#10422);
#9356=PLANE('',#10423);
#9357=PLANE('',#10424);
#9358=PLANE('',#10425);
#9359=PLANE('',#10426);
#9360=PLANE('',#10427);
#9361=PLANE('',#10428);
#9362=PLANE('',#10429);
#9363=PLANE('',#10430);
#9364=PLANE('',#10431);
#9365=PLANE('',#10432);
#9366=PLANE('',#10433);
#9367=PLANE('',#10434);
#9368=PLANE('',#10435);
#9369=PLANE('',#10436);
#9370=PLANE('',#10437);
#9371=PLANE('',#10438);
#9372=PLANE('',#10439);
#9373=PLANE('',#10440);
#9374=PLANE('',#10441);
#9375=PLANE('',#10442);
#9376=PLANE('',#10443);
#9377=PLANE('',#10444);
#9378=PLANE('',#10445);
#9379=PLANE('',#10446);
#9380=PLANE('',#10447);
#9381=PLANE('',#10448);
#9382=PLANE('',#10449);
#9383=PLANE('',#10450);
#9384=PLANE('',#10451);
#9385=PLANE('',#10452);
#9386=PLANE('',#10453);
#9387=PLANE('',#10454);
#9388=PLANE('',#10455);
#9389=PLANE('',#10456);
#9390=PLANE('',#10457);
#9391=PLANE('',#10458);
#9392=PLANE('',#10459);
#9393=PLANE('',#10460);
#9394=PLANE('',#10461);
#9395=PLANE('',#10462);
#9396=PLANE('',#10463);
#9397=PLANE('',#10464);
#9398=PLANE('',#10465);
#9399=PLANE('',#10466);
#9400=PLANE('',#10467);
#9401=PLANE('',#10468);
#9402=PLANE('',#10469);
#9403=PLANE('',#10470);
#9404=PLANE('',#10471);
#9405=PLANE('',#10472);
#9406=PLANE('',#10473);
#9407=PLANE('',#10474);
#9408=PLANE('',#10476);
#9409=PLANE('',#10477);
#9410=PLANE('',#10478);
#9411=PLANE('',#10479);
#9412=PLANE('',#10480);
#9413=PLANE('',#10481);
#9414=PLANE('',#10482);
#9415=PLANE('',#10483);
#9416=PLANE('',#10484);
#9417=PLANE('',#10485);
#9418=PLANE('',#10486);
#9419=PLANE('',#10487);
#9420=PLANE('',#10488);
#9421=PLANE('',#10489);
#9422=PLANE('',#10490);
#9423=PLANE('',#10491);
#9424=PLANE('',#10492);
#9425=PLANE('',#10493);
#9426=PLANE('',#10494);
#9427=PLANE('',#10495);
#9428=PLANE('',#10496);
#9429=PLANE('',#10497);
#9430=PLANE('',#10498);
#9431=PLANE('',#10499);
#9432=PLANE('',#10500);
#9433=PLANE('',#10501);
#9434=PLANE('',#10502);
#9435=PLANE('',#10503);
#9436=PLANE('',#10504);
#9437=PLANE('',#10505);
#9438=PLANE('',#10506);
#9439=PLANE('',#10507);
#9440=PLANE('',#10508);
#9441=PLANE('',#10509);
#9442=PLANE('',#10510);
#9443=PLANE('',#10511);
#9444=PLANE('',#10512);
#9445=PLANE('',#10513);
#9446=PLANE('',#10514);
#9447=PLANE('',#10515);
#9448=PLANE('',#10516);
#9449=PLANE('',#10517);
#9450=PLANE('',#10518);
#9451=PLANE('',#10519);
#9452=PLANE('',#10520);
#9453=PLANE('',#10521);
#9454=PLANE('',#10522);
#9455=PLANE('',#10523);
#9456=PLANE('',#10524);
#9457=PLANE('',#10525);
#9458=PLANE('',#10526);
#9459=PLANE('',#10527);
#9460=PLANE('',#10528);
#9461=PLANE('',#10529);
#9462=PLANE('',#10530);
#9463=PLANE('',#10531);
#9464=PLANE('',#10532);
#9465=PLANE('',#10533);
#9466=PLANE('',#10534);
#9467=PLANE('',#10535);
#9468=PLANE('',#10536);
#9469=PLANE('',#10537);
#9470=PLANE('',#10538);
#9471=PLANE('',#10539);
#9472=PLANE('',#10540);
#9473=PLANE('',#10541);
#9474=PLANE('',#10542);
#9475=PLANE('',#10543);
#9476=PLANE('',#10544);
#9477=PLANE('',#10545);
#9478=PLANE('',#10546);
#9479=PLANE('',#10547);
#9480=PLANE('',#10548);
#9481=PLANE('',#10549);
#9482=PLANE('',#10550);
#9483=PLANE('',#10551);
#9484=PLANE('',#10552);
#9485=PLANE('',#10553);
#9486=PLANE('',#10554);
#9487=PLANE('',#10555);
#9488=PLANE('',#10556);
#9489=PLANE('',#10557);
#9490=PLANE('',#10558);
#9491=PLANE('',#10559);
#9492=PLANE('',#10560);
#9493=PLANE('',#10561);
#9494=PLANE('',#10562);
#9495=PLANE('',#10563);
#9496=PLANE('',#10564);
#9497=PLANE('',#10565);
#9498=PLANE('',#10566);
#9499=PLANE('',#10567);
#9500=PLANE('',#10568);
#9501=PLANE('',#10569);
#9502=PLANE('',#10570);
#9503=PLANE('',#10571);
#9504=PLANE('',#10572);
#9505=PLANE('',#10573);
#9506=PLANE('',#10574);
#9507=PLANE('',#10575);
#9508=PLANE('',#10576);
#9509=PLANE('',#10577);
#9510=PLANE('',#10578);
#9511=PLANE('',#10579);
#9512=PLANE('',#10580);
#9513=PLANE('',#10581);
#9514=PLANE('',#10582);
#9515=PLANE('',#10583);
#9516=PLANE('',#10584);
#9517=PLANE('',#10585);
#9518=PLANE('',#10586);
#9519=PLANE('',#10587);
#9520=PLANE('',#10588);
#9521=PLANE('',#10589);
#9522=PLANE('',#10590);
#9523=PLANE('',#10591);
#9524=PLANE('',#10592);
#9525=PLANE('',#10593);
#9526=PLANE('',#10594);
#9527=PLANE('',#10595);
#9528=PLANE('',#10596);
#9529=PLANE('',#10597);
#9530=PLANE('',#10598);
#9531=PLANE('',#10599);
#9532=PLANE('',#10600);
#9533=PLANE('',#10601);
#9534=PLANE('',#10602);
#9535=PLANE('',#10603);
#9536=PLANE('',#10604);
#9537=PLANE('',#10605);
#9538=PLANE('',#10606);
#9539=PLANE('',#10607);
#9540=PLANE('',#10608);
#9541=PLANE('',#10609);
#9542=PLANE('',#10610);
#9543=PLANE('',#10611);
#9544=PLANE('',#10612);
#9545=PLANE('',#10613);
#9546=PLANE('',#10614);
#9547=PLANE('',#10615);
#9548=PLANE('',#10616);
#9549=PLANE('',#10617);
#9550=PLANE('',#10618);
#9551=PLANE('',#10619);
#9552=PLANE('',#10620);
#9553=PLANE('',#10621);
#9554=PLANE('',#10622);
#9555=PLANE('',#10623);
#9556=PLANE('',#10624);
#9557=PLANE('',#10625);
#9558=PLANE('',#10626);
#9559=PLANE('',#10627);
#9560=PLANE('',#10628);
#9561=PLANE('',#10629);
#9562=PLANE('',#10630);
#9563=PLANE('',#10631);
#9564=PLANE('',#10632);
#9565=PLANE('',#10633);
#9566=PLANE('',#10634);
#9567=PLANE('',#10635);
#9568=PLANE('',#10636);
#9569=PLANE('',#10637);
#9570=PLANE('',#10638);
#9571=PLANE('',#10639);
#9572=PLANE('',#10640);
#9573=PLANE('',#10641);
#9574=PLANE('',#10642);
#9575=PLANE('',#10643);
#9576=PLANE('',#10644);
#9577=PLANE('',#10645);
#9578=PLANE('',#10646);
#9579=PLANE('',#10647);
#9580=PLANE('',#10648);
#9581=PLANE('',#10649);
#9582=PLANE('',#10650);
#9583=PLANE('',#10651);
#9584=PLANE('',#10652);
#9585=PLANE('',#10653);
#9586=PLANE('',#10654);
#9587=PLANE('',#10655);
#9588=PLANE('',#10656);
#9589=PLANE('',#10657);
#9590=PLANE('',#10658);
#9591=PLANE('',#10659);
#9592=PLANE('',#10660);
#9593=PLANE('',#10661);
#9594=PLANE('',#10662);
#9595=PLANE('',#10663);
#9596=PLANE('',#10664);
#9597=PLANE('',#10665);
#9598=PLANE('',#10666);
#9599=PLANE('',#10667);
#9600=PLANE('',#10668);
#9601=PLANE('',#10669);
#9602=PLANE('',#10670);
#9603=PLANE('',#10671);
#9604=PLANE('',#10672);
#9605=PLANE('',#10673);
#9606=PLANE('',#10674);
#9607=PLANE('',#10675);
#9608=PLANE('',#10676);
#9609=PLANE('',#10677);
#9610=PLANE('',#10678);
#9611=PLANE('',#10679);
#9612=PLANE('',#10680);
#9613=PLANE('',#10681);
#9614=PLANE('',#10682);
#9615=PLANE('',#10683);
#9616=PLANE('',#10684);
#9617=PLANE('',#10685);
#9618=PLANE('',#10686);
#9619=PLANE('',#10687);
#9620=PLANE('',#10688);
#9621=PLANE('',#10689);
#9622=PLANE('',#10690);
#9623=PLANE('',#10691);
#9624=PLANE('',#10692);
#9625=PLANE('',#10694);
#9626=PLANE('',#10695);
#9627=PLANE('',#10696);
#9628=PLANE('',#10697);
#9629=PLANE('',#10698);
#9630=PLANE('',#10699);
#9631=PLANE('',#10700);
#9632=PLANE('',#10701);
#9633=PLANE('',#10702);
#9634=PLANE('',#10703);
#9635=PLANE('',#10704);
#9636=PLANE('',#10705);
#9637=PLANE('',#10706);
#9638=PLANE('',#10707);
#9639=PLANE('',#10708);
#9640=PLANE('',#10709);
#9641=PLANE('',#10710);
#9642=PLANE('',#10711);
#9643=PLANE('',#10712);
#9644=PLANE('',#10713);
#9645=PLANE('',#10714);
#9646=PLANE('',#10715);
#9647=PLANE('',#10716);
#9648=PLANE('',#10717);
#9649=PLANE('',#10718);
#9650=PLANE('',#10719);
#9651=PLANE('',#10720);
#9652=PLANE('',#10721);
#9653=PLANE('',#10722);
#9654=PLANE('',#10723);
#9655=PLANE('',#10724);
#9656=PLANE('',#10725);
#9657=PLANE('',#10726);
#9658=PLANE('',#10760);
#9659=PLANE('',#10761);
#9660=PLANE('',#10762);
#9661=PLANE('',#10763);
#9662=PLANE('',#10764);
#9663=PLANE('',#10765);
#9664=PLANE('',#10766);
#9665=PLANE('',#10767);
#9666=PLANE('',#10768);
#9667=PLANE('',#10769);
#9668=PLANE('',#10770);
#9669=PLANE('',#10771);
#9670=PLANE('',#10772);
#9671=PLANE('',#10773);
#9672=PLANE('',#10774);
#9673=PLANE('',#10775);
#9674=PLANE('',#10776);
#9675=PLANE('',#10777);
#9676=PLANE('',#10778);
#9677=PLANE('',#10779);
#9678=PLANE('',#10780);
#9679=PLANE('',#10781);
#9680=PLANE('',#10815);
#9681=PLANE('',#10816);
#9682=PLANE('',#10817);
#9683=PLANE('',#10818);
#9684=PLANE('',#10819);
#9685=PLANE('',#10820);
#9686=PLANE('',#10821);
#9687=PLANE('',#10822);
#9688=PLANE('',#10823);
#9689=PLANE('',#10824);
#9690=PLANE('',#10825);
#9691=PLANE('',#10826);
#9692=PLANE('',#10827);
#9693=PLANE('',#10828);
#9694=PLANE('',#10829);
#9695=PLANE('',#10830);
#9696=PLANE('',#10831);
#9697=PLANE('',#10832);
#9698=PLANE('',#10833);
#9699=PLANE('',#10834);
#9700=PLANE('',#10835);
#9701=PLANE('',#10836);
#9702=PLANE('',#10837);
#9703=PLANE('',#10838);
#9704=PLANE('',#10839);
#9705=PLANE('',#10840);
#9706=PLANE('',#10841);
#9707=PLANE('',#10842);
#9708=PLANE('',#10843);
#9709=PLANE('',#10844);
#9710=PLANE('',#10845);
#9711=PLANE('',#10846);
#9712=PLANE('',#10847);
#9713=PLANE('',#10848);
#9714=PLANE('',#10849);
#9715=PLANE('',#10850);
#9716=PLANE('',#10854);
#9717=PLANE('',#10855);
#9718=PLANE('',#10856);
#9719=PLANE('',#10860);
#9720=PLANE('',#10861);
#9721=PLANE('',#10862);
#9722=PLANE('',#10863);
#9723=PLANE('',#10864);
#9724=PLANE('',#10865);
#9725=PLANE('',#10866);
#9726=PLANE('',#10867);
#9727=PLANE('',#10868);
#9728=PLANE('',#10869);
#9729=PLANE('',#10870);
#9730=PLANE('',#10871);
#9731=PLANE('',#10872);
#9732=PLANE('',#10873);
#9733=PLANE('',#10874);
#9734=PLANE('',#10875);
#9735=PLANE('',#10876);
#9736=PLANE('',#10877);
#9737=PLANE('',#10878);
#9738=PLANE('',#10879);
#9739=PLANE('',#10880);
#9740=PLANE('',#10881);
#9741=PLANE('',#10882);
#9742=PLANE('',#10883);
#9743=PLANE('',#10884);
#9744=PLANE('',#10885);
#9745=PLANE('',#10886);
#9746=PLANE('',#10887);
#9747=PLANE('',#10888);
#9748=PLANE('',#10889);
#9749=PLANE('',#10890);
#9750=PLANE('',#10891);
#9751=PLANE('',#10892);
#9752=PLANE('',#10893);
#9753=PLANE('',#10894);
#9754=PLANE('',#10895);
#9755=PLANE('',#10896);
#9756=PLANE('',#10897);
#9757=PLANE('',#10898);
#9758=PLANE('',#10899);
#9759=PLANE('',#10900);
#9760=PLANE('',#10901);
#9761=PLANE('',#10902);
#9762=PLANE('',#10903);
#9763=PLANE('',#10904);
#9764=PLANE('',#10905);
#9765=PLANE('',#10906);
#9766=PLANE('',#10907);
#9767=PLANE('',#10908);
#9768=PLANE('',#10909);
#9769=PLANE('',#10910);
#9770=ADVANCED_FACE('',(#8702),#9268,.T.);
#9771=ADVANCED_FACE('',(#8703),#9269,.T.);
#9772=ADVANCED_FACE('',(#8704),#9270,.T.);
#9773=ADVANCED_FACE('',(#8705),#9271,.F.);
#9774=ADVANCED_FACE('',(#8706),#9272,.F.);
#9775=ADVANCED_FACE('',(#8707),#9273,.F.);
#9776=ADVANCED_FACE('',(#8708),#9274,.F.);
#9777=ADVANCED_FACE('',(#8709),#9275,.F.);
#9778=ADVANCED_FACE('',(#8710),#9276,.F.);
#9779=ADVANCED_FACE('',(#8711),#9277,.T.);
#9780=ADVANCED_FACE('',(#8712),#9278,.T.);
#9781=ADVANCED_FACE('',(#8713),#9279,.T.);
#9782=ADVANCED_FACE('',(#8714),#9280,.T.);
#9783=ADVANCED_FACE('',(#8715),#9281,.T.);
#9784=ADVANCED_FACE('',(#8716),#9282,.T.);
#9785=ADVANCED_FACE('',(#8717),#9283,.T.);
#9786=ADVANCED_FACE('',(#8718),#9284,.T.);
#9787=ADVANCED_FACE('',(#8719),#9285,.T.);
#9788=ADVANCED_FACE('',(#8720),#9286,.T.);
#9789=ADVANCED_FACE('',(#8721),#9287,.T.);
#9790=ADVANCED_FACE('',(#8722),#9288,.T.);
#9791=ADVANCED_FACE('',(#8723),#9289,.T.);
#9792=ADVANCED_FACE('',(#8724),#9290,.T.);
#9793=ADVANCED_FACE('',(#8725),#9291,.T.);
#9794=ADVANCED_FACE('',(#8726),#9292,.T.);
#9795=ADVANCED_FACE('',(#8727),#9293,.T.);
#9796=ADVANCED_FACE('',(#8728),#9294,.T.);
#9797=ADVANCED_FACE('',(#8729),#9295,.T.);
#9798=ADVANCED_FACE('',(#8730),#9296,.T.);
#9799=ADVANCED_FACE('',(#8731),#9297,.T.);
#9800=ADVANCED_FACE('',(#8732),#9298,.T.);
#9801=ADVANCED_FACE('',(#8733),#9299,.T.);
#9802=ADVANCED_FACE('',(#8734),#9300,.T.);
#9803=ADVANCED_FACE('',(#8735),#9301,.T.);
#9804=ADVANCED_FACE('',(#8736),#9302,.T.);
#9805=ADVANCED_FACE('',(#8737),#9303,.T.);
#9806=ADVANCED_FACE('',(#8738),#9304,.T.);
#9807=ADVANCED_FACE('',(#8739),#9305,.T.);
#9808=ADVANCED_FACE('',(#8740),#9306,.T.);
#9809=ADVANCED_FACE('',(#8741),#9307,.T.);
#9810=ADVANCED_FACE('',(#8742),#9308,.T.);
#9811=ADVANCED_FACE('',(#8743),#9309,.F.);
#9812=ADVANCED_FACE('',(#8744),#9310,.F.);
#9813=ADVANCED_FACE('',(#8745),#9311,.F.);
#9814=ADVANCED_FACE('',(#8746),#9312,.F.);
#9815=ADVANCED_FACE('',(#8747),#9313,.F.);
#9816=ADVANCED_FACE('',(#8748),#9314,.T.);
#9817=ADVANCED_FACE('',(#8749),#9315,.T.);
#9818=ADVANCED_FACE('',(#8750),#9316,.T.);
#9819=ADVANCED_FACE('',(#8751),#9317,.T.);
#9820=ADVANCED_FACE('',(#8752),#9318,.T.);
#9821=ADVANCED_FACE('',(#8753),#9319,.T.);
#9822=ADVANCED_FACE('',(#8754),#9320,.T.);
#9823=ADVANCED_FACE('',(#8755),#9321,.T.);
#9824=ADVANCED_FACE('',(#8756),#9322,.T.);
#9825=ADVANCED_FACE('',(#8757),#9323,.T.);
#9826=ADVANCED_FACE('',(#8758),#9324,.T.);
#9827=ADVANCED_FACE('',(#8759),#9325,.T.);
#9828=ADVANCED_FACE('',(#8760),#9326,.T.);
#9829=ADVANCED_FACE('',(#8761),#9327,.T.);
#9830=ADVANCED_FACE('',(#8762),#9328,.T.);
#9831=ADVANCED_FACE('',(#8763),#9329,.T.);
#9832=ADVANCED_FACE('',(#8764),#9330,.T.);
#9833=ADVANCED_FACE('',(#8765),#9331,.T.);
#9834=ADVANCED_FACE('',(#8766),#9332,.T.);
#9835=ADVANCED_FACE('',(#8767),#9333,.T.);
#9836=ADVANCED_FACE('',(#8768),#9334,.T.);
#9837=ADVANCED_FACE('',(#8769),#9335,.T.);
#9838=ADVANCED_FACE('',(#8770),#9336,.T.);
#9839=ADVANCED_FACE('',(#8771),#9337,.T.);
#9840=ADVANCED_FACE('',(#8772),#9338,.T.);
#9841=ADVANCED_FACE('',(#8773),#9339,.T.);
#9842=ADVANCED_FACE('',(#8774),#9340,.T.);
#9843=ADVANCED_FACE('',(#8775),#9341,.T.);
#9844=ADVANCED_FACE('',(#8776),#9342,.T.);
#9845=ADVANCED_FACE('',(#8777),#9343,.T.);
#9846=ADVANCED_FACE('',(#8778),#9344,.T.);
#9847=ADVANCED_FACE('',(#8779),#9345,.T.);
#9848=ADVANCED_FACE('',(#8780),#9346,.T.);
#9849=ADVANCED_FACE('',(#8781),#9347,.T.);
#9850=ADVANCED_FACE('',(#8782),#9348,.T.);
#9851=ADVANCED_FACE('',(#8783),#9349,.T.);
#9852=ADVANCED_FACE('',(#8784),#9350,.T.);
#9853=ADVANCED_FACE('',(#8785),#9351,.T.);
#9854=ADVANCED_FACE('',(#8786),#9352,.T.);
#9855=ADVANCED_FACE('',(#8787),#9353,.T.);
#9856=ADVANCED_FACE('',(#8788),#9354,.T.);
#9857=ADVANCED_FACE('',(#8789),#9355,.T.);
#9858=ADVANCED_FACE('',(#8790),#9356,.T.);
#9859=ADVANCED_FACE('',(#8791),#9357,.T.);
#9860=ADVANCED_FACE('',(#8792),#9358,.T.);
#9861=ADVANCED_FACE('',(#8793),#9359,.T.);
#9862=ADVANCED_FACE('',(#8794),#9360,.T.);
#9863=ADVANCED_FACE('',(#8795),#9361,.T.);
#9864=ADVANCED_FACE('',(#8796),#9362,.T.);
#9865=ADVANCED_FACE('',(#8797),#9363,.T.);
#9866=ADVANCED_FACE('',(#8798),#9364,.T.);
#9867=ADVANCED_FACE('',(#8799),#9365,.T.);
#9868=ADVANCED_FACE('',(#8800),#9366,.T.);
#9869=ADVANCED_FACE('',(#8801),#9367,.T.);
#9870=ADVANCED_FACE('',(#8802),#9368,.T.);
#9871=ADVANCED_FACE('',(#8803),#9369,.T.);
#9872=ADVANCED_FACE('',(#8804),#9370,.T.);
#9873=ADVANCED_FACE('',(#8805),#9371,.T.);
#9874=ADVANCED_FACE('',(#8806),#9372,.T.);
#9875=ADVANCED_FACE('',(#8807),#9373,.T.);
#9876=ADVANCED_FACE('',(#8808),#9374,.T.);
#9877=ADVANCED_FACE('',(#8809),#9375,.T.);
#9878=ADVANCED_FACE('',(#8810),#9376,.T.);
#9879=ADVANCED_FACE('',(#8811),#9377,.T.);
#9880=ADVANCED_FACE('',(#8812),#9378,.F.);
#9881=ADVANCED_FACE('',(#8813,#8814,#8815,#8816,#8817,#8818,#8819,#8820,
#8821,#8822,#8823,#8824,#8825,#8826,#8827,#8828,#8829,#8830,#8831,#8832,
#8833,#8834,#8835,#8836,#8837),#9379,.T.);
#9882=ADVANCED_FACE('',(#8838,#8839,#8840,#8841,#8842,#8843,#8844,#8845,
#8846,#8847,#8848,#8849,#8850,#8851,#8852,#8853,#8854),#9380,.F.);
#9883=ADVANCED_FACE('',(#8855),#9381,.F.);
#9884=ADVANCED_FACE('',(#8856),#9382,.F.);
#9885=ADVANCED_FACE('',(#8857),#9383,.F.);
#9886=ADVANCED_FACE('',(#8858),#9384,.F.);
#9887=ADVANCED_FACE('',(#8859),#9385,.F.);
#9888=ADVANCED_FACE('',(#8860),#9386,.F.);
#9889=ADVANCED_FACE('',(#8861),#9387,.F.);
#9890=ADVANCED_FACE('',(#8862),#9388,.F.);
#9891=ADVANCED_FACE('',(#8863),#9389,.F.);
#9892=ADVANCED_FACE('',(#8864),#9390,.F.);
#9893=ADVANCED_FACE('',(#8865),#9391,.F.);
#9894=ADVANCED_FACE('',(#8866),#9392,.F.);
#9895=ADVANCED_FACE('',(#8867),#9393,.F.);
#9896=ADVANCED_FACE('',(#8868),#9394,.F.);
#9897=ADVANCED_FACE('',(#8869),#9395,.T.);
#9898=ADVANCED_FACE('',(#8870),#9396,.T.);
#9899=ADVANCED_FACE('',(#8871),#9397,.T.);
#9900=ADVANCED_FACE('',(#8872),#9398,.T.);
#9901=ADVANCED_FACE('',(#8873),#9399,.T.);
#9902=ADVANCED_FACE('',(#8874),#9400,.T.);
#9903=ADVANCED_FACE('',(#8875),#9401,.T.);
#9904=ADVANCED_FACE('',(#8876),#9402,.F.);
#9905=ADVANCED_FACE('',(#8877),#9403,.T.);
#9906=ADVANCED_FACE('',(#8878),#9404,.T.);
#9907=ADVANCED_FACE('',(#8879),#9405,.T.);
#9908=ADVANCED_FACE('',(#8880),#9406,.T.);
#9909=ADVANCED_FACE('',(#8881),#9407,.T.);
#9910=ADVANCED_FACE('',(#8882),#9408,.T.);
#9911=ADVANCED_FACE('',(#8883),#9409,.T.);
#9912=ADVANCED_FACE('',(#8884),#9410,.T.);
#9913=ADVANCED_FACE('',(#8885),#9411,.T.);
#9914=ADVANCED_FACE('',(#8886),#9412,.T.);
#9915=ADVANCED_FACE('',(#8887),#9413,.T.);
#9916=ADVANCED_FACE('',(#8888),#9414,.T.);
#9917=ADVANCED_FACE('',(#8889),#9415,.T.);
#9918=ADVANCED_FACE('',(#8890),#9416,.T.);
#9919=ADVANCED_FACE('',(#8891),#9417,.T.);
#9920=ADVANCED_FACE('',(#8892),#9418,.T.);
#9921=ADVANCED_FACE('',(#8893),#9419,.T.);
#9922=ADVANCED_FACE('',(#8894),#9420,.T.);
#9923=ADVANCED_FACE('',(#8895),#9421,.T.);
#9924=ADVANCED_FACE('',(#8896),#9422,.T.);
#9925=ADVANCED_FACE('',(#8897),#9423,.T.);
#9926=ADVANCED_FACE('',(#8898),#9424,.T.);
#9927=ADVANCED_FACE('',(#8899),#9425,.T.);
#9928=ADVANCED_FACE('',(#8900),#9426,.T.);
#9929=ADVANCED_FACE('',(#8901),#9427,.T.);
#9930=ADVANCED_FACE('',(#8902),#9428,.T.);
#9931=ADVANCED_FACE('',(#8903),#9429,.T.);
#9932=ADVANCED_FACE('',(#8904),#9430,.T.);
#9933=ADVANCED_FACE('',(#8905),#9431,.T.);
#9934=ADVANCED_FACE('',(#8906),#9432,.T.);
#9935=ADVANCED_FACE('',(#8907),#9433,.T.);
#9936=ADVANCED_FACE('',(#8908),#9434,.T.);
#9937=ADVANCED_FACE('',(#8909),#9435,.T.);
#9938=ADVANCED_FACE('',(#8910),#9436,.T.);
#9939=ADVANCED_FACE('',(#8911),#9437,.T.);
#9940=ADVANCED_FACE('',(#8912),#9438,.T.);
#9941=ADVANCED_FACE('',(#8913),#9439,.T.);
#9942=ADVANCED_FACE('',(#8914),#9440,.T.);
#9943=ADVANCED_FACE('',(#8915),#9441,.T.);
#9944=ADVANCED_FACE('',(#8916),#9442,.T.);
#9945=ADVANCED_FACE('',(#8917),#9443,.T.);
#9946=ADVANCED_FACE('',(#8918),#9444,.T.);
#9947=ADVANCED_FACE('',(#8919),#9445,.T.);
#9948=ADVANCED_FACE('',(#8920),#9446,.T.);
#9949=ADVANCED_FACE('',(#8921),#9447,.T.);
#9950=ADVANCED_FACE('',(#8922),#9448,.T.);
#9951=ADVANCED_FACE('',(#8923),#9449,.T.);
#9952=ADVANCED_FACE('',(#8924),#9450,.T.);
#9953=ADVANCED_FACE('',(#8925),#9451,.T.);
#9954=ADVANCED_FACE('',(#8926),#9452,.T.);
#9955=ADVANCED_FACE('',(#8927),#9453,.T.);
#9956=ADVANCED_FACE('',(#8928),#9454,.T.);
#9957=ADVANCED_FACE('',(#8929),#9455,.T.);
#9958=ADVANCED_FACE('',(#8930),#9456,.T.);
#9959=ADVANCED_FACE('',(#8931),#9457,.T.);
#9960=ADVANCED_FACE('',(#8932),#9458,.T.);
#9961=ADVANCED_FACE('',(#8933),#9459,.T.);
#9962=ADVANCED_FACE('',(#8934),#9460,.T.);
#9963=ADVANCED_FACE('',(#8935),#9461,.T.);
#9964=ADVANCED_FACE('',(#8936),#9462,.T.);
#9965=ADVANCED_FACE('',(#8937),#9463,.T.);
#9966=ADVANCED_FACE('',(#8938),#9464,.T.);
#9967=ADVANCED_FACE('',(#8939),#9465,.T.);
#9968=ADVANCED_FACE('',(#8940),#9466,.T.);
#9969=ADVANCED_FACE('',(#8941),#9467,.T.);
#9970=ADVANCED_FACE('',(#8942),#9468,.T.);
#9971=ADVANCED_FACE('',(#8943),#9469,.T.);
#9972=ADVANCED_FACE('',(#8944),#9470,.T.);
#9973=ADVANCED_FACE('',(#8945),#9471,.T.);
#9974=ADVANCED_FACE('',(#8946),#9472,.T.);
#9975=ADVANCED_FACE('',(#8947),#9473,.T.);
#9976=ADVANCED_FACE('',(#8948),#9474,.T.);
#9977=ADVANCED_FACE('',(#8949),#9475,.T.);
#9978=ADVANCED_FACE('',(#8950),#9476,.T.);
#9979=ADVANCED_FACE('',(#8951),#9477,.T.);
#9980=ADVANCED_FACE('',(#8952),#9478,.T.);
#9981=ADVANCED_FACE('',(#8953),#9479,.T.);
#9982=ADVANCED_FACE('',(#8954),#9480,.T.);
#9983=ADVANCED_FACE('',(#8955),#9481,.T.);
#9984=ADVANCED_FACE('',(#8956),#9482,.T.);
#9985=ADVANCED_FACE('',(#8957),#9483,.T.);
#9986=ADVANCED_FACE('',(#8958),#9484,.T.);
#9987=ADVANCED_FACE('',(#8959),#9485,.T.);
#9988=ADVANCED_FACE('',(#8960),#9486,.T.);
#9989=ADVANCED_FACE('',(#8961),#9487,.T.);
#9990=ADVANCED_FACE('',(#8962),#9488,.T.);
#9991=ADVANCED_FACE('',(#8963),#9489,.T.);
#9992=ADVANCED_FACE('',(#8964),#9490,.T.);
#9993=ADVANCED_FACE('',(#8965),#9491,.T.);
#9994=ADVANCED_FACE('',(#8966),#9492,.T.);
#9995=ADVANCED_FACE('',(#8967),#9493,.T.);
#9996=ADVANCED_FACE('',(#8968),#9494,.T.);
#9997=ADVANCED_FACE('',(#8969),#9495,.T.);
#9998=ADVANCED_FACE('',(#8970),#9496,.T.);
#9999=ADVANCED_FACE('',(#8971),#9497,.T.);
#10000=ADVANCED_FACE('',(#8972),#9498,.T.);
#10001=ADVANCED_FACE('',(#8973),#9499,.T.);
#10002=ADVANCED_FACE('',(#8974),#9500,.T.);
#10003=ADVANCED_FACE('',(#8975),#9501,.T.);
#10004=ADVANCED_FACE('',(#8976),#9502,.T.);
#10005=ADVANCED_FACE('',(#8977),#9503,.T.);
#10006=ADVANCED_FACE('',(#8978),#9504,.T.);
#10007=ADVANCED_FACE('',(#8979),#9505,.T.);
#10008=ADVANCED_FACE('',(#8980),#9506,.T.);
#10009=ADVANCED_FACE('',(#8981),#9507,.T.);
#10010=ADVANCED_FACE('',(#8982),#9508,.T.);
#10011=ADVANCED_FACE('',(#8983),#9509,.T.);
#10012=ADVANCED_FACE('',(#8984),#9510,.T.);
#10013=ADVANCED_FACE('',(#8985),#9511,.T.);
#10014=ADVANCED_FACE('',(#8986),#9512,.T.);
#10015=ADVANCED_FACE('',(#8987),#9513,.T.);
#10016=ADVANCED_FACE('',(#8988),#9514,.T.);
#10017=ADVANCED_FACE('',(#8989),#9515,.T.);
#10018=ADVANCED_FACE('',(#8990),#9516,.T.);
#10019=ADVANCED_FACE('',(#8991),#9517,.T.);
#10020=ADVANCED_FACE('',(#8992),#9518,.T.);
#10021=ADVANCED_FACE('',(#8993),#9519,.T.);
#10022=ADVANCED_FACE('',(#8994),#9520,.T.);
#10023=ADVANCED_FACE('',(#8995),#9521,.T.);
#10024=ADVANCED_FACE('',(#8996),#9522,.T.);
#10025=ADVANCED_FACE('',(#8997),#9523,.T.);
#10026=ADVANCED_FACE('',(#8998),#9524,.T.);
#10027=ADVANCED_FACE('',(#8999),#9525,.T.);
#10028=ADVANCED_FACE('',(#9000),#9526,.T.);
#10029=ADVANCED_FACE('',(#9001),#9527,.T.);
#10030=ADVANCED_FACE('',(#9002),#9528,.T.);
#10031=ADVANCED_FACE('',(#9003),#9529,.T.);
#10032=ADVANCED_FACE('',(#9004),#9530,.T.);
#10033=ADVANCED_FACE('',(#9005),#9531,.T.);
#10034=ADVANCED_FACE('',(#9006),#9532,.F.);
#10035=ADVANCED_FACE('',(#9007),#9533,.F.);
#10036=ADVANCED_FACE('',(#9008),#9534,.F.);
#10037=ADVANCED_FACE('',(#9009),#9535,.F.);
#10038=ADVANCED_FACE('',(#9010),#9536,.F.);
#10039=ADVANCED_FACE('',(#9011),#9537,.F.);
#10040=ADVANCED_FACE('',(#9012),#9538,.F.);
#10041=ADVANCED_FACE('',(#9013),#9539,.F.);
#10042=ADVANCED_FACE('',(#9014),#9540,.F.);
#10043=ADVANCED_FACE('',(#9015),#9541,.F.);
#10044=ADVANCED_FACE('',(#9016),#9542,.F.);
#10045=ADVANCED_FACE('',(#9017),#9543,.F.);
#10046=ADVANCED_FACE('',(#9018),#9544,.F.);
#10047=ADVANCED_FACE('',(#9019),#9545,.F.);
#10048=ADVANCED_FACE('',(#9020),#9546,.F.);
#10049=ADVANCED_FACE('',(#9021),#9547,.F.);
#10050=ADVANCED_FACE('',(#9022),#9548,.F.);
#10051=ADVANCED_FACE('',(#9023),#9549,.F.);
#10052=ADVANCED_FACE('',(#9024),#9550,.F.);
#10053=ADVANCED_FACE('',(#9025),#9551,.F.);
#10054=ADVANCED_FACE('',(#9026),#9552,.F.);
#10055=ADVANCED_FACE('',(#9027),#9553,.F.);
#10056=ADVANCED_FACE('',(#9028),#9554,.F.);
#10057=ADVANCED_FACE('',(#9029),#9555,.F.);
#10058=ADVANCED_FACE('',(#9030),#9556,.F.);
#10059=ADVANCED_FACE('',(#9031),#9557,.F.);
#10060=ADVANCED_FACE('',(#9032),#9558,.F.);
#10061=ADVANCED_FACE('',(#9033),#9559,.F.);
#10062=ADVANCED_FACE('',(#9034),#9560,.F.);
#10063=ADVANCED_FACE('',(#9035),#9561,.F.);
#10064=ADVANCED_FACE('',(#9036),#9562,.F.);
#10065=ADVANCED_FACE('',(#9037),#9563,.F.);
#10066=ADVANCED_FACE('',(#9038),#9564,.F.);
#10067=ADVANCED_FACE('',(#9039),#9565,.F.);
#10068=ADVANCED_FACE('',(#9040),#9566,.F.);
#10069=ADVANCED_FACE('',(#9041),#9567,.F.);
#10070=ADVANCED_FACE('',(#9042),#9568,.F.);
#10071=ADVANCED_FACE('',(#9043),#9569,.F.);
#10072=ADVANCED_FACE('',(#9044),#9570,.F.);
#10073=ADVANCED_FACE('',(#9045),#9571,.F.);
#10074=ADVANCED_FACE('',(#9046),#9572,.F.);
#10075=ADVANCED_FACE('',(#9047),#9573,.F.);
#10076=ADVANCED_FACE('',(#9048),#9574,.F.);
#10077=ADVANCED_FACE('',(#9049),#9575,.F.);
#10078=ADVANCED_FACE('',(#9050),#9576,.F.);
#10079=ADVANCED_FACE('',(#9051),#9577,.F.);
#10080=ADVANCED_FACE('',(#9052),#9578,.F.);
#10081=ADVANCED_FACE('',(#9053),#9579,.F.);
#10082=ADVANCED_FACE('',(#9054),#9580,.F.);
#10083=ADVANCED_FACE('',(#9055),#9581,.F.);
#10084=ADVANCED_FACE('',(#9056),#9582,.F.);
#10085=ADVANCED_FACE('',(#9057),#9583,.F.);
#10086=ADVANCED_FACE('',(#9058),#9584,.F.);
#10087=ADVANCED_FACE('',(#9059),#9585,.F.);
#10088=ADVANCED_FACE('',(#9060),#9586,.F.);
#10089=ADVANCED_FACE('',(#9061),#9587,.F.);
#10090=ADVANCED_FACE('',(#9062),#9588,.F.);
#10091=ADVANCED_FACE('',(#9063),#9589,.F.);
#10092=ADVANCED_FACE('',(#9064),#9590,.F.);
#10093=ADVANCED_FACE('',(#9065),#9591,.F.);
#10094=ADVANCED_FACE('',(#9066),#9592,.F.);
#10095=ADVANCED_FACE('',(#9067),#9593,.F.);
#10096=ADVANCED_FACE('',(#9068),#9594,.F.);
#10097=ADVANCED_FACE('',(#9069),#9595,.F.);
#10098=ADVANCED_FACE('',(#9070),#9596,.F.);
#10099=ADVANCED_FACE('',(#9071),#9597,.F.);
#10100=ADVANCED_FACE('',(#9072),#9598,.F.);
#10101=ADVANCED_FACE('',(#9073),#9599,.F.);
#10102=ADVANCED_FACE('',(#9074),#9600,.F.);
#10103=ADVANCED_FACE('',(#9075),#9601,.F.);
#10104=ADVANCED_FACE('',(#9076),#9602,.F.);
#10105=ADVANCED_FACE('',(#9077),#9603,.F.);
#10106=ADVANCED_FACE('',(#9078),#9604,.F.);
#10107=ADVANCED_FACE('',(#9079),#9605,.F.);
#10108=ADVANCED_FACE('',(#9080),#9606,.F.);
#10109=ADVANCED_FACE('',(#9081),#9607,.F.);
#10110=ADVANCED_FACE('',(#9082),#9608,.F.);
#10111=ADVANCED_FACE('',(#9083),#9609,.F.);
#10112=ADVANCED_FACE('',(#9084),#9610,.F.);
#10113=ADVANCED_FACE('',(#9085),#9611,.F.);
#10114=ADVANCED_FACE('',(#9086),#9612,.F.);
#10115=ADVANCED_FACE('',(#9087),#9613,.F.);
#10116=ADVANCED_FACE('',(#9088),#9614,.F.);
#10117=ADVANCED_FACE('',(#9089),#9615,.F.);
#10118=ADVANCED_FACE('',(#9090),#9616,.F.);
#10119=ADVANCED_FACE('',(#9091),#9617,.F.);
#10120=ADVANCED_FACE('',(#9092),#9618,.F.);
#10121=ADVANCED_FACE('',(#9093),#9619,.F.);
#10122=ADVANCED_FACE('',(#9094),#9620,.F.);
#10123=ADVANCED_FACE('',(#9095),#9621,.F.);
#10124=ADVANCED_FACE('',(#9096),#9622,.F.);
#10125=ADVANCED_FACE('',(#9097),#9623,.F.);
#10126=ADVANCED_FACE('',(#9098),#9624,.F.);
#10127=ADVANCED_FACE('',(#9099),#9625,.T.);
#10128=ADVANCED_FACE('',(#9100),#9626,.T.);
#10129=ADVANCED_FACE('',(#9101),#9627,.T.);
#10130=ADVANCED_FACE('',(#9102),#9628,.T.);
#10131=ADVANCED_FACE('',(#9103),#9629,.T.);
#10132=ADVANCED_FACE('',(#9104),#9630,.T.);
#10133=ADVANCED_FACE('',(#9105),#9631,.T.);
#10134=ADVANCED_FACE('',(#9106),#9632,.T.);
#10135=ADVANCED_FACE('',(#9107),#9633,.T.);
#10136=ADVANCED_FACE('',(#9108),#9634,.T.);
#10137=ADVANCED_FACE('',(#9109),#9635,.T.);
#10138=ADVANCED_FACE('',(#9110),#9636,.T.);
#10139=ADVANCED_FACE('',(#9111),#9637,.T.);
#10140=ADVANCED_FACE('',(#9112),#9638,.T.);
#10141=ADVANCED_FACE('',(#9113),#9639,.T.);
#10142=ADVANCED_FACE('',(#9114),#9640,.T.);
#10143=ADVANCED_FACE('',(#9115),#9641,.T.);
#10144=ADVANCED_FACE('',(#9116),#9642,.T.);
#10145=ADVANCED_FACE('',(#9117),#9643,.T.);
#10146=ADVANCED_FACE('',(#9118),#9644,.T.);
#10147=ADVANCED_FACE('',(#9119),#9645,.T.);
#10148=ADVANCED_FACE('',(#9120),#9646,.T.);
#10149=ADVANCED_FACE('',(#9121),#9647,.T.);
#10150=ADVANCED_FACE('',(#9122),#9648,.T.);
#10151=ADVANCED_FACE('',(#9123),#9649,.T.);
#10152=ADVANCED_FACE('',(#9124),#9650,.T.);
#10153=ADVANCED_FACE('',(#9125),#9651,.T.);
#10154=ADVANCED_FACE('',(#9126),#9652,.T.);
#10155=ADVANCED_FACE('',(#9127),#9653,.T.);
#10156=ADVANCED_FACE('',(#9128),#9654,.T.);
#10157=ADVANCED_FACE('',(#9129),#9655,.T.);
#10158=ADVANCED_FACE('',(#9130),#9656,.T.);
#10159=ADVANCED_FACE('',(#9131),#9657,.T.);
#10160=ADVANCED_FACE('',(#9132),#66,.T.);
#10161=ADVANCED_FACE('',(#9133),#67,.T.);
#10162=ADVANCED_FACE('',(#9134),#68,.T.);
#10163=ADVANCED_FACE('',(#9135),#69,.T.);
#10164=ADVANCED_FACE('',(#9136),#70,.T.);
#10165=ADVANCED_FACE('',(#9137),#71,.T.);
#10166=ADVANCED_FACE('',(#9138),#72,.T.);
#10167=ADVANCED_FACE('',(#9139),#73,.T.);
#10168=ADVANCED_FACE('',(#9140),#74,.T.);
#10169=ADVANCED_FACE('',(#9141),#75,.T.);
#10170=ADVANCED_FACE('',(#9142),#76,.T.);
#10171=ADVANCED_FACE('',(#9143),#9658,.T.);
#10172=ADVANCED_FACE('',(#9144),#9659,.T.);
#10173=ADVANCED_FACE('',(#9145),#9660,.T.);
#10174=ADVANCED_FACE('',(#9146),#9661,.T.);
#10175=ADVANCED_FACE('',(#9147),#9662,.T.);
#10176=ADVANCED_FACE('',(#9148),#9663,.T.);
#10177=ADVANCED_FACE('',(#9149),#9664,.T.);
#10178=ADVANCED_FACE('',(#9150),#9665,.T.);
#10179=ADVANCED_FACE('',(#9151),#9666,.T.);
#10180=ADVANCED_FACE('',(#9152),#9667,.T.);
#10181=ADVANCED_FACE('',(#9153),#9668,.T.);
#10182=ADVANCED_FACE('',(#9154),#9669,.T.);
#10183=ADVANCED_FACE('',(#9155),#9670,.T.);
#10184=ADVANCED_FACE('',(#9156),#9671,.T.);
#10185=ADVANCED_FACE('',(#9157),#9672,.T.);
#10186=ADVANCED_FACE('',(#9158),#9673,.T.);
#10187=ADVANCED_FACE('',(#9159),#9674,.T.);
#10188=ADVANCED_FACE('',(#9160),#9675,.T.);
#10189=ADVANCED_FACE('',(#9161),#9676,.T.);
#10190=ADVANCED_FACE('',(#9162),#9677,.T.);
#10191=ADVANCED_FACE('',(#9163),#9678,.T.);
#10192=ADVANCED_FACE('',(#9164),#9679,.T.);
#10193=ADVANCED_FACE('',(#9165),#77,.T.);
#10194=ADVANCED_FACE('',(#9166),#78,.T.);
#10195=ADVANCED_FACE('',(#9167),#79,.T.);
#10196=ADVANCED_FACE('',(#9168),#80,.T.);
#10197=ADVANCED_FACE('',(#9169),#81,.T.);
#10198=ADVANCED_FACE('',(#9170),#82,.T.);
#10199=ADVANCED_FACE('',(#9171),#83,.T.);
#10200=ADVANCED_FACE('',(#9172),#84,.T.);
#10201=ADVANCED_FACE('',(#9173),#85,.T.);
#10202=ADVANCED_FACE('',(#9174),#86,.T.);
#10203=ADVANCED_FACE('',(#9175),#87,.T.);
#10204=ADVANCED_FACE('',(#9176),#9680,.T.);
#10205=ADVANCED_FACE('',(#9177),#9681,.T.);
#10206=ADVANCED_FACE('',(#9178),#9682,.T.);
#10207=ADVANCED_FACE('',(#9179),#9683,.T.);
#10208=ADVANCED_FACE('',(#9180),#9684,.T.);
#10209=ADVANCED_FACE('',(#9181),#9685,.T.);
#10210=ADVANCED_FACE('',(#9182),#9686,.T.);
#10211=ADVANCED_FACE('',(#9183),#9687,.T.);
#10212=ADVANCED_FACE('',(#9184),#9688,.T.);
#10213=ADVANCED_FACE('',(#9185),#9689,.T.);
#10214=ADVANCED_FACE('',(#9186),#9690,.T.);
#10215=ADVANCED_FACE('',(#9187),#9691,.T.);
#10216=ADVANCED_FACE('',(#9188),#9692,.T.);
#10217=ADVANCED_FACE('',(#9189),#9693,.T.);
#10218=ADVANCED_FACE('',(#9190),#9694,.T.);
#10219=ADVANCED_FACE('',(#9191),#9695,.T.);
#10220=ADVANCED_FACE('',(#9192),#9696,.T.);
#10221=ADVANCED_FACE('',(#9193),#9697,.T.);
#10222=ADVANCED_FACE('',(#9194),#9698,.T.);
#10223=ADVANCED_FACE('',(#9195),#9699,.T.);
#10224=ADVANCED_FACE('',(#9196),#9700,.T.);
#10225=ADVANCED_FACE('',(#9197),#9701,.T.);
#10226=ADVANCED_FACE('',(#9198),#9702,.T.);
#10227=ADVANCED_FACE('',(#9199),#9703,.T.);
#10228=ADVANCED_FACE('',(#9200),#9704,.T.);
#10229=ADVANCED_FACE('',(#9201),#9705,.T.);
#10230=ADVANCED_FACE('',(#9202),#9706,.T.);
#10231=ADVANCED_FACE('',(#9203),#9707,.T.);
#10232=ADVANCED_FACE('',(#9204),#9708,.T.);
#10233=ADVANCED_FACE('',(#9205),#9709,.T.);
#10234=ADVANCED_FACE('',(#9206),#9710,.T.);
#10235=ADVANCED_FACE('',(#9207),#9711,.T.);
#10236=ADVANCED_FACE('',(#9208),#9712,.T.);
#10237=ADVANCED_FACE('',(#9209),#9713,.T.);
#10238=ADVANCED_FACE('',(#9210),#9714,.T.);
#10239=ADVANCED_FACE('',(#9211),#9715,.T.);
#10240=ADVANCED_FACE('',(#9212),#88,.T.);
#10241=ADVANCED_FACE('',(#9213),#9716,.T.);
#10242=ADVANCED_FACE('',(#9214),#9717,.T.);
#10243=ADVANCED_FACE('',(#9215),#9718,.T.);
#10244=ADVANCED_FACE('',(#9216),#89,.T.);
#10245=ADVANCED_FACE('',(#9217),#9719,.T.);
#10246=ADVANCED_FACE('',(#9218),#9720,.T.);
#10247=ADVANCED_FACE('',(#9219),#9721,.T.);
#10248=ADVANCED_FACE('',(#9220),#9722,.T.);
#10249=ADVANCED_FACE('',(#9221),#9723,.T.);
#10250=ADVANCED_FACE('',(#9222),#9724,.F.);
#10251=ADVANCED_FACE('',(#9223),#9725,.T.);
#10252=ADVANCED_FACE('',(#9224),#9726,.F.);
#10253=ADVANCED_FACE('',(#9225),#9727,.F.);
#10254=ADVANCED_FACE('',(#9226),#9728,.F.);
#10255=ADVANCED_FACE('',(#9227),#9729,.F.);
#10256=ADVANCED_FACE('',(#9228),#9730,.F.);
#10257=ADVANCED_FACE('',(#9229),#9731,.F.);
#10258=ADVANCED_FACE('',(#9230),#9732,.F.);
#10259=ADVANCED_FACE('',(#9231),#9733,.F.);
#10260=ADVANCED_FACE('',(#9232),#9734,.F.);
#10261=ADVANCED_FACE('',(#9233),#9735,.F.);
#10262=ADVANCED_FACE('',(#9234),#9736,.F.);
#10263=ADVANCED_FACE('',(#9235),#9737,.F.);
#10264=ADVANCED_FACE('',(#9236),#9738,.F.);
#10265=ADVANCED_FACE('',(#9237),#9739,.F.);
#10266=ADVANCED_FACE('',(#9238),#9740,.F.);
#10267=ADVANCED_FACE('',(#9239),#9741,.F.);
#10268=ADVANCED_FACE('',(#9240),#9742,.F.);
#10269=ADVANCED_FACE('',(#9241),#9743,.F.);
#10270=ADVANCED_FACE('',(#9242),#9744,.F.);
#10271=ADVANCED_FACE('',(#9243),#9745,.F.);
#10272=ADVANCED_FACE('',(#9244),#9746,.F.);
#10273=ADVANCED_FACE('',(#9245),#9747,.F.);
#10274=ADVANCED_FACE('',(#9246),#9748,.F.);
#10275=ADVANCED_FACE('',(#9247),#9749,.F.);
#10276=ADVANCED_FACE('',(#9248),#9750,.F.);
#10277=ADVANCED_FACE('',(#9249),#9751,.F.);
#10278=ADVANCED_FACE('',(#9250),#9752,.F.);
#10279=ADVANCED_FACE('',(#9251),#9753,.F.);
#10280=ADVANCED_FACE('',(#9252),#9754,.F.);
#10281=ADVANCED_FACE('',(#9253),#9755,.F.);
#10282=ADVANCED_FACE('',(#9254),#9756,.F.);
#10283=ADVANCED_FACE('',(#9255),#9757,.F.);
#10284=ADVANCED_FACE('',(#9256),#9758,.F.);
#10285=ADVANCED_FACE('',(#9257),#9759,.F.);
#10286=ADVANCED_FACE('',(#9258),#9760,.F.);
#10287=ADVANCED_FACE('',(#9259),#9761,.F.);
#10288=ADVANCED_FACE('',(#9260),#9762,.F.);
#10289=ADVANCED_FACE('',(#9261),#9763,.F.);
#10290=ADVANCED_FACE('',(#9262),#9764,.F.);
#10291=ADVANCED_FACE('',(#9263),#9765,.F.);
#10292=ADVANCED_FACE('',(#9264),#9766,.F.);
#10293=ADVANCED_FACE('',(#9265),#9767,.F.);
#10294=ADVANCED_FACE('',(#9266),#9768,.F.);
#10295=ADVANCED_FACE('',(#9267),#9769,.F.);
#10296=CLOSED_SHELL('',(#9770,#9771,#9772,#9773,#9774,#9775,#9776,#9777,
#9778,#9779,#9780,#9781,#9782,#9783,#9784,#9785,#9786,#9787,#9788,#9789,
#9790,#9791,#9792,#9793,#9794,#9795,#9796,#9797,#9798,#9799,#9800,#9801,
#9802,#9803,#9804,#9805,#9806,#9807,#9808,#9809,#9810,#9811,#9812,#9813,
#9814,#9815,#9816,#9817,#9818,#9819,#9820,#9821,#9822,#9823,#9824,#9825,
#9826,#9827,#9828,#9829,#9830,#9831,#9832,#9833,#9834,#9835,#9836,#9837,
#9838,#9839,#9840,#9841,#9842,#9843,#9844,#9845,#9846,#9847,#9848,#9849,
#9850,#9851,#9852,#9853,#9854,#9855,#9856,#9857,#9858,#9859,#9860,#9861,
#9862,#9863,#9864,#9865,#9866,#9867,#9868,#9869,#9870,#9871,#9872,#9873,
#9874,#9875,#9876,#9877,#9878,#9879,#9880,#9881,#9882,#9883,#9884,#9885,
#9886,#9887,#9888,#9889,#9890,#9891,#9892,#9893,#9894,#9895,#9896,#9897,
#9898,#9899,#9900,#9901,#9902,#9903,#9904,#9905,#9906,#9907,#9908,#9909));
#10297=CLOSED_SHELL('',(#9910,#9911,#9912,#9913,#9914,#9915,#9916,#9917,
#9918,#9919,#9920,#9921,#9922,#9923,#9924,#9925,#9926,#9927,#9928,#9929,
#9930,#9931,#9932,#9933,#9934,#9935,#9936,#9937,#9938,#9939,#9940,#9941,
#9942,#9943,#9944,#9945,#9946,#9947,#9948,#9949,#9950,#9951,#9952,#9953,
#9954,#9955,#9956,#9957,#9958,#9959,#9960,#9961,#9962,#9963,#9964,#9965,
#9966,#9967,#9968,#9969,#9970,#9971,#9972,#9973,#9974,#9975,#9976,#9977,
#9978,#9979,#9980,#9981,#9982,#9983,#9984,#9985,#9986,#9987,#9988,#9989,
#9990,#9991,#9992,#9993,#9994,#9995,#9996,#9997,#9998,#9999,#10000,#10001,
#10002,#10003,#10004,#10005,#10006,#10007,#10008,#10009,#10010,#10011,#10012,
#10013,#10014,#10015,#10016,#10017,#10018,#10019,#10020,#10021,#10022,#10023,
#10024,#10025,#10026,#10027,#10028,#10029,#10030,#10031,#10032,#10033,#10034,
#10035,#10036,#10037,#10038,#10039,#10040,#10041,#10042,#10043,#10044,#10045,
#10046,#10047,#10048,#10049,#10050,#10051,#10052,#10053,#10054,#10055,#10056,
#10057,#10058,#10059,#10060,#10061,#10062,#10063,#10064,#10065,#10066,#10067,
#10068,#10069,#10070,#10071,#10072,#10073,#10074,#10075,#10076,#10077,#10078,
#10079,#10080,#10081,#10082,#10083,#10084,#10085,#10086,#10087,#10088,#10089,
#10090,#10091,#10092,#10093,#10094,#10095,#10096,#10097,#10098,#10099,#10100,
#10101,#10102,#10103,#10104,#10105,#10106,#10107,#10108,#10109,#10110,#10111,
#10112,#10113,#10114,#10115,#10116,#10117,#10118,#10119,#10120,#10121,#10122,
#10123,#10124,#10125,#10126));
#10298=CLOSED_SHELL('',(#10127,#10128,#10129,#10130,#10131,#10132,#10133,
#10134,#10135,#10136,#10137,#10138,#10139,#10140,#10141,#10142,#10143,#10144,
#10145,#10146,#10147,#10148,#10149,#10150,#10151,#10152,#10153,#10154,#10155,
#10156,#10157,#10158,#10159,#10160,#10161,#10162,#10163,#10164,#10165,#10166,
#10167,#10168,#10169,#10170,#10171,#10172,#10173,#10174,#10175,#10176,#10177,
#10178,#10179,#10180,#10181,#10182,#10183,#10184,#10185,#10186,#10187,#10188,
#10189,#10190,#10191,#10192,#10193,#10194,#10195,#10196,#10197,#10198,#10199,
#10200,#10201,#10202,#10203,#10204,#10205,#10206,#10207,#10208,#10209,#10210,
#10211,#10212,#10213,#10214,#10215,#10216,#10217,#10218,#10219,#10220,#10221,
#10222,#10223,#10224,#10225,#10226,#10227,#10228,#10229,#10230,#10231,#10232,
#10233,#10234,#10235,#10236,#10237,#10238,#10239,#10240,#10241,#10242,#10243,
#10244,#10245,#10246,#10247,#10248,#10249,#10250,#10251,#10252,#10253,#10254,
#10255,#10256,#10257,#10258,#10259,#10260,#10261,#10262,#10263,#10264,#10265,
#10266,#10267,#10268,#10269,#10270,#10271,#10272,#10273,#10274,#10275,#10276,
#10277,#10278,#10279,#10280,#10281,#10282,#10283,#10284,#10285,#10286,#10287,
#10288,#10289,#10290,#10291,#10292,#10293,#10294,#10295));
#10299=STYLED_ITEM('',(#10302),#10323);
#10300=STYLED_ITEM('',(#10303),#10324);
#10301=STYLED_ITEM('',(#10304),#10325);
#10302=PRESENTATION_STYLE_ASSIGNMENT((#10305));
#10303=PRESENTATION_STYLE_ASSIGNMENT((#10306));
#10304=PRESENTATION_STYLE_ASSIGNMENT((#10307));
#10305=SURFACE_STYLE_USAGE(.BOTH.,#10308);
#10306=SURFACE_STYLE_USAGE(.BOTH.,#10309);
#10307=SURFACE_STYLE_USAGE(.BOTH.,#10310);
#10308=SURFACE_SIDE_STYLE('',(#10311));
#10309=SURFACE_SIDE_STYLE('',(#10312));
#10310=SURFACE_SIDE_STYLE('',(#10313));
#10311=SURFACE_STYLE_FILL_AREA(#10314);
#10312=SURFACE_STYLE_FILL_AREA(#10315);
#10313=SURFACE_STYLE_FILL_AREA(#10316);
#10314=FILL_AREA_STYLE('',(#10317));
#10315=FILL_AREA_STYLE('',(#10318));
#10316=FILL_AREA_STYLE('',(#10319));
#10317=FILL_AREA_STYLE_COLOUR('',#10320);
#10318=FILL_AREA_STYLE_COLOUR('',#10321);
#10319=FILL_AREA_STYLE_COLOUR('',#10322);
#10320=COLOUR_RGB('',0.0549019612371922,0.0549019612371922,0.0549019612371922);
#10321=COLOUR_RGB('',0.831372559070587,0.701960802078247,0.176470592617989);
#10322=COLOUR_RGB('',0.670588254928589,0.670588254928589,0.670588254928589);
#10323=MANIFOLD_SOLID_BREP('FTSH-112-01-L-DV-K_body',#10296);
#10324=MANIFOLD_SOLID_BREP('FTSH-112-01-L-DV-K_pins1',#10297);
#10325=MANIFOLD_SOLID_BREP('FTSH-112-01-L-DV-K_pins2',#10298);
#10326=SHAPE_DEFINITION_REPRESENTATION(#16369,#10330);
#10327=SHAPE_DEFINITION_REPRESENTATION(#16370,#10331);
#10328=SHAPE_DEFINITION_REPRESENTATION(#16372,#10332);
#10329=SHAPE_DEFINITION_REPRESENTATION(#16374,#10333);
#10330=SHAPE_REPRESENTATION('FTSH-112-01-L-DV-K',(#10334,#10475,#10693,
#10911),#16355);
#10331=SHAPE_REPRESENTATION('FTSH-112-01-L-DV-K_body',(#10334),#16356);
#10332=SHAPE_REPRESENTATION('FTSH-112-01-L-DV-K_pins1',(#10334),#16357);
#10333=SHAPE_REPRESENTATION('FTSH-112-01-L-DV-K_pins2',(#10334),#16358);
#10334=AXIS2_PLACEMENT_3D('',#13460,#10912,#10913);
#10335=AXIS2_PLACEMENT_3D('',#13461,#10914,#10915);
#10336=AXIS2_PLACEMENT_3D('',#13482,#10926,#10927);
#10337=AXIS2_PLACEMENT_3D('',#13493,#10933,#10934);
#10338=AXIS2_PLACEMENT_3D('',#13504,#10940,#10941);
#10339=AXIS2_PLACEMENT_3D('',#13507,#10944,#10945);
#10340=AXIS2_PLACEMENT_3D('',#13510,#10948,#10949);
#10341=AXIS2_PLACEMENT_3D('',#13519,#10954,#10955);
#10342=AXIS2_PLACEMENT_3D('',#13527,#10960,#10961);
#10343=AXIS2_PLACEMENT_3D('',#13536,#10966,#10967);
#10344=AXIS2_PLACEMENT_3D('',#13545,#10972,#10973);
#10345=AXIS2_PLACEMENT_3D('',#13554,#10978,#10979);
#10346=AXIS2_PLACEMENT_3D('',#13560,#10983,#10984);
#10347=AXIS2_PLACEMENT_3D('',#13566,#10988,#10989);
#10348=AXIS2_PLACEMENT_3D('',#13575,#10994,#10995);
#10349=AXIS2_PLACEMENT_3D('',#13581,#10999,#11000);
#10350=AXIS2_PLACEMENT_3D('',#13587,#11004,#11005);
#10351=AXIS2_PLACEMENT_3D('',#13596,#11010,#11011);
#10352=AXIS2_PLACEMENT_3D('',#13602,#11015,#11016);
#10353=AXIS2_PLACEMENT_3D('',#13608,#11020,#11021);
#10354=AXIS2_PLACEMENT_3D('',#13617,#11026,#11027);
#10355=AXIS2_PLACEMENT_3D('',#13623,#11031,#11032);
#10356=AXIS2_PLACEMENT_3D('',#13629,#11036,#11037);
#10357=AXIS2_PLACEMENT_3D('',#13638,#11042,#11043);
#10358=AXIS2_PLACEMENT_3D('',#13644,#11047,#11048);
#10359=AXIS2_PLACEMENT_3D('',#13650,#11052,#11053);
#10360=AXIS2_PLACEMENT_3D('',#13659,#11058,#11059);
#10361=AXIS2_PLACEMENT_3D('',#13665,#11063,#11064);
#10362=AXIS2_PLACEMENT_3D('',#13671,#11068,#11069);
#10363=AXIS2_PLACEMENT_3D('',#13680,#11074,#11075);
#10364=AXIS2_PLACEMENT_3D('',#13686,#11079,#11080);
#10365=AXIS2_PLACEMENT_3D('',#13692,#11084,#11085);
#10366=AXIS2_PLACEMENT_3D('',#13701,#11090,#11091);
#10367=AXIS2_PLACEMENT_3D('',#13707,#11095,#11096);
#10368=AXIS2_PLACEMENT_3D('',#13713,#11100,#11101);
#10369=AXIS2_PLACEMENT_3D('',#13716,#11104,#11105);
#10370=AXIS2_PLACEMENT_3D('',#13719,#11108,#11109);
#10371=AXIS2_PLACEMENT_3D('',#13722,#11112,#11113);
#10372=AXIS2_PLACEMENT_3D('',#13725,#11116,#11117);
#10373=AXIS2_PLACEMENT_3D('',#13728,#11120,#11121);
#10374=AXIS2_PLACEMENT_3D('',#13731,#11124,#11125);
#10375=AXIS2_PLACEMENT_3D('',#13734,#11128,#11129);
#10376=AXIS2_PLACEMENT_3D('',#13737,#11132,#11133);
#10377=AXIS2_PLACEMENT_3D('',#13746,#11138,#11139);
#10378=AXIS2_PLACEMENT_3D('',#13755,#11144,#11145);
#10379=AXIS2_PLACEMENT_3D('',#13768,#11154,#11155);
#10380=AXIS2_PLACEMENT_3D('',#13776,#11160,#11161);
#10381=AXIS2_PLACEMENT_3D('',#13792,#11171,#11172);
#10382=AXIS2_PLACEMENT_3D('',#13801,#11177,#11178);
#10383=AXIS2_PLACEMENT_3D('',#13807,#11182,#11183);
#10384=AXIS2_PLACEMENT_3D('',#13813,#11187,#11188);
#10385=AXIS2_PLACEMENT_3D('',#13822,#11193,#11194);
#10386=AXIS2_PLACEMENT_3D('',#13828,#11198,#11199);
#10387=AXIS2_PLACEMENT_3D('',#13834,#11203,#11204);
#10388=AXIS2_PLACEMENT_3D('',#13843,#11209,#11210);
#10389=AXIS2_PLACEMENT_3D('',#13849,#11214,#11215);
#10390=AXIS2_PLACEMENT_3D('',#13855,#11219,#11220);
#10391=AXIS2_PLACEMENT_3D('',#13864,#11225,#11226);
#10392=AXIS2_PLACEMENT_3D('',#13870,#11230,#11231);
#10393=AXIS2_PLACEMENT_3D('',#13876,#11235,#11236);
#10394=AXIS2_PLACEMENT_3D('',#13885,#11241,#11242);
#10395=AXIS2_PLACEMENT_3D('',#13891,#11246,#11247);
#10396=AXIS2_PLACEMENT_3D('',#13897,#11251,#11252);
#10397=AXIS2_PLACEMENT_3D('',#13906,#11257,#11258);
#10398=AXIS2_PLACEMENT_3D('',#13912,#11262,#11263);
#10399=AXIS2_PLACEMENT_3D('',#13918,#11267,#11268);
#10400=AXIS2_PLACEMENT_3D('',#13927,#11273,#11274);
#10401=AXIS2_PLACEMENT_3D('',#13933,#11278,#11279);
#10402=AXIS2_PLACEMENT_3D('',#13939,#11283,#11284);
#10403=AXIS2_PLACEMENT_3D('',#13948,#11289,#11290);
#10404=AXIS2_PLACEMENT_3D('',#13954,#11294,#11295);
#10405=AXIS2_PLACEMENT_3D('',#13960,#11299,#11300);
#10406=AXIS2_PLACEMENT_3D('',#13969,#11305,#11306);
#10407=AXIS2_PLACEMENT_3D('',#13975,#11310,#11311);
#10408=AXIS2_PLACEMENT_3D('',#13981,#11315,#11316);
#10409=AXIS2_PLACEMENT_3D('',#13990,#11321,#11322);
#10410=AXIS2_PLACEMENT_3D('',#13996,#11326,#11327);
#10411=AXIS2_PLACEMENT_3D('',#14002,#11331,#11332);
#10412=AXIS2_PLACEMENT_3D('',#14011,#11337,#11338);
#10413=AXIS2_PLACEMENT_3D('',#14017,#11342,#11343);
#10414=AXIS2_PLACEMENT_3D('',#14023,#11347,#11348);
#10415=AXIS2_PLACEMENT_3D('',#14032,#11353,#11354);
#10416=AXIS2_PLACEMENT_3D('',#14038,#11358,#11359);
#10417=AXIS2_PLACEMENT_3D('',#14044,#11363,#11364);
#10418=AXIS2_PLACEMENT_3D('',#14053,#11369,#11370);
#10419=AXIS2_PLACEMENT_3D('',#14059,#11374,#11375);
#10420=AXIS2_PLACEMENT_3D('',#14065,#11379,#11380);
#10421=AXIS2_PLACEMENT_3D('',#14074,#11385,#11386);
#10422=AXIS2_PLACEMENT_3D('',#14080,#11390,#11391);
#10423=AXIS2_PLACEMENT_3D('',#14086,#11395,#11396);
#10424=AXIS2_PLACEMENT_3D('',#14095,#11401,#11402);
#10425=AXIS2_PLACEMENT_3D('',#14101,#11406,#11407);
#10426=AXIS2_PLACEMENT_3D('',#14107,#11411,#11412);
#10427=AXIS2_PLACEMENT_3D('',#14116,#11417,#11418);
#10428=AXIS2_PLACEMENT_3D('',#14122,#11422,#11423);
#10429=AXIS2_PLACEMENT_3D('',#14128,#11427,#11428);
#10430=AXIS2_PLACEMENT_3D('',#14131,#11431,#11432);
#10431=AXIS2_PLACEMENT_3D('',#14134,#11435,#11436);
#10432=AXIS2_PLACEMENT_3D('',#14137,#11439,#11440);
#10433=AXIS2_PLACEMENT_3D('',#14140,#11443,#11444);
#10434=AXIS2_PLACEMENT_3D('',#14143,#11447,#11448);
#10435=AXIS2_PLACEMENT_3D('',#14146,#11451,#11452);
#10436=AXIS2_PLACEMENT_3D('',#14149,#11455,#11456);
#10437=AXIS2_PLACEMENT_3D('',#14152,#11459,#11460);
#10438=AXIS2_PLACEMENT_3D('',#14155,#11463,#11464);
#10439=AXIS2_PLACEMENT_3D('',#14158,#11467,#11468);
#10440=AXIS2_PLACEMENT_3D('',#14161,#11471,#11472);
#10441=AXIS2_PLACEMENT_3D('',#14164,#11475,#11476);
#10442=AXIS2_PLACEMENT_3D('',#14167,#11479,#11480);
#10443=AXIS2_PLACEMENT_3D('',#14170,#11483,#11484);
#10444=AXIS2_PLACEMENT_3D('',#14173,#11487,#11488);
#10445=AXIS2_PLACEMENT_3D('',#14176,#11491,#11492);
#10446=AXIS2_PLACEMENT_3D('',#14182,#11496,#11497);
#10447=AXIS2_PLACEMENT_3D('',#14186,#11501,#11502);
#10448=AXIS2_PLACEMENT_3D('',#14194,#11508,#11509);
#10449=AXIS2_PLACEMENT_3D('',#14197,#11512,#11513);
#10450=AXIS2_PLACEMENT_3D('',#14199,#11515,#11516);
#10451=AXIS2_PLACEMENT_3D('',#14201,#11518,#11519);
#10452=AXIS2_PLACEMENT_3D('',#14204,#11522,#11523);
#10453=AXIS2_PLACEMENT_3D('',#14206,#11525,#11526);
#10454=AXIS2_PLACEMENT_3D('',#14208,#11528,#11529);
#10455=AXIS2_PLACEMENT_3D('',#14209,#11530,#11531);
#10456=AXIS2_PLACEMENT_3D('',#14210,#11532,#11533);
#10457=AXIS2_PLACEMENT_3D('',#14211,#11534,#11535);
#10458=AXIS2_PLACEMENT_3D('',#14212,#11536,#11537);
#10459=AXIS2_PLACEMENT_3D('',#14213,#11538,#11539);
#10460=AXIS2_PLACEMENT_3D('',#14214,#11540,#11541);
#10461=AXIS2_PLACEMENT_3D('',#14215,#11542,#11543);
#10462=AXIS2_PLACEMENT_3D('',#14216,#11544,#11545);
#10463=AXIS2_PLACEMENT_3D('',#14218,#11547,#11548);
#10464=AXIS2_PLACEMENT_3D('',#14220,#11550,#11551);
#10465=AXIS2_PLACEMENT_3D('',#14227,#11556,#11557);
#10466=AXIS2_PLACEMENT_3D('',#14234,#11562,#11563);
#10467=AXIS2_PLACEMENT_3D('',#14236,#11565,#11566);
#10468=AXIS2_PLACEMENT_3D('',#14237,#11567,#11568);
#10469=AXIS2_PLACEMENT_3D('',#14239,#11570,#11571);
#10470=AXIS2_PLACEMENT_3D('',#14240,#11572,#11573);
#10471=AXIS2_PLACEMENT_3D('',#14241,#11574,#11575);
#10472=AXIS2_PLACEMENT_3D('',#14243,#11577,#11578);
#10473=AXIS2_PLACEMENT_3D('',#14244,#11579,#11580);
#10474=AXIS2_PLACEMENT_3D('',#14246,#11582,#11583);
#10475=AXIS2_PLACEMENT_3D('',#14247,#11584,#11585);
#10476=AXIS2_PLACEMENT_3D('',#14248,#11586,#11587);
#10477=AXIS2_PLACEMENT_3D('',#14257,#11592,#11593);
#10478=AXIS2_PLACEMENT_3D('',#14266,#11598,#11599);
#10479=AXIS2_PLACEMENT_3D('',#14275,#11604,#11605);
#10480=AXIS2_PLACEMENT_3D('',#14284,#11610,#11611);
#10481=AXIS2_PLACEMENT_3D('',#14293,#11616,#11617);
#10482=AXIS2_PLACEMENT_3D('',#14302,#11622,#11623);
#10483=AXIS2_PLACEMENT_3D('',#14311,#11628,#11629);
#10484=AXIS2_PLACEMENT_3D('',#14320,#11634,#11635);
#10485=AXIS2_PLACEMENT_3D('',#14329,#11640,#11641);
#10486=AXIS2_PLACEMENT_3D('',#14338,#11646,#11647);
#10487=AXIS2_PLACEMENT_3D('',#14347,#11652,#11653);
#10488=AXIS2_PLACEMENT_3D('',#14356,#11658,#11659);
#10489=AXIS2_PLACEMENT_3D('',#14365,#11664,#11665);
#10490=AXIS2_PLACEMENT_3D('',#14374,#11670,#11671);
#10491=AXIS2_PLACEMENT_3D('',#14383,#11676,#11677);
#10492=AXIS2_PLACEMENT_3D('',#14392,#11682,#11683);
#10493=AXIS2_PLACEMENT_3D('',#14401,#11688,#11689);
#10494=AXIS2_PLACEMENT_3D('',#14410,#11694,#11695);
#10495=AXIS2_PLACEMENT_3D('',#14419,#11700,#11701);
#10496=AXIS2_PLACEMENT_3D('',#14428,#11706,#11707);
#10497=AXIS2_PLACEMENT_3D('',#14437,#11712,#11713);
#10498=AXIS2_PLACEMENT_3D('',#14446,#11718,#11719);
#10499=AXIS2_PLACEMENT_3D('',#14452,#11723,#11724);
#10500=AXIS2_PLACEMENT_3D('',#14458,#11728,#11729);
#10501=AXIS2_PLACEMENT_3D('',#14464,#11733,#11734);
#10502=AXIS2_PLACEMENT_3D('',#14470,#11738,#11739);
#10503=AXIS2_PLACEMENT_3D('',#14476,#11743,#11744);
#10504=AXIS2_PLACEMENT_3D('',#14482,#11748,#11749);
#10505=AXIS2_PLACEMENT_3D('',#14488,#11753,#11754);
#10506=AXIS2_PLACEMENT_3D('',#14494,#11758,#11759);
#10507=AXIS2_PLACEMENT_3D('',#14500,#11763,#11764);
#10508=AXIS2_PLACEMENT_3D('',#14506,#11768,#11769);
#10509=AXIS2_PLACEMENT_3D('',#14512,#11773,#11774);
#10510=AXIS2_PLACEMENT_3D('',#14518,#11778,#11779);
#10511=AXIS2_PLACEMENT_3D('',#14524,#11783,#11784);
#10512=AXIS2_PLACEMENT_3D('',#14530,#11788,#11789);
#10513=AXIS2_PLACEMENT_3D('',#14536,#11793,#11794);
#10514=AXIS2_PLACEMENT_3D('',#14542,#11798,#11799);
#10515=AXIS2_PLACEMENT_3D('',#14548,#11803,#11804);
#10516=AXIS2_PLACEMENT_3D('',#14554,#11808,#11809);
#10517=AXIS2_PLACEMENT_3D('',#14560,#11813,#11814);
#10518=AXIS2_PLACEMENT_3D('',#14566,#11818,#11819);
#10519=AXIS2_PLACEMENT_3D('',#14572,#11823,#11824);
#10520=AXIS2_PLACEMENT_3D('',#14578,#11828,#11829);
#10521=AXIS2_PLACEMENT_3D('',#14584,#11833,#11834);
#10522=AXIS2_PLACEMENT_3D('',#14590,#11838,#11839);
#10523=AXIS2_PLACEMENT_3D('',#14596,#11843,#11844);
#10524=AXIS2_PLACEMENT_3D('',#14602,#11848,#11849);
#10525=AXIS2_PLACEMENT_3D('',#14608,#11853,#11854);
#10526=AXIS2_PLACEMENT_3D('',#14614,#11858,#11859);
#10527=AXIS2_PLACEMENT_3D('',#14620,#11863,#11864);
#10528=AXIS2_PLACEMENT_3D('',#14626,#11868,#11869);
#10529=AXIS2_PLACEMENT_3D('',#14632,#11873,#11874);
#10530=AXIS2_PLACEMENT_3D('',#14638,#11878,#11879);
#10531=AXIS2_PLACEMENT_3D('',#14644,#11883,#11884);
#10532=AXIS2_PLACEMENT_3D('',#14650,#11888,#11889);
#10533=AXIS2_PLACEMENT_3D('',#14656,#11893,#11894);
#10534=AXIS2_PLACEMENT_3D('',#14662,#11898,#11899);
#10535=AXIS2_PLACEMENT_3D('',#14668,#11903,#11904);
#10536=AXIS2_PLACEMENT_3D('',#14674,#11908,#11909);
#10537=AXIS2_PLACEMENT_3D('',#14680,#11913,#11914);
#10538=AXIS2_PLACEMENT_3D('',#14686,#11918,#11919);
#10539=AXIS2_PLACEMENT_3D('',#14692,#11923,#11924);
#10540=AXIS2_PLACEMENT_3D('',#14698,#11928,#11929);
#10541=AXIS2_PLACEMENT_3D('',#14704,#11933,#11934);
#10542=AXIS2_PLACEMENT_3D('',#14710,#11938,#11939);
#10543=AXIS2_PLACEMENT_3D('',#14719,#11944,#11945);
#10544=AXIS2_PLACEMENT_3D('',#14728,#11950,#11951);
#10545=AXIS2_PLACEMENT_3D('',#14737,#11956,#11957);
#10546=AXIS2_PLACEMENT_3D('',#14746,#11962,#11963);
#10547=AXIS2_PLACEMENT_3D('',#14755,#11968,#11969);
#10548=AXIS2_PLACEMENT_3D('',#14764,#11974,#11975);
#10549=AXIS2_PLACEMENT_3D('',#14773,#11980,#11981);
#10550=AXIS2_PLACEMENT_3D('',#14782,#11986,#11987);
#10551=AXIS2_PLACEMENT_3D('',#14791,#11992,#11993);
#10552=AXIS2_PLACEMENT_3D('',#14800,#11998,#11999);
#10553=AXIS2_PLACEMENT_3D('',#14809,#12004,#12005);
#10554=AXIS2_PLACEMENT_3D('',#14815,#12009,#12010);
#10555=AXIS2_PLACEMENT_3D('',#14821,#12014,#12015);
#10556=AXIS2_PLACEMENT_3D('',#14827,#12019,#12020);
#10557=AXIS2_PLACEMENT_3D('',#14833,#12024,#12025);
#10558=AXIS2_PLACEMENT_3D('',#14839,#12029,#12030);
#10559=AXIS2_PLACEMENT_3D('',#14845,#12034,#12035);
#10560=AXIS2_PLACEMENT_3D('',#14851,#12039,#12040);
#10561=AXIS2_PLACEMENT_3D('',#14857,#12044,#12045);
#10562=AXIS2_PLACEMENT_3D('',#14863,#12049,#12050);
#10563=AXIS2_PLACEMENT_3D('',#14869,#12054,#12055);
#10564=AXIS2_PLACEMENT_3D('',#14875,#12059,#12060);
#10565=AXIS2_PLACEMENT_3D('',#14881,#12064,#12065);
#10566=AXIS2_PLACEMENT_3D('',#14887,#12069,#12070);
#10567=AXIS2_PLACEMENT_3D('',#14893,#12074,#12075);
#10568=AXIS2_PLACEMENT_3D('',#14899,#12079,#12080);
#10569=AXIS2_PLACEMENT_3D('',#14905,#12084,#12085);
#10570=AXIS2_PLACEMENT_3D('',#14911,#12089,#12090);
#10571=AXIS2_PLACEMENT_3D('',#14917,#12094,#12095);
#10572=AXIS2_PLACEMENT_3D('',#14923,#12099,#12100);
#10573=AXIS2_PLACEMENT_3D('',#14929,#12104,#12105);
#10574=AXIS2_PLACEMENT_3D('',#14935,#12109,#12110);
#10575=AXIS2_PLACEMENT_3D('',#14941,#12114,#12115);
#10576=AXIS2_PLACEMENT_3D('',#14944,#12118,#12119);
#10577=AXIS2_PLACEMENT_3D('',#14947,#12122,#12123);
#10578=AXIS2_PLACEMENT_3D('',#14950,#12126,#12127);
#10579=AXIS2_PLACEMENT_3D('',#14953,#12130,#12131);
#10580=AXIS2_PLACEMENT_3D('',#14956,#12134,#12135);
#10581=AXIS2_PLACEMENT_3D('',#14959,#12138,#12139);
#10582=AXIS2_PLACEMENT_3D('',#14962,#12142,#12143);
#10583=AXIS2_PLACEMENT_3D('',#14965,#12146,#12147);
#10584=AXIS2_PLACEMENT_3D('',#14968,#12150,#12151);
#10585=AXIS2_PLACEMENT_3D('',#14971,#12154,#12155);
#10586=AXIS2_PLACEMENT_3D('',#14974,#12158,#12159);
#10587=AXIS2_PLACEMENT_3D('',#14983,#12164,#12165);
#10588=AXIS2_PLACEMENT_3D('',#15044,#12202,#12203);
#10589=AXIS2_PLACEMENT_3D('',#15105,#12240,#12241);
#10590=AXIS2_PLACEMENT_3D('',#15111,#12245,#12246);
#10591=AXIS2_PLACEMENT_3D('',#15117,#12250,#12251);
#10592=AXIS2_PLACEMENT_3D('',#15123,#12255,#12256);
#10593=AXIS2_PLACEMENT_3D('',#15129,#12260,#12261);
#10594=AXIS2_PLACEMENT_3D('',#15135,#12265,#12266);
#10595=AXIS2_PLACEMENT_3D('',#15185,#12314,#12315);
#10596=AXIS2_PLACEMENT_3D('',#15191,#12319,#12320);
#10597=AXIS2_PLACEMENT_3D('',#15197,#12324,#12325);
#10598=AXIS2_PLACEMENT_3D('',#15203,#12329,#12330);
#10599=AXIS2_PLACEMENT_3D('',#15206,#12333,#12334);
#10600=AXIS2_PLACEMENT_3D('',#15209,#12337,#12338);
#10601=AXIS2_PLACEMENT_3D('',#15212,#12341,#12342);
#10602=AXIS2_PLACEMENT_3D('',#15213,#12343,#12344);
#10603=AXIS2_PLACEMENT_3D('',#15214,#12345,#12346);
#10604=AXIS2_PLACEMENT_3D('',#15215,#12347,#12348);
#10605=AXIS2_PLACEMENT_3D('',#15216,#12349,#12350);
#10606=AXIS2_PLACEMENT_3D('',#15218,#12352,#12353);
#10607=AXIS2_PLACEMENT_3D('',#15220,#12355,#12356);
#10608=AXIS2_PLACEMENT_3D('',#15221,#12357,#12358);
#10609=AXIS2_PLACEMENT_3D('',#15222,#12359,#12360);
#10610=AXIS2_PLACEMENT_3D('',#15224,#12362,#12363);
#10611=AXIS2_PLACEMENT_3D('',#15226,#12365,#12366);
#10612=AXIS2_PLACEMENT_3D('',#15227,#12367,#12368);
#10613=AXIS2_PLACEMENT_3D('',#15228,#12369,#12370);
#10614=AXIS2_PLACEMENT_3D('',#15230,#12372,#12373);
#10615=AXIS2_PLACEMENT_3D('',#15232,#12375,#12376);
#10616=AXIS2_PLACEMENT_3D('',#15233,#12377,#12378);
#10617=AXIS2_PLACEMENT_3D('',#15234,#12379,#12380);
#10618=AXIS2_PLACEMENT_3D('',#15236,#12382,#12383);
#10619=AXIS2_PLACEMENT_3D('',#15238,#12385,#12386);
#10620=AXIS2_PLACEMENT_3D('',#15239,#12387,#12388);
#10621=AXIS2_PLACEMENT_3D('',#15240,#12389,#12390);
#10622=AXIS2_PLACEMENT_3D('',#15242,#12392,#12393);
#10623=AXIS2_PLACEMENT_3D('',#15244,#12395,#12396);
#10624=AXIS2_PLACEMENT_3D('',#15245,#12397,#12398);
#10625=AXIS2_PLACEMENT_3D('',#15246,#12399,#12400);
#10626=AXIS2_PLACEMENT_3D('',#15248,#12402,#12403);
#10627=AXIS2_PLACEMENT_3D('',#15250,#12405,#12406);
#10628=AXIS2_PLACEMENT_3D('',#15251,#12407,#12408);
#10629=AXIS2_PLACEMENT_3D('',#15252,#12409,#12410);
#10630=AXIS2_PLACEMENT_3D('',#15254,#12412,#12413);
#10631=AXIS2_PLACEMENT_3D('',#15256,#12415,#12416);
#10632=AXIS2_PLACEMENT_3D('',#15257,#12417,#12418);
#10633=AXIS2_PLACEMENT_3D('',#15258,#12419,#12420);
#10634=AXIS2_PLACEMENT_3D('',#15260,#12422,#12423);
#10635=AXIS2_PLACEMENT_3D('',#15262,#12425,#12426);
#10636=AXIS2_PLACEMENT_3D('',#15263,#12427,#12428);
#10637=AXIS2_PLACEMENT_3D('',#15264,#12429,#12430);
#10638=AXIS2_PLACEMENT_3D('',#15266,#12432,#12433);
#10639=AXIS2_PLACEMENT_3D('',#15268,#12435,#12436);
#10640=AXIS2_PLACEMENT_3D('',#15269,#12437,#12438);
#10641=AXIS2_PLACEMENT_3D('',#15270,#12439,#12440);
#10642=AXIS2_PLACEMENT_3D('',#15272,#12442,#12443);
#10643=AXIS2_PLACEMENT_3D('',#15274,#12445,#12446);
#10644=AXIS2_PLACEMENT_3D('',#15275,#12447,#12448);
#10645=AXIS2_PLACEMENT_3D('',#15276,#12449,#12450);
#10646=AXIS2_PLACEMENT_3D('',#15278,#12452,#12453);
#10647=AXIS2_PLACEMENT_3D('',#15280,#12455,#12456);
#10648=AXIS2_PLACEMENT_3D('',#15281,#12457,#12458);
#10649=AXIS2_PLACEMENT_3D('',#15282,#12459,#12460);
#10650=AXIS2_PLACEMENT_3D('',#15284,#12462,#12463);
#10651=AXIS2_PLACEMENT_3D('',#15286,#12465,#12466);
#10652=AXIS2_PLACEMENT_3D('',#15287,#12467,#12468);
#10653=AXIS2_PLACEMENT_3D('',#15288,#12469,#12470);
#10654=AXIS2_PLACEMENT_3D('',#15290,#12472,#12473);
#10655=AXIS2_PLACEMENT_3D('',#15292,#12475,#12476);
#10656=AXIS2_PLACEMENT_3D('',#15293,#12477,#12478);
#10657=AXIS2_PLACEMENT_3D('',#15294,#12479,#12480);
#10658=AXIS2_PLACEMENT_3D('',#15296,#12482,#12483);
#10659=AXIS2_PLACEMENT_3D('',#15298,#12485,#12486);
#10660=AXIS2_PLACEMENT_3D('',#15299,#12487,#12488);
#10661=AXIS2_PLACEMENT_3D('',#15300,#12489,#12490);
#10662=AXIS2_PLACEMENT_3D('',#15302,#12492,#12493);
#10663=AXIS2_PLACEMENT_3D('',#15304,#12495,#12496);
#10664=AXIS2_PLACEMENT_3D('',#15305,#12497,#12498);
#10665=AXIS2_PLACEMENT_3D('',#15306,#12499,#12500);
#10666=AXIS2_PLACEMENT_3D('',#15308,#12502,#12503);
#10667=AXIS2_PLACEMENT_3D('',#15310,#12505,#12506);
#10668=AXIS2_PLACEMENT_3D('',#15311,#12507,#12508);
#10669=AXIS2_PLACEMENT_3D('',#15312,#12509,#12510);
#10670=AXIS2_PLACEMENT_3D('',#15314,#12512,#12513);
#10671=AXIS2_PLACEMENT_3D('',#15316,#12515,#12516);
#10672=AXIS2_PLACEMENT_3D('',#15317,#12517,#12518);
#10673=AXIS2_PLACEMENT_3D('',#15318,#12519,#12520);
#10674=AXIS2_PLACEMENT_3D('',#15320,#12522,#12523);
#10675=AXIS2_PLACEMENT_3D('',#15322,#12525,#12526);
#10676=AXIS2_PLACEMENT_3D('',#15323,#12527,#12528);
#10677=AXIS2_PLACEMENT_3D('',#15324,#12529,#12530);
#10678=AXIS2_PLACEMENT_3D('',#15326,#12532,#12533);
#10679=AXIS2_PLACEMENT_3D('',#15328,#12535,#12536);
#10680=AXIS2_PLACEMENT_3D('',#15329,#12537,#12538);
#10681=AXIS2_PLACEMENT_3D('',#15330,#12539,#12540);
#10682=AXIS2_PLACEMENT_3D('',#15332,#12542,#12543);
#10683=AXIS2_PLACEMENT_3D('',#15334,#12545,#12546);
#10684=AXIS2_PLACEMENT_3D('',#15335,#12547,#12548);
#10685=AXIS2_PLACEMENT_3D('',#15336,#12549,#12550);
#10686=AXIS2_PLACEMENT_3D('',#15338,#12552,#12553);
#10687=AXIS2_PLACEMENT_3D('',#15340,#12555,#12556);
#10688=AXIS2_PLACEMENT_3D('',#15341,#12557,#12558);
#10689=AXIS2_PLACEMENT_3D('',#15342,#12559,#12560);
#10690=AXIS2_PLACEMENT_3D('',#15344,#12562,#12563);
#10691=AXIS2_PLACEMENT_3D('',#15346,#12565,#12566);
#10692=AXIS2_PLACEMENT_3D('',#15347,#12567,#12568);
#10693=AXIS2_PLACEMENT_3D('',#15348,#12569,#12570);
#10694=AXIS2_PLACEMENT_3D('',#15349,#12571,#12572);
#10695=AXIS2_PLACEMENT_3D('',#15358,#12577,#12578);
#10696=AXIS2_PLACEMENT_3D('',#15367,#12583,#12584);
#10697=AXIS2_PLACEMENT_3D('',#15376,#12589,#12590);
#10698=AXIS2_PLACEMENT_3D('',#15385,#12595,#12596);
#10699=AXIS2_PLACEMENT_3D('',#15394,#12601,#12602);
#10700=AXIS2_PLACEMENT_3D('',#15403,#12607,#12608);
#10701=AXIS2_PLACEMENT_3D('',#15412,#12613,#12614);
#10702=AXIS2_PLACEMENT_3D('',#15421,#12619,#12620);
#10703=AXIS2_PLACEMENT_3D('',#15430,#12625,#12626);
#10704=AXIS2_PLACEMENT_3D('',#15439,#12631,#12632);
#10705=AXIS2_PLACEMENT_3D('',#15448,#12637,#12638);
#10706=AXIS2_PLACEMENT_3D('',#15454,#12642,#12643);
#10707=AXIS2_PLACEMENT_3D('',#15460,#12647,#12648);
#10708=AXIS2_PLACEMENT_3D('',#15466,#12652,#12653);
#10709=AXIS2_PLACEMENT_3D('',#15472,#12657,#12658);
#10710=AXIS2_PLACEMENT_3D('',#15478,#12662,#12663);
#10711=AXIS2_PLACEMENT_3D('',#15484,#12667,#12668);
#10712=AXIS2_PLACEMENT_3D('',#15490,#12672,#12673);
#10713=AXIS2_PLACEMENT_3D('',#15496,#12677,#12678);
#10714=AXIS2_PLACEMENT_3D('',#15502,#12682,#12683);
#10715=AXIS2_PLACEMENT_3D('',#15508,#12687,#12688);
#10716=AXIS2_PLACEMENT_3D('',#15514,#12692,#12693);
#10717=AXIS2_PLACEMENT_3D('',#15520,#12697,#12698);
#10718=AXIS2_PLACEMENT_3D('',#15526,#12702,#12703);
#10719=AXIS2_PLACEMENT_3D('',#15532,#12707,#12708);
#10720=AXIS2_PLACEMENT_3D('',#15538,#12712,#12713);
#10721=AXIS2_PLACEMENT_3D('',#15544,#12717,#12718);
#10722=AXIS2_PLACEMENT_3D('',#15550,#12722,#12723);
#10723=AXIS2_PLACEMENT_3D('',#15556,#12727,#12728);
#10724=AXIS2_PLACEMENT_3D('',#15562,#12732,#12733);
#10725=AXIS2_PLACEMENT_3D('',#15568,#12737,#12738);
#10726=AXIS2_PLACEMENT_3D('',#15574,#12742,#12743);
#10727=AXIS2_PLACEMENT_3D('',#15580,#12747,#12748);
#10728=AXIS2_PLACEMENT_3D('',#15581,#12749,#12750);
#10729=AXIS2_PLACEMENT_3D('',#15583,#12751,#12752);
#10730=AXIS2_PLACEMENT_3D('',#15586,#12754,#12755);
#10731=AXIS2_PLACEMENT_3D('',#15587,#12756,#12757);
#10732=AXIS2_PLACEMENT_3D('',#15591,#12759,#12760);
#10733=AXIS2_PLACEMENT_3D('',#15592,#12761,#12762);
#10734=AXIS2_PLACEMENT_3D('',#15593,#12763,#12764);
#10735=AXIS2_PLACEMENT_3D('',#15597,#12766,#12767);
#10736=AXIS2_PLACEMENT_3D('',#15598,#12768,#12769);
#10737=AXIS2_PLACEMENT_3D('',#15599,#12770,#12771);
#10738=AXIS2_PLACEMENT_3D('',#15603,#12773,#12774);
#10739=AXIS2_PLACEMENT_3D('',#15604,#12775,#12776);
#10740=AXIS2_PLACEMENT_3D('',#15605,#12777,#12778);
#10741=AXIS2_PLACEMENT_3D('',#15609,#12780,#12781);
#10742=AXIS2_PLACEMENT_3D('',#15610,#12782,#12783);
#10743=AXIS2_PLACEMENT_3D('',#15611,#12784,#12785);
#10744=AXIS2_PLACEMENT_3D('',#15615,#12787,#12788);
#10745=AXIS2_PLACEMENT_3D('',#15616,#12789,#12790);
#10746=AXIS2_PLACEMENT_3D('',#15617,#12791,#12792);
#10747=AXIS2_PLACEMENT_3D('',#15621,#12794,#12795);
#10748=AXIS2_PLACEMENT_3D('',#15622,#12796,#12797);
#10749=AXIS2_PLACEMENT_3D('',#15623,#12798,#12799);
#10750=AXIS2_PLACEMENT_3D('',#15627,#12801,#12802);
#10751=AXIS2_PLACEMENT_3D('',#15628,#12803,#12804);
#10752=AXIS2_PLACEMENT_3D('',#15629,#12805,#12806);
#10753=AXIS2_PLACEMENT_3D('',#15633,#12808,#12809);
#10754=AXIS2_PLACEMENT_3D('',#15634,#12810,#12811);
#10755=AXIS2_PLACEMENT_3D('',#15635,#12812,#12813);
#10756=AXIS2_PLACEMENT_3D('',#15639,#12815,#12816);
#10757=AXIS2_PLACEMENT_3D('',#15640,#12817,#12818);
#10758=AXIS2_PLACEMENT_3D('',#15641,#12819,#12820);
#10759=AXIS2_PLACEMENT_3D('',#15645,#12822,#12823);
#10760=AXIS2_PLACEMENT_3D('',#15646,#12824,#12825);
#10761=AXIS2_PLACEMENT_3D('',#15652,#12829,#12830);
#10762=AXIS2_PLACEMENT_3D('',#15658,#12834,#12835);
#10763=AXIS2_PLACEMENT_3D('',#15664,#12839,#12840);
#10764=AXIS2_PLACEMENT_3D('',#15670,#12844,#12845);
#10765=AXIS2_PLACEMENT_3D('',#15676,#12849,#12850);
#10766=AXIS2_PLACEMENT_3D('',#15682,#12854,#12855);
#10767=AXIS2_PLACEMENT_3D('',#15688,#12859,#12860);
#10768=AXIS2_PLACEMENT_3D('',#15694,#12864,#12865);
#10769=AXIS2_PLACEMENT_3D('',#15700,#12869,#12870);
#10770=AXIS2_PLACEMENT_3D('',#15706,#12874,#12875);
#10771=AXIS2_PLACEMENT_3D('',#15712,#12879,#12880);
#10772=AXIS2_PLACEMENT_3D('',#15721,#12885,#12886);
#10773=AXIS2_PLACEMENT_3D('',#15730,#12891,#12892);
#10774=AXIS2_PLACEMENT_3D('',#15739,#12897,#12898);
#10775=AXIS2_PLACEMENT_3D('',#15748,#12903,#12904);
#10776=AXIS2_PLACEMENT_3D('',#15757,#12909,#12910);
#10777=AXIS2_PLACEMENT_3D('',#15766,#12915,#12916);
#10778=AXIS2_PLACEMENT_3D('',#15775,#12921,#12922);
#10779=AXIS2_PLACEMENT_3D('',#15784,#12927,#12928);
#10780=AXIS2_PLACEMENT_3D('',#15793,#12933,#12934);
#10781=AXIS2_PLACEMENT_3D('',#15802,#12939,#12940);
#10782=AXIS2_PLACEMENT_3D('',#15811,#12945,#12946);
#10783=AXIS2_PLACEMENT_3D('',#15812,#12947,#12948);
#10784=AXIS2_PLACEMENT_3D('',#15814,#12949,#12950);
#10785=AXIS2_PLACEMENT_3D('',#15817,#12952,#12953);
#10786=AXIS2_PLACEMENT_3D('',#15818,#12954,#12955);
#10787=AXIS2_PLACEMENT_3D('',#15822,#12957,#12958);
#10788=AXIS2_PLACEMENT_3D('',#15823,#12959,#12960);
#10789=AXIS2_PLACEMENT_3D('',#15824,#12961,#12962);
#10790=AXIS2_PLACEMENT_3D('',#15828,#12964,#12965);
#10791=AXIS2_PLACEMENT_3D('',#15829,#12966,#12967);
#10792=AXIS2_PLACEMENT_3D('',#15830,#12968,#12969);
#10793=AXIS2_PLACEMENT_3D('',#15834,#12971,#12972);
#10794=AXIS2_PLACEMENT_3D('',#15835,#12973,#12974);
#10795=AXIS2_PLACEMENT_3D('',#15836,#12975,#12976);
#10796=AXIS2_PLACEMENT_3D('',#15840,#12978,#12979);
#10797=AXIS2_PLACEMENT_3D('',#15841,#12980,#12981);
#10798=AXIS2_PLACEMENT_3D('',#15842,#12982,#12983);
#10799=AXIS2_PLACEMENT_3D('',#15846,#12985,#12986);
#10800=AXIS2_PLACEMENT_3D('',#15847,#12987,#12988);
#10801=AXIS2_PLACEMENT_3D('',#15848,#12989,#12990);
#10802=AXIS2_PLACEMENT_3D('',#15852,#12992,#12993);
#10803=AXIS2_PLACEMENT_3D('',#15853,#12994,#12995);
#10804=AXIS2_PLACEMENT_3D('',#15854,#12996,#12997);
#10805=AXIS2_PLACEMENT_3D('',#15858,#12999,#13000);
#10806=AXIS2_PLACEMENT_3D('',#15859,#13001,#13002);
#10807=AXIS2_PLACEMENT_3D('',#15860,#13003,#13004);
#10808=AXIS2_PLACEMENT_3D('',#15864,#13006,#13007);
#10809=AXIS2_PLACEMENT_3D('',#15865,#13008,#13009);
#10810=AXIS2_PLACEMENT_3D('',#15866,#13010,#13011);
#10811=AXIS2_PLACEMENT_3D('',#15870,#13013,#13014);
#10812=AXIS2_PLACEMENT_3D('',#15871,#13015,#13016);
#10813=AXIS2_PLACEMENT_3D('',#15872,#13017,#13018);
#10814=AXIS2_PLACEMENT_3D('',#15876,#13020,#13021);
#10815=AXIS2_PLACEMENT_3D('',#15877,#13022,#13023);
#10816=AXIS2_PLACEMENT_3D('',#15883,#13027,#13028);
#10817=AXIS2_PLACEMENT_3D('',#15889,#13032,#13033);
#10818=AXIS2_PLACEMENT_3D('',#15895,#13037,#13038);
#10819=AXIS2_PLACEMENT_3D('',#15901,#13042,#13043);
#10820=AXIS2_PLACEMENT_3D('',#15907,#13047,#13048);
#10821=AXIS2_PLACEMENT_3D('',#15913,#13052,#13053);
#10822=AXIS2_PLACEMENT_3D('',#15919,#13057,#13058);
#10823=AXIS2_PLACEMENT_3D('',#15925,#13062,#13063);
#10824=AXIS2_PLACEMENT_3D('',#15931,#13067,#13068);
#10825=AXIS2_PLACEMENT_3D('',#15937,#13072,#13073);
#10826=AXIS2_PLACEMENT_3D('',#15943,#13077,#13078);
#10827=AXIS2_PLACEMENT_3D('',#15949,#13082,#13083);
#10828=AXIS2_PLACEMENT_3D('',#15955,#13087,#13088);
#10829=AXIS2_PLACEMENT_3D('',#15961,#13092,#13093);
#10830=AXIS2_PLACEMENT_3D('',#15967,#13097,#13098);
#10831=AXIS2_PLACEMENT_3D('',#15973,#13102,#13103);
#10832=AXIS2_PLACEMENT_3D('',#15979,#13107,#13108);
#10833=AXIS2_PLACEMENT_3D('',#15985,#13112,#13113);
#10834=AXIS2_PLACEMENT_3D('',#15991,#13117,#13118);
#10835=AXIS2_PLACEMENT_3D('',#15997,#13122,#13123);
#10836=AXIS2_PLACEMENT_3D('',#16003,#13127,#13128);
#10837=AXIS2_PLACEMENT_3D('',#16009,#13132,#13133);
#10838=AXIS2_PLACEMENT_3D('',#16015,#13137,#13138);
#10839=AXIS2_PLACEMENT_3D('',#16021,#13142,#13143);
#10840=AXIS2_PLACEMENT_3D('',#16027,#13147,#13148);
#10841=AXIS2_PLACEMENT_3D('',#16033,#13152,#13153);
#10842=AXIS2_PLACEMENT_3D('',#16039,#13157,#13158);
#10843=AXIS2_PLACEMENT_3D('',#16045,#13162,#13163);
#10844=AXIS2_PLACEMENT_3D('',#16051,#13167,#13168);
#10845=AXIS2_PLACEMENT_3D('',#16057,#13172,#13173);
#10846=AXIS2_PLACEMENT_3D('',#16063,#13177,#13178);
#10847=AXIS2_PLACEMENT_3D('',#16069,#13182,#13183);
#10848=AXIS2_PLACEMENT_3D('',#16075,#13187,#13188);
#10849=AXIS2_PLACEMENT_3D('',#16084,#13193,#13194);
#10850=AXIS2_PLACEMENT_3D('',#16090,#13198,#13199);
#10851=AXIS2_PLACEMENT_3D('',#16096,#13203,#13204);
#10852=AXIS2_PLACEMENT_3D('',#16097,#13205,#13206);
#10853=AXIS2_PLACEMENT_3D('',#16101,#13208,#13209);
#10854=AXIS2_PLACEMENT_3D('',#16102,#13210,#13211);
#10855=AXIS2_PLACEMENT_3D('',#16108,#13215,#13216);
#10856=AXIS2_PLACEMENT_3D('',#16224,#13286,#13287);
#10857=AXIS2_PLACEMENT_3D('',#16230,#13291,#13292);
#10858=AXIS2_PLACEMENT_3D('',#16231,#13293,#13294);
#10859=AXIS2_PLACEMENT_3D('',#16235,#13296,#13297);
#10860=AXIS2_PLACEMENT_3D('',#16236,#13298,#13299);
#10861=AXIS2_PLACEMENT_3D('',#16242,#13303,#13304);
#10862=AXIS2_PLACEMENT_3D('',#16248,#13308,#13309);
#10863=AXIS2_PLACEMENT_3D('',#16254,#13313,#13314);
#10864=AXIS2_PLACEMENT_3D('',#16282,#13340,#13341);
#10865=AXIS2_PLACEMENT_3D('',#16307,#13366,#13367);
#10866=AXIS2_PLACEMENT_3D('',#16308,#13368,#13369);
#10867=AXIS2_PLACEMENT_3D('',#16309,#13370,#13371);
#10868=AXIS2_PLACEMENT_3D('',#16310,#13372,#13373);
#10869=AXIS2_PLACEMENT_3D('',#16311,#13374,#13375);
#10870=AXIS2_PLACEMENT_3D('',#16312,#13376,#13377);
#10871=AXIS2_PLACEMENT_3D('',#16313,#13378,#13379);
#10872=AXIS2_PLACEMENT_3D('',#16314,#13380,#13381);
#10873=AXIS2_PLACEMENT_3D('',#16315,#13382,#13383);
#10874=AXIS2_PLACEMENT_3D('',#16316,#13384,#13385);
#10875=AXIS2_PLACEMENT_3D('',#16317,#13386,#13387);
#10876=AXIS2_PLACEMENT_3D('',#16318,#13388,#13389);
#10877=AXIS2_PLACEMENT_3D('',#16319,#13390,#13391);
#10878=AXIS2_PLACEMENT_3D('',#16320,#13392,#13393);
#10879=AXIS2_PLACEMENT_3D('',#16321,#13394,#13395);
#10880=AXIS2_PLACEMENT_3D('',#16322,#13396,#13397);
#10881=AXIS2_PLACEMENT_3D('',#16323,#13398,#13399);
#10882=AXIS2_PLACEMENT_3D('',#16324,#13400,#13401);
#10883=AXIS2_PLACEMENT_3D('',#16325,#13402,#13403);
#10884=AXIS2_PLACEMENT_3D('',#16326,#13404,#13405);
#10885=AXIS2_PLACEMENT_3D('',#16327,#13406,#13407);
#10886=AXIS2_PLACEMENT_3D('',#16328,#13408,#13409);
#10887=AXIS2_PLACEMENT_3D('',#16329,#13410,#13411);
#10888=AXIS2_PLACEMENT_3D('',#16330,#13412,#13413);
#10889=AXIS2_PLACEMENT_3D('',#16331,#13414,#13415);
#10890=AXIS2_PLACEMENT_3D('',#16332,#13416,#13417);
#10891=AXIS2_PLACEMENT_3D('',#16333,#13418,#13419);
#10892=AXIS2_PLACEMENT_3D('',#16334,#13420,#13421);
#10893=AXIS2_PLACEMENT_3D('',#16335,#13422,#13423);
#10894=AXIS2_PLACEMENT_3D('',#16336,#13424,#13425);
#10895=AXIS2_PLACEMENT_3D('',#16337,#13426,#13427);
#10896=AXIS2_PLACEMENT_3D('',#16338,#13428,#13429);
#10897=AXIS2_PLACEMENT_3D('',#16339,#13430,#13431);
#10898=AXIS2_PLACEMENT_3D('',#16340,#13432,#13433);
#10899=AXIS2_PLACEMENT_3D('',#16341,#13434,#13435);
#10900=AXIS2_PLACEMENT_3D('',#16342,#13436,#13437);
#10901=AXIS2_PLACEMENT_3D('',#16343,#13438,#13439);
#10902=AXIS2_PLACEMENT_3D('',#16344,#13440,#13441);
#10903=AXIS2_PLACEMENT_3D('',#16345,#13442,#13443);
#10904=AXIS2_PLACEMENT_3D('',#16346,#13444,#13445);
#10905=AXIS2_PLACEMENT_3D('',#16347,#13446,#13447);
#10906=AXIS2_PLACEMENT_3D('',#16348,#13448,#13449);
#10907=AXIS2_PLACEMENT_3D('',#16349,#13450,#13451);
#10908=AXIS2_PLACEMENT_3D('',#16350,#13452,#13453);
#10909=AXIS2_PLACEMENT_3D('',#16351,#13454,#13455);
#10910=AXIS2_PLACEMENT_3D('',#16352,#13456,#13457);
#10911=AXIS2_PLACEMENT_3D('',#16353,#13458,#13459);
#10912=DIRECTION('',(0.,0.,1.));
#10913=DIRECTION('',(1.,0.,0.));
#10914=DIRECTION('',(0.,0.,1.));
#10915=DIRECTION('',(1.,0.,0.));
#10916=DIRECTION('',(0.,1.,0.));
#10917=DIRECTION('',(-0.447213595499958,0.894427190999916,0.));
#10918=DIRECTION('',(-1.,0.,0.));
#10919=DIRECTION('',(0.,-1.,0.));
#10920=DIRECTION('',(-1.,0.,0.));
#10921=DIRECTION('',(0.,-1.,0.));
#10922=DIRECTION('',(-1.,0.,0.));
#10923=DIRECTION('',(-0.447213595499958,-0.894427190999916,0.));
#10924=DIRECTION('',(0.,-1.,0.));
#10925=DIRECTION('',(-1.,0.,0.));
#10926=DIRECTION('',(0.,0.,-1.));
#10927=DIRECTION('',(-1.,0.,0.));
#10928=DIRECTION('',(1.,0.,0.));
#10929=DIRECTION('',(0.447213595499958,-0.894427190999916,0.));
#10930=DIRECTION('',(0.,-1.,0.));
#10931=DIRECTION('',(-1.,0.,0.));
#10932=DIRECTION('',(0.,-1.,0.));
#10933=DIRECTION('',(0.,0.,-1.));
#10934=DIRECTION('',(-1.,0.,0.));
#10935=DIRECTION('',(-1.,0.,0.));
#10936=DIRECTION('',(0.,1.,0.));
#10937=DIRECTION('',(0.447213595499958,0.894427190999916,0.));
#10938=DIRECTION('',(1.,0.,0.));
#10939=DIRECTION('',(0.,-1.,0.));
#10940=DIRECTION('',(0.,-1.,0.));
#10941=DIRECTION('',(0.,0.,-1.));
#10942=DIRECTION('',(0.,0.,1.));
#10943=DIRECTION('',(0.,0.,-1.));
#10944=DIRECTION('',(0.,-1.,0.));
#10945=DIRECTION('',(0.,0.,-1.));
#10946=DIRECTION('',(0.,0.,-1.));
#10947=DIRECTION('',(-3.09959676204214E-14,0.,1.));
#10948=DIRECTION('',(0.,0.,-1.));
#10949=DIRECTION('',(-1.,0.,0.));
#10950=DIRECTION('',(0.,1.,0.));
#10951=DIRECTION('',(-1.,0.,0.));
#10952=DIRECTION('',(0.,-1.,0.));
#10953=DIRECTION('',(1.,0.,0.));
#10954=DIRECTION('',(0.,0.,-1.));
#10955=DIRECTION('',(-1.,0.,0.));
#10956=DIRECTION('',(-1.,0.,0.));
#10957=DIRECTION('',(0.,-1.,0.));
#10958=DIRECTION('',(1.,0.,0.));
#10959=DIRECTION('',(0.,-1.,0.));
#10960=DIRECTION('',(0.,0.,1.));
#10961=DIRECTION('',(1.,0.,0.));
#10962=DIRECTION('',(-1.,0.,0.));
#10963=DIRECTION('',(0.,-1.,0.));
#10964=DIRECTION('',(-1.,0.,0.));
#10965=DIRECTION('',(0.,-1.,0.));
#10966=DIRECTION('',(0.,0.,1.));
#10967=DIRECTION('',(1.,0.,0.));
#10968=DIRECTION('',(-1.,0.,0.));
#10969=DIRECTION('',(0.,-1.,0.));
#10970=DIRECTION('',(-1.,0.,0.));
#10971=DIRECTION('',(0.,-1.,0.));
#10972=DIRECTION('',(1.,0.,0.));
#10973=DIRECTION('',(0.,0.,-1.));
#10974=DIRECTION('',(0.,-1.,0.));
#10975=DIRECTION('',(0.,0.,-1.));
#10976=DIRECTION('',(0.,-1.,0.));
#10977=DIRECTION('',(0.,0.,1.));
#10978=DIRECTION('',(0.,0.,1.));
#10979=DIRECTION('',(1.,0.,0.));
#10980=DIRECTION('',(1.,0.,0.));
#10981=DIRECTION('',(0.,-1.,0.));
#10982=DIRECTION('',(-1.,0.,0.));
#10983=DIRECTION('',(-1.,0.,0.));
#10984=DIRECTION('',(0.,0.,1.));
#10985=DIRECTION('',(0.,0.,1.));
#10986=DIRECTION('',(0.,-1.,0.));
#10987=DIRECTION('',(0.,0.,-1.));
#10988=DIRECTION('',(1.,0.,0.));
#10989=DIRECTION('',(0.,0.,-1.));
#10990=DIRECTION('',(0.,-1.,0.));
#10991=DIRECTION('',(0.,0.,-1.));
#10992=DIRECTION('',(0.,-1.,0.));
#10993=DIRECTION('',(0.,0.,1.));
#10994=DIRECTION('',(0.,0.,1.));
#10995=DIRECTION('',(1.,0.,0.));
#10996=DIRECTION('',(1.,0.,0.));
#10997=DIRECTION('',(0.,-1.,0.));
#10998=DIRECTION('',(-1.,0.,0.));
#10999=DIRECTION('',(-1.,0.,0.));
#11000=DIRECTION('',(0.,0.,1.));
#11001=DIRECTION('',(0.,0.,1.));
#11002=DIRECTION('',(0.,-1.,0.));
#11003=DIRECTION('',(0.,0.,-1.));
#11004=DIRECTION('',(1.,0.,0.));
#11005=DIRECTION('',(0.,0.,-1.));
#11006=DIRECTION('',(0.,-1.,0.));
#11007=DIRECTION('',(0.,0.,-1.));
#11008=DIRECTION('',(0.,-1.,0.));
#11009=DIRECTION('',(0.,0.,1.));
#11010=DIRECTION('',(0.,0.,1.));
#11011=DIRECTION('',(1.,0.,0.));
#11012=DIRECTION('',(1.,0.,0.));
#11013=DIRECTION('',(0.,-1.,0.));
#11014=DIRECTION('',(-1.,0.,0.));
#11015=DIRECTION('',(-1.,0.,0.));
#11016=DIRECTION('',(0.,0.,1.));
#11017=DIRECTION('',(0.,0.,1.));
#11018=DIRECTION('',(0.,-1.,0.));
#11019=DIRECTION('',(0.,0.,-1.));
#11020=DIRECTION('',(1.,0.,0.));
#11021=DIRECTION('',(0.,0.,-1.));
#11022=DIRECTION('',(0.,-1.,0.));
#11023=DIRECTION('',(0.,0.,-1.));
#11024=DIRECTION('',(0.,-1.,0.));
#11025=DIRECTION('',(0.,0.,1.));
#11026=DIRECTION('',(0.,0.,1.));
#11027=DIRECTION('',(1.,0.,0.));
#11028=DIRECTION('',(1.,0.,0.));
#11029=DIRECTION('',(0.,-1.,0.));
#11030=DIRECTION('',(-1.,0.,0.));
#11031=DIRECTION('',(-1.,0.,0.));
#11032=DIRECTION('',(0.,0.,1.));
#11033=DIRECTION('',(0.,0.,1.));
#11034=DIRECTION('',(0.,-1.,0.));
#11035=DIRECTION('',(0.,0.,-1.));
#11036=DIRECTION('',(1.,0.,0.));
#11037=DIRECTION('',(0.,0.,-1.));
#11038=DIRECTION('',(0.,-1.,0.));
#11039=DIRECTION('',(0.,0.,-1.));
#11040=DIRECTION('',(0.,-1.,0.));
#11041=DIRECTION('',(0.,0.,1.));
#11042=DIRECTION('',(0.,0.,1.));
#11043=DIRECTION('',(1.,0.,0.));
#11044=DIRECTION('',(1.,0.,0.));
#11045=DIRECTION('',(0.,-1.,0.));
#11046=DIRECTION('',(-1.,0.,0.));
#11047=DIRECTION('',(-1.,0.,0.));
#11048=DIRECTION('',(0.,0.,1.));
#11049=DIRECTION('',(0.,0.,1.));
#11050=DIRECTION('',(0.,-1.,0.));
#11051=DIRECTION('',(0.,0.,-1.));
#11052=DIRECTION('',(1.,0.,0.));
#11053=DIRECTION('',(0.,0.,-1.));
#11054=DIRECTION('',(0.,-1.,0.));
#11055=DIRECTION('',(0.,0.,-1.));
#11056=DIRECTION('',(0.,-1.,0.));
#11057=DIRECTION('',(0.,0.,1.));
#11058=DIRECTION('',(0.,0.,1.));
#11059=DIRECTION('',(1.,0.,0.));
#11060=DIRECTION('',(1.,0.,0.));
#11061=DIRECTION('',(0.,-1.,0.));
#11062=DIRECTION('',(-1.,0.,0.));
#11063=DIRECTION('',(-1.,0.,0.));
#11064=DIRECTION('',(0.,0.,1.));
#11065=DIRECTION('',(0.,0.,1.));
#11066=DIRECTION('',(0.,-1.,0.));
#11067=DIRECTION('',(0.,0.,-1.));
#11068=DIRECTION('',(1.,0.,0.));
#11069=DIRECTION('',(0.,0.,-1.));
#11070=DIRECTION('',(0.,-1.,0.));
#11071=DIRECTION('',(0.,0.,-1.));
#11072=DIRECTION('',(0.,-1.,0.));
#11073=DIRECTION('',(0.,0.,1.));
#11074=DIRECTION('',(0.,0.,1.));
#11075=DIRECTION('',(1.,0.,0.));
#11076=DIRECTION('',(1.,0.,0.));
#11077=DIRECTION('',(0.,-1.,0.));
#11078=DIRECTION('',(-1.,0.,0.));
#11079=DIRECTION('',(-1.,0.,0.));
#11080=DIRECTION('',(0.,0.,1.));
#11081=DIRECTION('',(0.,0.,1.));
#11082=DIRECTION('',(0.,-1.,0.));
#11083=DIRECTION('',(0.,0.,-1.));
#11084=DIRECTION('',(1.,0.,0.));
#11085=DIRECTION('',(0.,0.,-1.));
#11086=DIRECTION('',(0.,-1.,0.));
#11087=DIRECTION('',(0.,0.,-1.));
#11088=DIRECTION('',(0.,-1.,0.));
#11089=DIRECTION('',(0.,0.,1.));
#11090=DIRECTION('',(0.,0.,1.));
#11091=DIRECTION('',(1.,0.,0.));
#11092=DIRECTION('',(1.,0.,0.));
#11093=DIRECTION('',(0.,-1.,0.));
#11094=DIRECTION('',(-1.,0.,0.));
#11095=DIRECTION('',(-1.,0.,0.));
#11096=DIRECTION('',(0.,0.,1.));
#11097=DIRECTION('',(0.,0.,1.));
#11098=DIRECTION('',(0.,-1.,0.));
#11099=DIRECTION('',(0.,0.,-1.));
#11100=DIRECTION('',(0.,0.,-1.));
#11101=DIRECTION('',(-1.,0.,0.));
#11102=DIRECTION('',(-1.,0.,0.));
#11103=DIRECTION('',(1.,0.,0.));
#11104=DIRECTION('',(0.,0.,-1.));
#11105=DIRECTION('',(-1.,0.,0.));
#11106=DIRECTION('',(-1.,0.,0.));
#11107=DIRECTION('',(1.,0.,0.));
#11108=DIRECTION('',(0.,0.,-1.));
#11109=DIRECTION('',(-1.,0.,0.));
#11110=DIRECTION('',(-1.,0.,0.));
#11111=DIRECTION('',(1.,0.,0.));
#11112=DIRECTION('',(0.,0.,-1.));
#11113=DIRECTION('',(-1.,0.,0.));
#11114=DIRECTION('',(-1.,0.,0.));
#11115=DIRECTION('',(1.,0.,0.));
#11116=DIRECTION('',(0.,0.,-1.));
#11117=DIRECTION('',(-1.,0.,0.));
#11118=DIRECTION('',(-1.,0.,0.));
#11119=DIRECTION('',(1.,0.,0.));
#11120=DIRECTION('',(0.,0.,-1.));
#11121=DIRECTION('',(-1.,0.,0.));
#11122=DIRECTION('',(-1.,0.,0.));
#11123=DIRECTION('',(1.,0.,0.));
#11124=DIRECTION('',(0.,0.,-1.));
#11125=DIRECTION('',(-1.,0.,0.));
#11126=DIRECTION('',(-1.,0.,0.));
#11127=DIRECTION('',(1.,0.,0.));
#11128=DIRECTION('',(0.,0.,-1.));
#11129=DIRECTION('',(-1.,0.,0.));
#11130=DIRECTION('',(-1.,0.,0.));
#11131=DIRECTION('',(1.,0.,0.));
#11132=DIRECTION('',(0.,0.,1.));
#11133=DIRECTION('',(1.,0.,0.));
#11134=DIRECTION('',(0.,1.,0.));
#11135=DIRECTION('',(-1.,0.,0.));
#11136=DIRECTION('',(0.,-1.,0.));
#11137=DIRECTION('',(-1.,0.,0.));
#11138=DIRECTION('',(0.,0.,-1.));
#11139=DIRECTION('',(-1.,0.,0.));
#11140=DIRECTION('',(-1.,0.,0.));
#11141=DIRECTION('',(0.,-1.,0.));
#11142=DIRECTION('',(1.,0.,0.));
#11143=DIRECTION('',(0.,-1.,0.));
#11144=DIRECTION('',(1.,0.,0.));
#11145=DIRECTION('',(0.,0.,-1.));
#11146=DIRECTION('',(0.,1.,0.));
#11147=DIRECTION('',(0.,0.,1.));
#11148=DIRECTION('',(0.,0.,1.));
#11149=DIRECTION('',(0.,0.,1.));
#11150=DIRECTION('',(0.,-1.,0.));
#11151=DIRECTION('',(0.,0.,-1.));
#11152=DIRECTION('',(0.,0.,1.));
#11153=DIRECTION('',(0.,0.,-1.));
#11154=DIRECTION('',(0.,0.,-1.));
#11155=DIRECTION('',(-1.,0.,0.));
#11156=DIRECTION('',(1.,0.,0.));
#11157=DIRECTION('',(0.,-1.,0.));
#11158=DIRECTION('',(-1.,0.,0.));
#11159=DIRECTION('',(0.,-1.,0.));
#11160=DIRECTION('',(-1.,0.,0.));
#11161=DIRECTION('',(0.,0.,1.));
#11162=DIRECTION('',(0.,0.,1.));
#11163=DIRECTION('',(0.,1.,0.));
#11164=DIRECTION('',(0.,0.,-1.));
#11165=DIRECTION('',(0.,-1.,0.));
#11166=DIRECTION('',(0.,0.,-1.));
#11167=DIRECTION('',(0.,0.,-1.));
#11168=DIRECTION('',(0.,-1.,0.));
#11169=DIRECTION('',(0.,0.,1.));
#11170=DIRECTION('',(0.,0.,-1.));
#11171=DIRECTION('',(1.,0.,0.));
#11172=DIRECTION('',(0.,0.,-1.));
#11173=DIRECTION('',(0.,0.,1.));
#11174=DIRECTION('',(0.,-1.,0.));
#11175=DIRECTION('',(0.,0.,1.));
#11176=DIRECTION('',(0.,-1.,0.));
#11177=DIRECTION('',(0.,0.,1.));
#11178=DIRECTION('',(1.,0.,0.));
#11179=DIRECTION('',(-1.,0.,0.));
#11180=DIRECTION('',(0.,-1.,0.));
#11181=DIRECTION('',(-1.,0.,0.));
#11182=DIRECTION('',(-1.,0.,0.));
#11183=DIRECTION('',(0.,0.,1.));
#11184=DIRECTION('',(0.,0.,-1.));
#11185=DIRECTION('',(0.,-1.,0.));
#11186=DIRECTION('',(0.,0.,-1.));
#11187=DIRECTION('',(1.,0.,0.));
#11188=DIRECTION('',(0.,0.,-1.));
#11189=DIRECTION('',(0.,0.,1.));
#11190=DIRECTION('',(0.,-1.,0.));
#11191=DIRECTION('',(0.,0.,1.));
#11192=DIRECTION('',(0.,-1.,0.));
#11193=DIRECTION('',(0.,0.,1.));
#11194=DIRECTION('',(1.,0.,0.));
#11195=DIRECTION('',(-1.,0.,0.));
#11196=DIRECTION('',(0.,-1.,0.));
#11197=DIRECTION('',(-1.,0.,0.));
#11198=DIRECTION('',(-1.,0.,0.));
#11199=DIRECTION('',(0.,0.,1.));
#11200=DIRECTION('',(0.,0.,-1.));
#11201=DIRECTION('',(0.,-1.,0.));
#11202=DIRECTION('',(0.,0.,-1.));
#11203=DIRECTION('',(1.,0.,0.));
#11204=DIRECTION('',(0.,0.,-1.));
#11205=DIRECTION('',(0.,0.,1.));
#11206=DIRECTION('',(0.,-1.,0.));
#11207=DIRECTION('',(0.,0.,1.));
#11208=DIRECTION('',(0.,-1.,0.));
#11209=DIRECTION('',(0.,0.,1.));
#11210=DIRECTION('',(1.,0.,0.));
#11211=DIRECTION('',(-1.,0.,0.));
#11212=DIRECTION('',(0.,-1.,0.));
#11213=DIRECTION('',(-1.,0.,0.));
#11214=DIRECTION('',(-1.,0.,0.));
#11215=DIRECTION('',(0.,0.,1.));
#11216=DIRECTION('',(0.,0.,-1.));
#11217=DIRECTION('',(0.,-1.,0.));
#11218=DIRECTION('',(0.,0.,-1.));
#11219=DIRECTION('',(1.,0.,0.));
#11220=DIRECTION('',(0.,0.,-1.));
#11221=DIRECTION('',(0.,0.,1.));
#11222=DIRECTION('',(0.,-1.,0.));
#11223=DIRECTION('',(0.,0.,1.));
#11224=DIRECTION('',(0.,-1.,0.));
#11225=DIRECTION('',(0.,0.,1.));
#11226=DIRECTION('',(1.,0.,0.));
#11227=DIRECTION('',(-1.,0.,0.));
#11228=DIRECTION('',(0.,-1.,0.));
#11229=DIRECTION('',(-1.,0.,0.));
#11230=DIRECTION('',(-1.,0.,0.));
#11231=DIRECTION('',(0.,0.,1.));
#11232=DIRECTION('',(0.,0.,-1.));
#11233=DIRECTION('',(0.,-1.,0.));
#11234=DIRECTION('',(0.,0.,-1.));
#11235=DIRECTION('',(1.,0.,0.));
#11236=DIRECTION('',(0.,0.,-1.));
#11237=DIRECTION('',(0.,0.,1.));
#11238=DIRECTION('',(0.,-1.,0.));
#11239=DIRECTION('',(0.,0.,1.));
#11240=DIRECTION('',(0.,-1.,0.));
#11241=DIRECTION('',(0.,0.,1.));
#11242=DIRECTION('',(1.,0.,0.));
#11243=DIRECTION('',(-1.,0.,0.));
#11244=DIRECTION('',(0.,-1.,0.));
#11245=DIRECTION('',(-1.,0.,0.));
#11246=DIRECTION('',(-1.,0.,0.));
#11247=DIRECTION('',(0.,0.,1.));
#11248=DIRECTION('',(0.,0.,-1.));
#11249=DIRECTION('',(0.,-1.,0.));
#11250=DIRECTION('',(0.,0.,-1.));
#11251=DIRECTION('',(1.,0.,0.));
#11252=DIRECTION('',(0.,0.,-1.));
#11253=DIRECTION('',(0.,0.,1.));
#11254=DIRECTION('',(0.,-1.,0.));
#11255=DIRECTION('',(0.,0.,1.));
#11256=DIRECTION('',(0.,-1.,0.));
#11257=DIRECTION('',(0.,0.,1.));
#11258=DIRECTION('',(1.,0.,0.));
#11259=DIRECTION('',(-1.,0.,0.));
#11260=DIRECTION('',(0.,-1.,0.));
#11261=DIRECTION('',(-1.,0.,0.));
#11262=DIRECTION('',(-1.,0.,0.));
#11263=DIRECTION('',(0.,0.,1.));
#11264=DIRECTION('',(0.,0.,-1.));
#11265=DIRECTION('',(0.,-1.,0.));
#11266=DIRECTION('',(0.,0.,-1.));
#11267=DIRECTION('',(1.,0.,0.));
#11268=DIRECTION('',(0.,0.,-1.));
#11269=DIRECTION('',(0.,0.,1.));
#11270=DIRECTION('',(0.,-1.,0.));
#11271=DIRECTION('',(0.,0.,1.));
#11272=DIRECTION('',(0.,-1.,0.));
#11273=DIRECTION('',(0.,0.,1.));
#11274=DIRECTION('',(1.,0.,0.));
#11275=DIRECTION('',(-1.,0.,0.));
#11276=DIRECTION('',(0.,-1.,0.));
#11277=DIRECTION('',(-1.,0.,0.));
#11278=DIRECTION('',(-1.,0.,0.));
#11279=DIRECTION('',(0.,0.,1.));
#11280=DIRECTION('',(0.,0.,-1.));
#11281=DIRECTION('',(0.,-1.,0.));
#11282=DIRECTION('',(0.,0.,-1.));
#11283=DIRECTION('',(1.,0.,0.));
#11284=DIRECTION('',(0.,0.,-1.));
#11285=DIRECTION('',(0.,0.,1.));
#11286=DIRECTION('',(0.,-1.,0.));
#11287=DIRECTION('',(0.,0.,1.));
#11288=DIRECTION('',(0.,-1.,0.));
#11289=DIRECTION('',(0.,0.,1.));
#11290=DIRECTION('',(1.,0.,0.));
#11291=DIRECTION('',(-1.,0.,0.));
#11292=DIRECTION('',(0.,-1.,0.));
#11293=DIRECTION('',(-1.,0.,0.));
#11294=DIRECTION('',(-1.,0.,0.));
#11295=DIRECTION('',(0.,0.,1.));
#11296=DIRECTION('',(0.,0.,-1.));
#11297=DIRECTION('',(0.,-1.,0.));
#11298=DIRECTION('',(0.,0.,-1.));
#11299=DIRECTION('',(1.,0.,0.));
#11300=DIRECTION('',(0.,0.,-1.));
#11301=DIRECTION('',(0.,0.,1.));
#11302=DIRECTION('',(0.,-1.,0.));
#11303=DIRECTION('',(0.,0.,1.));
#11304=DIRECTION('',(0.,-1.,0.));
#11305=DIRECTION('',(0.,0.,1.));
#11306=DIRECTION('',(1.,0.,0.));
#11307=DIRECTION('',(-1.,0.,0.));
#11308=DIRECTION('',(0.,-1.,0.));
#11309=DIRECTION('',(-1.,0.,0.));
#11310=DIRECTION('',(-1.,0.,0.));
#11311=DIRECTION('',(0.,0.,1.));
#11312=DIRECTION('',(0.,0.,-1.));
#11313=DIRECTION('',(0.,-1.,0.));
#11314=DIRECTION('',(0.,0.,-1.));
#11315=DIRECTION('',(1.,0.,0.));
#11316=DIRECTION('',(0.,0.,-1.));
#11317=DIRECTION('',(0.,0.,1.));
#11318=DIRECTION('',(0.,-1.,0.));
#11319=DIRECTION('',(0.,0.,1.));
#11320=DIRECTION('',(0.,-1.,0.));
#11321=DIRECTION('',(0.,0.,1.));
#11322=DIRECTION('',(1.,0.,0.));
#11323=DIRECTION('',(-1.,0.,0.));
#11324=DIRECTION('',(0.,-1.,0.));
#11325=DIRECTION('',(-1.,0.,0.));
#11326=DIRECTION('',(-1.,0.,0.));
#11327=DIRECTION('',(0.,0.,1.));
#11328=DIRECTION('',(0.,0.,-1.));
#11329=DIRECTION('',(0.,-1.,0.));
#11330=DIRECTION('',(0.,0.,-1.));
#11331=DIRECTION('',(1.,0.,0.));
#11332=DIRECTION('',(0.,0.,-1.));
#11333=DIRECTION('',(0.,0.,1.));
#11334=DIRECTION('',(0.,-1.,0.));
#11335=DIRECTION('',(0.,0.,1.));
#11336=DIRECTION('',(0.,-1.,0.));
#11337=DIRECTION('',(0.,0.,1.));
#11338=DIRECTION('',(1.,0.,0.));
#11339=DIRECTION('',(-1.,0.,0.));
#11340=DIRECTION('',(0.,-1.,0.));
#11341=DIRECTION('',(-1.,0.,0.));
#11342=DIRECTION('',(-1.,0.,0.));
#11343=DIRECTION('',(0.,0.,1.));
#11344=DIRECTION('',(0.,0.,-1.));
#11345=DIRECTION('',(0.,-1.,0.));
#11346=DIRECTION('',(0.,0.,-1.));
#11347=DIRECTION('',(1.,0.,0.));
#11348=DIRECTION('',(0.,0.,-1.));
#11349=DIRECTION('',(0.,0.,1.));
#11350=DIRECTION('',(0.,-1.,0.));
#11351=DIRECTION('',(0.,0.,1.));
#11352=DIRECTION('',(0.,-1.,0.));
#11353=DIRECTION('',(0.,0.,1.));
#11354=DIRECTION('',(1.,0.,0.));
#11355=DIRECTION('',(-1.,0.,0.));
#11356=DIRECTION('',(0.,-1.,0.));
#11357=DIRECTION('',(-1.,0.,0.));
#11358=DIRECTION('',(-1.,0.,0.));
#11359=DIRECTION('',(0.,0.,1.));
#11360=DIRECTION('',(0.,0.,-1.));
#11361=DIRECTION('',(0.,-1.,0.));
#11362=DIRECTION('',(0.,0.,-1.));
#11363=DIRECTION('',(1.,0.,0.));
#11364=DIRECTION('',(0.,0.,-1.));
#11365=DIRECTION('',(0.,0.,1.));
#11366=DIRECTION('',(0.,-1.,0.));
#11367=DIRECTION('',(0.,0.,1.));
#11368=DIRECTION('',(0.,-1.,0.));
#11369=DIRECTION('',(0.,0.,1.));
#11370=DIRECTION('',(1.,0.,0.));
#11371=DIRECTION('',(-1.,0.,0.));
#11372=DIRECTION('',(0.,-1.,0.));
#11373=DIRECTION('',(-1.,0.,0.));
#11374=DIRECTION('',(-1.,0.,0.));
#11375=DIRECTION('',(0.,0.,1.));
#11376=DIRECTION('',(0.,0.,-1.));
#11377=DIRECTION('',(0.,-1.,0.));
#11378=DIRECTION('',(0.,0.,-1.));
#11379=DIRECTION('',(1.,0.,0.));
#11380=DIRECTION('',(0.,0.,-1.));
#11381=DIRECTION('',(0.,0.,1.));
#11382=DIRECTION('',(0.,-1.,0.));
#11383=DIRECTION('',(0.,0.,1.));
#11384=DIRECTION('',(0.,-1.,0.));
#11385=DIRECTION('',(0.,0.,1.));
#11386=DIRECTION('',(1.,0.,0.));
#11387=DIRECTION('',(-1.,0.,0.));
#11388=DIRECTION('',(0.,-1.,0.));
#11389=DIRECTION('',(-1.,0.,0.));
#11390=DIRECTION('',(-1.,0.,0.));
#11391=DIRECTION('',(0.,0.,1.));
#11392=DIRECTION('',(0.,0.,-1.));
#11393=DIRECTION('',(0.,-1.,0.));
#11394=DIRECTION('',(0.,0.,-1.));
#11395=DIRECTION('',(1.,0.,0.));
#11396=DIRECTION('',(0.,0.,-1.));
#11397=DIRECTION('',(0.,0.,1.));
#11398=DIRECTION('',(0.,-1.,0.));
#11399=DIRECTION('',(0.,0.,1.));
#11400=DIRECTION('',(0.,-1.,0.));
#11401=DIRECTION('',(0.,0.,1.));
#11402=DIRECTION('',(1.,0.,0.));
#11403=DIRECTION('',(-1.,0.,0.));
#11404=DIRECTION('',(0.,-1.,0.));
#11405=DIRECTION('',(-1.,0.,0.));
#11406=DIRECTION('',(-1.,0.,0.));
#11407=DIRECTION('',(0.,0.,1.));
#11408=DIRECTION('',(0.,0.,-1.));
#11409=DIRECTION('',(0.,-1.,0.));
#11410=DIRECTION('',(0.,0.,-1.));
#11411=DIRECTION('',(1.,0.,0.));
#11412=DIRECTION('',(0.,0.,-1.));
#11413=DIRECTION('',(0.,0.,1.));
#11414=DIRECTION('',(0.,-1.,0.));
#11415=DIRECTION('',(0.,0.,1.));
#11416=DIRECTION('',(0.,-1.,0.));
#11417=DIRECTION('',(0.,0.,1.));
#11418=DIRECTION('',(1.,0.,0.));
#11419=DIRECTION('',(-1.,0.,0.));
#11420=DIRECTION('',(0.,-1.,0.));
#11421=DIRECTION('',(-1.,0.,0.));
#11422=DIRECTION('',(-1.,0.,0.));
#11423=DIRECTION('',(0.,0.,1.));
#11424=DIRECTION('',(0.,0.,-1.));
#11425=DIRECTION('',(0.,-1.,0.));
#11426=DIRECTION('',(0.,0.,-1.));
#11427=DIRECTION('',(0.,0.,-1.));
#11428=DIRECTION('',(-1.,0.,0.));
#11429=DIRECTION('',(1.,0.,0.));
#11430=DIRECTION('',(1.,0.,0.));
#11431=DIRECTION('',(0.,0.,-1.));
#11432=DIRECTION('',(-1.,0.,0.));
#11433=DIRECTION('',(1.,0.,0.));
#11434=DIRECTION('',(1.,0.,0.));
#11435=DIRECTION('',(0.,0.,-1.));
#11436=DIRECTION('',(-1.,0.,0.));
#11437=DIRECTION('',(1.,0.,0.));
#11438=DIRECTION('',(1.,0.,0.));
#11439=DIRECTION('',(0.,0.,-1.));
#11440=DIRECTION('',(-1.,0.,0.));
#11441=DIRECTION('',(1.,0.,0.));
#11442=DIRECTION('',(1.,0.,0.));
#11443=DIRECTION('',(0.,0.,-1.));
#11444=DIRECTION('',(-1.,0.,0.));
#11445=DIRECTION('',(1.,0.,0.));
#11446=DIRECTION('',(1.,0.,0.));
#11447=DIRECTION('',(0.,0.,-1.));
#11448=DIRECTION('',(-1.,0.,0.));
#11449=DIRECTION('',(1.,0.,0.));
#11450=DIRECTION('',(1.,0.,0.));
#11451=DIRECTION('',(0.,0.,-1.));
#11452=DIRECTION('',(-1.,0.,0.));
#11453=DIRECTION('',(1.,0.,0.));
#11454=DIRECTION('',(1.,0.,0.));
#11455=DIRECTION('',(0.,0.,-1.));
#11456=DIRECTION('',(-1.,0.,0.));
#11457=DIRECTION('',(1.,0.,0.));
#11458=DIRECTION('',(1.,0.,0.));
#11459=DIRECTION('',(0.,0.,-1.));
#11460=DIRECTION('',(-1.,0.,0.));
#11461=DIRECTION('',(1.,0.,0.));
#11462=DIRECTION('',(1.,0.,0.));
#11463=DIRECTION('',(0.,0.,-1.));
#11464=DIRECTION('',(-1.,0.,0.));
#11465=DIRECTION('',(1.,0.,0.));
#11466=DIRECTION('',(1.,0.,0.));
#11467=DIRECTION('',(0.,0.,-1.));
#11468=DIRECTION('',(-1.,0.,0.));
#11469=DIRECTION('',(1.,0.,0.));
#11470=DIRECTION('',(1.,0.,0.));
#11471=DIRECTION('',(0.,0.,-1.));
#11472=DIRECTION('',(-1.,0.,0.));
#11473=DIRECTION('',(1.,0.,0.));
#11474=DIRECTION('',(1.,0.,0.));
#11475=DIRECTION('',(0.,0.,-1.));
#11476=DIRECTION('',(-1.,0.,0.));
#11477=DIRECTION('',(1.,0.,0.));
#11478=DIRECTION('',(1.,0.,0.));
#11479=DIRECTION('',(0.,0.,-1.));
#11480=DIRECTION('',(-1.,0.,0.));
#11481=DIRECTION('',(1.,0.,0.));
#11482=DIRECTION('',(1.,0.,0.));
#11483=DIRECTION('',(0.,0.,-1.));
#11484=DIRECTION('',(-1.,0.,0.));
#11485=DIRECTION('',(1.,0.,0.));
#11486=DIRECTION('',(1.,0.,0.));
#11487=DIRECTION('',(0.,0.,-1.));
#11488=DIRECTION('',(-1.,0.,0.));
#11489=DIRECTION('',(1.,0.,0.));
#11490=DIRECTION('',(1.,0.,0.));
#11491=DIRECTION('',(0.,0.,1.));
#11492=DIRECTION('',(1.,0.,0.));
#11493=DIRECTION('',(-1.,0.,0.));
#11494=DIRECTION('',(0.,-1.,0.));
#11495=DIRECTION('',(-1.,0.,0.));
#11496=DIRECTION('',(0.,1.,0.));
#11497=DIRECTION('',(0.,0.,1.));
#11498=DIRECTION('',(0.,0.,-1.));
#11499=DIRECTION('',(0.,0.,-1.));
#11500=DIRECTION('',(1.,0.,0.));
#11501=DIRECTION('',(0.,1.,0.));
#11502=DIRECTION('',(0.,0.,1.));
#11503=DIRECTION('',(-3.0818660178525E-14,0.,1.));
#11504=DIRECTION('',(0.,0.,-1.));
#11505=DIRECTION('',(0.,0.,-1.));
#11506=DIRECTION('',(1.,0.,0.));
#11507=DIRECTION('',(-3.0818660178525E-14,0.,1.));
#11508=DIRECTION('',(0.,0.,-1.));
#11509=DIRECTION('',(-1.,0.,0.));
#11510=DIRECTION('',(-1.,0.,0.));
#11511=DIRECTION('',(-1.,0.,0.));
#11512=DIRECTION('',(0.,-1.,0.));
#11513=DIRECTION('',(0.,0.,-1.));
#11514=DIRECTION('',(1.,0.,0.));
#11515=DIRECTION('',(0.,1.,0.));
#11516=DIRECTION('',(0.,0.,1.));
#11517=DIRECTION('',(-1.,0.,0.));
#11518=DIRECTION('',(0.,-1.,0.));
#11519=DIRECTION('',(0.,0.,-1.));
#11520=DIRECTION('',(-1.,0.,0.));
#11521=DIRECTION('',(-1.,0.,0.));
#11522=DIRECTION('',(0.,0.,1.));
#11523=DIRECTION('',(1.,0.,0.));
#11524=DIRECTION('',(-1.,0.,0.));
#11525=DIRECTION('',(0.,1.,0.));
#11526=DIRECTION('',(0.,0.,1.));
#11527=DIRECTION('',(1.,0.,0.));
#11528=DIRECTION('',(0.,-1.,0.));
#11529=DIRECTION('',(0.,0.,-1.));
#11530=DIRECTION('',(0.,-1.,0.));
#11531=DIRECTION('',(0.,0.,-1.));
#11532=DIRECTION('',(0.,-1.,0.));
#11533=DIRECTION('',(0.,0.,-1.));
#11534=DIRECTION('',(0.,-1.,0.));
#11535=DIRECTION('',(0.,0.,-1.));
#11536=DIRECTION('',(0.,-1.,0.));
#11537=DIRECTION('',(0.,0.,-1.));
#11538=DIRECTION('',(0.,-1.,0.));
#11539=DIRECTION('',(0.,0.,-1.));
#11540=DIRECTION('',(0.,-1.,0.));
#11541=DIRECTION('',(0.,0.,-1.));
#11542=DIRECTION('',(0.,-1.,0.));
#11543=DIRECTION('',(0.,0.,-1.));
#11544=DIRECTION('',(1.,0.,3.0818660178525E-14));
#11545=DIRECTION('',(3.0818660178525E-14,0.,-1.));
#11546=DIRECTION('',(0.,-1.,0.));
#11547=DIRECTION('',(-1.,0.,0.));
#11548=DIRECTION('',(0.,0.,1.));
#11549=DIRECTION('',(0.,-1.,0.));
#11550=DIRECTION('',(-1.,0.,0.));
#11551=DIRECTION('',(0.,0.,1.));
#11552=DIRECTION('',(0.,-1.,0.));
#11553=DIRECTION('',(0.,-1.,0.));
#11554=DIRECTION('',(0.,0.,-1.));
#11555=DIRECTION('',(0.,-1.,0.));
#11556=DIRECTION('',(1.,0.,3.0818660178525E-14));
#11557=DIRECTION('',(3.0818660178525E-14,0.,-1.));
#11558=DIRECTION('',(0.,-1.,0.));
#11559=DIRECTION('',(0.,0.,1.));
#11560=DIRECTION('',(0.,-1.,0.));
#11561=DIRECTION('',(0.,-1.,0.));
#11562=DIRECTION('',(0.,0.,-1.));
#11563=DIRECTION('',(-1.,0.,0.));
#11564=DIRECTION('',(1.,0.,0.));
#11565=DIRECTION('',(0.,0.,1.));
#11566=DIRECTION('',(1.,0.,0.));
#11567=DIRECTION('',(0.,0.,1.));
#11568=DIRECTION('',(1.,0.,0.));
#11569=DIRECTION('',(-1.,0.,0.));
#11570=DIRECTION('',(0.,-1.,0.));
#11571=DIRECTION('',(0.,0.,-1.));
#11572=DIRECTION('',(0.,0.,-1.));
#11573=DIRECTION('',(-1.,0.,0.));
#11574=DIRECTION('',(0.894427190999916,0.447213595499958,0.));
#11575=DIRECTION('',(-0.447213595499958,0.894427190999916,0.));
#11576=DIRECTION('',(0.,0.,-1.));
#11577=DIRECTION('',(1.,0.,0.));
#11578=DIRECTION('',(0.,0.,-1.));
#11579=DIRECTION('',(-1.,0.,0.));
#11580=DIRECTION('',(0.,0.,1.));
#11581=DIRECTION('',(0.,0.,-1.));
#11582=DIRECTION('',(-0.894427190999916,0.447213595499958,0.));
#11583=DIRECTION('',(-0.447213595499958,-0.894427190999916,0.));
#11584=DIRECTION('',(0.,0.,1.));
#11585=DIRECTION('',(1.,0.,0.));
#11586=DIRECTION('',(0.,0.,-1.));
#11587=DIRECTION('',(-1.,0.,0.));
#11588=DIRECTION('',(0.,1.,0.));
#11589=DIRECTION('',(-1.,0.,0.));
#11590=DIRECTION('',(0.,-1.,0.));
#11591=DIRECTION('',(-1.,0.,0.));
#11592=DIRECTION('',(0.,0.,-1.));
#11593=DIRECTION('',(-1.,0.,0.));
#11594=DIRECTION('',(0.,-1.,0.));
#11595=DIRECTION('',(-1.,0.,0.));
#11596=DIRECTION('',(0.,1.,0.));
#11597=DIRECTION('',(-1.,0.,0.));
#11598=DIRECTION('',(0.,0.,-1.));
#11599=DIRECTION('',(-1.,0.,0.));
#11600=DIRECTION('',(0.,-1.,0.));
#11601=DIRECTION('',(-1.,0.,0.));
#11602=DIRECTION('',(0.,1.,0.));
#11603=DIRECTION('',(-1.,0.,0.));
#11604=DIRECTION('',(0.,0.,-1.));
#11605=DIRECTION('',(-1.,0.,0.));
#11606=DIRECTION('',(0.,-1.,0.));
#11607=DIRECTION('',(-1.,0.,0.));
#11608=DIRECTION('',(0.,1.,0.));
#11609=DIRECTION('',(-1.,0.,0.));
#11610=DIRECTION('',(0.,0.,-1.));
#11611=DIRECTION('',(-1.,0.,0.));
#11612=DIRECTION('',(0.,-1.,0.));
#11613=DIRECTION('',(-1.,0.,0.));
#11614=DIRECTION('',(0.,1.,0.));
#11615=DIRECTION('',(-1.,0.,0.));
#11616=DIRECTION('',(0.,0.,-1.));
#11617=DIRECTION('',(-1.,0.,0.));
#11618=DIRECTION('',(0.,-1.,0.));
#11619=DIRECTION('',(-1.,0.,0.));
#11620=DIRECTION('',(0.,1.,0.));
#11621=DIRECTION('',(-1.,0.,0.));
#11622=DIRECTION('',(0.,0.,-1.));
#11623=DIRECTION('',(-1.,0.,0.));
#11624=DIRECTION('',(0.,-1.,0.));
#11625=DIRECTION('',(-1.,0.,0.));
#11626=DIRECTION('',(0.,1.,0.));
#11627=DIRECTION('',(-1.,0.,0.));
#11628=DIRECTION('',(0.,0.,-1.));
#11629=DIRECTION('',(-1.,0.,0.));
#11630=DIRECTION('',(0.,-1.,0.));
#11631=DIRECTION('',(-1.,0.,0.));
#11632=DIRECTION('',(0.,1.,0.));
#11633=DIRECTION('',(-1.,0.,0.));
#11634=DIRECTION('',(0.,0.,-1.));
#11635=DIRECTION('',(-1.,0.,0.));
#11636=DIRECTION('',(0.,-1.,0.));
#11637=DIRECTION('',(-1.,0.,0.));
#11638=DIRECTION('',(0.,1.,0.));
#11639=DIRECTION('',(-1.,0.,0.));
#11640=DIRECTION('',(0.,0.,-1.));
#11641=DIRECTION('',(-1.,0.,0.));
#11642=DIRECTION('',(0.,-1.,0.));
#11643=DIRECTION('',(-1.,0.,0.));
#11644=DIRECTION('',(0.,1.,0.));
#11645=DIRECTION('',(-1.,0.,0.));
#11646=DIRECTION('',(0.,0.,-1.));
#11647=DIRECTION('',(-1.,0.,0.));
#11648=DIRECTION('',(0.,-1.,0.));
#11649=DIRECTION('',(-1.,0.,0.));
#11650=DIRECTION('',(0.,1.,0.));
#11651=DIRECTION('',(-1.,0.,0.));
#11652=DIRECTION('',(0.,0.,1.));
#11653=DIRECTION('',(1.,0.,0.));
#11654=DIRECTION('',(0.,-1.,0.));
#11655=DIRECTION('',(-1.,0.,0.));
#11656=DIRECTION('',(0.,1.,0.));
#11657=DIRECTION('',(-1.,0.,0.));
#11658=DIRECTION('',(0.,0.,1.));
#11659=DIRECTION('',(1.,0.,0.));
#11660=DIRECTION('',(0.,1.,0.));
#11661=DIRECTION('',(-1.,0.,0.));
#11662=DIRECTION('',(0.,-1.,0.));
#11663=DIRECTION('',(-1.,0.,0.));
#11664=DIRECTION('',(0.,0.,1.));
#11665=DIRECTION('',(1.,0.,0.));
#11666=DIRECTION('',(0.,1.,0.));
#11667=DIRECTION('',(-1.,0.,0.));
#11668=DIRECTION('',(0.,-1.,0.));
#11669=DIRECTION('',(-1.,0.,0.));
#11670=DIRECTION('',(0.,0.,1.));
#11671=DIRECTION('',(1.,0.,0.));
#11672=DIRECTION('',(0.,1.,0.));
#11673=DIRECTION('',(-1.,0.,0.));
#11674=DIRECTION('',(0.,-1.,0.));
#11675=DIRECTION('',(-1.,0.,0.));
#11676=DIRECTION('',(0.,0.,1.));
#11677=DIRECTION('',(1.,0.,0.));
#11678=DIRECTION('',(0.,1.,0.));
#11679=DIRECTION('',(-1.,0.,0.));
#11680=DIRECTION('',(0.,-1.,0.));
#11681=DIRECTION('',(-1.,0.,0.));
#11682=DIRECTION('',(0.,0.,1.));
#11683=DIRECTION('',(1.,0.,0.));
#11684=DIRECTION('',(0.,1.,0.));
#11685=DIRECTION('',(-1.,0.,0.));
#11686=DIRECTION('',(0.,-1.,0.));
#11687=DIRECTION('',(-1.,0.,0.));
#11688=DIRECTION('',(0.,0.,1.));
#11689=DIRECTION('',(1.,0.,0.));
#11690=DIRECTION('',(0.,1.,0.));
#11691=DIRECTION('',(-1.,0.,0.));
#11692=DIRECTION('',(0.,-1.,0.));
#11693=DIRECTION('',(-1.,0.,0.));
#11694=DIRECTION('',(0.,0.,1.));
#11695=DIRECTION('',(1.,0.,0.));
#11696=DIRECTION('',(0.,1.,0.));
#11697=DIRECTION('',(-1.,0.,0.));
#11698=DIRECTION('',(0.,-1.,0.));
#11699=DIRECTION('',(-1.,0.,0.));
#11700=DIRECTION('',(0.,0.,1.));
#11701=DIRECTION('',(1.,0.,0.));
#11702=DIRECTION('',(0.,1.,0.));
#11703=DIRECTION('',(-1.,0.,0.));
#11704=DIRECTION('',(0.,-1.,0.));
#11705=DIRECTION('',(-1.,0.,0.));
#11706=DIRECTION('',(0.,0.,1.));
#11707=DIRECTION('',(1.,0.,0.));
#11708=DIRECTION('',(0.,1.,0.));
#11709=DIRECTION('',(-1.,0.,0.));
#11710=DIRECTION('',(0.,-1.,0.));
#11711=DIRECTION('',(-1.,0.,0.));
#11712=DIRECTION('',(0.,0.,1.));
#11713=DIRECTION('',(1.,0.,0.));
#11714=DIRECTION('',(0.,1.,0.));
#11715=DIRECTION('',(-1.,0.,0.));
#11716=DIRECTION('',(0.,-1.,0.));
#11717=DIRECTION('',(-1.,0.,0.));
#11718=DIRECTION('',(0.,0.499999999999953,0.866025403784466));
#11719=DIRECTION('',(0.,-0.866025403784466,0.499999999999953));
#11720=DIRECTION('',(0.447213595500202,0.774596669241402,-0.447213595499855));
#11721=DIRECTION('',(0.4472135955002,-0.774596669241403,0.447213595499856));
#11722=DIRECTION('',(-1.,0.,0.));
#11723=DIRECTION('',(0.,0.499999999999953,0.866025403784466));
#11724=DIRECTION('',(0.,-0.866025403784466,0.499999999999953));
#11725=DIRECTION('',(0.4472135955002,0.774596669241403,-0.447213595499856));
#11726=DIRECTION('',(0.447213595500197,-0.774596669241404,0.447213595499856));
#11727=DIRECTION('',(-1.,0.,0.));
#11728=DIRECTION('',(0.,0.499999999999953,0.866025403784466));
#11729=DIRECTION('',(0.,-0.866025403784466,0.499999999999953));
#11730=DIRECTION('',(0.4472135955002,0.774596669241403,-0.447213595499856));
#11731=DIRECTION('',(0.447213595500197,-0.774596669241404,0.447213595499856));
#11732=DIRECTION('',(-1.,0.,0.));
#11733=DIRECTION('',(0.,0.499999999999953,0.866025403784466));
#11734=DIRECTION('',(0.,-0.866025403784466,0.499999999999953));
#11735=DIRECTION('',(0.447213595500197,0.774596669241404,-0.447213595499856));
#11736=DIRECTION('',(0.4472135955002,-0.774596669241403,0.447213595499856));
#11737=DIRECTION('',(-1.,0.,0.));
#11738=DIRECTION('',(0.,0.499999999999953,0.866025403784466));
#11739=DIRECTION('',(0.,-0.866025403784466,0.499999999999953));
#11740=DIRECTION('',(0.447213595500199,0.774596669241403,-0.447213595499856));
#11741=DIRECTION('',(0.447213595500199,-0.774596669241403,0.447213595499856));
#11742=DIRECTION('',(-1.,0.,0.));
#11743=DIRECTION('',(0.,0.499999999999953,0.866025403784466));
#11744=DIRECTION('',(0.,-0.866025403784466,0.499999999999953));
#11745=DIRECTION('',(0.447213595500199,0.774596669241403,-0.447213595499856));
#11746=DIRECTION('',(0.447213595500199,-0.774596669241403,0.447213595499856));
#11747=DIRECTION('',(-1.,0.,0.));
#11748=DIRECTION('',(0.,0.499999999999953,0.866025403784466));
#11749=DIRECTION('',(0.,-0.866025403784466,0.499999999999953));
#11750=DIRECTION('',(0.447213595500199,0.774596669241403,-0.447213595499856));
#11751=DIRECTION('',(0.4472135955002,-0.774596669241403,0.447213595499856));
#11752=DIRECTION('',(-1.,0.,0.));
#11753=DIRECTION('',(0.,0.499999999999953,0.866025403784466));
#11754=DIRECTION('',(0.,-0.866025403784466,0.499999999999953));
#11755=DIRECTION('',(0.447213595500199,0.774596669241403,-0.447213595499856));
#11756=DIRECTION('',(0.4472135955002,-0.774596669241403,0.447213595499856));
#11757=DIRECTION('',(-1.,0.,0.));
#11758=DIRECTION('',(0.,0.499999999999953,0.866025403784466));
#11759=DIRECTION('',(0.,-0.866025403784466,0.499999999999953));
#11760=DIRECTION('',(0.4472135955002,0.774596669241403,-0.447213595499856));
#11761=DIRECTION('',(0.447213595500197,-0.774596669241404,0.447213595499856));
#11762=DIRECTION('',(-1.,0.,0.));
#11763=DIRECTION('',(0.,0.499999999999953,0.866025403784466));
#11764=DIRECTION('',(0.,-0.866025403784466,0.499999999999953));
#11765=DIRECTION('',(0.4472135955002,0.774596669241403,-0.447213595499856));
#11766=DIRECTION('',(0.4472135955002,-0.774596669241403,0.447213595499856));
#11767=DIRECTION('',(-1.,0.,0.));
#11768=DIRECTION('',(0.,0.499999999999953,0.866025403784466));
#11769=DIRECTION('',(0.,-0.866025403784466,0.499999999999953));
#11770=DIRECTION('',(0.447213595500197,0.774596669241404,-0.447213595499856));
#11771=DIRECTION('',(0.4472135955002,-0.774596669241403,0.447213595499856));
#11772=DIRECTION('',(-1.,0.,0.));
#11773=DIRECTION('',(0.,1.,0.));
#11774=DIRECTION('',(0.,0.,1.));
#11775=DIRECTION('',(0.,0.,-1.));
#11776=DIRECTION('',(0.,0.,-1.));
#11777=DIRECTION('',(-1.,0.,0.));
#11778=DIRECTION('',(0.,1.,0.));
#11779=DIRECTION('',(0.,0.,1.));
#11780=DIRECTION('',(0.,0.,-1.));
#11781=DIRECTION('',(0.,0.,-1.));
#11782=DIRECTION('',(-1.,0.,0.));
#11783=DIRECTION('',(0.,1.,0.));
#11784=DIRECTION('',(0.,0.,1.));
#11785=DIRECTION('',(0.,0.,-1.));
#11786=DIRECTION('',(0.,0.,-1.));
#11787=DIRECTION('',(-1.,0.,0.));
#11788=DIRECTION('',(0.,1.,0.));
#11789=DIRECTION('',(0.,0.,1.));
#11790=DIRECTION('',(0.,0.,-1.));
#11791=DIRECTION('',(0.,0.,-1.));
#11792=DIRECTION('',(-1.,0.,0.));
#11793=DIRECTION('',(0.,1.,0.));
#11794=DIRECTION('',(0.,0.,1.));
#11795=DIRECTION('',(0.,0.,-1.));
#11796=DIRECTION('',(0.,0.,-1.));
#11797=DIRECTION('',(-1.,0.,0.));
#11798=DIRECTION('',(0.,1.,0.));
#11799=DIRECTION('',(0.,0.,1.));
#11800=DIRECTION('',(0.,0.,-1.));
#11801=DIRECTION('',(0.,0.,-1.));
#11802=DIRECTION('',(-1.,0.,0.));
#11803=DIRECTION('',(0.,1.,0.));
#11804=DIRECTION('',(0.,0.,1.));
#11805=DIRECTION('',(0.,0.,-1.));
#11806=DIRECTION('',(0.,0.,-1.));
#11807=DIRECTION('',(-1.,0.,0.));
#11808=DIRECTION('',(0.,1.,0.));
#11809=DIRECTION('',(0.,0.,1.));
#11810=DIRECTION('',(0.,0.,-1.));
#11811=DIRECTION('',(0.,0.,-1.));
#11812=DIRECTION('',(-1.,0.,0.));
#11813=DIRECTION('',(0.,1.,0.));
#11814=DIRECTION('',(0.,0.,1.));
#11815=DIRECTION('',(0.,0.,-1.));
#11816=DIRECTION('',(0.,0.,-1.));
#11817=DIRECTION('',(-1.,0.,0.));
#11818=DIRECTION('',(0.,1.,0.));
#11819=DIRECTION('',(0.,0.,1.));
#11820=DIRECTION('',(0.,0.,-1.));
#11821=DIRECTION('',(0.,0.,-1.));
#11822=DIRECTION('',(-1.,0.,0.));
#11823=DIRECTION('',(0.,1.,0.));
#11824=DIRECTION('',(0.,0.,1.));
#11825=DIRECTION('',(0.,0.,-1.));
#11826=DIRECTION('',(0.,0.,-1.));
#11827=DIRECTION('',(-1.,0.,0.));
#11828=DIRECTION('',(0.,0.500000000000025,-0.866025403784424));
#11829=DIRECTION('',(0.,0.866025403784424,0.500000000000025));
#11830=DIRECTION('',(-0.447213595500185,-0.774596669241372,-0.447213595499924));
#11831=DIRECTION('',(-0.447213595500183,0.774596669241373,0.447213595499924));
#11832=DIRECTION('',(-1.,0.,0.));
#11833=DIRECTION('',(0.,0.500000000000025,-0.866025403784424));
#11834=DIRECTION('',(0.,0.866025403784424,0.500000000000025));
#11835=DIRECTION('',(-0.447213595500183,-0.774596669241373,-0.447213595499924));
#11836=DIRECTION('',(-0.44721359550018,0.774596669241374,0.447213595499925));
#11837=DIRECTION('',(-1.,0.,0.));
#11838=DIRECTION('',(0.,0.500000000000025,-0.866025403784424));
#11839=DIRECTION('',(0.,0.866025403784424,0.500000000000025));
#11840=DIRECTION('',(-0.447213595500183,-0.774596669241373,-0.447213595499924));
#11841=DIRECTION('',(-0.44721359550018,0.774596669241374,0.447213595499925));
#11842=DIRECTION('',(-1.,0.,0.));
#11843=DIRECTION('',(0.,0.500000000000025,-0.866025403784424));
#11844=DIRECTION('',(0.,0.866025403784424,0.500000000000025));
#11845=DIRECTION('',(-0.44721359550018,-0.774596669241374,-0.447213595499925));
#11846=DIRECTION('',(-0.447213595500183,0.774596669241373,0.447213595499924));
#11847=DIRECTION('',(-1.,0.,0.));
#11848=DIRECTION('',(0.,0.500000000000025,-0.866025403784424));
#11849=DIRECTION('',(0.,0.866025403784424,0.500000000000025));
#11850=DIRECTION('',(-0.447213595500181,-0.774596669241374,-0.447213595499925));
#11851=DIRECTION('',(-0.447213595500182,0.774596669241373,0.447213595499924));
#11852=DIRECTION('',(-1.,0.,0.));
#11853=DIRECTION('',(0.,0.500000000000025,-0.866025403784424));
#11854=DIRECTION('',(0.,0.866025403784424,0.500000000000025));
#11855=DIRECTION('',(-0.447213595500182,-0.774596669241373,-0.447213595499924));
#11856=DIRECTION('',(-0.447213595500182,0.774596669241373,0.447213595499924));
#11857=DIRECTION('',(-1.,0.,0.));
#11858=DIRECTION('',(0.,0.500000000000025,-0.866025403784424));
#11859=DIRECTION('',(0.,0.866025403784424,0.500000000000025));
#11860=DIRECTION('',(-0.447213595500182,-0.774596669241373,-0.447213595499924));
#11861=DIRECTION('',(-0.447213595500183,0.774596669241373,0.447213595499924));
#11862=DIRECTION('',(-1.,0.,0.));
#11863=DIRECTION('',(0.,0.500000000000025,-0.866025403784424));
#11864=DIRECTION('',(0.,0.866025403784424,0.500000000000025));
#11865=DIRECTION('',(-0.447213595500181,-0.774596669241374,-0.447213595499925));
#11866=DIRECTION('',(-0.447213595500183,0.774596669241373,0.447213595499924));
#11867=DIRECTION('',(-1.,0.,0.));
#11868=DIRECTION('',(0.,0.500000000000025,-0.866025403784424));
#11869=DIRECTION('',(0.,0.866025403784424,0.500000000000025));
#11870=DIRECTION('',(-0.447213595500183,-0.774596669241373,-0.447213595499924));
#11871=DIRECTION('',(-0.44721359550018,0.774596669241374,0.447213595499925));
#11872=DIRECTION('',(-1.,0.,0.));
#11873=DIRECTION('',(0.,0.500000000000025,-0.866025403784424));
#11874=DIRECTION('',(0.,0.866025403784424,0.500000000000025));
#11875=DIRECTION('',(-0.447213595500183,-0.774596669241373,-0.447213595499924));
#11876=DIRECTION('',(-0.447213595500183,0.774596669241373,0.447213595499924));
#11877=DIRECTION('',(-1.,0.,0.));
#11878=DIRECTION('',(0.,0.500000000000025,-0.866025403784424));
#11879=DIRECTION('',(0.,0.866025403784424,0.500000000000025));
#11880=DIRECTION('',(-0.44721359550018,-0.774596669241374,-0.447213595499925));
#11881=DIRECTION('',(-0.447213595500183,0.774596669241373,0.447213595499924));
#11882=DIRECTION('',(-1.,0.,0.));
#11883=DIRECTION('',(0.,0.,-1.));
#11884=DIRECTION('',(-1.,0.,0.));
#11885=DIRECTION('',(0.,1.,0.));
#11886=DIRECTION('',(-1.,0.,0.));
#11887=DIRECTION('',(0.,-1.,0.));
#11888=DIRECTION('',(0.,0.,-1.));
#11889=DIRECTION('',(-1.,0.,0.));
#11890=DIRECTION('',(0.,-1.,0.));
#11891=DIRECTION('',(0.,1.,0.));
#11892=DIRECTION('',(-1.,0.,0.));
#11893=DIRECTION('',(0.,0.,-1.));
#11894=DIRECTION('',(-1.,0.,0.));
#11895=DIRECTION('',(0.,-1.,0.));
#11896=DIRECTION('',(0.,1.,0.));
#11897=DIRECTION('',(-1.,0.,0.));
#11898=DIRECTION('',(0.,0.,-1.));
#11899=DIRECTION('',(-1.,0.,0.));
#11900=DIRECTION('',(0.,-1.,0.));
#11901=DIRECTION('',(0.,1.,0.));
#11902=DIRECTION('',(-1.,0.,0.));
#11903=DIRECTION('',(0.,0.,-1.));
#11904=DIRECTION('',(-1.,0.,0.));
#11905=DIRECTION('',(0.,-1.,0.));
#11906=DIRECTION('',(0.,1.,0.));
#11907=DIRECTION('',(-1.,0.,0.));
#11908=DIRECTION('',(0.,0.,-1.));
#11909=DIRECTION('',(-1.,0.,0.));
#11910=DIRECTION('',(0.,-1.,0.));
#11911=DIRECTION('',(0.,1.,0.));
#11912=DIRECTION('',(-1.,0.,0.));
#11913=DIRECTION('',(0.,0.,-1.));
#11914=DIRECTION('',(-1.,0.,0.));
#11915=DIRECTION('',(0.,-1.,0.));
#11916=DIRECTION('',(0.,1.,0.));
#11917=DIRECTION('',(-1.,0.,0.));
#11918=DIRECTION('',(0.,0.,-1.));
#11919=DIRECTION('',(-1.,0.,0.));
#11920=DIRECTION('',(0.,-1.,0.));
#11921=DIRECTION('',(0.,1.,0.));
#11922=DIRECTION('',(-1.,0.,0.));
#11923=DIRECTION('',(0.,0.,-1.));
#11924=DIRECTION('',(-1.,0.,0.));
#11925=DIRECTION('',(0.,-1.,0.));
#11926=DIRECTION('',(0.,1.,0.));
#11927=DIRECTION('',(-1.,0.,0.));
#11928=DIRECTION('',(0.,0.,-1.));
#11929=DIRECTION('',(-1.,0.,0.));
#11930=DIRECTION('',(0.,-1.,0.));
#11931=DIRECTION('',(0.,1.,0.));
#11932=DIRECTION('',(-1.,0.,0.));
#11933=DIRECTION('',(0.,0.,-1.));
#11934=DIRECTION('',(-1.,0.,0.));
#11935=DIRECTION('',(0.,-1.,0.));
#11936=DIRECTION('',(0.,1.,0.));
#11937=DIRECTION('',(-1.,0.,0.));
#11938=DIRECTION('',(0.,-1.76384813640513E-17,1.));
#11939=DIRECTION('',(0.,-1.,-1.76384813640513E-17));
#11940=DIRECTION('',(0.,-1.,-1.76384813640513E-17));
#11941=DIRECTION('',(-1.,0.,0.));
#11942=DIRECTION('',(0.,1.,1.76384813640513E-17));
#11943=DIRECTION('',(-1.,0.,0.));
#11944=DIRECTION('',(0.,-1.76384813640513E-17,1.));
#11945=DIRECTION('',(0.,-1.,-1.76384813640513E-17));
#11946=DIRECTION('',(0.,1.,1.76384813640513E-17));
#11947=DIRECTION('',(-1.,0.,0.));
#11948=DIRECTION('',(0.,-1.,-1.76384813640513E-17));
#11949=DIRECTION('',(-1.,0.,0.));
#11950=DIRECTION('',(0.,-1.76384813640513E-17,1.));
#11951=DIRECTION('',(0.,-1.,-1.76384813640513E-17));
#11952=DIRECTION('',(0.,1.,1.76384813640513E-17));
#11953=DIRECTION('',(-1.,0.,0.));
#11954=DIRECTION('',(0.,-1.,-1.76384813640513E-17));
#11955=DIRECTION('',(-1.,0.,0.));
#11956=DIRECTION('',(0.,-1.76384813640513E-17,1.));
#11957=DIRECTION('',(0.,-1.,-1.76384813640513E-17));
#11958=DIRECTION('',(0.,1.,1.76384813640513E-17));
#11959=DIRECTION('',(-1.,0.,0.));
#11960=DIRECTION('',(0.,-1.,-1.76384813640513E-17));
#11961=DIRECTION('',(-1.,0.,0.));
#11962=DIRECTION('',(0.,-1.76384813640513E-17,1.));
#11963=DIRECTION('',(0.,-1.,-1.76384813640513E-17));
#11964=DIRECTION('',(0.,1.,1.76384813640513E-17));
#11965=DIRECTION('',(-1.,0.,0.));
#11966=DIRECTION('',(0.,-1.,-1.76384813640513E-17));
#11967=DIRECTION('',(-1.,0.,0.));
#11968=DIRECTION('',(0.,-1.76384813640513E-17,1.));
#11969=DIRECTION('',(0.,-1.,-1.76384813640513E-17));
#11970=DIRECTION('',(0.,1.,1.76384813640513E-17));
#11971=DIRECTION('',(-1.,0.,0.));
#11972=DIRECTION('',(0.,-1.,-1.76384813640513E-17));
#11973=DIRECTION('',(-1.,0.,0.));
#11974=DIRECTION('',(0.,-1.76384813640513E-17,1.));
#11975=DIRECTION('',(0.,-1.,-1.76384813640513E-17));
#11976=DIRECTION('',(0.,1.,1.76384813640513E-17));
#11977=DIRECTION('',(-1.,0.,0.));
#11978=DIRECTION('',(0.,-1.,-1.76384813640513E-17));
#11979=DIRECTION('',(-1.,0.,0.));
#11980=DIRECTION('',(0.,-1.76384813640513E-17,1.));
#11981=DIRECTION('',(0.,-1.,-1.76384813640513E-17));
#11982=DIRECTION('',(0.,1.,1.76384813640513E-17));
#11983=DIRECTION('',(-1.,0.,0.));
#11984=DIRECTION('',(0.,-1.,-1.76384813640513E-17));
#11985=DIRECTION('',(-1.,0.,0.));
#11986=DIRECTION('',(0.,-1.76384813640513E-17,1.));
#11987=DIRECTION('',(0.,-1.,-1.76384813640513E-17));
#11988=DIRECTION('',(0.,1.,1.76384813640513E-17));
#11989=DIRECTION('',(-1.,0.,0.));
#11990=DIRECTION('',(0.,-1.,-1.76384813640513E-17));
#11991=DIRECTION('',(-1.,0.,0.));
#11992=DIRECTION('',(0.,-1.76384813640513E-17,1.));
#11993=DIRECTION('',(0.,-1.,-1.76384813640513E-17));
#11994=DIRECTION('',(0.,1.,1.76384813640513E-17));
#11995=DIRECTION('',(-1.,0.,0.));
#11996=DIRECTION('',(0.,-1.,-1.76384813640513E-17));
#11997=DIRECTION('',(-1.,0.,0.));
#11998=DIRECTION('',(0.,-1.76384813640513E-17,1.));
#11999=DIRECTION('',(0.,-1.,-1.76384813640513E-17));
#12000=DIRECTION('',(0.,1.,1.76384813640513E-17));
#12001=DIRECTION('',(-1.,0.,0.));
#12002=DIRECTION('',(0.,-1.,-1.76384813640513E-17));
#12003=DIRECTION('',(-1.,0.,0.));
#12004=DIRECTION('',(0.,0.499999999999953,0.866025403784466));
#12005=DIRECTION('',(0.,-0.866025403784466,0.499999999999953));
#12006=DIRECTION('',(0.447213595500202,0.774596669241402,-0.447213595499855));
#12007=DIRECTION('',(0.4472135955002,-0.774596669241403,0.447213595499856));
#12008=DIRECTION('',(-1.,0.,0.));
#12009=DIRECTION('',(0.,0.499999999999953,0.866025403784466));
#12010=DIRECTION('',(0.,-0.866025403784466,0.499999999999953));
#12011=DIRECTION('',(0.4472135955002,0.774596669241403,-0.447213595499856));
#12012=DIRECTION('',(0.447213595500197,-0.774596669241404,0.447213595499856));
#12013=DIRECTION('',(-1.,0.,0.));
#12014=DIRECTION('',(0.,0.499999999999953,0.866025403784466));
#12015=DIRECTION('',(0.,-0.866025403784466,0.499999999999953));
#12016=DIRECTION('',(0.4472135955002,0.774596669241403,-0.447213595499856));
#12017=DIRECTION('',(0.447213595500197,-0.774596669241404,0.447213595499856));
#12018=DIRECTION('',(-1.,0.,0.));
#12019=DIRECTION('',(0.,0.499999999999953,0.866025403784466));
#12020=DIRECTION('',(0.,-0.866025403784466,0.499999999999953));
#12021=DIRECTION('',(0.447213595500197,0.774596669241404,-0.447213595499856));
#12022=DIRECTION('',(0.4472135955002,-0.774596669241403,0.447213595499856));
#12023=DIRECTION('',(-1.,0.,0.));
#12024=DIRECTION('',(0.,0.499999999999953,0.866025403784466));
#12025=DIRECTION('',(0.,-0.866025403784466,0.499999999999953));
#12026=DIRECTION('',(0.447213595500199,0.774596669241403,-0.447213595499856));
#12027=DIRECTION('',(0.447213595500199,-0.774596669241403,0.447213595499856));
#12028=DIRECTION('',(-1.,0.,0.));
#12029=DIRECTION('',(0.,0.499999999999953,0.866025403784466));
#12030=DIRECTION('',(0.,-0.866025403784466,0.499999999999953));
#12031=DIRECTION('',(0.447213595500199,0.774596669241403,-0.447213595499856));
#12032=DIRECTION('',(0.447213595500199,-0.774596669241403,0.447213595499856));
#12033=DIRECTION('',(-1.,0.,0.));
#12034=DIRECTION('',(0.,0.499999999999953,0.866025403784466));
#12035=DIRECTION('',(0.,-0.866025403784466,0.499999999999953));
#12036=DIRECTION('',(0.447213595500199,0.774596669241403,-0.447213595499856));
#12037=DIRECTION('',(0.4472135955002,-0.774596669241403,0.447213595499856));
#12038=DIRECTION('',(-1.,0.,0.));
#12039=DIRECTION('',(0.,0.499999999999953,0.866025403784466));
#12040=DIRECTION('',(0.,-0.866025403784466,0.499999999999953));
#12041=DIRECTION('',(0.447213595500199,0.774596669241403,-0.447213595499856));
#12042=DIRECTION('',(0.4472135955002,-0.774596669241403,0.447213595499856));
#12043=DIRECTION('',(-1.,0.,0.));
#12044=DIRECTION('',(0.,0.499999999999953,0.866025403784466));
#12045=DIRECTION('',(0.,-0.866025403784466,0.499999999999953));
#12046=DIRECTION('',(0.4472135955002,0.774596669241403,-0.447213595499856));
#12047=DIRECTION('',(0.447213595500197,-0.774596669241404,0.447213595499856));
#12048=DIRECTION('',(-1.,0.,0.));
#12049=DIRECTION('',(0.,0.499999999999953,0.866025403784466));
#12050=DIRECTION('',(0.,-0.866025403784466,0.499999999999953));
#12051=DIRECTION('',(0.4472135955002,0.774596669241403,-0.447213595499856));
#12052=DIRECTION('',(0.4472135955002,-0.774596669241403,0.447213595499856));
#12053=DIRECTION('',(-1.,0.,0.));
#12054=DIRECTION('',(0.,0.499999999999953,0.866025403784466));
#12055=DIRECTION('',(0.,-0.866025403784466,0.499999999999953));
#12056=DIRECTION('',(0.447213595500197,0.774596669241404,-0.447213595499856));
#12057=DIRECTION('',(0.4472135955002,-0.774596669241403,0.447213595499856));
#12058=DIRECTION('',(-1.,0.,0.));
#12059=DIRECTION('',(0.,1.,0.));
#12060=DIRECTION('',(0.,0.,1.));
#12061=DIRECTION('',(0.,0.,-1.));
#12062=DIRECTION('',(0.,0.,-1.));
#12063=DIRECTION('',(-1.,0.,0.));
#12064=DIRECTION('',(0.,1.,0.));
#12065=DIRECTION('',(0.,0.,1.));
#12066=DIRECTION('',(0.,0.,-1.));
#12067=DIRECTION('',(0.,0.,-1.));
#12068=DIRECTION('',(-1.,0.,0.));
#12069=DIRECTION('',(0.,1.,0.));
#12070=DIRECTION('',(0.,0.,1.));
#12071=DIRECTION('',(0.,0.,-1.));
#12072=DIRECTION('',(0.,0.,-1.));
#12073=DIRECTION('',(-1.,0.,0.));
#12074=DIRECTION('',(0.,1.,0.));
#12075=DIRECTION('',(0.,0.,1.));
#12076=DIRECTION('',(0.,0.,-1.));
#12077=DIRECTION('',(0.,0.,-1.));
#12078=DIRECTION('',(-1.,0.,0.));
#12079=DIRECTION('',(0.,1.,0.));
#12080=DIRECTION('',(0.,0.,1.));
#12081=DIRECTION('',(0.,0.,-1.));
#12082=DIRECTION('',(0.,0.,-1.));
#12083=DIRECTION('',(-1.,0.,0.));
#12084=DIRECTION('',(0.,1.,0.));
#12085=DIRECTION('',(0.,0.,1.));
#12086=DIRECTION('',(0.,0.,-1.));
#12087=DIRECTION('',(0.,0.,-1.));
#12088=DIRECTION('',(-1.,0.,0.));
#12089=DIRECTION('',(0.,1.,0.));
#12090=DIRECTION('',(0.,0.,1.));
#12091=DIRECTION('',(0.,0.,-1.));
#12092=DIRECTION('',(0.,0.,-1.));
#12093=DIRECTION('',(-1.,0.,0.));
#12094=DIRECTION('',(0.,1.,0.));
#12095=DIRECTION('',(0.,0.,1.));
#12096=DIRECTION('',(0.,0.,-1.));
#12097=DIRECTION('',(0.,0.,-1.));
#12098=DIRECTION('',(-1.,0.,0.));
#12099=DIRECTION('',(0.,1.,0.));
#12100=DIRECTION('',(0.,0.,1.));
#12101=DIRECTION('',(0.,0.,-1.));
#12102=DIRECTION('',(0.,0.,-1.));
#12103=DIRECTION('',(-1.,0.,0.));
#12104=DIRECTION('',(0.,1.,0.));
#12105=DIRECTION('',(0.,0.,1.));
#12106=DIRECTION('',(0.,0.,-1.));
#12107=DIRECTION('',(0.,0.,-1.));
#12108=DIRECTION('',(-1.,0.,0.));
#12109=DIRECTION('',(0.,1.,0.));
#12110=DIRECTION('',(0.,0.,1.));
#12111=DIRECTION('',(0.,0.,-1.));
#12112=DIRECTION('',(0.,0.,-1.));
#12113=DIRECTION('',(-1.,0.,0.));
#12114=DIRECTION('',(0.,0.499999999999954,-0.866025403784465));
#12115=DIRECTION('',(0.,0.866025403784465,0.499999999999954));
#12116=DIRECTION('',(-0.447213595500202,-0.774596669241402,-0.447213595499856));
#12117=DIRECTION('',(-0.4472135955002,0.774596669241403,0.447213595499856));
#12118=DIRECTION('',(0.,0.499999999999954,-0.866025403784465));
#12119=DIRECTION('',(0.,0.866025403784465,0.499999999999954));
#12120=DIRECTION('',(-0.4472135955002,-0.774596669241403,-0.447213595499856));
#12121=DIRECTION('',(-0.447213595500197,0.774596669241404,0.447213595499857));
#12122=DIRECTION('',(0.,0.499999999999954,-0.866025403784465));
#12123=DIRECTION('',(0.,0.866025403784465,0.499999999999954));
#12124=DIRECTION('',(-0.4472135955002,-0.774596669241403,-0.447213595499856));
#12125=DIRECTION('',(-0.447213595500197,0.774596669241404,0.447213595499857));
#12126=DIRECTION('',(0.,0.499999999999954,-0.866025403784465));
#12127=DIRECTION('',(0.,0.866025403784465,0.499999999999954));
#12128=DIRECTION('',(-0.447213595500197,-0.774596669241404,-0.447213595499857));
#12129=DIRECTION('',(-0.4472135955002,0.774596669241403,0.447213595499856));
#12130=DIRECTION('',(0.,0.499999999999954,-0.866025403784465));
#12131=DIRECTION('',(0.,0.866025403784465,0.499999999999954));
#12132=DIRECTION('',(-0.447213595500198,-0.774596669241403,-0.447213595499856));
#12133=DIRECTION('',(-0.447213595500199,0.774596669241403,0.447213595499856));
#12134=DIRECTION('',(0.,0.499999999999954,-0.866025403784465));
#12135=DIRECTION('',(0.,0.866025403784465,0.499999999999954));
#12136=DIRECTION('',(-0.447213595500199,-0.774596669241403,-0.447213595499856));
#12137=DIRECTION('',(-0.447213595500199,0.774596669241403,0.447213595499856));
#12138=DIRECTION('',(0.,0.499999999999954,-0.866025403784465));
#12139=DIRECTION('',(0.,0.866025403784465,0.499999999999954));
#12140=DIRECTION('',(-0.447213595500199,-0.774596669241403,-0.447213595499856));
#12141=DIRECTION('',(-0.4472135955002,0.774596669241403,0.447213595499856));
#12142=DIRECTION('',(0.,0.499999999999954,-0.866025403784465));
#12143=DIRECTION('',(0.,0.866025403784465,0.499999999999954));
#12144=DIRECTION('',(-0.447213595500198,-0.774596669241403,-0.447213595499856));
#12145=DIRECTION('',(-0.4472135955002,0.774596669241403,0.447213595499856));
#12146=DIRECTION('',(0.,0.499999999999954,-0.866025403784465));
#12147=DIRECTION('',(0.,0.866025403784465,0.499999999999954));
#12148=DIRECTION('',(-0.4472135955002,-0.774596669241403,-0.447213595499856));
#12149=DIRECTION('',(-0.447213595500197,0.774596669241404,0.447213595499857));
#12150=DIRECTION('',(0.,0.499999999999954,-0.866025403784465));
#12151=DIRECTION('',(0.,0.866025403784465,0.499999999999954));
#12152=DIRECTION('',(-0.4472135955002,-0.774596669241403,-0.447213595499856));
#12153=DIRECTION('',(-0.4472135955002,0.774596669241403,0.447213595499856));
#12154=DIRECTION('',(0.,0.499999999999954,-0.866025403784465));
#12155=DIRECTION('',(0.,0.866025403784465,0.499999999999954));
#12156=DIRECTION('',(-0.447213595500197,-0.774596669241404,-0.447213595499857));
#12157=DIRECTION('',(-0.4472135955002,0.774596669241403,0.447213595499856));
#12158=DIRECTION('',(0.,0.,-1.));
#12159=DIRECTION('',(-1.,0.,0.));
#12160=DIRECTION('',(0.,-1.,0.));
#12161=DIRECTION('',(-1.,0.,0.));
#12162=DIRECTION('',(0.,-1.,0.));
#12163=DIRECTION('',(-1.,0.,0.));
#12164=DIRECTION('',(0.,-0.558600379479041,-0.829436927105293));
#12165=DIRECTION('',(0.,0.829436927105293,-0.558600379479041));
#12166=DIRECTION('',(0.,0.829436927105293,-0.558600379479041));
#12167=DIRECTION('',(-1.,0.,0.));
#12168=DIRECTION('',(0.,-0.829436927105293,0.558600379479041));
#12169=DIRECTION('',(0.,0.829436927105293,-0.558600379479041));
#12170=DIRECTION('',(-1.,0.,0.));
#12171=DIRECTION('',(0.,-0.829436927105293,0.558600379479041));
#12172=DIRECTION('',(0.,0.829436927105293,-0.558600379479041));
#12173=DIRECTION('',(-1.,0.,0.));
#12174=DIRECTION('',(0.,-0.829436927105293,0.558600379479041));
#12175=DIRECTION('',(0.,0.829436927105293,-0.558600379479041));
#12176=DIRECTION('',(-1.,0.,0.));
#12177=DIRECTION('',(0.,-0.829436927105293,0.558600379479041));
#12178=DIRECTION('',(0.,0.829436927105293,-0.558600379479041));
#12179=DIRECTION('',(-1.,0.,0.));
#12180=DIRECTION('',(0.,-0.829436927105293,0.558600379479041));
#12181=DIRECTION('',(0.,0.829436927105293,-0.558600379479041));
#12182=DIRECTION('',(-1.,0.,0.));
#12183=DIRECTION('',(0.,-0.829436927105293,0.558600379479041));
#12184=DIRECTION('',(0.,0.829436927105293,-0.558600379479041));
#12185=DIRECTION('',(-1.,0.,0.));
#12186=DIRECTION('',(0.,-0.829436927105293,0.558600379479041));
#12187=DIRECTION('',(0.,0.829436927105293,-0.558600379479041));
#12188=DIRECTION('',(-1.,0.,0.));
#12189=DIRECTION('',(0.,-0.829436927105293,0.558600379479041));
#12190=DIRECTION('',(0.,0.829436927105293,-0.558600379479041));
#12191=DIRECTION('',(-1.,0.,0.));
#12192=DIRECTION('',(0.,-0.829436927105293,0.558600379479041));
#12193=DIRECTION('',(0.,0.829436927105293,-0.558600379479041));
#12194=DIRECTION('',(-1.,0.,0.));
#12195=DIRECTION('',(0.,-0.829436927105293,0.558600379479041));
#12196=DIRECTION('',(0.,0.829436927105293,-0.558600379479041));
#12197=DIRECTION('',(-1.,0.,0.));
#12198=DIRECTION('',(0.,-0.829436927105293,0.558600379479041));
#12199=DIRECTION('',(0.,-0.829436927105293,0.558600379479041));
#12200=DIRECTION('',(-1.,0.,0.));
#12201=DIRECTION('',(0.,-0.829436927105293,0.558600379479041));
#12202=DIRECTION('',(0.,-0.558600379479076,0.82943692710527));
#12203=DIRECTION('',(0.,-0.82943692710527,-0.558600379479076));
#12204=DIRECTION('',(0.,-0.82943692710527,-0.558600379479076));
#12205=DIRECTION('',(0.,0.82943692710527,0.558600379479076));
#12206=DIRECTION('',(0.,0.82943692710527,0.558600379479076));
#12207=DIRECTION('',(-1.,0.,0.));
#12208=DIRECTION('',(0.,0.82943692710527,0.558600379479076));
#12209=DIRECTION('',(1.,0.,0.));
#12210=DIRECTION('',(0.,-0.82943692710527,-0.558600379479076));
#12211=DIRECTION('',(0.,0.82943692710527,0.558600379479076));
#12212=DIRECTION('',(1.,0.,0.));
#12213=DIRECTION('',(0.,-0.82943692710527,-0.558600379479076));
#12214=DIRECTION('',(0.,0.82943692710527,0.558600379479076));
#12215=DIRECTION('',(1.,0.,0.));
#12216=DIRECTION('',(0.,-0.82943692710527,-0.558600379479076));
#12217=DIRECTION('',(0.,0.82943692710527,0.558600379479076));
#12218=DIRECTION('',(1.,0.,0.));
#12219=DIRECTION('',(0.,-0.82943692710527,-0.558600379479076));
#12220=DIRECTION('',(0.,0.82943692710527,0.558600379479076));
#12221=DIRECTION('',(1.,0.,0.));
#12222=DIRECTION('',(0.,-0.82943692710527,-0.558600379479076));
#12223=DIRECTION('',(0.,0.82943692710527,0.558600379479076));
#12224=DIRECTION('',(1.,0.,0.));
#12225=DIRECTION('',(0.,-0.82943692710527,-0.558600379479076));
#12226=DIRECTION('',(0.,0.82943692710527,0.558600379479076));
#12227=DIRECTION('',(1.,0.,0.));
#12228=DIRECTION('',(0.,-0.82943692710527,-0.558600379479076));
#12229=DIRECTION('',(0.,0.82943692710527,0.558600379479076));
#12230=DIRECTION('',(1.,0.,0.));
#12231=DIRECTION('',(0.,-0.82943692710527,-0.558600379479076));
#12232=DIRECTION('',(0.,0.82943692710527,0.558600379479076));
#12233=DIRECTION('',(1.,0.,0.));
#12234=DIRECTION('',(0.,-0.82943692710527,-0.558600379479076));
#12235=DIRECTION('',(0.,0.82943692710527,0.558600379479076));
#12236=DIRECTION('',(1.,0.,0.));
#12237=DIRECTION('',(0.,-0.82943692710527,-0.558600379479076));
#12238=DIRECTION('',(0.,0.82943692710527,0.558600379479076));
#12239=DIRECTION('',(1.,0.,0.));
#12240=DIRECTION('',(0.,0.,1.));
#12241=DIRECTION('',(1.,0.,0.));
#12242=DIRECTION('',(0.,1.,0.));
#12243=DIRECTION('',(0.,1.,0.));
#12244=DIRECTION('',(-1.,0.,0.));
#12245=DIRECTION('',(0.,0.499999999999953,0.866025403784466));
#12246=DIRECTION('',(0.,-0.866025403784466,0.499999999999953));
#12247=DIRECTION('',(0.4472135955002,0.774596669241403,-0.447213595499856));
#12248=DIRECTION('',(0.4472135955002,-0.774596669241403,0.447213595499856));
#12249=DIRECTION('',(-1.,0.,0.));
#12250=DIRECTION('',(0.,1.,0.));
#12251=DIRECTION('',(0.,0.,1.));
#12252=DIRECTION('',(0.,0.,-1.));
#12253=DIRECTION('',(0.,0.,-1.));
#12254=DIRECTION('',(-1.,0.,0.));
#12255=DIRECTION('',(0.,0.500000000000025,-0.866025403784424));
#12256=DIRECTION('',(0.,0.866025403784424,0.500000000000025));
#12257=DIRECTION('',(-0.447213595500183,-0.774596669241373,-0.447213595499924));
#12258=DIRECTION('',(-0.447213595500183,0.774596669241373,0.447213595499924));
#12259=DIRECTION('',(-1.,0.,0.));
#12260=DIRECTION('',(0.,0.,-1.));
#12261=DIRECTION('',(-1.,0.,0.));
#12262=DIRECTION('',(0.,-1.,0.));
#12263=DIRECTION('',(0.,-1.,0.));
#12264=DIRECTION('',(-1.,0.,0.));
#12265=DIRECTION('',(0.,1.,0.));
#12266=DIRECTION('',(0.,0.,1.));
#12267=DIRECTION('',(-1.,0.,0.));
#12268=DIRECTION('',(0.,0.,-1.));
#12269=DIRECTION('',(0.,0.,-1.));
#12270=DIRECTION('',(0.,0.,-1.));
#12271=DIRECTION('',(0.,0.,-1.));
#12272=DIRECTION('',(0.,0.,-1.));
#12273=DIRECTION('',(0.,0.,-1.));
#12274=DIRECTION('',(0.,0.,-1.));
#12275=DIRECTION('',(0.,0.,-1.));
#12276=DIRECTION('',(0.,0.,-1.));
#12277=DIRECTION('',(0.,0.,-1.));
#12278=DIRECTION('',(0.,0.,-1.));
#12279=DIRECTION('',(0.,0.,-1.));
#12280=DIRECTION('',(0.,0.,-1.));
#12281=DIRECTION('',(0.,0.,-1.));
#12282=DIRECTION('',(0.,0.,-1.));
#12283=DIRECTION('',(0.,0.,-1.));
#12284=DIRECTION('',(0.,0.,-1.));
#12285=DIRECTION('',(0.,0.,-1.));
#12286=DIRECTION('',(0.,0.,-1.));
#12287=DIRECTION('',(0.,0.,-1.));
#12288=DIRECTION('',(0.,0.,-1.));
#12289=DIRECTION('',(0.,0.,-1.));
#12290=DIRECTION('',(0.,0.,-1.));
#12291=DIRECTION('',(0.,0.,-1.));
#12292=DIRECTION('',(0.,0.,-1.));
#12293=DIRECTION('',(0.,0.,-1.));
#12294=DIRECTION('',(0.,0.,-1.));
#12295=DIRECTION('',(0.,0.,-1.));
#12296=DIRECTION('',(0.,0.,-1.));
#12297=DIRECTION('',(0.,0.,-1.));
#12298=DIRECTION('',(0.,0.,-1.));
#12299=DIRECTION('',(0.,0.,-1.));
#12300=DIRECTION('',(0.,0.,-1.));
#12301=DIRECTION('',(0.,0.,-1.));
#12302=DIRECTION('',(0.,0.,-1.));
#12303=DIRECTION('',(0.,0.,-1.));
#12304=DIRECTION('',(0.,0.,-1.));
#12305=DIRECTION('',(0.,0.,-1.));
#12306=DIRECTION('',(0.,0.,-1.));
#12307=DIRECTION('',(0.,0.,-1.));
#12308=DIRECTION('',(0.,0.,-1.));
#12309=DIRECTION('',(0.,0.,-1.));
#12310=DIRECTION('',(0.,0.,-1.));
#12311=DIRECTION('',(0.,0.,-1.));
#12312=DIRECTION('',(0.,0.,-1.));
#12313=DIRECTION('',(0.,0.,-1.));
#12314=DIRECTION('',(0.,-1.76384813640513E-17,1.));
#12315=DIRECTION('',(0.,-1.,-1.76384813640513E-17));
#12316=DIRECTION('',(0.,1.,1.76384813640513E-17));
#12317=DIRECTION('',(0.,1.,1.76384813640513E-17));
#12318=DIRECTION('',(-1.,0.,0.));
#12319=DIRECTION('',(0.,0.499999999999953,0.866025403784466));
#12320=DIRECTION('',(0.,-0.866025403784466,0.499999999999953));
#12321=DIRECTION('',(0.4472135955002,0.774596669241403,-0.447213595499856));
#12322=DIRECTION('',(0.4472135955002,-0.774596669241403,0.447213595499856));
#12323=DIRECTION('',(-1.,0.,0.));
#12324=DIRECTION('',(0.,1.,0.));
#12325=DIRECTION('',(0.,0.,1.));
#12326=DIRECTION('',(0.,0.,-1.));
#12327=DIRECTION('',(0.,0.,-1.));
#12328=DIRECTION('',(-1.,0.,0.));
#12329=DIRECTION('',(0.,0.499999999999954,-0.866025403784465));
#12330=DIRECTION('',(0.,0.866025403784465,0.499999999999954));
#12331=DIRECTION('',(-0.4472135955002,-0.774596669241403,-0.447213595499856));
#12332=DIRECTION('',(-0.4472135955002,0.774596669241403,0.447213595499856));
#12333=DIRECTION('',(1.,0.,0.));
#12334=DIRECTION('',(0.,0.,-1.));
#12335=DIRECTION('',(0.,0.,-1.));
#12336=DIRECTION('',(0.,0.,-1.));
#12337=DIRECTION('',(1.,0.,0.));
#12338=DIRECTION('',(0.,0.,-1.));
#12339=DIRECTION('',(0.,0.,-1.));
#12340=DIRECTION('',(0.,0.,-1.));
#12341=DIRECTION('',(0.866025403784298,-0.500000000000244,0.));
#12342=DIRECTION('',(0.500000000000244,0.866025403784298,0.));
#12343=DIRECTION('',(0.866025403784298,-0.500000000000244,0.));
#12344=DIRECTION('',(0.500000000000244,0.866025403784298,0.));
#12345=DIRECTION('',(-0.866025403784299,-0.500000000000242,0.));
#12346=DIRECTION('',(0.500000000000242,-0.866025403784299,0.));
#12347=DIRECTION('',(-0.866025403784299,-0.500000000000242,0.));
#12348=DIRECTION('',(0.500000000000242,-0.866025403784299,0.));
#12349=DIRECTION('',(-0.866025403784299,-0.500000000000242,0.));
#12350=DIRECTION('',(0.500000000000242,-0.866025403784299,0.));
#12351=DIRECTION('',(0.,0.,-1.));
#12352=DIRECTION('',(0.866025403784299,-0.500000000000242,0.));
#12353=DIRECTION('',(0.500000000000242,0.866025403784299,0.));
#12354=DIRECTION('',(0.,0.,-1.));
#12355=DIRECTION('',(1.,0.,0.));
#12356=DIRECTION('',(0.,0.,-1.));
#12357=DIRECTION('',(-1.,0.,0.));
#12358=DIRECTION('',(0.,0.,1.));
#12359=DIRECTION('',(-0.866025403784299,-0.500000000000242,0.));
#12360=DIRECTION('',(0.500000000000242,-0.866025403784299,0.));
#12361=DIRECTION('',(0.,0.,-1.));
#12362=DIRECTION('',(0.8660254037843,-0.500000000000239,0.));
#12363=DIRECTION('',(0.500000000000239,0.8660254037843,0.));
#12364=DIRECTION('',(0.,0.,-1.));
#12365=DIRECTION('',(1.,0.,0.));
#12366=DIRECTION('',(0.,0.,-1.));
#12367=DIRECTION('',(-1.,0.,0.));
#12368=DIRECTION('',(0.,0.,1.));
#12369=DIRECTION('',(-0.8660254037843,-0.500000000000239,0.));
#12370=DIRECTION('',(0.500000000000239,-0.8660254037843,0.));
#12371=DIRECTION('',(0.,0.,-1.));
#12372=DIRECTION('',(0.866025403784299,-0.500000000000242,0.));
#12373=DIRECTION('',(0.500000000000242,0.866025403784299,0.));
#12374=DIRECTION('',(0.,0.,-1.));
#12375=DIRECTION('',(1.,0.,0.));
#12376=DIRECTION('',(0.,0.,-1.));
#12377=DIRECTION('',(-1.,0.,0.));
#12378=DIRECTION('',(0.,0.,1.));
#12379=DIRECTION('',(-0.866025403784299,-0.500000000000242,0.));
#12380=DIRECTION('',(0.500000000000242,-0.866025403784299,0.));
#12381=DIRECTION('',(0.,0.,-1.));
#12382=DIRECTION('',(0.866025403784299,-0.500000000000242,0.));
#12383=DIRECTION('',(0.500000000000242,0.866025403784299,0.));
#12384=DIRECTION('',(0.,0.,-1.));
#12385=DIRECTION('',(1.,0.,0.));
#12386=DIRECTION('',(0.,0.,-1.));
#12387=DIRECTION('',(-1.,0.,0.));
#12388=DIRECTION('',(0.,0.,1.));
#12389=DIRECTION('',(-0.866025403784299,-0.500000000000242,0.));
#12390=DIRECTION('',(0.500000000000242,-0.866025403784299,0.));
#12391=DIRECTION('',(0.,0.,-1.));
#12392=DIRECTION('',(0.8660254037843,-0.500000000000241,0.));
#12393=DIRECTION('',(0.500000000000241,0.8660254037843,0.));
#12394=DIRECTION('',(0.,0.,-1.));
#12395=DIRECTION('',(1.,0.,0.));
#12396=DIRECTION('',(0.,0.,-1.));
#12397=DIRECTION('',(-1.,0.,0.));
#12398=DIRECTION('',(0.,0.,1.));
#12399=DIRECTION('',(-0.866025403784299,-0.500000000000241,0.));
#12400=DIRECTION('',(0.500000000000241,-0.8660254037843,0.));
#12401=DIRECTION('',(0.,0.,-1.));
#12402=DIRECTION('',(0.866025403784299,-0.500000000000241,0.));
#12403=DIRECTION('',(0.500000000000241,0.8660254037843,0.));
#12404=DIRECTION('',(0.,0.,-1.));
#12405=DIRECTION('',(1.,0.,0.));
#12406=DIRECTION('',(0.,0.,-1.));
#12407=DIRECTION('',(-1.,0.,0.));
#12408=DIRECTION('',(0.,0.,1.));
#12409=DIRECTION('',(-0.866025403784299,-0.500000000000241,0.));
#12410=DIRECTION('',(0.500000000000241,-0.8660254037843,0.));
#12411=DIRECTION('',(0.,0.,-1.));
#12412=DIRECTION('',(0.866025403784299,-0.500000000000241,0.));
#12413=DIRECTION('',(0.500000000000241,0.8660254037843,0.));
#12414=DIRECTION('',(0.,0.,-1.));
#12415=DIRECTION('',(1.,0.,0.));
#12416=DIRECTION('',(0.,0.,-1.));
#12417=DIRECTION('',(-1.,0.,0.));
#12418=DIRECTION('',(0.,0.,1.));
#12419=DIRECTION('',(-0.866025403784299,-0.500000000000242,0.));
#12420=DIRECTION('',(0.500000000000242,-0.866025403784299,0.));
#12421=DIRECTION('',(0.,0.,-1.));
#12422=DIRECTION('',(0.8660254037843,-0.500000000000241,0.));
#12423=DIRECTION('',(0.500000000000241,0.8660254037843,0.));
#12424=DIRECTION('',(0.,0.,-1.));
#12425=DIRECTION('',(1.,0.,0.));
#12426=DIRECTION('',(0.,0.,-1.));
#12427=DIRECTION('',(-1.,0.,0.));
#12428=DIRECTION('',(0.,0.,1.));
#12429=DIRECTION('',(-0.8660254037843,-0.500000000000239,0.));
#12430=DIRECTION('',(0.500000000000239,-0.8660254037843,0.));
#12431=DIRECTION('',(0.,0.,-1.));
#12432=DIRECTION('',(0.8660254037843,-0.500000000000239,0.));
#12433=DIRECTION('',(0.500000000000239,0.8660254037843,0.));
#12434=DIRECTION('',(0.,0.,-1.));
#12435=DIRECTION('',(1.,0.,0.));
#12436=DIRECTION('',(0.,0.,-1.));
#12437=DIRECTION('',(-1.,0.,0.));
#12438=DIRECTION('',(0.,0.,1.));
#12439=DIRECTION('',(-0.8660254037843,-0.500000000000239,0.));
#12440=DIRECTION('',(0.500000000000239,-0.8660254037843,0.));
#12441=DIRECTION('',(0.,0.,-1.));
#12442=DIRECTION('',(0.866025403784299,-0.500000000000242,0.));
#12443=DIRECTION('',(0.500000000000242,0.866025403784299,0.));
#12444=DIRECTION('',(0.,0.,-1.));
#12445=DIRECTION('',(1.,0.,0.));
#12446=DIRECTION('',(0.,0.,-1.));
#12447=DIRECTION('',(-1.,0.,0.));
#12448=DIRECTION('',(0.,0.,1.));
#12449=DIRECTION('',(-0.866025403784299,-0.500000000000242,0.));
#12450=DIRECTION('',(0.500000000000242,-0.866025403784299,0.));
#12451=DIRECTION('',(0.,0.,-1.));
#12452=DIRECTION('',(0.866025403784299,-0.500000000000242,0.));
#12453=DIRECTION('',(0.500000000000242,0.866025403784299,0.));
#12454=DIRECTION('',(0.,0.,-1.));
#12455=DIRECTION('',(1.,0.,0.));
#12456=DIRECTION('',(0.,0.,-1.));
#12457=DIRECTION('',(-1.,0.,0.));
#12458=DIRECTION('',(0.,0.,1.));
#12459=DIRECTION('',(1.,0.,0.));
#12460=DIRECTION('',(0.,0.,-1.));
#12461=DIRECTION('',(0.,0.,-1.));
#12462=DIRECTION('',(-1.,0.,0.));
#12463=DIRECTION('',(0.,0.,1.));
#12464=DIRECTION('',(0.,0.,-1.));
#12465=DIRECTION('',(0.866025403784299,-0.500000000000242,0.));
#12466=DIRECTION('',(0.500000000000242,0.866025403784299,0.));
#12467=DIRECTION('',(-0.866025403784299,-0.500000000000242,0.));
#12468=DIRECTION('',(0.500000000000242,-0.866025403784299,0.));
#12469=DIRECTION('',(1.,0.,0.));
#12470=DIRECTION('',(0.,0.,-1.));
#12471=DIRECTION('',(0.,0.,-1.));
#12472=DIRECTION('',(-1.,0.,0.));
#12473=DIRECTION('',(0.,0.,1.));
#12474=DIRECTION('',(0.,0.,-1.));
#12475=DIRECTION('',(0.8660254037843,-0.500000000000239,0.));
#12476=DIRECTION('',(0.500000000000239,0.8660254037843,0.));
#12477=DIRECTION('',(-0.866025403784299,-0.500000000000242,0.));
#12478=DIRECTION('',(0.500000000000242,-0.866025403784299,0.));
#12479=DIRECTION('',(1.,0.,0.));
#12480=DIRECTION('',(0.,0.,-1.));
#12481=DIRECTION('',(0.,0.,-1.));
#12482=DIRECTION('',(-1.,0.,0.));
#12483=DIRECTION('',(0.,0.,1.));
#12484=DIRECTION('',(0.,0.,-1.));
#12485=DIRECTION('',(0.866025403784299,-0.500000000000242,0.));
#12486=DIRECTION('',(0.500000000000242,0.866025403784299,0.));
#12487=DIRECTION('',(-0.8660254037843,-0.500000000000239,0.));
#12488=DIRECTION('',(0.500000000000239,-0.8660254037843,0.));
#12489=DIRECTION('',(1.,0.,0.));
#12490=DIRECTION('',(0.,0.,-1.));
#12491=DIRECTION('',(0.,0.,-1.));
#12492=DIRECTION('',(-1.,0.,0.));
#12493=DIRECTION('',(0.,0.,1.));
#12494=DIRECTION('',(0.,0.,-1.));
#12495=DIRECTION('',(0.866025403784299,-0.500000000000242,0.));
#12496=DIRECTION('',(0.500000000000242,0.866025403784299,0.));
#12497=DIRECTION('',(-0.866025403784299,-0.500000000000242,0.));
#12498=DIRECTION('',(0.500000000000242,-0.866025403784299,0.));
#12499=DIRECTION('',(1.,0.,0.));
#12500=DIRECTION('',(0.,0.,-1.));
#12501=DIRECTION('',(0.,0.,-1.));
#12502=DIRECTION('',(-1.,0.,0.));
#12503=DIRECTION('',(0.,0.,1.));
#12504=DIRECTION('',(0.,0.,-1.));
#12505=DIRECTION('',(0.8660254037843,-0.500000000000241,0.));
#12506=DIRECTION('',(0.500000000000241,0.8660254037843,0.));
#12507=DIRECTION('',(-0.866025403784299,-0.500000000000242,0.));
#12508=DIRECTION('',(0.500000000000242,-0.866025403784299,0.));
#12509=DIRECTION('',(1.,0.,0.));
#12510=DIRECTION('',(0.,0.,-1.));
#12511=DIRECTION('',(0.,0.,-1.));
#12512=DIRECTION('',(-1.,0.,0.));
#12513=DIRECTION('',(0.,0.,1.));
#12514=DIRECTION('',(0.,0.,-1.));
#12515=DIRECTION('',(0.866025403784299,-0.500000000000241,0.));
#12516=DIRECTION('',(0.500000000000241,0.8660254037843,0.));
#12517=DIRECTION('',(-0.866025403784299,-0.500000000000241,0.));
#12518=DIRECTION('',(0.500000000000241,-0.8660254037843,0.));
#12519=DIRECTION('',(1.,0.,0.));
#12520=DIRECTION('',(0.,0.,-1.));
#12521=DIRECTION('',(0.,0.,-1.));
#12522=DIRECTION('',(-1.,0.,0.));
#12523=DIRECTION('',(0.,0.,1.));
#12524=DIRECTION('',(0.,0.,-1.));
#12525=DIRECTION('',(0.866025403784299,-0.500000000000241,0.));
#12526=DIRECTION('',(0.500000000000241,0.8660254037843,0.));
#12527=DIRECTION('',(-0.866025403784299,-0.500000000000241,0.));
#12528=DIRECTION('',(0.500000000000241,-0.8660254037843,0.));
#12529=DIRECTION('',(1.,0.,0.));
#12530=DIRECTION('',(0.,0.,-1.));
#12531=DIRECTION('',(0.,0.,-1.));
#12532=DIRECTION('',(-1.,0.,0.));
#12533=DIRECTION('',(0.,0.,1.));
#12534=DIRECTION('',(0.,0.,-1.));
#12535=DIRECTION('',(0.8660254037843,-0.500000000000241,0.));
#12536=DIRECTION('',(0.500000000000241,0.8660254037843,0.));
#12537=DIRECTION('',(-0.866025403784299,-0.500000000000242,0.));
#12538=DIRECTION('',(0.500000000000242,-0.866025403784299,0.));
#12539=DIRECTION('',(1.,0.,0.));
#12540=DIRECTION('',(0.,0.,-1.));
#12541=DIRECTION('',(0.,0.,-1.));
#12542=DIRECTION('',(-1.,0.,0.));
#12543=DIRECTION('',(0.,0.,1.));
#12544=DIRECTION('',(0.,0.,-1.));
#12545=DIRECTION('',(0.8660254037843,-0.500000000000239,0.));
#12546=DIRECTION('',(0.500000000000239,0.8660254037843,0.));
#12547=DIRECTION('',(-0.8660254037843,-0.500000000000239,0.));
#12548=DIRECTION('',(0.500000000000239,-0.8660254037843,0.));
#12549=DIRECTION('',(1.,0.,0.));
#12550=DIRECTION('',(0.,0.,-1.));
#12551=DIRECTION('',(0.,0.,-1.));
#12552=DIRECTION('',(-1.,0.,0.));
#12553=DIRECTION('',(0.,0.,1.));
#12554=DIRECTION('',(0.,0.,-1.));
#12555=DIRECTION('',(0.866025403784299,-0.500000000000242,0.));
#12556=DIRECTION('',(0.500000000000242,0.866025403784299,0.));
#12557=DIRECTION('',(-0.8660254037843,-0.500000000000239,0.));
#12558=DIRECTION('',(0.500000000000239,-0.8660254037843,0.));
#12559=DIRECTION('',(-1.,0.,0.));
#12560=DIRECTION('',(0.,0.,1.));
#12561=DIRECTION('',(0.,0.,-1.));
#12562=DIRECTION('',(1.,0.,0.));
#12563=DIRECTION('',(0.,0.,-1.));
#12564=DIRECTION('',(0.,0.,-1.));
#12565=DIRECTION('',(-0.866025403784299,-0.500000000000242,0.));
#12566=DIRECTION('',(0.500000000000242,-0.866025403784299,0.));
#12567=DIRECTION('',(0.866025403784299,-0.500000000000242,0.));
#12568=DIRECTION('',(0.500000000000242,0.866025403784299,0.));
#12569=DIRECTION('',(0.,0.,1.));
#12570=DIRECTION('',(1.,0.,0.));
#12571=DIRECTION('',(0.,1.,0.));
#12572=DIRECTION('',(0.,0.,1.));
#12573=DIRECTION('',(0.,0.,-1.));
#12574=DIRECTION('',(-1.,0.,0.));
#12575=DIRECTION('',(0.,0.,-1.));
#12576=DIRECTION('',(-1.,0.,0.));
#12577=DIRECTION('',(0.,1.,0.));
#12578=DIRECTION('',(0.,0.,1.));
#12579=DIRECTION('',(0.,0.,1.));
#12580=DIRECTION('',(-1.,0.,0.));
#12581=DIRECTION('',(0.,0.,-1.));
#12582=DIRECTION('',(-1.,0.,0.));
#12583=DIRECTION('',(0.,1.,0.));
#12584=DIRECTION('',(0.,0.,1.));
#12585=DIRECTION('',(0.,0.,1.));
#12586=DIRECTION('',(-1.,0.,0.));
#12587=DIRECTION('',(0.,0.,-1.));
#12588=DIRECTION('',(-1.,0.,0.));
#12589=DIRECTION('',(0.,1.,0.));
#12590=DIRECTION('',(0.,0.,1.));
#12591=DIRECTION('',(0.,0.,1.));
#12592=DIRECTION('',(-1.,0.,0.));
#12593=DIRECTION('',(0.,0.,-1.));
#12594=DIRECTION('',(-1.,0.,0.));
#12595=DIRECTION('',(0.,1.,0.));
#12596=DIRECTION('',(0.,0.,1.));
#12597=DIRECTION('',(0.,0.,1.));
#12598=DIRECTION('',(-1.,0.,0.));
#12599=DIRECTION('',(0.,0.,-1.));
#12600=DIRECTION('',(-1.,0.,0.));
#12601=DIRECTION('',(0.,1.,0.));
#12602=DIRECTION('',(0.,0.,1.));
#12603=DIRECTION('',(0.,0.,1.));
#12604=DIRECTION('',(-1.,0.,0.));
#12605=DIRECTION('',(0.,0.,-1.));
#12606=DIRECTION('',(-1.,0.,0.));
#12607=DIRECTION('',(0.,1.,0.));
#12608=DIRECTION('',(0.,0.,1.));
#12609=DIRECTION('',(0.,0.,1.));
#12610=DIRECTION('',(-1.,0.,0.));
#12611=DIRECTION('',(0.,0.,-1.));
#12612=DIRECTION('',(-1.,0.,0.));
#12613=DIRECTION('',(0.,1.,0.));
#12614=DIRECTION('',(0.,0.,1.));
#12615=DIRECTION('',(0.,0.,1.));
#12616=DIRECTION('',(-1.,0.,0.));
#12617=DIRECTION('',(0.,0.,-1.));
#12618=DIRECTION('',(-1.,0.,0.));
#12619=DIRECTION('',(0.,1.,0.));
#12620=DIRECTION('',(0.,0.,1.));
#12621=DIRECTION('',(0.,0.,1.));
#12622=DIRECTION('',(-1.,0.,0.));
#12623=DIRECTION('',(0.,0.,-1.));
#12624=DIRECTION('',(-1.,0.,0.));
#12625=DIRECTION('',(0.,1.,0.));
#12626=DIRECTION('',(0.,0.,1.));
#12627=DIRECTION('',(0.,0.,1.));
#12628=DIRECTION('',(-1.,0.,0.));
#12629=DIRECTION('',(0.,0.,-1.));
#12630=DIRECTION('',(-1.,0.,0.));
#12631=DIRECTION('',(0.,1.,0.));
#12632=DIRECTION('',(0.,0.,1.));
#12633=DIRECTION('',(0.,0.,1.));
#12634=DIRECTION('',(-1.,0.,0.));
#12635=DIRECTION('',(0.,0.,-1.));
#12636=DIRECTION('',(-1.,0.,0.));
#12637=DIRECTION('',(0.,0.,-1.));
#12638=DIRECTION('',(-1.,0.,0.));
#12639=DIRECTION('',(0.,-1.,0.));
#12640=DIRECTION('',(0.,-1.,0.));
#12641=DIRECTION('',(-1.,0.,0.));
#12642=DIRECTION('',(0.,0.,-1.));
#12643=DIRECTION('',(-1.,0.,0.));
#12644=DIRECTION('',(0.,1.,0.));
#12645=DIRECTION('',(-1.,0.,0.));
#12646=DIRECTION('',(0.,-1.,0.));
#12647=DIRECTION('',(0.,0.,-1.));
#12648=DIRECTION('',(-1.,0.,0.));
#12649=DIRECTION('',(0.,1.,0.));
#12650=DIRECTION('',(-1.,0.,0.));
#12651=DIRECTION('',(0.,-1.,0.));
#12652=DIRECTION('',(0.,0.,-1.));
#12653=DIRECTION('',(-1.,0.,0.));
#12654=DIRECTION('',(0.,1.,0.));
#12655=DIRECTION('',(-1.,0.,0.));
#12656=DIRECTION('',(0.,-1.,0.));
#12657=DIRECTION('',(0.,0.,-1.));
#12658=DIRECTION('',(-1.,0.,0.));
#12659=DIRECTION('',(0.,1.,0.));
#12660=DIRECTION('',(-1.,0.,0.));
#12661=DIRECTION('',(0.,-1.,0.));
#12662=DIRECTION('',(0.,0.,-1.));
#12663=DIRECTION('',(-1.,0.,0.));
#12664=DIRECTION('',(0.,1.,0.));
#12665=DIRECTION('',(-1.,0.,0.));
#12666=DIRECTION('',(0.,-1.,0.));
#12667=DIRECTION('',(0.,0.,-1.));
#12668=DIRECTION('',(-1.,0.,0.));
#12669=DIRECTION('',(0.,1.,0.));
#12670=DIRECTION('',(-1.,0.,0.));
#12671=DIRECTION('',(0.,-1.,0.));
#12672=DIRECTION('',(0.,0.,-1.));
#12673=DIRECTION('',(-1.,0.,0.));
#12674=DIRECTION('',(0.,1.,0.));
#12675=DIRECTION('',(-1.,0.,0.));
#12676=DIRECTION('',(0.,-1.,0.));
#12677=DIRECTION('',(0.,0.,-1.));
#12678=DIRECTION('',(-1.,0.,0.));
#12679=DIRECTION('',(0.,1.,0.));
#12680=DIRECTION('',(-1.,0.,0.));
#12681=DIRECTION('',(0.,-1.,0.));
#12682=DIRECTION('',(0.,0.,-1.));
#12683=DIRECTION('',(-1.,0.,0.));
#12684=DIRECTION('',(0.,1.,0.));
#12685=DIRECTION('',(-1.,0.,0.));
#12686=DIRECTION('',(0.,-1.,0.));
#12687=DIRECTION('',(0.,0.,-1.));
#12688=DIRECTION('',(-1.,0.,0.));
#12689=DIRECTION('',(0.,1.,0.));
#12690=DIRECTION('',(-1.,0.,0.));
#12691=DIRECTION('',(0.,-1.,0.));
#12692=DIRECTION('',(0.,-1.,0.));
#12693=DIRECTION('',(0.,0.,-1.));
#12694=DIRECTION('',(0.,0.,1.));
#12695=DIRECTION('',(0.,0.,1.));
#12696=DIRECTION('',(-1.,0.,0.));
#12697=DIRECTION('',(0.,-1.,0.));
#12698=DIRECTION('',(0.,0.,-1.));
#12699=DIRECTION('',(0.,0.,-1.));
#12700=DIRECTION('',(-1.,0.,0.));
#12701=DIRECTION('',(0.,0.,1.));
#12702=DIRECTION('',(0.,-1.,0.));
#12703=DIRECTION('',(0.,0.,-1.));
#12704=DIRECTION('',(0.,0.,-1.));
#12705=DIRECTION('',(-1.,0.,0.));
#12706=DIRECTION('',(0.,0.,1.));
#12707=DIRECTION('',(0.,-1.,0.));
#12708=DIRECTION('',(0.,0.,-1.));
#12709=DIRECTION('',(0.,0.,-1.));
#12710=DIRECTION('',(-1.,0.,0.));
#12711=DIRECTION('',(0.,0.,1.));
#12712=DIRECTION('',(0.,-1.,0.));
#12713=DIRECTION('',(0.,0.,-1.));
#12714=DIRECTION('',(0.,0.,-1.));
#12715=DIRECTION('',(-1.,0.,0.));
#12716=DIRECTION('',(0.,0.,1.));
#12717=DIRECTION('',(0.,-1.,0.));
#12718=DIRECTION('',(0.,0.,-1.));
#12719=DIRECTION('',(0.,0.,-1.));
#12720=DIRECTION('',(-1.,0.,0.));
#12721=DIRECTION('',(0.,0.,1.));
#12722=DIRECTION('',(0.,-1.,0.));
#12723=DIRECTION('',(0.,0.,-1.));
#12724=DIRECTION('',(0.,0.,-1.));
#12725=DIRECTION('',(-1.,0.,0.));
#12726=DIRECTION('',(0.,0.,1.));
#12727=DIRECTION('',(0.,-1.,0.));
#12728=DIRECTION('',(0.,0.,-1.));
#12729=DIRECTION('',(0.,0.,-1.));
#12730=DIRECTION('',(-1.,0.,0.));
#12731=DIRECTION('',(0.,0.,1.));
#12732=DIRECTION('',(0.,-1.,0.));
#12733=DIRECTION('',(0.,0.,-1.));
#12734=DIRECTION('',(0.,0.,-1.));
#12735=DIRECTION('',(-1.,0.,0.));
#12736=DIRECTION('',(0.,0.,1.));
#12737=DIRECTION('',(0.,-1.,0.));
#12738=DIRECTION('',(0.,0.,-1.));
#12739=DIRECTION('',(0.,0.,-1.));
#12740=DIRECTION('',(-1.,0.,0.));
#12741=DIRECTION('',(0.,0.,1.));
#12742=DIRECTION('',(0.,-1.,0.));
#12743=DIRECTION('',(0.,0.,-1.));
#12744=DIRECTION('',(0.,0.,-1.));
#12745=DIRECTION('',(-1.,0.,0.));
#12746=DIRECTION('',(0.,0.,1.));
#12747=DIRECTION('',(-1.,0.,0.));
#12748=DIRECTION('',(0.,0.,1.));
#12749=DIRECTION('',(1.,0.,0.));
#12750=DIRECTION('',(0.,0.,-1.));
#12751=DIRECTION('',(-1.,0.,0.));
#12752=DIRECTION('',(0.,0.,1.));
#12753=DIRECTION('',(-1.,0.,0.));
#12754=DIRECTION('',(-1.,0.,0.));
#12755=DIRECTION('',(0.,0.,1.));
#12756=DIRECTION('',(-1.,0.,0.));
#12757=DIRECTION('',(0.,0.,1.));
#12758=DIRECTION('',(-1.,0.,0.));
#12759=DIRECTION('',(1.,0.,0.));
#12760=DIRECTION('',(0.,0.,-1.));
#12761=DIRECTION('',(-1.,0.,0.));
#12762=DIRECTION('',(0.,0.,1.));
#12763=DIRECTION('',(-1.,0.,0.));
#12764=DIRECTION('',(0.,0.,1.));
#12765=DIRECTION('',(-1.,0.,0.));
#12766=DIRECTION('',(1.,0.,0.));
#12767=DIRECTION('',(0.,0.,-1.));
#12768=DIRECTION('',(-1.,0.,0.));
#12769=DIRECTION('',(0.,0.,1.));
#12770=DIRECTION('',(-1.,0.,0.));
#12771=DIRECTION('',(0.,0.,1.));
#12772=DIRECTION('',(-1.,0.,0.));
#12773=DIRECTION('',(1.,0.,0.));
#12774=DIRECTION('',(0.,0.,-1.));
#12775=DIRECTION('',(-1.,0.,0.));
#12776=DIRECTION('',(0.,0.,1.));
#12777=DIRECTION('',(-1.,0.,0.));
#12778=DIRECTION('',(0.,0.,1.));
#12779=DIRECTION('',(-1.,0.,0.));
#12780=DIRECTION('',(1.,0.,0.));
#12781=DIRECTION('',(0.,0.,-1.));
#12782=DIRECTION('',(-1.,0.,0.));
#12783=DIRECTION('',(0.,0.,1.));
#12784=DIRECTION('',(-1.,0.,0.));
#12785=DIRECTION('',(0.,0.,1.));
#12786=DIRECTION('',(-1.,0.,0.));
#12787=DIRECTION('',(1.,0.,0.));
#12788=DIRECTION('',(0.,0.,-1.));
#12789=DIRECTION('',(-1.,0.,0.));
#12790=DIRECTION('',(0.,0.,1.));
#12791=DIRECTION('',(-1.,0.,0.));
#12792=DIRECTION('',(0.,0.,1.));
#12793=DIRECTION('',(-1.,0.,0.));
#12794=DIRECTION('',(1.,0.,0.));
#12795=DIRECTION('',(0.,0.,-1.));
#12796=DIRECTION('',(-1.,0.,0.));
#12797=DIRECTION('',(0.,0.,1.));
#12798=DIRECTION('',(-1.,0.,0.));
#12799=DIRECTION('',(0.,0.,1.));
#12800=DIRECTION('',(-1.,0.,0.));
#12801=DIRECTION('',(1.,0.,0.));
#12802=DIRECTION('',(0.,0.,-1.));
#12803=DIRECTION('',(-1.,0.,0.));
#12804=DIRECTION('',(0.,0.,1.));
#12805=DIRECTION('',(-1.,0.,0.));
#12806=DIRECTION('',(0.,0.,1.));
#12807=DIRECTION('',(-1.,0.,0.));
#12808=DIRECTION('',(1.,0.,0.));
#12809=DIRECTION('',(0.,0.,-1.));
#12810=DIRECTION('',(-1.,0.,0.));
#12811=DIRECTION('',(0.,0.,1.));
#12812=DIRECTION('',(-1.,0.,0.));
#12813=DIRECTION('',(0.,0.,1.));
#12814=DIRECTION('',(-1.,0.,0.));
#12815=DIRECTION('',(1.,0.,0.));
#12816=DIRECTION('',(0.,0.,-1.));
#12817=DIRECTION('',(-1.,0.,0.));
#12818=DIRECTION('',(0.,0.,1.));
#12819=DIRECTION('',(-1.,0.,0.));
#12820=DIRECTION('',(0.,0.,1.));
#12821=DIRECTION('',(-1.,0.,0.));
#12822=DIRECTION('',(1.,0.,0.));
#12823=DIRECTION('',(0.,0.,-1.));
#12824=DIRECTION('',(0.,0.,1.));
#12825=DIRECTION('',(1.,0.,0.));
#12826=DIRECTION('',(0.,1.,0.));
#12827=DIRECTION('',(0.,1.,0.));
#12828=DIRECTION('',(-1.,0.,0.));
#12829=DIRECTION('',(0.,0.,1.));
#12830=DIRECTION('',(1.,0.,0.));
#12831=DIRECTION('',(0.,-1.,0.));
#12832=DIRECTION('',(-1.,0.,0.));
#12833=DIRECTION('',(0.,1.,0.));
#12834=DIRECTION('',(0.,0.,1.));
#12835=DIRECTION('',(1.,0.,0.));
#12836=DIRECTION('',(0.,-1.,0.));
#12837=DIRECTION('',(-1.,0.,0.));
#12838=DIRECTION('',(0.,1.,0.));
#12839=DIRECTION('',(0.,0.,1.));
#12840=DIRECTION('',(1.,0.,0.));
#12841=DIRECTION('',(0.,-1.,0.));
#12842=DIRECTION('',(-1.,0.,0.));
#12843=DIRECTION('',(0.,1.,0.));
#12844=DIRECTION('',(0.,0.,1.));
#12845=DIRECTION('',(1.,0.,0.));
#12846=DIRECTION('',(0.,-1.,0.));
#12847=DIRECTION('',(-1.,0.,0.));
#12848=DIRECTION('',(0.,1.,0.));
#12849=DIRECTION('',(0.,0.,1.));
#12850=DIRECTION('',(1.,0.,0.));
#12851=DIRECTION('',(0.,-1.,0.));
#12852=DIRECTION('',(-1.,0.,0.));
#12853=DIRECTION('',(0.,1.,0.));
#12854=DIRECTION('',(0.,0.,1.));
#12855=DIRECTION('',(1.,0.,0.));
#12856=DIRECTION('',(0.,-1.,0.));
#12857=DIRECTION('',(-1.,0.,0.));
#12858=DIRECTION('',(0.,1.,0.));
#12859=DIRECTION('',(0.,0.,1.));
#12860=DIRECTION('',(1.,0.,0.));
#12861=DIRECTION('',(0.,-1.,0.));
#12862=DIRECTION('',(-1.,0.,0.));
#12863=DIRECTION('',(0.,1.,0.));
#12864=DIRECTION('',(0.,0.,1.));
#12865=DIRECTION('',(1.,0.,0.));
#12866=DIRECTION('',(0.,-1.,0.));
#12867=DIRECTION('',(-1.,0.,0.));
#12868=DIRECTION('',(0.,1.,0.));
#12869=DIRECTION('',(0.,0.,1.));
#12870=DIRECTION('',(1.,0.,0.));
#12871=DIRECTION('',(0.,-1.,0.));
#12872=DIRECTION('',(-1.,0.,0.));
#12873=DIRECTION('',(0.,1.,0.));
#12874=DIRECTION('',(0.,0.,1.));
#12875=DIRECTION('',(1.,0.,0.));
#12876=DIRECTION('',(0.,-1.,0.));
#12877=DIRECTION('',(-1.,0.,0.));
#12878=DIRECTION('',(0.,1.,0.));
#12879=DIRECTION('',(0.,0.,-1.));
#12880=DIRECTION('',(-1.,0.,0.));
#12881=DIRECTION('',(0.,-1.,0.));
#12882=DIRECTION('',(-1.,0.,0.));
#12883=DIRECTION('',(0.,-1.,0.));
#12884=DIRECTION('',(-1.,0.,0.));
#12885=DIRECTION('',(0.,0.,-1.));
#12886=DIRECTION('',(-1.,0.,0.));
#12887=DIRECTION('',(0.,1.,0.));
#12888=DIRECTION('',(-1.,0.,0.));
#12889=DIRECTION('',(0.,-1.,0.));
#12890=DIRECTION('',(-1.,0.,0.));
#12891=DIRECTION('',(0.,0.,-1.));
#12892=DIRECTION('',(-1.,0.,0.));
#12893=DIRECTION('',(0.,1.,0.));
#12894=DIRECTION('',(-1.,0.,0.));
#12895=DIRECTION('',(0.,-1.,0.));
#12896=DIRECTION('',(-1.,0.,0.));
#12897=DIRECTION('',(0.,0.,-1.));
#12898=DIRECTION('',(-1.,0.,0.));
#12899=DIRECTION('',(0.,1.,0.));
#12900=DIRECTION('',(-1.,0.,0.));
#12901=DIRECTION('',(0.,-1.,0.));
#12902=DIRECTION('',(-1.,0.,0.));
#12903=DIRECTION('',(0.,0.,-1.));
#12904=DIRECTION('',(-1.,0.,0.));
#12905=DIRECTION('',(0.,1.,0.));
#12906=DIRECTION('',(-1.,0.,0.));
#12907=DIRECTION('',(0.,-1.,0.));
#12908=DIRECTION('',(-1.,0.,0.));
#12909=DIRECTION('',(0.,0.,-1.));
#12910=DIRECTION('',(-1.,0.,0.));
#12911=DIRECTION('',(0.,1.,0.));
#12912=DIRECTION('',(-1.,0.,0.));
#12913=DIRECTION('',(0.,-1.,0.));
#12914=DIRECTION('',(-1.,0.,0.));
#12915=DIRECTION('',(0.,0.,-1.));
#12916=DIRECTION('',(-1.,0.,0.));
#12917=DIRECTION('',(0.,1.,0.));
#12918=DIRECTION('',(-1.,0.,0.));
#12919=DIRECTION('',(0.,-1.,0.));
#12920=DIRECTION('',(-1.,0.,0.));
#12921=DIRECTION('',(0.,0.,-1.));
#12922=DIRECTION('',(-1.,0.,0.));
#12923=DIRECTION('',(0.,1.,0.));
#12924=DIRECTION('',(-1.,0.,0.));
#12925=DIRECTION('',(0.,-1.,0.));
#12926=DIRECTION('',(-1.,0.,0.));
#12927=DIRECTION('',(0.,0.,-1.));
#12928=DIRECTION('',(-1.,0.,0.));
#12929=DIRECTION('',(0.,1.,0.));
#12930=DIRECTION('',(-1.,0.,0.));
#12931=DIRECTION('',(0.,-1.,0.));
#12932=DIRECTION('',(-1.,0.,0.));
#12933=DIRECTION('',(0.,0.,-1.));
#12934=DIRECTION('',(-1.,0.,0.));
#12935=DIRECTION('',(0.,1.,0.));
#12936=DIRECTION('',(-1.,0.,0.));
#12937=DIRECTION('',(0.,-1.,0.));
#12938=DIRECTION('',(-1.,0.,0.));
#12939=DIRECTION('',(0.,0.,-1.));
#12940=DIRECTION('',(-1.,0.,0.));
#12941=DIRECTION('',(0.,1.,0.));
#12942=DIRECTION('',(-1.,0.,0.));
#12943=DIRECTION('',(0.,-1.,0.));
#12944=DIRECTION('',(-1.,0.,0.));
#12945=DIRECTION('',(-1.,0.,0.));
#12946=DIRECTION('',(0.,0.,1.));
#12947=DIRECTION('',(1.,0.,0.));
#12948=DIRECTION('',(0.,0.,-1.));
#12949=DIRECTION('',(-1.,0.,0.));
#12950=DIRECTION('',(0.,0.,1.));
#12951=DIRECTION('',(-1.,0.,0.));
#12952=DIRECTION('',(-1.,0.,0.));
#12953=DIRECTION('',(0.,0.,1.));
#12954=DIRECTION('',(-1.,0.,0.));
#12955=DIRECTION('',(0.,0.,1.));
#12956=DIRECTION('',(-1.,0.,0.));
#12957=DIRECTION('',(1.,0.,0.));
#12958=DIRECTION('',(0.,0.,-1.));
#12959=DIRECTION('',(-1.,0.,0.));
#12960=DIRECTION('',(0.,0.,1.));
#12961=DIRECTION('',(-1.,0.,0.));
#12962=DIRECTION('',(0.,0.,1.));
#12963=DIRECTION('',(-1.,0.,0.));
#12964=DIRECTION('',(1.,0.,0.));
#12965=DIRECTION('',(0.,0.,-1.));
#12966=DIRECTION('',(-1.,0.,0.));
#12967=DIRECTION('',(0.,0.,1.));
#12968=DIRECTION('',(-1.,0.,0.));
#12969=DIRECTION('',(0.,0.,1.));
#12970=DIRECTION('',(-1.,0.,0.));
#12971=DIRECTION('',(1.,0.,0.));
#12972=DIRECTION('',(0.,0.,-1.));
#12973=DIRECTION('',(-1.,0.,0.));
#12974=DIRECTION('',(0.,0.,1.));
#12975=DIRECTION('',(-1.,0.,0.));
#12976=DIRECTION('',(0.,0.,1.));
#12977=DIRECTION('',(-1.,0.,0.));
#12978=DIRECTION('',(1.,0.,0.));
#12979=DIRECTION('',(0.,0.,-1.));
#12980=DIRECTION('',(-1.,0.,0.));
#12981=DIRECTION('',(0.,0.,1.));
#12982=DIRECTION('',(-1.,0.,0.));
#12983=DIRECTION('',(0.,0.,1.));
#12984=DIRECTION('',(-1.,0.,0.));
#12985=DIRECTION('',(1.,0.,0.));
#12986=DIRECTION('',(0.,0.,-1.));
#12987=DIRECTION('',(-1.,0.,0.));
#12988=DIRECTION('',(0.,0.,1.));
#12989=DIRECTION('',(-1.,0.,0.));
#12990=DIRECTION('',(0.,0.,1.));
#12991=DIRECTION('',(-1.,0.,0.));
#12992=DIRECTION('',(1.,0.,0.));
#12993=DIRECTION('',(0.,0.,-1.));
#12994=DIRECTION('',(-1.,0.,0.));
#12995=DIRECTION('',(0.,0.,1.));
#12996=DIRECTION('',(-1.,0.,0.));
#12997=DIRECTION('',(0.,0.,1.));
#12998=DIRECTION('',(-1.,0.,0.));
#12999=DIRECTION('',(1.,0.,0.));
#13000=DIRECTION('',(0.,0.,-1.));
#13001=DIRECTION('',(-1.,0.,0.));
#13002=DIRECTION('',(0.,0.,1.));
#13003=DIRECTION('',(-1.,0.,0.));
#13004=DIRECTION('',(0.,0.,1.));
#13005=DIRECTION('',(-1.,0.,0.));
#13006=DIRECTION('',(1.,0.,0.));
#13007=DIRECTION('',(0.,0.,-1.));
#13008=DIRECTION('',(-1.,0.,0.));
#13009=DIRECTION('',(0.,0.,1.));
#13010=DIRECTION('',(-1.,0.,0.));
#13011=DIRECTION('',(0.,0.,1.));
#13012=DIRECTION('',(-1.,0.,0.));
#13013=DIRECTION('',(1.,0.,0.));
#13014=DIRECTION('',(0.,0.,-1.));
#13015=DIRECTION('',(-1.,0.,0.));
#13016=DIRECTION('',(0.,0.,1.));
#13017=DIRECTION('',(-1.,0.,0.));
#13018=DIRECTION('',(0.,0.,1.));
#13019=DIRECTION('',(-1.,0.,0.));
#13020=DIRECTION('',(1.,0.,0.));
#13021=DIRECTION('',(0.,0.,-1.));
#13022=DIRECTION('',(0.,-1.,0.));
#13023=DIRECTION('',(0.,0.,-1.));
#13024=DIRECTION('',(0.,0.,1.));
#13025=DIRECTION('',(0.,0.,1.));
#13026=DIRECTION('',(-1.,0.,0.));
#13027=DIRECTION('',(0.,-1.,0.));
#13028=DIRECTION('',(0.,0.,-1.));
#13029=DIRECTION('',(0.,0.,-1.));
#13030=DIRECTION('',(-1.,0.,0.));
#13031=DIRECTION('',(0.,0.,1.));
#13032=DIRECTION('',(0.,-1.,0.));
#13033=DIRECTION('',(0.,0.,-1.));
#13034=DIRECTION('',(0.,0.,-1.));
#13035=DIRECTION('',(-1.,0.,0.));
#13036=DIRECTION('',(0.,0.,1.));
#13037=DIRECTION('',(0.,-1.,0.));
#13038=DIRECTION('',(0.,0.,-1.));
#13039=DIRECTION('',(0.,0.,-1.));
#13040=DIRECTION('',(-1.,0.,0.));
#13041=DIRECTION('',(0.,0.,1.));
#13042=DIRECTION('',(0.,-1.,0.));
#13043=DIRECTION('',(0.,0.,-1.));
#13044=DIRECTION('',(0.,0.,-1.));
#13045=DIRECTION('',(-1.,0.,0.));
#13046=DIRECTION('',(0.,0.,1.));
#13047=DIRECTION('',(0.,-1.,0.));
#13048=DIRECTION('',(0.,0.,-1.));
#13049=DIRECTION('',(0.,0.,-1.));
#13050=DIRECTION('',(-1.,0.,0.));
#13051=DIRECTION('',(0.,0.,1.));
#13052=DIRECTION('',(0.,-1.,0.));
#13053=DIRECTION('',(0.,0.,-1.));
#13054=DIRECTION('',(0.,0.,-1.));
#13055=DIRECTION('',(-1.,0.,0.));
#13056=DIRECTION('',(0.,0.,1.));
#13057=DIRECTION('',(0.,-1.,0.));
#13058=DIRECTION('',(0.,0.,-1.));
#13059=DIRECTION('',(0.,0.,-1.));
#13060=DIRECTION('',(-1.,0.,0.));
#13061=DIRECTION('',(0.,0.,1.));
#13062=DIRECTION('',(0.,-1.,0.));
#13063=DIRECTION('',(0.,0.,-1.));
#13064=DIRECTION('',(0.,0.,-1.));
#13065=DIRECTION('',(-1.,0.,0.));
#13066=DIRECTION('',(0.,0.,1.));
#13067=DIRECTION('',(0.,-1.,0.));
#13068=DIRECTION('',(0.,0.,-1.));
#13069=DIRECTION('',(0.,0.,-1.));
#13070=DIRECTION('',(-1.,0.,0.));
#13071=DIRECTION('',(0.,0.,1.));
#13072=DIRECTION('',(0.,-1.,0.));
#13073=DIRECTION('',(0.,0.,-1.));
#13074=DIRECTION('',(0.,0.,-1.));
#13075=DIRECTION('',(-1.,0.,0.));
#13076=DIRECTION('',(0.,0.,1.));
#13077=DIRECTION('',(0.,0.,1.));
#13078=DIRECTION('',(1.,0.,0.));
#13079=DIRECTION('',(0.,1.,0.));
#13080=DIRECTION('',(0.,1.,0.));
#13081=DIRECTION('',(-1.,0.,0.));
#13082=DIRECTION('',(0.,0.,1.));
#13083=DIRECTION('',(1.,0.,0.));
#13084=DIRECTION('',(0.,-1.,0.));
#13085=DIRECTION('',(-1.,0.,0.));
#13086=DIRECTION('',(0.,1.,0.));
#13087=DIRECTION('',(0.,0.,1.));
#13088=DIRECTION('',(1.,0.,0.));
#13089=DIRECTION('',(0.,-1.,0.));
#13090=DIRECTION('',(-1.,0.,0.));
#13091=DIRECTION('',(0.,1.,0.));
#13092=DIRECTION('',(0.,0.,1.));
#13093=DIRECTION('',(1.,0.,0.));
#13094=DIRECTION('',(0.,-1.,0.));
#13095=DIRECTION('',(-1.,0.,0.));
#13096=DIRECTION('',(0.,1.,0.));
#13097=DIRECTION('',(0.,0.,1.));
#13098=DIRECTION('',(1.,0.,0.));
#13099=DIRECTION('',(0.,-1.,0.));
#13100=DIRECTION('',(-1.,0.,0.));
#13101=DIRECTION('',(0.,1.,0.));
#13102=DIRECTION('',(0.,0.,1.));
#13103=DIRECTION('',(1.,0.,0.));
#13104=DIRECTION('',(0.,-1.,0.));
#13105=DIRECTION('',(-1.,0.,0.));
#13106=DIRECTION('',(0.,1.,0.));
#13107=DIRECTION('',(0.,0.,1.));
#13108=DIRECTION('',(1.,0.,0.));
#13109=DIRECTION('',(0.,-1.,0.));
#13110=DIRECTION('',(-1.,0.,0.));
#13111=DIRECTION('',(0.,1.,0.));
#13112=DIRECTION('',(0.,0.,1.));
#13113=DIRECTION('',(1.,0.,0.));
#13114=DIRECTION('',(0.,-1.,0.));
#13115=DIRECTION('',(-1.,0.,0.));
#13116=DIRECTION('',(0.,1.,0.));
#13117=DIRECTION('',(0.,0.,1.));
#13118=DIRECTION('',(1.,0.,0.));
#13119=DIRECTION('',(0.,-1.,0.));
#13120=DIRECTION('',(-1.,0.,0.));
#13121=DIRECTION('',(0.,1.,0.));
#13122=DIRECTION('',(0.,0.,1.));
#13123=DIRECTION('',(1.,0.,0.));
#13124=DIRECTION('',(0.,-1.,0.));
#13125=DIRECTION('',(-1.,0.,0.));
#13126=DIRECTION('',(0.,1.,0.));
#13127=DIRECTION('',(0.,0.,1.));
#13128=DIRECTION('',(1.,0.,0.));
#13129=DIRECTION('',(0.,-1.,0.));
#13130=DIRECTION('',(-1.,0.,0.));
#13131=DIRECTION('',(0.,1.,0.));
#13132=DIRECTION('',(0.,1.,0.));
#13133=DIRECTION('',(0.,0.,1.));
#13134=DIRECTION('',(0.,0.,-1.));
#13135=DIRECTION('',(0.,0.,-1.));
#13136=DIRECTION('',(-1.,0.,0.));
#13137=DIRECTION('',(0.,1.,0.));
#13138=DIRECTION('',(0.,0.,1.));
#13139=DIRECTION('',(0.,0.,1.));
#13140=DIRECTION('',(-1.,0.,0.));
#13141=DIRECTION('',(0.,0.,-1.));
#13142=DIRECTION('',(0.,1.,0.));
#13143=DIRECTION('',(0.,0.,1.));
#13144=DIRECTION('',(0.,0.,1.));
#13145=DIRECTION('',(-1.,0.,0.));
#13146=DIRECTION('',(0.,0.,-1.));
#13147=DIRECTION('',(0.,1.,0.));
#13148=DIRECTION('',(0.,0.,1.));
#13149=DIRECTION('',(0.,0.,1.));
#13150=DIRECTION('',(-1.,0.,0.));
#13151=DIRECTION('',(0.,0.,-1.));
#13152=DIRECTION('',(0.,1.,0.));
#13153=DIRECTION('',(0.,0.,1.));
#13154=DIRECTION('',(0.,0.,1.));
#13155=DIRECTION('',(-1.,0.,0.));
#13156=DIRECTION('',(0.,0.,-1.));
#13157=DIRECTION('',(0.,1.,0.));
#13158=DIRECTION('',(0.,0.,1.));
#13159=DIRECTION('',(0.,0.,1.));
#13160=DIRECTION('',(-1.,0.,0.));
#13161=DIRECTION('',(0.,0.,-1.));
#13162=DIRECTION('',(0.,1.,0.));
#13163=DIRECTION('',(0.,0.,1.));
#13164=DIRECTION('',(0.,0.,1.));
#13165=DIRECTION('',(-1.,0.,0.));
#13166=DIRECTION('',(0.,0.,-1.));
#13167=DIRECTION('',(0.,1.,0.));
#13168=DIRECTION('',(0.,0.,1.));
#13169=DIRECTION('',(0.,0.,1.));
#13170=DIRECTION('',(-1.,0.,0.));
#13171=DIRECTION('',(0.,0.,-1.));
#13172=DIRECTION('',(0.,1.,0.));
#13173=DIRECTION('',(0.,0.,1.));
#13174=DIRECTION('',(0.,0.,1.));
#13175=DIRECTION('',(-1.,0.,0.));
#13176=DIRECTION('',(0.,0.,-1.));
#13177=DIRECTION('',(0.,1.,0.));
#13178=DIRECTION('',(0.,0.,1.));
#13179=DIRECTION('',(0.,0.,1.));
#13180=DIRECTION('',(-1.,0.,0.));
#13181=DIRECTION('',(0.,0.,-1.));
#13182=DIRECTION('',(0.,1.,0.));
#13183=DIRECTION('',(0.,0.,1.));
#13184=DIRECTION('',(0.,0.,1.));
#13185=DIRECTION('',(-1.,0.,0.));
#13186=DIRECTION('',(0.,0.,-1.));
#13187=DIRECTION('',(0.,1.,0.));
#13188=DIRECTION('',(0.,0.,1.));
#13189=DIRECTION('',(0.,0.,1.));
#13190=DIRECTION('',(-1.,0.,0.));
#13191=DIRECTION('',(0.,0.,-1.));
#13192=DIRECTION('',(-1.,0.,0.));
#13193=DIRECTION('',(0.,0.,-1.));
#13194=DIRECTION('',(-1.,0.,0.));
#13195=DIRECTION('',(0.,1.,0.));
#13196=DIRECTION('',(-1.,0.,0.));
#13197=DIRECTION('',(0.,-1.,0.));
#13198=DIRECTION('',(0.,-1.,0.));
#13199=DIRECTION('',(0.,0.,-1.));
#13200=DIRECTION('',(0.,0.,-1.));
#13201=DIRECTION('',(-1.,0.,0.));
#13202=DIRECTION('',(0.,0.,1.));
#13203=DIRECTION('',(-1.,0.,0.));
#13204=DIRECTION('',(0.,0.,1.));
#13205=DIRECTION('',(-1.,0.,0.));
#13206=DIRECTION('',(0.,0.,1.));
#13207=DIRECTION('',(-1.,0.,0.));
#13208=DIRECTION('',(-1.,0.,0.));
#13209=DIRECTION('',(0.,0.,1.));
#13210=DIRECTION('',(0.,0.,1.));
#13211=DIRECTION('',(1.,0.,0.));
#13212=DIRECTION('',(0.,-1.,0.));
#13213=DIRECTION('',(-1.,0.,0.));
#13214=DIRECTION('',(0.,1.,0.));
#13215=DIRECTION('',(0.,-1.,0.));
#13216=DIRECTION('',(0.,0.,-1.));
#13217=DIRECTION('',(0.,0.,-1.));
#13218=DIRECTION('',(1.,-2.51088970005907E-16,-2.61306017627853E-16));
#13219=DIRECTION('',(0.,0.,-1.));
#13220=DIRECTION('',(0.,0.,-1.));
#13221=DIRECTION('',(1.,-2.51088970005907E-16,-2.61306017627853E-16));
#13222=DIRECTION('',(0.,0.,-1.));
#13223=DIRECTION('',(0.,0.,-1.));
#13224=DIRECTION('',(1.,-2.51088970005906E-16,-2.61306017627853E-16));
#13225=DIRECTION('',(0.,0.,-1.));
#13226=DIRECTION('',(0.,0.,-1.));
#13227=DIRECTION('',(1.,-2.51088970005907E-16,-2.61306017627853E-16));
#13228=DIRECTION('',(0.,0.,-1.));
#13229=DIRECTION('',(0.,0.,-1.));
#13230=DIRECTION('',(1.,-2.51088970005907E-16,-2.61306017627853E-16));
#13231=DIRECTION('',(0.,0.,-1.));
#13232=DIRECTION('',(0.,0.,-1.));
#13233=DIRECTION('',(1.,-2.51088970005907E-16,-2.61306017627853E-16));
#13234=DIRECTION('',(0.,0.,-1.));
#13235=DIRECTION('',(0.,0.,-1.));
#13236=DIRECTION('',(1.,-2.51088970005907E-16,-2.61306017627853E-16));
#13237=DIRECTION('',(0.,0.,-1.));
#13238=DIRECTION('',(0.,0.,-1.));
#13239=DIRECTION('',(1.,-2.51088970005907E-16,-2.61306017627853E-16));
#13240=DIRECTION('',(0.,0.,-1.));
#13241=DIRECTION('',(0.,0.,-1.));
#13242=DIRECTION('',(1.,-2.51088970005907E-16,-2.61306017627853E-16));
#13243=DIRECTION('',(0.,0.,-1.));
#13244=DIRECTION('',(0.,0.,-1.));
#13245=DIRECTION('',(1.,-2.51088970005907E-16,-2.61306017627853E-16));
#13246=DIRECTION('',(0.,0.,-1.));
#13247=DIRECTION('',(0.,0.,-1.));
#13248=DIRECTION('',(1.,-2.51088970005907E-16,-2.61306017627854E-16));
#13249=DIRECTION('',(0.,0.,-1.));
#13250=DIRECTION('',(0.,0.,1.));
#13251=DIRECTION('',(0.,0.,-1.));
#13252=DIRECTION('',(-1.,2.51088970005907E-16,-2.61306017627854E-16));
#13253=DIRECTION('',(0.,0.,-1.));
#13254=DIRECTION('',(0.,0.,-1.));
#13255=DIRECTION('',(-1.,2.51088970005907E-16,-2.61306017627853E-16));
#13256=DIRECTION('',(0.,0.,-1.));
#13257=DIRECTION('',(0.,0.,-1.));
#13258=DIRECTION('',(-1.,2.51088970005907E-16,-2.61306017627853E-16));
#13259=DIRECTION('',(0.,0.,-1.));
#13260=DIRECTION('',(0.,0.,-1.));
#13261=DIRECTION('',(-1.,2.51088970005907E-16,-2.61306017627853E-16));
#13262=DIRECTION('',(0.,0.,-1.));
#13263=DIRECTION('',(0.,0.,-1.));
#13264=DIRECTION('',(-1.,2.51088970005907E-16,-2.61306017627853E-16));
#13265=DIRECTION('',(0.,0.,-1.));
#13266=DIRECTION('',(0.,0.,-1.));
#13267=DIRECTION('',(-1.,2.51088970005907E-16,-2.61306017627853E-16));
#13268=DIRECTION('',(0.,0.,-1.));
#13269=DIRECTION('',(0.,0.,-1.));
#13270=DIRECTION('',(-1.,2.51088970005907E-16,-2.61306017627853E-16));
#13271=DIRECTION('',(0.,0.,-1.));
#13272=DIRECTION('',(0.,0.,-1.));
#13273=DIRECTION('',(-1.,2.51088970005907E-16,-2.61306017627853E-16));
#13274=DIRECTION('',(0.,0.,-1.));
#13275=DIRECTION('',(0.,0.,-1.));
#13276=DIRECTION('',(-1.,2.51088970005906E-16,-2.61306017627853E-16));
#13277=DIRECTION('',(0.,0.,-1.));
#13278=DIRECTION('',(0.,0.,-1.));
#13279=DIRECTION('',(-1.,2.51088970005907E-16,-2.61306017627853E-16));
#13280=DIRECTION('',(0.,0.,-1.));
#13281=DIRECTION('',(0.,0.,-1.));
#13282=DIRECTION('',(-1.,2.51088970005907E-16,-2.61306017627853E-16));
#13283=DIRECTION('',(0.,0.,-1.));
#13284=DIRECTION('',(-1.,0.,0.));
#13285=DIRECTION('',(0.,0.,1.));
#13286=DIRECTION('',(0.,0.,-1.));
#13287=DIRECTION('',(-1.,0.,0.));
#13288=DIRECTION('',(0.,1.,0.));
#13289=DIRECTION('',(-1.,0.,0.));
#13290=DIRECTION('',(0.,-1.,0.));
#13291=DIRECTION('',(-1.,0.,0.));
#13292=DIRECTION('',(0.,0.,1.));
#13293=DIRECTION('',(-1.,0.,0.));
#13294=DIRECTION('',(0.,0.,1.));
#13295=DIRECTION('',(-1.,0.,0.));
#13296=DIRECTION('',(-1.,0.,0.));
#13297=DIRECTION('',(0.,0.,1.));
#13298=DIRECTION('',(0.,-1.,0.));
#13299=DIRECTION('',(0.,0.,-1.));
#13300=DIRECTION('',(0.,0.,-1.));
#13301=DIRECTION('',(-1.,0.,0.));
#13302=DIRECTION('',(0.,0.,1.));
#13303=DIRECTION('',(0.,0.,1.));
#13304=DIRECTION('',(1.,0.,0.));
#13305=DIRECTION('',(0.,-1.,0.));
#13306=DIRECTION('',(-1.,0.,0.));
#13307=DIRECTION('',(0.,1.,0.));
#13308=DIRECTION('',(0.,1.,0.));
#13309=DIRECTION('',(0.,0.,1.));
#13310=DIRECTION('',(0.,0.,1.));
#13311=DIRECTION('',(-1.,0.,0.));
#13312=DIRECTION('',(0.,0.,-1.));
#13313=DIRECTION('',(0.,0.721063009431587,0.692869494514993));
#13314=DIRECTION('',(0.,-0.692869494514993,0.721063009431587));
#13315=DIRECTION('',(0.,0.692869494514993,-0.721063009431587));
#13316=DIRECTION('',(0.,0.692869494514993,-0.721063009431587));
#13317=DIRECTION('',(-1.,0.,0.));
#13318=DIRECTION('',(0.,0.692869494514993,-0.721063009431587));
#13319=DIRECTION('',(0.,-0.692869494514993,0.721063009431587));
#13320=DIRECTION('',(0.,0.692869494514993,-0.721063009431587));
#13321=DIRECTION('',(0.,-0.692869494514993,0.721063009431587));
#13322=DIRECTION('',(0.,0.692869494514993,-0.721063009431587));
#13323=DIRECTION('',(0.,-0.692869494514993,0.721063009431587));
#13324=DIRECTION('',(0.,0.692869494514993,-0.721063009431587));
#13325=DIRECTION('',(0.,-0.692869494514993,0.721063009431587));
#13326=DIRECTION('',(0.,0.692869494514993,-0.721063009431587));
#13327=DIRECTION('',(0.,-0.692869494514993,0.721063009431587));
#13328=DIRECTION('',(0.,0.692869494514993,-0.721063009431587));
#13329=DIRECTION('',(0.,-0.692869494514993,0.721063009431587));
#13330=DIRECTION('',(0.,0.692869494514993,-0.721063009431587));
#13331=DIRECTION('',(0.,-0.692869494514993,0.721063009431587));
#13332=DIRECTION('',(0.,0.692869494514993,-0.721063009431587));
#13333=DIRECTION('',(0.,-0.692869494514993,0.721063009431587));
#13334=DIRECTION('',(0.,0.692869494514993,-0.721063009431587));
#13335=DIRECTION('',(0.,-0.692869494514993,0.721063009431587));
#13336=DIRECTION('',(0.,0.692869494514993,-0.721063009431587));
#13337=DIRECTION('',(0.,-0.692869494514993,0.721063009431587));
#13338=DIRECTION('',(0.,0.692869494514993,-0.721063009431587));
#13339=DIRECTION('',(0.,-0.692869494514993,0.721063009431587));
#13340=DIRECTION('',(0.,0.721063009431587,-0.692869494514993));
#13341=DIRECTION('',(0.,0.692869494514993,0.721063009431587));
#13342=DIRECTION('',(0.,-0.692869494514993,-0.721063009431587));
#13343=DIRECTION('',(0.,0.692869494514993,0.721063009431587));
#13344=DIRECTION('',(0.,-0.692869494514993,-0.721063009431587));
#13345=DIRECTION('',(0.,0.692869494514993,0.721063009431587));
#13346=DIRECTION('',(0.,-0.692869494514993,-0.721063009431587));
#13347=DIRECTION('',(0.,0.692869494514993,0.721063009431587));
#13348=DIRECTION('',(0.,-0.692869494514993,-0.721063009431587));
#13349=DIRECTION('',(0.,0.692869494514993,0.721063009431587));
#13350=DIRECTION('',(0.,-0.692869494514993,-0.721063009431587));
#13351=DIRECTION('',(0.,0.692869494514993,0.721063009431587));
#13352=DIRECTION('',(0.,-0.692869494514993,-0.721063009431587));
#13353=DIRECTION('',(0.,0.692869494514993,0.721063009431587));
#13354=DIRECTION('',(0.,-0.692869494514993,-0.721063009431587));
#13355=DIRECTION('',(0.,0.692869494514993,0.721063009431587));
#13356=DIRECTION('',(0.,-0.692869494514993,-0.721063009431587));
#13357=DIRECTION('',(0.,0.692869494514993,0.721063009431587));
#13358=DIRECTION('',(0.,-0.692869494514993,-0.721063009431587));
#13359=DIRECTION('',(0.,0.692869494514993,0.721063009431587));
#13360=DIRECTION('',(0.,-0.692869494514993,-0.721063009431587));
#13361=DIRECTION('',(0.,0.692869494514993,0.721063009431587));
#13362=DIRECTION('',(0.,-0.692869494514993,-0.721063009431587));
#13363=DIRECTION('',(0.,0.692869494514993,0.721063009431587));
#13364=DIRECTION('',(0.,-0.692869494514993,-0.721063009431587));
#13365=DIRECTION('',(0.,-0.692869494514993,-0.721063009431587));
#13366=DIRECTION('',(-1.,0.,0.));
#13367=DIRECTION('',(0.,0.,1.));
#13368=DIRECTION('',(-1.,0.,0.));
#13369=DIRECTION('',(0.,0.,1.));
#13370=DIRECTION('',(-1.,0.,0.));
#13371=DIRECTION('',(0.,0.,1.));
#13372=DIRECTION('',(1.,0.,0.));
#13373=DIRECTION('',(0.,0.,-1.));
#13374=DIRECTION('',(-1.,0.,0.));
#13375=DIRECTION('',(0.,0.,1.));
#13376=DIRECTION('',(1.,0.,0.));
#13377=DIRECTION('',(0.,0.,-1.));
#13378=DIRECTION('',(-1.,0.,0.));
#13379=DIRECTION('',(0.,0.,1.));
#13380=DIRECTION('',(1.,0.,0.));
#13381=DIRECTION('',(0.,0.,-1.));
#13382=DIRECTION('',(-1.,0.,0.));
#13383=DIRECTION('',(0.,0.,1.));
#13384=DIRECTION('',(1.,0.,0.));
#13385=DIRECTION('',(0.,0.,-1.));
#13386=DIRECTION('',(-1.,0.,0.));
#13387=DIRECTION('',(0.,0.,1.));
#13388=DIRECTION('',(1.,0.,0.));
#13389=DIRECTION('',(0.,0.,-1.));
#13390=DIRECTION('',(-1.,0.,0.));
#13391=DIRECTION('',(0.,0.,1.));
#13392=DIRECTION('',(1.,0.,0.));
#13393=DIRECTION('',(0.,0.,-1.));
#13394=DIRECTION('',(-1.,0.,0.));
#13395=DIRECTION('',(0.,0.,1.));
#13396=DIRECTION('',(1.,0.,0.));
#13397=DIRECTION('',(0.,0.,-1.));
#13398=DIRECTION('',(-1.,0.,0.));
#13399=DIRECTION('',(0.,0.,1.));
#13400=DIRECTION('',(1.,0.,0.));
#13401=DIRECTION('',(0.,0.,-1.));
#13402=DIRECTION('',(-1.,0.,0.));
#13403=DIRECTION('',(0.,0.,1.));
#13404=DIRECTION('',(1.,0.,0.));
#13405=DIRECTION('',(0.,0.,-1.));
#13406=DIRECTION('',(-1.,0.,0.));
#13407=DIRECTION('',(0.,0.,1.));
#13408=DIRECTION('',(1.,0.,0.));
#13409=DIRECTION('',(0.,0.,-1.));
#13410=DIRECTION('',(-1.,0.,0.));
#13411=DIRECTION('',(0.,0.,1.));
#13412=DIRECTION('',(1.,0.,0.));
#13413=DIRECTION('',(0.,0.,-1.));
#13414=DIRECTION('',(-1.,0.,0.));
#13415=DIRECTION('',(0.,0.,1.));
#13416=DIRECTION('',(1.,0.,0.));
#13417=DIRECTION('',(0.,0.,-1.));
#13418=DIRECTION('',(-1.,0.,0.));
#13419=DIRECTION('',(0.,0.,1.));
#13420=DIRECTION('',(1.,0.,0.));
#13421=DIRECTION('',(0.,0.,-1.));
#13422=DIRECTION('',(-1.,0.,0.));
#13423=DIRECTION('',(0.,0.,1.));
#13424=DIRECTION('',(1.,0.,0.));
#13425=DIRECTION('',(0.,0.,-1.));
#13426=DIRECTION('',(-1.,0.,0.));
#13427=DIRECTION('',(0.,0.,1.));
#13428=DIRECTION('',(1.,0.,0.));
#13429=DIRECTION('',(0.,0.,-1.));
#13430=DIRECTION('',(-1.,0.,0.));
#13431=DIRECTION('',(0.,0.,1.));
#13432=DIRECTION('',(1.,0.,0.));
#13433=DIRECTION('',(0.,0.,-1.));
#13434=DIRECTION('',(-1.,0.,0.));
#13435=DIRECTION('',(0.,0.,1.));
#13436=DIRECTION('',(1.,0.,0.));
#13437=DIRECTION('',(0.,0.,-1.));
#13438=DIRECTION('',(-1.,0.,0.));
#13439=DIRECTION('',(0.,0.,1.));
#13440=DIRECTION('',(1.,0.,0.));
#13441=DIRECTION('',(0.,0.,-1.));
#13442=DIRECTION('',(-1.,0.,0.));
#13443=DIRECTION('',(0.,0.,1.));
#13444=DIRECTION('',(1.,0.,0.));
#13445=DIRECTION('',(0.,0.,-1.));
#13446=DIRECTION('',(-1.,0.,0.));
#13447=DIRECTION('',(0.,0.,1.));
#13448=DIRECTION('',(1.,0.,0.));
#13449=DIRECTION('',(0.,0.,-1.));
#13450=DIRECTION('',(-1.,0.,0.));
#13451=DIRECTION('',(0.,0.,1.));
#13452=DIRECTION('',(1.,0.,0.));
#13453=DIRECTION('',(0.,0.,-1.));
#13454=DIRECTION('',(1.,0.,0.));
#13455=DIRECTION('',(0.,0.,-1.));
#13456=DIRECTION('',(-1.,0.,0.));
#13457=DIRECTION('',(0.,0.,1.));
#13458=DIRECTION('',(0.,0.,1.));
#13459=DIRECTION('',(1.,0.,0.));
#13460=CARTESIAN_POINT('',(0.,0.,0.));
#13461=CARTESIAN_POINT('',(0.099999999999999,0.005,0.1));
#13462=CARTESIAN_POINT('',(-0.0425,0.005,0.1));
#13463=CARTESIAN_POINT('',(-0.0425,0.099,0.1));
#13464=CARTESIAN_POINT('',(-0.0425,0.205,0.1));
#13465=CARTESIAN_POINT('',(0.0659999999999998,-0.0119999999999996,0.1));
#13466=CARTESIAN_POINT('',(-0.0525,0.225,0.1));
#13467=CARTESIAN_POINT('',(0.099999999999999,0.225,0.1));
#13468=CARTESIAN_POINT('',(-0.1,0.225,0.1));
#13469=CARTESIAN_POINT('',(-0.1,0.005,0.1));
#13470=CARTESIAN_POINT('',(-0.1,0.,0.1));
#13471=CARTESIAN_POINT('',(0.099999999999999,0.,0.1));
#13472=CARTESIAN_POINT('',(0.099999999999999,0.,0.1));
#13473=CARTESIAN_POINT('',(0.099999999999999,0.005,0.1));
#13474=CARTESIAN_POINT('',(0.099999999999999,0.225,0.1));
#13475=CARTESIAN_POINT('',(0.099999999999999,0.225,0.1));
#13476=CARTESIAN_POINT('',(0.0525,0.225,0.1));
#13477=CARTESIAN_POINT('',(-0.0260000000000002,0.0679999999999996,0.1));
#13478=CARTESIAN_POINT('',(0.0425,0.205,0.1));
#13479=CARTESIAN_POINT('',(0.0425,0.005,0.1));
#13480=CARTESIAN_POINT('',(0.0425,0.099,0.1));
#13481=CARTESIAN_POINT('',(0.099999999999999,0.099,0.1));
#13482=CARTESIAN_POINT('',(-0.1,0.225,0.0675));
#13483=CARTESIAN_POINT('',(-0.1,0.225,0.0675));
#13484=CARTESIAN_POINT('',(-0.1,0.225,0.0675));
#13485=CARTESIAN_POINT('',(-0.0525,0.225,0.0675));
#13486=CARTESIAN_POINT('',(-0.0525,0.225,0.0675));
#13487=CARTESIAN_POINT('',(-0.0425,0.205,0.0675));
#13488=CARTESIAN_POINT('',(-0.0425,0.205,0.0675));
#13489=CARTESIAN_POINT('',(-0.0425,0.099,0.0675));
#13490=CARTESIAN_POINT('',(0.,0.099,0.0675));
#13491=CARTESIAN_POINT('',(-0.1,0.099,0.0675));
#13492=CARTESIAN_POINT('',(-0.1,0.225,0.0675));
#13493=CARTESIAN_POINT('',(-0.1,0.225,0.0675));
#13494=CARTESIAN_POINT('',(0.,0.099,0.0675));
#13495=CARTESIAN_POINT('',(0.1,0.099,0.0675));
#13496=CARTESIAN_POINT('',(0.0425,0.099,0.0675));
#13497=CARTESIAN_POINT('',(0.0425,0.099,0.0675));
#13498=CARTESIAN_POINT('',(0.0425,0.205,0.0675));
#13499=CARTESIAN_POINT('',(0.0425,0.205,0.0675));
#13500=CARTESIAN_POINT('',(0.0525,0.225,0.0675));
#13501=CARTESIAN_POINT('',(-0.1,0.225,0.0675));
#13502=CARTESIAN_POINT('',(0.1,0.225,0.0675));
#13503=CARTESIAN_POINT('',(0.1,0.225,0.0675));
#13504=CARTESIAN_POINT('',(0.,0.225,0.));
#13505=CARTESIAN_POINT('',(-0.0525,0.225,0.));
#13506=CARTESIAN_POINT('',(-0.1,0.225,0.1));
#13507=CARTESIAN_POINT('',(0.,0.225,0.));
#13508=CARTESIAN_POINT('',(0.0525,0.225,0.));
#13509=CARTESIAN_POINT('',(0.1,0.225,0.0675));
#13510=CARTESIAN_POINT('',(-0.3,0.099,0.0675));
#13511=CARTESIAN_POINT('',(-0.1,0.099,0.0675));
#13512=CARTESIAN_POINT('',(-0.1,0.,0.0675));
#13513=CARTESIAN_POINT('',(-0.1,0.0245,0.0675));
#13514=CARTESIAN_POINT('',(0.3,0.0245,0.067500000000002));
#13515=CARTESIAN_POINT('',(-0.3,0.0245,0.067500000000002));
#13516=CARTESIAN_POINT('',(-0.3,0.099,0.0675));
#13517=CARTESIAN_POINT('',(-0.3,0.,0.0675));
#13518=CARTESIAN_POINT('',(-0.3,0.,0.0675));
#13519=CARTESIAN_POINT('',(-0.3,0.099,0.0675));
#13520=CARTESIAN_POINT('',(0.3,0.0745,0.067500000000002));
#13521=CARTESIAN_POINT('',(-0.0999999999999999,0.0745,0.067500000000002));
#13522=CARTESIAN_POINT('',(-0.3,0.0745,0.067500000000002));
#13523=CARTESIAN_POINT('',(-0.1,0.225,0.0675));
#13524=CARTESIAN_POINT('',(-0.3,0.099,0.0675));
#13525=CARTESIAN_POINT('',(-0.3,0.099,0.0675));
#13526=CARTESIAN_POINT('',(-0.3,0.099,0.0675));
#13527=CARTESIAN_POINT('',(0.3,0.099,-0.0675));
#13528=CARTESIAN_POINT('',(0.3,0.0245,-0.067500000000002));
#13529=CARTESIAN_POINT('',(-0.1,0.0245,-0.0675));
#13530=CARTESIAN_POINT('',(-0.3,0.0245,-0.067500000000002));
#13531=CARTESIAN_POINT('',(-0.1,0.099,-0.0675));
#13532=CARTESIAN_POINT('',(-0.1,0.,-0.0675));
#13533=CARTESIAN_POINT('',(0.3,0.,-0.0675));
#13534=CARTESIAN_POINT('',(-0.3,0.,-0.0675));
#13535=CARTESIAN_POINT('',(-0.3,0.099,-0.0675));
#13536=CARTESIAN_POINT('',(0.3,0.099,-0.0675));
#13537=CARTESIAN_POINT('',(0.3,0.099,-0.0675));
#13538=CARTESIAN_POINT('',(-0.0999999999999999,0.099,-0.0675));
#13539=CARTESIAN_POINT('',(-0.3,0.099,-0.0675));
#13540=CARTESIAN_POINT('',(-0.1,0.225,-0.0675));
#13541=CARTESIAN_POINT('',(-0.1,0.0745,-0.0675));
#13542=CARTESIAN_POINT('',(0.3,0.0745,-0.067500000000002));
#13543=CARTESIAN_POINT('',(-0.3,0.0745,-0.0675));
#13544=CARTESIAN_POINT('',(-0.3,0.099,-0.0675));
#13545=CARTESIAN_POINT('',(0.0670000000000001,0.099,-0.0325));
#13546=CARTESIAN_POINT('',(0.0670000000000001,0.099,-0.0165));
#13547=CARTESIAN_POINT('',(0.0670000000000001,0.099,-0.0165));
#13548=CARTESIAN_POINT('',(0.0670000000000001,0.005,-0.0165));
#13549=CARTESIAN_POINT('',(0.0670000000000001,0.005,-0.0325));
#13550=CARTESIAN_POINT('',(0.0670000000000001,0.005,-0.0325));
#13551=CARTESIAN_POINT('',(0.0670000000000001,0.099,-0.0325));
#13552=CARTESIAN_POINT('',(0.0670000000000001,0.099,-0.0325));
#13553=CARTESIAN_POINT('',(0.0670000000000001,0.099,-0.0325));
#13554=CARTESIAN_POINT('',(0.0830000000000001,0.099,-0.0325));
#13555=CARTESIAN_POINT('',(0.0830000000000001,0.005,-0.0325));
#13556=CARTESIAN_POINT('',(0.0830000000000001,0.005,-0.0325));
#13557=CARTESIAN_POINT('',(0.0830000000000001,0.099,-0.0325));
#13558=CARTESIAN_POINT('',(0.0830000000000001,0.099,-0.0325));
#13559=CARTESIAN_POINT('',(0.0830000000000001,0.099,-0.0325));
#13560=CARTESIAN_POINT('',(0.0830000000000001,0.099,-0.0165));
#13561=CARTESIAN_POINT('',(0.0830000000000001,0.005,-0.0165));
#13562=CARTESIAN_POINT('',(0.0830000000000001,0.005,-0.0165));
#13563=CARTESIAN_POINT('',(0.0830000000000001,0.099,-0.0165));
#13564=CARTESIAN_POINT('',(0.0830000000000001,0.099,-0.0165));
#13565=CARTESIAN_POINT('',(0.0830000000000001,0.099,-0.0165));
#13566=CARTESIAN_POINT('',(0.0670000000000001,0.099,0.0175));
#13567=CARTESIAN_POINT('',(0.0670000000000001,0.099,0.0335));
#13568=CARTESIAN_POINT('',(0.0670000000000001,0.099,0.0335));
#13569=CARTESIAN_POINT('',(0.0670000000000001,0.005,0.0335));
#13570=CARTESIAN_POINT('',(0.0670000000000001,0.005,0.0175));
#13571=CARTESIAN_POINT('',(0.0670000000000001,0.005,0.0175));
#13572=CARTESIAN_POINT('',(0.0670000000000001,0.099,0.0175));
#13573=CARTESIAN_POINT('',(0.0670000000000001,0.099,0.0175));
#13574=CARTESIAN_POINT('',(0.0670000000000001,0.099,0.0175));
#13575=CARTESIAN_POINT('',(0.0830000000000001,0.099,0.0175));
#13576=CARTESIAN_POINT('',(0.0830000000000001,0.005,0.0175));
#13577=CARTESIAN_POINT('',(0.0830000000000001,0.005,0.0175));
#13578=CARTESIAN_POINT('',(0.0830000000000001,0.099,0.0175));
#13579=CARTESIAN_POINT('',(0.0830000000000001,0.099,0.0175));
#13580=CARTESIAN_POINT('',(0.0830000000000001,0.099,0.0175));
#13581=CARTESIAN_POINT('',(0.0830000000000001,0.099,0.0335));
#13582=CARTESIAN_POINT('',(0.0830000000000001,0.005,0.0335));
#13583=CARTESIAN_POINT('',(0.0830000000000001,0.005,0.0335));
#13584=CARTESIAN_POINT('',(0.0830000000000001,0.099,0.0335));
#13585=CARTESIAN_POINT('',(0.0830000000000001,0.099,0.0335));
#13586=CARTESIAN_POINT('',(0.0830000000000001,0.099,0.0335));
#13587=CARTESIAN_POINT('',(0.0170000000000001,0.099,-0.0325));
#13588=CARTESIAN_POINT('',(0.0170000000000001,0.099,-0.0165));
#13589=CARTESIAN_POINT('',(0.0170000000000001,0.099,-0.0165));
#13590=CARTESIAN_POINT('',(0.0170000000000001,0.005,-0.0165));
#13591=CARTESIAN_POINT('',(0.0170000000000001,0.005,-0.0325));
#13592=CARTESIAN_POINT('',(0.0170000000000001,0.005,-0.0325));
#13593=CARTESIAN_POINT('',(0.0170000000000001,0.099,-0.0325));
#13594=CARTESIAN_POINT('',(0.0170000000000001,0.099,-0.0325));
#13595=CARTESIAN_POINT('',(0.0170000000000001,0.099,-0.0325));
#13596=CARTESIAN_POINT('',(0.0330000000000001,0.099,-0.0325));
#13597=CARTESIAN_POINT('',(0.0330000000000001,0.005,-0.0325));
#13598=CARTESIAN_POINT('',(0.0330000000000001,0.005,-0.0325));
#13599=CARTESIAN_POINT('',(0.0330000000000001,0.099,-0.0325));
#13600=CARTESIAN_POINT('',(0.0330000000000001,0.099,-0.0325));
#13601=CARTESIAN_POINT('',(0.0330000000000001,0.099,-0.0325));
#13602=CARTESIAN_POINT('',(0.0330000000000001,0.099,-0.0165));
#13603=CARTESIAN_POINT('',(0.0330000000000001,0.005,-0.0165));
#13604=CARTESIAN_POINT('',(0.0330000000000001,0.005,-0.0165));
#13605=CARTESIAN_POINT('',(0.0330000000000001,0.099,-0.0165));
#13606=CARTESIAN_POINT('',(0.0330000000000001,0.099,-0.0165));
#13607=CARTESIAN_POINT('',(0.0330000000000001,0.099,-0.0165));
#13608=CARTESIAN_POINT('',(0.0170000000000001,0.099,0.0175));
#13609=CARTESIAN_POINT('',(0.0170000000000001,0.099,0.0335));
#13610=CARTESIAN_POINT('',(0.0170000000000001,0.099,0.0335));
#13611=CARTESIAN_POINT('',(0.0170000000000001,0.005,0.0335));
#13612=CARTESIAN_POINT('',(0.0170000000000001,0.005,0.0175));
#13613=CARTESIAN_POINT('',(0.0170000000000001,0.005,0.0175));
#13614=CARTESIAN_POINT('',(0.0170000000000001,0.099,0.0175));
#13615=CARTESIAN_POINT('',(0.0170000000000001,0.099,0.0175));
#13616=CARTESIAN_POINT('',(0.0170000000000001,0.099,0.0175));
#13617=CARTESIAN_POINT('',(0.0330000000000001,0.099,0.0175));
#13618=CARTESIAN_POINT('',(0.0330000000000001,0.005,0.0175));
#13619=CARTESIAN_POINT('',(0.0330000000000001,0.005,0.0175));
#13620=CARTESIAN_POINT('',(0.0330000000000001,0.099,0.0175));
#13621=CARTESIAN_POINT('',(0.0330000000000001,0.099,0.0175));
#13622=CARTESIAN_POINT('',(0.0330000000000001,0.099,0.0175));
#13623=CARTESIAN_POINT('',(0.0330000000000001,0.099,0.0335));
#13624=CARTESIAN_POINT('',(0.0330000000000001,0.005,0.0335));
#13625=CARTESIAN_POINT('',(0.0330000000000001,0.005,0.0335));
#13626=CARTESIAN_POINT('',(0.0330000000000001,0.099,0.0335));
#13627=CARTESIAN_POINT('',(0.0330000000000001,0.099,0.0335));
#13628=CARTESIAN_POINT('',(0.0330000000000001,0.099,0.0335));
#13629=CARTESIAN_POINT('',(-0.033,0.099,-0.0325));
#13630=CARTESIAN_POINT('',(-0.033,0.099,-0.0165));
#13631=CARTESIAN_POINT('',(-0.033,0.099,-0.0165));
#13632=CARTESIAN_POINT('',(-0.033,0.005,-0.0165));
#13633=CARTESIAN_POINT('',(-0.033,0.005,-0.0325));
#13634=CARTESIAN_POINT('',(-0.033,0.005,-0.0325));
#13635=CARTESIAN_POINT('',(-0.033,0.099,-0.0325));
#13636=CARTESIAN_POINT('',(-0.033,0.099,-0.0325));
#13637=CARTESIAN_POINT('',(-0.033,0.099,-0.0325));
#13638=CARTESIAN_POINT('',(-0.017,0.099,-0.0325));
#13639=CARTESIAN_POINT('',(-0.017,0.005,-0.0325));
#13640=CARTESIAN_POINT('',(-0.017,0.005,-0.0325));
#13641=CARTESIAN_POINT('',(-0.017,0.099,-0.0325));
#13642=CARTESIAN_POINT('',(-0.017,0.099,-0.0325));
#13643=CARTESIAN_POINT('',(-0.017,0.099,-0.0325));
#13644=CARTESIAN_POINT('',(-0.017,0.099,-0.0165));
#13645=CARTESIAN_POINT('',(-0.017,0.005,-0.0165));
#13646=CARTESIAN_POINT('',(-0.017,0.005,-0.0165));
#13647=CARTESIAN_POINT('',(-0.017,0.099,-0.0165));
#13648=CARTESIAN_POINT('',(-0.017,0.099,-0.0165));
#13649=CARTESIAN_POINT('',(-0.017,0.099,-0.0165));
#13650=CARTESIAN_POINT('',(-0.033,0.099,0.0175));
#13651=CARTESIAN_POINT('',(-0.033,0.099,0.0335));
#13652=CARTESIAN_POINT('',(-0.033,0.099,0.0335));
#13653=CARTESIAN_POINT('',(-0.033,0.005,0.0335));
#13654=CARTESIAN_POINT('',(-0.033,0.005,0.0175));
#13655=CARTESIAN_POINT('',(-0.033,0.005,0.0175));
#13656=CARTESIAN_POINT('',(-0.033,0.099,0.0175));
#13657=CARTESIAN_POINT('',(-0.033,0.099,0.0175));
#13658=CARTESIAN_POINT('',(-0.033,0.099,0.0175));
#13659=CARTESIAN_POINT('',(-0.017,0.099,0.0175));
#13660=CARTESIAN_POINT('',(-0.017,0.005,0.0175));
#13661=CARTESIAN_POINT('',(-0.017,0.005,0.0175));
#13662=CARTESIAN_POINT('',(-0.017,0.099,0.0175));
#13663=CARTESIAN_POINT('',(-0.017,0.099,0.0175));
#13664=CARTESIAN_POINT('',(-0.017,0.099,0.0175));
#13665=CARTESIAN_POINT('',(-0.017,0.099,0.0335));
#13666=CARTESIAN_POINT('',(-0.017,0.005,0.0335));
#13667=CARTESIAN_POINT('',(-0.017,0.005,0.0335));
#13668=CARTESIAN_POINT('',(-0.017,0.099,0.0335));
#13669=CARTESIAN_POINT('',(-0.017,0.099,0.0335));
#13670=CARTESIAN_POINT('',(-0.017,0.099,0.0335));
#13671=CARTESIAN_POINT('',(-0.083,0.099,-0.0325));
#13672=CARTESIAN_POINT('',(-0.083,0.099,-0.0165));
#13673=CARTESIAN_POINT('',(-0.083,0.099,-0.0165));
#13674=CARTESIAN_POINT('',(-0.083,0.005,-0.0165));
#13675=CARTESIAN_POINT('',(-0.083,0.005,-0.0325));
#13676=CARTESIAN_POINT('',(-0.083,0.005,-0.0325));
#13677=CARTESIAN_POINT('',(-0.083,0.099,-0.0325));
#13678=CARTESIAN_POINT('',(-0.083,0.099,-0.0325));
#13679=CARTESIAN_POINT('',(-0.083,0.099,-0.0325));
#13680=CARTESIAN_POINT('',(-0.0669999999999999,0.099,-0.0325));
#13681=CARTESIAN_POINT('',(-0.0669999999999999,0.005,-0.0325));
#13682=CARTESIAN_POINT('',(-0.0669999999999999,0.005,-0.0325));
#13683=CARTESIAN_POINT('',(-0.0669999999999999,0.099,-0.0325));
#13684=CARTESIAN_POINT('',(-0.0669999999999999,0.099,-0.0325));
#13685=CARTESIAN_POINT('',(-0.0669999999999999,0.099,-0.0325));
#13686=CARTESIAN_POINT('',(-0.0669999999999999,0.099,-0.0165));
#13687=CARTESIAN_POINT('',(-0.0669999999999999,0.005,-0.0165));
#13688=CARTESIAN_POINT('',(-0.0669999999999999,0.005,-0.0165));
#13689=CARTESIAN_POINT('',(-0.0669999999999999,0.099,-0.0165));
#13690=CARTESIAN_POINT('',(-0.0669999999999999,0.099,-0.0165));
#13691=CARTESIAN_POINT('',(-0.0669999999999999,0.099,-0.0165));
#13692=CARTESIAN_POINT('',(-0.083,0.099,0.0175));
#13693=CARTESIAN_POINT('',(-0.083,0.099,0.0335));
#13694=CARTESIAN_POINT('',(-0.083,0.099,0.0335));
#13695=CARTESIAN_POINT('',(-0.083,0.005,0.0335));
#13696=CARTESIAN_POINT('',(-0.083,0.005,0.0175));
#13697=CARTESIAN_POINT('',(-0.083,0.005,0.0175));
#13698=CARTESIAN_POINT('',(-0.083,0.099,0.0175));
#13699=CARTESIAN_POINT('',(-0.083,0.099,0.0175));
#13700=CARTESIAN_POINT('',(-0.083,0.099,0.0175));
#13701=CARTESIAN_POINT('',(-0.0669999999999999,0.099,0.0175));
#13702=CARTESIAN_POINT('',(-0.0669999999999999,0.005,0.0175));
#13703=CARTESIAN_POINT('',(-0.0669999999999999,0.005,0.0175));
#13704=CARTESIAN_POINT('',(-0.0669999999999999,0.099,0.0175));
#13705=CARTESIAN_POINT('',(-0.0669999999999999,0.099,0.0175));
#13706=CARTESIAN_POINT('',(-0.0669999999999999,0.099,0.0175));
#13707=CARTESIAN_POINT('',(-0.0669999999999999,0.099,0.0335));
#13708=CARTESIAN_POINT('',(-0.0669999999999999,0.005,0.0335));
#13709=CARTESIAN_POINT('',(-0.0669999999999999,0.005,0.0335));
#13710=CARTESIAN_POINT('',(-0.0669999999999999,0.099,0.0335));
#13711=CARTESIAN_POINT('',(-0.0669999999999999,0.099,0.0335));
#13712=CARTESIAN_POINT('',(-0.0669999999999999,0.099,0.0335));
#13713=CARTESIAN_POINT('',(0.0670000000000001,0.099,-0.0165));
#13714=CARTESIAN_POINT('',(0.0670000000000001,0.005,-0.0165));
#13715=CARTESIAN_POINT('',(0.0670000000000001,0.099,-0.0165));
#13716=CARTESIAN_POINT('',(0.0670000000000001,0.099,0.0335));
#13717=CARTESIAN_POINT('',(0.0670000000000001,0.005,0.0335));
#13718=CARTESIAN_POINT('',(0.0670000000000001,0.099,0.0335));
#13719=CARTESIAN_POINT('',(0.0170000000000001,0.099,-0.0165));
#13720=CARTESIAN_POINT('',(0.0170000000000001,0.005,-0.0165));
#13721=CARTESIAN_POINT('',(0.0170000000000001,0.099,-0.0165));
#13722=CARTESIAN_POINT('',(0.0170000000000001,0.099,0.0335));
#13723=CARTESIAN_POINT('',(0.0170000000000001,0.005,0.0335));
#13724=CARTESIAN_POINT('',(0.0170000000000001,0.099,0.0335));
#13725=CARTESIAN_POINT('',(-0.033,0.099,-0.0165));
#13726=CARTESIAN_POINT('',(-0.033,0.005,-0.0165));
#13727=CARTESIAN_POINT('',(-0.033,0.099,-0.0165));
#13728=CARTESIAN_POINT('',(-0.033,0.099,0.0335));
#13729=CARTESIAN_POINT('',(-0.033,0.005,0.0335));
#13730=CARTESIAN_POINT('',(-0.033,0.099,0.0335));
#13731=CARTESIAN_POINT('',(-0.083,0.099,-0.0165));
#13732=CARTESIAN_POINT('',(-0.083,0.005,-0.0165));
#13733=CARTESIAN_POINT('',(-0.083,0.099,-0.0165));
#13734=CARTESIAN_POINT('',(-0.083,0.099,0.0335));
#13735=CARTESIAN_POINT('',(-0.083,0.005,0.0335));
#13736=CARTESIAN_POINT('',(-0.083,0.099,0.0335));
#13737=CARTESIAN_POINT('',(0.3,0.099,-0.0675));
#13738=CARTESIAN_POINT('',(0.100000000000004,0.099,-0.0675));
#13739=CARTESIAN_POINT('',(0.100000000000002,0.,-0.0675));
#13740=CARTESIAN_POINT('',(0.1,0.0245,-0.0675));
#13741=CARTESIAN_POINT('',(0.3,0.0245,-0.067500000000002));
#13742=CARTESIAN_POINT('',(0.3,0.0245,-0.067500000000002));
#13743=CARTESIAN_POINT('',(0.3,0.099,-0.0675));
#13744=CARTESIAN_POINT('',(0.3,0.,-0.0675));
#13745=CARTESIAN_POINT('',(0.3,0.,-0.0675));
#13746=CARTESIAN_POINT('',(-0.3,0.099,0.0675));
#13747=CARTESIAN_POINT('',(0.3,0.0245,0.067500000000002));
#13748=CARTESIAN_POINT('',(0.3,0.0245,0.067500000000002));
#13749=CARTESIAN_POINT('',(0.1,0.0245,0.0675));
#13750=CARTESIAN_POINT('',(0.1,0.099,0.0675));
#13751=CARTESIAN_POINT('',(0.1,0.,0.0675));
#13752=CARTESIAN_POINT('',(-0.3,0.,0.0675));
#13753=CARTESIAN_POINT('',(0.3,0.,0.0675));
#13754=CARTESIAN_POINT('',(0.3,0.099,0.0675));
#13755=CARTESIAN_POINT('',(-0.3,0.099,-0.0675));
#13756=CARTESIAN_POINT('',(-0.3,0.0245,-0.0575));
#13757=CARTESIAN_POINT('',(-0.3,0.0245,-0.0575));
#13758=CARTESIAN_POINT('',(-0.3,0.0745,-0.0575));
#13759=CARTESIAN_POINT('',(-0.3,0.0245,-0.067500000000002));
#13760=CARTESIAN_POINT('',(-0.3,0.,-0.0675));
#13761=CARTESIAN_POINT('',(-0.3,0.0245,0.0575));
#13762=CARTESIAN_POINT('',(-0.3,0.0245,0.0575));
#13763=CARTESIAN_POINT('',(-0.3,0.0745,0.0575));
#13764=CARTESIAN_POINT('',(-0.3,0.0745,0.0575));
#13765=CARTESIAN_POINT('',(-0.3,0.0745,0.067500000000002));
#13766=CARTESIAN_POINT('',(-0.3,0.099,-0.0675));
#13767=CARTESIAN_POINT('',(-0.3,0.0745,-0.0575));
#13768=CARTESIAN_POINT('',(-0.3,0.099,0.0675));
#13769=CARTESIAN_POINT('',(-0.3,0.099,0.0675));
#13770=CARTESIAN_POINT('',(0.3,0.099,0.0675));
#13771=CARTESIAN_POINT('',(0.1,0.225,0.0675));
#13772=CARTESIAN_POINT('',(0.1,0.0745,0.0675));
#13773=CARTESIAN_POINT('',(0.3,0.0745,0.067500000000002));
#13774=CARTESIAN_POINT('',(0.3,0.0745,0.067500000000002));
#13775=CARTESIAN_POINT('',(0.3,0.099,0.0675));
#13776=CARTESIAN_POINT('',(0.3,0.099,0.0675));
#13777=CARTESIAN_POINT('',(0.3,0.0245,-0.067500000000002));
#13778=CARTESIAN_POINT('',(0.3,0.0245,-0.0575));
#13779=CARTESIAN_POINT('',(0.3,0.0245,-0.0575));
#13780=CARTESIAN_POINT('',(0.3,0.0745,-0.0575));
#13781=CARTESIAN_POINT('',(0.3,0.0745,-0.0575));
#13782=CARTESIAN_POINT('',(0.3,0.0745,-0.067500000000002));
#13783=CARTESIAN_POINT('',(0.3,0.099,-0.0675));
#13784=CARTESIAN_POINT('',(0.3,0.099,-0.0675));
#13785=CARTESIAN_POINT('',(0.3,0.099,0.0675));
#13786=CARTESIAN_POINT('',(0.3,0.0745,0.067500000000002));
#13787=CARTESIAN_POINT('',(0.3,0.0745,0.0575));
#13788=CARTESIAN_POINT('',(0.3,0.0745,0.0575));
#13789=CARTESIAN_POINT('',(0.3,0.0245,0.0575));
#13790=CARTESIAN_POINT('',(0.3,0.0245,0.0575));
#13791=CARTESIAN_POINT('',(0.3,0.,0.0675));
#13792=CARTESIAN_POINT('',(0.267,0.099,-0.0325));
#13793=CARTESIAN_POINT('',(0.267,0.,-0.0325));
#13794=CARTESIAN_POINT('',(0.267,0.,-0.0325));
#13795=CARTESIAN_POINT('',(0.267,0.,-0.0165));
#13796=CARTESIAN_POINT('',(0.267,0.099,-0.0325));
#13797=CARTESIAN_POINT('',(0.267,0.099,-0.0325));
#13798=CARTESIAN_POINT('',(0.267,0.099,-0.0325));
#13799=CARTESIAN_POINT('',(0.267,0.099,-0.0165));
#13800=CARTESIAN_POINT('',(0.267,0.099,-0.0165));
#13801=CARTESIAN_POINT('',(0.283,0.099,-0.0325));
#13802=CARTESIAN_POINT('',(0.283,0.,-0.0325));
#13803=CARTESIAN_POINT('',(0.283,0.,-0.0325));
#13804=CARTESIAN_POINT('',(0.283,0.099,-0.0325));
#13805=CARTESIAN_POINT('',(0.283,0.099,-0.0325));
#13806=CARTESIAN_POINT('',(0.283,0.099,-0.0325));
#13807=CARTESIAN_POINT('',(0.283,0.099,-0.0165));
#13808=CARTESIAN_POINT('',(0.283,0.,-0.0165));
#13809=CARTESIAN_POINT('',(0.283,0.,-0.0165));
#13810=CARTESIAN_POINT('',(0.283,0.099,-0.0165));
#13811=CARTESIAN_POINT('',(0.283,0.099,-0.0165));
#13812=CARTESIAN_POINT('',(0.283,0.099,-0.0165));
#13813=CARTESIAN_POINT('',(0.267,0.099,0.0175));
#13814=CARTESIAN_POINT('',(0.267,0.,0.0175));
#13815=CARTESIAN_POINT('',(0.267,0.,0.0175));
#13816=CARTESIAN_POINT('',(0.267,0.,0.0335));
#13817=CARTESIAN_POINT('',(0.267,0.099,0.0175));
#13818=CARTESIAN_POINT('',(0.267,0.099,0.0175));
#13819=CARTESIAN_POINT('',(0.267,0.099,0.0175));
#13820=CARTESIAN_POINT('',(0.267,0.099,0.0335));
#13821=CARTESIAN_POINT('',(0.267,0.099,0.0335));
#13822=CARTESIAN_POINT('',(0.283,0.099,0.0175));
#13823=CARTESIAN_POINT('',(0.283,0.,0.0175));
#13824=CARTESIAN_POINT('',(0.283,0.,0.0175));
#13825=CARTESIAN_POINT('',(0.283,0.099,0.0175));
#13826=CARTESIAN_POINT('',(0.283,0.099,0.0175));
#13827=CARTESIAN_POINT('',(0.283,0.099,0.0175));
#13828=CARTESIAN_POINT('',(0.283,0.099,0.0335));
#13829=CARTESIAN_POINT('',(0.283,0.,0.0335));
#13830=CARTESIAN_POINT('',(0.283,0.,0.0335));
#13831=CARTESIAN_POINT('',(0.283,0.099,0.0335));
#13832=CARTESIAN_POINT('',(0.283,0.099,0.0335));
#13833=CARTESIAN_POINT('',(0.283,0.099,0.0335));
#13834=CARTESIAN_POINT('',(0.217,0.099,-0.0325));
#13835=CARTESIAN_POINT('',(0.217,0.,-0.0325));
#13836=CARTESIAN_POINT('',(0.217,0.,-0.0325));
#13837=CARTESIAN_POINT('',(0.217,0.,-0.0165));
#13838=CARTESIAN_POINT('',(0.217,0.099,-0.0325));
#13839=CARTESIAN_POINT('',(0.217,0.099,-0.0325));
#13840=CARTESIAN_POINT('',(0.217,0.099,-0.0325));
#13841=CARTESIAN_POINT('',(0.217,0.099,-0.0165));
#13842=CARTESIAN_POINT('',(0.217,0.099,-0.0165));
#13843=CARTESIAN_POINT('',(0.233,0.099,-0.0325));
#13844=CARTESIAN_POINT('',(0.233,0.,-0.0325));
#13845=CARTESIAN_POINT('',(0.233,0.,-0.0325));
#13846=CARTESIAN_POINT('',(0.233,0.099,-0.0325));
#13847=CARTESIAN_POINT('',(0.233,0.099,-0.0325));
#13848=CARTESIAN_POINT('',(0.233,0.099,-0.0325));
#13849=CARTESIAN_POINT('',(0.233,0.099,-0.0165));
#13850=CARTESIAN_POINT('',(0.233,0.,-0.0165));
#13851=CARTESIAN_POINT('',(0.233,0.,-0.0165));
#13852=CARTESIAN_POINT('',(0.233,0.099,-0.0165));
#13853=CARTESIAN_POINT('',(0.233,0.099,-0.0165));
#13854=CARTESIAN_POINT('',(0.233,0.099,-0.0165));
#13855=CARTESIAN_POINT('',(0.217,0.099,0.0175));
#13856=CARTESIAN_POINT('',(0.217,0.,0.0175));
#13857=CARTESIAN_POINT('',(0.217,0.,0.0175));
#13858=CARTESIAN_POINT('',(0.217,0.,0.0335));
#13859=CARTESIAN_POINT('',(0.217,0.099,0.0175));
#13860=CARTESIAN_POINT('',(0.217,0.099,0.0175));
#13861=CARTESIAN_POINT('',(0.217,0.099,0.0175));
#13862=CARTESIAN_POINT('',(0.217,0.099,0.0335));
#13863=CARTESIAN_POINT('',(0.217,0.099,0.0335));
#13864=CARTESIAN_POINT('',(0.233,0.099,0.0175));
#13865=CARTESIAN_POINT('',(0.233,0.,0.0175));
#13866=CARTESIAN_POINT('',(0.233,0.,0.0175));
#13867=CARTESIAN_POINT('',(0.233,0.099,0.0175));
#13868=CARTESIAN_POINT('',(0.233,0.099,0.0175));
#13869=CARTESIAN_POINT('',(0.233,0.099,0.0175));
#13870=CARTESIAN_POINT('',(0.233,0.099,0.0335));
#13871=CARTESIAN_POINT('',(0.233,0.,0.0335));
#13872=CARTESIAN_POINT('',(0.233,0.,0.0335));
#13873=CARTESIAN_POINT('',(0.233,0.099,0.0335));
#13874=CARTESIAN_POINT('',(0.233,0.099,0.0335));
#13875=CARTESIAN_POINT('',(0.233,0.099,0.0335));
#13876=CARTESIAN_POINT('',(0.167,0.099,-0.0325));
#13877=CARTESIAN_POINT('',(0.167,0.,-0.0325));
#13878=CARTESIAN_POINT('',(0.167,0.,-0.0325));
#13879=CARTESIAN_POINT('',(0.167,0.,-0.0165));
#13880=CARTESIAN_POINT('',(0.167,0.099,-0.0325));
#13881=CARTESIAN_POINT('',(0.167,0.099,-0.0325));
#13882=CARTESIAN_POINT('',(0.167,0.099,-0.0325));
#13883=CARTESIAN_POINT('',(0.167,0.099,-0.0165));
#13884=CARTESIAN_POINT('',(0.167,0.099,-0.0165));
#13885=CARTESIAN_POINT('',(0.183,0.099,-0.0325));
#13886=CARTESIAN_POINT('',(0.183,0.,-0.0325));
#13887=CARTESIAN_POINT('',(0.183,0.,-0.0325));
#13888=CARTESIAN_POINT('',(0.183,0.099,-0.0325));
#13889=CARTESIAN_POINT('',(0.183,0.099,-0.0325));
#13890=CARTESIAN_POINT('',(0.183,0.099,-0.0325));
#13891=CARTESIAN_POINT('',(0.183,0.099,-0.0165));
#13892=CARTESIAN_POINT('',(0.183,0.,-0.0165));
#13893=CARTESIAN_POINT('',(0.183,0.,-0.0165));
#13894=CARTESIAN_POINT('',(0.183,0.099,-0.0165));
#13895=CARTESIAN_POINT('',(0.183,0.099,-0.0165));
#13896=CARTESIAN_POINT('',(0.183,0.099,-0.0165));
#13897=CARTESIAN_POINT('',(0.167,0.099,0.0175));
#13898=CARTESIAN_POINT('',(0.167,0.,0.0175));
#13899=CARTESIAN_POINT('',(0.167,0.,0.0175));
#13900=CARTESIAN_POINT('',(0.167,0.,0.0335));
#13901=CARTESIAN_POINT('',(0.167,0.099,0.0175));
#13902=CARTESIAN_POINT('',(0.167,0.099,0.0175));
#13903=CARTESIAN_POINT('',(0.167,0.099,0.0175));
#13904=CARTESIAN_POINT('',(0.167,0.099,0.0335));
#13905=CARTESIAN_POINT('',(0.167,0.099,0.0335));
#13906=CARTESIAN_POINT('',(0.183,0.099,0.0175));
#13907=CARTESIAN_POINT('',(0.183,0.,0.0175));
#13908=CARTESIAN_POINT('',(0.183,0.,0.0175));
#13909=CARTESIAN_POINT('',(0.183,0.099,0.0175));
#13910=CARTESIAN_POINT('',(0.183,0.099,0.0175));
#13911=CARTESIAN_POINT('',(0.183,0.099,0.0175));
#13912=CARTESIAN_POINT('',(0.183,0.099,0.0335));
#13913=CARTESIAN_POINT('',(0.183,0.,0.0335));
#13914=CARTESIAN_POINT('',(0.183,0.,0.0335));
#13915=CARTESIAN_POINT('',(0.183,0.099,0.0335));
#13916=CARTESIAN_POINT('',(0.183,0.099,0.0335));
#13917=CARTESIAN_POINT('',(0.183,0.099,0.0335));
#13918=CARTESIAN_POINT('',(0.117,0.099,-0.0325));
#13919=CARTESIAN_POINT('',(0.117,0.,-0.0325));
#13920=CARTESIAN_POINT('',(0.117,0.,-0.0325));
#13921=CARTESIAN_POINT('',(0.117,0.,-0.0165));
#13922=CARTESIAN_POINT('',(0.117,0.099,-0.0325));
#13923=CARTESIAN_POINT('',(0.117,0.099,-0.0325));
#13924=CARTESIAN_POINT('',(0.117,0.099,-0.0325));
#13925=CARTESIAN_POINT('',(0.117,0.099,-0.0165));
#13926=CARTESIAN_POINT('',(0.117,0.099,-0.0165));
#13927=CARTESIAN_POINT('',(0.133,0.099,-0.0325));
#13928=CARTESIAN_POINT('',(0.133,0.,-0.0325));
#13929=CARTESIAN_POINT('',(0.133,0.,-0.0325));
#13930=CARTESIAN_POINT('',(0.133,0.099,-0.0325));
#13931=CARTESIAN_POINT('',(0.133,0.099,-0.0325));
#13932=CARTESIAN_POINT('',(0.133,0.099,-0.0325));
#13933=CARTESIAN_POINT('',(0.133,0.099,-0.0165));
#13934=CARTESIAN_POINT('',(0.133,0.,-0.0165));
#13935=CARTESIAN_POINT('',(0.133,0.,-0.0165));
#13936=CARTESIAN_POINT('',(0.133,0.099,-0.0165));
#13937=CARTESIAN_POINT('',(0.133,0.099,-0.0165));
#13938=CARTESIAN_POINT('',(0.133,0.099,-0.0165));
#13939=CARTESIAN_POINT('',(0.117,0.099,0.0175));
#13940=CARTESIAN_POINT('',(0.117,0.,0.0175));
#13941=CARTESIAN_POINT('',(0.117,0.,0.0175));
#13942=CARTESIAN_POINT('',(0.117,0.,0.0335));
#13943=CARTESIAN_POINT('',(0.117,0.099,0.0175));
#13944=CARTESIAN_POINT('',(0.117,0.099,0.0175));
#13945=CARTESIAN_POINT('',(0.117,0.099,0.0175));
#13946=CARTESIAN_POINT('',(0.117,0.099,0.0335));
#13947=CARTESIAN_POINT('',(0.117,0.099,0.0335));
#13948=CARTESIAN_POINT('',(0.133,0.099,0.0175));
#13949=CARTESIAN_POINT('',(0.133,0.,0.0175));
#13950=CARTESIAN_POINT('',(0.133,0.,0.0175));
#13951=CARTESIAN_POINT('',(0.133,0.099,0.0175));
#13952=CARTESIAN_POINT('',(0.133,0.099,0.0175));
#13953=CARTESIAN_POINT('',(0.133,0.099,0.0175));
#13954=CARTESIAN_POINT('',(0.133,0.099,0.0335));
#13955=CARTESIAN_POINT('',(0.133,0.,0.0335));
#13956=CARTESIAN_POINT('',(0.133,0.,0.0335));
#13957=CARTESIAN_POINT('',(0.133,0.099,0.0335));
#13958=CARTESIAN_POINT('',(0.133,0.099,0.0335));
#13959=CARTESIAN_POINT('',(0.133,0.099,0.0335));
#13960=CARTESIAN_POINT('',(-0.133,0.099,-0.0325));
#13961=CARTESIAN_POINT('',(-0.133,0.,-0.0325));
#13962=CARTESIAN_POINT('',(-0.133,0.,-0.0325));
#13963=CARTESIAN_POINT('',(-0.133,0.,-0.0165));
#13964=CARTESIAN_POINT('',(-0.133,0.099,-0.0325));
#13965=CARTESIAN_POINT('',(-0.133,0.099,-0.0325));
#13966=CARTESIAN_POINT('',(-0.133,0.099,-0.0325));
#13967=CARTESIAN_POINT('',(-0.133,0.099,-0.0165));
#13968=CARTESIAN_POINT('',(-0.133,0.099,-0.0165));
#13969=CARTESIAN_POINT('',(-0.117,0.099,-0.0325));
#13970=CARTESIAN_POINT('',(-0.117,0.,-0.0325));
#13971=CARTESIAN_POINT('',(-0.117,0.,-0.0325));
#13972=CARTESIAN_POINT('',(-0.117,0.099,-0.0325));
#13973=CARTESIAN_POINT('',(-0.117,0.099,-0.0325));
#13974=CARTESIAN_POINT('',(-0.117,0.099,-0.0325));
#13975=CARTESIAN_POINT('',(-0.117,0.099,-0.0165));
#13976=CARTESIAN_POINT('',(-0.117,0.,-0.0165));
#13977=CARTESIAN_POINT('',(-0.117,0.,-0.0165));
#13978=CARTESIAN_POINT('',(-0.117,0.099,-0.0165));
#13979=CARTESIAN_POINT('',(-0.117,0.099,-0.0165));
#13980=CARTESIAN_POINT('',(-0.117,0.099,-0.0165));
#13981=CARTESIAN_POINT('',(-0.133,0.099,0.0175));
#13982=CARTESIAN_POINT('',(-0.133,0.,0.0175));
#13983=CARTESIAN_POINT('',(-0.133,0.,0.0175));
#13984=CARTESIAN_POINT('',(-0.133,0.,0.0335));
#13985=CARTESIAN_POINT('',(-0.133,0.099,0.0175));
#13986=CARTESIAN_POINT('',(-0.133,0.099,0.0175));
#13987=CARTESIAN_POINT('',(-0.133,0.099,0.0175));
#13988=CARTESIAN_POINT('',(-0.133,0.099,0.0335));
#13989=CARTESIAN_POINT('',(-0.133,0.099,0.0335));
#13990=CARTESIAN_POINT('',(-0.117,0.099,0.0175));
#13991=CARTESIAN_POINT('',(-0.117,0.,0.0175));
#13992=CARTESIAN_POINT('',(-0.117,0.,0.0175));
#13993=CARTESIAN_POINT('',(-0.117,0.099,0.0175));
#13994=CARTESIAN_POINT('',(-0.117,0.099,0.0175));
#13995=CARTESIAN_POINT('',(-0.117,0.099,0.0175));
#13996=CARTESIAN_POINT('',(-0.117,0.099,0.0335));
#13997=CARTESIAN_POINT('',(-0.117,0.,0.0335));
#13998=CARTESIAN_POINT('',(-0.117,0.,0.0335));
#13999=CARTESIAN_POINT('',(-0.117,0.099,0.0335));
#14000=CARTESIAN_POINT('',(-0.117,0.099,0.0335));
#14001=CARTESIAN_POINT('',(-0.117,0.099,0.0335));
#14002=CARTESIAN_POINT('',(-0.183,0.099,-0.0325));
#14003=CARTESIAN_POINT('',(-0.183,0.,-0.0325));
#14004=CARTESIAN_POINT('',(-0.183,0.,-0.0325));
#14005=CARTESIAN_POINT('',(-0.183,0.,-0.0165));
#14006=CARTESIAN_POINT('',(-0.183,0.099,-0.0325));
#14007=CARTESIAN_POINT('',(-0.183,0.099,-0.0325));
#14008=CARTESIAN_POINT('',(-0.183,0.099,-0.0325));
#14009=CARTESIAN_POINT('',(-0.183,0.099,-0.0165));
#14010=CARTESIAN_POINT('',(-0.183,0.099,-0.0165));
#14011=CARTESIAN_POINT('',(-0.167,0.099,-0.0325));
#14012=CARTESIAN_POINT('',(-0.167,0.,-0.0325));
#14013=CARTESIAN_POINT('',(-0.167,0.,-0.0325));
#14014=CARTESIAN_POINT('',(-0.167,0.099,-0.0325));
#14015=CARTESIAN_POINT('',(-0.167,0.099,-0.0325));
#14016=CARTESIAN_POINT('',(-0.167,0.099,-0.0325));
#14017=CARTESIAN_POINT('',(-0.167,0.099,-0.0165));
#14018=CARTESIAN_POINT('',(-0.167,0.,-0.0165));
#14019=CARTESIAN_POINT('',(-0.167,0.,-0.0165));
#14020=CARTESIAN_POINT('',(-0.167,0.099,-0.0165));
#14021=CARTESIAN_POINT('',(-0.167,0.099,-0.0165));
#14022=CARTESIAN_POINT('',(-0.167,0.099,-0.0165));
#14023=CARTESIAN_POINT('',(-0.183,0.099,0.0175));
#14024=CARTESIAN_POINT('',(-0.183,0.,0.0175));
#14025=CARTESIAN_POINT('',(-0.183,0.,0.0175));
#14026=CARTESIAN_POINT('',(-0.183,0.,0.0335));
#14027=CARTESIAN_POINT('',(-0.183,0.099,0.0175));
#14028=CARTESIAN_POINT('',(-0.183,0.099,0.0175));
#14029=CARTESIAN_POINT('',(-0.183,0.099,0.0175));
#14030=CARTESIAN_POINT('',(-0.183,0.099,0.0335));
#14031=CARTESIAN_POINT('',(-0.183,0.099,0.0335));
#14032=CARTESIAN_POINT('',(-0.167,0.099,0.0175));
#14033=CARTESIAN_POINT('',(-0.167,0.,0.0175));
#14034=CARTESIAN_POINT('',(-0.167,0.,0.0175));
#14035=CARTESIAN_POINT('',(-0.167,0.099,0.0175));
#14036=CARTESIAN_POINT('',(-0.167,0.099,0.0175));
#14037=CARTESIAN_POINT('',(-0.167,0.099,0.0175));
#14038=CARTESIAN_POINT('',(-0.167,0.099,0.0335));
#14039=CARTESIAN_POINT('',(-0.167,0.,0.0335));
#14040=CARTESIAN_POINT('',(-0.167,0.,0.0335));
#14041=CARTESIAN_POINT('',(-0.167,0.099,0.0335));
#14042=CARTESIAN_POINT('',(-0.167,0.099,0.0335));
#14043=CARTESIAN_POINT('',(-0.167,0.099,0.0335));
#14044=CARTESIAN_POINT('',(-0.233,0.099,-0.0325));
#14045=CARTESIAN_POINT('',(-0.233,0.,-0.0325));
#14046=CARTESIAN_POINT('',(-0.233,0.,-0.0325));
#14047=CARTESIAN_POINT('',(-0.233,0.,-0.0165));
#14048=CARTESIAN_POINT('',(-0.233,0.099,-0.0325));
#14049=CARTESIAN_POINT('',(-0.233,0.099,-0.0325));
#14050=CARTESIAN_POINT('',(-0.233,0.099,-0.0325));
#14051=CARTESIAN_POINT('',(-0.233,0.099,-0.0165));
#14052=CARTESIAN_POINT('',(-0.233,0.099,-0.0165));
#14053=CARTESIAN_POINT('',(-0.217,0.099,-0.0325));
#14054=CARTESIAN_POINT('',(-0.217,0.,-0.0325));
#14055=CARTESIAN_POINT('',(-0.217,0.,-0.0325));
#14056=CARTESIAN_POINT('',(-0.217,0.099,-0.0325));
#14057=CARTESIAN_POINT('',(-0.217,0.099,-0.0325));
#14058=CARTESIAN_POINT('',(-0.217,0.099,-0.0325));
#14059=CARTESIAN_POINT('',(-0.217,0.099,-0.0165));
#14060=CARTESIAN_POINT('',(-0.217,0.,-0.0165));
#14061=CARTESIAN_POINT('',(-0.217,0.,-0.0165));
#14062=CARTESIAN_POINT('',(-0.217,0.099,-0.0165));
#14063=CARTESIAN_POINT('',(-0.217,0.099,-0.0165));
#14064=CARTESIAN_POINT('',(-0.217,0.099,-0.0165));
#14065=CARTESIAN_POINT('',(-0.233,0.099,0.0175));
#14066=CARTESIAN_POINT('',(-0.233,0.,0.0175));
#14067=CARTESIAN_POINT('',(-0.233,0.,0.0175));
#14068=CARTESIAN_POINT('',(-0.233,0.,0.0335));
#14069=CARTESIAN_POINT('',(-0.233,0.099,0.0175));
#14070=CARTESIAN_POINT('',(-0.233,0.099,0.0175));
#14071=CARTESIAN_POINT('',(-0.233,0.099,0.0175));
#14072=CARTESIAN_POINT('',(-0.233,0.099,0.0335));
#14073=CARTESIAN_POINT('',(-0.233,0.099,0.0335));
#14074=CARTESIAN_POINT('',(-0.217,0.099,0.0175));
#14075=CARTESIAN_POINT('',(-0.217,0.,0.0175));
#14076=CARTESIAN_POINT('',(-0.217,0.,0.0175));
#14077=CARTESIAN_POINT('',(-0.217,0.099,0.0175));
#14078=CARTESIAN_POINT('',(-0.217,0.099,0.0175));
#14079=CARTESIAN_POINT('',(-0.217,0.099,0.0175));
#14080=CARTESIAN_POINT('',(-0.217,0.099,0.0335));
#14081=CARTESIAN_POINT('',(-0.217,0.,0.0335));
#14082=CARTESIAN_POINT('',(-0.217,0.,0.0335));
#14083=CARTESIAN_POINT('',(-0.217,0.099,0.0335));
#14084=CARTESIAN_POINT('',(-0.217,0.099,0.0335));
#14085=CARTESIAN_POINT('',(-0.217,0.099,0.0335));
#14086=CARTESIAN_POINT('',(-0.283,0.099,-0.0325));
#14087=CARTESIAN_POINT('',(-0.283,0.,-0.0325));
#14088=CARTESIAN_POINT('',(-0.283,0.,-0.0325));
#14089=CARTESIAN_POINT('',(-0.283,0.,-0.0165));
#14090=CARTESIAN_POINT('',(-0.283,0.099,-0.0325));
#14091=CARTESIAN_POINT('',(-0.283,0.099,-0.0325));
#14092=CARTESIAN_POINT('',(-0.283,0.099,-0.0325));
#14093=CARTESIAN_POINT('',(-0.283,0.099,-0.0165));
#14094=CARTESIAN_POINT('',(-0.283,0.099,-0.0165));
#14095=CARTESIAN_POINT('',(-0.267,0.099,-0.0325));
#14096=CARTESIAN_POINT('',(-0.267,0.,-0.0325));
#14097=CARTESIAN_POINT('',(-0.267,0.,-0.0325));
#14098=CARTESIAN_POINT('',(-0.267,0.099,-0.0325));
#14099=CARTESIAN_POINT('',(-0.267,0.099,-0.0325));
#14100=CARTESIAN_POINT('',(-0.267,0.099,-0.0325));
#14101=CARTESIAN_POINT('',(-0.267,0.099,-0.0165));
#14102=CARTESIAN_POINT('',(-0.267,0.,-0.0165));
#14103=CARTESIAN_POINT('',(-0.267,0.,-0.0165));
#14104=CARTESIAN_POINT('',(-0.267,0.099,-0.0165));
#14105=CARTESIAN_POINT('',(-0.267,0.099,-0.0165));
#14106=CARTESIAN_POINT('',(-0.267,0.099,-0.0165));
#14107=CARTESIAN_POINT('',(-0.283,0.099,0.0175));
#14108=CARTESIAN_POINT('',(-0.283,0.,0.0175));
#14109=CARTESIAN_POINT('',(-0.283,0.,0.0175));
#14110=CARTESIAN_POINT('',(-0.283,0.,0.0335));
#14111=CARTESIAN_POINT('',(-0.283,0.099,0.0175));
#14112=CARTESIAN_POINT('',(-0.283,0.099,0.0175));
#14113=CARTESIAN_POINT('',(-0.283,0.099,0.0175));
#14114=CARTESIAN_POINT('',(-0.283,0.099,0.0335));
#14115=CARTESIAN_POINT('',(-0.283,0.099,0.0335));
#14116=CARTESIAN_POINT('',(-0.267,0.099,0.0175));
#14117=CARTESIAN_POINT('',(-0.267,0.,0.0175));
#14118=CARTESIAN_POINT('',(-0.267,0.,0.0175));
#14119=CARTESIAN_POINT('',(-0.267,0.099,0.0175));
#14120=CARTESIAN_POINT('',(-0.267,0.099,0.0175));
#14121=CARTESIAN_POINT('',(-0.267,0.099,0.0175));
#14122=CARTESIAN_POINT('',(-0.267,0.099,0.0335));
#14123=CARTESIAN_POINT('',(-0.267,0.,0.0335));
#14124=CARTESIAN_POINT('',(-0.267,0.,0.0335));
#14125=CARTESIAN_POINT('',(-0.267,0.099,0.0335));
#14126=CARTESIAN_POINT('',(-0.267,0.099,0.0335));
#14127=CARTESIAN_POINT('',(-0.267,0.099,0.0335));
#14128=CARTESIAN_POINT('',(0.267,0.099,-0.0165));
#14129=CARTESIAN_POINT('',(0.267,0.,-0.0165));
#14130=CARTESIAN_POINT('',(0.267,0.099,-0.0165));
#14131=CARTESIAN_POINT('',(0.267,0.099,0.0335));
#14132=CARTESIAN_POINT('',(0.267,0.,0.0335));
#14133=CARTESIAN_POINT('',(0.267,0.099,0.0335));
#14134=CARTESIAN_POINT('',(0.217,0.099,-0.0165));
#14135=CARTESIAN_POINT('',(0.217,0.,-0.0165));
#14136=CARTESIAN_POINT('',(0.217,0.099,-0.0165));
#14137=CARTESIAN_POINT('',(0.217,0.099,0.0335));
#14138=CARTESIAN_POINT('',(0.217,0.,0.0335));
#14139=CARTESIAN_POINT('',(0.217,0.099,0.0335));
#14140=CARTESIAN_POINT('',(0.167,0.099,-0.0165));
#14141=CARTESIAN_POINT('',(0.167,0.,-0.0165));
#14142=CARTESIAN_POINT('',(0.167,0.099,-0.0165));
#14143=CARTESIAN_POINT('',(0.167,0.099,0.0335));
#14144=CARTESIAN_POINT('',(0.167,0.,0.0335));
#14145=CARTESIAN_POINT('',(0.167,0.099,0.0335));
#14146=CARTESIAN_POINT('',(0.117,0.099,-0.0165));
#14147=CARTESIAN_POINT('',(0.117,0.,-0.0165));
#14148=CARTESIAN_POINT('',(0.117,0.099,-0.0165));
#14149=CARTESIAN_POINT('',(0.117,0.099,0.0335));
#14150=CARTESIAN_POINT('',(0.117,0.,0.0335));
#14151=CARTESIAN_POINT('',(0.117,0.099,0.0335));
#14152=CARTESIAN_POINT('',(-0.133,0.099,-0.0165));
#14153=CARTESIAN_POINT('',(-0.133,0.,-0.0165));
#14154=CARTESIAN_POINT('',(-0.133,0.099,-0.0165));
#14155=CARTESIAN_POINT('',(-0.133,0.099,0.0335));
#14156=CARTESIAN_POINT('',(-0.133,0.,0.0335));
#14157=CARTESIAN_POINT('',(-0.133,0.099,0.0335));
#14158=CARTESIAN_POINT('',(-0.183,0.099,-0.0165));
#14159=CARTESIAN_POINT('',(-0.183,0.,-0.0165));
#14160=CARTESIAN_POINT('',(-0.183,0.099,-0.0165));
#14161=CARTESIAN_POINT('',(-0.183,0.099,0.0335));
#14162=CARTESIAN_POINT('',(-0.183,0.,0.0335));
#14163=CARTESIAN_POINT('',(-0.183,0.099,0.0335));
#14164=CARTESIAN_POINT('',(-0.233,0.099,-0.0165));
#14165=CARTESIAN_POINT('',(-0.233,0.,-0.0165));
#14166=CARTESIAN_POINT('',(-0.233,0.099,-0.0165));
#14167=CARTESIAN_POINT('',(-0.233,0.099,0.0335));
#14168=CARTESIAN_POINT('',(-0.233,0.,0.0335));
#14169=CARTESIAN_POINT('',(-0.233,0.099,0.0335));
#14170=CARTESIAN_POINT('',(-0.283,0.099,-0.0165));
#14171=CARTESIAN_POINT('',(-0.283,0.,-0.0165));
#14172=CARTESIAN_POINT('',(-0.283,0.099,-0.0165));
#14173=CARTESIAN_POINT('',(-0.283,0.099,0.0335));
#14174=CARTESIAN_POINT('',(-0.283,0.,0.0335));
#14175=CARTESIAN_POINT('',(-0.283,0.099,0.0335));
#14176=CARTESIAN_POINT('',(0.3,0.099,-0.0675));
#14177=CARTESIAN_POINT('',(0.3,0.0745,-0.067500000000002));
#14178=CARTESIAN_POINT('',(0.1,0.0745,-0.067500000000002));
#14179=CARTESIAN_POINT('',(0.1,0.225,-0.0675));
#14180=CARTESIAN_POINT('',(0.1,0.099,-0.0675));
#14181=CARTESIAN_POINT('',(0.3,0.099,-0.0675));
#14182=CARTESIAN_POINT('',(0.,0.099,0.));
#14183=CARTESIAN_POINT('',(-0.0425,0.099,0.2925));
#14184=CARTESIAN_POINT('',(0.0425,0.099,0.2925));
#14185=CARTESIAN_POINT('',(0.,0.099,-0.0675));
#14186=CARTESIAN_POINT('',(0.,0.,0.));
#14187=CARTESIAN_POINT('',(0.100000000000005,0.,-0.1));
#14188=CARTESIAN_POINT('',(-0.1,0.,0.1));
#14189=CARTESIAN_POINT('',(-0.1,0.,0.1));
#14190=CARTESIAN_POINT('',(-0.1,0.,-0.1));
#14191=CARTESIAN_POINT('',(-0.1,0.,-0.1));
#14192=CARTESIAN_POINT('',(0.100000000000005,0.,-0.1));
#14193=CARTESIAN_POINT('',(0.100000000000005,0.,-0.1));
#14194=CARTESIAN_POINT('',(0.3,0.0745,0.0575));
#14195=CARTESIAN_POINT('',(0.3,0.0245,0.0575));
#14196=CARTESIAN_POINT('',(0.3,0.0745,0.0575));
#14197=CARTESIAN_POINT('',(0.3,0.0245,0.0575));
#14198=CARTESIAN_POINT('',(0.3,0.0245,0.0675));
#14199=CARTESIAN_POINT('',(0.3,0.0745,0.067500000000002));
#14200=CARTESIAN_POINT('',(0.3,0.0745,0.0675));
#14201=CARTESIAN_POINT('',(0.3,0.0245,-0.067500000000002));
#14202=CARTESIAN_POINT('',(0.3,0.0245,-0.0575));
#14203=CARTESIAN_POINT('',(0.3,0.0245,-0.0675));
#14204=CARTESIAN_POINT('',(0.3,0.0245,-0.0575));
#14205=CARTESIAN_POINT('',(0.3,0.0745,-0.0575));
#14206=CARTESIAN_POINT('',(0.3,0.0745,-0.0575));
#14207=CARTESIAN_POINT('',(0.3,0.0745,-0.0675));
#14208=CARTESIAN_POINT('',(0.,0.005,0.));
#14209=CARTESIAN_POINT('',(0.,0.005,0.));
#14210=CARTESIAN_POINT('',(0.,0.005,0.));
#14211=CARTESIAN_POINT('',(0.,0.005,0.));
#14212=CARTESIAN_POINT('',(0.,0.005,0.));
#14213=CARTESIAN_POINT('',(0.,0.005,0.));
#14214=CARTESIAN_POINT('',(0.,0.005,0.));
#14215=CARTESIAN_POINT('',(0.,0.005,0.));
#14216=CARTESIAN_POINT('',(0.100000000000005,0.005,-0.1));
#14217=CARTESIAN_POINT('',(0.1,0.225,0.0675));
#14218=CARTESIAN_POINT('',(-0.1,0.005,0.1));
#14219=CARTESIAN_POINT('',(-0.1,0.225,0.0675));
#14220=CARTESIAN_POINT('',(-0.1,0.005,0.1));
#14221=CARTESIAN_POINT('',(-0.1,0.225,-0.0675));
#14222=CARTESIAN_POINT('',(-0.1,0.225,-0.0675));
#14223=CARTESIAN_POINT('',(-0.1,0.225,-0.0675));
#14224=CARTESIAN_POINT('',(-0.1,0.225,-0.0675));
#14225=CARTESIAN_POINT('',(-0.1,0.225,-0.1));
#14226=CARTESIAN_POINT('',(-0.1,0.005,-0.1));
#14227=CARTESIAN_POINT('',(0.100000000000005,0.005,-0.1));
#14228=CARTESIAN_POINT('',(0.100000000000005,0.005,-0.1));
#14229=CARTESIAN_POINT('',(0.1,0.225,-0.1));
#14230=CARTESIAN_POINT('',(0.1,0.225,-0.1));
#14231=CARTESIAN_POINT('',(0.1,0.225,-0.0675));
#14232=CARTESIAN_POINT('',(0.1,0.225,-0.0675));
#14233=CARTESIAN_POINT('',(0.1,0.225,-0.0675));
#14234=CARTESIAN_POINT('',(-0.1,0.005,-0.1));
#14235=CARTESIAN_POINT('',(-0.1,0.225,-0.1));
#14236=CARTESIAN_POINT('',(0.1,0.225,-0.0675));
#14237=CARTESIAN_POINT('',(0.1,0.225,-0.0675));
#14238=CARTESIAN_POINT('',(0.1,0.225,-0.0675));
#14239=CARTESIAN_POINT('',(0.,0.225,0.));
#14240=CARTESIAN_POINT('',(-0.1,0.225,0.0675));
#14241=CARTESIAN_POINT('',(-0.0525,0.225,0.2925));
#14242=CARTESIAN_POINT('',(-0.0425,0.205,0.2925));
#14243=CARTESIAN_POINT('',(-0.0425,0.205,0.2925));
#14244=CARTESIAN_POINT('',(0.0425,0.099,0.2925));
#14245=CARTESIAN_POINT('',(0.0425,0.205,0.2925));
#14246=CARTESIAN_POINT('',(0.0425,0.205,0.2925));
#14247=CARTESIAN_POINT('',(0.,0.,0.));
#14248=CARTESIAN_POINT('',(0.283,0.21,-0.032999999999998));
#14249=CARTESIAN_POINT('',(-0.267,0.21,-0.032999999999998));
#14250=CARTESIAN_POINT('',(-0.267,0.099,-0.032999999999998));
#14251=CARTESIAN_POINT('',(-0.267,0.21,-0.032999999999998));
#14252=CARTESIAN_POINT('',(0.283,0.099,-0.032999999999998));
#14253=CARTESIAN_POINT('',(-0.283,0.099,-0.032999999999998));
#14254=CARTESIAN_POINT('',(-0.283,0.21,-0.032999999999998));
#14255=CARTESIAN_POINT('',(-0.283,0.21,-0.032999999999998));
#14256=CARTESIAN_POINT('',(0.283,0.21,-0.032999999999998));
#14257=CARTESIAN_POINT('',(0.283,0.21,-0.032999999999998));
#14258=CARTESIAN_POINT('',(-0.233,0.21,-0.032999999999998));
#14259=CARTESIAN_POINT('',(-0.233,0.21,-0.032999999999998));
#14260=CARTESIAN_POINT('',(-0.233,0.099,-0.032999999999998));
#14261=CARTESIAN_POINT('',(0.283,0.21,-0.032999999999998));
#14262=CARTESIAN_POINT('',(-0.217,0.21,-0.032999999999998));
#14263=CARTESIAN_POINT('',(-0.217,0.21,-0.032999999999998));
#14264=CARTESIAN_POINT('',(-0.217,0.099,-0.032999999999998));
#14265=CARTESIAN_POINT('',(0.283,0.099,-0.032999999999998));
#14266=CARTESIAN_POINT('',(0.283,0.21,-0.032999999999998));
#14267=CARTESIAN_POINT('',(-0.183,0.21,-0.032999999999998));
#14268=CARTESIAN_POINT('',(-0.183,0.21,-0.032999999999998));
#14269=CARTESIAN_POINT('',(-0.183,0.099,-0.032999999999998));
#14270=CARTESIAN_POINT('',(0.283,0.21,-0.032999999999998));
#14271=CARTESIAN_POINT('',(-0.167,0.21,-0.032999999999998));
#14272=CARTESIAN_POINT('',(-0.167,0.21,-0.032999999999998));
#14273=CARTESIAN_POINT('',(-0.167,0.099,-0.032999999999998));
#14274=CARTESIAN_POINT('',(0.283,0.099,-0.032999999999998));
#14275=CARTESIAN_POINT('',(0.283,0.21,-0.032999999999998));
#14276=CARTESIAN_POINT('',(-0.133,0.21,-0.032999999999998));
#14277=CARTESIAN_POINT('',(-0.133,0.21,-0.032999999999998));
#14278=CARTESIAN_POINT('',(-0.133,0.099,-0.032999999999998));
#14279=CARTESIAN_POINT('',(0.283,0.21,-0.032999999999998));
#14280=CARTESIAN_POINT('',(-0.117,0.21,-0.032999999999998));
#14281=CARTESIAN_POINT('',(-0.117,0.21,-0.032999999999998));
#14282=CARTESIAN_POINT('',(-0.117,0.099,-0.032999999999998));
#14283=CARTESIAN_POINT('',(0.283,0.099,-0.032999999999998));
#14284=CARTESIAN_POINT('',(0.283,0.21,-0.032999999999998));
#14285=CARTESIAN_POINT('',(-0.083,0.21,-0.032999999999998));
#14286=CARTESIAN_POINT('',(-0.083,0.21,-0.0329999999999981));
#14287=CARTESIAN_POINT('',(-0.083,0.099,-0.032999999999998));
#14288=CARTESIAN_POINT('',(0.283,0.21,-0.032999999999998));
#14289=CARTESIAN_POINT('',(-0.067,0.21,-0.032999999999998));
#14290=CARTESIAN_POINT('',(-0.067,0.21,-0.032999999999998));
#14291=CARTESIAN_POINT('',(-0.067,0.099,-0.032999999999998));
#14292=CARTESIAN_POINT('',(0.283,0.099,-0.032999999999998));
#14293=CARTESIAN_POINT('',(0.283,0.21,-0.032999999999998));
#14294=CARTESIAN_POINT('',(-0.033,0.21,-0.032999999999998));
#14295=CARTESIAN_POINT('',(-0.033,0.21,-0.032999999999998));
#14296=CARTESIAN_POINT('',(-0.033,0.099,-0.032999999999998));
#14297=CARTESIAN_POINT('',(0.283,0.21,-0.032999999999998));
#14298=CARTESIAN_POINT('',(-0.017,0.21,-0.032999999999998));
#14299=CARTESIAN_POINT('',(-0.017,0.21,-0.032999999999998));
#14300=CARTESIAN_POINT('',(-0.017,0.099,-0.032999999999998));
#14301=CARTESIAN_POINT('',(0.283,0.099,-0.032999999999998));
#14302=CARTESIAN_POINT('',(0.283,0.21,-0.032999999999998));
#14303=CARTESIAN_POINT('',(0.0169999999999999,0.21,-0.032999999999998));
#14304=CARTESIAN_POINT('',(0.017,0.21,-0.032999999999998));
#14305=CARTESIAN_POINT('',(0.0169999999999999,0.099,-0.032999999999998));
#14306=CARTESIAN_POINT('',(0.283,0.21,-0.032999999999998));
#14307=CARTESIAN_POINT('',(0.033,0.21,-0.032999999999998));
#14308=CARTESIAN_POINT('',(0.033,0.21,-0.032999999999998));
#14309=CARTESIAN_POINT('',(0.033,0.099,-0.032999999999998));
#14310=CARTESIAN_POINT('',(0.283,0.099,-0.032999999999998));
#14311=CARTESIAN_POINT('',(0.283,0.21,-0.032999999999998));
#14312=CARTESIAN_POINT('',(0.067,0.21,-0.032999999999998));
#14313=CARTESIAN_POINT('',(0.0669999999999999,0.21,-0.0329999999999981));
#14314=CARTESIAN_POINT('',(0.067,0.099,-0.032999999999998));
#14315=CARTESIAN_POINT('',(0.283,0.21,-0.032999999999998));
#14316=CARTESIAN_POINT('',(0.0829999999999999,0.21,-0.032999999999998));
#14317=CARTESIAN_POINT('',(0.0829999999999999,0.21,-0.032999999999998));
#14318=CARTESIAN_POINT('',(0.0829999999999999,0.099,-0.032999999999998));
#14319=CARTESIAN_POINT('',(0.283,0.099,-0.032999999999998));
#14320=CARTESIAN_POINT('',(0.283,0.21,-0.032999999999998));
#14321=CARTESIAN_POINT('',(0.117,0.21,-0.032999999999998));
#14322=CARTESIAN_POINT('',(0.117,0.21,-0.032999999999998));
#14323=CARTESIAN_POINT('',(0.117,0.099,-0.032999999999998));
#14324=CARTESIAN_POINT('',(0.283,0.21,-0.032999999999998));
#14325=CARTESIAN_POINT('',(0.133,0.21,-0.032999999999998));
#14326=CARTESIAN_POINT('',(0.133,0.21,-0.032999999999998));
#14327=CARTESIAN_POINT('',(0.133,0.099,-0.032999999999998));
#14328=CARTESIAN_POINT('',(0.283,0.099,-0.032999999999998));
#14329=CARTESIAN_POINT('',(0.283,0.21,-0.032999999999998));
#14330=CARTESIAN_POINT('',(0.167,0.21,-0.032999999999998));
#14331=CARTESIAN_POINT('',(0.167,0.21,-0.032999999999998));
#14332=CARTESIAN_POINT('',(0.167,0.099,-0.032999999999998));
#14333=CARTESIAN_POINT('',(0.283,0.21,-0.032999999999998));
#14334=CARTESIAN_POINT('',(0.183,0.21,-0.032999999999998));
#14335=CARTESIAN_POINT('',(0.183,0.21,-0.032999999999998));
#14336=CARTESIAN_POINT('',(0.183,0.099,-0.032999999999998));
#14337=CARTESIAN_POINT('',(0.283,0.099,-0.032999999999998));
#14338=CARTESIAN_POINT('',(0.283,0.21,-0.032999999999998));
#14339=CARTESIAN_POINT('',(0.217,0.21,-0.032999999999998));
#14340=CARTESIAN_POINT('',(0.217,0.21,-0.032999999999998));
#14341=CARTESIAN_POINT('',(0.217,0.099,-0.032999999999998));
#14342=CARTESIAN_POINT('',(0.283,0.21,-0.032999999999998));
#14343=CARTESIAN_POINT('',(0.233,0.21,-0.032999999999998));
#14344=CARTESIAN_POINT('',(0.233,0.21,-0.032999999999998));
#14345=CARTESIAN_POINT('',(0.233,0.099,-0.032999999999998));
#14346=CARTESIAN_POINT('',(0.283,0.099,-0.032999999999998));
#14347=CARTESIAN_POINT('',(0.283,0.099,0.033000000000001));
#14348=CARTESIAN_POINT('',(-0.267,0.099,0.033000000000001));
#14349=CARTESIAN_POINT('',(-0.267,0.21,0.0330000000000009));
#14350=CARTESIAN_POINT('',(-0.267,0.099,0.033000000000001));
#14351=CARTESIAN_POINT('',(0.283,0.21,0.033000000000001));
#14352=CARTESIAN_POINT('',(-0.283,0.21,0.033000000000001));
#14353=CARTESIAN_POINT('',(-0.283,0.099,0.033000000000001));
#14354=CARTESIAN_POINT('',(-0.283,0.099,0.033000000000001));
#14355=CARTESIAN_POINT('',(0.283,0.099,0.033000000000001));
#14356=CARTESIAN_POINT('',(0.283,0.099,0.033000000000001));
#14357=CARTESIAN_POINT('',(-0.233,0.099,0.033000000000001));
#14358=CARTESIAN_POINT('',(-0.233,0.099,0.033000000000001));
#14359=CARTESIAN_POINT('',(-0.233,0.21,0.0330000000000009));
#14360=CARTESIAN_POINT('',(0.283,0.099,0.033000000000001));
#14361=CARTESIAN_POINT('',(-0.217,0.099,0.033000000000001));
#14362=CARTESIAN_POINT('',(-0.217,0.099,0.033000000000001));
#14363=CARTESIAN_POINT('',(-0.217,0.21,0.033000000000001));
#14364=CARTESIAN_POINT('',(0.283,0.21,0.033000000000001));
#14365=CARTESIAN_POINT('',(0.283,0.099,0.033000000000001));
#14366=CARTESIAN_POINT('',(-0.183,0.099,0.033000000000001));
#14367=CARTESIAN_POINT('',(-0.183,0.099,0.033000000000001));
#14368=CARTESIAN_POINT('',(-0.183,0.21,0.0330000000000009));
#14369=CARTESIAN_POINT('',(0.283,0.099,0.033000000000001));
#14370=CARTESIAN_POINT('',(-0.167,0.099,0.033000000000001));
#14371=CARTESIAN_POINT('',(-0.167,0.099,0.033000000000001));
#14372=CARTESIAN_POINT('',(-0.167,0.21,0.0330000000000009));
#14373=CARTESIAN_POINT('',(0.283,0.21,0.033000000000001));
#14374=CARTESIAN_POINT('',(0.283,0.099,0.033000000000001));
#14375=CARTESIAN_POINT('',(-0.133,0.099,0.033000000000001));
#14376=CARTESIAN_POINT('',(-0.133,0.099,0.033000000000001));
#14377=CARTESIAN_POINT('',(-0.133,0.21,0.033000000000001));
#14378=CARTESIAN_POINT('',(0.283,0.099,0.033000000000001));
#14379=CARTESIAN_POINT('',(-0.117,0.099,0.033000000000001));
#14380=CARTESIAN_POINT('',(-0.117,0.099,0.033000000000001));
#14381=CARTESIAN_POINT('',(-0.117,0.21,0.0330000000000009));
#14382=CARTESIAN_POINT('',(0.283,0.21,0.033000000000001));
#14383=CARTESIAN_POINT('',(0.283,0.099,0.033000000000001));
#14384=CARTESIAN_POINT('',(-0.083,0.099,0.033000000000001));
#14385=CARTESIAN_POINT('',(-0.083,0.099,0.033000000000001));
#14386=CARTESIAN_POINT('',(-0.083,0.21,0.0330000000000008));
#14387=CARTESIAN_POINT('',(0.283,0.099,0.033000000000001));
#14388=CARTESIAN_POINT('',(-0.067,0.099,0.033000000000001));
#14389=CARTESIAN_POINT('',(-0.067,0.099,0.033000000000001));
#14390=CARTESIAN_POINT('',(-0.067,0.21,0.033000000000001));
#14391=CARTESIAN_POINT('',(0.283,0.21,0.033000000000001));
#14392=CARTESIAN_POINT('',(0.283,0.099,0.033000000000001));
#14393=CARTESIAN_POINT('',(-0.033,0.099,0.033000000000001));
#14394=CARTESIAN_POINT('',(-0.033,0.099,0.033000000000001));
#14395=CARTESIAN_POINT('',(-0.033,0.21,0.0330000000000009));
#14396=CARTESIAN_POINT('',(0.283,0.099,0.033000000000001));
#14397=CARTESIAN_POINT('',(-0.017,0.099,0.033000000000001));
#14398=CARTESIAN_POINT('',(-0.017,0.099,0.033000000000001));
#14399=CARTESIAN_POINT('',(-0.017,0.21,0.033000000000001));
#14400=CARTESIAN_POINT('',(0.283,0.21,0.033000000000001));
#14401=CARTESIAN_POINT('',(0.283,0.099,0.033000000000001));
#14402=CARTESIAN_POINT('',(0.0169999999999999,0.099,0.033000000000001));
#14403=CARTESIAN_POINT('',(0.0169999999999999,0.099,0.033000000000001));
#14404=CARTESIAN_POINT('',(0.017,0.21,0.033000000000001));
#14405=CARTESIAN_POINT('',(0.283,0.099,0.033000000000001));
#14406=CARTESIAN_POINT('',(0.033,0.099,0.033000000000001));
#14407=CARTESIAN_POINT('',(0.033,0.099,0.033000000000001));
#14408=CARTESIAN_POINT('',(0.0329999999999999,0.21,0.0330000000000009));
#14409=CARTESIAN_POINT('',(0.283,0.21,0.033000000000001));
#14410=CARTESIAN_POINT('',(0.283,0.099,0.033000000000001));
#14411=CARTESIAN_POINT('',(0.067,0.099,0.033000000000001));
#14412=CARTESIAN_POINT('',(0.067,0.099,0.033000000000001));
#14413=CARTESIAN_POINT('',(0.067,0.21,0.0330000000000009));
#14414=CARTESIAN_POINT('',(0.283,0.099,0.033000000000001));
#14415=CARTESIAN_POINT('',(0.0829999999999999,0.099,0.033000000000001));
#14416=CARTESIAN_POINT('',(0.0829999999999999,0.099,0.033000000000001));
#14417=CARTESIAN_POINT('',(0.0829999999999999,0.21,0.0330000000000009));
#14418=CARTESIAN_POINT('',(0.283,0.21,0.033000000000001));
#14419=CARTESIAN_POINT('',(0.283,0.099,0.033000000000001));
#14420=CARTESIAN_POINT('',(0.117,0.099,0.033000000000001));
#14421=CARTESIAN_POINT('',(0.117,0.099,0.033000000000001));
#14422=CARTESIAN_POINT('',(0.117,0.21,0.0330000000000009));
#14423=CARTESIAN_POINT('',(0.283,0.099,0.033000000000001));
#14424=CARTESIAN_POINT('',(0.133,0.099,0.033000000000001));
#14425=CARTESIAN_POINT('',(0.133,0.099,0.033000000000001));
#14426=CARTESIAN_POINT('',(0.133,0.21,0.033000000000001));
#14427=CARTESIAN_POINT('',(0.283,0.21,0.033000000000001));
#14428=CARTESIAN_POINT('',(0.283,0.099,0.033000000000001));
#14429=CARTESIAN_POINT('',(0.167,0.099,0.033000000000001));
#14430=CARTESIAN_POINT('',(0.167,0.099,0.033000000000001));
#14431=CARTESIAN_POINT('',(0.167,0.21,0.0330000000000009));
#14432=CARTESIAN_POINT('',(0.283,0.099,0.033000000000001));
#14433=CARTESIAN_POINT('',(0.183,0.099,0.033000000000001));
#14434=CARTESIAN_POINT('',(0.183,0.099,0.033000000000001));
#14435=CARTESIAN_POINT('',(0.183,0.21,0.0330000000000009));
#14436=CARTESIAN_POINT('',(0.283,0.21,0.033000000000001));
#14437=CARTESIAN_POINT('',(0.283,0.099,0.033000000000001));
#14438=CARTESIAN_POINT('',(0.217,0.099,0.033000000000001));
#14439=CARTESIAN_POINT('',(0.217,0.099,0.033000000000001));
#14440=CARTESIAN_POINT('',(0.217,0.21,0.033000000000001));
#14441=CARTESIAN_POINT('',(0.283,0.099,0.033000000000001));
#14442=CARTESIAN_POINT('',(0.233,0.099,0.033000000000001));
#14443=CARTESIAN_POINT('',(0.233,0.099,0.033000000000001));
#14444=CARTESIAN_POINT('',(0.233,0.21,0.0330000000000009));
#14445=CARTESIAN_POINT('',(0.283,0.21,0.033000000000001));
#14446=CARTESIAN_POINT('',(0.283,0.21,0.033000000000001));
#14447=CARTESIAN_POINT('',(-0.169799999999876,0.406068151416883,-0.0802000000000348));
#14448=CARTESIAN_POINT('',(-0.27780384757729,0.219,0.027803847577295));
#14449=CARTESIAN_POINT('',(-0.156999999999881,0.0194744111673403,0.143000000000035));
#14450=CARTESIAN_POINT('',(-0.27219615242271,0.219,0.027803847577295));
#14451=CARTESIAN_POINT('',(0.283,0.219,0.027803847577295));
#14452=CARTESIAN_POINT('',(0.283,0.21,0.033000000000001));
#14453=CARTESIAN_POINT('',(-0.129799999999888,0.388747643341186,-0.0702000000000312));
#14454=CARTESIAN_POINT('',(-0.22780384757729,0.219,0.027803847577295));
#14455=CARTESIAN_POINT('',(-0.116999999999893,0.0367949192430373,0.133000000000032));
#14456=CARTESIAN_POINT('',(-0.22219615242271,0.219,0.027803847577295));
#14457=CARTESIAN_POINT('',(0.283,0.219,0.027803847577295));
#14458=CARTESIAN_POINT('',(0.283,0.21,0.033000000000001));
#14459=CARTESIAN_POINT('',(-0.0897999999998992,0.37142713526549,-0.0602000000000281));
#14460=CARTESIAN_POINT('',(-0.17780384757729,0.219,0.027803847577295));
#14461=CARTESIAN_POINT('',(-0.0769999999999037,0.0541154273187336,0.123000000000029));
#14462=CARTESIAN_POINT('',(-0.17219615242271,0.219,0.027803847577295));
#14463=CARTESIAN_POINT('',(0.283,0.219,0.027803847577295));
#14464=CARTESIAN_POINT('',(0.283,0.21,0.033000000000001));
#14465=CARTESIAN_POINT('',(-0.0497999999999109,0.354106627189793,-0.0502000000000246));
#14466=CARTESIAN_POINT('',(-0.12780384757729,0.219,0.027803847577295));
#14467=CARTESIAN_POINT('',(-0.0369999999999135,0.0714359353944293,0.113000000000026));
#14468=CARTESIAN_POINT('',(-0.12219615242271,0.219,0.027803847577295));
#14469=CARTESIAN_POINT('',(0.283,0.219,0.027803847577295));
#14470=CARTESIAN_POINT('',(0.283,0.21,0.033000000000001));
#14471=CARTESIAN_POINT('',(-0.00979999999992128,0.336786119114097,-0.0402000000000217));
#14472=CARTESIAN_POINT('',(-0.07780384757729,0.219,0.027803847577295));
#14473=CARTESIAN_POINT('',(0.00300000000007551,0.0887564434701258,0.103000000000023));
#14474=CARTESIAN_POINT('',(-0.07219615242271,0.219,0.027803847577295));
#14475=CARTESIAN_POINT('',(0.283,0.219,0.027803847577295));
#14476=CARTESIAN_POINT('',(0.283,0.21,0.033000000000001));
#14477=CARTESIAN_POINT('',(0.0302000000000681,0.319465611038401,-0.0302000000000187));
#14478=CARTESIAN_POINT('',(-0.02780384757729,0.219,0.027803847577295));
#14479=CARTESIAN_POINT('',(0.0430000000000647,0.106076951545822,0.0930000000000197));
#14480=CARTESIAN_POINT('',(-0.02219615242271,0.219,0.027803847577295));
#14481=CARTESIAN_POINT('',(0.283,0.219,0.027803847577295));
#14482=CARTESIAN_POINT('',(0.283,0.21,0.033000000000001));
#14483=CARTESIAN_POINT('',(0.0702000000000573,0.302145102962704,-0.0202000000000156));
#14484=CARTESIAN_POINT('',(0.0221961524227099,0.219,0.027803847577295));
#14485=CARTESIAN_POINT('',(0.083000000000054,0.123397459621518,0.0830000000000166));
#14486=CARTESIAN_POINT('',(0.02780384757729,0.219,0.027803847577295));
#14487=CARTESIAN_POINT('',(0.283,0.219,0.027803847577295));
#14488=CARTESIAN_POINT('',(0.283,0.21,0.033000000000001));
#14489=CARTESIAN_POINT('',(0.110200000000046,0.284824594887008,-0.0102000000000124));
#14490=CARTESIAN_POINT('',(0.0721961524227099,0.219,0.027803847577295));
#14491=CARTESIAN_POINT('',(0.123000000000043,0.140717967697215,0.0730000000000135));
#14492=CARTESIAN_POINT('',(0.0778038475772899,0.219,0.027803847577295));
#14493=CARTESIAN_POINT('',(0.283,0.219,0.027803847577295));
#14494=CARTESIAN_POINT('',(0.283,0.21,0.033000000000001));
#14495=CARTESIAN_POINT('',(0.150200000000036,0.267504086811312,-0.000200000000009373));
#14496=CARTESIAN_POINT('',(0.12219615242271,0.219,0.027803847577295));
#14497=CARTESIAN_POINT('',(0.163000000000032,0.158038475772911,0.0630000000000102));
#14498=CARTESIAN_POINT('',(0.12780384757729,0.219,0.027803847577295));
#14499=CARTESIAN_POINT('',(0.283,0.219,0.027803847577295));
#14500=CARTESIAN_POINT('',(0.283,0.21,0.033000000000001));
#14501=CARTESIAN_POINT('',(0.190200000000025,0.250183578735615,0.00979999999999374));
#14502=CARTESIAN_POINT('',(0.17219615242271,0.219,0.027803847577295));
#14503=CARTESIAN_POINT('',(0.203000000000022,0.175358983848607,0.0530000000000072));
#14504=CARTESIAN_POINT('',(0.17780384757729,0.219,0.027803847577295));
#14505=CARTESIAN_POINT('',(0.283,0.219,0.027803847577295));
#14506=CARTESIAN_POINT('',(0.283,0.21,0.033000000000001));
#14507=CARTESIAN_POINT('',(0.230200000000014,0.232863070659919,0.0197999999999969));
#14508=CARTESIAN_POINT('',(0.22219615242271,0.219,0.027803847577295));
#14509=CARTESIAN_POINT('',(0.243000000000011,0.192679491924304,0.0430000000000041));
#14510=CARTESIAN_POINT('',(0.22780384757729,0.219,0.027803847577295));
#14511=CARTESIAN_POINT('',(0.283,0.219,0.027803847577295));
#14512=CARTESIAN_POINT('',(0.283,0.219,0.027803847577295));
#14513=CARTESIAN_POINT('',(-0.27780384757729,0.219,0.5));
#14514=CARTESIAN_POINT('',(-0.27780384757729,0.219,0.022196152422708));
#14515=CARTESIAN_POINT('',(-0.27219615242271,0.219,0.5));
#14516=CARTESIAN_POINT('',(-0.27219615242271,0.219,0.022196152422708));
#14517=CARTESIAN_POINT('',(0.283,0.219,0.022196152422708));
#14518=CARTESIAN_POINT('',(0.283,0.219,0.027803847577295));
#14519=CARTESIAN_POINT('',(-0.22780384757729,0.219,0.5));
#14520=CARTESIAN_POINT('',(-0.22780384757729,0.219,0.022196152422708));
#14521=CARTESIAN_POINT('',(-0.22219615242271,0.219,0.5));
#14522=CARTESIAN_POINT('',(-0.22219615242271,0.219,0.022196152422708));
#14523=CARTESIAN_POINT('',(0.283,0.219,0.022196152422708));
#14524=CARTESIAN_POINT('',(0.283,0.219,0.027803847577295));
#14525=CARTESIAN_POINT('',(-0.17780384757729,0.219,0.5));
#14526=CARTESIAN_POINT('',(-0.17780384757729,0.219,0.022196152422708));
#14527=CARTESIAN_POINT('',(-0.17219615242271,0.219,0.5));
#14528=CARTESIAN_POINT('',(-0.17219615242271,0.219,0.022196152422708));
#14529=CARTESIAN_POINT('',(0.283,0.219,0.022196152422708));
#14530=CARTESIAN_POINT('',(0.283,0.219,0.027803847577295));
#14531=CARTESIAN_POINT('',(-0.12780384757729,0.219,0.5));
#14532=CARTESIAN_POINT('',(-0.12780384757729,0.219,0.022196152422708));
#14533=CARTESIAN_POINT('',(-0.12219615242271,0.219,0.5));
#14534=CARTESIAN_POINT('',(-0.12219615242271,0.219,0.022196152422708));
#14535=CARTESIAN_POINT('',(0.283,0.219,0.022196152422708));
#14536=CARTESIAN_POINT('',(0.283,0.219,0.027803847577295));
#14537=CARTESIAN_POINT('',(-0.07780384757729,0.219,0.5));
#14538=CARTESIAN_POINT('',(-0.07780384757729,0.219,0.022196152422708));
#14539=CARTESIAN_POINT('',(-0.07219615242271,0.219,0.5));
#14540=CARTESIAN_POINT('',(-0.07219615242271,0.219,0.022196152422708));
#14541=CARTESIAN_POINT('',(0.283,0.219,0.022196152422708));
#14542=CARTESIAN_POINT('',(0.283,0.219,0.027803847577295));
#14543=CARTESIAN_POINT('',(-0.02780384757729,0.219,0.5));
#14544=CARTESIAN_POINT('',(-0.02780384757729,0.219,0.022196152422708));
#14545=CARTESIAN_POINT('',(-0.02219615242271,0.219,0.5));
#14546=CARTESIAN_POINT('',(-0.02219615242271,0.219,0.0221961524227079));
#14547=CARTESIAN_POINT('',(0.283,0.219,0.022196152422708));
#14548=CARTESIAN_POINT('',(0.283,0.219,0.027803847577295));
#14549=CARTESIAN_POINT('',(0.0221961524227099,0.219,0.5));
#14550=CARTESIAN_POINT('',(0.0221961524227099,0.219,0.022196152422708));
#14551=CARTESIAN_POINT('',(0.02780384757729,0.219,0.5));
#14552=CARTESIAN_POINT('',(0.0278038475772899,0.219,0.022196152422708));
#14553=CARTESIAN_POINT('',(0.283,0.219,0.022196152422708));
#14554=CARTESIAN_POINT('',(0.283,0.219,0.027803847577295));
#14555=CARTESIAN_POINT('',(0.0721961524227099,0.219,0.5));
#14556=CARTESIAN_POINT('',(0.0721961524227099,0.219,0.022196152422708));
#14557=CARTESIAN_POINT('',(0.0778038475772899,0.219,0.5));
#14558=CARTESIAN_POINT('',(0.0778038475772899,0.219,0.022196152422708));
#14559=CARTESIAN_POINT('',(0.283,0.219,0.022196152422708));
#14560=CARTESIAN_POINT('',(0.283,0.219,0.027803847577295));
#14561=CARTESIAN_POINT('',(0.12219615242271,0.219,0.5));
#14562=CARTESIAN_POINT('',(0.12219615242271,0.219,0.022196152422708));
#14563=CARTESIAN_POINT('',(0.12780384757729,0.219,0.5));
#14564=CARTESIAN_POINT('',(0.12780384757729,0.219,0.022196152422708));
#14565=CARTESIAN_POINT('',(0.283,0.219,0.022196152422708));
#14566=CARTESIAN_POINT('',(0.283,0.219,0.027803847577295));
#14567=CARTESIAN_POINT('',(0.17219615242271,0.219,0.5));
#14568=CARTESIAN_POINT('',(0.17219615242271,0.219,0.022196152422708));
#14569=CARTESIAN_POINT('',(0.17780384757729,0.219,0.5));
#14570=CARTESIAN_POINT('',(0.17780384757729,0.219,0.022196152422708));
#14571=CARTESIAN_POINT('',(0.283,0.219,0.022196152422708));
#14572=CARTESIAN_POINT('',(0.283,0.219,0.027803847577295));
#14573=CARTESIAN_POINT('',(0.22219615242271,0.219,0.5));
#14574=CARTESIAN_POINT('',(0.22219615242271,0.219,0.022196152422708));
#14575=CARTESIAN_POINT('',(0.22780384757729,0.219,0.5));
#14576=CARTESIAN_POINT('',(0.22780384757729,0.219,0.022196152422708));
#14577=CARTESIAN_POINT('',(0.283,0.219,0.022196152422708));
#14578=CARTESIAN_POINT('',(0.283,0.219,0.022196152422708));
#14579=CARTESIAN_POINT('',(-0.165643078061718,0.413268151416866,0.134356921938214));
#14580=CARTESIAN_POINT('',(-0.283,0.21,0.017000000000001));
#14581=CARTESIAN_POINT('',(-0.161156921938056,0.0266744111673532,-0.0888430780618814));
#14582=CARTESIAN_POINT('',(-0.267,0.21,0.017000000000001));
#14583=CARTESIAN_POINT('',(0.283,0.21,0.017000000000001));
#14584=CARTESIAN_POINT('',(0.283,0.219,0.022196152422708));
#14585=CARTESIAN_POINT('',(-0.125643078061729,0.395947643341171,0.12435692193821));
#14586=CARTESIAN_POINT('',(-0.233,0.21,0.017000000000001));
#14587=CARTESIAN_POINT('',(-0.121156921938068,0.0439949192430488,-0.0788430780618768));
#14588=CARTESIAN_POINT('',(-0.217,0.21,0.017000000000001));
#14589=CARTESIAN_POINT('',(0.283,0.21,0.017000000000001));
#14590=CARTESIAN_POINT('',(0.283,0.219,0.022196152422708));
#14591=CARTESIAN_POINT('',(-0.0856430780617394,0.378627135265476,0.114356921938205));
#14592=CARTESIAN_POINT('',(-0.183,0.21,0.017000000000001));
#14593=CARTESIAN_POINT('',(-0.0811569219380775,0.0613154273187438,-0.0688430780618725));
#14594=CARTESIAN_POINT('',(-0.167,0.21,0.017000000000001));
#14595=CARTESIAN_POINT('',(0.283,0.21,0.017000000000001));
#14596=CARTESIAN_POINT('',(0.283,0.219,0.022196152422708));
#14597=CARTESIAN_POINT('',(-0.0456430780617504,0.36130662718978,0.104356921938201));
#14598=CARTESIAN_POINT('',(-0.133,0.21,0.017000000000001));
#14599=CARTESIAN_POINT('',(-0.0411569219380865,0.0786359353944382,-0.0588430780618686));
#14600=CARTESIAN_POINT('',(-0.117,0.21,0.017000000000001));
#14601=CARTESIAN_POINT('',(0.283,0.21,0.017000000000001));
#14602=CARTESIAN_POINT('',(0.283,0.219,0.022196152422708));
#14603=CARTESIAN_POINT('',(-0.00564307806175993,0.343986119114085,0.0943569219381967));
#14604=CARTESIAN_POINT('',(-0.083,0.21,0.017000000000001));
#14605=CARTESIAN_POINT('',(-0.00115692193809683,0.0959564434701333,-0.0488430780618643));
#14606=CARTESIAN_POINT('',(-0.067,0.21,0.017000000000001));
#14607=CARTESIAN_POINT('',(0.283,0.21,0.017000000000001));
#14608=CARTESIAN_POINT('',(0.283,0.219,0.022196152422708));
#14609=CARTESIAN_POINT('',(0.0343569219382302,0.326665611038391,0.0843569219381925));
#14610=CARTESIAN_POINT('',(-0.033,0.21,0.017000000000001));
#14611=CARTESIAN_POINT('',(0.0388430780618931,0.113276951545828,-0.03884307806186));
#14612=CARTESIAN_POINT('',(-0.017,0.21,0.017000000000001));
#14613=CARTESIAN_POINT('',(0.283,0.21,0.017000000000001));
#14614=CARTESIAN_POINT('',(0.283,0.219,0.022196152422708));
#14615=CARTESIAN_POINT('',(0.0743569219382202,0.309345102962696,0.0743569219381882));
#14616=CARTESIAN_POINT('',(0.0169999999999999,0.21,0.017000000000001));
#14617=CARTESIAN_POINT('',(0.0788430780618832,0.130597459621523,-0.0288430780618558));
#14618=CARTESIAN_POINT('',(0.033,0.21,0.017000000000001));
#14619=CARTESIAN_POINT('',(0.283,0.21,0.017000000000001));
#14620=CARTESIAN_POINT('',(0.283,0.219,0.022196152422708));
#14621=CARTESIAN_POINT('',(0.11435692193821,0.292024594887,0.0643569219381839));
#14622=CARTESIAN_POINT('',(0.067,0.21,0.017000000000001));
#14623=CARTESIAN_POINT('',(0.118843078061873,0.147917967697218,-0.0188430780618515));
#14624=CARTESIAN_POINT('',(0.0829999999999999,0.21,0.017000000000001));
#14625=CARTESIAN_POINT('',(0.283,0.21,0.017000000000001));
#14626=CARTESIAN_POINT('',(0.283,0.219,0.022196152422708));
#14627=CARTESIAN_POINT('',(0.1543569219382,0.274704086811306,0.0543569219381797));
#14628=CARTESIAN_POINT('',(0.117,0.21,0.017000000000001));
#14629=CARTESIAN_POINT('',(0.158843078061863,0.165238475772913,-0.00884307806184714));
#14630=CARTESIAN_POINT('',(0.133,0.21,0.017000000000001));
#14631=CARTESIAN_POINT('',(0.283,0.21,0.017000000000001));
#14632=CARTESIAN_POINT('',(0.283,0.219,0.022196152422708));
#14633=CARTESIAN_POINT('',(0.19435692193819,0.257383578735611,0.0443569219381755));
#14634=CARTESIAN_POINT('',(0.167,0.21,0.017000000000001));
#14635=CARTESIAN_POINT('',(0.198843078061853,0.182558983848608,0.00115692193815701));
#14636=CARTESIAN_POINT('',(0.183,0.21,0.017000000000001));
#14637=CARTESIAN_POINT('',(0.283,0.21,0.017000000000001));
#14638=CARTESIAN_POINT('',(0.283,0.219,0.022196152422708));
#14639=CARTESIAN_POINT('',(0.23435692193818,0.240063070659916,0.0343569219381712));
#14640=CARTESIAN_POINT('',(0.217,0.21,0.017000000000001));
#14641=CARTESIAN_POINT('',(0.238843078061843,0.199879491924303,0.0111569219381613));
#14642=CARTESIAN_POINT('',(0.233,0.21,0.017000000000001));
#14643=CARTESIAN_POINT('',(0.283,0.21,0.017000000000001));
#14644=CARTESIAN_POINT('',(0.283,0.21,0.017000000000001));
#14645=CARTESIAN_POINT('',(-0.267,0.21,0.017000000000001));
#14646=CARTESIAN_POINT('',(-0.267,0.089,0.017000000000001));
#14647=CARTESIAN_POINT('',(0.283,0.089,0.017000000000001));
#14648=CARTESIAN_POINT('',(-0.283,0.089,0.017000000000001));
#14649=CARTESIAN_POINT('',(-0.283,0.21,0.017000000000001));
#14650=CARTESIAN_POINT('',(0.283,0.21,0.017000000000001));
#14651=CARTESIAN_POINT('',(-0.233,0.21,0.017000000000001));
#14652=CARTESIAN_POINT('',(-0.233,0.089,0.017000000000001));
#14653=CARTESIAN_POINT('',(-0.217,0.21,0.017000000000001));
#14654=CARTESIAN_POINT('',(-0.217,0.089,0.017000000000001));
#14655=CARTESIAN_POINT('',(0.283,0.089,0.017000000000001));
#14656=CARTESIAN_POINT('',(0.283,0.21,0.017000000000001));
#14657=CARTESIAN_POINT('',(-0.183,0.21,0.017000000000001));
#14658=CARTESIAN_POINT('',(-0.183,0.089,0.017000000000001));
#14659=CARTESIAN_POINT('',(-0.167,0.21,0.017000000000001));
#14660=CARTESIAN_POINT('',(-0.167,0.089,0.017000000000001));
#14661=CARTESIAN_POINT('',(0.283,0.089,0.017000000000001));
#14662=CARTESIAN_POINT('',(0.283,0.21,0.017000000000001));
#14663=CARTESIAN_POINT('',(-0.133,0.21,0.017000000000001));
#14664=CARTESIAN_POINT('',(-0.133,0.089,0.017000000000001));
#14665=CARTESIAN_POINT('',(-0.117,0.21,0.017000000000001));
#14666=CARTESIAN_POINT('',(-0.117,0.089,0.017000000000001));
#14667=CARTESIAN_POINT('',(0.283,0.089,0.017000000000001));
#14668=CARTESIAN_POINT('',(0.283,0.21,0.017000000000001));
#14669=CARTESIAN_POINT('',(-0.083,0.21,0.017000000000001));
#14670=CARTESIAN_POINT('',(-0.083,0.089,0.017000000000001));
#14671=CARTESIAN_POINT('',(-0.067,0.21,0.017000000000001));
#14672=CARTESIAN_POINT('',(-0.067,0.089,0.017000000000001));
#14673=CARTESIAN_POINT('',(0.283,0.089,0.017000000000001));
#14674=CARTESIAN_POINT('',(0.283,0.21,0.017000000000001));
#14675=CARTESIAN_POINT('',(-0.033,0.21,0.017000000000001));
#14676=CARTESIAN_POINT('',(-0.033,0.089,0.017000000000001));
#14677=CARTESIAN_POINT('',(-0.017,0.21,0.017000000000001));
#14678=CARTESIAN_POINT('',(-0.017,0.089,0.017000000000001));
#14679=CARTESIAN_POINT('',(0.283,0.089,0.017000000000001));
#14680=CARTESIAN_POINT('',(0.283,0.21,0.017000000000001));
#14681=CARTESIAN_POINT('',(0.0169999999999999,0.21,0.017000000000001));
#14682=CARTESIAN_POINT('',(0.017,0.089,0.017000000000001));
#14683=CARTESIAN_POINT('',(0.033,0.21,0.017000000000001));
#14684=CARTESIAN_POINT('',(0.033,0.089,0.017000000000001));
#14685=CARTESIAN_POINT('',(0.283,0.089,0.017000000000001));
#14686=CARTESIAN_POINT('',(0.283,0.21,0.017000000000001));
#14687=CARTESIAN_POINT('',(0.067,0.21,0.017000000000001));
#14688=CARTESIAN_POINT('',(0.0669999999999999,0.089,0.017000000000001));
#14689=CARTESIAN_POINT('',(0.0829999999999999,0.21,0.017000000000001));
#14690=CARTESIAN_POINT('',(0.0829999999999999,0.089,0.017000000000001));
#14691=CARTESIAN_POINT('',(0.283,0.089,0.017000000000001));
#14692=CARTESIAN_POINT('',(0.283,0.21,0.017000000000001));
#14693=CARTESIAN_POINT('',(0.117,0.21,0.017000000000001));
#14694=CARTESIAN_POINT('',(0.117,0.089,0.017000000000001));
#14695=CARTESIAN_POINT('',(0.133,0.21,0.017000000000001));
#14696=CARTESIAN_POINT('',(0.133,0.089,0.017000000000001));
#14697=CARTESIAN_POINT('',(0.283,0.089,0.017000000000001));
#14698=CARTESIAN_POINT('',(0.283,0.21,0.017000000000001));
#14699=CARTESIAN_POINT('',(0.167,0.21,0.017000000000001));
#14700=CARTESIAN_POINT('',(0.167,0.089,0.017000000000001));
#14701=CARTESIAN_POINT('',(0.183,0.21,0.017000000000001));
#14702=CARTESIAN_POINT('',(0.183,0.089,0.017000000000001));
#14703=CARTESIAN_POINT('',(0.283,0.089,0.017000000000001));
#14704=CARTESIAN_POINT('',(0.283,0.21,0.017000000000001));
#14705=CARTESIAN_POINT('',(0.217,0.21,0.017000000000001));
#14706=CARTESIAN_POINT('',(0.217,0.089,0.017000000000001));
#14707=CARTESIAN_POINT('',(0.233,0.21,0.017000000000001));
#14708=CARTESIAN_POINT('',(0.233,0.089,0.017000000000001));
#14709=CARTESIAN_POINT('',(0.283,0.089,0.017000000000001));
#14710=CARTESIAN_POINT('',(0.283,0.089,-0.016999999999999));
#14711=CARTESIAN_POINT('',(-0.267,0.089,-0.016999999999999));
#14712=CARTESIAN_POINT('',(-0.267,0.21,-0.0169999999999991));
#14713=CARTESIAN_POINT('',(-0.267,0.089,-0.016999999999999));
#14714=CARTESIAN_POINT('',(0.283,0.21,-0.016999999999999));
#14715=CARTESIAN_POINT('',(-0.283,0.21,-0.016999999999999));
#14716=CARTESIAN_POINT('',(-0.283,0.089,-0.016999999999999));
#14717=CARTESIAN_POINT('',(-0.283,0.089,-0.016999999999999));
#14718=CARTESIAN_POINT('',(0.283,0.089,-0.016999999999999));
#14719=CARTESIAN_POINT('',(0.283,0.089,-0.016999999999999));
#14720=CARTESIAN_POINT('',(-0.233,0.089,-0.016999999999999));
#14721=CARTESIAN_POINT('',(-0.233,0.089,-0.016999999999999));
#14722=CARTESIAN_POINT('',(-0.233,0.21,-0.0169999999999991));
#14723=CARTESIAN_POINT('',(0.283,0.089,-0.016999999999999));
#14724=CARTESIAN_POINT('',(-0.217,0.089,-0.016999999999999));
#14725=CARTESIAN_POINT('',(-0.217,0.089,-0.016999999999999));
#14726=CARTESIAN_POINT('',(-0.217,0.21,-0.016999999999999));
#14727=CARTESIAN_POINT('',(0.283,0.21,-0.016999999999999));
#14728=CARTESIAN_POINT('',(0.283,0.089,-0.016999999999999));
#14729=CARTESIAN_POINT('',(-0.183,0.089,-0.016999999999999));
#14730=CARTESIAN_POINT('',(-0.183,0.089,-0.016999999999999));
#14731=CARTESIAN_POINT('',(-0.183,0.21,-0.0169999999999992));
#14732=CARTESIAN_POINT('',(0.283,0.089,-0.016999999999999));
#14733=CARTESIAN_POINT('',(-0.167,0.089,-0.016999999999999));
#14734=CARTESIAN_POINT('',(-0.167,0.089,-0.016999999999999));
#14735=CARTESIAN_POINT('',(-0.167,0.21,-0.016999999999999));
#14736=CARTESIAN_POINT('',(0.283,0.21,-0.016999999999999));
#14737=CARTESIAN_POINT('',(0.283,0.089,-0.016999999999999));
#14738=CARTESIAN_POINT('',(-0.133,0.089,-0.016999999999999));
#14739=CARTESIAN_POINT('',(-0.133,0.089,-0.016999999999999));
#14740=CARTESIAN_POINT('',(-0.133,0.21,-0.0169999999999991));
#14741=CARTESIAN_POINT('',(0.283,0.089,-0.016999999999999));
#14742=CARTESIAN_POINT('',(-0.117,0.089,-0.016999999999999));
#14743=CARTESIAN_POINT('',(-0.117,0.089,-0.016999999999999));
#14744=CARTESIAN_POINT('',(-0.117,0.21,-0.0169999999999991));
#14745=CARTESIAN_POINT('',(0.283,0.21,-0.016999999999999));
#14746=CARTESIAN_POINT('',(0.283,0.089,-0.016999999999999));
#14747=CARTESIAN_POINT('',(-0.083,0.089,-0.016999999999999));
#14748=CARTESIAN_POINT('',(-0.083,0.089,-0.016999999999999));
#14749=CARTESIAN_POINT('',(-0.083,0.21,-0.0169999999999992));
#14750=CARTESIAN_POINT('',(0.283,0.089,-0.016999999999999));
#14751=CARTESIAN_POINT('',(-0.067,0.089,-0.016999999999999));
#14752=CARTESIAN_POINT('',(-0.067,0.089,-0.016999999999999));
#14753=CARTESIAN_POINT('',(-0.067,0.21,-0.016999999999999));
#14754=CARTESIAN_POINT('',(0.283,0.21,-0.016999999999999));
#14755=CARTESIAN_POINT('',(0.283,0.089,-0.016999999999999));
#14756=CARTESIAN_POINT('',(-0.033,0.089,-0.016999999999999));
#14757=CARTESIAN_POINT('',(-0.033,0.089,-0.016999999999999));
#14758=CARTESIAN_POINT('',(-0.033,0.21,-0.016999999999999));
#14759=CARTESIAN_POINT('',(0.283,0.089,-0.016999999999999));
#14760=CARTESIAN_POINT('',(-0.017,0.089,-0.016999999999999));
#14761=CARTESIAN_POINT('',(-0.017,0.089,-0.016999999999999));
#14762=CARTESIAN_POINT('',(-0.017,0.21,-0.016999999999999));
#14763=CARTESIAN_POINT('',(0.283,0.21,-0.016999999999999));
#14764=CARTESIAN_POINT('',(0.283,0.089,-0.016999999999999));
#14765=CARTESIAN_POINT('',(0.0169999999999999,0.089,-0.016999999999999));
#14766=CARTESIAN_POINT('',(0.017,0.089,-0.016999999999999));
#14767=CARTESIAN_POINT('',(0.0169999999999999,0.21,-0.016999999999999));
#14768=CARTESIAN_POINT('',(0.283,0.089,-0.016999999999999));
#14769=CARTESIAN_POINT('',(0.033,0.089,-0.016999999999999));
#14770=CARTESIAN_POINT('',(0.033,0.089,-0.016999999999999));
#14771=CARTESIAN_POINT('',(0.0329999999999999,0.21,-0.0169999999999991));
#14772=CARTESIAN_POINT('',(0.283,0.21,-0.016999999999999));
#14773=CARTESIAN_POINT('',(0.283,0.089,-0.016999999999999));
#14774=CARTESIAN_POINT('',(0.067,0.089,-0.016999999999999));
#14775=CARTESIAN_POINT('',(0.0669999999999999,0.089,-0.016999999999999));
#14776=CARTESIAN_POINT('',(0.067,0.21,-0.0169999999999991));
#14777=CARTESIAN_POINT('',(0.283,0.089,-0.016999999999999));
#14778=CARTESIAN_POINT('',(0.0829999999999999,0.089,-0.016999999999999));
#14779=CARTESIAN_POINT('',(0.0829999999999999,0.089,-0.016999999999999));
#14780=CARTESIAN_POINT('',(0.0829999999999999,0.21,-0.0169999999999991));
#14781=CARTESIAN_POINT('',(0.283,0.21,-0.016999999999999));
#14782=CARTESIAN_POINT('',(0.283,0.089,-0.016999999999999));
#14783=CARTESIAN_POINT('',(0.117,0.089,-0.016999999999999));
#14784=CARTESIAN_POINT('',(0.117,0.089,-0.016999999999999));
#14785=CARTESIAN_POINT('',(0.117,0.21,-0.0169999999999991));
#14786=CARTESIAN_POINT('',(0.283,0.089,-0.016999999999999));
#14787=CARTESIAN_POINT('',(0.133,0.089,-0.016999999999999));
#14788=CARTESIAN_POINT('',(0.133,0.089,-0.016999999999999));
#14789=CARTESIAN_POINT('',(0.133,0.21,-0.0169999999999991));
#14790=CARTESIAN_POINT('',(0.283,0.21,-0.016999999999999));
#14791=CARTESIAN_POINT('',(0.283,0.089,-0.016999999999999));
#14792=CARTESIAN_POINT('',(0.167,0.089,-0.016999999999999));
#14793=CARTESIAN_POINT('',(0.167,0.089,-0.016999999999999));
#14794=CARTESIAN_POINT('',(0.167,0.21,-0.0169999999999991));
#14795=CARTESIAN_POINT('',(0.283,0.089,-0.016999999999999));
#14796=CARTESIAN_POINT('',(0.183,0.089,-0.016999999999999));
#14797=CARTESIAN_POINT('',(0.183,0.089,-0.016999999999999));
#14798=CARTESIAN_POINT('',(0.183,0.21,-0.0169999999999991));
#14799=CARTESIAN_POINT('',(0.283,0.21,-0.016999999999999));
#14800=CARTESIAN_POINT('',(0.283,0.089,-0.016999999999999));
#14801=CARTESIAN_POINT('',(0.217,0.089,-0.016999999999999));
#14802=CARTESIAN_POINT('',(0.217,0.089,-0.016999999999999));
#14803=CARTESIAN_POINT('',(0.217,0.21,-0.0169999999999991));
#14804=CARTESIAN_POINT('',(0.283,0.089,-0.016999999999999));
#14805=CARTESIAN_POINT('',(0.233,0.089,-0.016999999999999));
#14806=CARTESIAN_POINT('',(0.233,0.089,-0.016999999999999));
#14807=CARTESIAN_POINT('',(0.233,0.21,-0.0169999999999991));
#14808=CARTESIAN_POINT('',(0.283,0.21,-0.016999999999999));
#14809=CARTESIAN_POINT('',(0.283,0.21,-0.016999999999999));
#14810=CARTESIAN_POINT('',(-0.169799999999876,0.406068151416883,-0.130200000000035));
#14811=CARTESIAN_POINT('',(-0.27780384757729,0.219,-0.022196152422705));
#14812=CARTESIAN_POINT('',(-0.156999999999881,0.0194744111673403,0.0930000000000353));
#14813=CARTESIAN_POINT('',(-0.27219615242271,0.219,-0.022196152422705));
#14814=CARTESIAN_POINT('',(0.283,0.219,-0.022196152422705));
#14815=CARTESIAN_POINT('',(0.283,0.21,-0.016999999999999));
#14816=CARTESIAN_POINT('',(-0.129799999999888,0.388747643341186,-0.120200000000031));
#14817=CARTESIAN_POINT('',(-0.22780384757729,0.219,-0.022196152422705));
#14818=CARTESIAN_POINT('',(-0.116999999999893,0.0367949192430373,0.0830000000000318));
#14819=CARTESIAN_POINT('',(-0.22219615242271,0.219,-0.022196152422705));
#14820=CARTESIAN_POINT('',(0.283,0.219,-0.022196152422705));
#14821=CARTESIAN_POINT('',(0.283,0.21,-0.016999999999999));
#14822=CARTESIAN_POINT('',(-0.0897999999998992,0.37142713526549,-0.110200000000028));
#14823=CARTESIAN_POINT('',(-0.17780384757729,0.219,-0.022196152422705));
#14824=CARTESIAN_POINT('',(-0.0769999999999037,0.0541154273187336,0.0730000000000287));
#14825=CARTESIAN_POINT('',(-0.17219615242271,0.219,-0.022196152422705));
#14826=CARTESIAN_POINT('',(0.283,0.219,-0.022196152422705));
#14827=CARTESIAN_POINT('',(0.283,0.21,-0.016999999999999));
#14828=CARTESIAN_POINT('',(-0.049799999999911,0.354106627189793,-0.100200000000025));
#14829=CARTESIAN_POINT('',(-0.12780384757729,0.219,-0.022196152422705));
#14830=CARTESIAN_POINT('',(-0.0369999999999136,0.0714359353944293,0.063000000000026));
#14831=CARTESIAN_POINT('',(-0.12219615242271,0.219,-0.022196152422705));
#14832=CARTESIAN_POINT('',(0.283,0.219,-0.022196152422705));
#14833=CARTESIAN_POINT('',(0.283,0.21,-0.016999999999999));
#14834=CARTESIAN_POINT('',(-0.00979999999992124,0.336786119114097,-0.0902000000000217));
#14835=CARTESIAN_POINT('',(-0.07780384757729,0.219,-0.022196152422705));
#14836=CARTESIAN_POINT('',(0.00300000000007548,0.0887564434701257,0.0530000000000228));
#14837=CARTESIAN_POINT('',(-0.07219615242271,0.219,-0.022196152422705));
#14838=CARTESIAN_POINT('',(0.283,0.219,-0.022196152422705));
#14839=CARTESIAN_POINT('',(0.283,0.21,-0.016999999999999));
#14840=CARTESIAN_POINT('',(0.0302000000000681,0.319465611038401,-0.0802000000000187));
#14841=CARTESIAN_POINT('',(-0.02780384757729,0.219,-0.022196152422705));
#14842=CARTESIAN_POINT('',(0.0430000000000647,0.106076951545822,0.0430000000000197));
#14843=CARTESIAN_POINT('',(-0.02219615242271,0.219,-0.022196152422705));
#14844=CARTESIAN_POINT('',(0.283,0.219,-0.022196152422705));
#14845=CARTESIAN_POINT('',(0.283,0.21,-0.016999999999999));
#14846=CARTESIAN_POINT('',(0.0702000000000573,0.302145102962704,-0.0702000000000156));
#14847=CARTESIAN_POINT('',(0.0221961524227099,0.219,-0.022196152422705));
#14848=CARTESIAN_POINT('',(0.083000000000054,0.123397459621518,0.0330000000000166));
#14849=CARTESIAN_POINT('',(0.02780384757729,0.219,-0.022196152422705));
#14850=CARTESIAN_POINT('',(0.283,0.219,-0.022196152422705));
#14851=CARTESIAN_POINT('',(0.283,0.21,-0.016999999999999));
#14852=CARTESIAN_POINT('',(0.110200000000046,0.284824594887008,-0.0602000000000124));
#14853=CARTESIAN_POINT('',(0.0721961524227099,0.219,-0.022196152422705));
#14854=CARTESIAN_POINT('',(0.123000000000043,0.140717967697215,0.0230000000000135));
#14855=CARTESIAN_POINT('',(0.0778038475772899,0.219,-0.022196152422705));
#14856=CARTESIAN_POINT('',(0.283,0.219,-0.022196152422705));
#14857=CARTESIAN_POINT('',(0.283,0.21,-0.016999999999999));
#14858=CARTESIAN_POINT('',(0.150200000000036,0.267504086811312,-0.0502000000000094));
#14859=CARTESIAN_POINT('',(0.12219615242271,0.219,-0.022196152422705));
#14860=CARTESIAN_POINT('',(0.163000000000032,0.158038475772911,0.0130000000000102));
#14861=CARTESIAN_POINT('',(0.12780384757729,0.219,-0.022196152422705));
#14862=CARTESIAN_POINT('',(0.283,0.219,-0.022196152422705));
#14863=CARTESIAN_POINT('',(0.283,0.21,-0.016999999999999));
#14864=CARTESIAN_POINT('',(0.190200000000025,0.250183578735615,-0.0402000000000063));
#14865=CARTESIAN_POINT('',(0.17219615242271,0.219,-0.022196152422705));
#14866=CARTESIAN_POINT('',(0.203000000000022,0.175358983848607,0.00300000000000725));
#14867=CARTESIAN_POINT('',(0.17780384757729,0.219,-0.022196152422705));
#14868=CARTESIAN_POINT('',(0.283,0.219,-0.022196152422705));
#14869=CARTESIAN_POINT('',(0.283,0.21,-0.016999999999999));
#14870=CARTESIAN_POINT('',(0.230200000000014,0.232863070659919,-0.0302000000000031));
#14871=CARTESIAN_POINT('',(0.22219615242271,0.219,-0.022196152422705));
#14872=CARTESIAN_POINT('',(0.243000000000011,0.192679491924304,-0.00699999999999588));
#14873=CARTESIAN_POINT('',(0.22780384757729,0.219,-0.022196152422705));
#14874=CARTESIAN_POINT('',(0.283,0.219,-0.022196152422705));
#14875=CARTESIAN_POINT('',(0.283,0.219,-0.022196152422705));
#14876=CARTESIAN_POINT('',(-0.27780384757729,0.219,0.5));
#14877=CARTESIAN_POINT('',(-0.27780384757729,0.219,-0.027803847577292));
#14878=CARTESIAN_POINT('',(-0.27219615242271,0.219,0.5));
#14879=CARTESIAN_POINT('',(-0.27219615242271,0.219,-0.0278038475772921));
#14880=CARTESIAN_POINT('',(0.283,0.219,-0.027803847577292));
#14881=CARTESIAN_POINT('',(0.283,0.219,-0.022196152422705));
#14882=CARTESIAN_POINT('',(-0.22780384757729,0.219,0.5));
#14883=CARTESIAN_POINT('',(-0.22780384757729,0.219,-0.027803847577292));
#14884=CARTESIAN_POINT('',(-0.22219615242271,0.219,0.5));
#14885=CARTESIAN_POINT('',(-0.22219615242271,0.219,-0.027803847577292));
#14886=CARTESIAN_POINT('',(0.283,0.219,-0.027803847577292));
#14887=CARTESIAN_POINT('',(0.283,0.219,-0.022196152422705));
#14888=CARTESIAN_POINT('',(-0.17780384757729,0.219,0.5));
#14889=CARTESIAN_POINT('',(-0.17780384757729,0.219,-0.027803847577292));
#14890=CARTESIAN_POINT('',(-0.17219615242271,0.219,0.5));
#14891=CARTESIAN_POINT('',(-0.17219615242271,0.219,-0.027803847577292));
#14892=CARTESIAN_POINT('',(0.283,0.219,-0.027803847577292));
#14893=CARTESIAN_POINT('',(0.283,0.219,-0.022196152422705));
#14894=CARTESIAN_POINT('',(-0.12780384757729,0.219,0.5));
#14895=CARTESIAN_POINT('',(-0.12780384757729,0.219,-0.027803847577292));
#14896=CARTESIAN_POINT('',(-0.12219615242271,0.219,0.5));
#14897=CARTESIAN_POINT('',(-0.12219615242271,0.219,-0.027803847577292));
#14898=CARTESIAN_POINT('',(0.283,0.219,-0.027803847577292));
#14899=CARTESIAN_POINT('',(0.283,0.219,-0.022196152422705));
#14900=CARTESIAN_POINT('',(-0.07780384757729,0.219,0.5));
#14901=CARTESIAN_POINT('',(-0.07780384757729,0.219,-0.027803847577292));
#14902=CARTESIAN_POINT('',(-0.07219615242271,0.219,0.5));
#14903=CARTESIAN_POINT('',(-0.07219615242271,0.219,-0.027803847577292));
#14904=CARTESIAN_POINT('',(0.283,0.219,-0.027803847577292));
#14905=CARTESIAN_POINT('',(0.283,0.219,-0.022196152422705));
#14906=CARTESIAN_POINT('',(-0.02780384757729,0.219,0.5));
#14907=CARTESIAN_POINT('',(-0.02780384757729,0.219,-0.027803847577292));
#14908=CARTESIAN_POINT('',(-0.02219615242271,0.219,0.5));
#14909=CARTESIAN_POINT('',(-0.02219615242271,0.219,-0.027803847577292));
#14910=CARTESIAN_POINT('',(0.283,0.219,-0.027803847577292));
#14911=CARTESIAN_POINT('',(0.283,0.219,-0.022196152422705));
#14912=CARTESIAN_POINT('',(0.0221961524227099,0.219,0.5));
#14913=CARTESIAN_POINT('',(0.0221961524227099,0.219,-0.027803847577292));
#14914=CARTESIAN_POINT('',(0.02780384757729,0.219,0.5));
#14915=CARTESIAN_POINT('',(0.02780384757729,0.219,-0.0278038475772921));
#14916=CARTESIAN_POINT('',(0.283,0.219,-0.027803847577292));
#14917=CARTESIAN_POINT('',(0.283,0.219,-0.022196152422705));
#14918=CARTESIAN_POINT('',(0.0721961524227099,0.219,0.5));
#14919=CARTESIAN_POINT('',(0.0721961524227099,0.219,-0.027803847577292));
#14920=CARTESIAN_POINT('',(0.0778038475772899,0.219,0.5));
#14921=CARTESIAN_POINT('',(0.0778038475772899,0.219,-0.027803847577292));
#14922=CARTESIAN_POINT('',(0.283,0.219,-0.027803847577292));
#14923=CARTESIAN_POINT('',(0.283,0.219,-0.022196152422705));
#14924=CARTESIAN_POINT('',(0.12219615242271,0.219,0.5));
#14925=CARTESIAN_POINT('',(0.12219615242271,0.219,-0.027803847577292));
#14926=CARTESIAN_POINT('',(0.12780384757729,0.219,0.5));
#14927=CARTESIAN_POINT('',(0.12780384757729,0.219,-0.027803847577292));
#14928=CARTESIAN_POINT('',(0.283,0.219,-0.027803847577292));
#14929=CARTESIAN_POINT('',(0.283,0.219,-0.022196152422705));
#14930=CARTESIAN_POINT('',(0.17219615242271,0.219,0.5));
#14931=CARTESIAN_POINT('',(0.17219615242271,0.219,-0.027803847577292));
#14932=CARTESIAN_POINT('',(0.17780384757729,0.219,0.5));
#14933=CARTESIAN_POINT('',(0.17780384757729,0.219,-0.027803847577292));
#14934=CARTESIAN_POINT('',(0.283,0.219,-0.027803847577292));
#14935=CARTESIAN_POINT('',(0.283,0.219,-0.022196152422705));
#14936=CARTESIAN_POINT('',(0.22219615242271,0.219,0.5));
#14937=CARTESIAN_POINT('',(0.22219615242271,0.219,-0.027803847577292));
#14938=CARTESIAN_POINT('',(0.22780384757729,0.219,0.5));
#14939=CARTESIAN_POINT('',(0.22780384757729,0.219,-0.027803847577292));
#14940=CARTESIAN_POINT('',(0.283,0.219,-0.027803847577292));
#14941=CARTESIAN_POINT('',(0.283,0.219,-0.027803847577292));
#14942=CARTESIAN_POINT('',(-0.16564307806171,0.413268151416881,0.0843569219382015));
#14943=CARTESIAN_POINT('',(-0.161156921938048,0.0266744111673385,-0.138843078061869));
#14944=CARTESIAN_POINT('',(0.283,0.219,-0.027803847577292));
#14945=CARTESIAN_POINT('',(-0.125643078061722,0.395947643341184,0.0743569219381979));
#14946=CARTESIAN_POINT('',(-0.12115692193806,0.0439949192430355,-0.128843078061865));
#14947=CARTESIAN_POINT('',(0.283,0.219,-0.027803847577292));
#14948=CARTESIAN_POINT('',(-0.0856430780617323,0.378627135265488,0.0643569219381948));
#14949=CARTESIAN_POINT('',(-0.0811569219380705,0.0613154273187318,-0.118843078061862));
#14950=CARTESIAN_POINT('',(0.283,0.219,-0.027803847577292));
#14951=CARTESIAN_POINT('',(-0.0456430780617442,0.361306627189791,0.0543569219381914));
#14952=CARTESIAN_POINT('',(-0.0411569219380804,0.0786359353944274,-0.108843078061859));
#14953=CARTESIAN_POINT('',(0.283,0.219,-0.027803847577292));
#14954=CARTESIAN_POINT('',(-0.00564307806175443,0.343986119114095,0.0443569219381884));
#14955=CARTESIAN_POINT('',(-0.00115692193809133,0.0959564434701239,-0.0988430780618561));
#14956=CARTESIAN_POINT('',(0.283,0.219,-0.027803847577292));
#14957=CARTESIAN_POINT('',(0.034356921938235,0.326665611038399,0.0343569219381854));
#14958=CARTESIAN_POINT('',(0.0388430780618978,0.11327695154582,-0.088843078061853));
#14959=CARTESIAN_POINT('',(0.283,0.219,-0.027803847577292));
#14960=CARTESIAN_POINT('',(0.0743569219382242,0.309345102962702,0.0243569219381823));
#14961=CARTESIAN_POINT('',(0.0788430780618871,0.130597459621516,-0.07884307806185));
#14962=CARTESIAN_POINT('',(0.283,0.219,-0.027803847577292));
#14963=CARTESIAN_POINT('',(0.114356921938213,0.292024594887006,0.0143569219381791));
#14964=CARTESIAN_POINT('',(0.118843078061876,0.147917967697213,-0.0688430780618468));
#14965=CARTESIAN_POINT('',(0.283,0.219,-0.027803847577292));
#14966=CARTESIAN_POINT('',(0.154356921938203,0.27470408681131,0.00435692193817606));
#14967=CARTESIAN_POINT('',(0.158843078061865,0.165238475772909,-0.0588430780618436));
#14968=CARTESIAN_POINT('',(0.283,0.219,-0.027803847577292));
#14969=CARTESIAN_POINT('',(0.194356921938192,0.257383578735614,-0.00564307806182706));
#14970=CARTESIAN_POINT('',(0.198843078061855,0.182558983848605,-0.0488430780618406));
#14971=CARTESIAN_POINT('',(0.283,0.219,-0.027803847577292));
#14972=CARTESIAN_POINT('',(0.234356921938181,0.240063070659917,-0.0156430780618302));
#14973=CARTESIAN_POINT('',(0.238843078061844,0.199879491924302,-0.0388430780618374));
#14974=CARTESIAN_POINT('',(0.283,0.21,-0.032999999999998));
#14975=CARTESIAN_POINT('',(0.267,0.21,-0.032999999999998));
#14976=CARTESIAN_POINT('',(0.267,0.21,-0.032999999999998));
#14977=CARTESIAN_POINT('',(0.267,0.099,-0.032999999999998));
#14978=CARTESIAN_POINT('',(0.283,0.21,-0.032999999999998));
#14979=CARTESIAN_POINT('',(0.283,0.21,-0.032999999999998));
#14980=CARTESIAN_POINT('',(0.283,0.21,-0.032999999999998));
#14981=CARTESIAN_POINT('',(0.283,0.099,-0.032999999999998));
#14982=CARTESIAN_POINT('',(0.283,0.099,-0.032999999999998));
#14983=CARTESIAN_POINT('',(0.283,0.099,-0.032999999999998));
#14984=CARTESIAN_POINT('',(-0.267,0.099,-0.032999999999998));
#14985=CARTESIAN_POINT('',(-0.267,0.089,-0.0262653061224474));
#14986=CARTESIAN_POINT('',(0.283,0.089,-0.0262653061224474));
#14987=CARTESIAN_POINT('',(-0.233,0.089,-0.0262653061224474));
#14988=CARTESIAN_POINT('',(-0.233,0.099,-0.032999999999998));
#14989=CARTESIAN_POINT('',(-0.217,0.099,-0.032999999999998));
#14990=CARTESIAN_POINT('',(-0.217,0.089,-0.0262653061224474));
#14991=CARTESIAN_POINT('',(0.283,0.089,-0.0262653061224474));
#14992=CARTESIAN_POINT('',(-0.183,0.089,-0.0262653061224474));
#14993=CARTESIAN_POINT('',(-0.183,0.099,-0.032999999999998));
#14994=CARTESIAN_POINT('',(-0.167,0.099,-0.032999999999998));
#14995=CARTESIAN_POINT('',(-0.167,0.089,-0.0262653061224474));
#14996=CARTESIAN_POINT('',(0.283,0.089,-0.0262653061224474));
#14997=CARTESIAN_POINT('',(-0.133,0.089,-0.0262653061224474));
#14998=CARTESIAN_POINT('',(-0.133,0.099,-0.032999999999998));
#14999=CARTESIAN_POINT('',(-0.117,0.099,-0.032999999999998));
#15000=CARTESIAN_POINT('',(-0.117,0.089,-0.0262653061224474));
#15001=CARTESIAN_POINT('',(0.283,0.089,-0.0262653061224474));
#15002=CARTESIAN_POINT('',(-0.083,0.089,-0.0262653061224474));
#15003=CARTESIAN_POINT('',(-0.083,0.099,-0.032999999999998));
#15004=CARTESIAN_POINT('',(-0.067,0.099,-0.032999999999998));
#15005=CARTESIAN_POINT('',(-0.067,0.089,-0.0262653061224474));
#15006=CARTESIAN_POINT('',(0.283,0.089,-0.0262653061224474));
#15007=CARTESIAN_POINT('',(-0.033,0.089,-0.0262653061224474));
#15008=CARTESIAN_POINT('',(-0.033,0.099,-0.032999999999998));
#15009=CARTESIAN_POINT('',(-0.017,0.099,-0.032999999999998));
#15010=CARTESIAN_POINT('',(-0.017,0.089,-0.0262653061224474));
#15011=CARTESIAN_POINT('',(0.283,0.089,-0.0262653061224474));
#15012=CARTESIAN_POINT('',(0.017,0.089,-0.0262653061224474));
#15013=CARTESIAN_POINT('',(0.0169999999999999,0.099,-0.032999999999998));
#15014=CARTESIAN_POINT('',(0.033,0.099,-0.032999999999998));
#15015=CARTESIAN_POINT('',(0.033,0.089,-0.0262653061224474));
#15016=CARTESIAN_POINT('',(0.283,0.089,-0.0262653061224474));
#15017=CARTESIAN_POINT('',(0.067,0.089,-0.0262653061224474));
#15018=CARTESIAN_POINT('',(0.067,0.099,-0.032999999999998));
#15019=CARTESIAN_POINT('',(0.0829999999999999,0.099,-0.032999999999998));
#15020=CARTESIAN_POINT('',(0.0829999999999999,0.089,-0.0262653061224474));
#15021=CARTESIAN_POINT('',(0.283,0.089,-0.0262653061224474));
#15022=CARTESIAN_POINT('',(0.117,0.089,-0.0262653061224474));
#15023=CARTESIAN_POINT('',(0.117,0.099,-0.032999999999998));
#15024=CARTESIAN_POINT('',(0.133,0.099,-0.032999999999998));
#15025=CARTESIAN_POINT('',(0.133,0.089,-0.0262653061224474));
#15026=CARTESIAN_POINT('',(0.283,0.089,-0.0262653061224474));
#15027=CARTESIAN_POINT('',(0.167,0.089,-0.0262653061224474));
#15028=CARTESIAN_POINT('',(0.167,0.099,-0.032999999999998));
#15029=CARTESIAN_POINT('',(0.183,0.099,-0.032999999999998));
#15030=CARTESIAN_POINT('',(0.183,0.089,-0.0262653061224474));
#15031=CARTESIAN_POINT('',(0.283,0.089,-0.0262653061224474));
#15032=CARTESIAN_POINT('',(0.217,0.089,-0.0262653061224474));
#15033=CARTESIAN_POINT('',(0.217,0.099,-0.032999999999998));
#15034=CARTESIAN_POINT('',(0.233,0.099,-0.032999999999998));
#15035=CARTESIAN_POINT('',(0.233,0.089,-0.0262653061224474));
#15036=CARTESIAN_POINT('',(0.283,0.089,-0.0262653061224474));
#15037=CARTESIAN_POINT('',(0.267,0.089,-0.0262653061224474));
#15038=CARTESIAN_POINT('',(0.267,0.099,-0.032999999999998));
#15039=CARTESIAN_POINT('',(0.283,0.099,-0.032999999999998));
#15040=CARTESIAN_POINT('',(0.283,0.05,0.));
#15041=CARTESIAN_POINT('',(0.283,0.05,0.));
#15042=CARTESIAN_POINT('',(-0.283,0.05,0.));
#15043=CARTESIAN_POINT('',(-0.283,0.099,-0.032999999999998));
#15044=CARTESIAN_POINT('',(0.283,0.05,0.));
#15045=CARTESIAN_POINT('',(-0.267,0.05,0.));
#15046=CARTESIAN_POINT('',(-0.267,0.089,0.0262653061224497));
#15047=CARTESIAN_POINT('',(-0.283,0.05,0.));
#15048=CARTESIAN_POINT('',(0.283,0.05,0.));
#15049=CARTESIAN_POINT('',(0.283,0.099,0.033000000000001));
#15050=CARTESIAN_POINT('',(0.283,0.099,0.033000000000001));
#15051=CARTESIAN_POINT('',(0.267,0.099,0.033000000000001));
#15052=CARTESIAN_POINT('',(0.267,0.05,0.));
#15053=CARTESIAN_POINT('',(0.267,0.089,0.0262653061224498));
#15054=CARTESIAN_POINT('',(0.283,0.089,0.0262653061224498));
#15055=CARTESIAN_POINT('',(0.233,0.089,0.0262653061224497));
#15056=CARTESIAN_POINT('',(0.233,0.05,0.));
#15057=CARTESIAN_POINT('',(0.217,0.05,0.));
#15058=CARTESIAN_POINT('',(0.217,0.089,0.0262653061224498));
#15059=CARTESIAN_POINT('',(0.283,0.089,0.0262653061224498));
#15060=CARTESIAN_POINT('',(0.183,0.089,0.0262653061224497));
#15061=CARTESIAN_POINT('',(0.183,0.05,0.));
#15062=CARTESIAN_POINT('',(0.167,0.05,0.));
#15063=CARTESIAN_POINT('',(0.167,0.089,0.0262653061224498));
#15064=CARTESIAN_POINT('',(0.283,0.089,0.0262653061224498));
#15065=CARTESIAN_POINT('',(0.133,0.089,0.0262653061224497));
#15066=CARTESIAN_POINT('',(0.133,0.05,0.));
#15067=CARTESIAN_POINT('',(0.117,0.05,0.));
#15068=CARTESIAN_POINT('',(0.117,0.089,0.0262653061224498));
#15069=CARTESIAN_POINT('',(0.283,0.089,0.0262653061224498));
#15070=CARTESIAN_POINT('',(0.0829999999999999,0.089,0.0262653061224497));
#15071=CARTESIAN_POINT('',(0.0829999999999999,0.05,0.));
#15072=CARTESIAN_POINT('',(0.067,0.05,0.));
#15073=CARTESIAN_POINT('',(0.067,0.089,0.0262653061224498));
#15074=CARTESIAN_POINT('',(0.283,0.089,0.0262653061224498));
#15075=CARTESIAN_POINT('',(0.033,0.089,0.0262653061224497));
#15076=CARTESIAN_POINT('',(0.033,0.05,0.));
#15077=CARTESIAN_POINT('',(0.0169999999999999,0.05,0.));
#15078=CARTESIAN_POINT('',(0.017,0.089,0.0262653061224498));
#15079=CARTESIAN_POINT('',(0.283,0.089,0.0262653061224498));
#15080=CARTESIAN_POINT('',(-0.017,0.089,0.0262653061224497));
#15081=CARTESIAN_POINT('',(-0.017,0.05,0.));
#15082=CARTESIAN_POINT('',(-0.033,0.05,0.));
#15083=CARTESIAN_POINT('',(-0.033,0.089,0.0262653061224498));
#15084=CARTESIAN_POINT('',(0.283,0.089,0.0262653061224498));
#15085=CARTESIAN_POINT('',(-0.067,0.089,0.0262653061224497));
#15086=CARTESIAN_POINT('',(-0.067,0.05,0.));
#15087=CARTESIAN_POINT('',(-0.083,0.05,0.));
#15088=CARTESIAN_POINT('',(-0.083,0.089,0.0262653061224498));
#15089=CARTESIAN_POINT('',(0.283,0.089,0.0262653061224498));
#15090=CARTESIAN_POINT('',(-0.117,0.089,0.0262653061224497));
#15091=CARTESIAN_POINT('',(-0.117,0.05,0.));
#15092=CARTESIAN_POINT('',(-0.133,0.05,0.));
#15093=CARTESIAN_POINT('',(-0.133,0.089,0.0262653061224498));
#15094=CARTESIAN_POINT('',(0.283,0.089,0.0262653061224498));
#15095=CARTESIAN_POINT('',(-0.167,0.089,0.0262653061224497));
#15096=CARTESIAN_POINT('',(-0.167,0.05,0.));
#15097=CARTESIAN_POINT('',(-0.183,0.05,0.));
#15098=CARTESIAN_POINT('',(-0.183,0.089,0.0262653061224498));
#15099=CARTESIAN_POINT('',(0.283,0.089,0.0262653061224498));
#15100=CARTESIAN_POINT('',(-0.217,0.089,0.0262653061224497));
#15101=CARTESIAN_POINT('',(-0.217,0.05,0.));
#15102=CARTESIAN_POINT('',(-0.233,0.05,0.));
#15103=CARTESIAN_POINT('',(-0.233,0.089,0.0262653061224498));
#15104=CARTESIAN_POINT('',(0.283,0.089,0.0262653061224498));
#15105=CARTESIAN_POINT('',(0.283,0.099,0.033000000000001));
#15106=CARTESIAN_POINT('',(0.267,0.099,0.033000000000001));
#15107=CARTESIAN_POINT('',(0.267,0.21,0.0330000000000009));
#15108=CARTESIAN_POINT('',(0.283,0.099,0.033000000000001));
#15109=CARTESIAN_POINT('',(0.283,0.21,0.033000000000001));
#15110=CARTESIAN_POINT('',(0.283,0.21,0.033000000000001));
#15111=CARTESIAN_POINT('',(0.283,0.21,0.033000000000001));
#15112=CARTESIAN_POINT('',(0.270200000000003,0.215542562584223,0.0298));
#15113=CARTESIAN_POINT('',(0.27219615242271,0.219,0.027803847577295));
#15114=CARTESIAN_POINT('',(0.283,0.21,0.033000000000001));
#15115=CARTESIAN_POINT('',(0.27780384757729,0.219,0.027803847577295));
#15116=CARTESIAN_POINT('',(0.283,0.219,0.027803847577295));
#15117=CARTESIAN_POINT('',(0.283,0.219,0.027803847577295));
#15118=CARTESIAN_POINT('',(0.27219615242271,0.219,0.5));
#15119=CARTESIAN_POINT('',(0.27219615242271,0.219,0.022196152422708));
#15120=CARTESIAN_POINT('',(0.27780384757729,0.219,0.5));
#15121=CARTESIAN_POINT('',(0.27780384757729,0.219,0.022196152422708));
#15122=CARTESIAN_POINT('',(0.283,0.219,0.022196152422708));
#15123=CARTESIAN_POINT('',(0.283,0.219,0.022196152422708));
#15124=CARTESIAN_POINT('',(0.27435692193817,0.222742562584221,0.0243569219381669));
#15125=CARTESIAN_POINT('',(0.267,0.21,0.017000000000001));
#15126=CARTESIAN_POINT('',(0.278843078061833,0.217199999999998,0.0211569219381656));
#15127=CARTESIAN_POINT('',(0.283,0.21,0.0170000000000009));
#15128=CARTESIAN_POINT('',(0.283,0.21,0.017000000000001));
#15129=CARTESIAN_POINT('',(0.283,0.21,0.017000000000001));
#15130=CARTESIAN_POINT('',(0.267,0.21,0.017000000000001));
#15131=CARTESIAN_POINT('',(0.267,0.089,0.017000000000001));
#15132=CARTESIAN_POINT('',(0.283,0.21,0.017000000000001));
#15133=CARTESIAN_POINT('',(0.283,0.089,0.017000000000001));
#15134=CARTESIAN_POINT('',(0.283,0.089,0.017000000000001));
#15135=CARTESIAN_POINT('',(0.283,0.089,0.017000000000001));
#15136=CARTESIAN_POINT('',(0.283,0.089,-0.016999999999999));
#15137=CARTESIAN_POINT('',(0.283,0.089,-0.016999999999999));
#15138=CARTESIAN_POINT('',(0.267,0.089,-0.016999999999999));
#15139=CARTESIAN_POINT('',(0.267,0.089,0.5));
#15140=CARTESIAN_POINT('',(0.233,0.089,0.5));
#15141=CARTESIAN_POINT('',(0.217,0.089,0.5));
#15142=CARTESIAN_POINT('',(0.183,0.089,0.5));
#15143=CARTESIAN_POINT('',(0.167,0.089,0.5));
#15144=CARTESIAN_POINT('',(0.133,0.089,0.5));
#15145=CARTESIAN_POINT('',(0.117,0.089,0.5));
#15146=CARTESIAN_POINT('',(0.0829999999999999,0.089,0.5));
#15147=CARTESIAN_POINT('',(0.0669999999999999,0.089,0.5));
#15148=CARTESIAN_POINT('',(0.033,0.089,0.5));
#15149=CARTESIAN_POINT('',(0.017,0.089,0.5));
#15150=CARTESIAN_POINT('',(-0.017,0.089,0.5));
#15151=CARTESIAN_POINT('',(-0.033,0.089,0.5));
#15152=CARTESIAN_POINT('',(-0.067,0.089,0.5));
#15153=CARTESIAN_POINT('',(-0.083,0.089,0.5));
#15154=CARTESIAN_POINT('',(-0.117,0.089,0.5));
#15155=CARTESIAN_POINT('',(-0.133,0.089,0.5));
#15156=CARTESIAN_POINT('',(-0.167,0.089,0.5));
#15157=CARTESIAN_POINT('',(-0.183,0.089,0.5));
#15158=CARTESIAN_POINT('',(-0.217,0.089,0.5));
#15159=CARTESIAN_POINT('',(-0.233,0.089,0.5));
#15160=CARTESIAN_POINT('',(-0.267,0.089,0.5));
#15161=CARTESIAN_POINT('',(-0.283,0.089,0.017000000000001));
#15162=CARTESIAN_POINT('',(-0.267,0.089,0.5));
#15163=CARTESIAN_POINT('',(-0.233,0.089,0.5));
#15164=CARTESIAN_POINT('',(-0.217,0.089,0.5));
#15165=CARTESIAN_POINT('',(-0.183,0.089,0.5));
#15166=CARTESIAN_POINT('',(-0.167,0.089,0.5));
#15167=CARTESIAN_POINT('',(-0.133,0.089,0.5));
#15168=CARTESIAN_POINT('',(-0.117,0.089,0.5));
#15169=CARTESIAN_POINT('',(-0.083,0.089,0.5));
#15170=CARTESIAN_POINT('',(-0.067,0.089,0.5));
#15171=CARTESIAN_POINT('',(-0.033,0.089,0.5));
#15172=CARTESIAN_POINT('',(-0.017,0.089,0.5));
#15173=CARTESIAN_POINT('',(0.017,0.089,0.5));
#15174=CARTESIAN_POINT('',(0.033,0.089,0.5));
#15175=CARTESIAN_POINT('',(0.0669999999999999,0.089,0.5));
#15176=CARTESIAN_POINT('',(0.0829999999999999,0.089,0.5));
#15177=CARTESIAN_POINT('',(0.117,0.089,0.5));
#15178=CARTESIAN_POINT('',(0.133,0.089,0.5));
#15179=CARTESIAN_POINT('',(0.167,0.089,0.5));
#15180=CARTESIAN_POINT('',(0.183,0.089,0.5));
#15181=CARTESIAN_POINT('',(0.217,0.089,0.5));
#15182=CARTESIAN_POINT('',(0.233,0.089,0.5));
#15183=CARTESIAN_POINT('',(0.267,0.089,0.5));
#15184=CARTESIAN_POINT('',(0.283,0.089,0.017000000000001));
#15185=CARTESIAN_POINT('',(0.283,0.089,-0.016999999999999));
#15186=CARTESIAN_POINT('',(0.267,0.089,-0.016999999999999));
#15187=CARTESIAN_POINT('',(0.267,0.21,-0.0169999999999991));
#15188=CARTESIAN_POINT('',(0.283,0.089,-0.016999999999999));
#15189=CARTESIAN_POINT('',(0.283,0.21,-0.016999999999999));
#15190=CARTESIAN_POINT('',(0.283,0.21,-0.016999999999999));
#15191=CARTESIAN_POINT('',(0.283,0.21,-0.016999999999999));
#15192=CARTESIAN_POINT('',(0.270200000000003,0.215542562584223,-0.0202));
#15193=CARTESIAN_POINT('',(0.27219615242271,0.219,-0.022196152422705));
#15194=CARTESIAN_POINT('',(0.283,0.21,-0.016999999999999));
#15195=CARTESIAN_POINT('',(0.27780384757729,0.219,-0.022196152422705));
#15196=CARTESIAN_POINT('',(0.283,0.219,-0.022196152422705));
#15197=CARTESIAN_POINT('',(0.283,0.219,-0.022196152422705));
#15198=CARTESIAN_POINT('',(0.27219615242271,0.219,0.5));
#15199=CARTESIAN_POINT('',(0.27219615242271,0.219,-0.027803847577292));
#15200=CARTESIAN_POINT('',(0.27780384757729,0.219,0.5));
#15201=CARTESIAN_POINT('',(0.27780384757729,0.219,-0.027803847577292));
#15202=CARTESIAN_POINT('',(0.283,0.219,-0.027803847577292));
#15203=CARTESIAN_POINT('',(0.283,0.219,-0.027803847577292));
#15204=CARTESIAN_POINT('',(0.27435692193817,0.222742562584221,-0.0256430780618333));
#15205=CARTESIAN_POINT('',(0.278843078061833,0.217199999999998,-0.0288430780618343));
#15206=CARTESIAN_POINT('',(0.283,0.,0.));
#15207=CARTESIAN_POINT('',(0.283,0.21,0.));
#15208=CARTESIAN_POINT('',(0.283,0.21,0.));
#15209=CARTESIAN_POINT('',(-0.283,0.,0.));
#15210=CARTESIAN_POINT('',(-0.283,0.21,0.));
#15211=CARTESIAN_POINT('',(-0.283,0.21,0.));
#15212=CARTESIAN_POINT('',(-0.27780384757729,0.219,0.5));
#15213=CARTESIAN_POINT('',(-0.27780384757729,0.219,0.5));
#15214=CARTESIAN_POINT('',(0.283,0.21,0.5));
#15215=CARTESIAN_POINT('',(0.283,0.21,0.5));
#15216=CARTESIAN_POINT('',(0.233,0.21,0.5));
#15217=CARTESIAN_POINT('',(0.233,0.21,0.5));
#15218=CARTESIAN_POINT('',(0.27219615242271,0.219,0.5));
#15219=CARTESIAN_POINT('',(0.267,0.21,0.5));
#15220=CARTESIAN_POINT('',(0.267,0.21,0.5));
#15221=CARTESIAN_POINT('',(0.233,0.089,0.5));
#15222=CARTESIAN_POINT('',(0.183,0.21,0.5));
#15223=CARTESIAN_POINT('',(0.183,0.21,0.5));
#15224=CARTESIAN_POINT('',(0.22219615242271,0.219,0.5));
#15225=CARTESIAN_POINT('',(0.217,0.21,0.5));
#15226=CARTESIAN_POINT('',(0.217,0.21,0.5));
#15227=CARTESIAN_POINT('',(0.183,0.089,0.5));
#15228=CARTESIAN_POINT('',(0.133,0.21,0.5));
#15229=CARTESIAN_POINT('',(0.133,0.21,0.5));
#15230=CARTESIAN_POINT('',(0.17219615242271,0.219,0.5));
#15231=CARTESIAN_POINT('',(0.167,0.21,0.5));
#15232=CARTESIAN_POINT('',(0.167,0.21,0.5));
#15233=CARTESIAN_POINT('',(0.133,0.089,0.5));
#15234=CARTESIAN_POINT('',(0.0829999999999999,0.21,0.5));
#15235=CARTESIAN_POINT('',(0.0829999999999999,0.21,0.5));
#15236=CARTESIAN_POINT('',(0.12219615242271,0.219,0.5));
#15237=CARTESIAN_POINT('',(0.117,0.21,0.5));
#15238=CARTESIAN_POINT('',(0.117,0.21,0.5));
#15239=CARTESIAN_POINT('',(0.0829999999999999,0.089,0.5));
#15240=CARTESIAN_POINT('',(0.033,0.21,0.5));
#15241=CARTESIAN_POINT('',(0.033,0.21,0.5));
#15242=CARTESIAN_POINT('',(0.0721961524227099,0.219,0.5));
#15243=CARTESIAN_POINT('',(0.0669999999999999,0.21,0.5));
#15244=CARTESIAN_POINT('',(0.0669999999999999,0.21,0.5));
#15245=CARTESIAN_POINT('',(0.033,0.089,0.5));
#15246=CARTESIAN_POINT('',(-0.017,0.21,0.5));
#15247=CARTESIAN_POINT('',(-0.017,0.21,0.5));
#15248=CARTESIAN_POINT('',(0.0221961524227099,0.219,0.5));
#15249=CARTESIAN_POINT('',(0.017,0.21,0.5));
#15250=CARTESIAN_POINT('',(0.017,0.21,0.5));
#15251=CARTESIAN_POINT('',(-0.017,0.089,0.5));
#15252=CARTESIAN_POINT('',(-0.067,0.21,0.5));
#15253=CARTESIAN_POINT('',(-0.067,0.21,0.5));
#15254=CARTESIAN_POINT('',(-0.02780384757729,0.219,0.5));
#15255=CARTESIAN_POINT('',(-0.033,0.21,0.5));
#15256=CARTESIAN_POINT('',(-0.033,0.21,0.5));
#15257=CARTESIAN_POINT('',(-0.067,0.089,0.5));
#15258=CARTESIAN_POINT('',(-0.117,0.21,0.5));
#15259=CARTESIAN_POINT('',(-0.117,0.21,0.5));
#15260=CARTESIAN_POINT('',(-0.07780384757729,0.219,0.5));
#15261=CARTESIAN_POINT('',(-0.083,0.21,0.5));
#15262=CARTESIAN_POINT('',(-0.083,0.21,0.5));
#15263=CARTESIAN_POINT('',(-0.117,0.089,0.5));
#15264=CARTESIAN_POINT('',(-0.167,0.21,0.5));
#15265=CARTESIAN_POINT('',(-0.167,0.21,0.5));
#15266=CARTESIAN_POINT('',(-0.12780384757729,0.219,0.5));
#15267=CARTESIAN_POINT('',(-0.133,0.21,0.5));
#15268=CARTESIAN_POINT('',(-0.133,0.21,0.5));
#15269=CARTESIAN_POINT('',(-0.167,0.089,0.5));
#15270=CARTESIAN_POINT('',(-0.217,0.21,0.5));
#15271=CARTESIAN_POINT('',(-0.217,0.21,0.5));
#15272=CARTESIAN_POINT('',(-0.17780384757729,0.219,0.5));
#15273=CARTESIAN_POINT('',(-0.183,0.21,0.5));
#15274=CARTESIAN_POINT('',(-0.183,0.21,0.5));
#15275=CARTESIAN_POINT('',(-0.217,0.089,0.5));
#15276=CARTESIAN_POINT('',(-0.267,0.21,0.5));
#15277=CARTESIAN_POINT('',(-0.267,0.21,0.5));
#15278=CARTESIAN_POINT('',(-0.22780384757729,0.219,0.5));
#15279=CARTESIAN_POINT('',(-0.233,0.21,0.5));
#15280=CARTESIAN_POINT('',(-0.233,0.21,0.5));
#15281=CARTESIAN_POINT('',(-0.267,0.089,0.5));
#15282=CARTESIAN_POINT('',(0.267,0.21,0.5));
#15283=CARTESIAN_POINT('',(0.267,0.21,0.5));
#15284=CARTESIAN_POINT('',(0.233,0.089,0.5));
#15285=CARTESIAN_POINT('',(0.233,0.21,0.5));
#15286=CARTESIAN_POINT('',(0.27219615242271,0.219,0.5));
#15287=CARTESIAN_POINT('',(0.233,0.21,0.5));
#15288=CARTESIAN_POINT('',(0.217,0.21,0.5));
#15289=CARTESIAN_POINT('',(0.217,0.21,0.5));
#15290=CARTESIAN_POINT('',(0.183,0.089,0.5));
#15291=CARTESIAN_POINT('',(0.183,0.21,0.5));
#15292=CARTESIAN_POINT('',(0.22219615242271,0.219,0.5));
#15293=CARTESIAN_POINT('',(0.183,0.21,0.5));
#15294=CARTESIAN_POINT('',(0.167,0.21,0.5));
#15295=CARTESIAN_POINT('',(0.167,0.21,0.5));
#15296=CARTESIAN_POINT('',(0.133,0.089,0.5));
#15297=CARTESIAN_POINT('',(0.133,0.21,0.5));
#15298=CARTESIAN_POINT('',(0.17219615242271,0.219,0.5));
#15299=CARTESIAN_POINT('',(0.133,0.21,0.5));
#15300=CARTESIAN_POINT('',(0.117,0.21,0.5));
#15301=CARTESIAN_POINT('',(0.117,0.21,0.5));
#15302=CARTESIAN_POINT('',(0.0829999999999999,0.089,0.5));
#15303=CARTESIAN_POINT('',(0.0829999999999999,0.21,0.5));
#15304=CARTESIAN_POINT('',(0.12219615242271,0.219,0.5));
#15305=CARTESIAN_POINT('',(0.0829999999999999,0.21,0.5));
#15306=CARTESIAN_POINT('',(0.0669999999999999,0.21,0.5));
#15307=CARTESIAN_POINT('',(0.0669999999999999,0.21,0.5));
#15308=CARTESIAN_POINT('',(0.033,0.089,0.5));
#15309=CARTESIAN_POINT('',(0.033,0.21,0.5));
#15310=CARTESIAN_POINT('',(0.0721961524227099,0.219,0.5));
#15311=CARTESIAN_POINT('',(0.033,0.21,0.5));
#15312=CARTESIAN_POINT('',(0.017,0.21,0.5));
#15313=CARTESIAN_POINT('',(0.017,0.21,0.5));
#15314=CARTESIAN_POINT('',(-0.017,0.089,0.5));
#15315=CARTESIAN_POINT('',(-0.017,0.21,0.5));
#15316=CARTESIAN_POINT('',(0.0221961524227099,0.219,0.5));
#15317=CARTESIAN_POINT('',(-0.017,0.21,0.5));
#15318=CARTESIAN_POINT('',(-0.033,0.21,0.5));
#15319=CARTESIAN_POINT('',(-0.033,0.21,0.5));
#15320=CARTESIAN_POINT('',(-0.067,0.089,0.5));
#15321=CARTESIAN_POINT('',(-0.067,0.21,0.5));
#15322=CARTESIAN_POINT('',(-0.02780384757729,0.219,0.5));
#15323=CARTESIAN_POINT('',(-0.067,0.21,0.5));
#15324=CARTESIAN_POINT('',(-0.083,0.21,0.5));
#15325=CARTESIAN_POINT('',(-0.083,0.21,0.5));
#15326=CARTESIAN_POINT('',(-0.117,0.089,0.5));
#15327=CARTESIAN_POINT('',(-0.117,0.21,0.5));
#15328=CARTESIAN_POINT('',(-0.07780384757729,0.219,0.5));
#15329=CARTESIAN_POINT('',(-0.117,0.21,0.5));
#15330=CARTESIAN_POINT('',(-0.133,0.21,0.5));
#15331=CARTESIAN_POINT('',(-0.133,0.21,0.5));
#15332=CARTESIAN_POINT('',(-0.167,0.089,0.5));
#15333=CARTESIAN_POINT('',(-0.167,0.21,0.5));
#15334=CARTESIAN_POINT('',(-0.12780384757729,0.219,0.5));
#15335=CARTESIAN_POINT('',(-0.167,0.21,0.5));
#15336=CARTESIAN_POINT('',(-0.183,0.21,0.5));
#15337=CARTESIAN_POINT('',(-0.183,0.21,0.5));
#15338=CARTESIAN_POINT('',(-0.217,0.089,0.5));
#15339=CARTESIAN_POINT('',(-0.217,0.21,0.5));
#15340=CARTESIAN_POINT('',(-0.17780384757729,0.219,0.5));
#15341=CARTESIAN_POINT('',(-0.217,0.21,0.5));
#15342=CARTESIAN_POINT('',(-0.267,0.089,0.5));
#15343=CARTESIAN_POINT('',(-0.267,0.21,0.5));
#15344=CARTESIAN_POINT('',(-0.233,0.21,0.5));
#15345=CARTESIAN_POINT('',(-0.233,0.21,0.5));
#15346=CARTESIAN_POINT('',(-0.267,0.21,0.5));
#15347=CARTESIAN_POINT('',(-0.22780384757729,0.219,0.5));
#15348=CARTESIAN_POINT('',(0.,0.,0.));
#15349=CARTESIAN_POINT('',(0.283,0.,-0.066));
#15350=CARTESIAN_POINT('',(0.267,0.,-0.066));
#15351=CARTESIAN_POINT('',(0.267,0.,-0.066));
#15352=CARTESIAN_POINT('',(0.267,0.,-0.115));
#15353=CARTESIAN_POINT('',(0.283,0.,-0.066));
#15354=CARTESIAN_POINT('',(0.283,0.,-0.066));
#15355=CARTESIAN_POINT('',(0.283,0.,-0.066));
#15356=CARTESIAN_POINT('',(0.283,0.,-0.115));
#15357=CARTESIAN_POINT('',(0.283,0.,-0.115));
#15358=CARTESIAN_POINT('',(0.283,0.,-0.066));
#15359=CARTESIAN_POINT('',(0.233,0.,-0.066));
#15360=CARTESIAN_POINT('',(0.233,0.,-0.115));
#15361=CARTESIAN_POINT('',(0.233,0.,-0.066));
#15362=CARTESIAN_POINT('',(0.283,0.,-0.115));
#15363=CARTESIAN_POINT('',(0.217,0.,-0.115));
#15364=CARTESIAN_POINT('',(0.217,0.,-0.066));
#15365=CARTESIAN_POINT('',(0.217,0.,-0.066));
#15366=CARTESIAN_POINT('',(0.283,0.,-0.066));
#15367=CARTESIAN_POINT('',(0.283,0.,-0.066));
#15368=CARTESIAN_POINT('',(0.183,0.,-0.066));
#15369=CARTESIAN_POINT('',(0.183,0.,-0.115));
#15370=CARTESIAN_POINT('',(0.183,0.,-0.066));
#15371=CARTESIAN_POINT('',(0.283,0.,-0.115));
#15372=CARTESIAN_POINT('',(0.167,0.,-0.115));
#15373=CARTESIAN_POINT('',(0.167,0.,-0.066));
#15374=CARTESIAN_POINT('',(0.167,0.,-0.066));
#15375=CARTESIAN_POINT('',(0.283,0.,-0.066));
#15376=CARTESIAN_POINT('',(0.283,0.,-0.066));
#15377=CARTESIAN_POINT('',(0.133,0.,-0.066));
#15378=CARTESIAN_POINT('',(0.133,0.,-0.115));
#15379=CARTESIAN_POINT('',(0.133,0.,-0.066));
#15380=CARTESIAN_POINT('',(0.283,0.,-0.115));
#15381=CARTESIAN_POINT('',(0.117,0.,-0.115));
#15382=CARTESIAN_POINT('',(0.117,0.,-0.066));
#15383=CARTESIAN_POINT('',(0.117,0.,-0.066));
#15384=CARTESIAN_POINT('',(0.283,0.,-0.066));
#15385=CARTESIAN_POINT('',(0.283,0.,-0.066));
#15386=CARTESIAN_POINT('',(0.0829999999999999,0.,-0.066));
#15387=CARTESIAN_POINT('',(0.0829999999999999,0.,-0.115));
#15388=CARTESIAN_POINT('',(0.0829999999999999,0.,-0.066));
#15389=CARTESIAN_POINT('',(0.283,0.,-0.115));
#15390=CARTESIAN_POINT('',(0.067,0.,-0.115));
#15391=CARTESIAN_POINT('',(0.067,0.,-0.066));
#15392=CARTESIAN_POINT('',(0.067,0.,-0.066));
#15393=CARTESIAN_POINT('',(0.283,0.,-0.066));
#15394=CARTESIAN_POINT('',(0.283,0.,-0.066));
#15395=CARTESIAN_POINT('',(0.033,0.,-0.066));
#15396=CARTESIAN_POINT('',(0.033,0.,-0.115));
#15397=CARTESIAN_POINT('',(0.033,0.,-0.066));
#15398=CARTESIAN_POINT('',(0.283,0.,-0.115));
#15399=CARTESIAN_POINT('',(0.0169999999999999,0.,-0.115));
#15400=CARTESIAN_POINT('',(0.0169999999999999,0.,-0.066));
#15401=CARTESIAN_POINT('',(0.0169999999999999,0.,-0.066));
#15402=CARTESIAN_POINT('',(0.283,0.,-0.066));
#15403=CARTESIAN_POINT('',(0.283,0.,-0.066));
#15404=CARTESIAN_POINT('',(-0.017,0.,-0.066));
#15405=CARTESIAN_POINT('',(-0.017,0.,-0.115));
#15406=CARTESIAN_POINT('',(-0.017,0.,-0.066));
#15407=CARTESIAN_POINT('',(0.283,0.,-0.115));
#15408=CARTESIAN_POINT('',(-0.033,0.,-0.115));
#15409=CARTESIAN_POINT('',(-0.033,0.,-0.066));
#15410=CARTESIAN_POINT('',(-0.033,0.,-0.066));
#15411=CARTESIAN_POINT('',(0.283,0.,-0.066));
#15412=CARTESIAN_POINT('',(0.283,0.,-0.066));
#15413=CARTESIAN_POINT('',(-0.067,0.,-0.066));
#15414=CARTESIAN_POINT('',(-0.067,0.,-0.115));
#15415=CARTESIAN_POINT('',(-0.067,0.,-0.066));
#15416=CARTESIAN_POINT('',(0.283,0.,-0.115));
#15417=CARTESIAN_POINT('',(-0.083,0.,-0.115));
#15418=CARTESIAN_POINT('',(-0.083,0.,-0.066));
#15419=CARTESIAN_POINT('',(-0.083,0.,-0.066));
#15420=CARTESIAN_POINT('',(0.283,0.,-0.066));
#15421=CARTESIAN_POINT('',(0.283,0.,-0.066));
#15422=CARTESIAN_POINT('',(-0.117,0.,-0.066));
#15423=CARTESIAN_POINT('',(-0.117,0.,-0.115));
#15424=CARTESIAN_POINT('',(-0.117,0.,-0.066));
#15425=CARTESIAN_POINT('',(0.283,0.,-0.115));
#15426=CARTESIAN_POINT('',(-0.133,0.,-0.115));
#15427=CARTESIAN_POINT('',(-0.133,0.,-0.066));
#15428=CARTESIAN_POINT('',(-0.133,0.,-0.066));
#15429=CARTESIAN_POINT('',(0.283,0.,-0.066));
#15430=CARTESIAN_POINT('',(0.283,0.,-0.066));
#15431=CARTESIAN_POINT('',(-0.167,0.,-0.066));
#15432=CARTESIAN_POINT('',(-0.167,0.,-0.115));
#15433=CARTESIAN_POINT('',(-0.167,0.,-0.066));
#15434=CARTESIAN_POINT('',(0.283,0.,-0.115));
#15435=CARTESIAN_POINT('',(-0.183,0.,-0.115));
#15436=CARTESIAN_POINT('',(-0.183,0.,-0.066));
#15437=CARTESIAN_POINT('',(-0.183,0.,-0.066));
#15438=CARTESIAN_POINT('',(0.283,0.,-0.066));
#15439=CARTESIAN_POINT('',(0.283,0.,-0.066));
#15440=CARTESIAN_POINT('',(-0.217,0.,-0.066));
#15441=CARTESIAN_POINT('',(-0.217,0.,-0.115));
#15442=CARTESIAN_POINT('',(-0.217,0.,-0.066));
#15443=CARTESIAN_POINT('',(0.283,0.,-0.115));
#15444=CARTESIAN_POINT('',(-0.233,0.,-0.115));
#15445=CARTESIAN_POINT('',(-0.233,0.,-0.066));
#15446=CARTESIAN_POINT('',(-0.233,0.,-0.066));
#15447=CARTESIAN_POINT('',(0.283,0.,-0.066));
#15448=CARTESIAN_POINT('',(0.283,0.,-0.115));
#15449=CARTESIAN_POINT('',(0.267,0.,-0.115));
#15450=CARTESIAN_POINT('',(0.267,-0.016,-0.115));
#15451=CARTESIAN_POINT('',(0.283,0.,-0.115));
#15452=CARTESIAN_POINT('',(0.283,-0.016,-0.115));
#15453=CARTESIAN_POINT('',(0.283,-0.016,-0.115));
#15454=CARTESIAN_POINT('',(0.283,0.,-0.115));
#15455=CARTESIAN_POINT('',(0.233,0.,-0.115));
#15456=CARTESIAN_POINT('',(0.233,-0.016,-0.115));
#15457=CARTESIAN_POINT('',(0.283,-0.016,-0.115));
#15458=CARTESIAN_POINT('',(0.217,-0.016,-0.115));
#15459=CARTESIAN_POINT('',(0.217,0.,-0.115));
#15460=CARTESIAN_POINT('',(0.283,0.,-0.115));
#15461=CARTESIAN_POINT('',(0.183,0.,-0.115));
#15462=CARTESIAN_POINT('',(0.183,-0.016,-0.115));
#15463=CARTESIAN_POINT('',(0.283,-0.016,-0.115));
#15464=CARTESIAN_POINT('',(0.167,-0.016,-0.115));
#15465=CARTESIAN_POINT('',(0.167,0.,-0.115));
#15466=CARTESIAN_POINT('',(0.283,0.,-0.115));
#15467=CARTESIAN_POINT('',(0.133,0.,-0.115));
#15468=CARTESIAN_POINT('',(0.133,-0.016,-0.115));
#15469=CARTESIAN_POINT('',(0.283,-0.016,-0.115));
#15470=CARTESIAN_POINT('',(0.117,-0.016,-0.115));
#15471=CARTESIAN_POINT('',(0.117,0.,-0.115));
#15472=CARTESIAN_POINT('',(0.283,0.,-0.115));
#15473=CARTESIAN_POINT('',(0.0829999999999999,0.,-0.115));
#15474=CARTESIAN_POINT('',(0.0829999999999999,-0.016,-0.115));
#15475=CARTESIAN_POINT('',(0.283,-0.016,-0.115));
#15476=CARTESIAN_POINT('',(0.067,-0.016,-0.115));
#15477=CARTESIAN_POINT('',(0.067,0.,-0.115));
#15478=CARTESIAN_POINT('',(0.283,0.,-0.115));
#15479=CARTESIAN_POINT('',(0.033,0.,-0.115));
#15480=CARTESIAN_POINT('',(0.033,-0.016,-0.115));
#15481=CARTESIAN_POINT('',(0.283,-0.016,-0.115));
#15482=CARTESIAN_POINT('',(0.0169999999999999,-0.016,-0.115));
#15483=CARTESIAN_POINT('',(0.0169999999999999,0.,-0.115));
#15484=CARTESIAN_POINT('',(0.283,0.,-0.115));
#15485=CARTESIAN_POINT('',(-0.017,0.,-0.115));
#15486=CARTESIAN_POINT('',(-0.017,-0.016,-0.115));
#15487=CARTESIAN_POINT('',(0.283,-0.016,-0.115));
#15488=CARTESIAN_POINT('',(-0.033,-0.016,-0.115));
#15489=CARTESIAN_POINT('',(-0.033,0.,-0.115));
#15490=CARTESIAN_POINT('',(0.283,0.,-0.115));
#15491=CARTESIAN_POINT('',(-0.067,0.,-0.115));
#15492=CARTESIAN_POINT('',(-0.067,-0.016,-0.115));
#15493=CARTESIAN_POINT('',(0.283,-0.016,-0.115));
#15494=CARTESIAN_POINT('',(-0.083,-0.016,-0.115));
#15495=CARTESIAN_POINT('',(-0.083,0.,-0.115));
#15496=CARTESIAN_POINT('',(0.283,0.,-0.115));
#15497=CARTESIAN_POINT('',(-0.117,0.,-0.115));
#15498=CARTESIAN_POINT('',(-0.117,-0.016,-0.115));
#15499=CARTESIAN_POINT('',(0.283,-0.016,-0.115));
#15500=CARTESIAN_POINT('',(-0.133,-0.016,-0.115));
#15501=CARTESIAN_POINT('',(-0.133,0.,-0.115));
#15502=CARTESIAN_POINT('',(0.283,0.,-0.115));
#15503=CARTESIAN_POINT('',(-0.167,0.,-0.115));
#15504=CARTESIAN_POINT('',(-0.167,-0.016,-0.115));
#15505=CARTESIAN_POINT('',(0.283,-0.016,-0.115));
#15506=CARTESIAN_POINT('',(-0.183,-0.016,-0.115));
#15507=CARTESIAN_POINT('',(-0.183,0.,-0.115));
#15508=CARTESIAN_POINT('',(0.283,0.,-0.115));
#15509=CARTESIAN_POINT('',(-0.217,0.,-0.115));
#15510=CARTESIAN_POINT('',(-0.217,-0.016,-0.115));
#15511=CARTESIAN_POINT('',(0.283,-0.016,-0.115));
#15512=CARTESIAN_POINT('',(-0.233,-0.016,-0.115));
#15513=CARTESIAN_POINT('',(-0.233,0.,-0.115));
#15514=CARTESIAN_POINT('',(0.283,-0.016,-0.115));
#15515=CARTESIAN_POINT('',(0.267,-0.016,-0.115));
#15516=CARTESIAN_POINT('',(0.267,-0.016,-0.0403238075793815));
#15517=CARTESIAN_POINT('',(0.283,-0.016,-0.115));
#15518=CARTESIAN_POINT('',(0.283,-0.016,-0.0403238075793815));
#15519=CARTESIAN_POINT('',(0.283,-0.016,-0.0403238075793815));
#15520=CARTESIAN_POINT('',(0.283,-0.016,-0.115));
#15521=CARTESIAN_POINT('',(0.233,-0.016,-0.115));
#15522=CARTESIAN_POINT('',(0.233,-0.016,-0.0403238075793815));
#15523=CARTESIAN_POINT('',(0.283,-0.016,-0.0403238075793815));
#15524=CARTESIAN_POINT('',(0.217,-0.016,-0.0403238075793815));
#15525=CARTESIAN_POINT('',(0.217,-0.016,-0.115));
#15526=CARTESIAN_POINT('',(0.283,-0.016,-0.115));
#15527=CARTESIAN_POINT('',(0.183,-0.016,-0.115));
#15528=CARTESIAN_POINT('',(0.183,-0.016,-0.0403238075793815));
#15529=CARTESIAN_POINT('',(0.283,-0.016,-0.0403238075793815));
#15530=CARTESIAN_POINT('',(0.167,-0.016,-0.0403238075793815));
#15531=CARTESIAN_POINT('',(0.167,-0.016,-0.115));
#15532=CARTESIAN_POINT('',(0.283,-0.016,-0.115));
#15533=CARTESIAN_POINT('',(0.133,-0.016,-0.115));
#15534=CARTESIAN_POINT('',(0.133,-0.016,-0.0403238075793815));
#15535=CARTESIAN_POINT('',(0.283,-0.016,-0.0403238075793815));
#15536=CARTESIAN_POINT('',(0.117,-0.016,-0.0403238075793815));
#15537=CARTESIAN_POINT('',(0.117,-0.016,-0.115));
#15538=CARTESIAN_POINT('',(0.283,-0.016,-0.115));
#15539=CARTESIAN_POINT('',(0.0829999999999999,-0.016,-0.115));
#15540=CARTESIAN_POINT('',(0.0829999999999999,-0.016,-0.0403238075793815));
#15541=CARTESIAN_POINT('',(0.283,-0.016,-0.0403238075793815));
#15542=CARTESIAN_POINT('',(0.067,-0.016,-0.0403238075793815));
#15543=CARTESIAN_POINT('',(0.067,-0.016,-0.115));
#15544=CARTESIAN_POINT('',(0.283,-0.016,-0.115));
#15545=CARTESIAN_POINT('',(0.033,-0.016,-0.115));
#15546=CARTESIAN_POINT('',(0.033,-0.016,-0.0403238075793815));
#15547=CARTESIAN_POINT('',(0.283,-0.016,-0.0403238075793815));
#15548=CARTESIAN_POINT('',(0.0169999999999999,-0.016,-0.0403238075793815));
#15549=CARTESIAN_POINT('',(0.0169999999999999,-0.016,-0.115));
#15550=CARTESIAN_POINT('',(0.283,-0.016,-0.115));
#15551=CARTESIAN_POINT('',(-0.017,-0.016,-0.115));
#15552=CARTESIAN_POINT('',(-0.017,-0.016,-0.0403238075793815));
#15553=CARTESIAN_POINT('',(0.283,-0.016,-0.0403238075793815));
#15554=CARTESIAN_POINT('',(-0.033,-0.016,-0.0403238075793815));
#15555=CARTESIAN_POINT('',(-0.033,-0.016,-0.115));
#15556=CARTESIAN_POINT('',(0.283,-0.016,-0.115));
#15557=CARTESIAN_POINT('',(-0.067,-0.016,-0.115));
#15558=CARTESIAN_POINT('',(-0.067,-0.016,-0.0403238075793815));
#15559=CARTESIAN_POINT('',(0.283,-0.016,-0.0403238075793815));
#15560=CARTESIAN_POINT('',(-0.083,-0.016,-0.0403238075793815));
#15561=CARTESIAN_POINT('',(-0.083,-0.016,-0.115));
#15562=CARTESIAN_POINT('',(0.283,-0.016,-0.115));
#15563=CARTESIAN_POINT('',(-0.117,-0.016,-0.115));
#15564=CARTESIAN_POINT('',(-0.117,-0.016,-0.0403238075793815));
#15565=CARTESIAN_POINT('',(0.283,-0.016,-0.0403238075793815));
#15566=CARTESIAN_POINT('',(-0.133,-0.016,-0.0403238075793815));
#15567=CARTESIAN_POINT('',(-0.133,-0.016,-0.115));
#15568=CARTESIAN_POINT('',(0.283,-0.016,-0.115));
#15569=CARTESIAN_POINT('',(-0.167,-0.016,-0.115));
#15570=CARTESIAN_POINT('',(-0.167,-0.016,-0.0403238075793815));
#15571=CARTESIAN_POINT('',(0.283,-0.016,-0.0403238075793815));
#15572=CARTESIAN_POINT('',(-0.183,-0.016,-0.0403238075793815));
#15573=CARTESIAN_POINT('',(-0.183,-0.016,-0.115));
#15574=CARTESIAN_POINT('',(0.283,-0.016,-0.115));
#15575=CARTESIAN_POINT('',(-0.217,-0.016,-0.115));
#15576=CARTESIAN_POINT('',(-0.217,-0.016,-0.0403238075793815));
#15577=CARTESIAN_POINT('',(0.283,-0.016,-0.0403238075793815));
#15578=CARTESIAN_POINT('',(-0.233,-0.016,-0.0403238075793815));
#15579=CARTESIAN_POINT('',(-0.233,-0.016,-0.115));
#15580=CARTESIAN_POINT('',(0.283,0.0090000000000005,-0.0403238075793815));
#15581=CARTESIAN_POINT('',(0.267,0.0090000000000005,-0.0403238075793815));
#15582=CARTESIAN_POINT('',(0.267,-1.0671281225251E-17,-0.017));
#15583=CARTESIAN_POINT('',(0.283,0.0090000000000005,-0.0403238075793815));
#15584=CARTESIAN_POINT('',(0.283,-1.28055374703012E-17,-0.017));
#15585=CARTESIAN_POINT('',(0.283,-1.28055374703012E-17,-0.017));
#15586=CARTESIAN_POINT('',(0.283,0.0090000000000005,-0.0403238075793815));
#15587=CARTESIAN_POINT('',(0.233,0.0090000000000005,-0.0403238075793815));
#15588=CARTESIAN_POINT('',(0.233,-1.0671281225251E-17,-0.017));
#15589=CARTESIAN_POINT('',(0.283,-1.28055374703012E-17,-0.017));
#15590=CARTESIAN_POINT('',(0.217,-1.0671281225251E-17,-0.017));
#15591=CARTESIAN_POINT('',(0.217,0.0090000000000005,-0.0403238075793815));
#15592=CARTESIAN_POINT('',(0.283,0.0090000000000005,-0.0403238075793815));
#15593=CARTESIAN_POINT('',(0.183,0.0090000000000005,-0.0403238075793815));
#15594=CARTESIAN_POINT('',(0.183,-1.0671281225251E-17,-0.017));
#15595=CARTESIAN_POINT('',(0.283,-1.28055374703012E-17,-0.017));
#15596=CARTESIAN_POINT('',(0.167,-1.0671281225251E-17,-0.017));
#15597=CARTESIAN_POINT('',(0.167,0.0090000000000005,-0.0403238075793815));
#15598=CARTESIAN_POINT('',(0.283,0.0090000000000005,-0.0403238075793815));
#15599=CARTESIAN_POINT('',(0.133,0.0090000000000005,-0.0403238075793815));
#15600=CARTESIAN_POINT('',(0.133,-1.0671281225251E-17,-0.017));
#15601=CARTESIAN_POINT('',(0.283,-1.28055374703012E-17,-0.017));
#15602=CARTESIAN_POINT('',(0.117,-1.0671281225251E-17,-0.017));
#15603=CARTESIAN_POINT('',(0.117,0.0090000000000005,-0.0403238075793815));
#15604=CARTESIAN_POINT('',(0.283,0.0090000000000005,-0.0403238075793815));
#15605=CARTESIAN_POINT('',(0.0829999999999999,0.0090000000000005,-0.0403238075793815));
#15606=CARTESIAN_POINT('',(0.0829999999999999,-1.0671281225251E-17,-0.017));
#15607=CARTESIAN_POINT('',(0.283,-1.28055374703012E-17,-0.017));
#15608=CARTESIAN_POINT('',(0.067,-1.0671281225251E-17,-0.017));
#15609=CARTESIAN_POINT('',(0.067,0.0090000000000005,-0.0403238075793815));
#15610=CARTESIAN_POINT('',(0.283,0.0090000000000005,-0.0403238075793815));
#15611=CARTESIAN_POINT('',(0.033,0.0090000000000005,-0.0403238075793815));
#15612=CARTESIAN_POINT('',(0.033,-1.0671281225251E-17,-0.017));
#15613=CARTESIAN_POINT('',(0.283,-1.28055374703012E-17,-0.017));
#15614=CARTESIAN_POINT('',(0.0169999999999999,-1.0671281225251E-17,-0.017));
#15615=CARTESIAN_POINT('',(0.0169999999999999,0.0090000000000005,-0.0403238075793815));
#15616=CARTESIAN_POINT('',(0.283,0.0090000000000005,-0.0403238075793815));
#15617=CARTESIAN_POINT('',(-0.017,0.0090000000000005,-0.0403238075793815));
#15618=CARTESIAN_POINT('',(-0.017,-1.0671281225251E-17,-0.017));
#15619=CARTESIAN_POINT('',(0.283,-1.28055374703012E-17,-0.017));
#15620=CARTESIAN_POINT('',(-0.033,-1.0671281225251E-17,-0.017));
#15621=CARTESIAN_POINT('',(-0.033,0.0090000000000005,-0.0403238075793815));
#15622=CARTESIAN_POINT('',(0.283,0.0090000000000005,-0.0403238075793815));
#15623=CARTESIAN_POINT('',(-0.067,0.0090000000000005,-0.0403238075793815));
#15624=CARTESIAN_POINT('',(-0.067,-1.0671281225251E-17,-0.017));
#15625=CARTESIAN_POINT('',(0.283,-1.28055374703012E-17,-0.017));
#15626=CARTESIAN_POINT('',(-0.083,-1.0671281225251E-17,-0.017));
#15627=CARTESIAN_POINT('',(-0.083,0.0090000000000005,-0.0403238075793815));
#15628=CARTESIAN_POINT('',(0.283,0.0090000000000005,-0.0403238075793815));
#15629=CARTESIAN_POINT('',(-0.117,0.0090000000000005,-0.0403238075793815));
#15630=CARTESIAN_POINT('',(-0.117,-1.0671281225251E-17,-0.017));
#15631=CARTESIAN_POINT('',(0.283,-1.28055374703012E-17,-0.017));
#15632=CARTESIAN_POINT('',(-0.133,-1.0671281225251E-17,-0.017));
#15633=CARTESIAN_POINT('',(-0.133,0.0090000000000005,-0.0403238075793815));
#15634=CARTESIAN_POINT('',(0.283,0.0090000000000005,-0.0403238075793815));
#15635=CARTESIAN_POINT('',(-0.167,0.0090000000000005,-0.0403238075793815));
#15636=CARTESIAN_POINT('',(-0.167,-1.0671281225251E-17,-0.017));
#15637=CARTESIAN_POINT('',(0.283,-1.28055374703012E-17,-0.017));
#15638=CARTESIAN_POINT('',(-0.183,-1.0671281225251E-17,-0.017));
#15639=CARTESIAN_POINT('',(-0.183,0.0090000000000005,-0.0403238075793815));
#15640=CARTESIAN_POINT('',(0.283,0.0090000000000005,-0.0403238075793815));
#15641=CARTESIAN_POINT('',(-0.217,0.0090000000000005,-0.0403238075793815));
#15642=CARTESIAN_POINT('',(-0.217,-1.0671281225251E-17,-0.017));
#15643=CARTESIAN_POINT('',(0.283,-1.28055374703012E-17,-0.017));
#15644=CARTESIAN_POINT('',(-0.233,-1.0671281225251E-17,-0.017));
#15645=CARTESIAN_POINT('',(-0.233,0.0090000000000005,-0.0403238075793815));
#15646=CARTESIAN_POINT('',(0.283,-8.67361737988404E-18,-0.017));
#15647=CARTESIAN_POINT('',(0.267,-8.67361737988404E-18,-0.017));
#15648=CARTESIAN_POINT('',(0.267,0.01,-0.017));
#15649=CARTESIAN_POINT('',(0.283,-8.67361737988404E-18,-0.017));
#15650=CARTESIAN_POINT('',(0.283,0.01,-0.017));
#15651=CARTESIAN_POINT('',(0.283,0.01,-0.017));
#15652=CARTESIAN_POINT('',(0.283,-8.67361737988404E-18,-0.017));
#15653=CARTESIAN_POINT('',(0.233,-8.67361737988404E-18,-0.017));
#15654=CARTESIAN_POINT('',(0.233,0.01,-0.017));
#15655=CARTESIAN_POINT('',(0.283,0.01,-0.017));
#15656=CARTESIAN_POINT('',(0.217,0.01,-0.017));
#15657=CARTESIAN_POINT('',(0.217,-8.67361737988404E-18,-0.017));
#15658=CARTESIAN_POINT('',(0.283,-8.67361737988404E-18,-0.017));
#15659=CARTESIAN_POINT('',(0.183,-8.67361737988404E-18,-0.017));
#15660=CARTESIAN_POINT('',(0.183,0.01,-0.017));
#15661=CARTESIAN_POINT('',(0.283,0.01,-0.017));
#15662=CARTESIAN_POINT('',(0.167,0.01,-0.017));
#15663=CARTESIAN_POINT('',(0.167,-8.67361737988404E-18,-0.017));
#15664=CARTESIAN_POINT('',(0.283,-8.67361737988404E-18,-0.017));
#15665=CARTESIAN_POINT('',(0.133,-8.67361737988404E-18,-0.017));
#15666=CARTESIAN_POINT('',(0.133,0.01,-0.017));
#15667=CARTESIAN_POINT('',(0.283,0.01,-0.017));
#15668=CARTESIAN_POINT('',(0.117,0.01,-0.017));
#15669=CARTESIAN_POINT('',(0.117,-8.67361737988404E-18,-0.017));
#15670=CARTESIAN_POINT('',(0.283,-8.67361737988404E-18,-0.017));
#15671=CARTESIAN_POINT('',(0.0829999999999999,-8.67361737988404E-18,-0.017));
#15672=CARTESIAN_POINT('',(0.0829999999999999,0.01,-0.017));
#15673=CARTESIAN_POINT('',(0.283,0.01,-0.017));
#15674=CARTESIAN_POINT('',(0.0669999999999999,0.01,-0.017));
#15675=CARTESIAN_POINT('',(0.067,-8.67361737988404E-18,-0.017));
#15676=CARTESIAN_POINT('',(0.283,-8.67361737988404E-18,-0.017));
#15677=CARTESIAN_POINT('',(0.033,-8.67361737988404E-18,-0.017));
#15678=CARTESIAN_POINT('',(0.033,0.01,-0.017));
#15679=CARTESIAN_POINT('',(0.283,0.01,-0.017));
#15680=CARTESIAN_POINT('',(0.017,0.01,-0.017));
#15681=CARTESIAN_POINT('',(0.0169999999999999,-8.67361737988404E-18,-0.017));
#15682=CARTESIAN_POINT('',(0.283,-8.67361737988404E-18,-0.017));
#15683=CARTESIAN_POINT('',(-0.017,-8.67361737988404E-18,-0.017));
#15684=CARTESIAN_POINT('',(-0.017,0.01,-0.017));
#15685=CARTESIAN_POINT('',(0.283,0.01,-0.017));
#15686=CARTESIAN_POINT('',(-0.033,0.01,-0.017));
#15687=CARTESIAN_POINT('',(-0.033,-8.67361737988404E-18,-0.017));
#15688=CARTESIAN_POINT('',(0.283,-8.67361737988404E-18,-0.017));
#15689=CARTESIAN_POINT('',(-0.067,-8.67361737988404E-18,-0.017));
#15690=CARTESIAN_POINT('',(-0.067,0.01,-0.017));
#15691=CARTESIAN_POINT('',(0.283,0.01,-0.017));
#15692=CARTESIAN_POINT('',(-0.083,0.01,-0.017));
#15693=CARTESIAN_POINT('',(-0.083,-8.67361737988404E-18,-0.017));
#15694=CARTESIAN_POINT('',(0.283,-8.67361737988404E-18,-0.017));
#15695=CARTESIAN_POINT('',(-0.117,-8.67361737988404E-18,-0.017));
#15696=CARTESIAN_POINT('',(-0.117,0.01,-0.017));
#15697=CARTESIAN_POINT('',(0.283,0.01,-0.017));
#15698=CARTESIAN_POINT('',(-0.133,0.01,-0.017));
#15699=CARTESIAN_POINT('',(-0.133,-8.67361737988404E-18,-0.017));
#15700=CARTESIAN_POINT('',(0.283,-8.67361737988404E-18,-0.017));
#15701=CARTESIAN_POINT('',(-0.167,-8.67361737988404E-18,-0.017));
#15702=CARTESIAN_POINT('',(-0.167,0.01,-0.017));
#15703=CARTESIAN_POINT('',(0.283,0.01,-0.017));
#15704=CARTESIAN_POINT('',(-0.183,0.01,-0.017));
#15705=CARTESIAN_POINT('',(-0.183,-8.67361737988404E-18,-0.017));
#15706=CARTESIAN_POINT('',(0.283,-8.67361737988404E-18,-0.017));
#15707=CARTESIAN_POINT('',(-0.217,-8.67361737988404E-18,-0.017));
#15708=CARTESIAN_POINT('',(-0.217,0.01,-0.017));
#15709=CARTESIAN_POINT('',(0.283,0.01,-0.017));
#15710=CARTESIAN_POINT('',(-0.233,0.01,-0.017));
#15711=CARTESIAN_POINT('',(-0.233,-8.67361737988404E-18,-0.017));
#15712=CARTESIAN_POINT('',(0.283,0.01,0.017));
#15713=CARTESIAN_POINT('',(0.267,0.01,0.017));
#15714=CARTESIAN_POINT('',(0.267,0.01,0.017));
#15715=CARTESIAN_POINT('',(0.267,-8.53702498020082E-18,0.017));
#15716=CARTESIAN_POINT('',(0.283,0.01,0.017));
#15717=CARTESIAN_POINT('',(0.283,0.01,0.017));
#15718=CARTESIAN_POINT('',(0.283,0.01,0.017));
#15719=CARTESIAN_POINT('',(0.283,-8.53702498020082E-18,0.017));
#15720=CARTESIAN_POINT('',(0.283,-8.53702498020082E-18,0.017));
#15721=CARTESIAN_POINT('',(0.283,0.01,0.017));
#15722=CARTESIAN_POINT('',(0.233,0.01,0.017));
#15723=CARTESIAN_POINT('',(0.233,-8.53702498020082E-18,0.017));
#15724=CARTESIAN_POINT('',(0.233,0.01,0.017));
#15725=CARTESIAN_POINT('',(0.283,-8.53702498020082E-18,0.017));
#15726=CARTESIAN_POINT('',(0.217,-8.53702498020082E-18,0.017));
#15727=CARTESIAN_POINT('',(0.217,0.01,0.017));
#15728=CARTESIAN_POINT('',(0.217,0.01,0.017));
#15729=CARTESIAN_POINT('',(0.283,0.01,0.017));
#15730=CARTESIAN_POINT('',(0.283,0.01,0.017));
#15731=CARTESIAN_POINT('',(0.183,0.01,0.017));
#15732=CARTESIAN_POINT('',(0.183,-8.53702498020082E-18,0.017));
#15733=CARTESIAN_POINT('',(0.183,0.01,0.017));
#15734=CARTESIAN_POINT('',(0.283,-8.53702498020082E-18,0.017));
#15735=CARTESIAN_POINT('',(0.167,-8.53702498020082E-18,0.017));
#15736=CARTESIAN_POINT('',(0.167,0.01,0.017));
#15737=CARTESIAN_POINT('',(0.167,0.01,0.017));
#15738=CARTESIAN_POINT('',(0.283,0.01,0.017));
#15739=CARTESIAN_POINT('',(0.283,0.01,0.017));
#15740=CARTESIAN_POINT('',(0.133,0.01,0.017));
#15741=CARTESIAN_POINT('',(0.133,-8.53702498020082E-18,0.017));
#15742=CARTESIAN_POINT('',(0.133,0.01,0.017));
#15743=CARTESIAN_POINT('',(0.283,-8.53702498020082E-18,0.017));
#15744=CARTESIAN_POINT('',(0.117,-8.53702498020082E-18,0.017));
#15745=CARTESIAN_POINT('',(0.117,0.01,0.017));
#15746=CARTESIAN_POINT('',(0.117,0.01,0.017));
#15747=CARTESIAN_POINT('',(0.283,0.01,0.017));
#15748=CARTESIAN_POINT('',(0.283,0.01,0.017));
#15749=CARTESIAN_POINT('',(0.0829999999999999,0.01,0.017));
#15750=CARTESIAN_POINT('',(0.0829999999999999,-8.53702498020082E-18,0.017));
#15751=CARTESIAN_POINT('',(0.0829999999999999,0.01,0.017));
#15752=CARTESIAN_POINT('',(0.283,-8.53702498020082E-18,0.017));
#15753=CARTESIAN_POINT('',(0.067,-8.53702498020082E-18,0.017));
#15754=CARTESIAN_POINT('',(0.067,0.01,0.017));
#15755=CARTESIAN_POINT('',(0.0669999999999999,0.01,0.017));
#15756=CARTESIAN_POINT('',(0.283,0.01,0.017));
#15757=CARTESIAN_POINT('',(0.283,0.01,0.017));
#15758=CARTESIAN_POINT('',(0.033,0.01,0.017));
#15759=CARTESIAN_POINT('',(0.033,-8.53702498020082E-18,0.017));
#15760=CARTESIAN_POINT('',(0.033,0.01,0.017));
#15761=CARTESIAN_POINT('',(0.283,-8.53702498020082E-18,0.017));
#15762=CARTESIAN_POINT('',(0.0169999999999999,-8.53702498020082E-18,0.017));
#15763=CARTESIAN_POINT('',(0.0169999999999999,0.01,0.017));
#15764=CARTESIAN_POINT('',(0.017,0.01,0.017));
#15765=CARTESIAN_POINT('',(0.283,0.01,0.017));
#15766=CARTESIAN_POINT('',(0.283,0.01,0.017));
#15767=CARTESIAN_POINT('',(-0.017,0.01,0.017));
#15768=CARTESIAN_POINT('',(-0.017,-8.53702498020082E-18,0.017));
#15769=CARTESIAN_POINT('',(-0.017,0.01,0.017));
#15770=CARTESIAN_POINT('',(0.283,-8.53702498020082E-18,0.017));
#15771=CARTESIAN_POINT('',(-0.033,-8.53702498020082E-18,0.017));
#15772=CARTESIAN_POINT('',(-0.033,0.01,0.017));
#15773=CARTESIAN_POINT('',(-0.033,0.01,0.017));
#15774=CARTESIAN_POINT('',(0.283,0.01,0.017));
#15775=CARTESIAN_POINT('',(0.283,0.01,0.017));
#15776=CARTESIAN_POINT('',(-0.067,0.01,0.017));
#15777=CARTESIAN_POINT('',(-0.067,-8.53702498020082E-18,0.017));
#15778=CARTESIAN_POINT('',(-0.067,0.01,0.017));
#15779=CARTESIAN_POINT('',(0.283,-8.53702498020082E-18,0.017));
#15780=CARTESIAN_POINT('',(-0.083,-8.53702498020082E-18,0.017));
#15781=CARTESIAN_POINT('',(-0.083,0.01,0.017));
#15782=CARTESIAN_POINT('',(-0.083,0.01,0.017));
#15783=CARTESIAN_POINT('',(0.283,0.01,0.017));
#15784=CARTESIAN_POINT('',(0.283,0.01,0.017));
#15785=CARTESIAN_POINT('',(-0.117,0.01,0.017));
#15786=CARTESIAN_POINT('',(-0.117,-8.53702498020082E-18,0.017));
#15787=CARTESIAN_POINT('',(-0.117,0.01,0.017));
#15788=CARTESIAN_POINT('',(0.283,-8.53702498020082E-18,0.017));
#15789=CARTESIAN_POINT('',(-0.133,-8.53702498020082E-18,0.017));
#15790=CARTESIAN_POINT('',(-0.133,0.01,0.017));
#15791=CARTESIAN_POINT('',(-0.133,0.01,0.017));
#15792=CARTESIAN_POINT('',(0.283,0.01,0.017));
#15793=CARTESIAN_POINT('',(0.283,0.01,0.017));
#15794=CARTESIAN_POINT('',(-0.167,0.01,0.017));
#15795=CARTESIAN_POINT('',(-0.167,-8.53702498020082E-18,0.017));
#15796=CARTESIAN_POINT('',(-0.167,0.01,0.017));
#15797=CARTESIAN_POINT('',(0.283,-8.53702498020082E-18,0.017));
#15798=CARTESIAN_POINT('',(-0.183,-8.53702498020082E-18,0.017));
#15799=CARTESIAN_POINT('',(-0.183,0.01,0.017));
#15800=CARTESIAN_POINT('',(-0.183,0.01,0.017));
#15801=CARTESIAN_POINT('',(0.283,0.01,0.017));
#15802=CARTESIAN_POINT('',(0.283,0.01,0.017));
#15803=CARTESIAN_POINT('',(-0.217,0.01,0.017));
#15804=CARTESIAN_POINT('',(-0.217,-8.53702498020082E-18,0.017));
#15805=CARTESIAN_POINT('',(-0.217,0.01,0.017));
#15806=CARTESIAN_POINT('',(0.283,-8.53702498020082E-18,0.017));
#15807=CARTESIAN_POINT('',(-0.233,-8.53702498020082E-18,0.017));
#15808=CARTESIAN_POINT('',(-0.233,0.01,0.017));
#15809=CARTESIAN_POINT('',(-0.233,0.01,0.017));
#15810=CARTESIAN_POINT('',(0.283,0.01,0.017));
#15811=CARTESIAN_POINT('',(0.283,0.00900000000000052,0.0403238075793816));
#15812=CARTESIAN_POINT('',(0.267,0.00900000000000052,0.0403238075793816));
#15813=CARTESIAN_POINT('',(0.267,-0.016,0.0403238075793815));
#15814=CARTESIAN_POINT('',(0.283,0.00900000000000052,0.0403238075793816));
#15815=CARTESIAN_POINT('',(0.283,-0.016,0.0403238075793815));
#15816=CARTESIAN_POINT('',(0.283,-0.016,0.0403238075793815));
#15817=CARTESIAN_POINT('',(0.283,0.00900000000000052,0.0403238075793816));
#15818=CARTESIAN_POINT('',(0.233,0.00900000000000052,0.0403238075793816));
#15819=CARTESIAN_POINT('',(0.233,-0.016,0.0403238075793815));
#15820=CARTESIAN_POINT('',(0.283,-0.016,0.0403238075793815));
#15821=CARTESIAN_POINT('',(0.217,-0.016,0.0403238075793815));
#15822=CARTESIAN_POINT('',(0.217,0.00900000000000052,0.0403238075793816));
#15823=CARTESIAN_POINT('',(0.283,0.00900000000000052,0.0403238075793816));
#15824=CARTESIAN_POINT('',(0.183,0.00900000000000052,0.0403238075793816));
#15825=CARTESIAN_POINT('',(0.183,-0.016,0.0403238075793815));
#15826=CARTESIAN_POINT('',(0.283,-0.016,0.0403238075793815));
#15827=CARTESIAN_POINT('',(0.167,-0.016,0.0403238075793815));
#15828=CARTESIAN_POINT('',(0.167,0.00900000000000052,0.0403238075793816));
#15829=CARTESIAN_POINT('',(0.283,0.00900000000000052,0.0403238075793816));
#15830=CARTESIAN_POINT('',(0.133,0.00900000000000052,0.0403238075793816));
#15831=CARTESIAN_POINT('',(0.133,-0.016,0.0403238075793815));
#15832=CARTESIAN_POINT('',(0.283,-0.016,0.0403238075793815));
#15833=CARTESIAN_POINT('',(0.117,-0.016,0.0403238075793815));
#15834=CARTESIAN_POINT('',(0.117,0.00900000000000052,0.0403238075793816));
#15835=CARTESIAN_POINT('',(0.283,0.00900000000000052,0.0403238075793816));
#15836=CARTESIAN_POINT('',(0.0829999999999999,0.00900000000000052,0.0403238075793816));
#15837=CARTESIAN_POINT('',(0.0829999999999999,-0.016,0.0403238075793815));
#15838=CARTESIAN_POINT('',(0.283,-0.016,0.0403238075793815));
#15839=CARTESIAN_POINT('',(0.067,-0.016,0.0403238075793815));
#15840=CARTESIAN_POINT('',(0.067,0.00900000000000052,0.0403238075793816));
#15841=CARTESIAN_POINT('',(0.283,0.00900000000000052,0.0403238075793816));
#15842=CARTESIAN_POINT('',(0.033,0.00900000000000052,0.0403238075793816));
#15843=CARTESIAN_POINT('',(0.033,-0.016,0.0403238075793815));
#15844=CARTESIAN_POINT('',(0.283,-0.016,0.0403238075793815));
#15845=CARTESIAN_POINT('',(0.0169999999999999,-0.016,0.0403238075793815));
#15846=CARTESIAN_POINT('',(0.0169999999999999,0.00900000000000052,0.0403238075793816));
#15847=CARTESIAN_POINT('',(0.283,0.00900000000000052,0.0403238075793816));
#15848=CARTESIAN_POINT('',(-0.017,0.00900000000000052,0.0403238075793816));
#15849=CARTESIAN_POINT('',(-0.017,-0.016,0.0403238075793815));
#15850=CARTESIAN_POINT('',(0.283,-0.016,0.0403238075793815));
#15851=CARTESIAN_POINT('',(-0.033,-0.016,0.0403238075793815));
#15852=CARTESIAN_POINT('',(-0.033,0.00900000000000052,0.0403238075793816));
#15853=CARTESIAN_POINT('',(0.283,0.00900000000000052,0.0403238075793816));
#15854=CARTESIAN_POINT('',(-0.067,0.00900000000000052,0.0403238075793816));
#15855=CARTESIAN_POINT('',(-0.067,-0.016,0.0403238075793815));
#15856=CARTESIAN_POINT('',(0.283,-0.016,0.0403238075793815));
#15857=CARTESIAN_POINT('',(-0.083,-0.016,0.0403238075793815));
#15858=CARTESIAN_POINT('',(-0.083,0.00900000000000052,0.0403238075793816));
#15859=CARTESIAN_POINT('',(0.283,0.00900000000000052,0.0403238075793816));
#15860=CARTESIAN_POINT('',(-0.117,0.00900000000000052,0.0403238075793816));
#15861=CARTESIAN_POINT('',(-0.117,-0.016,0.0403238075793815));
#15862=CARTESIAN_POINT('',(0.283,-0.016,0.0403238075793815));
#15863=CARTESIAN_POINT('',(-0.133,-0.016,0.0403238075793815));
#15864=CARTESIAN_POINT('',(-0.133,0.00900000000000052,0.0403238075793816));
#15865=CARTESIAN_POINT('',(0.283,0.00900000000000052,0.0403238075793816));
#15866=CARTESIAN_POINT('',(-0.167,0.00900000000000052,0.0403238075793816));
#15867=CARTESIAN_POINT('',(-0.167,-0.016,0.0403238075793815));
#15868=CARTESIAN_POINT('',(0.283,-0.016,0.0403238075793815));
#15869=CARTESIAN_POINT('',(-0.183,-0.016,0.0403238075793815));
#15870=CARTESIAN_POINT('',(-0.183,0.00900000000000052,0.0403238075793816));
#15871=CARTESIAN_POINT('',(0.283,0.00900000000000052,0.0403238075793816));
#15872=CARTESIAN_POINT('',(-0.217,0.00900000000000052,0.0403238075793816));
#15873=CARTESIAN_POINT('',(-0.217,-0.016,0.0403238075793815));
#15874=CARTESIAN_POINT('',(0.283,-0.016,0.0403238075793815));
#15875=CARTESIAN_POINT('',(-0.233,-0.016,0.0403238075793815));
#15876=CARTESIAN_POINT('',(-0.233,0.00900000000000052,0.0403238075793816));
#15877=CARTESIAN_POINT('',(0.283,-0.016,0.0403238075793815));
#15878=CARTESIAN_POINT('',(0.267,-0.016,0.0403238075793815));
#15879=CARTESIAN_POINT('',(0.267,-0.016,0.115));
#15880=CARTESIAN_POINT('',(0.283,-0.016,0.0403238075793815));
#15881=CARTESIAN_POINT('',(0.283,-0.016,0.115));
#15882=CARTESIAN_POINT('',(0.283,-0.016,0.115));
#15883=CARTESIAN_POINT('',(0.283,-0.016,0.0403238075793815));
#15884=CARTESIAN_POINT('',(0.233,-0.016,0.0403238075793815));
#15885=CARTESIAN_POINT('',(0.233,-0.016,0.115));
#15886=CARTESIAN_POINT('',(0.283,-0.016,0.115));
#15887=CARTESIAN_POINT('',(0.217,-0.016,0.115));
#15888=CARTESIAN_POINT('',(0.217,-0.016,0.0403238075793815));
#15889=CARTESIAN_POINT('',(0.283,-0.016,0.0403238075793815));
#15890=CARTESIAN_POINT('',(0.183,-0.016,0.0403238075793815));
#15891=CARTESIAN_POINT('',(0.183,-0.016,0.115));
#15892=CARTESIAN_POINT('',(0.283,-0.016,0.115));
#15893=CARTESIAN_POINT('',(0.167,-0.016,0.115));
#15894=CARTESIAN_POINT('',(0.167,-0.016,0.0403238075793815));
#15895=CARTESIAN_POINT('',(0.283,-0.016,0.0403238075793815));
#15896=CARTESIAN_POINT('',(0.133,-0.016,0.0403238075793815));
#15897=CARTESIAN_POINT('',(0.133,-0.016,0.115));
#15898=CARTESIAN_POINT('',(0.283,-0.016,0.115));
#15899=CARTESIAN_POINT('',(0.117,-0.016,0.115));
#15900=CARTESIAN_POINT('',(0.117,-0.016,0.0403238075793815));
#15901=CARTESIAN_POINT('',(0.283,-0.016,0.0403238075793815));
#15902=CARTESIAN_POINT('',(0.0829999999999999,-0.016,0.0403238075793815));
#15903=CARTESIAN_POINT('',(0.0829999999999999,-0.016,0.115));
#15904=CARTESIAN_POINT('',(0.283,-0.016,0.115));
#15905=CARTESIAN_POINT('',(0.067,-0.016,0.115));
#15906=CARTESIAN_POINT('',(0.067,-0.016,0.0403238075793815));
#15907=CARTESIAN_POINT('',(0.283,-0.016,0.0403238075793815));
#15908=CARTESIAN_POINT('',(0.033,-0.016,0.0403238075793815));
#15909=CARTESIAN_POINT('',(0.033,-0.016,0.115));
#15910=CARTESIAN_POINT('',(0.283,-0.016,0.115));
#15911=CARTESIAN_POINT('',(0.0169999999999999,-0.016,0.115));
#15912=CARTESIAN_POINT('',(0.0169999999999999,-0.016,0.0403238075793815));
#15913=CARTESIAN_POINT('',(0.283,-0.016,0.0403238075793815));
#15914=CARTESIAN_POINT('',(-0.017,-0.016,0.0403238075793815));
#15915=CARTESIAN_POINT('',(-0.017,-0.016,0.115));
#15916=CARTESIAN_POINT('',(0.283,-0.016,0.115));
#15917=CARTESIAN_POINT('',(-0.033,-0.016,0.115));
#15918=CARTESIAN_POINT('',(-0.033,-0.016,0.0403238075793815));
#15919=CARTESIAN_POINT('',(0.283,-0.016,0.0403238075793815));
#15920=CARTESIAN_POINT('',(-0.067,-0.016,0.0403238075793815));
#15921=CARTESIAN_POINT('',(-0.067,-0.016,0.115));
#15922=CARTESIAN_POINT('',(0.283,-0.016,0.115));
#15923=CARTESIAN_POINT('',(-0.083,-0.016,0.115));
#15924=CARTESIAN_POINT('',(-0.083,-0.016,0.0403238075793815));
#15925=CARTESIAN_POINT('',(0.283,-0.016,0.0403238075793815));
#15926=CARTESIAN_POINT('',(-0.117,-0.016,0.0403238075793815));
#15927=CARTESIAN_POINT('',(-0.117,-0.016,0.115));
#15928=CARTESIAN_POINT('',(0.283,-0.016,0.115));
#15929=CARTESIAN_POINT('',(-0.133,-0.016,0.115));
#15930=CARTESIAN_POINT('',(-0.133,-0.016,0.0403238075793815));
#15931=CARTESIAN_POINT('',(0.283,-0.016,0.0403238075793815));
#15932=CARTESIAN_POINT('',(-0.167,-0.016,0.0403238075793815));
#15933=CARTESIAN_POINT('',(-0.167,-0.016,0.115));
#15934=CARTESIAN_POINT('',(0.283,-0.016,0.115));
#15935=CARTESIAN_POINT('',(-0.183,-0.016,0.115));
#15936=CARTESIAN_POINT('',(-0.183,-0.016,0.0403238075793815));
#15937=CARTESIAN_POINT('',(0.283,-0.016,0.0403238075793815));
#15938=CARTESIAN_POINT('',(-0.217,-0.016,0.0403238075793815));
#15939=CARTESIAN_POINT('',(-0.217,-0.016,0.115));
#15940=CARTESIAN_POINT('',(0.283,-0.016,0.115));
#15941=CARTESIAN_POINT('',(-0.233,-0.016,0.115));
#15942=CARTESIAN_POINT('',(-0.233,-0.016,0.0403238075793815));
#15943=CARTESIAN_POINT('',(0.283,-0.016,0.115));
#15944=CARTESIAN_POINT('',(0.267,-0.016,0.115));
#15945=CARTESIAN_POINT('',(0.267,0.,0.115));
#15946=CARTESIAN_POINT('',(0.283,-0.016,0.115));
#15947=CARTESIAN_POINT('',(0.283,0.,0.115));
#15948=CARTESIAN_POINT('',(0.283,0.,0.115));
#15949=CARTESIAN_POINT('',(0.283,-0.016,0.115));
#15950=CARTESIAN_POINT('',(0.233,-0.016,0.115));
#15951=CARTESIAN_POINT('',(0.233,0.,0.115));
#15952=CARTESIAN_POINT('',(0.283,0.,0.115));
#15953=CARTESIAN_POINT('',(0.217,0.,0.115));
#15954=CARTESIAN_POINT('',(0.217,-0.016,0.115));
#15955=CARTESIAN_POINT('',(0.283,-0.016,0.115));
#15956=CARTESIAN_POINT('',(0.183,-0.016,0.115));
#15957=CARTESIAN_POINT('',(0.183,0.,0.115));
#15958=CARTESIAN_POINT('',(0.283,0.,0.115));
#15959=CARTESIAN_POINT('',(0.167,0.,0.115));
#15960=CARTESIAN_POINT('',(0.167,-0.016,0.115));
#15961=CARTESIAN_POINT('',(0.283,-0.016,0.115));
#15962=CARTESIAN_POINT('',(0.133,-0.016,0.115));
#15963=CARTESIAN_POINT('',(0.133,0.,0.115));
#15964=CARTESIAN_POINT('',(0.283,0.,0.115));
#15965=CARTESIAN_POINT('',(0.117,0.,0.115));
#15966=CARTESIAN_POINT('',(0.117,-0.016,0.115));
#15967=CARTESIAN_POINT('',(0.283,-0.016,0.115));
#15968=CARTESIAN_POINT('',(0.0829999999999999,-0.016,0.115));
#15969=CARTESIAN_POINT('',(0.0829999999999999,0.,0.115));
#15970=CARTESIAN_POINT('',(0.283,0.,0.115));
#15971=CARTESIAN_POINT('',(0.067,0.,0.115));
#15972=CARTESIAN_POINT('',(0.067,-0.016,0.115));
#15973=CARTESIAN_POINT('',(0.283,-0.016,0.115));
#15974=CARTESIAN_POINT('',(0.033,-0.016,0.115));
#15975=CARTESIAN_POINT('',(0.033,0.,0.115));
#15976=CARTESIAN_POINT('',(0.283,0.,0.115));
#15977=CARTESIAN_POINT('',(0.0169999999999999,0.,0.115));
#15978=CARTESIAN_POINT('',(0.0169999999999999,-0.016,0.115));
#15979=CARTESIAN_POINT('',(0.283,-0.016,0.115));
#15980=CARTESIAN_POINT('',(-0.017,-0.016,0.115));
#15981=CARTESIAN_POINT('',(-0.017,0.,0.115));
#15982=CARTESIAN_POINT('',(0.283,0.,0.115));
#15983=CARTESIAN_POINT('',(-0.033,0.,0.115));
#15984=CARTESIAN_POINT('',(-0.033,-0.016,0.115));
#15985=CARTESIAN_POINT('',(0.283,-0.016,0.115));
#15986=CARTESIAN_POINT('',(-0.067,-0.016,0.115));
#15987=CARTESIAN_POINT('',(-0.067,0.,0.115));
#15988=CARTESIAN_POINT('',(0.283,0.,0.115));
#15989=CARTESIAN_POINT('',(-0.083,0.,0.115));
#15990=CARTESIAN_POINT('',(-0.083,-0.016,0.115));
#15991=CARTESIAN_POINT('',(0.283,-0.016,0.115));
#15992=CARTESIAN_POINT('',(-0.117,-0.016,0.115));
#15993=CARTESIAN_POINT('',(-0.117,0.,0.115));
#15994=CARTESIAN_POINT('',(0.283,0.,0.115));
#15995=CARTESIAN_POINT('',(-0.133,0.,0.115));
#15996=CARTESIAN_POINT('',(-0.133,-0.016,0.115));
#15997=CARTESIAN_POINT('',(0.283,-0.016,0.115));
#15998=CARTESIAN_POINT('',(-0.167,-0.016,0.115));
#15999=CARTESIAN_POINT('',(-0.167,0.,0.115));
#16000=CARTESIAN_POINT('',(0.283,0.,0.115));
#16001=CARTESIAN_POINT('',(-0.183,0.,0.115));
#16002=CARTESIAN_POINT('',(-0.183,-0.016,0.115));
#16003=CARTESIAN_POINT('',(0.283,-0.016,0.115));
#16004=CARTESIAN_POINT('',(-0.217,-0.016,0.115));
#16005=CARTESIAN_POINT('',(-0.217,0.,0.115));
#16006=CARTESIAN_POINT('',(0.283,0.,0.115));
#16007=CARTESIAN_POINT('',(-0.233,0.,0.115));
#16008=CARTESIAN_POINT('',(-0.233,-0.016,0.115));
#16009=CARTESIAN_POINT('',(0.283,0.,0.115));
#16010=CARTESIAN_POINT('',(0.267,0.,0.115));
#16011=CARTESIAN_POINT('',(0.267,3.030088246176E-18,0.066));
#16012=CARTESIAN_POINT('',(0.283,0.,0.115));
#16013=CARTESIAN_POINT('',(0.283,0.,0.066));
#16014=CARTESIAN_POINT('',(0.283,0.,0.066));
#16015=CARTESIAN_POINT('',(0.283,0.,0.115));
#16016=CARTESIAN_POINT('',(0.233,0.,0.115));
#16017=CARTESIAN_POINT('',(0.233,3.030088246176E-18,0.066));
#16018=CARTESIAN_POINT('',(0.283,0.,0.066));
#16019=CARTESIAN_POINT('',(0.217,3.030088246176E-18,0.066));
#16020=CARTESIAN_POINT('',(0.217,0.,0.115));
#16021=CARTESIAN_POINT('',(0.283,0.,0.115));
#16022=CARTESIAN_POINT('',(0.183,0.,0.115));
#16023=CARTESIAN_POINT('',(0.183,3.030088246176E-18,0.066));
#16024=CARTESIAN_POINT('',(0.283,0.,0.066));
#16025=CARTESIAN_POINT('',(0.167,3.030088246176E-18,0.066));
#16026=CARTESIAN_POINT('',(0.167,0.,0.115));
#16027=CARTESIAN_POINT('',(0.283,0.,0.115));
#16028=CARTESIAN_POINT('',(0.133,0.,0.115));
#16029=CARTESIAN_POINT('',(0.133,3.030088246176E-18,0.066));
#16030=CARTESIAN_POINT('',(0.283,0.,0.066));
#16031=CARTESIAN_POINT('',(0.117,3.030088246176E-18,0.066));
#16032=CARTESIAN_POINT('',(0.117,0.,0.115));
#16033=CARTESIAN_POINT('',(0.283,0.,0.115));
#16034=CARTESIAN_POINT('',(0.0829999999999999,0.,0.115));
#16035=CARTESIAN_POINT('',(0.0829999999999999,3.030088246176E-18,0.066));
#16036=CARTESIAN_POINT('',(0.283,0.,0.066));
#16037=CARTESIAN_POINT('',(0.067,3.030088246176E-18,0.066));
#16038=CARTESIAN_POINT('',(0.067,0.,0.115));
#16039=CARTESIAN_POINT('',(0.283,0.,0.115));
#16040=CARTESIAN_POINT('',(0.033,0.,0.115));
#16041=CARTESIAN_POINT('',(0.033,3.030088246176E-18,0.066));
#16042=CARTESIAN_POINT('',(0.283,0.,0.066));
#16043=CARTESIAN_POINT('',(0.0169999999999999,3.030088246176E-18,0.066));
#16044=CARTESIAN_POINT('',(0.0169999999999999,0.,0.115));
#16045=CARTESIAN_POINT('',(0.283,0.,0.115));
#16046=CARTESIAN_POINT('',(-0.017,0.,0.115));
#16047=CARTESIAN_POINT('',(-0.017,3.030088246176E-18,0.066));
#16048=CARTESIAN_POINT('',(0.283,0.,0.066));
#16049=CARTESIAN_POINT('',(-0.033,3.030088246176E-18,0.066));
#16050=CARTESIAN_POINT('',(-0.033,0.,0.115));
#16051=CARTESIAN_POINT('',(0.283,0.,0.115));
#16052=CARTESIAN_POINT('',(-0.067,0.,0.115));
#16053=CARTESIAN_POINT('',(-0.067,3.030088246176E-18,0.066));
#16054=CARTESIAN_POINT('',(0.283,0.,0.066));
#16055=CARTESIAN_POINT('',(-0.083,3.030088246176E-18,0.066));
#16056=CARTESIAN_POINT('',(-0.083,0.,0.115));
#16057=CARTESIAN_POINT('',(0.283,0.,0.115));
#16058=CARTESIAN_POINT('',(-0.117,0.,0.115));
#16059=CARTESIAN_POINT('',(-0.117,3.030088246176E-18,0.066));
#16060=CARTESIAN_POINT('',(0.283,0.,0.066));
#16061=CARTESIAN_POINT('',(-0.133,3.030088246176E-18,0.066));
#16062=CARTESIAN_POINT('',(-0.133,0.,0.115));
#16063=CARTESIAN_POINT('',(0.283,0.,0.115));
#16064=CARTESIAN_POINT('',(-0.167,0.,0.115));
#16065=CARTESIAN_POINT('',(-0.167,3.030088246176E-18,0.066));
#16066=CARTESIAN_POINT('',(0.283,0.,0.066));
#16067=CARTESIAN_POINT('',(-0.183,3.030088246176E-18,0.066));
#16068=CARTESIAN_POINT('',(-0.183,0.,0.115));
#16069=CARTESIAN_POINT('',(0.283,0.,0.115));
#16070=CARTESIAN_POINT('',(-0.217,0.,0.115));
#16071=CARTESIAN_POINT('',(-0.217,3.030088246176E-18,0.066));
#16072=CARTESIAN_POINT('',(0.283,0.,0.066));
#16073=CARTESIAN_POINT('',(-0.233,3.030088246176E-18,0.066));
#16074=CARTESIAN_POINT('',(-0.233,0.,0.115));
#16075=CARTESIAN_POINT('',(0.283,0.,-0.066));
#16076=CARTESIAN_POINT('',(-0.267,0.,-0.066));
#16077=CARTESIAN_POINT('',(-0.267,0.,-0.115));
#16078=CARTESIAN_POINT('',(-0.267,0.,-0.066));
#16079=CARTESIAN_POINT('',(0.283,0.,-0.115));
#16080=CARTESIAN_POINT('',(-0.283,0.,-0.115));
#16081=CARTESIAN_POINT('',(-0.283,0.,-0.066));
#16082=CARTESIAN_POINT('',(-0.283,0.,-0.066));
#16083=CARTESIAN_POINT('',(0.283,0.,-0.066));
#16084=CARTESIAN_POINT('',(0.283,0.,-0.115));
#16085=CARTESIAN_POINT('',(-0.267,0.,-0.115));
#16086=CARTESIAN_POINT('',(-0.267,-0.016,-0.115));
#16087=CARTESIAN_POINT('',(0.283,-0.016,-0.115));
#16088=CARTESIAN_POINT('',(-0.283,-0.016,-0.115));
#16089=CARTESIAN_POINT('',(-0.283,0.,-0.115));
#16090=CARTESIAN_POINT('',(0.283,-0.016,-0.115));
#16091=CARTESIAN_POINT('',(-0.267,-0.016,-0.115));
#16092=CARTESIAN_POINT('',(-0.267,-0.016,-0.0403238075793815));
#16093=CARTESIAN_POINT('',(0.283,-0.016,-0.0403238075793815));
#16094=CARTESIAN_POINT('',(-0.283,-0.016,-0.0403238075793815));
#16095=CARTESIAN_POINT('',(-0.283,-0.016,-0.115));
#16096=CARTESIAN_POINT('',(0.283,0.0090000000000005,-0.0403238075793815));
#16097=CARTESIAN_POINT('',(-0.267,0.0090000000000005,-0.0403238075793815));
#16098=CARTESIAN_POINT('',(-0.267,-1.0671281225251E-17,-0.017));
#16099=CARTESIAN_POINT('',(0.283,-1.28055374703012E-17,-0.017));
#16100=CARTESIAN_POINT('',(-0.283,-1.28055374703012E-17,-0.017));
#16101=CARTESIAN_POINT('',(-0.283,0.0090000000000005,-0.0403238075793815));
#16102=CARTESIAN_POINT('',(0.283,-8.67361737988404E-18,-0.017));
#16103=CARTESIAN_POINT('',(-0.267,-8.67361737988404E-18,-0.017));
#16104=CARTESIAN_POINT('',(-0.267,0.01,-0.017));
#16105=CARTESIAN_POINT('',(0.283,0.01,-0.017));
#16106=CARTESIAN_POINT('',(-0.283,0.01,-0.017));
#16107=CARTESIAN_POINT('',(-0.283,-8.67361737988404E-18,-0.017));
#16108=CARTESIAN_POINT('',(0.283,0.01,-0.017));
#16109=CARTESIAN_POINT('',(-0.267,0.01,0.5));
#16110=CARTESIAN_POINT('',(-0.267,0.01,-0.0555930905438934));
#16111=CARTESIAN_POINT('',(0.283,0.00999999999999987,-0.0555930905438936));
#16112=CARTESIAN_POINT('',(-0.233,0.01,-0.0555930905438934));
#16113=CARTESIAN_POINT('',(-0.233,0.01,0.5));
#16114=CARTESIAN_POINT('',(-0.217,0.01,0.5));
#16115=CARTESIAN_POINT('',(-0.217,0.01,-0.0555930905438934));
#16116=CARTESIAN_POINT('',(0.283,0.00999999999999988,-0.0555930905438935));
#16117=CARTESIAN_POINT('',(-0.183,0.01,-0.0555930905438934));
#16118=CARTESIAN_POINT('',(-0.183,0.01,0.5));
#16119=CARTESIAN_POINT('',(-0.167,0.01,0.5));
#16120=CARTESIAN_POINT('',(-0.167,0.01,-0.0555930905438934));
#16121=CARTESIAN_POINT('',(0.283,0.00999999999999991,-0.0555930905438935));
#16122=CARTESIAN_POINT('',(-0.133,0.01,-0.0555930905438934));
#16123=CARTESIAN_POINT('',(-0.133,0.01,0.5));
#16124=CARTESIAN_POINT('',(-0.117,0.01,0.5));
#16125=CARTESIAN_POINT('',(-0.117,0.01,-0.0555930905438934));
#16126=CARTESIAN_POINT('',(0.283,0.00999999999999991,-0.0555930905438935));
#16127=CARTESIAN_POINT('',(-0.083,0.01,-0.0555930905438934));
#16128=CARTESIAN_POINT('',(-0.083,0.01,0.5));
#16129=CARTESIAN_POINT('',(-0.067,0.01,0.5));
#16130=CARTESIAN_POINT('',(-0.067,0.01,-0.0555930905438934));
#16131=CARTESIAN_POINT('',(0.283,0.00999999999999993,-0.0555930905438935));
#16132=CARTESIAN_POINT('',(-0.033,0.01,-0.0555930905438934));
#16133=CARTESIAN_POINT('',(-0.033,0.01,0.5));
#16134=CARTESIAN_POINT('',(-0.017,0.01,0.5));
#16135=CARTESIAN_POINT('',(-0.017,0.01,-0.0555930905438934));
#16136=CARTESIAN_POINT('',(0.283,0.00999999999999993,-0.0555930905438935));
#16137=CARTESIAN_POINT('',(0.017,0.01,-0.0555930905438934));
#16138=CARTESIAN_POINT('',(0.017,0.01,0.5));
#16139=CARTESIAN_POINT('',(0.033,0.01,0.5));
#16140=CARTESIAN_POINT('',(0.033,0.01,-0.0555930905438934));
#16141=CARTESIAN_POINT('',(0.283,0.00999999999999995,-0.0555930905438935));
#16142=CARTESIAN_POINT('',(0.0669999999999999,0.01,-0.0555930905438934));
#16143=CARTESIAN_POINT('',(0.0669999999999999,0.01,0.5));
#16144=CARTESIAN_POINT('',(0.0829999999999999,0.01,0.5));
#16145=CARTESIAN_POINT('',(0.0829999999999999,0.01,-0.0555930905438934));
#16146=CARTESIAN_POINT('',(0.283,0.00999999999999997,-0.0555930905438935));
#16147=CARTESIAN_POINT('',(0.117,0.01,-0.0555930905438934));
#16148=CARTESIAN_POINT('',(0.117,0.01,0.5));
#16149=CARTESIAN_POINT('',(0.133,0.01,0.5));
#16150=CARTESIAN_POINT('',(0.133,0.01,-0.0555930905438934));
#16151=CARTESIAN_POINT('',(0.283,0.00999999999999998,-0.0555930905438934));
#16152=CARTESIAN_POINT('',(0.167,0.01,-0.0555930905438934));
#16153=CARTESIAN_POINT('',(0.167,0.01,0.5));
#16154=CARTESIAN_POINT('',(0.183,0.01,0.5));
#16155=CARTESIAN_POINT('',(0.183,0.01,-0.0555930905438934));
#16156=CARTESIAN_POINT('',(0.283,0.00999999999999999,-0.0555930905438934));
#16157=CARTESIAN_POINT('',(0.217,0.01,-0.0555930905438934));
#16158=CARTESIAN_POINT('',(0.217,0.01,0.5));
#16159=CARTESIAN_POINT('',(0.233,0.01,0.5));
#16160=CARTESIAN_POINT('',(0.233,0.01,-0.0555930905438934));
#16161=CARTESIAN_POINT('',(0.283,0.01,-0.0555930905438934));
#16162=CARTESIAN_POINT('',(0.267,0.01,-0.0555930905438934));
#16163=CARTESIAN_POINT('',(0.267,0.01,0.5));
#16164=CARTESIAN_POINT('',(0.283,0.01,-0.017));
#16165=CARTESIAN_POINT('',(0.267,0.01,0.5));
#16166=CARTESIAN_POINT('',(0.267,0.01,0.0555930905438934));
#16167=CARTESIAN_POINT('',(0.283,0.01,0.0555930905438934));
#16168=CARTESIAN_POINT('',(0.233,0.01,0.0555930905438934));
#16169=CARTESIAN_POINT('',(0.233,0.01,0.5));
#16170=CARTESIAN_POINT('',(0.217,0.01,0.5));
#16171=CARTESIAN_POINT('',(0.217,0.01,0.0555930905438934));
#16172=CARTESIAN_POINT('',(0.283,0.00999999999999998,0.0555930905438934));
#16173=CARTESIAN_POINT('',(0.183,0.01,0.0555930905438934));
#16174=CARTESIAN_POINT('',(0.183,0.01,0.5));
#16175=CARTESIAN_POINT('',(0.167,0.01,0.5));
#16176=CARTESIAN_POINT('',(0.167,0.01,0.0555930905438934));
#16177=CARTESIAN_POINT('',(0.283,0.00999999999999997,0.0555930905438935));
#16178=CARTESIAN_POINT('',(0.133,0.01,0.0555930905438934));
#16179=CARTESIAN_POINT('',(0.133,0.01,0.5));
#16180=CARTESIAN_POINT('',(0.117,0.01,0.5));
#16181=CARTESIAN_POINT('',(0.117,0.01,0.0555930905438934));
#16182=CARTESIAN_POINT('',(0.283,0.00999999999999996,0.0555930905438935));
#16183=CARTESIAN_POINT('',(0.0829999999999999,0.01,0.0555930905438934));
#16184=CARTESIAN_POINT('',(0.0829999999999999,0.01,0.5));
#16185=CARTESIAN_POINT('',(0.0669999999999999,0.01,0.5));
#16186=CARTESIAN_POINT('',(0.0669999999999999,0.01,0.0555930905438934));
#16187=CARTESIAN_POINT('',(0.283,0.00999999999999995,0.0555930905438935));
#16188=CARTESIAN_POINT('',(0.033,0.01,0.0555930905438934));
#16189=CARTESIAN_POINT('',(0.033,0.01,0.5));
#16190=CARTESIAN_POINT('',(0.017,0.01,0.5));
#16191=CARTESIAN_POINT('',(0.017,0.01,0.0555930905438934));
#16192=CARTESIAN_POINT('',(0.283,0.00999999999999993,0.0555930905438935));
#16193=CARTESIAN_POINT('',(-0.017,0.01,0.0555930905438934));
#16194=CARTESIAN_POINT('',(-0.017,0.01,0.5));
#16195=CARTESIAN_POINT('',(-0.033,0.01,0.5));
#16196=CARTESIAN_POINT('',(-0.033,0.01,0.0555930905438934));
#16197=CARTESIAN_POINT('',(0.283,0.00999999999999992,0.0555930905438935));
#16198=CARTESIAN_POINT('',(-0.067,0.01,0.0555930905438934));
#16199=CARTESIAN_POINT('',(-0.067,0.01,0.5));
#16200=CARTESIAN_POINT('',(-0.083,0.01,0.5));
#16201=CARTESIAN_POINT('',(-0.083,0.01,0.0555930905438934));
#16202=CARTESIAN_POINT('',(0.283,0.00999999999999991,0.0555930905438935));
#16203=CARTESIAN_POINT('',(-0.117,0.01,0.0555930905438934));
#16204=CARTESIAN_POINT('',(-0.117,0.01,0.5));
#16205=CARTESIAN_POINT('',(-0.133,0.01,0.5));
#16206=CARTESIAN_POINT('',(-0.133,0.01,0.0555930905438934));
#16207=CARTESIAN_POINT('',(0.283,0.0099999999999999,0.0555930905438935));
#16208=CARTESIAN_POINT('',(-0.167,0.01,0.0555930905438934));
#16209=CARTESIAN_POINT('',(-0.167,0.01,0.5));
#16210=CARTESIAN_POINT('',(-0.183,0.01,0.5));
#16211=CARTESIAN_POINT('',(-0.183,0.01,0.0555930905438934));
#16212=CARTESIAN_POINT('',(0.283,0.00999999999999988,0.0555930905438935));
#16213=CARTESIAN_POINT('',(-0.217,0.01,0.0555930905438934));
#16214=CARTESIAN_POINT('',(-0.217,0.01,0.5));
#16215=CARTESIAN_POINT('',(-0.233,0.01,0.5));
#16216=CARTESIAN_POINT('',(-0.233,0.01,0.0555930905438934));
#16217=CARTESIAN_POINT('',(0.283,0.00999999999999987,0.0555930905438936));
#16218=CARTESIAN_POINT('',(-0.267,0.01,0.0555930905438934));
#16219=CARTESIAN_POINT('',(-0.267,0.01,0.5));
#16220=CARTESIAN_POINT('',(-0.267,0.01,0.017));
#16221=CARTESIAN_POINT('',(0.283,0.01,0.017));
#16222=CARTESIAN_POINT('',(-0.283,0.01,0.017));
#16223=CARTESIAN_POINT('',(-0.283,0.01,-0.017));
#16224=CARTESIAN_POINT('',(0.283,0.01,0.017));
#16225=CARTESIAN_POINT('',(-0.267,0.01,0.017));
#16226=CARTESIAN_POINT('',(-0.267,-8.53702498020082E-18,0.017));
#16227=CARTESIAN_POINT('',(0.283,-8.53702498020082E-18,0.017));
#16228=CARTESIAN_POINT('',(-0.283,-8.53702498020082E-18,0.017));
#16229=CARTESIAN_POINT('',(-0.283,0.01,0.017));
#16230=CARTESIAN_POINT('',(0.283,0.00900000000000052,0.0403238075793816));
#16231=CARTESIAN_POINT('',(-0.267,0.00900000000000052,0.0403238075793816));
#16232=CARTESIAN_POINT('',(-0.267,-0.016,0.0403238075793815));
#16233=CARTESIAN_POINT('',(0.283,-0.016,0.0403238075793815));
#16234=CARTESIAN_POINT('',(-0.283,-0.016,0.0403238075793815));
#16235=CARTESIAN_POINT('',(-0.283,0.00900000000000052,0.0403238075793816));
#16236=CARTESIAN_POINT('',(0.283,-0.016,0.0403238075793815));
#16237=CARTESIAN_POINT('',(-0.267,-0.016,0.0403238075793815));
#16238=CARTESIAN_POINT('',(-0.267,-0.016,0.115));
#16239=CARTESIAN_POINT('',(0.283,-0.016,0.115));
#16240=CARTESIAN_POINT('',(-0.283,-0.016,0.115));
#16241=CARTESIAN_POINT('',(-0.283,-0.016,0.0403238075793815));
#16242=CARTESIAN_POINT('',(0.283,-0.016,0.115));
#16243=CARTESIAN_POINT('',(-0.267,-0.016,0.115));
#16244=CARTESIAN_POINT('',(-0.267,0.,0.115));
#16245=CARTESIAN_POINT('',(0.283,0.,0.115));
#16246=CARTESIAN_POINT('',(-0.283,0.,0.115));
#16247=CARTESIAN_POINT('',(-0.283,-0.016,0.115));
#16248=CARTESIAN_POINT('',(0.283,0.,0.115));
#16249=CARTESIAN_POINT('',(-0.267,0.,0.115));
#16250=CARTESIAN_POINT('',(-0.267,3.030088246176E-18,0.066));
#16251=CARTESIAN_POINT('',(0.283,0.,0.066));
#16252=CARTESIAN_POINT('',(-0.283,0.,0.066));
#16253=CARTESIAN_POINT('',(-0.283,0.,0.115));
#16254=CARTESIAN_POINT('',(0.283,0.,0.066));
#16255=CARTESIAN_POINT('',(0.267,0.,0.066));
#16256=CARTESIAN_POINT('',(0.283,0.,0.066));
#16257=CARTESIAN_POINT('',(0.283,0.0634194044623617,-8.53702498020082E-18));
#16258=CARTESIAN_POINT('',(0.283,0.0634194044623617,-8.53702498020082E-18));
#16259=CARTESIAN_POINT('',(-0.283,0.0634194044623617,-8.53702498020082E-18));
#16260=CARTESIAN_POINT('',(-0.283,0.,0.066));
#16261=CARTESIAN_POINT('',(-0.267,0.,0.066));
#16262=CARTESIAN_POINT('',(-0.233,0.,0.066));
#16263=CARTESIAN_POINT('',(-0.217,0.,0.066));
#16264=CARTESIAN_POINT('',(-0.183,0.,0.066));
#16265=CARTESIAN_POINT('',(-0.167,0.,0.066));
#16266=CARTESIAN_POINT('',(-0.133,0.,0.066));
#16267=CARTESIAN_POINT('',(-0.117,0.,0.066));
#16268=CARTESIAN_POINT('',(-0.083,0.,0.066));
#16269=CARTESIAN_POINT('',(-0.067,0.,0.066));
#16270=CARTESIAN_POINT('',(-0.033,0.,0.066));
#16271=CARTESIAN_POINT('',(-0.017,0.,0.066));
#16272=CARTESIAN_POINT('',(0.0169999999999999,0.,0.066));
#16273=CARTESIAN_POINT('',(0.033,0.,0.066));
#16274=CARTESIAN_POINT('',(0.067,0.,0.066));
#16275=CARTESIAN_POINT('',(0.0829999999999999,0.,0.066));
#16276=CARTESIAN_POINT('',(0.117,0.,0.066));
#16277=CARTESIAN_POINT('',(0.133,0.,0.066));
#16278=CARTESIAN_POINT('',(0.167,0.,0.066));
#16279=CARTESIAN_POINT('',(0.183,0.,0.066));
#16280=CARTESIAN_POINT('',(0.217,0.,0.066));
#16281=CARTESIAN_POINT('',(0.233,0.,0.066));
#16282=CARTESIAN_POINT('',(0.283,0.0634194044623617,0.));
#16283=CARTESIAN_POINT('',(0.267,0.0634194044623617,0.));
#16284=CARTESIAN_POINT('',(0.233,0.0634194044623617,0.));
#16285=CARTESIAN_POINT('',(0.217,0.0634194044623617,0.));
#16286=CARTESIAN_POINT('',(0.183,0.0634194044623617,0.));
#16287=CARTESIAN_POINT('',(0.167,0.0634194044623617,0.));
#16288=CARTESIAN_POINT('',(0.133,0.0634194044623617,0.));
#16289=CARTESIAN_POINT('',(0.117,0.0634194044623617,0.));
#16290=CARTESIAN_POINT('',(0.0829999999999999,0.0634194044623617,0.));
#16291=CARTESIAN_POINT('',(0.067,0.0634194044623617,0.));
#16292=CARTESIAN_POINT('',(0.033,0.0634194044623617,0.));
#16293=CARTESIAN_POINT('',(0.0169999999999999,0.0634194044623617,0.));
#16294=CARTESIAN_POINT('',(-0.017,0.0634194044623617,0.));
#16295=CARTESIAN_POINT('',(-0.033,0.0634194044623617,0.));
#16296=CARTESIAN_POINT('',(-0.067,0.0634194044623617,0.));
#16297=CARTESIAN_POINT('',(-0.083,0.0634194044623617,0.));
#16298=CARTESIAN_POINT('',(-0.117,0.0634194044623617,0.));
#16299=CARTESIAN_POINT('',(-0.133,0.0634194044623617,0.));
#16300=CARTESIAN_POINT('',(-0.167,0.0634194044623617,0.));
#16301=CARTESIAN_POINT('',(-0.183,0.0634194044623617,0.));
#16302=CARTESIAN_POINT('',(-0.217,0.0634194044623617,0.));
#16303=CARTESIAN_POINT('',(-0.233,0.0634194044623617,0.));
#16304=CARTESIAN_POINT('',(-0.267,0.0634194044623617,0.));
#16305=CARTESIAN_POINT('',(-0.283,0.0634194044623617,0.));
#16306=CARTESIAN_POINT('',(0.283,0.0634194044623617,0.));
#16307=CARTESIAN_POINT('',(0.283,0.0090000000000005,-0.0403238075793815));
#16308=CARTESIAN_POINT('',(-0.283,0.0090000000000005,-0.0403238075793815));
#16309=CARTESIAN_POINT('',(-0.267,-0.44609430648634,0.5));
#16310=CARTESIAN_POINT('',(-0.233,0.01,0.5));
#16311=CARTESIAN_POINT('',(-0.217,-0.44445605508514,0.5));
#16312=CARTESIAN_POINT('',(-0.183,0.01,0.5));
#16313=CARTESIAN_POINT('',(-0.167,-0.44445605508514,0.5));
#16314=CARTESIAN_POINT('',(-0.133,0.01,0.5));
#16315=CARTESIAN_POINT('',(-0.117,-0.44445605508514,0.5));
#16316=CARTESIAN_POINT('',(-0.083,0.01,0.5));
#16317=CARTESIAN_POINT('',(-0.067,-0.44445605508514,0.5));
#16318=CARTESIAN_POINT('',(-0.033,0.01,0.5));
#16319=CARTESIAN_POINT('',(-0.017,-0.44445605508514,0.5));
#16320=CARTESIAN_POINT('',(0.017,0.01,0.5));
#16321=CARTESIAN_POINT('',(0.033,-0.44445605508514,0.5));
#16322=CARTESIAN_POINT('',(0.0669999999999999,0.01,0.5));
#16323=CARTESIAN_POINT('',(0.0829999999999999,-0.44445605508514,0.5));
#16324=CARTESIAN_POINT('',(0.117,0.01,0.5));
#16325=CARTESIAN_POINT('',(0.133,-0.44445605508514,0.5));
#16326=CARTESIAN_POINT('',(0.167,0.01,0.5));
#16327=CARTESIAN_POINT('',(0.183,-0.44445605508514,0.5));
#16328=CARTESIAN_POINT('',(0.217,0.01,0.5));
#16329=CARTESIAN_POINT('',(0.233,-0.44445605508514,0.5));
#16330=CARTESIAN_POINT('',(0.267,0.01,0.5));
#16331=CARTESIAN_POINT('',(-0.267,-0.44609430648634,0.5));
#16332=CARTESIAN_POINT('',(-0.233,0.01,0.5));
#16333=CARTESIAN_POINT('',(-0.217,-0.44445605508514,0.5));
#16334=CARTESIAN_POINT('',(-0.183,0.01,0.5));
#16335=CARTESIAN_POINT('',(-0.167,-0.44445605508514,0.5));
#16336=CARTESIAN_POINT('',(-0.133,0.01,0.5));
#16337=CARTESIAN_POINT('',(-0.117,-0.44445605508514,0.5));
#16338=CARTESIAN_POINT('',(-0.083,0.01,0.5));
#16339=CARTESIAN_POINT('',(-0.067,-0.44445605508514,0.5));
#16340=CARTESIAN_POINT('',(-0.033,0.01,0.5));
#16341=CARTESIAN_POINT('',(-0.017,-0.44445605508514,0.5));
#16342=CARTESIAN_POINT('',(0.017,0.01,0.5));
#16343=CARTESIAN_POINT('',(0.033,-0.44445605508514,0.5));
#16344=CARTESIAN_POINT('',(0.0669999999999999,0.01,0.5));
#16345=CARTESIAN_POINT('',(0.0829999999999999,-0.44445605508514,0.5));
#16346=CARTESIAN_POINT('',(0.117,0.01,0.5));
#16347=CARTESIAN_POINT('',(0.133,-0.44445605508514,0.5));
#16348=CARTESIAN_POINT('',(0.167,0.01,0.5));
#16349=CARTESIAN_POINT('',(0.183,-0.44445605508514,0.5));
#16350=CARTESIAN_POINT('',(0.217,0.01,0.5));
#16351=CARTESIAN_POINT('',(0.267,0.01,0.5));
#16352=CARTESIAN_POINT('',(0.233,-0.44445605508514,0.5));
#16353=CARTESIAN_POINT('',(0.,0.,0.));
#16354=MECHANICAL_DESIGN_GEOMETRIC_PRESENTATION_REPRESENTATION('',(#10299,
#10300,#10301),#16355);
#16355=(
GEOMETRIC_REPRESENTATION_CONTEXT(3)
GLOBAL_UNCERTAINTY_ASSIGNED_CONTEXT((#16359))
GLOBAL_UNIT_ASSIGNED_CONTEXT((#16365,#16364,#16363))
REPRESENTATION_CONTEXT('FTSH-112-01-L-DV-K','TOP_LEVEL_ASSEMBLY_PART')
);
#16356=(
GEOMETRIC_REPRESENTATION_CONTEXT(3)
GLOBAL_UNCERTAINTY_ASSIGNED_CONTEXT((#16360))
GLOBAL_UNIT_ASSIGNED_CONTEXT((#16365,#16364,#16363))
REPRESENTATION_CONTEXT('FTSH-112-01-L-DV-K_body','COMPONENT_PART')
);
#16357=(
GEOMETRIC_REPRESENTATION_CONTEXT(3)
GLOBAL_UNCERTAINTY_ASSIGNED_CONTEXT((#16361))
GLOBAL_UNIT_ASSIGNED_CONTEXT((#16365,#16364,#16363))
REPRESENTATION_CONTEXT('FTSH-112-01-L-DV-K_pins1','COMPONENT_PART')
);
#16358=(
GEOMETRIC_REPRESENTATION_CONTEXT(3)
GLOBAL_UNCERTAINTY_ASSIGNED_CONTEXT((#16362))
GLOBAL_UNIT_ASSIGNED_CONTEXT((#16365,#16364,#16363))
REPRESENTATION_CONTEXT('FTSH-112-01-L-DV-K_pins2','COMPONENT_PART')
);
#16359=UNCERTAINTY_MEASURE_WITH_UNIT(LENGTH_MEASURE(3.93700787401575E-7),
#16365,'DISTANCE_ACCURACY_VALUE','Maximum Tolerance applied to model');
#16360=UNCERTAINTY_MEASURE_WITH_UNIT(LENGTH_MEASURE(3.93700787401575E-7),
#16365,'DISTANCE_ACCURACY_VALUE','Maximum Tolerance applied to model');
#16361=UNCERTAINTY_MEASURE_WITH_UNIT(LENGTH_MEASURE(3.93700787401575E-7),
#16365,'DISTANCE_ACCURACY_VALUE','Maximum Tolerance applied to model');
#16362=UNCERTAINTY_MEASURE_WITH_UNIT(LENGTH_MEASURE(3.93700787401575E-7),
#16365,'DISTANCE_ACCURACY_VALUE','Maximum Tolerance applied to model');
#16363=(
NAMED_UNIT(*)
SI_UNIT($,.STERADIAN.)
SOLID_ANGLE_UNIT()
);
#16364=(
NAMED_UNIT(*)
PLANE_ANGLE_UNIT()
SI_UNIT($,.RADIAN.)
);
#16365=(
CONVERSION_BASED_UNIT('INCH',#16367)
LENGTH_UNIT()
NAMED_UNIT(#16366)
);
#16366=DIMENSIONAL_EXPONENTS(1.,0.,0.,0.,0.,0.,0.);
#16367=LENGTH_MEASURE_WITH_UNIT(LENGTH_MEASURE(25.4),#16368);
#16368=(
LENGTH_UNIT()
NAMED_UNIT(*)
SI_UNIT(.MILLI.,.METRE.)
);
#16369=PRODUCT_DEFINITION_SHAPE('','',#16376);
#16370=PRODUCT_DEFINITION_SHAPE('','',#16377);
#16371=PRODUCT_DEFINITION_SHAPE(' ','NAUO PRDDFN',#93);
#16372=PRODUCT_DEFINITION_SHAPE('','',#16378);
#16373=PRODUCT_DEFINITION_SHAPE(' ','NAUO PRDDFN',#94);
#16374=PRODUCT_DEFINITION_SHAPE('','',#16379);
#16375=PRODUCT_DEFINITION_SHAPE(' ','NAUO PRDDFN',#95);
#16376=PRODUCT_DEFINITION('','',#16384,#16380);
#16377=PRODUCT_DEFINITION('','',#16385,#16381);
#16378=PRODUCT_DEFINITION('','',#16386,#16382);
#16379=PRODUCT_DEFINITION('','',#16387,#16383);
#16380=PRODUCT_DEFINITION_CONTEXT('',#16405,'design');
#16381=PRODUCT_DEFINITION_CONTEXT('',#16405,'design');
#16382=PRODUCT_DEFINITION_CONTEXT('',#16405,'design');
#16383=PRODUCT_DEFINITION_CONTEXT('',#16405,'design');
#16384=PRODUCT_DEFINITION_FORMATION_WITH_SPECIFIED_SOURCE('','',#16392,
 .NOT_KNOWN.);
#16385=PRODUCT_DEFINITION_FORMATION_WITH_SPECIFIED_SOURCE('','',#16393,
 .NOT_KNOWN.);
#16386=PRODUCT_DEFINITION_FORMATION_WITH_SPECIFIED_SOURCE('','',#16394,
 .NOT_KNOWN.);
#16387=PRODUCT_DEFINITION_FORMATION_WITH_SPECIFIED_SOURCE('','',#16395,
 .NOT_KNOWN.);
#16388=PRODUCT_RELATED_PRODUCT_CATEGORY('','',(#16392));
#16389=PRODUCT_RELATED_PRODUCT_CATEGORY('','',(#16393));
#16390=PRODUCT_RELATED_PRODUCT_CATEGORY('','',(#16394));
#16391=PRODUCT_RELATED_PRODUCT_CATEGORY('','',(#16395));
#16392=PRODUCT('FTSH-112-01-L-DV-K','FTSH-112-01-L-DV-K',
'FTSH-112-01-L-DV-K',(#16400));
#16393=PRODUCT('FTSH-112-01-L-DV-K_body','FTSH-112-01-L-DV-K_body',
'FTSH-112-01-L-DV-K_body',(#16401));
#16394=PRODUCT('FTSH-112-01-L-DV-K_pins1','FTSH-112-01-L-DV-K_pins1',
'FTSH-112-01-L-DV-K_pins1',(#16402));
#16395=PRODUCT('FTSH-112-01-L-DV-K_pins2','FTSH-112-01-L-DV-K_pins2',
'FTSH-112-01-L-DV-K_pins2',(#16403));
#16396=PRODUCT_CATEGORY('','');
#16397=PRODUCT_CATEGORY('','');
#16398=PRODUCT_CATEGORY('','');
#16399=PRODUCT_CATEGORY('','');
#16400=PRODUCT_CONTEXT('',#16405,'mechanical');
#16401=PRODUCT_CONTEXT('',#16405,'mechanical');
#16402=PRODUCT_CONTEXT('',#16405,'mechanical');
#16403=PRODUCT_CONTEXT('',#16405,'mechanical');
#16404=APPLICATION_PROTOCOL_DEFINITION('international standard',
'automotive_design',2010,#16405);
#16405=APPLICATION_CONTEXT(
'core data for automotive mechanical design processes');
ENDSEC;
END-ISO-10303-21;
